Es,Sx,Sxx,Sy,Syy,PQ-10,PQ-9,PQ-8,PQ-7,PQ-6,PQ-5,PQ-4,PQ-3,PQ-2,PQ-1,PQ0
(0.0016143436509134127+0j),[7.25320446e-16],[1.],[0.08029218],[1.],"(array([0.00905744]), array([1.67225434e-16]))","(array([0.]), array([0.]))","(array([0.]), array([0.]))","(array([0.]), array([0.]))","(array([0.]), array([0.]))","(array([0.]), array([0.]))","(array([0.]), array([0.]))","(array([0.]), array([0.]))","(array([0.]), array([0.]))","(array([0.]), array([0.]))","(array([0.00452872]), array([-0.00784397]))"
(0.007088675353428473+0j),[8.76625199e-16],[1.],[0.16777122],[1.],"(array([0.02798649]), array([1.70440879e-16]))","(array([-5.91269447e-35]), array([-1.62607831e-35]))","(array([-1.07510663e-45]), array([9.84138844e-29]))","(array([0.]), array([0.]))","(array([0.]), array([0.]))","(array([0.]), array([0.]))","(array([0.]), array([0.]))","(array([0.]), array([0.]))","(array([0.]), array([0.]))","(array([0.00452872]), array([-0.00784397]))","(array([0.01399324]), array([-0.02423701]))"
(0.01736129934975911+0j),[1.44864294e-15],[1.],[0.2611102],[1.],"(array([0.04839276]), array([2.62779119e-16]))","(array([-3.73257802e-22]), array([-1.64669227e-23]))","(array([-1.1391407e-22]), array([7.44410298e-22]))","(array([1.92298557e-22]), array([5.3187509e-23]))","(array([-1.02798676e-22]), array([-3.60913593e-22]))","(array([-6.48319438e-23]), array([2.24939799e-22]))","(array([1.88746965e-25]), array([-1.41925617e-25]))","(array([1.78726296e-25]), array([6.85649629e-25]))","(array([0.00452872]), array([-0.00784397]))","(array([0.01399324]), array([-0.02423701]))","(array([0.02419638]), array([-0.04190936]))"
(0.033103055609846804+0j),[-6.11751017e-15],[1.],[0.35739751],[1.],"(array([0.06979738]), array([-1.62578531e-15]))","(array([-9.9677356e-23]), array([7.3586801e-22]))","(array([1.81800804e-22]), array([-2.38998896e-23]))","(array([-1.02256669e-22]), array([-4.19697187e-22]))","(array([-5.80081361e-23]), array([1.69526194e-22]))","(array([1.44964825e-24]), array([2.25686902e-23]))","(array([6.83558045e-24]), array([1.03965703e-22]))","(array([0.00452872]), array([-0.00784397]))","(array([0.01399324]), array([-0.02423701]))","(array([0.02419638]), array([-0.04190936]))","(array([0.03489869]), array([-0.0604463]))"
(0.05451253704688949+0j),[-1.00157406e-14],[1.],[0.45294815],[1.],"(array([0.09145369]), array([-2.65345915e-15]))","(array([7.95726548e-23]), array([6.09291317e-22]))","(array([2.5821381e-23]), array([-1.96916057e-22]))","(array([-1.66303949e-22]), array([3.23835175e-22]))","(array([5.02924004e-22]), array([-2.04921798e-21]))","(array([-8.82792867e-21]), array([2.29545116e-21]))","(array([0.00452872]), array([-0.00784397]))","(array([0.01399324]), array([-0.02423701]))","(array([0.02419638]), array([-0.04190936]))","(array([0.03489869]), array([-0.0604463]))","(array([0.04572685]), array([-0.07920122]))"
(0.081260956342036+0j),[-1.31905652e-14],[1.],[0.54401484],[1.],"(array([0.11251993]), array([-2.62316024e-15]))","(array([-1.90582488e-21]), array([-1.32514763e-20]))","(array([-1.1620737e-21]), array([-1.58330491e-20]))","(array([2.53999586e-21]), array([4.60254188e-21]))","(array([-8.80836298e-21]), array([6.13917893e-21]))","(array([0.00452872]), array([-0.00784397]))","(array([0.01399324]), array([-0.02423701]))","(array([0.02419638]), array([-0.04190936]))","(array([0.03489869]), array([-0.0604463]))","(array([0.04572685]), array([-0.07920122]))","(array([0.05625997]), array([-0.09744512]))"
(0.11254704686969515+0j),[-8.60705239e-15],[1.],[0.62727669],[1.],"(array([0.13219554]), array([-2.90044906e-15]))","(array([1.36957479e-20]), array([-1.43637885e-21]))","(array([7.09037524e-21]), array([1.87835604e-20]))","(array([-1.67810233e-20]), array([1.17869444e-21]))","(array([0.00452872]), array([-0.00784397]))","(array([0.01399324]), array([-0.02423701]))","(array([0.02419638]), array([-0.04190936]))","(array([0.03489869]), array([-0.0604463]))","(array([0.04572685]), array([-0.07920122]))","(array([0.05625997]), array([-0.09744512]))","(array([0.06609777]), array([-0.11448469]))"
(0.1472128452290695+0j),[-3.02861771e-15],[1.],[0.70012812],[1.],"(array([0.14980954]), array([-1.2650975e-15]))","(array([1.20851734e-19]), array([-2.85399205e-19]))","(array([-2.94022533e-20]), array([4.17325381e-20]))","(array([0.00452872]), array([-0.00784397]))","(array([0.01399324]), array([-0.02423701]))","(array([0.02419638]), array([-0.04190936]))","(array([0.03489869]), array([-0.0604463]))","(array([0.04572685]), array([-0.07920122]))","(array([0.05625997]), array([-0.09744512]))","(array([0.06609777]), array([-0.11448469]))","(array([0.07490477]), array([-0.12973887]))"
(0.18388462104324588+0j),[-7.21732082e-15],[1.],[0.76081821],[1.],"(array([0.16486923]), array([-1.7143684e-15]))","(array([-1.01817119e-18]), array([1.56477652e-19]))","(array([0.00452872]), array([-0.00784397]))","(array([0.01399324]), array([-0.02423701]))","(array([0.02419638]), array([-0.04190936]))","(array([0.03489869]), array([-0.06044631]))","(array([0.04572685]), array([-0.07920123]))","(array([0.05625997]), array([-0.09744512]))","(array([0.06609777]), array([-0.1144847]))","(array([0.07490477]), array([-0.12973887]))","(array([0.08243461]), array([-0.14278094]))"
(0.2211184123611061+0j),[-9.00929806e-15],[1.],[0.80848197],[1.],"(array([0.17707944]), array([-1.34032024e-15]))","(array([0.00452872]), array([-0.00784397]))","(array([0.01399325]), array([-0.02423701]))","(array([0.02419638]), array([-0.04190937]))","(array([0.0348987]), array([-0.06044631]))","(array([0.04572685]), array([-0.07920124]))","(array([0.05625997]), array([-0.09744513]))","(array([0.06609778]), array([-0.11448471]))","(array([0.07490478]), array([-0.12973888]))","(array([0.08243462]), array([-0.14278095]))","(array([0.08853972]), array([-0.15335529]))"
(0.25711286226910046+0j),[0.00091959],[1.],[0.84261607],[1.],"(array([0.19081238]), array([-0.00773859]))","(array([0.01399325]), array([-0.02423702]))","(array([0.02419639]), array([-0.04190938]))","(array([0.0348987]), array([-0.06044633]))","(array([0.04572687]), array([-0.07920126]))","(array([0.05625999]), array([-0.09744516]))","(array([0.06609779]), array([-0.11448473]))","(array([0.07490479]), array([-0.1297389]))","(array([0.08243463]), array([-0.14278097]))","(array([0.08853973]), array([-0.15335531]))","(array([0.0932331]), array([-0.1612737]))"
(0.29016634623252646+0j),[0.00343589],[1.],[0.86369314],[1.],"(array([0.20647368]), array([-0.02374125]))","(array([0.0241964]), array([-0.0419094]))","(array([0.03489873]), array([-0.06044637]))","(array([0.0457269]), array([-0.07920131]))","(array([0.05626002]), array([-0.09744522]))","(array([0.06609782]), array([-0.11448479]))","(array([0.07490482]), array([-0.12973896]))","(array([0.08243466]), array([-0.14278103]))","(array([0.08853976]), array([-0.15335537]))","(array([0.09323312]), array([-0.16127374]))","(array([0.09666959]), array([-0.16644512]))"
(0.31926822666104526+0j),[0.00730012],[1.],[0.87332632],[1.],"(array([0.22010737]), array([-0.04069182]))","(array([0.03489874]), array([-0.06044639]))","(array([0.04572692]), array([-0.07920135]))","(array([0.05626006]), array([-0.09744528]))","(array([0.06609786]), array([-0.11448486]))","(array([0.07490487]), array([-0.12973904]))","(array([0.08243472]), array([-0.14278112]))","(array([0.08853982]), array([-0.15335547]))","(array([0.09323318]), array([-0.16127384]))","(array([0.09666963]), array([-0.1664452]))","(array([0.09901]), array([-0.16905529]))"
(0.3437974755246086+0j),[0.01228007],[1.],[0.87342783],[1.],"(array([0.23187454]), array([-0.05822992]))","(array([0.04572695]), array([-0.07920141]))","(array([0.05626011]), array([-0.09744537]))","(array([0.06609793]), array([-0.11448497]))","(array([0.07490494]), array([-0.12973917]))","(array([0.08243482]), array([-0.1427813]))","(array([0.08853994]), array([-0.15335567]))","(array([0.09323329]), array([-0.16127403]))","(array([0.09666973]), array([-0.16644538]))","(array([0.0990101]), array([-0.16905545]))","(array([0.10040756]), array([-0.16947825]))"
(0.36354880832141395+0j),[0.01814036],[1.],[0.86600634],[1.],"(array([0.24184655]), array([-0.07576168]))","(array([0.05626017]), array([-0.09744548]))","(array([0.06609802]), array([-0.11448513]))","(array([0.07490506]), array([-0.12973936]))","(array([0.08243496]), array([-0.14278155]))","(array([0.08854011]), array([-0.15335597]))","(array([0.09323346]), array([-0.16127433]))","(array([0.09666989]), array([-0.16644567]))","(array([0.09901024]), array([-0.16905571]))","(array([0.10040769]), array([-0.16947849]))","(array([0.10103892]), array([-0.16812548]))"
(0.37873386084224037+0j),[0.02465372],[1.],[0.85301232],[1.],"(array([0.25005086]), array([-0.09261005]))","(array([0.06609813]), array([-0.11448531]))","(array([0.0749052]), array([-0.1297396]))","(array([0.08243512]), array([-0.14278183]))","(array([0.0885403]), array([-0.15335633]))","(array([0.09323367]), array([-0.16127473]))","(array([0.0966701]), array([-0.16644605]))","(array([0.09901044]), array([-0.16905606]))","(array([0.10040787]), array([-0.16947882]))","(array([0.10103909]), array([-0.16812579]))","(array([0.10108328]), array([-0.16541116]))"
(0.38996219082336536+0j),[0.03163936],[1.],[0.83624569],[1.],"(array([0.25651124]), array([-0.10812717]))","(array([0.07490536]), array([-0.12973987]))","(array([0.08243532]), array([-0.14278216]))","(array([0.08854051]), array([-0.1533567]))","(array([0.09323392]), array([-0.16127516]))","(array([0.09667037]), array([-0.16644653]))","(array([0.09901069]), array([-0.16905651]))","(array([0.10040811]), array([-0.16947923]))","(array([0.10103932]), array([-0.16812619]))","(array([0.1010835]), array([-0.16541156]))","(array([0.10071333]), array([-0.16172527]))"
(0.39817588462830966+0j),[0.03889459],[1.],[0.81727889],[1.],"(array([0.26127288]), array([-0.12177462]))","(array([0.08243553]), array([-0.14278253]))","(array([0.08854074]), array([-0.15335709]))","(array([0.09323417]), array([-0.1612756]))","(array([0.09667066]), array([-0.16644704]))","(array([0.099011]), array([-0.16905706]))","(array([0.1004084]), array([-0.16947974]))","(array([0.10103959]), array([-0.16812665]))","(array([0.10108377]), array([-0.16541202]))","(array([0.10071359]), array([-0.16172574]))","(array([0.10008246]), array([-0.15741875]))"
(0.4044858599912469+0j),[0.04612818],[1.],[0.79734416],[1.],"(array([0.26440518]), array([-0.13318107]))","(array([0.08854102]), array([-0.15335757]))","(array([0.09323445]), array([-0.16127608]))","(array([0.09667095]), array([-0.16644755]))","(array([0.09901132]), array([-0.16905763]))","(array([0.10040875]), array([-0.16948034]))","(array([0.10103993]), array([-0.1681272]))","(array([0.10108408]), array([-0.16541251]))","(array([0.1007139]), array([-0.16172625]))","(array([0.10008277]), array([-0.15741927]))","(array([0.09930065]), array([-0.1527927]))"
(0.40995285016849936+0j),[0.05293763],[1.],[0.777273],[1.],"(array([0.26599232]), array([-0.14216914]))","(array([0.09323483]), array([-0.1612767]))","(array([0.09667132]), array([-0.16644814]))","(array([0.09901169]), array([-0.16905825]))","(array([0.10040914]), array([-0.16948101]))","(array([0.10104032]), array([-0.16812787]))","(array([0.10108447]), array([-0.16541313]))","(array([0.10071426]), array([-0.16172681]))","(array([0.10008313]), array([-0.15741986]))","(array([0.09930101]), array([-0.1527933]))","(array([0.09841603]), array([-0.14808695]))"
(0.415357677402244+0j),[0.05894488],[1.],[0.75752695],[1.],"(array([0.26619212]), array([-0.14863865]))","(array([0.0966718]), array([-0.16644894]))","(array([0.09901215]), array([-0.16905898]))","(array([0.10040959]), array([-0.16948175]))","(array([0.1010408]), array([-0.16812866]))","(array([0.10108493]), array([-0.16541389]))","(array([0.10071471]), array([-0.16172749]))","(array([0.10008355]), array([-0.1574205]))","(array([0.09930144]), array([-0.15279398]))","(array([0.09841646]), array([-0.14808766]))","(array([0.09742474]), array([-0.14347099]))"
(0.4209627599289612+0j),[0.06370418],[1.],[0.73814282],[1.],"(array([0.26521368]), array([-0.15259266]))","(array([0.09901276]), array([-0.16905999]))","(array([0.10041015]), array([-0.16948264]))","(array([0.10104134]), array([-0.16812952]))","(array([0.1010855]), array([-0.16541478]))","(array([0.10071526]), array([-0.16172833]))","(array([0.10008408]), array([-0.15742124]))","(array([0.09930194]), array([-0.1527947]))","(array([0.09841698]), array([-0.14808844]))","(array([0.09742526]), array([-0.1434718]))","(array([0.09627242]), array([-0.13903883]))"
(0.42652104548274244+0j),[0.06683333],[1.],[0.71892538],[1.],"(array([0.26319812]), array([-0.15431151]))","(array([0.10041089]), array([-0.16948392]))","(array([0.10104201]), array([-0.16813061]))","(array([0.10108614]), array([-0.16541578]))","(array([0.10071592]), array([-0.16172932]))","(array([0.10008473]), array([-0.15742217]))","(array([0.09930257]), array([-0.15279553]))","(array([0.09841758]), array([-0.14808926]))","(array([0.09742588]), array([-0.1434727]))","(array([0.09627304]), array([-0.13903977]))","(array([0.09486725]), array([-0.13482069]))"
(0.4315065680620771+0j),[0.06810174],[1.],[0.69968388],[1.],"(array([0.26025413]), array([-0.15423916]))","(array([0.10104294]), array([-0.16813223]))","(array([0.10108695]), array([-0.1654171]))","(array([0.10071669]), array([-0.16173049]))","(array([0.10008551]), array([-0.1574233]))","(array([0.09930334]), array([-0.15279657]))","(array([0.09841833]), array([-0.14809019]))","(array([0.09742661]), array([-0.14347366]))","(array([0.09627379]), array([-0.13904083]))","(array([0.09486801]), array([-0.13482182]))","(array([0.09312644]), array([-0.13081292]))"
(0.43539654587955967+0j),[0.06744779],[1.],[0.68040045],[1.],"(array([0.25653502]), array([-0.15282014]))","(array([0.10108811]), array([-0.16541917]))","(array([0.10071768]), array([-0.16173212]))","(array([0.10008642]), array([-0.15742468]))","(array([0.09930425]), array([-0.15279785]))","(array([0.09841924]), array([-0.14809137]))","(array([0.09742752]), array([-0.14347474]))","(array([0.09627469]), array([-0.13904199]))","(array([0.09486892]), array([-0.13482309]))","(array([0.09312736]), array([-0.13081428]))","(array([0.09100966]), array([-0.1270117]))"
(0.4378492394752956+0j),[0.06495848],[1.],[0.66126164],[1.],"(array([0.25223991]), array([-0.15046534]))","(array([0.1007191]), array([-0.16173472]))","(array([0.10008762]), array([-0.15742666]))","(array([0.09930533]), array([-0.15279948]))","(array([0.09842032]), array([-0.14809284]))","(array([0.0974286]), array([-0.14347608]))","(array([0.09627579]), array([-0.13904324]))","(array([0.09487003]), array([-0.1348245]))","(array([0.09312847]), array([-0.13081582]))","(array([0.09101075]), array([-0.12701334]))","(array([0.08852973]), array([-0.12343254]))"
(0.43875334358306256+0j),[0.06082566],[1.],[0.64260454],[1.],"(array([0.24760155]), array([-0.14753251]))","(array([0.10008933]), array([-0.15742988]))","(array([0.09930677]), array([-0.15280186]))","(array([0.0984216]), array([-0.14809474]))","(array([0.09742987]), array([-0.14347775]))","(array([0.09627708]), array([-0.13904476]))","(array([0.09487135]), array([-0.13482597]))","(array([0.09312982]), array([-0.13081751]))","(array([0.09101208]), array([-0.12701518]))","(array([0.08853102]), array([-0.1234345]))","(array([0.08574458]), array([-0.12011136]))"
(0.4382018589183983+0j),[0.05530135],[1.],[0.62483486],[1.],"(array([0.24285789]), array([-0.14432177]))","(array([0.09930878]), array([-0.15280572]))","(array([0.09842326]), array([-0.14809752]))","(array([0.09743134]), array([-0.1434799]))","(array([0.09627854]), array([-0.13904662]))","(array([0.09487286]), array([-0.13482765]))","(array([0.09313139]), array([-0.13081922]))","(array([0.09101368]), array([-0.12701718]))","(array([0.08853256]), array([-0.12343665]))","(array([0.08574606]), array([-0.12011364]))","(array([0.08274051]), array([-0.11709596]))"
(0.4364374293554318+0j),[0.04865356],[1.],[0.6083544],[1.],"(array([0.23821035]), array([-0.14107486]))","(array([0.09842555]), array([-0.14810198]))","(array([0.09743322]), array([-0.14348305]))","(array([0.09628019]), array([-0.13904899]))","(array([0.0948745]), array([-0.13482966]))","(array([0.0931331]), array([-0.13082105]))","(array([0.0910155]), array([-0.12701915]))","(array([0.08853441]), array([-0.12343895]))","(array([0.08574779]), array([-0.12011608]))","(array([0.08274214]), array([-0.11709853]))","(array([0.0796146]), array([-0.11443596]))"
(0.4337950311568017+0j),[0.04113041],[1.],[0.59351228],[1.],"(array([0.23379188]), array([-0.13797285]))","(array([0.09743572]), array([-0.14348803]))","(array([0.09628223]), array([-0.13905243]))","(array([0.0948763]), array([-0.13483219]))","(array([0.0931349]), array([-0.13082315]))","(array([0.09101741]), array([-0.12702107]))","(array([0.08853645]), array([-0.12344114]))","(array([0.08574984]), array([-0.12011862]))","(array([0.08274403]), array([-0.1171012]))","(array([0.07961635]), array([-0.11443876]))","(array([0.0764601]), array([-0.11217555]))"
(0.4306481693428574+0j),[0.03293755],[1.],[0.58057285],[1.],"(array([0.22966772]), array([-0.1351337]))","(array([0.09628487]), array([-0.13905779]))","(array([0.09487844]), array([-0.13483582]))","(array([0.0931368]), array([-0.13082576]))","(array([0.09101933]), array([-0.1270232]))","(array([0.08853853]), array([-0.12344314]))","(array([0.08575209]), array([-0.12012099]))","(array([0.08274624]), array([-0.11710392]))","(array([0.07961835]), array([-0.11444159]))","(array([0.07646191]), array([-0.1121785]))","(array([0.07335608]), array([-0.11034899]))"
(0.4273614189712861+0j),[0.02422978],[1.],[0.56969293],[1.],"(array([0.2258309]), array([-0.13261077]))","(array([0.09488115]), array([-0.13484145]))","(array([0.09313898]), array([-0.13082951]))","(array([0.09102128]), array([-0.12702584]))","(array([0.08854053]), array([-0.12344525]))","(array([0.0857543]), array([-0.12012304]))","(array([0.08274865]), array([-0.11710644]))","(array([0.07962069]), array([-0.11444444]))","(array([0.07646399]), array([-0.11218144]))","(array([0.07335793]), array([-0.11035204]))","(array([0.07036145]), array([-0.10897705]))"
(0.42424990116064315+0j),[0.01511527],[1.],[0.56090605],[1.],"(array([0.22221088]), array([-0.13040486]))","(array([0.0931417]), array([-0.13083533]))","(array([0.09102346]), array([-0.12702967]))","(array([0.08854251]), array([-0.12344788]))","(array([0.08575637]), array([-0.12012512]))","(array([0.08275099]), array([-0.11710852]))","(array([0.07962323]), array([-0.11444706]))","(array([0.07646642]), array([-0.11218438]))","(array([0.07336006]), array([-0.11035504]))","(array([0.07036332]), array([-0.10898016]))","(array([0.06751234]), array([-0.10806345]))"
(0.42154621054156227+0j),[0.00566914],[1.],[0.55411705],[1.],"(array([0.21871758]), array([-0.12849202]))","(array([0.09102613]), array([-0.12703564]))","(array([0.08854466]), array([-0.12345177]))","(array([0.08575835]), array([-0.12012773]))","(array([0.0827531]), array([-0.11711056]))","(array([0.07962568]), array([-0.11444919]))","(array([0.07646908]), array([-0.1121871]))","(array([0.07336259]), array([-0.11035806]))","(array([0.0703655]), array([-0.10898322]))","(array([0.06751422]), array([-0.10806661]))","(array([0.06482271]), array([-0.10759176]))"
(0.4193765744679173+0j),[-0.0040484],[1.],[0.54911219],[1.],"(array([0.2152754]), array([-0.12685363]))","(array([0.08854722]), array([-0.12345787]))","(array([0.08576044]), array([-0.1201317]))","(array([0.08275506]), array([-0.11711317]))","(array([0.07962784]), array([-0.11445119]))","(array([0.07647164]), array([-0.11218927]))","(array([0.07336536]), array([-0.11036088]))","(array([0.0703681]), array([-0.10898632]))","(array([0.06751643]), array([-0.10806973]))","(array([0.0648246]), array([-0.10759496]))","(array([0.06228782]), array([-0.10752401]))"
(0.41773893002566514+0j),[-0.01397383],[1.],[0.54558219],[1.],"(array([0.21183763]), array([-0.12549161]))","(array([0.08576286]), array([-0.12013791]))","(array([0.08275707]), array([-0.11711721]))","(array([0.07962977]), array([-0.11445379]))","(array([0.07647383]), array([-0.11219125]))","(array([0.07336801]), array([-0.11036313]))","(array([0.07037098]), array([-0.10898925]))","(array([0.0675191]), array([-0.10807292]))","(array([0.06482683]), array([-0.10759814]))","(array([0.06228969]), array([-0.10752726]))","(array([0.0598897]), array([-0.10780186]))"
(0.41646889086118183+0j),[-0.02402467],[1.],[0.54315046],[1.],"(array([0.2083842]), array([-0.12442564]))","(array([0.08275931]), array([-0.11712349]))","(array([0.07963167]), array([-0.11445793]))","(array([0.07647572]), array([-0.11219386]))","(array([0.07337024]), array([-0.1103651]))","(array([0.07037374]), array([-0.1089916]))","(array([0.06752208]), array([-0.10807599]))","(array([0.06482955]), array([-0.10760144]))","(array([0.06229192]), array([-0.1075305]))","(array([0.05989151]), array([-0.10780515]))","(array([0.05760337]), array([-0.10834969]))"
(0.41520259266920895+0j),[-0.0340866],[1.],[0.54140957],[1.],"(array([0.20491232]), array([-0.12368147]))","(array([0.07963368]), array([-0.11446416]))","(array([0.07647749]), array([-0.11219805]))","(array([0.07337206]), array([-0.1103677]))","(array([0.07037599]), array([-0.10899358]))","(array([0.06752494]), array([-0.10807847]))","(array([0.06483261]), array([-0.10760468]))","(array([0.06229466]), array([-0.10753391]))","(array([0.0598937]), array([-0.10780843]))","(array([0.05760508]), array([-0.10835297]))","(array([0.05540332]), array([-0.10907934]))"
(0.41340958009453377+0j),[-0.04400604],[1.],[0.53999142],[1.],"(array([0.20143133]), array([-0.1232784]))","(array([0.07647922]), array([-0.11220404]))","(array([0.07337366]), array([-0.11037186]))","(array([0.07037773]), array([-0.10899613]))","(array([0.06752721]), array([-0.10808048]))","(array([0.06483554]), array([-0.10760732]))","(array([0.06229777]), array([-0.10753731]))","(array([0.05989642]), array([-0.10781191]))","(array([0.05760718]), array([-0.10835623]))","(array([0.05540488]), array([-0.10908253]))","(array([0.05327181]), array([-0.10989966]))"
(0.41056785764929005+0j),[-0.05359474],[1.],[0.53867469],[1.],"(array([0.19796855]), array([-0.1232216]))","(array([0.07337512]), array([-0.11037738]))","(array([0.07037911]), array([-0.10900014]))","(array([0.06752883]), array([-0.10808292]))","(array([0.06483782]), array([-0.10760936]))","(array([0.06230074]), array([-0.10754013]))","(array([0.05989952]), array([-0.10781547]))","(array([0.05760982]), array([-0.10835975]))","(array([0.05540684]), array([-0.10908571]))","(array([0.05327316]), array([-0.10990267]))","(array([0.05120954]), array([-0.11073409]))"
(0.40637096791158794+0j),[-0.06264905],[1.],[0.53744489],[1.],"(array([0.19457776]), array([-0.12350039]))","(array([0.07038032]), array([-0.10900499]))","(array([0.06752998]), array([-0.10808663]))","(array([0.0648393]), array([-0.10761164]))","(array([0.06230299]), array([-0.1075422]))","(array([0.05990247]), array([-0.10781845]))","(array([0.05761283]), array([-0.10836341]))","(array([0.05540933]), array([-0.10908919]))","(array([0.05327493]), array([-0.10990568]))","(array([0.05121067]), array([-0.11073682]))","(array([0.04924267]), array([-0.11153823]))"
(0.40079031816729316+0j),[-0.07097401],[1.],[0.53644337],[1.],"(array([0.19133329]), array([-0.12409003]))","(array([0.067531]), array([-0.10809076]))","(array([0.06484026]), array([-0.10761494]))","(array([0.06230434]), array([-0.1075443]))","(array([0.05990465]), array([-0.10782057]))","(array([0.05761568]), array([-0.10836652]))","(array([0.05541219]), array([-0.10909288]))","(array([0.05327725]), array([-0.10990906]))","(array([0.05121226]), array([-0.11073961]))","(array([0.04924361]), array([-0.11154065]))","(array([0.04741831]), array([-0.11230265]))"
(0.39400745195671294+0j),[-0.07840035],[1.],[0.53586889],[1.],"(array([0.18831004]), array([-0.12495306]))","(array([0.06484115]), array([-0.10761848]))","(array([0.06230514]), array([-0.10754718]))","(array([0.05990589]), array([-0.10782249]))","(array([0.05761775]), array([-0.10836869]))","(array([0.05541487]), array([-0.10909607]))","(array([0.0532799]), array([-0.10991271]))","(array([0.0512144]), array([-0.11074285]))","(array([0.04924506]), array([-0.11154324]))","(array([0.04741915]), array([-0.11230481]))","(array([0.04579168]), array([-0.11304023]))"
(0.3863170461932591+0j),[-0.08479147],[1.],[0.535905],[1.],"(array([0.18556494]), array([-0.12603876]))","(array([0.06230596]), array([-0.10755035]))","(array([0.05990659]), array([-0.10782503]))","(array([0.0576189]), array([-0.10837047]))","(array([0.05541679]), array([-0.10909828]))","(array([0.05328234]), array([-0.10991591]))","(array([0.0512168]), array([-0.1107464]))","(array([0.04924703]), array([-0.11154634]))","(array([0.04742052]), array([-0.11230723]))","(array([0.04579251]), array([-0.11304221]))","(array([0.0444142]), array([-0.1137709]))"
(0.3780482081397795+0j),[-0.09004324],[1.],[0.53668442],[1.],"(array([0.1831284]), array([-0.12728235]))","(array([0.05990736]), array([-0.10782806]))","(array([0.05761957]), array([-0.10837277]))","(array([0.05541786]), array([-0.10909996]))","(array([0.05328407]), array([-0.10991811]))","(array([0.05121896]), array([-0.11074954]))","(array([0.04924918]), array([-0.11154973]))","(array([0.04742233]), array([-0.1123102]))","(array([0.04579385]), array([-0.11304456]))","(array([0.0444151]), array([-0.11377282]))","(array([0.0433269]), array([-0.11451166]))"
(0.3695089856467116+0j),[-0.0940796],[1.],[0.5382735],[1.],"(array([0.18100429]), array([-0.12860537]))","(array([0.05762028]), array([-0.10837583]))","(array([0.05541851]), array([-0.10910209]))","(array([0.05328505]), array([-0.10991972]))","(array([0.05122044]), array([-0.11075163]))","(array([0.04925101]), array([-0.11155267]))","(array([0.0474242]), array([-0.11231338]))","(array([0.04579551]), array([-0.11304739]))","(array([0.04441644]), array([-0.11377515]))","(array([0.04332793]), array([-0.11451363]))","(array([0.04255822]), array([-0.11527148]))"
(0.36094946748811074+0j),[-0.09684672],[1.],[0.54066284],[1.],"(array([0.17917354]), array([-0.12991764]))","(array([0.05541918]), array([-0.10910517]))","(array([0.05328569]), array([-0.10992171]))","(array([0.05122134]), array([-0.11075314]))","(array([0.04925223]), array([-0.11155452]))","(array([0.04742568]), array([-0.11231595]))","(array([0.0457971]), array([-0.11305024]))","(array([0.04441794]), array([-0.11377779]))","(array([0.04332925]), array([-0.11451593]))","(array([0.04255935]), array([-0.11527353]))","(array([0.04212361]), array([-0.11604833]))"
(0.3525407293661098+0j),[-0.09830917],[1.],[0.54376126],[1.],"(array([0.17759891]), array([-0.13112098]))","(array([0.05328634]), array([-0.10992455]))","(array([0.05122195]), array([-0.11075495]))","(array([0.04925305]), array([-0.1115559]))","(array([0.04742673]), array([-0.11231748]))","(array([0.0457983]), array([-0.11305231]))","(array([0.04441929]), array([-0.11378017]))","(array([0.04333061]), array([-0.11451824]))","(array([0.04256062]), array([-0.11527565]))","(array([0.04212478]), array([-0.1160503]))","(array([0.04202569]), array([-0.11682713]))"
(0.3443689552865833+0j),[-0.09845091],[1.],[0.54739857],[1.],"(array([0.17623291]), array([-0.13211854]))","(array([0.05122255]), array([-0.11075735]))","(array([0.04925358]), array([-0.11155749]))","(array([0.04742744]), array([-0.11231872]))","(array([0.04579922]), array([-0.11305356]))","(array([0.04442032]), array([-0.11378176]))","(array([0.04333178]), array([-0.11452013]))","(array([0.04256183]), array([-0.11527754]))","(array([0.04212593]), array([-0.11605209]))","(array([0.04202677]), array([-0.11682882]))","(array([0.04225433]), array([-0.1175794]))"
(0.3364437165370466+0j),[-0.09727914],[1.],[0.55134137],[1.],"(array([0.1750306]), array([-0.13283289]))","(array([0.04925411]), array([-0.11155947]))","(array([0.04742785]), array([-0.1123201]))","(array([0.04579979]), array([-0.11305467]))","(array([0.04442108]), array([-0.11378283]))","(array([0.04333265]), array([-0.11452138]))","(array([0.04256283]), array([-0.11527904]))","(array([0.04212697]), array([-0.11605362]))","(array([0.04202776]), array([-0.11683027]))","(array([0.04225526]), array([-0.11758076]))","(array([0.04278733]), array([-0.11826529]))"
(0.3287187030998683+0j),[-0.09482454],[1.],[0.55532318],[1.],"(array([0.17396181]), array([-0.13322425]))","(array([0.04742829]), array([-0.11232171]))","(array([0.0458001]), array([-0.11305587]))","(array([0.04442151]), array([-0.11378382]))","(array([0.04333325]), array([-0.11452231]))","(array([0.04256355]), array([-0.11528004]))","(array([0.04212781]), array([-0.1160548]))","(array([0.04202863]), array([-0.1168315]))","(array([0.04225608]), array([-0.11758192]))","(array([0.0427881]), array([-0.11826638]))","(array([0.0435926]), array([-0.11883821]))"
(0.32111990761917053+0j),[-0.09113271],[1.],[0.55908653],[1.],"(array([0.17301473]), array([-0.13329212]))","(array([0.04580044]), array([-0.11305716]))","(array([0.04442173]), array([-0.11378483]))","(array([0.04333357]), array([-0.11452317]))","(array([0.04256402]), array([-0.11528085]))","(array([0.04212838]), array([-0.11605562]))","(array([0.0420293]), array([-0.11683244]))","(array([0.0422568]), array([-0.1175829]))","(array([0.04278879]), array([-0.11826731]))","(array([0.04359325]), array([-0.11883907]))","(array([0.04463309]), array([-0.11925129]))"
(0.3135740719372964+0j),[-0.08625146],[1.],[0.5624203],[1.],"(array([0.17219193]), array([-0.13306005]))","(array([0.04442201]), array([-0.11378588]))","(array([0.04333374]), array([-0.11452403]))","(array([0.04256426]), array([-0.11528161]))","(array([0.04212875]), array([-0.11605634]))","(array([0.04202977]), array([-0.11683313]))","(array([0.04225734]), array([-0.11758366]))","(array([0.04278938]), array([-0.1182681]))","(array([0.04359382]), array([-0.11883982]))","(array([0.04463364]), array([-0.11925198]))","(array([0.04587334]), array([-0.11946406]))"
(0.30603336138229176+0j),[-0.08023005],[1.],[0.56518541],[1.],"(array([0.17150544]), array([-0.1325589]))","(array([0.04333398]), array([-0.1145249]))","(array([0.04256441]), array([-0.11528234]))","(array([0.04212895]), array([-0.116057]))","(array([0.04203007]), array([-0.11683376]))","(array([0.04225772]), array([-0.11758426]))","(array([0.04278982]), array([-0.11826872]))","(array([0.04359431]), array([-0.11884047]))","(array([0.04463412]), array([-0.1192526]))","(array([0.04587381]), array([-0.11946462]))","(array([0.04728428]), array([-0.11944775]))"
(0.29849983147385617+0j),[-0.07312302],[1.],[0.56733853],[1.],"(array([0.17097572]), array([-0.1318172]))","(array([0.04256462]), array([-0.11528307]))","(array([0.04212909]), array([-0.11605762]))","(array([0.04203025]), array([-0.11683433]))","(array([0.04225798]), array([-0.1175848]))","(array([0.04279014]), array([-0.11826923]))","(array([0.04359467]), array([-0.11884097]))","(array([0.04463452]), array([-0.11925313]))","(array([0.04587421]), array([-0.11946512]))","(array([0.04728467]), array([-0.11944821]))","(array([0.04884568]), array([-0.11919038]))"
(0.2910575258595606+0j),[-0.06499629],[1.],[0.56897133],[1.],"(array([0.1706365]), array([-0.13085716]))","(array([0.04212927]), array([-0.11605822]))","(array([0.04203037]), array([-0.11683485]))","(array([0.04225814]), array([-0.11758527]))","(array([0.04279035]), array([-0.11826968]))","(array([0.04359494]), array([-0.1188414]))","(array([0.04463483]), array([-0.11925353]))","(array([0.04587454]), array([-0.11946554]))","(array([0.047285]), array([-0.11944862]))","(array([0.048846]), array([-0.11919075]))","(array([0.0505487]), array([-0.11870335]))"
(0.28391513520801015+0j),[-0.05593783],[1.],[0.57037124],[1.],"(array([0.1705459]), array([-0.12969367]))","(array([0.04203053]), array([-0.11683535]))","(array([0.04225824]), array([-0.1175857]))","(array([0.04279048]), array([-0.11827006]))","(array([0.04359511]), array([-0.11884176]))","(array([0.04463505]), array([-0.11925388]))","(array([0.0458748]), array([-0.11946587]))","(array([0.04728528]), array([-0.11944896]))","(array([0.04884627]), array([-0.11919108]))","(array([0.05054897]), array([-0.11870366]))","(array([0.05239996]), array([-0.11803224]))"
(0.2774473976312013+0j),[-0.04607463],[1.],[0.57208533],[1.],"(array([0.17080061]), array([-0.12833563]))","(array([0.04225836]), array([-0.11758611]))","(array([0.04279056]), array([-0.11827042]))","(array([0.04359522]), array([-0.11884207]))","(array([0.04463519]), array([-0.11925417]))","(array([0.04587498]), array([-0.11946614]))","(array([0.0472855]), array([-0.11944921]))","(array([0.04884651]), array([-0.11919135]))","(array([0.0505492]), array([-0.11870392]))","(array([0.05240018]), array([-0.11803249]))","(array([0.05442579]), array([-0.11727049]))"
(0.27220513281025444+0j),[-0.03559058],[1.],[0.57493154],[1.],"(array([0.17154468]), array([-0.12678947]))","(array([0.04279067]), array([-0.11827076]))","(array([0.04359529]), array([-0.11884237]))","(array([0.04463528]), array([-0.11925443]))","(array([0.04587511]), array([-0.11946638]))","(array([0.04728566]), array([-0.11944943]))","(array([0.0488467]), array([-0.11919155]))","(array([0.05054941]), array([-0.11870413]))","(array([0.05240039]), array([-0.1180327]))","(array([0.05442598]), array([-0.11727069]))","(array([0.0566731]), array([-0.1165689]))"
(0.26885345869602406+0j),[-0.02473766],[1.],[0.57986805],[1.],"(array([0.17295672]), array([-0.12506451]))","(array([0.04359537]), array([-0.11884266]))","(array([0.04463534]), array([-0.11925468]))","(array([0.0458752]), array([-0.11946659]))","(array([0.04728578]), array([-0.11944962]))","(array([0.04884685]), array([-0.11919172]))","(array([0.05054958]), array([-0.11870429]))","(array([0.05240057]), array([-0.11803286]))","(array([0.05442616]), array([-0.11727085]))","(array([0.05667327]), array([-0.11656906]))","(array([0.05919978]), array([-0.11612585]))"
(0.2680267906234217+0j),[-0.01383217],[1.],[0.58768428],[1.],"(array([0.17520248]), array([-0.12317841]))","(array([0.04463542]), array([-0.11925494]))","(array([0.04587526]), array([-0.11946681]))","(array([0.04728587]), array([-0.1194498]))","(array([0.04884697]), array([-0.11919189]))","(array([0.05054972]), array([-0.11870444]))","(array([0.05240073]), array([-0.11803299]))","(array([0.05442633]), array([-0.11727098]))","(array([0.05667344]), array([-0.1165692]))","(array([0.05919994]), array([-0.11612598]))","(array([0.06204904]), array([-0.1161448]))"
(0.2701678343568034+0j),[-0.00323198],[1.],[0.59865594],[1.],"(array([0.17836567]), array([-0.12116089]))","(array([0.04587533]), array([-0.11946705]))","(array([0.04728593]), array([-0.11945001]))","(array([0.04884706]), array([-0.11919205]))","(array([0.05054984]), array([-0.11870458]))","(array([0.05240087]), array([-0.11803311]))","(array([0.05442648]), array([-0.11727109]))","(array([0.05667359]), array([-0.11656931]))","(array([0.05920009]), array([-0.1161261]))","(array([0.06204918]), array([-0.11614492]))","(array([0.06521495]), array([-0.11676863]))"
(0.2754452343072776+0j),[0.00669841],[1.],[0.61239526],[1.],"(array([0.18239823]), array([-0.1190535]))","(array([0.047286]), array([-0.11945024]))","(array([0.04884712]), array([-0.11919224]))","(array([0.05054994]), array([-0.11870473]))","(array([0.052401]), array([-0.11803325]))","(array([0.05442663]), array([-0.11727121]))","(array([0.05667375]), array([-0.11656941]))","(array([0.05920024]), array([-0.1161262]))","(array([0.06204933]), array([-0.11614503]))","(array([0.06521508]), array([-0.11676875]))","(array([0.06862013]), array([-0.11802749]))"
(0.28376485748209473+0j),[0.0156224],[1.],[0.62795729],[1.],"(array([0.1871201]), array([-0.11690705]))","(array([0.04884721]), array([-0.11919249]))","(array([0.05055002]), array([-0.11870494]))","(array([0.05240111]), array([-0.11803341]))","(array([0.05442677]), array([-0.11727135]))","(array([0.05667391]), array([-0.11656953]))","(array([0.0592004]), array([-0.1161263]))","(array([0.06204948]), array([-0.11614513]))","(array([0.06521523]), array([-0.11676886]))","(array([0.06862026]), array([-0.11802762]))","(array([0.07212019]), array([-0.11983043]))"
(0.2948220597438228+0j),[0.02325791],[1.],[0.64407762],[1.],"(array([0.19226077]), array([-0.11477959]))","(array([0.05055013]), array([-0.11870523]))","(array([0.05240121]), array([-0.11803365]))","(array([0.0544269]), array([-0.11727154]))","(array([0.05667406]), array([-0.1165697]))","(array([0.05920058]), array([-0.11612645]))","(array([0.06204966]), array([-0.11614526]))","(array([0.06521539]), array([-0.11676899]))","(array([0.06862041]), array([-0.11802777]))","(array([0.07212032]), array([-0.1198306]))","(array([0.07552932]), array([-0.12199572]))"
(0.3081518894805803+0j),[0.02939535],[1.],[0.65941],[1.],"(array([0.19751575]), array([-0.11273815]))","(array([0.05240136]), array([-0.11803402]))","(array([0.05442703]), array([-0.11727185]))","(array([0.05667422]), array([-0.11656995]))","(array([0.05920076]), array([-0.11612667]))","(array([0.06204986]), array([-0.11614545]))","(array([0.0652156]), array([-0.11676917]))","(array([0.0686206]), array([-0.11802795]))","(array([0.0721205]), array([-0.11983082]))","(array([0.07552947]), array([-0.12199597]))","(array([0.07865153]), array([-0.12429511]))"
(0.32316696383336896+0j),[0.03390967],[1.],[0.67270933],[1.],"(array([0.20259826]), array([-0.11086604]))","(array([0.05442725]), array([-0.11727235]))","(array([0.05667441]), array([-0.11657035]))","(array([0.05920096]), array([-0.116127]))","(array([0.06205009]), array([-0.11614575]))","(array([0.06521585]), array([-0.11676944]))","(array([0.06862086]), array([-0.11802821]))","(array([0.07212075]), array([-0.11983109]))","(array([0.07552971]), array([-0.12199631]))","(array([0.07865175]), array([-0.12429549]))","(array([0.08130744]), array([-0.12649337]))"
(0.3391899877396421+0j),[0.03676766],[1.],[0.6829582],[1.],"(array([0.2072786]), array([-0.10927453]))","(array([0.05667472]), array([-0.11657106]))","(array([0.05920124]), array([-0.11612756]))","(array([0.06205037]), array([-0.11614621]))","(array([0.06521616]), array([-0.11676986]))","(array([0.06862119]), array([-0.1180286]))","(array([0.07212109]), array([-0.11983148]))","(array([0.07553004]), array([-0.12199675]))","(array([0.07865208]), array([-0.12429602]))","(array([0.08130776]), array([-0.12649396]))","(array([0.08335364]), array([-0.12837763]))"
(0.35549053511983325+0j),[0.03802827],[1.],[0.68944899],[1.],"(array([0.21140866]), array([-0.10811135]))","(array([0.05920169]), array([-0.11612857]))","(array([0.06205077]), array([-0.11614699]))","(array([0.06521655]), array([-0.11677049]))","(array([0.06862161]), array([-0.11802918]))","(array([0.07212155]), array([-0.11983204]))","(array([0.07553053]), array([-0.12199732]))","(array([0.07865256]), array([-0.12429669]))","(array([0.08130824]), array([-0.12649476]))","(array([0.08335411]), array([-0.12837851]))","(array([0.08469526]), array([-0.12977742]))"
(0.37133116570471536+0j),[0.03783162],[1.],[0.69182769],[1.],"(array([0.2149266]), array([-0.10755218]))","(array([0.0620514]), array([-0.11614839]))","(array([0.06521711]), array([-0.11677155]))","(array([0.06862215]), array([-0.11803003]))","(array([0.07212212]), array([-0.11983282]))","(array([0.07553115]), array([-0.12199808]))","(array([0.07865322]), array([-0.1242975]))","(array([0.08130892]), array([-0.12649574]))","(array([0.08335479]), array([-0.12837965]))","(array([0.08469592]), array([-0.12977866]))","(array([0.08529212]), array([-0.13057767]))"
(0.38602088492256076+0j),[0.03637386],[1.],[0.69009914],[1.],"(array([0.21783679]), array([-0.10776227]))","(array([0.06521798]), array([-0.11677342]))","(array([0.06862291]), array([-0.11803143]))","(array([0.07212284]), array([-0.11983393]))","(array([0.07553191]), array([-0.1219991]))","(array([0.07865405]), array([-0.12429851]))","(array([0.08130982]), array([-0.12649685]))","(array([0.08335571]), array([-0.12838101]))","(array([0.08469684]), array([-0.12978019]))","(array([0.08529301]), array([-0.13057932]))","(array([0.08515788]), array([-0.13072559]))"
(0.39896886849751384+0j),[0.03387319],[1.],[0.68459367],[1.],"(array([0.22017212]), array([-0.10883749]))","(array([0.06862406]), array([-0.11803381]))","(array([0.07212383]), array([-0.1198357]))","(array([0.07553284]), array([-0.12200051]))","(array([0.07865503]), array([-0.12429979]))","(array([0.08131089]), array([-0.12649813]))","(array([0.08335688]), array([-0.12838247]))","(array([0.08469805]), array([-0.12978196]))","(array([0.08529418]), array([-0.13058127]))","(array([0.08515901]), array([-0.13072766]))","(array([0.08435267]), array([-0.13023122]))"
(0.4097310105922631+0j),[0.03053907],[1.],[0.67590146],[1.],"(array([0.22196029]), array([-0.11075954]))","(array([0.07212526]), array([-0.11983859]))","(array([0.07553405]), array([-0.12200264]))","(array([0.07865616]), array([-0.12430148]))","(array([0.08131208]), array([-0.12649965]))","(array([0.08335821]), array([-0.12838401]))","(array([0.08469951]), array([-0.12978379]))","(array([0.08529568]), array([-0.13058345]))","(array([0.08516045]), array([-0.13073001]))","(array([0.08435402]), array([-0.13023369]))","(array([0.08297097]), array([-0.12916133]))"
(0.4180452489872145+0j),[0.02655348],[1.],[0.66478689],[1.],"(array([0.22321104]), array([-0.11339312]))","(array([0.07553574]), array([-0.12200601]))","(array([0.07865757]), array([-0.12430397]))","(array([0.0813134]), array([-0.1265016]))","(array([0.08335961]), array([-0.12838574]))","(array([0.0847011]), array([-0.12978556]))","(array([0.08529743]), array([-0.13058561]))","(array([0.08516222]), array([-0.13073254]))","(array([0.08435568]), array([-0.13023637]))","(array([0.08297251]), array([-0.12916412]))","(array([0.08112822]), array([-0.12762723]))"
(0.42385530445004793+0j),[0.02206445],[1.],[0.65209654],[1.],"(array([0.22392146]), array([-0.11651911]))","(array([0.07865944]), array([-0.12430774]))","(array([0.08131495]), array([-0.12650438]))","(array([0.08336107]), array([-0.1283879]))","(array([0.08470267]), array([-0.12978746]))","(array([0.08529925]), array([-0.13058758]))","(array([0.08516423]), array([-0.13073499]))","(array([0.08435768]), array([-0.13023918]))","(array([0.08297434]), array([-0.12916704]))","(array([0.08112989]), array([-0.12763024]))","(array([0.07894824]), array([-0.1257687]))"
(0.4273224475995107+0j),[0.01718532],[1.],[0.6386734],[1.],"(array([0.22408708]), array([-0.11987956]))","(array([0.08131692]), array([-0.12650849]))","(array([0.0833627]), array([-0.12839091]))","(array([0.08470423]), array([-0.12978977]))","(array([0.08530097]), array([-0.13058959]))","(array([0.08516625]), array([-0.13073711]))","(array([0.08435991]), array([-0.13024184]))","(array([0.08297653]), array([-0.12917004]))","(array([0.08113185]), array([-0.12763332]))","(array([0.07894999]), array([-0.12577183]))","(array([0.07655248]), array([-0.12373683]))"
(0.42882024173629296+0j),[0.01199309],[1.],[0.62528674],[1.],"(array([0.22371091]), array([-0.12321753]))","(array([0.0833647]), array([-0.12839528]))","(array([0.0847059]), array([-0.12979295]))","(array([0.08530259]), array([-0.13059199]))","(array([0.08516808]), array([-0.13073917]))","(array([0.08436209]), array([-0.13024406]))","(array([0.08297892]), array([-0.12917285]))","(array([0.08113416]), array([-0.12763644]))","(array([0.07895202]), array([-0.12577499]))","(array([0.07655426]), array([-0.12374001]))","(array([0.0740509]), array([-0.12167882]))"
(0.428900969010506+0j),[0.00652433],[1.],[0.61258142],[1.],"(array([0.22280915]), array([-0.12630711]))","(array([0.08470786]), array([-0.12979752]))","(array([0.08530424]), array([-0.13059528]))","(array([0.08516973]), array([-0.13074162]))","(array([0.084364]), array([-0.13024615]))","(array([0.08298121]), array([-0.12917514]))","(array([0.08113666]), array([-0.12763933]))","(array([0.07895441]), array([-0.12577816]))","(array([0.07655633]), array([-0.12374317]))","(array([0.07405268]), array([-0.12168199]))","(array([0.07153457]), array([-0.11972649]))"
(0.42822136254784354+0j),[0.00077208],[1.],[0.60104027],[1.],"(array([0.22141389]), array([-0.12897433]))","(array([0.08530612]), array([-0.13060001]))","(array([0.08517134]), array([-0.130745]))","(array([0.08436564]), array([-0.13024863]))","(array([0.08298316]), array([-0.12917723]))","(array([0.08113901]), array([-0.12764165]))","(array([0.07895697]), array([-0.12578109]))","(array([0.07655874]), array([-0.12374635]))","(array([0.07405475]), array([-0.12168513]))","(array([0.07153634]), array([-0.11972961]))","(array([0.06906997]), array([-0.11798815]))"
(0.4274257003487619+0j),[-0.00531109],[1.],[0.59094846],[1.],"(array([0.21957108]), array([-0.13111028]))","(array([0.08517314]), array([-0.13074987]))","(array([0.08436721]), array([-0.13025207]))","(array([0.0829848]), array([-0.12917972]))","(array([0.08114099]), array([-0.12764374]))","(array([0.07895936]), array([-0.12578343]))","(array([0.07656133]), array([-0.12374931]))","(array([0.07405718]), array([-0.1216883]))","(array([0.07153841]), array([-0.11973272]))","(array([0.06907172]), array([-0.11799123]))","(array([0.06669476]), array([-0.1165416]))"
(0.42699725306312625+0j),[-0.01179919],[1.],[0.58235781],[1.],"(array([0.21733171]), array([-0.13267625]))","(array([0.08436895]), array([-0.13025713]))","(array([0.08298635]), array([-0.12918327]))","(array([0.08114263]), array([-0.12764627]))","(array([0.07896136]), array([-0.12578554]))","(array([0.07656375]), array([-0.12375167]))","(array([0.0740598]), array([-0.12169129]))","(array([0.07154086]), array([-0.11973591]))","(array([0.0690738]), array([-0.11799433]))","(array([0.06669652]), array([-0.11654466]))","(array([0.0644154]), array([-0.11542623]))"
(0.42710583376418176+0j),[-0.01876457],[1.],[0.57507339],[1.],"(array([0.21473873]), array([-0.13369949]))","(array([0.08298805]), array([-0.12918859]))","(array([0.08114418]), array([-0.12764997]))","(array([0.07896302]), array([-0.12578814]))","(array([0.07656578]), array([-0.12375381]))","(array([0.07406226]), array([-0.12169368]))","(array([0.07154352]), array([-0.11973894]))","(array([0.06907629]), array([-0.11799755]))","(array([0.06669863]), array([-0.11654779]))","(array([0.06441718]), array([-0.11542932]))","(array([0.06220841]), array([-0.11463579]))"
(0.42752630819060083+0j),[-0.02623894],[1.],[0.56871218],[1.],"(array([0.21182012]), array([-0.13425936]))","(array([0.08114586]), array([-0.12765564]))","(array([0.07896457]), array([-0.12579206]))","(array([0.07656746]), array([-0.12375651]))","(array([0.07406432]), array([-0.12169587]))","(array([0.07154603]), array([-0.1197414]))","(array([0.06907901]), array([-0.11800067]))","(array([0.06670117]), array([-0.11655109]))","(array([0.06441933]), array([-0.11543253]))","(array([0.06221021]), array([-0.11463896]))","(array([0.06002964]), array([-0.11411891]))"
(0.4277231837877881+0j),[-0.03417871],[1.],[0.56285957],[1.],"(array([0.20860033]), array([-0.13446642]))","(array([0.07896623]), array([-0.12579811]))","(array([0.07656902]), array([-0.12376069]))","(array([0.07406602]), array([-0.1216987]))","(array([0.07154813]), array([-0.11974364]))","(array([0.0690816]), array([-0.11800322]))","(array([0.06670398]), array([-0.11655434]))","(array([0.06442194]), array([-0.11543596]))","(array([0.0622124]), array([-0.11464229]))","(array([0.06003145]), array([-0.1141222]))","(array([0.05783428]), array([-0.11379626]))"
(0.42707936896295445+0j),[-0.04245325],[1.],[0.55724679],[1.],"(array([0.20512604]), array([-0.13444073]))","(array([0.07657059]), array([-0.12376707]))","(array([0.07406754]), array([-0.12170312]))","(array([0.07154982]), array([-0.11974657]))","(array([0.06908372]), array([-0.11800551]))","(array([0.06670665]), array([-0.11655701]))","(array([0.06442484]), array([-0.11543937]))","(array([0.06221505]), array([-0.11464587]))","(array([0.06003363]), array([-0.11412564]))","(array([0.05783603]), array([-0.11379967]))","(array([0.05560083]), array([-0.11359114]))"
(0.4251143381613075+0j),[-0.05086158],[1.],[0.55182907],[1.],"(array([0.20148428]), array([-0.13429532]))","(array([0.07406895]), array([-0.12170962]))","(array([0.07155125]), array([-0.11975115]))","(array([0.06908535]), array([-0.11800848]))","(array([0.06670877]), array([-0.11655932]))","(array([0.06442759]), array([-0.11544216]))","(array([0.06221802]), array([-0.11464944]))","(array([0.06003629]), array([-0.11412935]))","(array([0.05783815]), array([-0.11380319]))","(array([0.05560247]), array([-0.1135946]))","(array([0.05334501]), array([-0.11345471]))"
(0.42158284089187126+0j),[-0.05916608],[1.],[0.54674265],[1.],"(array([0.19779658]), array([-0.13412697]))","(array([0.07155244]), array([-0.11975748]))","(array([0.06908664]), array([-0.11801305]))","(array([0.06671031]), array([-0.11656224]))","(array([0.06442969]), array([-0.11544448]))","(array([0.06222081]), array([-0.11465238]))","(array([0.06003928]), array([-0.11413307]))","(array([0.05784076]), array([-0.11380697]))","(array([0.05560446]), array([-0.11359811]))","(array([0.05334646]), array([-0.11345811]))","(array([0.0511161]), array([-0.11337188]))"
(0.41646707922169784+0j),[-0.06712699],[1.],[0.54221023],[1.],"(array([0.19419546]), array([-0.13401281]))","(array([0.06908762]), array([-0.11801892]))","(array([0.06671142]), array([-0.11656658]))","(array([0.0644311]), array([-0.11544723]))","(array([0.06222288]), array([-0.11465468]))","(array([0.06004206]), array([-0.11413615]))","(array([0.05784369]), array([-0.11381079]))","(array([0.05560696]), array([-0.11360188]))","(array([0.05334831]), array([-0.11346151]))","(array([0.05111736]), array([-0.11337509]))","(array([0.04898203]), array([-0.1133513]))"
(0.40992130189244447+0j),[-0.07452736],[1.],[0.53845964],[1.],"(array([0.19079872]), array([-0.13400912]))","(array([0.06671228]), array([-0.11657186]))","(array([0.06443207]), array([-0.11545121]))","(array([0.06222419]), array([-0.11465721]))","(array([0.06004409]), array([-0.11413844]))","(array([0.05784642]), array([-0.113814]))","(array([0.05560977]), array([-0.11360574]))","(array([0.05335066]), array([-0.11346519]))","(array([0.05111906]), array([-0.11337831]))","(array([0.04898314]), array([-0.11335424]))","(array([0.04701341]), array([-0.11341139]))"
(0.40221105263525186+0j),[-0.08118577],[1.],[0.53567865],[1.],"(array([0.187691]), array([-0.13414868]))","(array([0.06443288]), array([-0.11545591]))","(array([0.06222505]), array([-0.11466074]))","(array([0.06004531]), array([-0.11414073]))","(array([0.05784838]), array([-0.11381629]))","(array([0.05561236]), array([-0.11360901]))","(array([0.05335329]), array([-0.113469]))","(array([0.05112126]), array([-0.11338184]))","(array([0.04898473]), array([-0.11335725]))","(array([0.04701444]), array([-0.11341406]))","(array([0.04527276]), array([-0.11357018]))"
(0.3936636787017686+0j),[-0.08695813],[1.],[0.53400023],[1.],"(array([0.18491468]), array([-0.13443437]))","(array([0.06222585]), array([-0.11466501]))","(array([0.0600461]), array([-0.11414384]))","(array([0.05784953]), array([-0.11381835]))","(array([0.0556142]), array([-0.11361127]))","(array([0.05335567]), array([-0.11347224]))","(array([0.05112366]), array([-0.11338553]))","(array([0.04898676]), array([-0.11336062]))","(array([0.04701595]), array([-0.11341689]))","(array([0.0452738]), array([-0.11357265]))","(array([0.04380988]), array([-0.11384037]))"
(0.38463086968968097+0j),[-0.09173368],[1.],[0.53350314],[1.],"(array([0.1824696]), array([-0.13483153]))","(array([0.06004687]), array([-0.11414784]))","(array([0.05785026]), array([-0.1138211]))","(array([0.05561526]), array([-0.11361315]))","(array([0.05335732]), array([-0.11347441]))","(array([0.05112576]), array([-0.11338862]))","(array([0.04898891]), array([-0.11336409]))","(array([0.04701782]), array([-0.11342007]))","(array([0.04527525]), array([-0.11357535]))","(array([0.04381096]), array([-0.11384274]))","(array([0.04266128]), array([-0.11422792]))"
(0.37545677073753736+0j),[-0.09543085],[1.],[0.53421294],[1.],"(array([0.18032266]), array([-0.13526738]))","(array([0.05785096]), array([-0.11382487]))","(array([0.05561594]), array([-0.1136156]))","(array([0.05335828]), array([-0.11347613]))","(array([0.05112717]), array([-0.11339059]))","(array([0.04899067]), array([-0.11336688]))","(array([0.04701967]), array([-0.11342323]))","(array([0.04527694]), array([-0.11357829]))","(array([0.04381236]), array([-0.11384531]))","(array([0.04266241]), array([-0.11423023]))","(array([0.0418512]), array([-0.11473176]))"
(0.3664437091823341+0j),[-0.0979961],[1.],[0.53609396],[1.],"(array([0.17842699]), array([-0.1356475]))","(array([0.05561662]), array([-0.11361902]))","(array([0.05335893]), array([-0.1134783]))","(array([0.05112806]), array([-0.11339215]))","(array([0.0489919]), array([-0.11336856]))","(array([0.04702116]), array([-0.11342556]))","(array([0.04527855]), array([-0.11358101]))","(array([0.0438139]), array([-0.11384792]))","(array([0.04266377]), array([-0.11423259]))","(array([0.04185239]), array([-0.11473395]))","(array([0.0413917]), array([-0.1153427]))"
(0.35781176723675323+0j),[-0.09940435],[1.],[0.53902968],[1.],"(array([0.17674276]), array([-0.13588619]))","(array([0.05335971]), array([-0.11348123]))","(array([0.0511288]), array([-0.11339404]))","(array([0.04899284]), array([-0.11336996]))","(array([0.04702236]), array([-0.11342696]))","(array([0.04527994]), array([-0.11358285]))","(array([0.04381542]), array([-0.11385012]))","(array([0.04266529]), array([-0.11423477]))","(array([0.04185378]), array([-0.11473597]))","(array([0.04139297]), array([-0.11534461]))","(array([0.04128113]), array([-0.11604048]))"
(0.3496586987460583+0j),[-0.09965574],[1.],[0.54279957],[1.],"(array([0.1752462]), array([-0.13593159]))","(array([0.05112995]), array([-0.11339643]))","(array([0.0489939]), array([-0.11337154]))","(array([0.04702359]), array([-0.11342815]))","(array([0.04528138]), array([-0.11358397]))","(array([0.04381699]), array([-0.11385149]))","(array([0.04266697]), array([-0.11423645]))","(array([0.04185547]), array([-0.11473767]))","(array([0.04139457]), array([-0.1153462]))","(array([0.04128262]), array([-0.11604198]))","(array([0.04150201]), array([-0.11678933]))"
(0.3419393794073677+0j),[-0.098766],[1.],[0.54707174],[1.],"(array([0.17392259]), array([-0.13577021]))","(array([0.04899583]), array([-0.11337338]))","(array([0.04702538]), array([-0.11342938]))","(array([0.04528328]), array([-0.11358489]))","(array([0.04381905]), array([-0.11385231]))","(array([0.04266911]), array([-0.11423737]))","(array([0.04185767]), array([-0.11473882]))","(array([0.04139676]), array([-0.11534738]))","(array([0.0412847]), array([-0.11604308]))","(array([0.04150397]), array([-0.11679034]))","(array([0.04202056]), array([-0.11753421]))"
(0.33448768700287695+0j),[-0.096753],[1.],[0.55143661],[1.],"(array([0.17275443]), array([-0.13541431]))","(array([0.04702865]), array([-0.11343063]))","(array([0.04528635]), array([-0.11358567]))","(array([0.04382215]), array([-0.11385284]))","(array([0.04267229]), array([-0.1142378]))","(array([0.04186087]), array([-0.11473925]))","(array([0.04139995]), array([-0.11534796]))","(array([0.04128783]), array([-0.11604368]))","(array([0.04150695]), array([-0.11679086]))","(array([0.04202338]), array([-0.11753464]))","(array([0.0427906]), array([-0.11820234]))"
(0.32708657110846473+0j),[-0.0936255],[1.],[0.5554872],[1.],"(array([0.17171871]), array([-0.13488517]))","(array([0.04529162]), array([-0.11358626]))","(array([0.04382714]), array([-0.11385306]))","(array([0.04267719]), array([-0.1142378]))","(array([0.04186575]), array([-0.11473915]))","(array([0.04140475]), array([-0.1153478]))","(array([0.04129253]), array([-0.11604359]))","(array([0.04151152]), array([-0.11679077]))","(array([0.04202774]), array([-0.11753447]))","(array([0.04279473]), array([-0.11820206]))","(array([0.04376256]), array([-0.11871336]))"
(0.31968175519715825+0j),[-0.08938951],[1.],[0.55906029],[1.],"(array([0.17081285]), array([-0.13420209]))","(array([0.04383502]), array([-0.11385288]))","(array([0.04268471]), array([-0.11423732]))","(array([0.04187305]), array([-0.11473847]))","(array([0.0414119]), array([-0.115347]))","(array([0.04129948]), array([-0.11604268]))","(array([0.04151823]), array([-0.11678986]))","(array([0.04203421]), array([-0.11753354]))","(array([0.04280091]), array([-0.11820104]))","(array([0.04376842]), array([-0.11871223]))","(array([0.04490246]), array([-0.11901097]))"
(0.3119463635148083+0j),[-0.08404336],[1.],[0.56169261],[1.],"(array([0.17001593]), array([-0.13337918]))","(array([0.0426957]), array([-0.11423624]))","(array([0.04188354]), array([-0.11473713]))","(array([0.04142202]), array([-0.11534547]))","(array([0.04130929]), array([-0.11604102]))","(array([0.0415277]), array([-0.11678807]))","(array([0.0420433]), array([-0.11753168]))","(array([0.04280963]), array([-0.11819914]))","(array([0.04377673]), array([-0.11871022]))","(array([0.04491034]), array([-0.11900883]))","(array([0.04617348]), array([-0.11903432]))"
(0.3040627544497888+0j),[-0.07759195],[1.],[0.56359666],[1.],"(array([0.16933725]), array([-0.13242226]))","(array([0.04189784]), array([-0.11473506]))","(array([0.04143567]), array([-0.11534315]))","(array([0.0413224]), array([-0.11603851]))","(array([0.04154033]), array([-0.11678542]))","(array([0.04205544]), array([-0.11752888]))","(array([0.04282124]), array([-0.11819622]))","(array([0.04378782]), array([-0.11870723]))","(array([0.04492089]), array([-0.11900573]))","(array([0.04618346]), array([-0.11903109]))","(array([0.04756197]), array([-0.11875992]))"
(0.2962095640510835+0j),[-0.07007234],[1.],[0.56498972],[1.],"(array([0.16885052]), array([-0.13133571]))","(array([0.04145331]), array([-0.11534001]))","(array([0.04133924]), array([-0.11603514]))","(array([0.04155647]), array([-0.11678184]))","(array([0.04207093]), array([-0.11752514]))","(array([0.04283607]), array([-0.11819232]))","(array([0.04380198]), array([-0.11870318]))","(array([0.04493437]), array([-0.11900157]))","(array([0.04619625]), array([-0.11902682]))","(array([0.04757405]), array([-0.11875551]))","(array([0.04908787]), array([-0.1182336]))"
(0.28869069014720566+0j),[-0.06155657],[1.],[0.56628007],[1.],"(array([0.16864034]), array([-0.13012272]))","(array([0.0413607]), array([-0.11603067]))","(array([0.04157693]), array([-0.11677715]))","(array([0.04209049]), array([-0.11752026]))","(array([0.04285478]), array([-0.11818726]))","(array([0.04381984]), array([-0.11869793]))","(array([0.04495138]), array([-0.11899615]))","(array([0.04621241]), array([-0.11902126]))","(array([0.04758935]), array([-0.11874982]))","(array([0.04910229]), array([-0.11822777]))","(array([0.05077633]), array([-0.1175243]))"
(0.2819407298416121+0j),[-0.05216601],[1.],[0.5680821],[1.],"(array([0.16882151]), array([-0.12878564]))","(array([0.04160224]), array([-0.11677122]))","(array([0.04211461]), array([-0.1175141]))","(array([0.04287781]), array([-0.1181809]))","(array([0.04384181]), array([-0.11869138]))","(array([0.0449723]), array([-0.1189894]))","(array([0.04623228]), array([-0.1190143]))","(array([0.04760818]), array([-0.11874271]))","(array([0.04912008]), array([-0.11822053]))","(array([0.05079308]), array([-0.11751693]))","(array([0.05266604]), array([-0.11674437]))"
(0.27651420522433595+0j),[-0.0420816],[1.],[0.57119379],[1.],"(array([0.16953615]), array([-0.12732313]))","(array([0.04214387]), array([-0.11750649]))","(array([0.04290567]), array([-0.11817308]))","(array([0.04386836]), array([-0.11868336]))","(array([0.04499757]), array([-0.11898118]))","(array([0.04625629]), array([-0.11900586]))","(array([0.04763093]), array([-0.11873404]))","(array([0.04914158]), array([-0.11821169]))","(array([0.05081334]), array([-0.11750796]))","(array([0.05268509]), array([-0.11673531]))","(array([0.05480699]), array([-0.11604949]))"
(0.27302918621881145+0j),[-0.03155194],[1.],[0.57646988],[1.],"(array([0.17093645]), array([-0.12572896]))","(array([0.04293891]), array([-0.11816359]))","(array([0.04389997]), array([-0.11867367]))","(array([0.04502764]), array([-0.11897128]))","(array([0.04628484]), array([-0.11899575]))","(array([0.04765798]), array([-0.1187237]))","(array([0.04916715]), array([-0.11820111]))","(array([0.05083746]), array([-0.11749722]))","(array([0.05270778]), array([-0.11672448]))","(array([0.0548283]), array([-0.11603863]))","(array([0.05724999]), array([-0.11562549]))"
(0.27205608811417004+0j),[-0.02089069],[1.],[0.58457064],[1.],"(array([0.17314626]), array([-0.12399423]))","(array([0.04393701]), array([-0.11866211]))","(array([0.0450628]), array([-0.11895954]))","(array([0.04631822]), array([-0.11898382]))","(array([0.04768961]), array([-0.11871156]))","(array([0.04919704]), array([-0.11818874]))","(array([0.05086563]), array([-0.11748462]))","(array([0.0527343]), array([-0.11671174]))","(array([0.05485323]), array([-0.11602589]))","(array([0.05727341]), array([-0.11561285]))","(array([0.060025]), array([-0.11565226]))"
(0.27399461530287433+0j),[-0.01045715],[1.],[0.59569114],[1.],"(array([0.17621097]), array([-0.12211496]))","(array([0.04510328]), array([-0.11894578]))","(array([0.04635658]), array([-0.1189699]))","(array([0.04772594]), array([-0.11869745]))","(array([0.04923138]), array([-0.11817445]))","(array([0.05089802]), array([-0.11747013]))","(array([0.05276477]), array([-0.11669708]))","(array([0.05488185]), array([-0.11601117]))","(array([0.05730032]), array([-0.11559826]))","(array([0.06005032]), array([-0.11563797]))","(array([0.06311385]), array([-0.116251]))"
(0.2790035039325919+0j),[-0.00061835],[1.],[0.60943869],[1.],"(array([0.18007071]), array([-0.12011716]))","(array([0.04639987]), array([-0.11895393]))","(array([0.04776686]), array([-0.11868135]))","(array([0.04927005]), array([-0.1181582]))","(array([0.05093449]), array([-0.11745375]))","(array([0.05279909]), array([-0.11668058]))","(array([0.05491411]), array([-0.1159946]))","(array([0.05733062]), array([-0.11558177]))","(array([0.06007885]), array([-0.11562182]))","(array([0.06314078]), array([-0.11623542]))","(array([0.06643303]), array([-0.11744144]))"
(0.28700380079189014+0j),[0.00827645],[1.],[0.62491634],[1.],"(array([0.18453909]), array([-0.11802114]))","(array([0.04781198]), array([-0.11866332]))","(array([0.04931261]), array([-0.11814009]))","(array([0.05097462]), array([-0.11743557]))","(array([0.05283687]), array([-0.11666237]))","(array([0.05494963]), array([-0.1159764]))","(array([0.057364]), array([-0.11556369]))","(array([0.06011025]), array([-0.11560404]))","(array([0.06317045]), array([-0.11621826]))","(array([0.06646119]), array([-0.11742519]))","(array([0.0698385]), array([-0.11913565]))"
(0.2977217149458945+0j),[0.01592937],[1.],[0.6409328],[1.],"(array([0.18936524]), array([-0.1158766]))","(array([0.04935821]), array([-0.11812043]))","(array([0.05101754]), array([-0.11741591]))","(array([0.05287727]), array([-0.11664277]))","(array([0.05498763]), array([-0.11595693]))","(array([0.05739974]), array([-0.11554444]))","(array([0.0601439]), array([-0.11558516]))","(array([0.06320222]), array([-0.11619998]))","(array([0.06649137]), array([-0.11740787]))","(array([0.06986735]), array([-0.11911961]))","(array([0.07314944]), array([-0.12116589]))"
(0.31073836165757207+0j),[0.02212407],[1.],[0.65622155],[1.],"(array([0.1942891]), array([-0.11378758]))","(array([0.05106201]), array([-0.11739532]))","(array([0.05291906]), array([-0.11662231]))","(array([0.05502692]), array([-0.11593672]))","(array([0.05743671]), array([-0.1155246]))","(array([0.06017876]), array([-0.11556582]))","(array([0.06323518]), array([-0.11618132]))","(array([0.06652269]), array([-0.11739014]))","(array([0.06989732]), array([-0.11910321]))","(array([0.07317835]), array([-0.12115112]))","(array([0.07617705]), array([-0.12331977]))"
(0.3255275952590856+0j),[0.02673138],[1.],[0.6696042],[1.],"(array([0.19906055]), array([-0.11186248]))","(array([0.05296063]), array([-0.11660178]))","(array([0.05506596]), array([-0.1159165]))","(array([0.05747344]), array([-0.11550487]))","(array([0.06021342]), array([-0.11554677]))","(array([0.06326803]), array([-0.11616312]))","(array([0.06655397]), array([-0.11737295]))","(array([0.06992731]), array([-0.11908728]))","(array([0.07320732]), array([-0.12113685]))","(array([0.07620526]), array([-0.12330737]))","(array([0.0787517]), array([-0.12537953]))"
(0.3414773263604494+0j),[0.02971312],[1.],[0.68009331],[1.],"(array([0.20347736]), array([-0.11023291]))","(array([0.05510296]), array([-0.11589727]))","(array([0.05750822]), array([-0.11548617]))","(array([0.06024624]), array([-0.11552884]))","(array([0.06329919]), array([-0.11614619]))","(array([0.06658376]), array([-0.11735719]))","(array([0.06995597]), array([-0.11907283]))","(array([0.0732351]), array([-0.12112394]))","(array([0.07623241]), array([-0.12329636]))","(array([0.07877841]), array([-0.1253705]))","(array([0.08073831]), array([-0.12714651]))"
(0.3579026649629079+0j),[0.03111894],[1.],[0.68695519],[1.],"(array([0.20740052]), array([-0.10905376]))","(array([0.05753926]), array([-0.11546953]))","(array([0.06027552]), array([-0.11551297]))","(array([0.06332701]), array([-0.11613138]))","(array([0.06661044]), array([-0.11734368]))","(array([0.06998181]), array([-0.11906075]))","(array([0.07326031]), array([-0.12111337]))","(array([0.07625718]), array([-0.12328752]))","(array([0.07880292]), array([-0.12536362]))","(array([0.0807627]), array([-0.12714156]))","(array([0.0820451]), array([-0.12845642]))"
(0.37406926402203894+0j),[0.03107443],[1.],[0.68975758],[1.],"(array([0.21075501]), array([-0.10849172]))","(array([0.06029962]), array([-0.11550021]))","(array([0.06334992]), array([-0.11611959]))","(array([0.06663249]), array([-0.11733317]))","(array([0.07000331]), array([-0.11905174]))","(array([0.07328152]), array([-0.12110593]))","(array([0.07627826]), array([-0.12328167]))","(array([0.07882398]), array([-0.12535954]))","(array([0.08078382]), array([-0.12713931]))","(array([0.08206634]), array([-0.12845584]))","(array([0.08262742]), array([-0.12918986]))"
(0.38924473503286755+0j),[0.02975879],[1.],[0.68840678],[1.],"(array([0.2135169]), array([-0.10869283]))","(array([0.06336657]), array([-0.11611176]))","(array([0.06664858]), array([-0.11732643]))","(array([0.07001917]), array([-0.11904639]))","(array([0.07329743]), array([-0.12110213]))","(array([0.07629439]), array([-0.12327942]))","(array([0.0788404]), array([-0.12535883]))","(array([0.08080058]), array([-0.12714024]))","(array([0.08208342]), array([-0.12845827]))","(array([0.08264477]), array([-0.12919352]))","(array([0.08248867]), array([-0.12928188]))"
(0.4027742800876188+0j),[0.02737556],[1.],[0.68315363],[1.],"(array([0.21569004]), array([-0.10973535]))","(array([0.06665775]), array([-0.11732422]))","(array([0.07002838]), array([-0.11904527]))","(array([0.07330698]), array([-0.12110235]))","(array([0.07630452]), array([-0.12328108]))","(array([0.0788512]), array([-0.12536186]))","(array([0.08081204]), array([-0.12714461]))","(array([0.08209546]), array([-0.12846397]))","(array([0.08265728]), array([-0.12920025]))","(array([0.08250152]), array([-0.12928928]))","(array([0.08167726]), array([-0.12872853]))"
(0.4141554066075909+0j),[0.0241249],[1.],[0.67454878],[1.],"(array([0.21728371]), array([-0.11159305]))","(array([0.07003032]), array([-0.11904891]))","(array([0.07330951]), array([-0.12110696]))","(array([0.07630789]), array([-0.12328683]))","(array([0.07885558]), array([-0.12536879]))","(array([0.08081743]), array([-0.12715259]))","(array([0.08210177]), array([-0.12847299]))","(array([0.08266433]), array([-0.12921013]))","(array([0.08250908]), array([-0.12929959]))","(array([0.08168516]), array([-0.12873891]))","(array([0.08027858]), array([-0.12758586]))"
(0.423090395256133+0j),[0.02018515],[1.],[0.66335352],[1.],"(array([0.21830212]), array([-0.11413397]))","(array([0.07330471]), array([-0.12111624]))","(array([0.07630411]), array([-0.12329685]))","(array([0.07885303]), array([-0.12537962]))","(array([0.08081621]), array([-0.12716421]))","(array([0.08210181]), array([-0.12848525]))","(array([0.08266545]), array([-0.12922303]))","(array([0.082511]), array([-0.12931282]))","(array([0.08168757]), array([-0.12875197]))","(array([0.08028128]), array([-0.1275984]))","(array([0.07840309]), array([-0.12595954]))"
(0.42951115751310737+0j),[0.01570443],[1.],[0.65043157],[1.],"(array([0.21874659]), array([-0.11715125]))","(array([0.07629316]), array([-0.12331121]))","(array([0.07884344]), array([-0.12539439]))","(array([0.08080814]), array([-0.12717938]))","(array([0.08209529]), array([-0.12850074]))","(array([0.08266036]), array([-0.12923872]))","(array([0.08250707]), array([-0.12932871]))","(array([0.08168443]), array([-0.12876764]))","(array([0.08027857]), array([-0.12761334]))","(array([0.07840062]), array([-0.12597348]))","(array([0.07617315]), array([-0.12398764]))"
(0.43357991492594533+0j),[0.01079809],[1.],[0.63664664],[1.],"(array([0.21862139]), array([-0.12039971]))","(array([0.07882704]), array([-0.12541299]))","(array([0.08079334]), array([-0.12719803]))","(array([0.08208221]), array([-0.12851935]))","(array([0.08264898]), array([-0.12925718]))","(array([0.08249722]), array([-0.12934694]))","(array([0.08167577]), array([-0.12878566]))","(array([0.08027067]), array([-0.12763066]))","(array([0.07839309]), array([-0.12598961]))","(array([0.07616581]), array([-0.12400238]))","(array([0.07371057]), array([-0.12182141]))"
(0.43566783315556024+0j),[0.00554615],[1.],[0.62278161],[1.],"(array([0.21794135]), array([-0.12363601]))","(array([0.08077233]), array([-0.12721992]))","(array([0.08206298]), array([-0.12854094]))","(array([0.0826316]), array([-0.12927831]))","(array([0.08248164]), array([-0.1293675]))","(array([0.08166178]), array([-0.12880564]))","(array([0.08025788]), array([-0.12765009]))","(array([0.07838102]), array([-0.12600796]))","(array([0.07615407]), array([-0.12401921]))","(array([0.07369901]), array([-0.12183659]))","(array([0.07112639]), array([-0.11960844]))"
(0.43630925034175283+0j),[-1.00959942e-05],[1.],[0.60948455],[1.],"(array([0.21673254]), array([-0.1266442]))","(array([0.08203851]), array([-0.12856511]))","(array([0.08260904]), array([-0.1293019]))","(array([0.08246103]), array([-0.12939032]))","(array([0.08164303]), array([-0.12882759]))","(array([0.08024075]), array([-0.12767121]))","(array([0.07836509]), array([-0.1260283]))","(array([0.07613885]), array([-0.12403823]))","(array([0.07368411]), array([-0.12185387]))","(array([0.07111167]), array([-0.11962391]))","(array([0.06851281]), array([-0.11748009]))"
(0.4361260034816778+0j),[-0.00586975],[1.],[0.59723496],[1.],"(array([0.21503129]), array([-0.12925198]))","(array([0.08258276]), array([-0.12932743]))","(array([0.08243678]), array([-0.12941513]))","(array([0.08162081]), array([-0.12885146]))","(array([0.08022044]), array([-0.12769406]))","(array([0.07834643]), array([-0.12605021]))","(array([0.07612139]), array([-0.12405923]))","(array([0.07366734]), array([-0.12187341]))","(array([0.07109522]), array([-0.11964159]))","(array([0.06849655]), array([-0.11749585]))","(array([0.06593772]), array([-0.1155431]))"
(0.4357199837865043+0j),[-0.012068],[1.],[0.58631814],[1.],"(array([0.21288159]), array([-0.13134153]))","(array([0.08241118]), array([-0.12944134]))","(array([0.08159734]), array([-0.12887697]))","(array([0.08019907]), array([-0.12771865]))","(array([0.078327]), array([-0.12607377]))","(array([0.0761036]), array([-0.12408185]))","(array([0.07365073]), array([-0.12189508]))","(array([0.07107927]), array([-0.11966171]))","(array([0.06848089]), array([-0.11751402]))","(array([0.06592223]), array([-0.11555925]))","(array([0.06344146]), array([-0.11387355]))"
(0.43553911971874115+0j),[-0.01866196],[1.],[0.57680329],[1.],"(array([0.21033089]), array([-0.13285732]))","(array([0.08157594]), array([-0.12890355]))","(array([0.08017989]), array([-0.12774474]))","(array([0.07830995]), array([-0.12609908]))","(array([0.07608847]), array([-0.12410622]))","(array([0.07363719]), array([-0.12191857]))","(array([0.07106685]), array([-0.11968424]))","(array([0.06846904]), array([-0.11753492]))","(array([0.06591057]), array([-0.11557806]))","(array([0.06342984]), array([-0.11389017]))","(array([0.06103579]), array([-0.11251121]))"
(0.4357400867215303+0j),[-0.02570356],[1.],[0.56854252],[1.],"(array([0.20742498]), array([-0.1338084]))","(array([0.08016742]), array([-0.1277719]))","(array([0.07829975]), array([-0.12612606]))","(array([0.07608036]), array([-0.12413263]))","(array([0.07363089]), array([-0.12194413]))","(array([0.07106198]), array([-0.11970894]))","(array([0.0684651]), array([-0.11755859]))","(array([0.06590699]), array([-0.11559994]))","(array([0.06342621]), array([-0.1139097]))","(array([0.06103195]), array([-0.11252822]))","(array([0.05870668]), array([-0.11145534]))"
(0.43611554923505774+0j),[-0.0332031],[1.],[0.5612302],[1.],"(array([0.20420673]), array([-0.13426004]))","(array([0.07830214]), array([-0.12615448]))","(array([0.07608496]), array([-0.12416116]))","(array([0.07363741]), array([-0.12197222]))","(array([0.07107004]), array([-0.11973618]))","(array([0.06847428]), array([-0.11758485]))","(array([0.06591675]), array([-0.11562495]))","(array([0.06343593]), array([-0.11393255]))","(array([0.06104117]), array([-0.11254827]))","(array([0.05871521]), array([-0.11147234]))","(array([0.05642377]), array([-0.11066705]))"
(0.436168648688813+0j),[-0.0410972],[1.],[0.55453882],[1.],"(array([0.20072567]), array([-0.13431511]))","(array([0.07610915]), array([-0.12419185]))","(array([0.07366356]), array([-0.12200315]))","(array([0.07109771]), array([-0.11976656]))","(array([0.06850301]), array([-0.11761414]))","(array([0.06594607]), array([-0.11565292]))","(array([0.06346526]), array([-0.1139588]))","(array([0.06106981]), array([-0.11257174]))","(array([0.05874265]), array([-0.11149226]))","(array([0.05644977]), array([-0.11068317]))","(array([0.05415798]), array([-0.11008443]))"
(0.4353170272470063+0j),[-0.04923789],[1.],[0.54826622],[1.],"(array([0.19705522]), array([-0.13409113]))","(array([0.07371712]), array([-0.12203708]))","(array([0.07115273]), array([-0.11980056]))","(array([0.06855887]), array([-0.11764716]))","(array([0.06600223]), array([-0.11568428]))","(array([0.06352122]), array([-0.11398821]))","(array([0.0611249]), array([-0.11259862]))","(array([0.05879609]), array([-0.11151538]))","(array([0.05650101]), array([-0.11070169]))","(array([0.05420674]), array([-0.11009816]))","(array([0.05190123]), array([-0.10964697]))"
(0.4330958443957032+0j),[-0.05740825],[1.],[0.54239867],[1.],"(array([0.19330237]), array([-0.13370096]))","(array([0.07124345]), array([-0.11983833]))","(array([0.06865023]), array([-0.11768443]))","(array([0.06609342]), array([-0.11571972]))","(array([0.06361162]), array([-0.11402106]))","(array([0.06121399]), array([-0.11262853]))","(array([0.0588831]), array([-0.11154157]))","(array([0.05658508]), array([-0.11072278]))","(array([0.05428728]), array([-0.11011335]))","(array([0.05197797]), array([-0.10965622]))","(array([0.04967725]), array([-0.10931555]))"
(0.4292602636510343+0j),[-0.06535481],[1.],[0.53707226],[1.],"(array([0.18959913]), array([-0.13324075]))","(array([0.06878574]), array([-0.11772593]))","(array([0.06622834]), array([-0.11575972]))","(array([0.06374497]), array([-0.11405794]))","(array([0.06134512]), array([-0.11266149]))","(array([0.05901146]), array([-0.11157023]))","(array([0.05670979]), array([-0.11074614]))","(array([0.05440743]), array([-0.11012998]))","(array([0.05209298]), array([-0.10966549]))","(array([0.04978688]), array([-0.10931774]))","(array([0.04753794]), array([-0.10907728]))"
(0.423787897961618+0j),[-0.07282181],[1.],[0.53248953],[1.],"(array([0.18608061]), array([-0.13278483]))","(array([0.06641569]), array([-0.11580396]))","(array([0.06393005]), array([-0.11409918]))","(array([0.06152683]), array([-0.11269789]))","(array([0.05918911]), array([-0.11160103]))","(array([0.05688281]), array([-0.11077094]))","(array([0.05457489]), array([-0.11014761]))","(array([0.05225398]), array([-0.10967464]))","(array([0.04994093]), array([-0.10931811]))","(array([0.04768486]), array([-0.10906955]))","(array([0.04555012]), array([-0.10893765]))"
(0.41682856454309924+0j),[-0.0795775],[1.],[0.52884728],[1.],"(array([0.18286198]), array([-0.13238417]))","(array([0.0641751]), array([-0.11414425]))","(array([0.06176743]), array([-0.11273791]))","(array([0.05942411]), array([-0.1116341]))","(array([0.05711154]), array([-0.11079642]))","(array([0.05479677]), array([-0.11016513]))","(array([0.05246811]), array([-0.10968305]))","(array([0.05014654]), array([-0.10931641]))","(array([0.04788157]), array([-0.10905791]))","(array([0.04573785]), array([-0.10891718]))","(array([0.04378118]), array([-0.10890944]))"
(0.40864273013247754+0j),[-0.08542899],[1.],[0.52629683],[1.],"(array([0.18002241]), array([-0.1320651]))","(array([0.06207402]), array([-0.11278091]))","(array([0.05972364]), array([-0.11166948]))","(array([0.05740287]), array([-0.11082246]))","(array([0.0550793]), array([-0.11018144]))","(array([0.05274132]), array([-0.10968943]))","(array([0.05040966]), array([-0.10931194]))","(array([0.04813404]), array([-0.10904208]))","(array([0.04597945]), array([-0.10889066]))","(array([0.0440119]), array([-0.10887372]))","(array([0.04228912]), array([-0.1090046]))"
(0.39954933492988637+0j),[-0.09022652],[1.],[0.52493261],[1.],"(array([0.17759814]), array([-0.13182603]))","(array([0.06009292]), array([-0.11170663]))","(array([0.05776215]), array([-0.11084905]))","(array([0.05542753]), array([-0.11019623]))","(array([0.05307804]), array([-0.10969242]))","(array([0.05073449]), array([-0.1093033]))","(array([0.04844646]), array([-0.10902135]))","(array([0.04627913]), array([-0.10885791]))","(array([0.04429879]), array([-0.10883001]))","(array([0.04256327]), array([-0.10895168]))","(array([0.04111838]), array([-0.10923087]))"
(0.38988680150459004+0j),[-0.09386159],[1.],[0.52479476],[1.],"(array([0.17558406]), array([-0.13163391]))","(array([0.05819208]), array([-0.11087594]))","(array([0.05584441]), array([-0.11020962]))","(array([0.05348099]), array([-0.10969176]))","(array([0.05112324]), array([-0.10928911]))","(array([0.04882083]), array([-0.10899436]))","(array([0.04663889]), array([-0.10881825]))","(array([0.04464384]), array([-0.10877826]))","(array([0.0428937]), array([-0.10888919]))","(array([0.04143427]), array([-0.10915947]))","(array([0.04029934]), array([-0.10959108]))"
(0.37998227218922664+0j),[-0.09626504],[1.],[0.5258721],[1.],"(array([0.17394265]), array([-0.13142695]))","(array([0.05632955]), array([-0.11022164]))","(array([0.05395015]), array([-0.10968783]))","(array([0.05157576]), array([-0.10926945]))","(array([0.04925666]), array([-0.10896002]))","(array([0.04705809]), array([-0.1087706]))","(array([0.04504644]), array([-0.10871806]))","(array([0.0432798]), array([-0.10881738]))","(array([0.04180405]), array([-0.10907752]))","(array([0.04065289]), array([-0.10950073]))","(array([0.03984878]), array([-0.1100823]))"
(0.37012125455829653+0j),[-0.09740792],[1.],[0.52809652],[1.],"(array([0.17262086]), array([-0.13113078]))","(array([0.05448148]), array([-0.10968083]))","(array([0.05208849]), array([-0.10924501]))","(array([0.04975042]), array([-0.10891905]))","(array([0.04753303]), array([-0.10871459]))","(array([0.04550285]), array([-0.10864887]))","(array([0.04371794]), array([-0.10873634]))","(array([0.04222411]), array([-0.10898574]))","(array([0.0410551]), array([-0.10939966]))","(array([0.04023321]), array([-0.1099735]))","(array([0.03976966]), array([-0.11069455]))"
(0.36051389025663144+0j),[-0.09730203],[1.],[0.53132729],[1.],"(array([0.17156747]), array([-0.13068395]))","(array([0.05265364]), array([-0.10921619]))","(array([0.0502948]), array([-0.10887243]))","(array([0.0480566]), array([-0.10865164]))","(array([0.046006]), array([-0.10857142]))","(array([0.04420112]), array([-0.10864644]))","(array([0.04268773]), array([-0.10888508]))","(array([0.04149937]), array([-0.10928938]))","(array([0.04065834]), array([-0.10985489]))","(array([0.04017568]), array([-0.11056896]))","(array([0.04004979]), array([-0.11140746]))"
(0.35126253831583404+0j),[-0.09599439],[1.],[0.53533164],[1.],"(array([0.17074128]), array([-0.13005794]))","(array([0.05087884]), array([-0.10882106]))","(array([0.04861834]), array([-0.10858317]))","(array([0.0465457]), array([-0.10848773]))","(array([0.04471937]), array([-0.1085495]))","(array([0.04318511]), array([-0.1087769]))","(array([0.04197633]), array([-0.10917171]))","(array([0.04111505]), array([-0.10972882]))","(array([0.04061228]), array([-0.11043557]))","(array([0.0404663]), array([-0.11126791]))","(array([0.04066091]), array([-0.11218633]))"
(0.34234619114104115+0j),[-0.09355402],[1.],[0.53977906],[1.],"(array([0.17010728]), array([-0.1292601]))","(array([0.04920503]), array([-0.10851079]))","(array([0.04710929]), array([-0.10839979]))","(array([0.04526035]), array([-0.10844808]))","(array([0.04370422]), array([-0.10866392]))","(array([0.04247421]), array([-0.10904896]))","(array([0.04159213]), array([-0.10959791]))","(array([0.04106863]), array([-0.11029749]))","(array([0.040902]), array([-0.11112356]))","(array([0.04107596]), array([-0.11203668]))","(array([0.04155951]), array([-0.11297964]))"
(0.3336407419987113+0j),[-0.09005311],[1.],[0.54427106],[1.],"(array([0.16962756]), array([-0.12832091]))","(array([0.04768265]), array([-0.10830986]))","(array([0.04581057]), array([-0.10834467]))","(array([0.04423193]), array([-0.10854907]))","(array([0.0429802]), array([-0.10892441]))","(array([0.04207704]), array([-0.10946511]))","(array([0.04153282]), array([-0.1101578]))","(array([0.04134545]), array([-0.11097791]))","(array([0.04149868]), array([-0.11188583]))","(array([0.04196151]), array([-0.11282441]))","(array([0.04269129]), array([-0.1137194]))"
(0.3249793429057486+0j),[-0.08555112],[1.],[0.54841196],[1.],"(array([0.16925994]), array([-0.12727703]))","(array([0.04635642]), array([-0.10824193]))","(array([0.04475529]), array([-0.10843512]))","(array([0.04348173]), array([-0.10880109]))","(array([0.0425575]), array([-0.10933387]))","(array([0.04199278]), array([-0.11001977]))","(array([0.04178518]), array([-0.11083417]))","(array([0.04191813]), array([-0.11173728]))","(array([0.04236063]), array([-0.1126717]))","(array([0.04307012]), array([-0.11356323]))","(array([0.04399989]), array([-0.11432903]))"
(0.3162292526303564+0j),[-0.08009045],[1.],[0.55189562],[1.],"(array([0.16896738]), array([-0.12615929]))","(array([0.0452624]), array([-0.10832476]))","(array([0.04396755]), array([-0.10868169]))","(array([0.04302263]), array([-0.10920699]))","(array([0.04243788]), array([-0.10988658]))","(array([0.04221072]), array([-0.11069552]))","(array([0.0423243]), array([-0.11159402]))","(array([0.04274739]), array([-0.11252469]))","(array([0.0434374]), array([-0.11341303]))","(array([0.04434774]), array([-0.1141762]))","(array([0.04543738]), array([-0.11473821]))"
(0.30734810750723046+0j),[-0.07370159],[1.],[0.55456888],[1.],"(array([0.16873166]), array([-0.12498831]))","(array([0.04442828]), array([-0.10856859]))","(array([0.0434636]), array([-0.10908679]))","(array([0.04285963]), array([-0.10976053]))","(array([0.04261378]), array([-0.11056456]))","(array([0.04270902]), array([-0.11145877]))","(array([0.04311391]), array([-0.11238584]))","(array([0.0437857]), array([-0.11327135]))","(array([0.04467776]), array([-0.1140322]))","(array([0.04574919]), array([-0.1145923]))","(array([0.04697222]), array([-0.11489812]))"
(0.29840584431784856+0j),[-0.06641289],[1.],[0.55645819],[1.],"(array([0.16856357]), array([-0.12377533]))","(array([0.04387409]), array([-0.10897504]))","(array([0.04325208]), array([-0.10964332]))","(array([0.04298864]), array([-0.11044287]))","(array([0.0430667]), array([-0.11133336]))","(array([0.04345468]), array([-0.11225717]))","(array([0.04410966]), array([-0.11313995]))","(array([0.04498491]), array([-0.11389872]))","(array([0.0460395]), array([-0.1144572]))","(array([0.04724579]), array([-0.11476172]))","(array([0.04859255]), array([-0.11479149]))"
(0.28958973071205385+0j),[-0.05826295],[1.],[0.5577823],[1.],"(array([0.1685082]), array([-0.12252434]))","(array([0.04361188]), array([-0.10953596]))","(array([0.04333218]), array([-0.1103314]))","(array([0.04339434]), array([-0.11121857]))","(array([0.04376674]), array([-0.11213963]))","(array([0.04440633]), array([-0.11302]))","(array([0.04526628]), array([-0.11377674]))","(array([0.0463056]), array([-0.11433373]))","(array([0.04749662]), array([-0.11463719]))","(array([0.04882825]), array([-0.11466616]))","(array([0.05030615]), array([-0.11443855]))"
(0.2812131213748074+0j),[-0.0493152],[1.],[0.55897638],[1.],"(array([0.16864921]), array([-0.12123466]))","(array([0.04364364]), array([-0.11023043]))","(array([0.04369127]), array([-0.11111457]))","(array([0.04404942]), array([-0.11203322]))","(array([0.04467501]), array([-0.11291162]))","(array([0.0455211]), array([-0.11366663]))","(array([0.04654664]), array([-0.11422215]))","(array([0.04772396]), array([-0.11452455]))","(array([0.04904194]), array([-0.11455289]))","(array([0.05050636]), array([-0.11432492]))","(array([0.05214]), array([-0.11390305]))"
(0.27372932005796335+0j),[-0.03967383],[1.],[0.56072299],[1.],"(array([0.16911333]), array([-0.11990155]))","(array([0.0439586]), array([-0.11102102]))","(array([0.04430383]), array([-0.11193749]))","(array([0.04491673]), array([-0.1128142]))","(array([0.04575032]), array([-0.11356782]))","(array([0.04676347]), array([-0.11412211]))","(array([0.04792847]), array([-0.11442346]))","(array([0.04923425]), array([-0.11445109]))","(array([0.0506866]), array([-0.11422285]))","(array([0.05230838]), array([-0.11380102]))","(array([0.05414062]), array([-0.11329994]))"
(0.26772655266820494+0j),[-0.02949991],[1.],[0.56393677],[1.],"(array([0.17006997]), array([-0.11851626]))","(array([0.04453212]), array([-0.11185167]))","(array([0.04513356]), array([-0.11272684]))","(array([0.04595587]), array([-0.1134793]))","(array([0.04695789]), array([-0.11403263]))","(array([0.04811188]), array([-0.11433312]))","(array([0.04940672]), array([-0.11436002]))","(array([0.05084828]), array([-0.11413137]))","(array([0.05245948]), array([-0.1137096]))","(array([0.05428142]), array([-0.11320897]))","(array([0.05637214]), array([-0.1127992]))"
(0.2638651095558062+0j),[-0.01902273],[1.],[0.56961414],[1.],"(array([0.17171163]), array([-0.11706689]))","(array([0.04532802]), array([-0.11264857]))","(array([0.04614015]), array([-0.11339998]))","(array([0.04713216]), array([-0.11395252]))","(array([0.04827626]), array([-0.11425236]))","(array([0.04956132]), array([-0.11427869]))","(array([0.05099321]), array([-0.1140496]))","(array([0.05259493]), array([-0.11362769]))","(array([0.05440769]), array([-0.11312746]))","(array([0.05648959]), array([-0.11271858]))","(array([0.05890442]), array([-0.1126111]))"
(0.262745732238989+0j),[-0.00853768],[1.],[0.57851943],[1.],"(array([0.17420352]), array([-0.11553988]))","(array([0.04630551]), array([-0.11332886]))","(array([0.04728848]), array([-0.1138807]))","(array([0.04842369]), array([-0.11418003]))","(array([0.04969999]), array([-0.11420596]))","(array([0.05112323]), array([-0.11397653]))","(array([0.05271645]), array([-0.11355444]))","(array([0.05452094]), array([-0.11305436]))","(array([0.05659496]), array([-0.11264624]))","(array([0.05900238]), array([-0.11254013]))","(array([0.06178601]), array([-0.11294075]))"
(0.26476858965522165+0j),[0.00161426],[1.],[0.5908548],[1.],"(array([0.1776172]), array([-0.11392575]))","(array([0.04742881]), array([-0.11381627]))","(array([0.04855599]), array([-0.11411515]))","(array([0.04982441]), array([-0.11414078]))","(array([0.05123991]), array([-0.11391116]))","(array([0.05282553]), array([-0.11348898]))","(array([0.05462261]), array([-0.112989]))","(array([0.05668952]), array([-0.11258135]))","(array([0.0590903]), array([-0.11247638]))","(array([0.06186784]), array([-0.11287885]))","(array([0.06500977]), array([-0.11392275]))"
(0.2700639408133703+0j),[0.01108094],[1.],[0.60613464],[1.],"(array([0.18188771]), array([-0.11222802]))","(array([0.04867471]), array([-0.11405696]))","(array([0.04993601]), array([-0.11408233]))","(array([0.05134456]), array([-0.11385259]))","(array([0.05292338]), array([-0.11343043]))","(array([0.05471384]), array([-0.11293061]))","(array([0.05677438]), array([-0.11252336]))","(array([0.05916916]), array([-0.11241923]))","(array([0.06194124]), array([-0.11282326]))","(array([0.0650783]), array([-0.11386947]))","(array([0.06849234]), array([-0.11557238]))"
(0.27850746442198143+0j),[0.0195362],[1.],[0.62331643],[1.],"(array([0.18682126]), array([-0.11047069]))","(array([0.05003601]), array([-0.11402998]))","(array([0.05143828]), array([-0.11380014]))","(array([0.05301101]), array([-0.11337804]))","(array([0.05479557]), array([-0.11287846]))","(array([0.05685044]), array([-0.11247165]))","(array([0.05923986]), array([-0.11236826]))","(array([0.06200698]), array([-0.1127735]))","(array([0.06513968]), array([-0.11382166]))","(array([0.06854996]), array([-0.11552726]))","(array([0.07208132]), array([-0.11778128]))"
(0.2897745072843365+0j),[0.02671007],[1.],[0.64105805],[1.],"(array([0.19214221]), array([-0.10870096]))","(array([0.05152213]), array([-0.11375324]))","(array([0.05308936]), array([-0.11333118]))","(array([0.05486864]), array([-0.11283186]))","(array([0.05691847]), array([-0.11242554]))","(array([0.05930312]), array([-0.11232289]))","(array([0.06206584]), array([-0.11272922]))","(array([0.06519459]), array([-0.11377894]))","(array([0.06860149]), array([-0.11548685]))","(array([0.07213005]), array([-0.11774382]))","(array([0.0755836]), array([-0.12035134]))"
(0.30339267468120745+0j),[0.03240894],[1.],[0.65796371],[1.],"(array([0.19755035]), array([-0.10698963]))","(array([0.05315948]), array([-0.11328931]))","(array([0.05493398]), array([-0.11279019]))","(array([0.05697928]), array([-0.11238433]))","(array([0.0593597]), array([-0.11228244]))","(array([0.06211852]), array([-0.11268983]))","(array([0.06524377]), array([-0.11374098]))","(array([0.06864762]), array([-0.11545076]))","(array([0.07217366]), array([-0.11771031]))","(array([0.07562521]), array([-0.12032093]))","(array([0.07879862]), array([-0.12304106]))"
(0.318778521046339+0j),[0.03652691],[1.],[0.67275985],[1.],"(array([0.20276902]), array([-0.10543343]))","(array([0.05499274]), array([-0.11275282]))","(array([0.05703392]), array([-0.11234733]))","(array([0.05941051]), array([-0.11224614]))","(array([0.06216584]), array([-0.11265457]))","(array([0.06528798]), array([-0.1137071]))","(array([0.06868914]), array([-0.11541859]))","(array([0.07221291]), array([-0.11768028]))","(array([0.07566266]), array([-0.12029367]))","(array([0.0788347]), array([-0.12301695]))","(array([0.08154513]), array([-0.12560512]))"
(0.33526045474073707+0j),[0.03905014],[1.],[0.68440393],[1.],"(array([0.20757872]), array([-0.10416075]))","(array([0.05708366]), array([-0.11231383]))","(array([0.05945672]), array([-0.11221317]))","(array([0.06220885]), array([-0.11262256]))","(array([0.06532817]), array([-0.11367642]))","(array([0.06872692]), array([-0.11538959]))","(array([0.07224869]), array([-0.11765325]))","(array([0.07569681]), array([-0.12026901]))","(array([0.07886763]), array([-0.12299519]))","(array([0.0815772]), array([-0.12558649]))","(array([0.08367902]), array([-0.1278217]))"
(0.352098892471318+0j),[0.04005393],[1.],[0.6921513],[1.],"(array([0.21183654]), array([-0.10333495]))","(array([0.05949967]), array([-0.11218279]))","(array([0.06224878]), array([-0.11259291]))","(array([0.06536545]), array([-0.113648]))","(array([0.06876198]), array([-0.11536281]))","(array([0.07228193]), array([-0.11762842]))","(array([0.07572862]), array([-0.1202464]))","(array([0.07889833]), array([-0.12297518]))","(array([0.08160713]), array([-0.12556948]))","(array([0.08370846]), array([-0.12780778]))","(array([0.08510369]), array([-0.12951038]))"
(0.36852033137744344+0j),[0.03968912],[1.],[0.69560122],[1.],"(array([0.21547872]), array([-0.10314116]))","(array([0.06228695]), array([-0.11256493]))","(array([0.06540102]), array([-0.11362098]))","(array([0.06879538]), array([-0.11533731]))","(array([0.07231361]), array([-0.11760488]))","(array([0.07575899]), array([-0.1202251]))","(array([0.07892774]), array([-0.12295635]))","(array([0.08163586]), array([-0.1255535]))","(array([0.08373676]), array([-0.12779487]))","(array([0.08513178]), array([-0.1295005]))","(array([0.08577559]), array([-0.13054508]))"
(0.383776392202414+0j),[0.03815622],[1.],[0.69472231],[1.],"(array([0.21850273]), array([-0.10374508]))","(array([0.06543606]), array([-0.11359477]))","(array([0.06882819]), array([-0.11531235]))","(array([0.07234467]), array([-0.11758178]))","(array([0.07578878]), array([-0.12020429]))","(array([0.07895667]), array([-0.12293809]))","(array([0.08166422]), array([-0.12553801]))","(array([0.08376479]), array([-0.12778248]))","(array([0.08515964]), array([-0.12949124]))","(array([0.08580343]), array([-0.13053876]))","(array([0.08570486]), array([-0.13086412]))"
(0.39721903278783166+0j),[0.03567242],[1.],[0.68983926],[1.],"(array([0.22093454]), array([-0.10523417]))","(array([0.0688614]), array([-0.11528751]))","(array([0.07237599]), array([-0.11755853]))","(array([0.07581875]), array([-0.12018328]))","(array([0.07898578]), array([-0.12291975]))","(array([0.08169287]), array([-0.12552255]))","(array([0.08379324]), array([-0.12777014]))","(array([0.08518803]), array([-0.12948222]))","(array([0.08583182]), array([-0.13053288]))","(array([0.08573335]), array([-0.13086105]))","(array([0.08495035]), array([-0.13047482]))"
(0.40836917330753214+0j),[0.03244263],[1.],[0.68157032],[1.],"(array([0.22279878]), array([-0.10757596]))","(array([0.07240838]), array([-0.11753486]))","(array([0.07584958]), array([-0.12016164]))","(array([0.07901564]), array([-0.12290077]))","(array([0.08172228]), array([-0.12550664]))","(array([0.08382256]), array([-0.12775746]))","(array([0.08521747]), array([-0.129473]))","(array([0.08586143]), array([-0.13052714]))","(array([0.08576306]), array([-0.13085839]))","(array([0.08498019]), array([-0.13047478]))","(array([0.08360882]), array([-0.12944895]))"
(0.41696244880255773+0j),[0.02864227],[1.],[0.67072804],[1.],"(array([0.22410658]), array([-0.11061916]))","(array([0.07588196]), array([-0.12013917]))","(array([0.07904682]), array([-0.12288083]))","(array([0.08175289]), array([-0.12548982]))","(array([0.08385312]), array([-0.12774411]))","(array([0.08524831]), array([-0.12946323]))","(array([0.08589266]), array([-0.13052113]))","(array([0.08579459]), array([-0.13085592]))","(array([0.08501185]), array([-0.13047522]))","(array([0.08364057]), array([-0.12945174]))","(array([0.08180066]), array([-0.12790855]))"
(0.4229699175854047+0j),[0.02441177],[1.],[0.65820881],[1.],"(array([0.22485933]), array([-0.11413028]))","(array([0.07907997]), array([-0.12285977]))","(array([0.08178524]), array([-0.12547184]))","(array([0.08388531]), array([-0.12772974]))","(array([0.08528083]), array([-0.12945271]))","(array([0.08592578]), array([-0.13051448]))","(array([0.08582831]), array([-0.13085321]))","(array([0.08504594]), array([-0.13047598]))","(array([0.08367475]), array([-0.12945515]))","(array([0.08183483]), array([-0.12791393]))","(array([0.07965531]), array([-0.12600575]))"
(0.4265980961567965+0j),[0.01985612],[1.],[0.64489371],[1.],"(array([0.2250577]), array([-0.11784066]))","(array([0.08182003]), array([-0.12545253]))","(array([0.08391974]), array([-0.12771409]))","(array([0.08531552]), array([-0.12944113]))","(array([0.08596115]), array([-0.13050708]))","(array([0.08586454]), array([-0.13084989]))","(array([0.08508288]), array([-0.13047664]))","(array([0.08371203]), array([-0.12945907]))","(array([0.0818721]), array([-0.12792014]))","(array([0.07969242]), array([-0.12601348]))","(array([0.07729848]), array([-0.12390206]))"
(0.4282693551617677+0j),[0.01504315],[1.],[0.63157371],[1.],"(array([0.2247087]), array([-0.12148631]))","(array([0.08395726]), array([-0.12769694]))","(array([0.08535314]), array([-0.12942823]))","(array([0.08599942]), array([-0.13049867]))","(array([0.08590378]), array([-0.13084588]))","(array([0.08512313]), array([-0.1304768]))","(array([0.08375301]), array([-0.1294631]))","(array([0.08191333]), array([-0.12792711]))","(array([0.07973347]), array([-0.12602229]))","(array([0.07733917]), array([-0.12391187]))","(array([0.07484206]), array([-0.12175133]))"
(0.42857586220203925+0j),[0.0099996],[1.],[0.61890065],[1.],"(array([0.22382999]), array([-0.12483557]))","(array([0.08539483]), array([-0.12941372]))","(array([0.08604166]), array([-0.13048896]))","(array([0.08594699]), array([-0.13084101]))","(array([0.08516751]), array([-0.13047644]))","(array([0.08379845]), array([-0.12946683]))","(array([0.0819594]), array([-0.12793445]))","(array([0.07977962]), array([-0.12603213]))","(array([0.07738492]), array([-0.12392302]))","(array([0.07488722]), array([-0.12176293]))","(array([0.0723769]), array([-0.11968841]))"
(0.42819693153192784+0j),[0.00470878],[1.],[0.60735265],[1.],"(array([0.22245195]), array([-0.1277075]))","(array([0.08608939]), array([-0.13047763]))","(array([0.08599567]), array([-0.13083495]))","(array([0.0852174]), array([-0.13047543]))","(array([0.08384956]), array([-0.1294703]))","(array([0.08201148]), array([-0.12794178]))","(array([0.07983215]), array([-0.12604268]))","(array([0.07743728]), array([-0.12393554]))","(array([0.07493892]), array([-0.12177617]))","(array([0.07242772]), array([-0.11970149]))","(array([0.06996789]), array([-0.1178222]))"
(0.4277773466472375+0j),[-0.00088566],[1.],[0.59720052],[1.],"(array([0.22061662]), array([-0.12998461]))","(array([0.08605186]), array([-0.13082738]))","(array([0.08527482]), array([-0.13047347]))","(array([0.08390829]), array([-0.12947345]))","(array([0.08207135]), array([-0.12794921]))","(array([0.07989277]), array([-0.12605357]))","(array([0.07749806]), array([-0.12394914]))","(array([0.0749992]), array([-0.12179113]))","(array([0.072487]), array([-0.11971651]))","(array([0.07002596]), array([-0.1178364]))","(array([0.06765083]), array([-0.11623]))"
(0.42777608020753805+0j),[-0.00686452],[1.],[0.58847465],[1.],"(array([0.21837156]), array([-0.13162085]))","(array([0.08534243]), array([-0.13047032]))","(array([0.08397727]), array([-0.12947605]))","(array([0.08214157]), array([-0.12795676]))","(array([0.07996387]), array([-0.126065]))","(array([0.07756955]), array([-0.12396348]))","(array([0.07507044]), array([-0.12180753]))","(array([0.07255733]), array([-0.11973357]))","(array([0.07009487]), array([-0.11785279]))","(array([0.06771811]), array([-0.11624483]))","(array([0.06543068]), array([-0.11495058]))"
(0.4283174015025215+0j),[-0.01330303],[1.],[0.58095924],[1.],"(array([0.21575995]), array([-0.13264135]))","(array([0.08405969]), array([-0.129478]))","(array([0.08222529]), array([-0.1279643]))","(array([0.08004855]), array([-0.12607707]))","(array([0.07765468]), array([-0.12397881]))","(array([0.07515545]), array([-0.12182506]))","(array([0.07264158]), array([-0.1197524]))","(array([0.0701777]), array([-0.11787146]))","(array([0.067799]), array([-0.11626201]))","(array([0.06550938]), array([-0.11496536]))","(array([0.06328338]), array([-0.11397757]))"
(0.42912706148068774+0j),[-0.02023117],[1.],[0.57426567],[1.],"(array([0.21281619]), array([-0.13313001]))","(array([0.08232607]), array([-0.12797193]))","(array([0.08015032]), array([-0.12608978]))","(array([0.07775691]), array([-0.12399533]))","(array([0.07525754]), array([-0.121844]))","(array([0.07274291]), array([-0.11977267]))","(array([0.07027762]), array([-0.11789214]))","(array([0.06789685]), array([-0.11628159]))","(array([0.06560464]), array([-0.11498248]))","(array([0.06337577]), array([-0.11399135]))","(array([0.06116597]), array([-0.11326129]))"
(0.4296387714262277+0j),[-0.02760038],[1.],[0.5679982],[1.],"(array([0.20957743]), array([-0.13320687]))","(array([0.08027284]), array([-0.12610343]))","(array([0.07787987]), array([-0.12401317]))","(array([0.07538024]), array([-0.12186459]))","(array([0.07286469]), array([-0.11979461]))","(array([0.07039788]), array([-0.11791441]))","(array([0.06801495]), array([-0.11630324]))","(array([0.06571989]), array([-0.11500194]))","(array([0.0634876]), array([-0.11400726]))","(array([0.06127409]), array([-0.11327285]))","(array([0.05903701]), array([-0.11272726]))"
(0.4292268820961512+0j),[-0.0352744],[1.],[0.56192261],[1.],"(array([0.20610588]), array([-0.13300278]))","(array([0.07802703]), array([-0.12403269]))","(array([0.07552706]), array([-0.12188707]))","(array([0.07301034]), array([-0.11981851]))","(array([0.07054168]), array([-0.11793839]))","(array([0.06815636]), array([-0.11632641]))","(array([0.06585825]), array([-0.11502334]))","(array([0.06362217]), array([-0.11402523]))","(array([0.06140428]), array([-0.11328607]))","(array([0.0591625]), array([-0.1127351]))","(array([0.05687955]), array([-0.11230596]))"
(0.4274138099193593+0j),[-0.04304798],[1.],[0.55602802],[1.],"(array([0.20250137]), array([-0.13263962]))","(array([0.07570108]), array([-0.1219117]))","(array([0.07318304]), array([-0.11984462]))","(array([0.07071214]), array([-0.11796438]))","(array([0.06832392]), array([-0.11635109]))","(array([0.06602244]), array([-0.11504597]))","(array([0.0637823]), array([-0.11404479]))","(array([0.06155954]), array([-0.11330085]))","(array([0.05931229]), array([-0.11274393]))","(array([0.05702356]), array([-0.11230847]))","(array([0.05471302]), array([-0.11195555]))"
(0.42396173682699234+0j),[-0.05068127],[1.],[0.55047571],[1.],"(array([0.19889216]), array([-0.13221944]))","(array([0.07338546]), array([-0.119873]))","(array([0.07091207]), array([-0.1179926]))","(array([0.0685204]), array([-0.11637751]))","(array([0.06621488]), array([-0.1150696]))","(array([0.06397027]), array([-0.11406506]))","(array([0.06174231]), array([-0.11331667]))","(array([0.05948901]), array([-0.11275361]))","(array([0.05719366]), array([-0.11231111]))","(array([0.05487622]), array([-0.11195115]))","(array([0.05258843]), array([-0.1116658]))"
(0.41886476648791315+0j),[-0.05793448],[1.],[0.5455048],[1.],"(array([0.19541153]), array([-0.13182115]))","(array([0.07114365]), array([-0.11802288]))","(array([0.06874817]), array([-0.1164059]))","(array([0.06643787]), array([-0.11509446]))","(array([0.06418799]), array([-0.11408563]))","(array([0.06195435]), array([-0.11333253]))","(array([0.0596946]), array([-0.11276362]))","(array([0.05739197]), array([-0.11231377]))","(array([0.05506676]), array([-0.11194592]))","(array([0.05277099]), array([-0.1116531]))","(array([0.05057351]), array([-0.1114481]))"
(0.41229413170142126+0j),[-0.06459348],[1.],[0.5413539],[1.],"(array([0.19217413]), array([-0.13150068]))","(array([0.06900878]), array([-0.11643591]))","(array([0.06669319]), array([-0.11512074]))","(array([0.06443713]), array([-0.11410666]))","(array([0.06219689]), array([-0.1133478]))","(array([0.05993015]), array([-0.11277289]))","(array([0.05761978]), array([-0.11231595]))","(array([0.05528612]), array([-0.11193985]))","(array([0.05298152]), array([-0.11163866]))","(array([0.05077505]), array([-0.11142607]))","(array([0.04873744]), array([-0.11132274]))"
(0.40453579190191785+0j),[-0.07048344],[1.],[0.53821837],[1.],"(array([0.18925961]), array([-0.13129001]))","(array([0.06698155]), array([-0.11514812]))","(array([0.06471861]), array([-0.11412838]))","(array([0.06247072]), array([-0.11336263]))","(array([0.06019601]), array([-0.11278062]))","(array([0.05787734]), array([-0.11231657]))","(array([0.05553471]), array([-0.11193247]))","(array([0.05322058]), array([-0.11162255]))","(array([0.05100433]), array([-0.1114015]))","(array([0.04895686]), array([-0.11129077]))","(array([0.04714061]), array([-0.11130998]))"
(0.39593804589384346+0j),[-0.07547212],[1.],[0.53623704],[1.],"(array([0.18670466]), array([-0.13119218]))","(array([0.06503205]), array([-0.11415066]))","(array([0.0627757]), array([-0.11337736]))","(array([0.0604919]), array([-0.112787]))","(array([0.05816391]), array([-0.11231475]))","(array([0.05581171]), array([-0.11192275]))","(array([0.05348753]), array([-0.1116044]))","(array([0.05126085]), array([-0.11137462]))","(array([0.04920281]), array([-0.11125573]))","(array([0.04737595]), array([-0.11126796]))","(array([0.04583004]), array([-0.11142583]))"
(0.3868710923040815+0j),[-0.07946719],[1.],[0.53549312],[1.],"(array([0.18450322]), array([-0.13117497]))","(array([0.06311013]), array([-0.11339215]))","(array([0.0608164]), array([-0.11279258]))","(array([0.05847799]), array([-0.11231087]))","(array([0.05611527]), array([-0.11190992]))","(array([0.05378042]), array([-0.11158329]))","(array([0.0515428]), array([-0.11134514]))","(array([0.04947359]), array([-0.11121793]))","(array([0.04763552]), array([-0.11122259]))","(array([0.04607838]), array([-0.11137407]))","(array([0.04483863]), array([-0.11168051]))"
(0.37769216098953745+0j),[-0.08241281],[1.],[0.53601431],[1.],"(array([0.18261663]), array([-0.13117229]))","(array([0.06116648]), array([-0.1127977]))","(array([0.05881689]), array([-0.11230565]))","(array([0.05644265]), array([-0.11189463]))","(array([0.05409627]), array([-0.11155873]))","(array([0.05184711]), array([-0.11131235]))","(array([0.04976627]), array([-0.11117726]))","(array([0.04791648]), array([-0.11117433]))","(array([0.04634764]), array([-0.11131901]))","(array([0.04509617]), array([-0.11161973]))","(array([0.04418577]), array([-0.11207765]))"
(0.36870815422962894+0j),[-0.08428788],[1.],[0.53776239],[1.],"(array([0.1809933]), array([-0.13110251]))","(array([0.0591764]), array([-0.11229948]))","(array([0.05678997]), array([-0.11187769]))","(array([0.05443123]), array([-0.1115317]))","(array([0.0521698]), array([-0.11127623]))","(array([0.05007682]), array([-0.11113329]))","(array([0.04821493]), array([-0.11112324]))","(array([0.04663398]), array([-0.11126123]))","(array([0.04537044]), array([-0.111556]))","(array([0.04444795]), array([-0.1120089]))","(array([0.04387723]), array([-0.11261247]))"
(0.360132784438553+0j),[-0.08510334],[1.],[0.54061059],[1.],"(array([0.17958876]), array([-0.1308981]))","(array([0.0571521]), array([-0.11185954]))","(array([0.05478046]), array([-0.11150301]))","(array([0.05250613]), array([-0.11123798]))","(array([0.05040045]), array([-0.11108659]))","(array([0.04852608]), array([-0.11106937]))","(array([0.04693279]), array([-0.11120113]))","(array([0.04565691]), array([-0.11149014]))","(array([0.04472212]), array([-0.11193792]))","(array([0.04413908]), array([-0.11253716]))","(array([0.04390389]), array([-0.1132682]))"
(0.3520464138818377+0j),[-0.08489405],[1.],[0.54431894],[1.],"(array([0.17837283]), array([-0.1305271]))","(array([0.05513828]), array([-0.11147325]))","(array([0.05285066]), array([-0.11119845]))","(array([0.05073184]), array([-0.11103844]))","(array([0.04884463]), array([-0.11101372]))","(array([0.04723878]), array([-0.11113916]))","(array([0.04595053]), array([-0.11142285]))","(array([0.04500336]), array([-0.11186577]))","(array([0.04440795]), array([-0.11246069]))","(array([0.04416038]), array([-0.11318808]))","(array([0.04424021]), array([-0.11401087]))"
(0.3443790401915622+0j),[-0.08370345],[1.],[0.54853015],[1.],"(array([0.17732177]), array([-0.12999373]))","(array([0.05319768]), array([-0.11115837]))","(array([0.05106551]), array([-0.11098973]))","(array([0.04916522]), array([-0.11095756]))","(array([0.04754666]), array([-0.1110766]))","(array([0.04624601]), array([-0.11135487]))","(array([0.04528662]), array([-0.11179333]))","(array([0.04467896]), array([-0.11238425]))","(array([0.04441913]), array([-0.11310807]))","(array([0.04448672]), array([-0.11392786]))","(array([0.0448449]), array([-0.11478483]))"
(0.3369387773179743+0j),[-0.0815666],[1.],[0.55281028],[1.],"(array([0.1764086]), array([-0.12932398]))","(array([0.05139612]), array([-0.11094131]))","(array([0.04948273]), array([-0.11090179]))","(array([0.0478514]), array([-0.11101461]))","(array([0.04653838]), array([-0.1112876]))","(array([0.04556693]), array([-0.11172154]))","(array([0.04494737]), array([-0.11230875]))","(array([0.04467562]), array([-0.11302935]))","(array([0.04473125]), array([-0.11384631]))","(array([0.04507751]), array([-0.11470091]))","(array([0.04566622]), array([-0.11551532]))"
(0.3294905512456269+0j),[-0.0784991],[1.],[0.55673748],[1.],"(array([0.17560209]), array([-0.12854848]))","(array([0.04979254]), array([-0.11084733]))","(array([0.04814861]), array([-0.11095409]))","(array([0.04682335]), array([-0.11122201]))","(array([0.04584004]), array([-0.11165168]))","(array([0.04520891]), array([-0.1122352]))","(array([0.0449257]), array([-0.11295279]))","(array([0.04496989]), array([-0.11376724]))","(array([0.04530467]), array([-0.11461967]))","(array([0.04588197]), array([-0.11543229]))","(array([0.04665182]), array([-0.11611906]))"
(0.3218524004276032+0j),[-0.07449792],[1.],[0.56000307],[1.],"(array([0.17487777]), array([-0.12769157]))","(array([0.04843477]), array([-0.11089583]))","(array([0.04709758]), array([-0.11115887]))","(array([0.04610269]), array([-0.11158449]))","(array([0.04546033]), array([-0.11216463]))","(array([0.04516615]), array([-0.11287928]))","(array([0.04519945]), array([-0.11369133]))","(array([0.04552339]), array([-0.11454189]))","(array([0.04608981]), array([-0.11535292]))","(array([0.04684887]), array([-0.1160384]))","(array([0.04776006]), array([-0.1165219]))"
(0.3139598497097102+0j),[-0.06955215],[1.],[0.562474],[1.],"(array([0.17423249]), array([-0.12676856]))","(array([0.04735873]), array([-0.11109876]))","(array([0.04635268]), array([-0.11152052]))","(array([0.04569948]), array([-0.1120975]))","(array([0.04539477]), array([-0.11280952]))","(array([0.04541775]), array([-0.1136193]))","(array([0.04573146]), array([-0.11446801]))","(array([0.04628771]), array([-0.11527769]))","(array([0.04703659]), array([-0.11596206]))","(array([0.04793768]), array([-0.11644466]))","(array([0.04896809]), array([-0.11667635]))"
(0.3058839068909041+0j),[-0.06365699],[1.],[0.56420701],[1.],"(array([0.17369198]), array([-0.12578715]))","(array([0.04658881]), array([-0.11146011]))","(array([0.04592524]), array([-0.11203408]))","(array([0.04561045]), array([-0.11274368]))","(array([0.04562363]), array([-0.11355148]))","(array([0.04592771]), array([-0.11439849]))","(array([0.04647443]), array([-0.11520679]))","(array([0.04721383]), array([-0.11589021]))","(array([0.04810547]), array([-0.11637208]))","(array([0.04912651]), array([-0.11660319]))","(array([0.05027346]), array([-0.11657045]))"
(0.2978277140220488+0j),[-0.05682796],[1.],[0.56544706],[1.],"(array([0.17331288]), array([-0.12475039]))","(array([0.04613743]), array([-0.11197447]))","(array([0.04581305]), array([-0.11268178]))","(array([0.04581691]), array([-0.11348778]))","(array([0.04611191]), array([-0.11433335]))","(array([0.04664969]), array([-0.11514042]))","(array([0.04738025]), array([-0.11582284]))","(array([0.04826311]), array([-0.11630404]))","(array([0.04927541]), array([-0.1165347]))","(array([0.05041372]), array([-0.11650162]))","(array([0.05169211]), array([-0.11623082]))"
(0.2901261796775759+0j),[-0.04911481],[1.],[0.56663744],[1.],"(array([0.17318345]), array([-0.1236586]))","(array([0.04600323]), array([-0.11262366]))","(array([0.04599824]), array([-0.11342796]))","(array([0.04628462]), array([-0.11427224]))","(array([0.04681399]), array([-0.11507829]))","(array([0.04753627]), array([-0.11575983]))","(array([0.04841094]), array([-0.11624032]))","(array([0.04941512]), array([-0.11647052]))","(array([0.05054537]), array([-0.1164372]))","(array([0.05181583]), array([-0.11616629]))","(array([0.05325621]), array([-0.11572548]))"
(0.2832482670559775+0j),[-0.04061543],[1.],[0.56843222],[1.],"(array([0.17342459]), array([-0.12250915]))","(array([0.04616884]), array([-0.11337167]))","(array([0.04644703]), array([-0.11421473]))","(array([0.04696842]), array([-0.11501989]))","(array([0.04768289]), array([-0.11570073]))","(array([0.04854987]), array([-0.1161806]))","(array([0.04954645]), array([-0.11641028]))","(array([0.05066919]), array([-0.11637667]))","(array([0.05193222]), array([-0.11610571]))","(array([0.05336533]), array([-0.115665]))","(array([0.05501282]), array([-0.11516781]))"
(0.2777777274697634+0j),[-0.03148913],[1.],[0.57165928],[1.],"(array([0.17418513]), array([-0.12129456]))","(array([0.04660065]), array([-0.11416032]))","(array([0.04711441]), array([-0.11496464]))","(array([0.04782146]), array([-0.11564489]))","(array([0.04868115]), array([-0.11612429]))","(array([0.04967055]), array([-0.11635354]))","(array([0.0507862]), array([-0.11631956]))","(array([0.05204227]), array([-0.11604844]))","(array([0.05346855]), array([-0.11560787]))","(array([0.0551094]), array([-0.11511103]))","(array([0.05702002]), array([-0.114716]))"
(0.2743417972081659+0j),[-0.02196497],[1.],[0.57716698],[1.],"(array([0.17562041]), array([-0.12000061]))","(array([0.04725351]), array([-0.11491198]))","(array([0.04795341]), array([-0.11559167]))","(array([0.04880613]), array([-0.1160707]))","(array([0.0497887]), array([-0.11629965]))","(array([0.05089761]), array([-0.11626539]))","(array([0.05214704]), array([-0.11599404]))","(array([0.05356684]), array([-0.11555346]))","(array([0.05520142]), array([-0.11505697]))","(array([0.05710601]), array([-0.11466261]))","(array([0.05933411]), array([-0.11455589]))"
(0.27348986721134644+0j),[-0.01233765],[1.],[0.58555535],[1.],"(array([0.17784929]), array([-0.11860949]))","(array([0.04808008]), array([-0.11554057]))","(array([0.04892606]), array([-0.11601924]))","(array([0.04990204]), array([-0.11624796]))","(array([0.0510045]), array([-0.11621354]))","(array([0.05224759]), array([-0.11594204]))","(array([0.05366116]), array([-0.1155014]))","(array([0.05528971]), array([-0.11500509]))","(array([0.05718856]), array([-0.11461134]))","(array([0.05941125]), array([-0.11450567]))","(array([0.06198541]), array([-0.11485978]))"
(0.2755781960548232+0j),[-0.00294682],[1.],[0.59692434],[1.],"(array([0.18090438]), array([-0.11710771]))","(array([0.04904197]), array([-0.11596947]))","(array([0.05001154]), array([-0.11619799]))","(array([0.05110775]), array([-0.11616347]))","(array([0.05234472]), array([-0.11589194]))","(array([0.05375231]), array([-0.1154513]))","(array([0.05537502]), array([-0.11495512]))","(array([0.0572683]), array([-0.1145618]))","(array([0.05948579]), array([-0.11445709]))","(array([0.06205518]), array([-0.11481268]))","(array([0.06495125]), array([-0.1157336]))"
(0.2807203158731076+0j),[0.00585644],[1.],[0.61079728],[1.],"(array([0.18470559]), array([-0.11549757]))","(array([0.05011791]), array([-0.11614939]))","(array([0.05120799]), array([-0.11611479]))","(array([0.05243901]), array([-0.11584329]))","(array([0.05384081]), array([-0.11540277]))","(array([0.0554579]), array([-0.11490679]))","(array([0.05734577]), array([-0.11451387]))","(array([0.05955816]), array([-0.1144099]))","(array([0.06212292]), array([-0.11476687]))","(array([0.06501487]), array([-0.11568977]))","(array([0.06814268]), array([-0.11718111]))"
(0.2888056229864536+0j),[0.01374548],[1.],[0.62623953],[1.],"(array([0.18907295]), array([-0.11380701]))","(array([0.0513057]), array([-0.11606726]))","(array([0.05253086]), array([-0.1157958]))","(array([0.053927]), array([-0.11535546]))","(array([0.05553863]), array([-0.11485981]))","(array([0.05742127]), array([-0.11446735]))","(array([0.05962872]), array([-0.11436411]))","(array([0.06218891]), array([-0.11472224]))","(array([0.06507684]), array([-0.11564698]))","(array([0.06820117]), array([-0.1171408]))","(array([0.07141371]), array([-0.11910377]))"
(0.2995481971068789+0j),[0.02044751],[1.],[0.64206959],[1.],"(array([0.19376569]), array([-0.11209098]))","(array([0.05262054]), array([-0.11574934]))","(array([0.05401109]), array([-0.11530918]))","(array([0.05561738]), array([-0.1148139]))","(array([0.05749493]), array([-0.11442203]))","(array([0.05969759]), array([-0.11431961]))","(array([0.06225336]), array([-0.11467887]))","(array([0.06513731]), array([-0.11560521]))","(array([0.06825825]), array([-0.11710138]))","(array([0.07146794]), array([-0.1190673]))","(array([0.0745863]), array([-0.12132918]))"
(0.312533767065884+0j),[0.02576285],[1.],[0.65705935],[1.],"(array([0.19852705]), array([-0.11042917]))","(array([0.05409326]), array([-0.11526385]))","(array([0.05569426]), array([-0.11476892]))","(array([0.05756682]), array([-0.11437769]))","(array([0.05976482]), array([-0.1142762]))","(array([0.06231631]), array([-0.11463669]))","(array([0.06519642]), array([-0.11556463]))","(array([0.068314]), array([-0.11706288]))","(array([0.07152093]), array([-0.11903163]))","(array([0.07463706]), array([-0.12129689]))","(array([0.07747831]), array([-0.12364864]))"
(0.32725188532075317+0j),[0.02957514],[1.],[0.67007798],[1.],"(array([0.20312142]), array([-0.10892537]))","(array([0.05576949]), array([-0.11472482]))","(array([0.05763709]), array([-0.11433416]))","(array([0.0598305]), array([-0.11423364]))","(array([0.06237783]), array([-0.11459548]))","(array([0.06525422]), array([-0.11552513]))","(array([0.06836858]), array([-0.11702545]))","(array([0.07157279]), array([-0.11899678]))","(array([0.07468675]), array([-0.12126533]))","(array([0.07752635]), array([-0.1236208]))","(array([0.0799257]), array([-0.12584914]))"
(0.34311173368154685+0j),[0.03185463],[1.],[0.68017982],[1.],"(array([0.20735956]), array([-0.10770987]))","(array([0.05770601]), array([-0.1142914]))","(array([0.05989486]), array([-0.11419175]))","(array([0.06243806]), array([-0.11455495]))","(array([0.06531082]), array([-0.11548643]))","(array([0.06842207]), array([-0.11698897]))","(array([0.07162368]), array([-0.11896286]))","(array([0.07473554]), array([-0.12123446]))","(array([0.07757353]), array([-0.12359363]))","(array([0.07997175]), array([-0.12582594]))","(array([0.0817969]), array([-0.12773537]))"
(0.35944841461604093+0j),[0.03265455],[1.],[0.68665813],[1.],"(array([0.21111138]), array([-0.10693894]))","(array([0.05995827]), array([-0.11415046]))","(array([0.06249733]), array([-0.11451488]))","(array([0.06536647]), array([-0.11544819]))","(array([0.06847467]), array([-0.11695307]))","(array([0.07167379]), array([-0.11892967]))","(array([0.07478367]), array([-0.12120429]))","(array([0.07762013]), array([-0.12356698]))","(array([0.08001725]), array([-0.12580332]))","(array([0.0818417]), array([-0.12771688]))","(array([0.08300087]), array([-0.1291439]))"
(0.3755393065341359+0j),[0.03209858],[1.],[0.68909069],[1.],"(array([0.21430506]), array([-0.10677917]))","(array([0.06255609]), array([-0.1144752]))","(array([0.06542156]), array([-0.11541014]))","(array([0.06852669]), array([-0.11691735]))","(array([0.07172336]), array([-0.11889682]))","(array([0.07483135]), array([-0.12117465]))","(array([0.07766641]), array([-0.12354081]))","(array([0.08006252]), array([-0.12578111]))","(array([0.08188631]), array([-0.12769893]))","(array([0.08304514]), array([-0.12913013]))","(array([0.08349147]), array([-0.12995436]))"
(0.39065302695952775+0j),[0.03035828],[1.],[0.687383],[1.],"(array([0.21691338]), array([-0.10737025]))","(array([0.0654766]), array([-0.11537226]))","(array([0.06857855]), array([-0.11688156]))","(array([0.07177271]), array([-0.11886389]))","(array([0.07487885]), array([-0.1211451]))","(array([0.07771261]), array([-0.12351493]))","(array([0.08010786]), array([-0.12575915]))","(array([0.08193111]), array([-0.1276813]))","(array([0.08308964]), array([-0.12911688]))","(array([0.08353589]), array([-0.12994522]))","(array([0.08326927]), array([-0.13010047]))"
(0.4041286732177908+0j),[0.02762478],[1.],[0.68178399],[1.],"(array([0.2189333]), array([-0.10877759]))","(array([0.06863081]), array([-0.11684571]))","(array([0.0718223]), array([-0.11883062]))","(array([0.0749265]), array([-0.12111522]))","(array([0.077759]), array([-0.12348894]))","(array([0.08015351]), array([-0.12573726]))","(array([0.0819764]), array([-0.12766376]))","(array([0.08313477]), array([-0.12910394]))","(array([0.08358097]), array([-0.12993663]))","(array([0.08331443]), array([-0.13009578]))","(array([0.0823799]), array([-0.12957874]))"
(0.41545657604106895+0j),[0.02408358],[1.],[0.67284762],[1.],"(array([0.22036944]), array([-0.11096251]))","(array([0.07187271]), array([-0.11879704]))","(array([0.07497478]), array([-0.12108477]))","(array([0.07780591]), array([-0.1234624]))","(array([0.08019972]), array([-0.12571507]))","(array([0.0820224]), array([-0.12764607]))","(array([0.08318085]), array([-0.12909096]))","(array([0.08362719]), array([-0.12992837]))","(array([0.08336074]), array([-0.13009172]))","(array([0.08242633]), array([-0.12957823]))","(array([0.08090726]), array([-0.12844879]))"
(0.42433558596439125+0j),[0.01989867],[1.],[0.66134477],[1.],"(array([0.2212281]), array([-0.11378679]))","(array([0.07502433]), array([-0.12105375]))","(array([0.07785387]), array([-0.12343508]))","(array([0.08024688]), array([-0.12569217]))","(array([0.0820694]), array([-0.12762794]))","(array([0.08322812]), array([-0.12907766]))","(array([0.08367489]), array([-0.12992004]))","(array([0.08340877]), array([-0.13008805]))","(array([0.08247449]), array([-0.12957842]))","(array([0.08095547]), array([-0.12845204]))","(array([0.0789619]), array([-0.12682253]))"
(0.43070039690705064+0j),[0.01520587],[1.],[0.6481521],[1.],"(array([0.22151908]), array([-0.11704379]))","(array([0.07790362]), array([-0.1234069]))","(array([0.08029561]), array([-0.12566829]))","(array([0.08211788]), array([-0.12760896]))","(array([0.08327693]), array([-0.12906381]))","(array([0.08372438]), array([-0.12991126]))","(array([0.08345893]), array([-0.13008433]))","(array([0.08252504]), array([-0.12957913]))","(array([0.08100608]), array([-0.12845615]))","(array([0.07901241]), array([-0.1268291]))","(array([0.07666725]), array([-0.12484543]))"
(0.434722231581578+0j),[0.01011033],[1.],[0.63414553],[1.],"(array([0.22125885]), array([-0.12049704]))","(array([0.08034681]), array([-0.12564329]))","(array([0.08216862]), array([-0.12758885]))","(array([0.08332794]), array([-0.12904903]))","(array([0.08377616]), array([-0.12990186]))","(array([0.08351168]), array([-0.13008011]))","(array([0.08257858]), array([-0.12957989]))","(array([0.08105995]), array([-0.12846094]))","(array([0.07906618]), array([-0.12683668]))","(array([0.07672069]), array([-0.1248548]))","(array([0.07414634]), array([-0.12267544]))"
(0.43678473644961896+0j),[0.00468359],[1.],[0.62011592],[1.],"(array([0.22047139]), array([-0.123913]))","(array([0.08222276]), array([-0.12756739]))","(array([0.08338219]), array([-0.12903302]))","(array([0.08383113]), array([-0.12989152]))","(array([0.08356774]), array([-0.13007528]))","(array([0.08263578]), array([-0.12958021]))","(array([0.08111793]), array([-0.12846596]))","(array([0.07912432]), array([-0.12684519]))","(array([0.07677847]), array([-0.12486541]))","(array([0.07420351]), array([-0.12268709]))","(array([0.07151057]), array([-0.12046476]))"
(0.43743141295049887+0j),[-0.00104009],[1.],[0.60671187],[1.],"(array([0.2191872]), array([-0.12708373]))","(array([0.0834411]), array([-0.12901548]))","(array([0.08389066]), array([-0.12987994]))","(array([0.08362837]), array([-0.13006961]))","(array([0.08269769]), array([-0.12958001]))","(array([0.08118099]), array([-0.12847069]))","(array([0.07918801]), array([-0.12685418]))","(array([0.07684207]), array([-0.12487722]))","(array([0.07426642]), array([-0.12270025]))","(array([0.07157253]), array([-0.12047818]))","(array([0.0688514]), array([-0.11834683]))"
(0.4372796827770823+0j),[-0.00706486],[1.],[0.59440289],[1.],"(array([0.2174417]), array([-0.12984164]))","(array([0.08395662]), array([-0.12986678]))","(array([0.08369538]), array([-0.13006277]))","(array([0.08276602]), array([-0.12957915]))","(array([0.08125064]), array([-0.1284751]))","(array([0.07925867]), array([-0.12686314]))","(array([0.07691307]), array([-0.12488985]))","(array([0.07433697]), array([-0.12271494]))","(array([0.07164201]), array([-0.12049339]))","(array([0.06891954]), array([-0.1183615]))","(array([0.06623494]), array([-0.11642823]))"
(0.4369029183448561+0j),[-0.01342813],[1.],[0.58345254],[1.],"(array([0.2152733]), array([-0.13207024]))","(array([0.08377119]), array([-0.13005447]))","(array([0.08284318]), array([-0.12957738]))","(array([0.08132917]), array([-0.12847918]))","(array([0.07933835]), array([-0.12687208]))","(array([0.07699346]), array([-0.12490277]))","(array([0.07441731]), array([-0.12273081]))","(array([0.07172145]), array([-0.12051048]))","(array([0.06899744]), array([-0.11837824]))","(array([0.06631103]), array([-0.11644356]))","(array([0.0636991]), array([-0.11478299]))"
(0.4366913637654064+0j),[-0.02018459],[1.],[0.57390154],[1.],"(array([0.21272065]), array([-0.13371305]))","(array([0.08293212]), array([-0.12957446]))","(array([0.08141955]), array([-0.12848274]))","(array([0.07942996]), array([-0.12688111]))","(array([0.07708588]), array([-0.12491606]))","(array([0.07450996]), array([-0.12274733]))","(array([0.07181353]), array([-0.1205291]))","(array([0.06908807]), array([-0.11839715]))","(array([0.06639956]), array([-0.11646118]))","(array([0.06378524]), array([-0.11479829]))","(array([0.06125316]), array([-0.1134476]))"
(0.4367252340468338+0j),[-0.02737764],[1.],[0.56558182],[1.],"(array([0.20982009]), array([-0.13477739]))","(array([0.08152524]), array([-0.1284857]))","(array([0.07953696]), array([-0.12689018]))","(array([0.07719372]), array([-0.12492992]))","(array([0.07461807]), array([-0.12276461]))","(array([0.07192123]), array([-0.12054872]))","(array([0.06919453]), array([-0.11841789]))","(array([0.06650391]), array([-0.11648118]))","(array([0.06388681]), array([-0.11481596]))","(array([0.06135164]), array([-0.11346194]))","(array([0.05888159]), array([-0.11241784]))"
(0.4367333264551998+0j),[-0.03500392],[1.],[0.55819556],[1.],"(array([0.20660821]), array([-0.1353275]))","(array([0.07966302]), array([-0.12689936]))","(array([0.0773207]), array([-0.12494446]))","(array([0.07474526]), array([-0.12278295]))","(array([0.07204795]), array([-0.1205694]))","(array([0.06932008]), array([-0.11843987]))","(array([0.06662742]), array([-0.11650319]))","(array([0.06400739]), array([-0.11483605]))","(array([0.06146862]), array([-0.11347855]))","(array([0.05899462]), array([-0.11243004]))","(array([0.0565551]), array([-0.11165356]))"
(0.43619974426955904+0j),[-0.0429858],[1.],[0.55145607],[1.],"(array([0.20313402]), array([-0.13546626]))","(array([0.07747044]), array([-0.12495982]))","(array([0.07489525]), array([-0.12280257]))","(array([0.0721973]), array([-0.12059152]))","(array([0.06946803]), array([-0.11846306]))","(array([0.06677328]), array([-0.11652649]))","(array([0.06415029]), array([-0.11485815]))","(array([0.06160762]), array([-0.11349743]))","(array([0.05912904]), array([-0.11244417]))","(array([0.05668456]), array([-0.11166219]))","(array([0.05424904]), array([-0.11109597]))"
(0.43457125069643593+0j),[-0.05116633],[1.],[0.54521462],[1.],"(array([0.1994747]), array([-0.13531225]))","(array([0.07507131]), array([-0.12282353]))","(array([0.07237269]), array([-0.12061535]))","(array([0.06964171]), array([-0.11848782]))","(array([0.06694449]), array([-0.1165509]))","(array([0.06431838]), array([-0.1148814]))","(array([0.06177168]), array([-0.11351811]))","(array([0.05928809]), array([-0.11246021]))","(array([0.0568379]), array([-0.11167215]))","(array([0.05439629]), array([-0.11109938]))","(array([0.05196176]), array([-0.11069151]))"
(0.43143814949194176+0j),[-0.05932855],[1.],[0.53949558],[1.],"(array([0.19573994]), array([-0.13498025]))","(array([0.0725769]), array([-0.12064065]))","(array([0.0698441]), array([-0.11851443]))","(array([0.06714393]), array([-0.11657673]))","(array([0.06451416]), array([-0.11490538]))","(array([0.06196319]), array([-0.11353956]))","(array([0.05947437]), array([-0.11247761]))","(array([0.05701793]), array([-0.11168342]))","(array([0.0545694]), array([-0.11110332]))","(array([0.05212759]), array([-0.11068803]))","(array([0.04972215]), array([-0.11040816]))"
(0.4266143145596083+0j),[-0.06722806],[1.],[0.53444411],[1.],"(array([0.19205865]), array([-0.13456887]))","(array([0.07007745]), array([-0.11854227]))","(array([0.06737408]), array([-0.11660421]))","(array([0.06473998]), array([-0.11493031]))","(array([0.06218405]), array([-0.11356113]))","(array([0.0596897]), array([-0.11249524]))","(array([0.05722673]), array([-0.11169547]))","(array([0.05477066]), array([-0.11110784]))","(array([0.05232069]), array([-0.11068418]))","(array([0.04990682]), array([-0.11039631]))","(array([0.04758356]), array([-0.11023665]))"
(0.42012849211148123+0j),[-0.07462489],[1.],[0.53024512],[1.],"(array([0.18855585]), array([-0.13415525]))","(array([0.06763666]), array([-0.11663242]))","(array([0.06499777]), array([-0.11495639]))","(array([0.06243602]), array([-0.11358292]))","(array([0.05993533]), array([-0.1125122]))","(array([0.05746545]), array([-0.11170707]))","(array([0.05500149]), array([-0.11111241]))","(array([0.05254272]), array([-0.11068007]))","(array([0.05011955]), array([-0.11038314]))","(array([0.0477868]), array([-0.11021527]))","(array([0.04561004]), array([-0.11018136]))"
(0.41217105808644394+0j),[-0.08130594],[1.],[0.5270606],[1.],"(array([0.18533164]), array([-0.13379341]))","(array([0.06528861]), array([-0.11498263]))","(array([0.06272033]), array([-0.11360515]))","(array([0.06021224]), array([-0.11252846]))","(array([0.05773458]), array([-0.11171714]))","(array([0.0552623]), array([-0.11111581]))","(array([0.05279433]), array([-0.11067526]))","(array([0.0503612]), array([-0.11036893]))","(array([0.04801814]), array([-0.11019177]))","(array([0.04583097]), array([-0.11014979]))","(array([0.04386327]), array([-0.11025005]))"
(0.4030325916486179+0j),[-0.08709551],[1.],[0.52499948],[1.],"(array([0.18244835]), array([-0.13351245]))","(array([0.06303717]), array([-0.11362701]))","(array([0.06052075]), array([-0.11254435]))","(array([0.05803411]), array([-0.11172554]))","(array([0.05555262]), array([-0.11111684]))","(array([0.05307498]), array([-0.1106686]))","(array([0.05063147]), array([-0.11035334]))","(array([0.04827749]), array([-0.11016656]))","(array([0.04607918]), array([-0.11011549]))","(array([0.04410031]), array([-0.11020813]))","(array([0.04239447]), array([-0.11044729]))"
(0.39305270061957015+0j),[-0.09185579],[1.],[0.52411319],[1.],"(array([0.17992633]), array([-0.13331296]))","(array([0.0608599]), array([-0.11255949]))","(array([0.05836324]), array([-0.11173281]))","(array([0.05587129]), array([-0.11111537]))","(array([0.05338311]), array([-0.11065887]))","(array([0.05092876]), array([-0.11033532]))","(array([0.04856343]), array([-0.11013944]))","(array([0.04635345]), array([-0.11007905]))","(array([0.0443628]), array([-0.11016318]))","(array([0.04264517]), array([-0.11039534]))","(array([0.04124156]), array([-0.11077182]))"
(0.3825820653679991+0j),[-0.09548244],[1.],[0.52440222],[1.],"(array([0.17774788]), array([-0.13316355]))","(array([0.0587196]), array([-0.11173918]))","(array([0.05621619]), array([-0.11111223]))","(array([0.05371631]), array([-0.1106461]))","(array([0.05125031]), array([-0.1103138]))","(array([0.04887321]), array([-0.11010953]))","(array([0.04665117]), array([-0.11004041]))","(array([0.0446483]), array([-0.11011593]))","(array([0.04291843]), array([-0.1103404]))","(array([0.04150257]), array([-0.11071062]))","(array([0.0404297]), array([-0.11121632]))"
(0.3719520315646516+0j),[-0.09790075],[1.],[0.52582068],[1.],"(array([0.17586965]), array([-0.1330051]))","(array([0.05658358]), array([-0.11110824]))","(array([0.0540712]), array([-0.11063152]))","(array([0.05159259]), array([-0.11028918]))","(array([0.04920299]), array([-0.11007601]))","(array([0.04696851]), array([-0.10999885]))","(array([0.04495311]), array([-0.1100664]))","(array([0.04321066]), array([-0.11028325]))","(array([0.04178225]), array([-0.11064674]))","(array([0.0406968]), array([-0.11114693]))","(array([0.03997263]), array([-0.11176725]))"
(0.3614443610683804+0j),[-0.09906478],[1.],[0.52827097],[1.],"(array([0.17424181]), array([-0.13276799]))","(array([0.05444296]), array([-0.11061613]))","(array([0.05195116]), array([-0.11026295]))","(array([0.04954837]), array([-0.11003988]))","(array([0.04730085]), array([-0.10995403]))","(array([0.04527257]), array([-0.11001413]))","(array([0.04351732]), array([-0.11022401]))","(array([0.04207611]), array([-0.11058096]))","(array([0.04097792]), array([-0.1110754]))","(array([0.04024096]), array([-0.11169095]))","(array([0.03987312]), array([-0.11240408]))"
(0.35125859014616917+0j),[-0.09895803],[1.],[0.5315888],[1.],"(array([0.17282502]), array([-0.13239593]))","(array([0.05232044]), array([-0.11023588]))","(array([0.04990402]), array([-0.11000249]))","(array([0.04764302]), array([-0.10990743]))","(array([0.04560148]), array([-0.10995952]))","(array([0.04383316]), array([-0.11016265]))","(array([0.04237908]), array([-0.11051365]))","(array([0.04126801]), array([-0.11100259]))","(array([0.0405182]), array([-0.11161327]))","(array([0.04013748]), array([-0.11232231]))","(array([0.04012199]), array([-0.11309721]))"
(0.3414839360099356+0j),[-0.09759117],[1.],[0.53552694],[1.],"(array([0.17159469]), array([-0.13186147]))","(array([0.05026404]), array([-0.10996454]))","(array([0.04798923]), array([-0.10986017]))","(array([0.04593417]), array([-0.10990412]))","(array([0.04415266]), array([-0.11010022]))","(array([0.0426856]), array([-0.11044532]))","(array([0.04156175]), array([-0.11092925]))","(array([0.04079914]), array([-0.11153535]))","(array([0.0404056]), array([-0.11224029]))","(array([0.04037725]), array([-0.11301169]))","(array([0.04069657]), array([-0.113805]))"
(0.3320920067177689+0j),[-0.09499524],[1.],[0.53975338],[1.],"(array([0.17053278]), array([-0.13116563]))","(array([0.0483338]), array([-0.10981305]))","(array([0.04626507]), array([-0.10984894]))","(array([0.04447026]), array([-0.11003814]))","(array([0.04299028]), array([-0.11037732]))","(array([0.04185378]), array([-0.11085624]))","(array([0.04107867]), array([-0.11145816]))","(array([0.04067256]), array([-0.11215931]))","(array([0.0406316]), array([-0.11292729]))","(array([0.04093829]), array([-0.11371764]))","(array([0.04156066]), array([-0.11447135]))"
(0.3229656312158874+0j),[-0.09121041],[1.],[0.54388675],[1.],"(array([0.16961816]), array([-0.13032597]))","(array([0.0465891]), array([-0.10979487]))","(array([0.04478105]), array([-0.10997735]))","(array([0.04328824]), array([-0.11031085]))","(array([0.0421393]), array([-0.11078493]))","(array([0.041352]), array([-0.11138268]))","(array([0.04093383]), array([-0.11208035]))","(array([0.04088072]), array([-0.11284524]))","(array([0.04117517]), array([-0.11363276]))","(array([0.04178533]), array([-0.114384]))","(array([0.04266797]), array([-0.11502798]))"
(0.3139601593375063+0j),[-0.0862732],[1.],[0.54756836],[1.],"(array([0.16882608]), array([-0.12936251]))","(array([0.0450809]), array([-0.10991872]))","(array([0.04357551]), array([-0.11024678]))","(array([0.04241439]), array([-0.11071629]))","(array([0.04161527]), array([-0.11131015]))","(array([0.04118549]), array([-0.11200441]))","(array([0.04112086]), array([-0.1127664]))","(array([0.04140371]), array([-0.11355142]))","(array([0.04200219]), array([-0.11430036]))","(array([0.0428732]), array([-0.11494232]))","(array([0.04397038]), array([-0.11540388]))"
(0.30497030057491625+0j),[-0.08021492],[1.],[0.55054002],[1.],"(array([0.16813716]), array([-0.12828908]))","(array([0.04384906]), array([-0.11018583]))","(array([0.04267616]), array([-0.11065101]))","(array([0.04186563]), array([-0.11124125]))","(array([0.04142474]), array([-0.1119324]))","(array([0.04134916]), array([-0.11269161]))","(array([0.04162112]), array([-0.11347424]))","(array([0.04220867]), array([-0.11422118]))","(array([0.04306868]), array([-0.11486131]))","(array([0.04415492]), array([-0.11532126]))","(array([0.04542748]), array([-0.11553927]))"
(0.2959735172991499+0j),[-0.07307092],[1.],[0.55269383],[1.],"(array([0.16754887]), array([-0.12711174]))","(array([0.04292278]), array([-0.1105896]))","(array([0.04210133]), array([-0.11117641]))","(array([0.04164983]), array([-0.1118647]))","(array([0.04156388]), array([-0.11262145]))","(array([0.04182561]), array([-0.11340184]))","(array([0.04240297]), array([-0.11414682]))","(array([0.04325278]), array([-0.11478537]))","(array([0.04432878]), array([-0.11524388]))","(array([0.04559118]), array([-0.11546064]))","(array([0.04701288]), array([-0.11539864]))"
(0.287047634869869+0j),[-0.06488921],[1.],[0.5540963],[1.],"(array([0.16708425]), array([-0.12583079]))","(array([0.04232163]), array([-0.11111589]))","(array([0.04186007]), array([-0.11180148]))","(array([0.04176433]), array([-0.11255598]))","(array([0.04201645]), array([-0.11333442]))","(array([0.04258429]), array([-0.11407762]))","(array([0.04342465]), array([-0.11471458]))","(array([0.0444912]), array([-0.11517184]))","(array([0.04574415]), array([-0.1153875]))","(array([0.0471565]), array([-0.11532456]))","(array([0.04871646]), array([-0.11497918]))"
(0.27838128111067734+0j),[-0.05573946],[1.],[0.55501036],[1.],"(array([0.16679845]), array([-0.12444327]))","(array([0.0420557]), array([-0.11174271]))","(array([0.04195071]), array([-0.1124951]))","(array([0.0421938]), array([-0.11327178]))","(array([0.04275278]), array([-0.11401344]))","(array([0.04358434]), array([-0.11464899]))","(array([0.04464216]), array([-0.11510497]))","(array([0.04588641]), array([-0.11531964]))","(array([0.04729009]), array([-0.11525589]))","(array([0.04884149]), array([-0.11490986]))","(array([0.05054529]), array([-0.11431659]))"
(0.2702925376747536+0j),[-0.04572486],[1.],[0.55593467],[1.],"(array([0.16678585]), array([-0.12294521]))","(array([0.04212403]), array([-0.11243851]))","(array([0.04235862]), array([-0.11321354]))","(array([0.04290928]), array([-0.11395383]))","(array([0.04373265]), array([-0.11458817]))","(array([0.04478236]), array([-0.11504303]))","(array([0.04601856]), array([-0.11525668]))","(array([0.04741426]), array([-0.11519215]))","(array([0.04895774]), array([-0.11484557]))","(array([0.05065375]), array([-0.11425192]))","(array([0.05252516]), array([-0.11349241]))"
(0.263251670486338+0j),[-0.03499669],[1.],[0.55764651],[1.],"(array([0.16718803]), array([-0.12133287]))","(array([0.0425124]), array([-0.11315923]))","(array([0.04305521]), array([-0.11389823]))","(array([0.0438709]), array([-0.1145315]))","(array([0.04491303]), array([-0.11498541]))","(array([0.04614173]), array([-0.11519816]))","(array([0.04752999]), array([-0.11513283]))","(array([0.04906615]), array([-0.11478565]))","(array([0.05075493]), array([-0.11419168]))","(array([0.05261928]), array([-0.11343206]))","(array([0.05470273]), array([-0.11264382]))"
(0.25787683830065283+0j),[-0.02376814],[1.],[0.56117872],[1.],"(array([0.16819422]), array([-0.11960304]))","(array([0.04319228]), array([-0.11384604]))","(array([0.04400068]), array([-0.11447829]))","(array([0.04503566]), array([-0.11493135]))","(array([0.04625731]), array([-0.11514336]))","(array([0.04763861]), array([-0.11507732]))","(array([0.04916788]), array([-0.11472952]))","(array([0.05084992]), array([-0.11413514]))","(array([0.05270767]), array([-0.11337544]))","(array([0.05478475]), array([-0.11258739]))","(array([0.05714409]), array([-0.11196752]))"
(0.25485554275752065+0j),[-0.01232156],[1.],[0.56761954],[1.],"(array([0.17001528]), array([-0.11775319]))","(array([0.04412362]), array([-0.1144279]))","(array([0.04515177]), array([-0.11488017]))","(array([0.04636673]), array([-0.11509152]))","(array([0.04774143]), array([-0.11502489]))","(array([0.0492642]), array([-0.11467656]))","(array([0.05093983]), array([-0.11408173]))","(array([0.05279136]), array([-0.11332181]))","(array([0.05486244]), array([-0.11253395]))","(array([0.05721606]), array([-0.11191463]))","(array([0.05992019]), array([-0.11169926]))"
(0.2547857369580958+0j),[-0.00100036],[1.],[0.57772153],[1.],"(array([0.17281975]), array([-0.11578386]))","(array([0.04526276]), array([-0.11483126]))","(array([0.04647127]), array([-0.11504198]))","(array([0.04783965]), array([-0.11497484]))","(array([0.04935621]), array([-0.11462607]))","(array([0.05102575]), array([-0.11403088]))","(array([0.05287132]), array([-0.11327072]))","(array([0.05493664]), array([-0.11248288]))","(array([0.05728483]), array([-0.11186406]))","(array([0.05998389]), array([-0.11164968]))","(array([0.0630735]), array([-0.11205588]))"
(0.2580201968581461+0j),[0.00981914],[1.],[0.59153773],[1.],"(array([0.17665596]), array([-0.11370396]))","(array([0.04657199]), array([-0.11499424]))","(array([0.04793424]), array([-0.11492662]))","(array([0.04944482]), array([-0.11457749]))","(array([0.0511085]), array([-0.11398202]))","(array([0.05294835]), array([-0.11322169]))","(array([0.05500813]), array([-0.11243385]))","(array([0.05735105]), array([-0.11181535]))","(array([0.06004523]), array([-0.11160184]))","(array([0.06313042]), array([-0.11200953]))","(array([0.06657886]), array([-0.11315871]))"
(0.264607697702982+0j),[0.01976732],[1.],[0.60834769],[1.],"(array([0.1814116]), array([-0.11153697]))","(array([0.04802595]), array([-0.11487984]))","(array([0.04953067]), array([-0.11453036]))","(array([0.05118867]), array([-0.11393468]))","(array([0.05302299]), array([-0.11317427]))","(array([0.05507744]), array([-0.11238649]))","(array([0.05741525]), array([-0.1117683]))","(array([0.06010467]), array([-0.11155549]))","(array([0.06318558]), array([-0.11196451]))","(array([0.06663026]), array([-0.11311571]))","(array([0.07032535]), array([-0.11498619]))"
(0.27432815397490745+0j),[0.02851908],[1.],[0.62687562],[1.],"(array([0.18683623]), array([-0.10932513]))","(array([0.04961428]), array([-0.11448442]))","(array([0.05126669]), array([-0.11388854]))","(array([0.05309562]), array([-0.1131281]))","(array([0.05514489]), array([-0.11234048]))","(array([0.05747776]), array([-0.11172266]))","(array([0.06016255]), array([-0.11151054]))","(array([0.06323925]), array([-0.1119207]))","(array([0.06668027]), array([-0.11307374]))","(array([0.07037226]), array([-0.11494677]))","(array([0.07413206]), array([-0.11738326]))"
(0.2867604358103037+0j),[0.03582138],[1.],[0.6456095],[1.],"(array([0.19260467]), array([-0.10713047]))","(array([0.05134288]), array([-0.1138434]))","(array([0.05316651]), array([-0.11308293]))","(array([0.05521069]), array([-0.11229551]))","(array([0.05753876]), array([-0.11167816]))","(array([0.06021907]), array([-0.1114668]))","(array([0.06329169]), array([-0.11187811]))","(array([0.06672909]), array([-0.11303278]))","(array([0.07041805]), array([-0.11490819]))","(array([0.07417537]), array([-0.11734774]))","(array([0.07778486]), array([-0.12011032]))"
(0.30134144170153454+0j),[0.04150978],[1.],[0.66306933],[1.],"(array([0.19838473]), array([-0.10503565]))","(array([0.0532359]), array([-0.11303862]))","(array([0.05527507]), array([-0.11225139]))","(array([0.05759842]), array([-0.11163454]))","(array([0.06027435]), array([-0.11142404]))","(array([0.06334299]), array([-0.11183657]))","(array([0.0667769]), array([-0.1129929]))","(array([0.07046286]), array([-0.11487046]))","(array([0.07421777]), array([-0.1173129]))","(array([0.07782538]), array([-0.12007897]))","(array([0.08107388]), array([-0.12289825]))"
(0.317407181592773+0j),[0.04551639],[1.],[0.6779808],[1.],"(array([0.20388907]), array([-0.10314866]))","(array([0.05533831]), array([-0.11220797]))","(array([0.05765696]), array([-0.11159156]))","(array([0.06032857]), array([-0.11138194]))","(array([0.06339332]), array([-0.1117958]))","(array([0.06682382]), array([-0.11295388]))","(array([0.0705069]), array([-0.11483362]))","(array([0.07425944]), array([-0.11727873]))","(array([0.07786522]), array([-0.12004819]))","(array([0.08111238]), array([-0.12287129]))","(array([0.08382071]), array([-0.12549034]))"
(0.3342226507856874+0j),[0.04787129],[1.],[0.6893726],[1.],"(array([0.20890853]), array([-0.10161145]))","(array([0.05771477]), array([-0.11154906]))","(array([0.06038206]), array([-0.11134023]))","(array([0.06344294]), array([-0.11175543]))","(array([0.06687008]), array([-0.11291537]))","(array([0.07055035]), array([-0.11479741]))","(array([0.07430062]), array([-0.11724522]))","(array([0.07790462]), array([-0.12001785]))","(array([0.08115049]), array([-0.12284479]))","(array([0.08385796]), array([-0.12546793]))","(array([0.08589466]), array([-0.12766848]))"
(0.35101362421943605+0j),[0.0486959],[1.],[0.69662792],[1.],"(array([0.21332817]), array([-0.10060428]))","(array([0.06043526]), array([-0.1112987]))","(array([0.06349222]), array([-0.1117151]))","(array([0.06691599]), array([-0.11287692]))","(array([0.07059348]), array([-0.1147614]))","(array([0.07434153]), array([-0.11721207]))","(array([0.07794385]), array([-0.11998791]))","(array([0.08118848]), array([-0.12281852]))","(array([0.08389514]), array([-0.12544584]))","(array([0.08593141]), array([-0.12765065]))","(array([0.0872209]), array([-0.12926841]))"
(0.36701280953658855+0j),[0.04818448],[1.],[0.69950774],[1.],"(array([0.21712202]), array([-0.10032805]))","(array([0.06354166]), array([-0.11167464]))","(array([0.06696197]), array([-0.11283815]))","(array([0.07063661]), array([-0.11472509]))","(array([0.07438248]), array([-0.1171788]))","(array([0.07798318]), array([-0.11995806]))","(array([0.08122667]), array([-0.12279236]))","(array([0.0839326]), array([-0.12542384]))","(array([0.08596846]), array([-0.12763308]))","(array([0.08725785]), array([-0.12925515]))","(array([0.08778257]), array([-0.13018904]))"
(0.38152191526118784+0j),[0.04657267],[1.],[0.69814349],[1.],"(array([0.2203218]), array([-0.10095173]))","(array([0.06700852]), array([-0.11279891]))","(array([0.07068019]), array([-0.11468813]))","(array([0.07442377]), array([-0.11714491]))","(array([0.07802287]), array([-0.1199278]))","(array([0.08126531]), array([-0.12276606]))","(array([0.08397061]), array([-0.12540171]))","(array([0.08600618]), array([-0.12761552]))","(array([0.08729549]), array([-0.12924215]))","(array([0.08782033]), array([-0.13018028]))","(array([0.08761687]), array([-0.13039712]))"
(0.3939767021874154+0j),[0.04410083],[1.],[0.69299019],[1.],"(array([0.22297118]), array([-0.10254346]))","(array([0.07072469]), array([-0.11465035]))","(array([0.07446582]), array([-0.11711006]))","(array([0.07806321]), array([-0.11989666]))","(array([0.08130462]), array([-0.12273914]))","(array([0.08400942]), array([-0.12537924]))","(array([0.08604483]), array([-0.12759768]))","(array([0.08733421]), array([-0.12922915]))","(array([0.08785921]), array([-0.13017183]))","(array([0.087656]), array([-0.1303927]))","(array([0.0868052]), array([-0.12992551]))"
(0.40399855757168146+0j),[0.04098515],[1.],[0.68474323],[1.],"(array([0.22509215]), array([-0.10503039]))","(array([0.07450909]), array([-0.11707409]))","(array([0.07810457]), array([-0.1198643]))","(array([0.08134487]), array([-0.12271113]))","(array([0.0840492]), array([-0.12535601]))","(array([0.08608461]), array([-0.12757934]))","(array([0.08737425]), array([-0.12921581]))","(array([0.08789959]), array([-0.13016345]))","(array([0.08769665]), array([-0.13038871]))","(array([0.08684614]), array([-0.12992521]))","(array([0.08545898]), array([-0.12886357]))"
(0.41142506497188747+0j),[0.03740341],[1.],[0.67423643],[1.],"(array([0.22667888]), array([-0.10821306]))","(array([0.07814747]), array([-0.11983054]))","(array([0.08138644]), array([-0.12268169]))","(array([0.08409023]), array([-0.12533156]))","(array([0.08612571]), array([-0.12756016]))","(array([0.08741581]), array([-0.12920187]))","(array([0.08794173]), array([-0.13015475]))","(array([0.0877393]), array([-0.13038489]))","(array([0.08688909]), array([-0.12992545]))","(array([0.08550214]), array([-0.12886702]))","(array([0.08370449]), array([-0.12734069]))"
(0.41632182494346515+0j),[0.03349268],[1.],[0.66234279],[1.],"(array([0.22771136]), array([-0.11181624]))","(array([0.08142992]), array([-0.12265061]))","(array([0.08413297]), array([-0.12530551]))","(array([0.08616849]), array([-0.12753969]))","(array([0.08745915]), array([-0.12918707]))","(array([0.0879859]), array([-0.13014541]))","(array([0.08778426]), array([-0.13038084]))","(array([0.0869346]), array([-0.12992604]))","(array([0.08554788]), array([-0.12887121]))","(array([0.08375031]), array([-0.1273475]))","(array([0.08166974]), array([-0.12550709]))"
(0.4189798821844058+0j),[0.02935062],[1.],[0.6498935],[1.],"(array([0.22817228]), array([-0.11554416]))","(array([0.08417815]), array([-0.12527764]))","(array([0.08621354]), array([-0.12751753]))","(array([0.08750476]), array([-0.12917099]))","(array([0.08803247]), array([-0.13013527]))","(array([0.08783191]), array([-0.13037622]))","(array([0.08698314]), array([-0.12992655]))","(array([0.08559691]), array([-0.12887595]))","(array([0.08379942]), array([-0.12735527]))","(array([0.08171873]), array([-0.12551683]))","(array([0.07947411]), array([-0.12351607]))"
(0.41989662853325915+0j),[0.02503348],[1.],[0.63762167],[1.],"(array([0.22805911]), array([-0.11912254]))","(array([0.08626177]), array([-0.1274934]))","(array([0.08755345]), array([-0.12915322]))","(array([0.08808217]), array([-0.13012394]))","(array([0.08788286]), array([-0.13037093]))","(array([0.08703529]), array([-0.12992666]))","(array([0.0856499]), array([-0.12888086]))","(array([0.08385275]), array([-0.12736386]))","(array([0.08177193]), array([-0.12552779]))","(array([0.07952694]), array([-0.1235283]))","(array([0.07722065]), array([-0.12151075]))"
(0.4197280631385305+0j),[0.02055159],[1.],[0.62612572],[1.],"(array([0.22739046]), array([-0.12232526]))","(array([0.08760641]), array([-0.12913338]))","(array([0.08813611]), array([-0.13011099]))","(array([0.08793815]), array([-0.13036466]))","(array([0.08709197]), array([-0.12992635]))","(array([0.08570775]), array([-0.12888562]))","(array([0.08391128]), array([-0.12737291]))","(array([0.08183057]), array([-0.12553987]))","(array([0.07958518]), array([-0.12354203]))","(array([0.07727824]), array([-0.12152503]))","(array([0.07499061]), array([-0.11961594]))"
(0.4191980393834515+0j),[0.01586707],[1.],[0.61583552],[1.],"(array([0.22620735]), array([-0.12499046]))","(array([0.08819587]), array([-0.13009602]))","(array([0.0879993]), array([-0.13035693]))","(array([0.08715465]), array([-0.12992533]))","(array([0.08577181]), array([-0.1288903]))","(array([0.08397633]), array([-0.12738217]))","(array([0.08189602]), array([-0.12555277]))","(array([0.07965042]), array([-0.12355723]))","(array([0.07734276]), array([-0.12154112]))","(array([0.07505417]), array([-0.11963183]))","(array([0.07283925]), array([-0.1179325]))"
(0.41896287859900483+0j),[0.01089904],[1.],[0.60696742],[1.],"(array([0.22456741]), array([-0.12702953]))","(array([0.08806837]), array([-0.13034742]))","(array([0.08722536]), array([-0.1299232]))","(array([0.08584406]), array([-0.12889469]))","(array([0.08404977]), array([-0.12739178]))","(array([0.08197012]), array([-0.12556629]))","(array([0.07972454]), array([-0.12357364]))","(array([0.0774163]), array([-0.12155903]))","(array([0.07512662]), array([-0.11964983]))","(array([0.07291036]), array([-0.11794951]))","(array([0.07079207]), array([-0.11653041]))"
(0.4194456938357573+0j),[0.00554228],[1.],[0.59947617],[1.],"(array([0.22253088]), array([-0.12842931]))","(array([0.08730669]), array([-0.12991972]))","(array([0.08592706]), array([-0.12889846]))","(array([0.08413413]), array([-0.12740162]))","(array([0.08205531]), array([-0.12558067]))","(array([0.07980993]), array([-0.12359111]))","(array([0.07750122]), array([-0.12157853]))","(array([0.07521049]), array([-0.11966996]))","(array([0.0729927]), array([-0.11796889]))","(array([0.07087263]), array([-0.11654796]))","(array([0.06884194]), array([-0.11543868]))"
(0.4206857742807598+0j),[-0.00029828],[1.],[0.59304745],[1.],"(array([0.22014377]), array([-0.12924468]))","(array([0.08602388]), array([-0.12890153]))","(array([0.0842324]), array([-0.12741146]))","(array([0.08215454]), array([-0.12559586]))","(array([0.07990946]), array([-0.12360995]))","(array([0.07760036]), array([-0.1215995]))","(array([0.07530859]), array([-0.11969201]))","(array([0.07308919]), array([-0.11799063]))","(array([0.07096705]), array([-0.116568]))","(array([0.06893402]), array([-0.11545598]))","(array([0.06695064]), array([-0.11463649]))"
(0.4223055408248534+0j),[-0.00666484],[1.],[0.58719743],[1.],"(array([0.21743287]), array([-0.12958011]))","(array([0.08434793]), array([-0.12742146]))","(array([0.08227107]), array([-0.12561177]))","(array([0.08002633]), array([-0.12363018]))","(array([0.07771684]), array([-0.12162228]))","(array([0.07542397]), array([-0.11971585]))","(array([0.07320287]), array([-0.1180145]))","(array([0.07107847]), array([-0.11659052]))","(array([0.0690427]), array([-0.11547576]))","(array([0.06705628]), array([-0.11465254]))","(array([0.06506113]), array([-0.11405701]))"
(0.423666601636524+0j),[-0.01351493],[1.],[0.58147524],[1.],"(array([0.21442373]), array([-0.12956458]))","(array([0.08240824]), array([-0.12562875]))","(array([0.08016379]), array([-0.12365183]))","(array([0.07785383]), array([-0.12164693]))","(array([0.07555974]), array([-0.11974177]))","(array([0.07333675]), array([-0.11804028]))","(array([0.07120988]), array([-0.1166152]))","(array([0.06917109]), array([-0.11549794]))","(array([0.06718113]), array([-0.11467083]))","(array([0.06518211]), array([-0.11407051]))","(array([0.06312179]), array([-0.113612]))"
(0.42412324861180156+0j),[-0.02071718],[1.],[0.57564114],[1.],"(array([0.21116971]), array([-0.12932794]))","(array([0.08032497]), array([-0.12367537]))","(array([0.0780144]), array([-0.12167358]))","(array([0.07571886]), array([-0.11976986]))","(array([0.0734937]), array([-0.1180682]))","(array([0.07136408]), array([-0.11664171]))","(array([0.06932197]), array([-0.11552211]))","(array([0.06732808]), array([-0.11469122]))","(array([0.06532457]), array([-0.11408582]))","(array([0.06325943]), array([-0.1136215]))","(array([0.06111125]), array([-0.11322659]))"
(0.4232123271048543+0j),[-0.02807427],[1.],[0.56971142],[1.],"(array([0.20776599]), array([-0.12898525]))","(array([0.07820125]), array([-0.12170269]))","(array([0.07590403]), array([-0.11980028]))","(array([0.07367633]), array([-0.11809834]))","(array([0.07154351]), array([-0.11667013]))","(array([0.06949771]), array([-0.11554779]))","(array([0.06749956]), array([-0.11471326]))","(array([0.0654911]), array([-0.11410273]))","(array([0.06342041]), array([-0.11363215]))","(array([0.06126638]), array([-0.11323053]))","(array([0.05904887]), array([-0.11286162]))"
(0.4207197153230287+0j),[-0.03535844],[1.],[0.56388954],[1.],"(array([0.20433897]), array([-0.12863022]))","(array([0.0761175]), array([-0.11983339]))","(array([0.07388696]), array([-0.11813087]))","(array([0.07175042]), array([-0.11670056]))","(array([0.06970033]), array([-0.1155749]))","(array([0.06769746]), array([-0.11473625]))","(array([0.06568367]), array([-0.11412073]))","(array([0.06360691]), array([-0.11364371]))","(array([0.06144624]), array([-0.11323481]))","(array([0.05922182]), array([-0.11285852]))","(array([0.05698744]), array([-0.11251444]))"
(0.41665948977687783+0j),[-0.04234518],[1.],[0.55846449],[1.],"(array([0.20102198]), array([-0.12833504]))","(array([0.07412727]), array([-0.11816597]))","(array([0.07198663]), array([-0.11673313]))","(array([0.06993158]), array([-0.11560353]))","(array([0.06792325]), array([-0.11475997]))","(array([0.06590363]), array([-0.11413898]))","(array([0.06382039]), array([-0.11365566]))","(array([0.06165249]), array([-0.1132392]))","(array([0.05942036]), array([-0.11285487]))","(array([0.05717805]), array([-0.11250305]))","(array([0.05499703]), array([-0.11220665]))"
(0.41121785614393624+0j),[-0.04883731],[1.],[0.55373058],[1.],"(array([0.19793137]), array([-0.12815146]))","(array([0.0722532]), array([-0.11676791]))","(array([0.07019269]), array([-0.11563383]))","(array([0.06817812]), array([-0.11478454]))","(array([0.06615181]), array([-0.11415711]))","(array([0.06406154]), array([-0.11366707]))","(array([0.06188598]), array([-0.1132432]))","(array([0.05964551]), array([-0.11285051]))","(array([0.05739449]), array([-0.11249025]))","(array([0.05520462]), array([-0.11218605]))","(array([0.0531496]), array([-0.11197034]))"
(0.40469412864113163+0j),[-0.05467826],[1.],[0.54994298],[1.],"(array([0.19514935]), array([-0.1281082]))","(array([0.07048395]), array([-0.1156658]))","(array([0.06846252]), array([-0.11481011]))","(array([0.06642864]), array([-0.11417527]))","(array([0.06433043]), array([-0.11367745]))","(array([0.06214663]), array([-0.11324585]))","(array([0.05989735]), array([-0.11284497]))","(array([0.057637]), array([-0.11247596]))","(array([0.05543754]), array([-0.1121633]))","(array([0.05337284]), array([-0.11194003]))","(array([0.0515087]), array([-0.11183878]))"
(0.39745079327791716+0j),[-0.05975616],[1.],[0.54730049],[1.],"(array([0.1927141]), array([-0.12820303]))","(array([0.06877571]), array([-0.11483673]))","(array([0.06673358]), array([-0.11419369]))","(array([0.06462649]), array([-0.11368703]))","(array([0.06243352]), array([-0.11324661]))","(array([0.06017486]), array([-0.11283733]))","(array([0.05790469]), array([-0.11245981]))","(array([0.05569505]), array([-0.11213846]))","(array([0.05362003]), array([-0.11190706]))","(array([0.05174552]), array([-0.11179871]))","(array([0.05012448]), array([-0.11184151]))"
(0.38987190684371015+0j),[-0.06400263],[1.],[0.54594008],[1.],"(array([0.19061847]), array([-0.12839435]))","(array([0.06706475]), array([-0.11421252]))","(array([0.06494808]), array([-0.11369617]))","(array([0.06274503]), array([-0.11324588]))","(array([0.06047611]), array([-0.11282716]))","(array([0.05819556]), array([-0.112441]))","(array([0.05597528]), array([-0.11211127]))","(array([0.0538894]), array([-0.11187162]))","(array([0.05200398]), array([-0.11175574]))","(array([0.05037201]), array([-0.11179207]))","(array([0.0490321]), array([-0.11200201]))"
(0.3823228586564067+0j),[-0.06738993],[1.],[0.54592889],[1.],"(array([0.18882065]), array([-0.12860487]))","(array([0.06529218]), array([-0.1137051]))","(array([0.06307838]), array([-0.11324414]))","(array([0.06079835]), array([-0.11281508]))","(array([0.05850665]), array([-0.11241934]))","(array([0.05627521]), array([-0.11208114]))","(array([0.05417808]), array([-0.11183365]))","(array([0.0522813]), array([-0.11171024]))","(array([0.05063798]), array([-0.11173981]))","(array([0.04928672]), array([-0.111944]))","(array([0.04825126]), array([-0.11233555]))"
(0.37510442287624957+0j),[-0.06992687],[1.],[0.54724546],[1.],"(array([0.18726578]), array([-0.12874602]))","(array([0.06342951]), array([-0.11324172]))","(array([0.06113782]), array([-0.11280167]))","(array([0.05883423]), array([-0.11239568]))","(array([0.056591]), array([-0.11204826]))","(array([0.05448219]), array([-0.11179281]))","(array([0.05257377]), array([-0.11166235]))","(array([0.05091878]), array([-0.11168529]))","(array([0.04955587]), array([-0.11188357]))","(array([0.04850877]), array([-0.11227013]))","(array([0.04778534]), array([-0.11284588]))"
(0.3684008739335544+0j),[-0.07165077],[1.],[0.54975219],[1.],"(array([0.18590644]), array([-0.12875167]))","(array([0.06148962]), array([-0.11278736]))","(array([0.05917374]), array([-0.11237071]))","(array([0.05691814]), array([-0.11201365]))","(array([0.05479718]), array([-0.11174973]))","(array([0.05287682]), array([-0.1116121]))","(array([0.05121002]), array([-0.11162891]))","(array([0.0498353]), array([-0.11182152]))","(array([0.04877642]), array([-0.11220306]))","(array([0.04804123]), array([-0.1127746]))","(array([0.04762016]), array([-0.11352]))"
(0.3622341167802531+0j),[-0.07261246],[1.],[0.55317361],[1.],"(array([0.18470814]), array([-0.12859772]))","(array([0.05951981]), array([-0.11234499]))","(array([0.05725159]), array([-0.11197809]))","(array([0.05511809]), array([-0.11170553]))","(array([0.05318549]), array([-0.11156044]))","(array([0.05150674]), array([-0.111571]))","(array([0.05012026]), array([-0.11175844]))","(array([0.04904961]), array([-0.11213528]))","(array([0.04830268]), array([-0.11270268]))","(array([0.04786991]), array([-0.11344467]))","(array([0.04772344]), array([-0.11432203]))"
(0.35644783399828023+0j),[-0.07285582],[1.],[0.55710461],[1.],"(array([0.18364084]), array([-0.12829816]))","(array([0.05758594]), array([-0.11194232]))","(array([0.05543982]), array([-0.11166107]))","(array([0.05349478]), array([-0.11150853]))","(array([0.05180397]), array([-0.11151278]))","(array([0.05040575]), array([-0.11169495]))","(array([0.04932356]), array([-0.11206753]))","(array([0.0485651]), array([-0.11263117]))","(array([0.0481208]), array([-0.11336989]))","(array([0.04796289]), array([-0.11424463]))","(array([0.04804756]), array([-0.1151897]))"
(0.3507493792297772+0j),[-0.07239881],[1.],[0.56107121],[1.],"(array([0.18267078]), array([-0.12788724]))","(array([0.05575734]), array([-0.11161721]))","(array([0.05379997]), array([-0.11145728]))","(array([0.05209708]), array([-0.11145533]))","(array([0.05068718]), array([-0.11163231]))","(array([0.04959365]), array([-0.11200058]))","(array([0.04882403]), array([-0.11256081]))","(array([0.04836861]), array([-0.11329667]))","(array([0.04819958]), array([-0.11416897]))","(array([0.04827324]), array([-0.11511217]))","(array([0.04853725]), array([-0.11603882]))"
(0.344816008997888+0j),[-0.07122467],[1.],[0.56464128],[1.],"(array([0.18176456]), array([-0.12740164]))","(array([0.0540968]), array([-0.11140753]))","(array([0.05238208]), array([-0.11139949]))","(array([0.05096065]), array([-0.11157146]))","(array([0.04985599]), array([-0.1119356]))","(array([0.04907557]), array([-0.11249242]))","(array([0.04860951]), array([-0.11322567]))","(array([0.04842991]), array([-0.11409592]))","(array([0.04849301]), array([-0.11503745]))","(array([0.04874658]), array([-0.11596287]))","(array([0.04914192]), array([-0.11677854]))"
(0.3384185388514184+0j),[-0.06928749],[1.],[0.56753476],[1.],"(array([0.1809039]), array([-0.12687018]))","(array([0.05265572]), array([-0.11134601]))","(array([0.05122313]), array([-0.1115131]))","(array([0.05010762]), array([-0.1118733]))","(array([0.04931673]), array([-0.11242696]))","(array([0.04884052]), array([-0.11315762]))","(array([0.04865091]), array([-0.11402598]))","(array([0.04870409]), array([-0.11496616]))","(array([0.04894777]), array([-0.11589057]))","(array([0.04933332]), array([-0.11670552]))","(array([0.04982824]), array([-0.11733281]))"
(0.33149197596205476+0j),[-0.06652827],[1.],[0.56967218],[1.],"(array([0.18009844]), array([-0.12631144]))","(array([0.05147246]), array([-0.1114578]))","(array([0.05034654]), array([-0.11181419]))","(array([0.04954557]), array([-0.11236485]))","(array([0.04905963]), array([-0.11309319]))","(array([0.04886057]), array([-0.1139597]))","(array([0.04890444]), array([-0.11489862]))","(array([0.0491389]), array([-0.11582225]))","(array([0.04951527]), array([-0.11663668]))","(array([0.05000111]), array([-0.11726362]))","(array([0.05058672]), array([-0.11765721]))"
(0.3241397484321244+0j),[-0.06289382],[1.],[0.57116263],[1.],"(array([0.17938822]), array([-0.12573563]))","(array([0.05057173]), array([-0.11175859]))","(array([0.04976114]), array([-0.11230638]))","(array([0.04926589]), array([-0.11303254]))","(array([0.04905787]), array([-0.11389745]))","(array([0.04909302]), array([-0.11483515]))","(array([0.04931889]), array([-0.11575801]))","(array([0.04968676]), array([-0.11657208]))","(array([0.05016412]), array([-0.11719884]))","(array([0.05074135]), array([-0.11759234]))","(array([0.05143016]), array([-0.11774475]))"
(0.3166110728215022+0j),[-0.05835359],[1.],[0.57227865],[1.],"(array([0.1788391]), array([-0.125147]))","(array([0.04996337]), array([-0.1122516]))","(array([0.0494593]), array([-0.11297568]))","(array([0.04924274]), array([-0.11383912]))","(array([0.04926967]), array([-0.11477581]))","(array([0.04948752]), array([-0.11569795]))","(array([0.04984749]), array([-0.1165116]))","(array([0.05031703]), array([-0.11713828]))","(array([0.05088645]), array([-0.11753181]))","(array([0.05156757]), array([-0.1176843]))","(array([0.05238816]), array([-0.11762461]))"
(0.30928089737197983+0j),[-0.05291429],[1.],[0.57344446],[1.],"(array([0.17853774]), array([-0.1245445]))","(array([0.04964055]), array([-0.11292245]))","(array([0.0494159]), array([-0.11378448]))","(array([0.04943503]), array([-0.11472027]))","(array([0.04964534]), array([-0.11564186]))","(array([0.04999794]), array([-0.11645514]))","(array([0.0504602]), array([-0.11708163]))","(array([0.05102243]), array([-0.11747523]))","(array([0.05169638]), array([-0.1176279]))","(array([0.0525099]), array([-0.11756842]))","(array([0.05350203]), array([-0.11736068]))"
(0.3026307399554219+0j),[-0.04663317],[1.],[0.57522299],[1.],"(array([0.17858726]), array([-0.12391997]))","(array([0.04957859]), array([-0.11373318]))","(array([0.04959029]), array([-0.11466811]))","(array([0.04979345]), array([-0.11558923]))","(array([0.0501391]), array([-0.11640228]))","(array([0.05059457]), array([-0.11702863]))","(array([0.05115008]), array([-0.11742218]))","(array([0.05181738]), array([-0.11757501]))","(array([0.05262432]), array([-0.11751582]))","(array([0.05360998]), array([-0.11730842]))","(array([0.05482087]), array([-0.11705106]))"
(0.297211010839449+0j),[-0.03962972],[1.],[0.57826166],[1.],"(array([0.17909878]), array([-0.12325493]))","(array([0.04973695]), array([-0.11461887]))","(array([0.04993326]), array([-0.11553954]))","(array([0.05027231]), array([-0.11635244]))","(array([0.05072134]), array([-0.11697877]))","(array([0.05127053]), array([-0.11737232]))","(array([0.0519316]), array([-0.11752518]))","(array([0.05273237]), array([-0.1174662]))","(array([0.05371197]), array([-0.1172592]))","(array([0.05491696]), array([-0.11700234]))","(array([0.05639538]), array([-0.11682312]))"
(0.29357020748628465+0j),[-0.03209235],[1.],[0.58316443],[1.],"(array([0.18017289]), array([-0.12251936]))","(array([0.05006625]), array([-0.11549232]))","(array([0.05039894]), array([-0.11630506]))","(array([0.05084182]), array([-0.11693143]))","(array([0.051385]), array([-0.11732508]))","(array([0.05204016]), array([-0.11747802]))","(array([0.0528351]), array([-0.11741914]))","(array([0.05380897]), array([-0.11721242]))","(array([0.05500838]), array([-0.11695609]))","(array([0.05648144]), array([-0.11677759]))","(array([0.05826586]), array([-0.1168168]))"
(0.29216390270261966+0j),[-0.02427445],[1.],[0.59031305],[1.],"(array([0.18187199]), array([-0.12167654]))","(array([0.05052027]), array([-0.1162597]))","(array([0.05095719]), array([-0.1168861]))","(array([0.0514946]), array([-0.11727992]))","(array([0.0521441]), array([-0.11743304]))","(array([0.05293349]), array([-0.11737431]))","(array([0.05390189]), array([-0.11716776]))","(array([0.05509597]), array([-0.11691181]))","(array([0.05656392]), array([-0.11673402]))","(array([0.0583435]), array([-0.11677421]))","(array([0.06044456]), array([-0.11715447]))"
(0.2932818327988542+0j),[-0.0164765],[1.],[0.59972311],[1.],"(array([0.18419549]), array([-0.12069596]))","(array([0.05106847]), array([-0.11684241]))","(array([0.05160024]), array([-0.11723638]))","(array([0.05224427]), array([-0.11738975]))","(array([0.05302832]), array([-0.11733127]))","(array([0.05399148]), array([-0.11712495]))","(array([0.05518044]), array([-0.11686929]))","(array([0.05664346]), array([-0.11669202]))","(array([0.0584184]), array([-0.11673316]))","(array([0.06051516]), array([-0.11711472]))","(array([0.06289964]), array([-0.11790772]))"
(0.29702182781301917+0j),[-0.00901665],[1.],[0.61101201],[1.],"(array([0.1870721]), array([-0.11956968]))","(array([0.05170265]), array([-0.11719419]))","(array([0.05234132]), array([-0.11734779]))","(array([0.05312017]), array([-0.11728962]))","(array([0.05407828]), array([-0.11708364]))","(array([0.05526232]), array([-0.11682833]))","(array([0.05672057]), array([-0.11665152]))","(array([0.05849098]), array([-0.11669339]))","(array([0.06058359]), array([-0.11707618]))","(array([0.06296431]), array([-0.11787083]))","(array([0.06554976]), array([-0.11907696]))"
(0.30330671447819885+0j),[-0.00219777],[1.],[0.62348015],[1.],"(array([0.19037189]), array([-0.11832208]))","(array([0.05243571]), array([-0.11730698]))","(array([0.05320945]), array([-0.1172491]))","(array([0.05416262]), array([-0.11704351]))","(array([0.0553419]), array([-0.11678866]))","(array([0.05679556]), array([-0.11661238]))","(array([0.0585616]), array([-0.11665493]))","(array([0.06065012]), array([-0.11703874]))","(array([0.06302719]), array([-0.11783495]))","(array([0.06560943]), array([-0.11904308]))","(array([0.06827306]), array([-0.12059242]))"
(0.31192293057737547+0j),[0.00371998],[1.],[0.63624986],[1.],"(array([0.19392989]), array([-0.11700898]))","(array([0.05329644]), array([-0.11720961]))","(array([0.05424475]), array([-0.11700439]))","(array([0.05541937]), array([-0.11675004]))","(array([0.05686859]), array([-0.1165744]))","(array([0.05863041]), array([-0.11661772]))","(array([0.06071499]), array([-0.11700249]))","(array([0.06308846]), array([-0.11780003]))","(array([0.06566756]), array([-0.11901008]))","(array([0.0683285]), array([-0.12056175]))","(array([0.07092543]), array([-0.12233215]))"
(0.322564243664646+0j),[0.00853665],[1.],[0.64840519],[1.],"(array([0.19757229]), array([-0.11571117]))","(array([0.0543249]), array([-0.1169662]))","(array([0.0554949]), array([-0.11671233]))","(array([0.05693976]), array([-0.11653735]))","(array([0.0586975]), array([-0.11658155]))","(array([0.06077828]), array([-0.11696738]))","(array([0.06314828]), array([-0.11776621]))","(array([0.06572429]), array([-0.11897793]))","(array([0.06838261]), array([-0.12053187]))","(array([0.07097735]), array([-0.12230491]))","(array([0.07336063]), array([-0.1241468]))"
(0.334871053564815+0j),[0.01212022],[1.],[0.65909829],[1.],"(array([0.20113969]), array([-0.11453009]))","(array([0.05556875]), array([-0.11667546]))","(array([0.05700927]), array([-0.1165011]))","(array([0.05876298]), array([-0.11654619]))","(array([0.06084008]), array([-0.11693319]))","(array([0.06320675]), array([-0.11773342]))","(array([0.06577978]), array([-0.11894678]))","(array([0.06843553]), array([-0.12050276]))","(array([0.07102814]), array([-0.12227839]))","(array([0.0734097]), array([-0.12412316]))","(array([0.07544662]), array([-0.12588228]))"
(0.34845223208644227+0j),[0.01440666],[1.],[0.66760565],[1.],"(array([0.20450193]), array([-0.11358631]))","(array([0.05707744]), array([-0.11646559]))","(array([0.05882713]), array([-0.11651149]))","(array([0.06090058]), array([-0.11689967]))","(array([0.063264]), array([-0.11770141]))","(array([0.06583419]), array([-0.11891653]))","(array([0.06848747]), array([-0.12047449]))","(array([0.071078]), array([-0.12225252]))","(array([0.07345789]), array([-0.12410019]))","(array([0.07549352]), array([-0.12586238]))","(array([0.0770755]), array([-0.12739546]))"
(0.36287219165224677+0j),[0.01539456],[1.],[0.67333617],[1.],"(array([0.20755975]), array([-0.11301514]))","(array([0.05889033]), array([-0.11647739]))","(array([0.0609601]), array([-0.11686661]))","(array([0.06332027]), array([-0.11766986]))","(array([0.06588769]), array([-0.11888686]))","(array([0.06853862]), array([-0.12044696]))","(array([0.0711272]), array([-0.12222733]))","(array([0.07350549]), array([-0.12407775]))","(array([0.07553985]), array([-0.12584308]))","(array([0.07712091]), array([-0.12737938]))","(array([0.07816672]), array([-0.12856105]))"
(0.37761109002015114+0j),[0.01513592],[1.],[0.67582925],[1.],"(array([0.21023392]), array([-0.11295147]))","(array([0.06101909]), array([-0.11683401]))","(array([0.06337596]), array([-0.11763859]))","(array([0.06594057]), array([-0.11885746]))","(array([0.06858921]), array([-0.12041983]))","(array([0.07117593]), array([-0.1222027]))","(array([0.07355274]), array([-0.1240558]))","(array([0.07558594]), array([-0.12582424]))","(array([0.07716611]), array([-0.12736387]))","(array([0.0782113]), array([-0.12854882]))","(array([0.07866607]), array([-0.12927333]))"
(0.39205344563431493+0j),[0.01372385],[1.],[0.67479646],[1.],"(array([0.21245258]), array([-0.11350193]))","(array([0.06343155]), array([-0.11760763]))","(array([0.06599325]), array([-0.11882815]))","(array([0.06863954]), array([-0.12039276]))","(array([0.07122445]), array([-0.12217829]))","(array([0.07359989]), array([-0.12403425]))","(array([0.07563206]), array([-0.12580572]))","(array([0.07721146]), array([-0.12734876]))","(array([0.07825607]), array([-0.12853717]))","(array([0.07871047]), array([-0.12926495]))","(array([0.07854616]), array([-0.12945163]))"
(0.40554809270038106+0j),[0.01127763],[1.],[0.67020056],[1.],"(array([0.21414893]), array([-0.11471449]))","(array([0.06604624]), array([-0.11879902]))","(array([0.06869003]), array([-0.12036562]))","(array([0.07127306]), array([-0.12215377]))","(array([0.07364716]), array([-0.12401277]))","(array([0.07567843]), array([-0.12578744]))","(array([0.07725723]), array([-0.12733387]))","(array([0.07830141]), array([-0.12852593]))","(array([0.07875547]), array([-0.1292572]))","(array([0.07859095]), array([-0.12944703]))","(array([0.07781065]), array([-0.12905381]))"
(0.4175110474631145+0j),[0.0079273],[1.],[0.66230247],[1.],"(array([0.21526972]), array([-0.11656147]))","(array([0.06874128]), array([-0.12033852]))","(array([0.07132224]), array([-0.12212903]))","(array([0.07369492]), array([-0.12399103]))","(array([0.07572532]), array([-0.12576909]))","(array([0.07730366]), array([-0.12731903]))","(array([0.07834762]), array([-0.12851482]))","(array([0.07880153]), array([-0.12924989]))","(array([0.07863683]), array([-0.12944314]))","(array([0.07785639]), array([-0.12905284]))","(array([0.07649832]), array([-0.12808998]))"
(0.42751758942282186+0j),[0.00380092],[1.],[0.65163447],[1.],"(array([0.21578562]), array([-0.11894365]))","(array([0.07137267]), array([-0.12210417]))","(array([0.07374371]), array([-0.12396891]))","(array([0.07577315]), array([-0.12575035]))","(array([0.07735107]), array([-0.12730401]))","(array([0.07839499]), array([-0.1285036]))","(array([0.07884901]), array([-0.12924267]))","(array([0.07868435]), array([-0.12943976]))","(array([0.07790379]), array([-0.12905266]))","(array([0.07654557]), array([-0.12809236]))","(array([0.07468101]), array([-0.12662538]))"
(0.43535699612491513+0j),[-0.00098437],[1.],[0.63891374],[1.],"(array([0.21569594]), array([-0.1217109]))","(array([0.07379438]), array([-0.12394647]))","(array([0.07582262]), array([-0.12573106]))","(array([0.07740001]), array([-0.12728847]))","(array([0.07844394]), array([-0.12849207]))","(array([0.0788983]), array([-0.1292352]))","(array([0.078734]), array([-0.12943646]))","(array([0.07795358]), array([-0.12905308]))","(array([0.0765952]), array([-0.12809564]))","(array([0.07473038]), array([-0.12663075]))","(array([0.0724547]), array([-0.12476993]))"
(0.4410473849204231+0j),[-0.00632866],[1.],[0.62493309],[1.],"(array([0.21502632]), array([-0.12468867]))","(array([0.07587476]), array([-0.12571121]))","(array([0.07745141]), array([-0.12727222]))","(array([0.07849524]), array([-0.12847991]))","(array([0.07894999]), array([-0.1292273]))","(array([0.07878635]), array([-0.1294328]))","(array([0.07800645]), array([-0.12905365]))","(array([0.07664818]), array([-0.12809967]))","(array([0.07478307]), array([-0.12663716]))","(array([0.07250694]), array([-0.12477786]))","(array([0.06992681]), array([-0.12265957]))"
(0.44481446041912254+0j),[-0.01215448],[1.],[0.61045932],[1.],"(array([0.21382139]), array([-0.12770214]))","(array([0.07750657]), array([-0.12725512]))","(array([0.07855011]), array([-0.1284669]))","(array([0.07900516]), array([-0.1292187]))","(array([0.07884224]), array([-0.12942864]))","(array([0.0780632]), array([-0.12905383]))","(array([0.0767055]), array([-0.12810397]))","(array([0.07484037]), array([-0.12664452]))","(array([0.07256372]), array([-0.12478702]))","(array([0.06998287]), array([-0.12266961]))","(array([0.0672032]), array([-0.1204364]))"
(0.4470374951754264+0j),[-0.01841086],[1.],[0.5961561],[1.],"(array([0.21213522]), array([-0.13059291]))","(array([0.07861024]), array([-0.12845274]))","(array([0.07906544]), array([-0.12920913]))","(array([0.07890315]), array([-0.12942375]))","(array([0.07812507]), array([-0.12905346]))","(array([0.07676832]), array([-0.12810793]))","(array([0.07490366]), array([-0.12665236]))","(array([0.07262676]), array([-0.12479738]))","(array([0.07004508]), array([-0.1226811]))","(array([0.06726433]), array([-0.12044805]))","(array([0.06437744]), array([-0.11823219]))"
(0.4481675987588755+0j),[-0.02507433],[1.],[0.58253503],[1.],"(array([0.21002128]), array([-0.13322653]))","(array([0.07913303]), array([-0.12919817]))","(array([0.07897128]), array([-0.12941785]))","(array([0.07819409]), array([-0.12905242]))","(array([0.0768384]), array([-0.12811139]))","(array([0.07497463]), array([-0.12665999]))","(array([0.07269797]), array([-0.12480849]))","(array([0.07011569]), array([-0.12269408]))","(array([0.06733371]), array([-0.12046141]))","(array([0.06444531]), array([-0.11824495]))","(array([0.06152365]), array([-0.11615718]))"
(0.44862801332317387+0j),[-0.03214417],[1.],[0.56993172],[1.],"(array([0.20752416]), array([-0.13549399]))","(array([0.07904945]), array([-0.12941044]))","(array([0.0782731]), array([-0.12905044]))","(array([0.07691841]), array([-0.12811432]))","(array([0.07505564]), array([-0.12666725]))","(array([0.07277966]), array([-0.12481962]))","(array([0.07019725]), array([-0.12270814]))","(array([0.0674142]), array([-0.12047658]))","(array([0.06452406]), array([-0.11825965]))","(array([0.06160036]), array([-0.11617043]))","(array([0.05869296]), array([-0.11429345]))"
(0.4487117707308136+0j),[-0.03962972],[1.],[0.55850494],[1.],"(array([0.20467722]), array([-0.13731534]))","(array([0.07836557]), array([-0.129047]))","(array([0.07701187]), array([-0.12811652]))","(array([0.07515005]), array([-0.12667421]))","(array([0.07287482]), array([-0.12483056]))","(array([0.07029269]), array([-0.12272248]))","(array([0.06750899]), array([-0.12049316]))","(array([0.06461718]), array([-0.11827645]))","(array([0.06169109]), array([-0.11618581]))","(array([0.05878099]), array([-0.11430644]))","(array([0.05591374]), array([-0.11269179]))"
(0.4485022351358075+0j),[-0.04752925],[1.],[0.548264],[1.],"(array([0.20150913]), array([-0.13864949]))","(array([0.07712278]), array([-0.12811749]))","(array([0.07526191]), array([-0.12668081]))","(array([0.07298733]), array([-0.12484151]))","(array([0.0704055]), array([-0.12273686]))","(array([0.06762149]), array([-0.12051029]))","(array([0.06472834]), array([-0.11829494]))","(array([0.06179982]), array([-0.11620348]))","(array([0.05888653]), array([-0.11432159]))","(array([0.05601575]), array([-0.11270351]))","(array([0.05319594]), array([-0.11137197]))"
(0.4478528393374655+0j),[-0.05580533],[1.],[0.53912973],[1.],"(array([0.19805649]), array([-0.13950273]))","(array([0.07539544]), array([-0.12668651]))","(array([0.07312152]), array([-0.12485254]))","(array([0.07053981]), array([-0.12275153]))","(array([0.06775541]), array([-0.1205276]))","(array([0.06486117]), array([-0.11831418]))","(array([0.06193043]), array([-0.11622304]))","(array([0.05901377]), array([-0.1143391]))","(array([0.05613882]), array([-0.11271724]))","(array([0.05331447]), array([-0.11138111]))","(array([0.05054003]), array([-0.11032796]))"
(0.44644705004493773+0j),[-0.06436586],[1.],[0.53101594],[1.],"(array([0.19437671]), array([-0.13992631]))","(array([0.07328151]), array([-0.12486295]))","(array([0.07069986]), array([-0.12276668]))","(array([0.06791479]), array([-0.1205454]))","(array([0.06501926]), array([-0.11833363]))","(array([0.06208646]), array([-0.11624339]))","(array([0.05916651]), array([-0.1143585]))","(array([0.05628705]), array([-0.11273317]))","(array([0.05345737]), array([-0.11139186]))","(array([0.05067719]), array([-0.1103329]))","(array([0.04794909]), array([-0.10953867]))"
(0.4439122464010566+0j),[-0.07305916],[1.],[0.52389501],[1.],"(array([0.190555]), array([-0.1400028]))","(array([0.07088941]), array([-0.12278125]))","(array([0.06810349]), array([-0.12056385]))","(array([0.06520624]), array([-0.1183535]))","(array([0.06227105]), array([-0.11626375]))","(array([0.05934787]), array([-0.11437856]))","(array([0.05646387]), array([-0.11275081]))","(array([0.05362836]), array([-0.11140444]))","(array([0.05084153]), array([-0.11033882]))","(array([0.04810637]), array([-0.10953761]))","(array([0.04543953]), array([-0.10898067]))"
(0.43993266518909235+0j),[-0.08168486],[1.],[0.51781597],[1.],"(array([0.18670098]), array([-0.13982788]))","(array([0.06832483]), array([-0.12058146]))","(array([0.06542545]), array([-0.1183739]))","(array([0.06248725]), array([-0.11628419]))","(array([0.0595604]), array([-0.11439823]))","(array([0.05667182]), array([-0.11276879]))","(array([0.05383034]), array([-0.11141834]))","(array([0.05103624]), array([-0.110346]))","(array([0.04829301]), array([-0.1095367]))","(array([0.04561773]), array([-0.10897181]))","(array([0.04304539]), array([-0.10863675]))"
(0.4343264662673518+0j),[-0.09001555],[1.],[0.51287759],[1.],"(array([0.18293486]), array([-0.1394942]))","(array([0.06567976]), array([-0.11839296]))","(array([0.06273779]), array([-0.11630471]))","(array([0.05980639]), array([-0.11441733]))","(array([0.05691268]), array([-0.11278575]))","(array([0.05406511]), array([-0.11143205]))","(array([0.05126351]), array([-0.1103539]))","(array([0.04851154]), array([-0.10953633]))","(array([0.04582678]), array([-0.10896219]))","(array([0.04324468]), array([-0.10861854]))","(array([0.04081492]), array([-0.10849715]))"
(0.4270782353156082+0j),[-0.0978213],[1.],[0.50918273],[1.],"(array([0.17936883]), array([-0.1390806]))","(array([0.06302499]), array([-0.11632339]))","(array([0.06008792]), array([-0.11443583]))","(array([0.05718793]), array([-0.11280131]))","(array([0.05433359]), array([-0.11144403]))","(array([0.05152428]), array([-0.11036098]))","(array([0.04876324]), array([-0.10953598]))","(array([0.04606833]), array([-0.10895232]))","(array([0.04347547]), array([-0.1085987]))","(array([0.04103478]), array([-0.10846854]))","(array([0.03880206]), array([-0.10855556]))"
(0.4183262719642187+0j),[-0.10488979],[1.],[0.5067986],[1.],"(array([0.17609023]), array([-0.1386463]))","(array([0.06040635]), array([-0.11445208]))","(array([0.05749863]), array([-0.11281548]))","(array([0.05463617]), array([-0.11145369]))","(array([0.05181836]), array([-0.11036558]))","(array([0.04904797]), array([-0.10953413]))","(array([0.04634254]), array([-0.10894176]))","(array([0.04373827]), array([-0.10857791]))","(array([0.04128574]), array([-0.10843759]))","(array([0.03904114]), array([-0.10851608]))","(array([0.03705742]), array([-0.1088037]))"
(0.4083174939548681+0j),[-0.11103774],[1.],[0.5057347],[1.],"(array([0.17315122]), array([-0.13822796]))","(array([0.05784483]), array([-0.1128271]))","(array([0.05497258]), array([-0.11146117]))","(array([0.05214479]), array([-0.11036701]))","(array([0.04936423]), array([-0.10952916]))","(array([0.04664793]), array([-0.10892913]))","(array([0.0440319]), array([-0.10855583]))","(array([0.04156696]), array([-0.10840516]))","(array([0.03930967]), array([-0.10847386]))","(array([0.03731332]), array([-0.10875354]))","(array([0.03562182]), array([-0.10922745]))"
(0.3973549331454989+0j),[-0.11611285],[1.],[0.50593963],[1.],"(array([0.17056631]), array([-0.13783789]))","(array([0.05534129]), array([-0.11146588]))","(array([0.0525018]), array([-0.11036561]))","(array([0.04970958]), array([-0.10952038]))","(array([0.04698162]), array([-0.10891298]))","(array([0.04435349]), array([-0.10853133]))","(array([0.04187584]), array([-0.10837111]))","(array([0.03960542]), array([-0.10842989]))","(array([0.03759579]), array([-0.10870053]))","(array([0.03589109]), array([-0.1091673]))","(array([0.03452382]), array([-0.10980497]))"
(0.385754695592376+0j),[-0.1199897],[1.],[0.50730964],[1.],"(array([0.1683175]), array([-0.1374643]))","(array([0.05288623]), array([-0.11036136]))","(array([0.05008069]), array([-0.10950836]))","(array([0.04733975]), array([-0.10889272]))","(array([0.04469884]), array([-0.10850326]))","(array([0.04220821]), array([-0.10833465]))","(array([0.03992446]), array([-0.10838434]))","(array([0.03790126]), array([-0.1086459]))","(array([0.03618291]), array([-0.10910458]))","(array([0.03480203]), array([-0.10973597]))","(array([0.03378026]), array([-0.11050669]))"
(0.37381464288758326+0j),[-0.12256476],[1.],[0.50969906],[1.],"(array([0.16636594]), array([-0.13707611]))","(array([0.05047288]), array([-0.10949376]))","(array([0.04771753]), array([-0.10886923]))","(array([0.04506278]), array([-0.10847125]))","(array([0.0425587]), array([-0.10829498]))","(array([0.0402615]), array([-0.1083368]))","(array([0.03822466]), array([-0.10859012]))","(array([0.03649253]), array([-0.10904078]))","(array([0.03509782]), array([-0.10966508]))","(array([0.03406221]), array([-0.11043031]))","(array([0.03339833]), array([-0.11129613]))"
(0.36179049118794765+0j),[-0.12375377],[1.],[0.51292525],[1.],"(array([0.16466656]), array([-0.13663373]))","(array([0.04810902]), array([-0.108844]))","(array([0.04543944]), array([-0.10843665]))","(array([0.04292123]), array([-0.10825208]))","(array([0.04061037]), array([-0.10828679]))","(array([0.03855997]), array([-0.1085331]))","(array([0.03681416]), array([-0.10897658]))","(array([0.03540565]), array([-0.10959398]))","(array([0.03435619]), array([-0.1103531]))","(array([0.03367839]), array([-0.11121411]))","(array([0.03337714]), array([-0.11213038]))"
(0.34987636028384284+0j),[-0.12349197],[1.],[0.51676633],[1.],"(array([0.16318018]), array([-0.13610187]))","(array([0.04582239]), array([-0.10840201]))","(array([0.04328964]), array([-0.1082081]))","(array([0.04096481]), array([-0.10823488]))","(array([0.03890081]), array([-0.10847457]))","(array([0.03714157]), array([-0.10891195]))","(array([0.03571952]), array([-0.10952332]))","(array([0.0346564]), array([-0.11027669]))","(array([0.03396489]), array([-0.11113257]))","(array([0.03364984]), array([-0.11204466]))","(array([0.03370827]), array([-0.11296006]))"
(0.33819254364274287+0j),[-0.12173594],[1.],[0.52095537],[1.],"(array([0.1618782]), array([-0.13545823]))","(array([0.04365777]), array([-0.10816515]))","(array([0.04131905]), array([-0.10818344]))","(array([0.0392415]), array([-0.10841582]))","(array([0.03746875]), array([-0.10884699]))","(array([0.03603332]), array([-0.10945293]))","(array([0.03495689]), array([-0.11020136]))","(array([0.03425197]), array([-0.11105262]))","(array([0.03392348]), array([-0.11196053]))","(array([0.03396839]), array([-0.11287236]))","(array([0.03437496]), array([-0.11372889]))"
(0.3267874300824601+0j),[-0.11845675],[1.],[0.52519901],[1.],"(array([0.16074151]), array([-0.13469045]))","(array([0.04166643]), array([-0.10813287]))","(array([0.03957541]), array([-0.10835808]))","(array([0.03778951]), array([-0.10878302]))","(array([0.036341]), array([-0.10938363]))","(array([0.0352515]), array([-0.11012745]))","(array([0.03453359]), array([-0.11097462]))","(array([0.03419202]), array([-0.11187873]))","(array([0.03422384]), array([-0.11278705]))","(array([0.03461724]), array([-0.11364046]))","(array([0.0353531]), array([-0.11437496]))"
(0.315654158235822+0j),[-0.11364583],[1.],[0.52920974],[1.],"(array([0.15975612]), array([-0.13379041]))","(array([0.03989778]), array([-0.10830237]))","(array([0.03809885]), array([-0.10872136]))","(array([0.03663761]), array([-0.10931677]))","(array([0.0355356]), array([-0.11005613]))","(array([0.03480529]), array([-0.11089953]))","(array([0.03445129]), array([-0.11180032]))","(array([0.03447057]), array([-0.11270545]))","(array([0.03485138]), array([-0.11355583]))","(array([0.03557459]), array([-0.11428753]))","(array([0.0366152]), array([-0.11483622]))"
(0.3047592758489047+0j),[-0.1073543],[1.],[0.53270186],[1.],"(array([0.15890525]), array([-0.13275751]))","(array([0.03839336]), array([-0.10866287]))","(array([0.03691971]), array([-0.10925335]))","(array([0.03580564]), array([-0.10998839]))","(array([0.03506355]), array([-0.11082815]))","(array([0.03469793]), array([-0.11172593]))","(array([0.0347055]), array([-0.11262829]))","(array([0.03507443]), array([-0.11347595]))","(array([0.03578569]), array([-0.11420497]))","(array([0.03681433]), array([-0.11475114]))","(array([0.0381261]), array([-0.11505531]))"
(0.29407717898793523+0j),[-0.09966487],[1.],[0.53546175],[1.],"(array([0.15817262]), array([-0.13159319]))","(array([0.03718504]), array([-0.10919385]))","(array([0.03605939]), array([-0.10992483]))","(array([0.03530603]), array([-0.11076108]))","(array([0.03492938]), array([-0.11165604]))","(array([0.03492605]), array([-0.11255592]))","(array([0.03528403]), array([-0.11340123]))","(array([0.0359842]), array([-0.11412793]))","(array([0.0370017]), array([-0.11467177]))","(array([0.03830233]), array([-0.11497372]))","(array([0.03984575]), array([-0.11498771]))"
(0.283614726543879+0j),[-0.09065009],[1.],[0.53738176],[1.],"(array([0.15755383]), array([-0.13029188]))","(array([0.03629575]), array([-0.10986581]))","(array([0.03553169]), array([-0.11069883]))","(array([0.03514463]), array([-0.11159106]))","(array([0.03513103]), array([-0.11248865]))","(array([0.03547889]), array([-0.11333186]))","(array([0.03616891]), array([-0.11405658]))","(array([0.03717615]), array([-0.11459843]))","(array([0.0384665]), array([-0.11489834]))","(array([0.03999967]), array([-0.11491038]))","(array([0.04174189]), array([-0.11460763]))"
(0.27342843942485695+0j),[-0.08039969],[1.],[0.53848529],[1.],"(array([0.15706129]), array([-0.12884006]))","(array([0.03574054]), array([-0.11064143]))","(array([0.03534373]), array([-0.11153112]))","(array([0.03532054]), array([-0.11242651]))","(array([0.03565891]), array([-0.1132678]))","(array([0.0363396]), array([-0.11399073]))","(array([0.03733748]), array([-0.1145309]))","(array([0.03861839]), array([-0.11482908]))","(array([0.04014212]), array([-0.11483935]))","(array([0.04187496]), array([-0.11453492]))","(array([0.04379444]), array([-0.11391305]))"
(0.26363929302350886+0j),[-0.06904243],[1.],[0.53894911],[1.],"(array([0.1567315]), array([-0.12722334]))","(array([0.03552754]), array([-0.11147596]))","(array([0.03549538]), array([-0.11236927]))","(array([0.0358249]), array([-0.11320872]))","(array([0.03649689]), array([-0.11393003]))","(array([0.03748622]), array([-0.11446868]))","(array([0.0387585]), array([-0.11476544]))","(array([0.04027357]), array([-0.11477421]))","(array([0.04199778]), array([-0.11446827]))","(array([0.04390872]), array([-0.11384501]))","(array([0.04599338]), array([-0.11293342]))"
(0.2544587920730685+0j),[-0.0567306],[1.],[0.53915008],[1.],"(array([0.15663394]), array([-0.12542742]))","(array([0.03565708]), array([-0.11231651]))","(array([0.03597833]), array([-0.1131542]))","(array([0.03664215]), array([-0.11387394]))","(array([0.03762348]), array([-0.11441119]))","(array([0.03888789]), array([-0.11470662]))","(array([0.04039502]), array([-0.11471416]))","(array([0.0421113]), array([-0.11440697]))","(array([0.04401437]), array([-0.11378248]))","(array([0.04609127]), array([-0.11286981]))","(array([0.04834221]), array([-0.11173672]))"
(0.24623353400686768+0j),[-0.04364051],[1.],[0.53975691],[1.],"(array([0.15688587]), array([-0.12343585]))","(array([0.03612104]), array([-0.11310364]))","(array([0.03677725]), array([-0.11382188]))","(array([0.03775105]), array([-0.11435778]))","(array([0.03900803]), array([-0.11465197]))","(array([0.04050784]), array([-0.11465833]))","(array([0.04221684]), array([-0.11435003]))","(array([0.04411262]), array([-0.11372453]))","(array([0.04618233]), array([-0.11281092]))","(array([0.04842623]), array([-0.11167709]))","(array([0.0508674]), array([-0.11044242]))"
(0.2394872518859236+0j),[-0.03000472],[1.],[0.54181252],[1.],"(array([0.15767162]), array([-0.12123544]))","(array([0.03690404]), array([-0.11377312]))","(array([0.03787077]), array([-0.11430774]))","(array([0.03912076]), array([-0.11460076]))","(array([0.04061364]), array([-0.11460603]))","(array([0.04231577]), array([-0.11429667]))","(array([0.04420483]), array([-0.11367019]))","(array([0.04626784]), array([-0.1127558]))","(array([0.04850516]), array([-0.11162132]))","(array([0.05093994]), array([-0.11038626]))","(array([0.0536251]), array([-0.10924056]))"
(0.2349084284946158+0j),[-0.01612775],[1.],[0.54666409],[1.],"(array([0.15924559]), array([-0.11882306]))","(array([0.03798436]), array([-0.11426035]))","(array([0.03922768]), array([-0.11455227]))","(array([0.04071397]), array([-0.11455651]))","(array([0.04240958]), array([-0.11424618]))","(array([0.0442922]), array([-0.11361879]))","(array([0.04634895]), array([-0.11270356]))","(array([0.0485801]), array([-0.11156851]))","(array([0.05100883]), array([-0.11033313]))","(array([0.0536882]), array([-0.10918743]))","(array([0.05669734]), array([-0.10839571]))"
(0.23322085199998263+0j),[-0.00238144],[1.],[0.5555865],[1.],"(array([0.1618827]), array([-0.11621148]))","(array([0.0393302]), array([-0.11450584]))","(array([0.04081013]), array([-0.11450911]))","(array([0.04249948]), array([-0.11419787]))","(array([0.04437593]), array([-0.11356964]))","(array([0.04642662]), array([-0.11265365]))","(array([0.04865188]), array([-0.11151797]))","(array([0.05107493]), array([-0.11028222]))","(array([0.05374877]), array([-0.10913656]))","(array([0.05675269]), array([-0.10834529]))","(array([0.06016577]), array([-0.10820398]))"
(0.23496531640389115+0j),[0.01082738],[1.],[0.56920134],[1.],"(array([0.1657665]), array([-0.11343047]))","(array([0.04090317]), array([-0.11446329]))","(array([0.04258642]), array([-0.11415118]))","(array([0.0444569]), array([-0.11352216]))","(array([0.04650173]), array([-0.1126055]))","(array([0.04872128]), array([-0.11146926]))","(array([0.0511388]), array([-0.11023311]))","(array([0.05380738]), array([-0.10908735]))","(array([0.05680629]), array([-0.10829654]))","(array([0.06021475]), array([-0.10815621]))","(array([0.06406115]), array([-0.10889693]))"
(0.24033939551577382+0j),[0.02309295],[1.],[0.58710843],[1.],"(array([0.17088464]), array([-0.11052678]))","(array([0.04267111]), array([-0.11410573]))","(array([0.04453572]), array([-0.11347595]))","(array([0.04657484]), array([-0.11255865]))","(array([0.04878883]), array([-0.11142192]))","(array([0.05120096]), array([-0.11018546]))","(array([0.0538644]), array([-0.10903961]))","(array([0.05685849]), array([-0.10824907]))","(array([0.0602625]), array([-0.10810965]))","(array([0.0641049]), array([-0.10885195]))","(array([0.06831617]), array([-0.11054398]))"
(0.24918514727504368+0j),[0.03405792],[1.],[0.60800566],[1.],"(array([0.17701295]), array([-0.10756057]))","(array([0.04461286]), array([-0.11343073]))","(array([0.04664635]), array([-0.11251281]))","(array([0.04885488]), array([-0.11137563]))","(array([0.05126176]), array([-0.11013891]))","(array([0.05392017]), array([-0.10899305]))","(array([0.05690953]), array([-0.10820281]))","(array([0.0603092]), array([-0.10806412]))","(array([0.06414774]), array([-0.10880785]))","(array([0.06835566]), array([-0.11050207]))","(array([0.07275964]), array([-0.11302267]))"
(0.2610650301727321+0j),[0.04344361],[1.],[0.63011403],[1.],"(array([0.18378204]), array([-0.10460171]))","(array([0.04671657]), array([-0.11246777]))","(array([0.04891972]), array([-0.11133014]))","(array([0.05132141]), array([-0.1100932]))","(array([0.05397488]), array([-0.1089474]))","(array([0.05695962]), array([-0.10815752]))","(array([0.06035504]), array([-0.10801959]))","(array([0.06418979]), array([-0.1087646]))","(array([0.06839446]), array([-0.11046082]))","(array([0.07279571]), array([-0.11298419]))","(array([0.07715494]), array([-0.11606771]))"
(0.2753466462325638+0j),[0.05106846],[1.],[0.65159937],[1.],"(array([0.19077145]), array([-0.10173176]))","(array([0.04898361]), array([-0.11128524]))","(array([0.05138017]), array([-0.11004808]))","(array([0.05402876]), array([-0.10890235]))","(array([0.05700892]), array([-0.10811292]))","(array([0.06040017]), array([-0.10797583]))","(array([0.06423121]), array([-0.10872214]))","(array([0.06843268]), array([-0.11042021]))","(array([0.0728313]), array([-0.11294617]))","(array([0.07718841]), array([-0.11603298]))","(array([0.08125268]), array([-0.11935132]))"
(0.2912714688109915+0j),[0.05685596],[1.],[0.67086122],[1.],"(array([0.19759394]), array([-0.09904818]))","(array([0.05143838]), array([-0.11000328]))","(array([0.05408211]), array([-0.1088576]))","(array([0.05705773]), array([-0.10806863]))","(array([0.06044482]), array([-0.10793247]))","(array([0.06427219]), array([-0.10868019]))","(array([0.06847053]), array([-0.11038015]))","(array([0.07286656]), array([-0.11290852]))","(array([0.07722162]), array([-0.11599851]))","(array([0.08128434]), array([-0.11932059]))","(array([0.08483334]), array([-0.12255145]))"
(0.30801343293619365+0j),[0.06083691],[1.],[0.68668978],[1.],"(array([0.20395583]), array([-0.09667604]))","(array([0.05413539]), array([-0.10881279]))","(array([0.05710644]), array([-0.10802422]))","(array([0.06048936]), array([-0.10788901]))","(array([0.06431305]), array([-0.10863823]))","(array([0.06850828]), array([-0.11034023]))","(array([0.07290176]), array([-0.11287111]))","(array([0.07725481]), array([-0.11596409]))","(array([0.08131602]), array([-0.1192899]))","(array([0.08486399]), array([-0.12252487]))","(array([0.08773346]), array([-0.12539505]))"
(0.32473571793381756+0j),[0.06314473],[1.],[0.6983292],[1.],"(array([0.20968949]), array([-0.09478746]))","(array([0.05715557]), array([-0.10797928]))","(array([0.06053426]), array([-0.10784493]))","(array([0.06435421]), array([-0.1085957]))","(array([0.06854629]), array([-0.11029986]))","(array([0.07293723]), array([-0.11283344]))","(array([0.07728831]), array([-0.11592954]))","(array([0.08134805]), array([-0.11925893]))","(array([0.08489501]), array([-0.12249813]))","(array([0.0877639]), array([-0.12537272]))","(array([0.08985818]), array([-0.12768034]))"
(0.3406486220548764+0j),[0.06400084],[1.],[0.705476],[1.],"(array([0.21475716]), array([-0.09360761]))","(array([0.06058004]), array([-0.1077998]))","(array([0.06439614]), array([-0.10855201]))","(array([0.06858496]), array([-0.11025841]))","(array([0.07297332]), array([-0.11279489]))","(array([0.07732244]), array([-0.11589436]))","(array([0.08138075]), array([-0.11922748]))","(array([0.08492674]), array([-0.12247085]))","(array([0.08779508]), array([-0.12535008]))","(array([0.08988915]), array([-0.12766231]))","(array([0.09118309]), array([-0.12928436]))"
(0.3550643454750817+0j),[0.06368589],[1.],[0.7082292],[1.],"(array([0.21921906]), array([-0.09337665]))","(array([0.06443931]), array([-0.10850677]))","(array([0.06862472]), array([-0.11021532]))","(array([0.07301038]), array([-0.1127548]))","(array([0.07735749]), array([-0.11585793]))","(array([0.08141441]), array([-0.1191951]))","(array([0.08495949]), array([-0.1224428]))","(array([0.08782732]), array([-0.12532678]))","(array([0.08992122]), array([-0.12764395]))","(array([0.09121525]), array([-0.12927069]))","(array([0.09174716]), array([-0.13016058]))"
(0.36744187894371105+0j),[0.06249827],[1.],[0.70700768],[1.],"(array([0.22316728]), array([-0.09426158]))","(array([0.06866601]), array([-0.11017025]))","(array([0.07304875]), array([-0.1127127]))","(array([0.07739374]), array([-0.11581966]))","(array([0.08144925]), array([-0.11916125]))","(array([0.08499348]), array([-0.12241367]))","(array([0.08786089]), array([-0.12530255]))","(array([0.0899547]), array([-0.12762492]))","(array([0.09124885]), array([-0.12925676]))","(array([0.09178106]), array([-0.1301513]))","(array([0.09163808]), array([-0.13032955]))"
(0.3774184173761513+0j),[0.06071368],[1.],[0.70245218],[1.],"(array([0.22665727]), array([-0.09626772]))","(array([0.07308883]), array([-0.11266827]))","(array([0.07743147]), array([-0.11577909]))","(array([0.08148546]), array([-0.11912536]))","(array([0.08502886]), array([-0.12238295]))","(array([0.08789596]), array([-0.12527715]))","(array([0.08998979]), array([-0.12760492]))","(array([0.0912842]), array([-0.12924227]))","(array([0.09181674]), array([-0.13014191]))","(array([0.09167416]), array([-0.13032461]))","(array([0.09097354]), array([-0.12986514]))"
(0.3848274143151158+0j),[0.05856052],[1.],[0.69532816],[1.],"(array([0.229679]), array([-0.09921634]))","(array([0.07747102]), array([-0.11573591]))","(array([0.08152328]), array([-0.11908697]))","(array([0.08506579]), array([-0.12235009]))","(array([0.08793264]), array([-0.12525015]))","(array([0.09002665]), array([-0.12758376]))","(array([0.09132146]), array([-0.12922687]))","(array([0.09185449]), array([-0.13013211]))","(array([0.09171235]), array([-0.13031974]))","(array([0.09101214]), array([-0.12986438]))","(array([0.08988347]), array([-0.12887849]))"
(0.38970657377832996+0j),[0.05621281],[1.],[0.6864423],[1.],"(array([0.23217454]), array([-0.10279728]))","(array([0.08156307]), array([-0.11904578]))","(array([0.0851045]), array([-0.12231462]))","(array([0.08797108]), array([-0.12522102]))","(array([0.09006539]), array([-0.12756107]))","(array([0.0913608]), array([-0.12921038]))","(array([0.09189451]), array([-0.13012156]))","(array([0.091753]), array([-0.13031469]))","(array([0.09105324]), array([-0.12986393]))","(array([0.08992492]), array([-0.12888166]))","(array([0.08849654]), array([-0.12750167]))"
(0.3923013505061939+0j),[0.05379329],[1.],[0.67658117],[1.],"(array([0.23407424]), array([-0.10664979]))","(array([0.08514541]), array([-0.12227622]))","(array([0.08801159]), array([-0.12518926]))","(array([0.09010622]), array([-0.12753634]))","(array([0.0914024]), array([-0.12919253]))","(array([0.09193704]), array([-0.13011007]))","(array([0.09179638]), array([-0.1303091]))","(array([0.09109728]), array([-0.12986354]))","(array([0.08996933]), array([-0.1288854]))","(array([0.08854117]), array([-0.12750846]))","(array([0.08693159]), array([-0.12587358]))"
(0.3930652032591732+0j),[0.05137547],[1.],[0.66647434],[1.],"(array([0.23532858]), array([-0.11043008]))","(array([0.08805469]), array([-0.12515448]))","(array([0.09014959]), array([-0.12750904]))","(array([0.09144662]), array([-0.1291728]))","(array([0.09198239]), array([-0.13009747]))","(array([0.09184284]), array([-0.13030281]))","(array([0.09114463]), array([-0.12986288]))","(array([0.09001727]), array([-0.12888949]))","(array([0.08858935]), array([-0.1275161]))","(array([0.08697982]), array([-0.12588363]))","(array([0.08529278]), array([-0.12413022]))"
(0.39264452718476367+0j),[0.04897949],[1.],[0.65677545],[1.],"(array([0.23592884]), array([-0.11385466]))","(array([0.09019619]), array([-0.1274787]))","(array([0.09149409]), array([-0.12915063]))","(array([0.09203114]), array([-0.13008324]))","(array([0.09189294]), array([-0.13029574]))","(array([0.0911959]), array([-0.12986188]))","(array([0.09006934]), array([-0.12889365]))","(array([0.08864185]), array([-0.12752442]))","(array([0.08703238]), array([-0.12589484]))","(array([0.08534519]), array([-0.12414316]))","(array([0.08366665]), array([-0.12239988]))"
(0.3918223677661172+0j),[0.04656629],[1.],[0.64803848],[1.],"(array([0.23591569]), array([-0.1167234]))","(array([0.09154576]), array([-0.1291255]))","(array([0.09208416]), array([-0.13006679]))","(array([0.09194753]), array([-0.13028738]))","(array([0.09125192]), array([-0.12986047]))","(array([0.09012643]), array([-0.12889787]))","(array([0.08869954]), array([-0.12753318]))","(array([0.08709028]), array([-0.12590708]))","(array([0.08540293]), array([-0.12415759]))","(array([0.08372402]), array([-0.12241534]))","(array([0.08211925]), array([-0.12080044]))"
(0.3914025350465375+0j),[0.04403662],[1.],[0.64066121],[1.],"(array([0.23537314]), array([-0.11892797]))","(array([0.09214277]), array([-0.13004756]))","(array([0.09200783]), array([-0.1302771]))","(array([0.09131389]), array([-0.12985821]))","(array([0.09018975]), array([-0.12890216]))","(array([0.08876371]), array([-0.12754246]))","(array([0.08715475]), array([-0.12592017]))","(array([0.08546733]), array([-0.12417341]))","(array([0.08378801]), array([-0.12243262]))","(array([0.08218264]), array([-0.12081805]))","(array([0.08069148]), array([-0.11943285]))"
(0.39204584426339584+0j),[0.04124107],[1.],[0.63479287],[1.],"(array([0.23440494]), array([-0.12044852]))","(array([0.09207553]), array([-0.13026444]))","(array([0.09138341]), array([-0.12985448]))","(array([0.09026088]), array([-0.12890609]))","(array([0.08883597]), array([-0.12755235]))","(array([0.08722751]), array([-0.12593428]))","(array([0.08554001]), array([-0.12419049]))","(array([0.08386028]), array([-0.12245165]))","(array([0.08225423]), array([-0.12083778]))","(array([0.08076222]), array([-0.11945217]))","(array([0.07939156]), array([-0.11836629]))"
(0.3940900813786933+0j),[0.03800668],[1.],[0.63024415],[1.],"(array([0.23309853]), array([-0.12134057]))","(array([0.09146253]), array([-0.12984891]))","(array([0.09034174]), array([-0.12890912]))","(array([0.08891818]), array([-0.12756243]))","(array([0.08731047]), array([-0.12594953]))","(array([0.08562304]), array([-0.12420909]))","(array([0.0839428]), array([-0.12247231]))","(array([0.08233597]), array([-0.12085956]))","(array([0.08084295]), array([-0.11947386]))","(array([0.07947114]), array([-0.11838681]))","(array([0.07818775]), array([-0.11761788]))"
(0.39742524846358146+0j),[0.03417937],[1.],[0.62648619],[1.],"(array([0.23149486]), array([-0.12171367]))","(array([0.09043465]), array([-0.12891107]))","(array([0.08901251]), array([-0.12757229]))","(array([0.08740573]), array([-0.12596557]))","(array([0.08571855]), array([-0.12422933]))","(array([0.08403787]), array([-0.12249492]))","(array([0.08243006]), array([-0.12088329]))","(array([0.08093586]), array([-0.11949782]))","(array([0.07956266]), array([-0.11840984]))","(array([0.07827773]), array([-0.1176389]))","(array([0.07700931]), array([-0.11713878]))"
(0.4015381425167602+0j),[0.029669],[1.],[0.62282035],[1.],"(array([0.22958882]), array([-0.12170539]))","(array([0.08912142]), array([-0.12758193]))","(array([0.08751554]), array([-0.1259821]))","(array([0.08582871]), array([-0.12425093]))","(array([0.0841477]), array([-0.12251962]))","(array([0.0825389]), array([-0.1209093]))","(array([0.08104323]), array([-0.11952397]))","(array([0.07966839]), array([-0.11843527]))","(array([0.07838161]), array([-0.11766247]))","(array([0.07711116]), array([-0.11715943]))","(array([0.07576431]), array([-0.11682518]))"
(0.4057330892393405+0j),[0.02447605],[1.],[0.61865007],[1.],"(array([0.22736542]), array([-0.12145668]))","(array([0.0876424]), array([-0.12599932]))","(array([0.08595576]), array([-0.1242737]))","(array([0.0842744]), array([-0.12254616]))","(array([0.08266462]), array([-0.12093772]))","(array([0.08116739]), array([-0.11955257]))","(array([0.07979058]), array([-0.11846298]))","(array([0.07850166]), array([-0.11768844]))","(array([0.07722878]), array([-0.11718252]))","(array([0.07587927]), array([-0.11684438]))","(array([0.07437174]), array([-0.11655726]))"
(0.40937588354161986+0j),[0.01868883],[1.],[0.61366928],[1.],"(array([0.224843]), array([-0.12109504]))","(array([0.08610216]), array([-0.12429805]))","(array([0.08442018]), array([-0.12257448]))","(array([0.08280927]), array([-0.12096834]))","(array([0.08131038]), array([-0.11958376]))","(array([0.07993144]), array([-0.11849317]))","(array([0.07864001]), array([-0.11771666]))","(array([0.07736438]), array([-0.1172079]))","(array([0.07601174]), array([-0.11686578]))","(array([0.07450079]), array([-0.11657379]))","(array([0.07278976]), array([-0.11624273]))"
(0.41203495847920585+0j),[0.01245811],[1.],[0.60788493],[1.],"(array([0.2220918]), array([-0.12072808]))","(array([0.08458736]), array([-0.12260509]))","(array([0.08297496]), array([-0.12100119]))","(array([0.08147415]), array([-0.11961734]))","(array([0.08009285]), array([-0.11852593]))","(array([0.07879867]), array([-0.11774718]))","(array([0.07751994]), array([-0.11723531]))","(array([0.07616382]), array([-0.11688918]))","(array([0.07464891]), array([-0.11659213]))","(array([0.0729336]), array([-0.11625529]))","(array([0.07102459]), array([-0.11583882]))"
(0.4135145403449165+0j),[0.00596361],[1.],[0.60153241],[1.],"(array([0.2192242]), array([-0.12044551]))","(array([0.08316382]), array([-0.12103683]))","(array([0.08166064]), array([-0.11965341]))","(array([0.08027661]), array([-0.11856109]))","(array([0.07897936]), array([-0.11778006]))","(array([0.0776972]), array([-0.11726466]))","(array([0.07633726]), array([-0.11691426]))","(array([0.07481802]), array([-0.11661201]))","(array([0.07309783]), array([-0.1162691]))","(array([0.07118362]), array([-0.11584612]))","(array([0.06912122]), array([-0.11534977]))"
(0.41382676113812017+0j),[-0.00061654],[1.],[0.5949667],[1.],"(array([0.21637067]), array([-0.12032361]))","(array([0.0818717]), array([-0.1196925]))","(array([0.08048442]), array([-0.11859876]))","(array([0.07918362]), array([-0.11781515]))","(array([0.07789761]), array([-0.11729595]))","(array([0.07653348]), array([-0.11694073]))","(array([0.07500956]), array([-0.11663307]))","(array([0.07328408]), array([-0.11628389]))","(array([0.07136401]), array([-0.115854]))","(array([0.06929546]), array([-0.1153506]))","(array([0.06714658]), array([-0.1148121]))"
(0.4131411640945584+0j),[-0.00712912],[1.],[0.58857288],[1.],"(array([0.2136532]), array([-0.12042478]))","(array([0.08071764]), array([-0.11863941]))","(array([0.07941273]), array([-0.11785253]))","(array([0.0781223]), array([-0.11732905]))","(array([0.07675345]), array([-0.11696852]))","(array([0.07522444]), array([-0.11665483]))","(array([0.07349332]), array([-0.11629922]))","(array([0.07156695]), array([-0.11586219]))","(array([0.06949158]), array([-0.11535131]))","(array([0.06733563]), array([-0.11480546]))","(array([0.06517349]), array([-0.11427899]))"
(0.4117303125542431+0j),[-0.013461],[1.],[0.58270498],[1.],"(array([0.21116073]), array([-0.1207871]))","(array([0.07966736]), array([-0.11789257]))","(array([0.07837192]), array([-0.11736402]))","(array([0.0769977]), array([-0.11699754]))","(array([0.07546301]), array([-0.11667715]))","(array([0.07372581]), array([-0.11631448]))","(array([0.07179278]), array([-0.11587024]))","(array([0.06971012]), array([-0.11535163]))","(array([0.06754643]), array([-0.11479801]))","(array([0.06537635]), array([-0.11426414]))","(array([0.06326849]), array([-0.11380785]))"
(0.4099173158791579+0j),[-0.01954663],[1.],[0.57764653],[1.],"(array([0.20893006]), array([-0.12140648]))","(array([0.07864626]), array([-0.11740113]))","(array([0.07726608]), array([-0.11702785]))","(array([0.075725]), array([-0.11669999]))","(array([0.07398107]), array([-0.11632948]))","(array([0.07204095]), array([-0.11587746]))","(array([0.06995064]), array([-0.11535118]))","(array([0.06777874]), array([-0.1147896]))","(array([0.06560011]), array([-0.11424794]))","(array([0.06348356]), array([-0.11378444]))","(array([0.06148392]), array([-0.11345161]))"
(0.40802538423386275+0j),[-0.02536847],[1.],[0.57358345],[1.],"(array([0.20693871]), array([-0.12222393]))","(array([0.07755742]), array([-0.11705968]))","(array([0.07600937]), array([-0.11672348]))","(array([0.074258]), array([-0.1163443]))","(array([0.07231011]), array([-0.11588367]))","(array([0.07021174]), array([-0.11534926]))","(array([0.06803132]), array([-0.1147799]))","(array([0.0658437]), array([-0.11423038]))","(array([0.0637179]), array([-0.11375936]))","(array([0.06170894]), array([-0.1134197]))","(array([0.05985327]), array([-0.11325221]))"
(0.4063287019312222+0j),[-0.03095069],[1.],[0.57058464],[1.],"(array([0.20511753]), array([-0.12313619]))","(array([0.07631395]), array([-0.11674787]))","(array([0.07455461]), array([-0.11635917]))","(array([0.07259827]), array([-0.11588911]))","(array([0.07049119]), array([-0.11534574]))","(array([0.06830186]), array([-0.11476827]))","(array([0.06610499]), array([-0.11421122]))","(array([0.06396959]), array([-0.11373273]))","(array([0.06195087]), array([-0.11338605]))","(array([0.0600854]), array([-0.11321231]))","(array([0.05838913]), array([-0.11323564]))"
(0.40500582633783355+0j),[-0.03634588],[1.],[0.56859213],[1.],"(array([0.20337989]), array([-0.12403312]))","(array([0.07486776]), array([-0.11637444]))","(array([0.07290252]), array([-0.11589415]))","(array([0.07078611]), array([-0.11534108]))","(array([0.0685873]), array([-0.11475474]))","(array([0.06638089]), array([-0.11418994]))","(array([0.06423573]), array([-0.11370448]))","(array([0.062207]), array([-0.11335096]))","(array([0.06033143]), array([-0.11317088]))","(array([0.05862506]), array([-0.11318868]))","(array([0.05708355]), array([-0.11340789]))"
(0.404097773630857+0j),[-0.04161586],[1.],[0.56742607],[1.],"(array([0.20164994]), array([-0.12483797]))","(array([0.07321892]), array([-0.11589932]))","(array([0.07109285]), array([-0.11533585]))","(array([0.06888404]), array([-0.11474]))","(array([0.06666761]), array([-0.1141668]))","(array([0.06451251]), array([-0.11367422]))","(array([0.06247373]), array([-0.11331449]))","(array([0.06058795]), array([-0.11312839]))","(array([0.05887134]), array([-0.1131407]))","(array([0.05731965]), array([-0.11335525]))","(array([0.05591098]), array([-0.11375254]))"
(0.40347116429749713+0j),[-0.04680881],[1.],[0.56680686],[1.],"(array([0.19987489]), array([-0.12552451]))","(array([0.07140693]), array([-0.11533075]))","(array([0.06918795]), array([-0.11472482]))","(array([0.0669611]), array([-0.11414268]))","(array([0.06479571]), array([-0.11364244]))","(array([0.06274684]), array([-0.11327644]))","(array([0.06085097]), array([-0.11308506]))","(array([0.05912416]), array([-0.1130923]))","(array([0.05756229]), array([-0.11330231]))","(array([0.05614356]), array([-0.1136959]))","(array([0.05483383]), array([-0.11423059]))"
(0.4027947405745834+0j),[-0.05193649],[1.],[0.56639576],[1.],"(array([0.19802317]), array([-0.1261088]))","(array([0.06949439]), array([-0.11471005]))","(array([0.06725713]), array([-0.11411852]))","(array([0.06508118]), array([-0.11361019]))","(array([0.06302201]), array([-0.11323747]))","(array([0.06111614]), array([-0.1130408]))","(array([0.05937942]), array([-0.11304377]))","(array([0.05780757]), array([-0.11324975]))","(array([0.05637893]), array([-0.11363983]))","(array([0.05505944]), array([-0.11417183]))","(array([0.05381042]), array([-0.11478383]))"
(0.40157247763207354+0j),[-0.05695636],[1.],[0.56586517],[1.],"(array([0.19608084]), array([-0.12662909]))","(array([0.06755133]), array([-0.11409531]))","(array([0.06536498]), array([-0.11357851]))","(array([0.06329539]), array([-0.11319871]))","(array([0.06137945]), array([-0.11299635]))","(array([0.05963305]), array([-0.11299508]))","(array([0.05805165]), array([-0.11319786]))","(array([0.05661344]), array([-0.11358498]))","(array([0.05528448]), array([-0.1141145]))","(array([0.05402617]), array([-0.11472478]))","(array([0.05280543]), array([-0.11534342]))"
(0.399288513580972+0j),[-0.06176687],[1.],[0.56500097],[1.],"(array([0.19405564]), array([-0.12712675]))","(array([0.06564337]), array([-0.11354841]))","(array([0.06356364]), array([-0.11316121]))","(array([0.06163763]), array([-0.11295285]))","(array([0.05988159]), array([-0.11294699]))","(array([0.058291]), array([-0.1131466]))","(array([0.05684376]), array([-0.11353157]))","(array([0.05550577]), array([-0.11405916]))","(array([0.05423856]), array([-0.11466791]))","(array([0.0530091]), array([-0.11528568]))","(array([0.05180206]), array([-0.1158459]))"
(0.3956058953351249+0j),[-0.06622097],[1.],[0.56377981],[1.],"(array([0.19198543]), array([-0.1276344]))","(array([0.06382385]), array([-0.11312588]))","(array([0.06188815]), array([-0.11291124]))","(array([0.06012256]), array([-0.11290049]))","(array([0.05852291]), array([-0.11309659]))","(array([0.05706709]), array([-0.11347945]))","(array([0.0557207]), array([-0.11400588]))","(array([0.0544451]), array([-0.11461363]))","(array([0.05320736]), array([-0.11523067]))","(array([0.05199221]), array([-0.11579066]))","(array([0.05081139]), array([-0.11625138]))"
(0.3904638494795557+0j),[-0.07015221],[1.],[0.56235173],[1.],"(array([0.18993659]), array([-0.12817146]))","(array([0.06212904]), array([-0.11287229]))","(array([0.06035433]), array([-0.11285639]))","(array([0.05874578]), array([-0.11304869]))","(array([0.05728156]), array([-0.11342908]))","(array([0.05592727]), array([-0.11395437]))","(array([0.05464393]), array([-0.11456182]))","(array([0.05339848]), array([-0.1151786]))","(array([0.05217569]), array([-0.11573848]))","(array([0.05098736]), array([-0.11619938]))","(array([0.04987146]), array([-0.11655152]))"
(0.3840409679692284+0j),[-0.07340062],[1.],[0.56095957],[1.],"(array([0.18798801]), array([-0.12874394]))","(array([0.06057587]), array([-0.11281523]))","(array([0.05895883]), array([-0.11300349]))","(array([0.05748641]), array([-0.11338114]))","(array([0.05612444]), array([-0.11390491]))","(array([0.05483388]), array([-0.11451201]))","(array([0.05358136]), array([-0.11512917]))","(array([0.0523515]), array([-0.11568932]))","(array([0.05115613]), array([-0.1161505]))","(array([0.05003327]), array([-0.11650305]))","(array([0.0490363]), array([-0.11676305]))"
(0.37666885661187893+0j),[-0.07583081],[1.],[0.55986892],[1.],"(array([0.18621223]), array([-0.12934456]))","(array([0.05916188]), array([-0.11296132]))","(array([0.05768163]), array([-0.11333598]))","(array([0.05631217]), array([-0.11385798]))","(array([0.05501463]), array([-0.11446438]))","(array([0.05375552]), array([-0.11508179]))","(array([0.05251919]), array([-0.11564275]))","(array([0.05131733]), array([-0.11610454]))","(array([0.05018796]), array([-0.11645758]))","(array([0.04918453]), array([-0.11671808]))","(array([0.04836327]), array([-0.11691601]))"
(0.368754025709611+0j),[-0.07734231],[1.],[0.55933145],[1.],"(array([0.18466373]), array([-0.12995215]))","(array([0.05786766]), array([-0.11329374]))","(array([0.05649101]), array([-0.11381373]))","(array([0.05518666]), array([-0.11441921]))","(array([0.0539212]), array([-0.11503655]))","(array([0.05267884]), array([-0.11559814]))","(array([0.05147101]), array([-0.11606097]))","(array([0.05033564]), array([-0.11641478]))","(array([0.04932616]), array([-0.11667585]))","(array([0.04849887]), array([-0.11687429]))","(array([0.04790437]), array([-0.11704539]))"
(0.360717166695796+0j),[-0.07787489],[1.],[0.5595657],[1.],"(array([0.18337524]), array([-0.13053102]))","(array([0.05666179]), array([-0.11377213]))","(array([0.05535086]), array([-0.11437646]))","(array([0.0540792]), array([-0.11499356]))","(array([0.05283103]), array([-0.11555552]))","(array([0.05161761]), array([-0.11601916]))","(array([0.0504767]), array([-0.11637405]))","(array([0.04946162]), array([-0.11663595]))","(array([0.04862866]), array([-0.11683497]))","(array([0.04802851]), array([-0.11700655]))","(array([0.04770169]), array([-0.11718672]))"
(0.3529438148141106+0j),[-0.07741071],[1.],[0.56073651],[1.],"(array([0.18235829]), array([-0.13103164]))","(array([0.0555082]), array([-0.11433602]))","(array([0.0542305]), array([-0.11495268]))","(array([0.05297665]), array([-0.11551489]))","(array([0.05175787]), array([-0.11597915]))","(array([0.05061172]), array([-0.11633489]))","(array([0.04959143]), array([-0.1165978]))","(array([0.0487532]), array([-0.11679762]))","(array([0.0481477]), array([-0.11696975]))","(array([0.04781557]), array([-0.11715037]))","(array([0.04778443]), array([-0.11737262]))"
(0.34574341844852696+0j),[-0.07597423],[1.],[0.56292647],[1.],"(array([0.18160482]), array([-0.13139429]))","(array([0.05437609]), array([-0.11491375]))","(array([0.05311666]), array([-0.11547606]))","(array([0.05189261]), array([-0.11594087]))","(array([0.05074143]), array([-0.11629735]))","(array([0.0497162]), array([-0.11656104]))","(array([0.04887303]), array([-0.11676174]))","(array([0.04826253]), array([-0.11693461]))","(array([0.04792533]), array([-0.11711575]))","(array([0.04788917]), array([-0.11733842]))","(array([0.04816584]), array([-0.11762794]))"
(0.3393191700499428+0j),[-0.07362969],[1.],[0.56610725],[1.],"(array([0.18109049]), array([-0.13155762]))","(array([0.0532519]), array([-0.11543887]))","(array([0.05202265]), array([-0.11590412]))","(array([0.05086654]), array([-0.11626131]))","(array([0.04983654]), array([-0.11652575]))","(array([0.04898866]), array([-0.11672713]))","(array([0.04837344]), array([-0.11690071]))","(array([0.04803148]), array([-0.11708251]))","(array([0.04799052]), array([-0.11730568]))","(array([0.04826245]), array([-0.1175956]))","(array([0.04884025]), array([-0.11796372]))"
(0.3337528966525119+0j),[-0.07047376],[1.],[0.5701269],[1.],"(array([0.18078187]), array([-0.13147373]))","(array([0.05214867]), array([-0.11586877]))","(array([0.05098766]), array([-0.11622658]))","(array([0.04995298]), array([-0.11649177]))","(array([0.04910055]), array([-0.11669387]))","(array([0.04848081]), array([-0.11686802]))","(array([0.04813432]), array([-0.11705038]))","(array([0.04808883]), array([-0.11727413]))","(array([0.04835621]), array([-0.11756452]))","(array([0.04892956]), array([-0.11793305]))","(array([0.04978168]), array([-0.11837238]))"
(0.32900874933534413+0j),[-0.0666214],[1.],[0.57472637],[1.],"(array([0.18064602]), array([-0.13112432]))","(array([0.05110529]), array([-0.11619308]))","(array([0.05006595]), array([-0.11645897]))","(array([0.04920904]), array([-0.11666178]))","(array([0.04858494]), array([-0.11683658]))","(array([0.04823411]), array([-0.11701942]))","(array([0.04818426]), array([-0.1172436]))","(array([0.04844733]), array([-0.11753451]))","(array([0.0490164]), array([-0.11790351]))","(array([0.04986436]), array([-0.11834326]))","(array([0.05094616]), array([-0.11882656]))"
(0.3249578491875761+0j),[-0.06218753],[1.],[0.57958636],[1.],"(array([0.18065675]), array([-0.13052517]))","(array([0.05017581]), array([-0.11642726]))","(array([0.04931446]), array([-0.11663076]))","(array([0.04868605]), array([-0.11680622]))","(array([0.04833102]), array([-0.11698963]))","(array([0.048277]), array([-0.11721422]))","(array([0.04853591]), array([-0.11750549]))","(array([0.04910089]), array([-0.11787496]))","(array([0.04994483]), array([-0.11831519]))","(array([0.05102276]), array([-0.11879894]))","(array([0.05227851]), array([-0.11928327]))"
(0.32142222249720265+0j),[-0.05727153],[1.],[0.5843935],[1.],"(array([0.1807967]), array([-0.12971597]))","(array([0.04941704]), array([-0.11660071]))","(array([0.04878436]), array([-0.11677682]))","(array([0.0484252]), array([-0.11696084]))","(array([0.04836715]), array([-0.11718595]))","(array([0.04862206]), array([-0.11747758]))","(array([0.04918308]), array([-0.11784736]))","(array([0.05002317]), array([-0.11828805]))","(array([0.05109736]), array([-0.1187723]))","(array([0.05234953]), array([-0.11925711]))","(array([0.05372205]), array([-0.11969292]))"
(0.318231372083764+0j),[-0.05195023],[1.],[0.58890963],[1.],"(array([0.18106013]), array([-0.12874591]))","(array([0.0488801]), array([-0.1167483]))","(array([0.04851683]), array([-0.11693292]))","(array([0.04845482]), array([-0.11715859]))","(array([0.04870587]), array([-0.11745071]))","(array([0.0492631]), array([-0.11782085]))","(array([0.05009945]), array([-0.11826184]))","(array([0.05117002]), array([-0.11874654]))","(array([0.05241872]), array([-0.11923189]))","(array([0.05378793]), array([-0.11966821]))","(array([0.05522837]), array([-0.12001133]))"
(0.31528427818408467+0j),[-0.04628064],[1.],[0.59303333],[1.],"(array([0.18145944]), array([-0.12766475]))","(array([0.04860615]), array([-0.11690577]))","(array([0.04854018]), array([-0.11713201]))","(array([0.04878745]), array([-0.11742468]))","(array([0.04934101]), array([-0.1177953]))","(array([0.05017378]), array([-0.11823666]))","(array([0.05124085]), array([-0.11872168]))","(array([0.05248618]), array([-0.1192075]))","(array([0.05385219]), array([-0.11964439]))","(array([0.05528958]), array([-0.11998807]))","(array([0.05676518]), array([-0.12021247]))"
(0.3126142286602386+0j),[-0.04031119],[1.],[0.596854],[1.],"(array([0.18203403]), array([-0.12651997]))","(array([0.0486235]), array([-0.11710609]))","(array([0.04886698]), array([-0.11739933]))","(array([0.04941694]), array([-0.11777051]))","(array([0.05024624]), array([-0.11821237]))","(array([0.05130996]), array([-0.1186978]))","(array([0.05255204]), array([-0.11918397]))","(array([0.05391492]), array([-0.11962135]))","(array([0.05534935]), array([-0.11996563]))","(array([0.05682213]), array([-0.12019063]))","(array([0.05832144]), array([-0.12030068]))"
(0.31045109351097394+0j),[-0.0340996],[1.],[0.60069543],[1.],"(array([0.18285856]), array([-0.12535639]))","(array([0.04894469]), array([-0.11737452]))","(array([0.04949104]), array([-0.11774631]))","(array([0.05031695]), array([-0.11818877]))","(array([0.05137743]), array([-0.11867474]))","(array([0.05261638]), array([-0.11916137]))","(array([0.05397625]), array([-0.11959915]))","(array([0.0554078]), array([-0.11994394]))","(array([0.05687785]), array([-0.12016958]))","(array([0.05837455]), array([-0.12028027]))","(array([0.05991009]), array([-0.12032204]))"
(0.3092493353567947+0j),[-0.02773455],[1.],[0.60510891],[1.],"(array([0.18404417]), array([-0.12421569]))","(array([0.04956354]), array([-0.11772254]))","(array([0.05038605]), array([-0.11816567]))","(array([0.05144335]), array([-0.1186523]))","(array([0.0526793]), array([-0.11913953]))","(array([0.05403628]), array([-0.11957782]))","(array([0.05546503]), array([-0.11992306]))","(array([0.05693243]), array([-0.12014924]))","(array([0.05842661]), array([-0.12026061]))","(array([0.05995976]), array([-0.12030307]))","(array([0.06156625]), array([-0.12037014]))"
(0.30961768389791866+0j),[-0.02135386],[1.],[0.61073044],[1.],"(array([0.1857186]), array([-0.12313491]))","(array([0.05045374]), array([-0.11814288]))","(array([0.05150786]), array([-0.11863027]))","(array([0.05274086]), array([-0.11911824]))","(array([0.05409506]), array([-0.11955719]))","(array([0.05552115]), array([-0.119903]))","(array([0.05698598]), array([-0.12012968]))","(array([0.05847772]), array([-0.12024163]))","(array([0.06000856]), array([-0.12028483]))","(array([0.06161289]), array([-0.12035268]))","(array([0.06333477]), array([-0.12057374]))"
(0.31212622042330157+0j),[-0.01514829],[1.],[0.6179793],[1.],"(array([0.18797452]), array([-0.12214411]))","(array([0.05157119]), array([-0.11860842]))","(array([0.05280123]), array([-0.11909724]))","(array([0.05415271]), array([-0.11953702]))","(array([0.05557625]), array([-0.11988357]))","(array([0.05703862]), array([-0.12011088]))","(array([0.058528]), array([-0.12022339]))","(array([0.0600566]), array([-0.12026723]))","(array([0.06165885]), array([-0.1203359]))","(array([0.06337881]), array([-0.12055788]))","(array([0.06524282]), array([-0.12105451]))"
(0.31709725023053226+0j),[-0.00934528],[1.],[0.62677563],[1.],"(array([0.19080587]), array([-0.12126368]))","(array([0.05286073]), array([-0.11907627]))","(array([0.05420948]), array([-0.11951701]))","(array([0.05563051]), array([-0.11986447]))","(array([0.05709054]), array([-0.1200926]))","(array([0.05857766]), array([-0.12020581]))","(array([0.0601041]), array([-0.12025029]))","(array([0.0617043]), array([-0.1203197]))","(array([0.06342241]), array([-0.12054263]))","(array([0.06528477]), array([-0.12104034]))","(array([0.06726818]), array([-0.12186907]))"
(0.32452602697308663+0j),[-0.00417985],[1.],[0.63650615],[1.],"(array([0.19407892]), array([-0.12050305]))","(array([0.05426584]), array([-0.11949678]))","(array([0.05568434]), array([-0.11984531]))","(array([0.05714205]), array([-0.12007445]))","(array([0.058627]), array([-0.12018858]))","(array([0.06015137]), array([-0.12023386]))","(array([0.0617496]), array([-0.12030401]))","(array([0.06346588]), array([-0.12052783]))","(array([0.06532664]), array([-0.12102669]))","(array([0.06730868]), array([-0.1218567]))","(array([0.06932614]), array([-0.12297542]))"
(0.33414065228464046+0j),[0.00013411],[1.],[0.64622885],[1.],"(array([0.1975616]), array([-0.11986293]))","(array([0.05573844]), array([-0.1198256]))","(array([0.05719377]), array([-0.12005591]))","(array([0.05867657]), array([-0.12017118]))","(array([0.06019893]), array([-0.1202175]))","(array([0.06179526]), array([-0.1202886]))","(array([0.06350977]), array([-0.12051333]))","(array([0.06536892]), array([-0.12101328]))","(array([0.06734962]), array([-0.12184467]))","(array([0.06936598]), array([-0.12296488]))","(array([0.07128513]), array([-0.12424655]))"
(0.3455096914497446+0j),[0.00342396],[1.],[0.6549341],[1.],"(array([0.20098648]), array([-0.11934176]))","(array([0.05724677]), array([-0.12003635]))","(array([0.05872729]), array([-0.1201529]))","(array([0.0602476]), array([-0.12020051]))","(array([0.06184206]), array([-0.12027285]))","(array([0.06355484]), array([-0.12049875]))","(array([0.06541243]), array([-0.12099985]))","(array([0.06739176]), array([-0.1218326]))","(array([0.06940702]), array([-0.12295447]))","(array([0.07132532]), array([-0.12423784]))","(array([0.0729981]), array([-0.12551373]))"
(0.3581314805706186+0j),[0.00556971],[1.],[0.66173424],[1.],"(array([0.20411]), array([-0.11894502]))","(array([0.05878068]), array([-0.12013293]))","(array([0.06029874]), array([-0.12018198]))","(array([0.06189122]), array([-0.12025581]))","(array([0.06360225]), array([-0.12048322]))","(array([0.06545828]), array([-0.12098582]))","(array([0.06743625]), array([-0.12182005]))","(array([0.06945038]), array([-0.12294362]))","(array([0.07136781]), array([-0.12422896]))","(array([0.07303994]), array([-0.12550677]))","(array([0.07433122]), array([-0.12660926]))"
(0.37148972918139767+0j),[0.00650942],[1.],[0.66595938],[1.],"(array([0.20675048]), array([-0.11869568]))","(array([0.06035447]), array([-0.12016082]))","(array([0.06194467]), array([-0.12023632]))","(array([0.06365374]), array([-0.12046555]))","(array([0.06550812]), array([-0.12097006]))","(array([0.0674847]), array([-0.12180621]))","(array([0.06949767]), array([-0.12293169]))","(array([0.07141417]), array([-0.12421915]))","(array([0.07308562]), array([-0.12549928]))","(array([0.07437641]), array([-0.12660393]))","(array([0.07518175]), array([-0.12739385]))"
(0.3850829785237579+0j),[0.0062404],[1.],[0.66718609],[1.],"(array([0.20880516]), array([-0.11864491]))","(array([0.06200517]), array([-0.12021301]))","(array([0.06371186]), array([-0.12044424]))","(array([0.06556428]), array([-0.12095105]))","(array([0.06753931]), array([-0.12178967]))","(array([0.06955105]), array([-0.12291762]))","(array([0.07146658]), array([-0.12420752]))","(array([0.07313729]), array([-0.12549031]))","(array([0.07442753]), array([-0.12659767]))","(array([0.07523248]), array([-0.12739003]))","(array([0.07548576]), array([-0.12776867]))"
(0.3984395560539255+0j),[0.00481566],[1.],[0.66523044],[1.],"(array([0.21025067]), array([-0.11887851]))","(array([0.06378011]), array([-0.12041766]))","(array([0.06563001]), array([-0.12092699]))","(array([0.06760306]), array([-0.12176859]))","(array([0.06961335]), array([-0.12289974]))","(array([0.07152781]), array([-0.1241928]))","(array([0.07319772]), array([-0.12547868]))","(array([0.07448736]), array([-0.12658935]))","(array([0.07529184]), array([-0.12738488]))","(array([0.07554476]), array([-0.12776628]))","(array([0.07521883]), array([-0.12767746]))"
(0.4111272276459947+0j),[0.00233315],[1.],[0.66012575],[1.],"(array([0.21112617]), array([-0.11950647]))","(array([0.06570943]), array([-0.12089606]))","(array([0.06767982]), array([-0.12174094]))","(array([0.06968813]), array([-0.12287596]))","(array([0.07160124]), array([-0.12417314]))","(array([0.07327023]), array([-0.12546303]))","(array([0.07455922]), array([-0.12657761]))","(array([0.07536319]), array([-0.12737719]))","(array([0.07561565]), array([-0.12776227]))","(array([0.07528932]), array([-0.12767653]))","(array([0.07439238]), array([-0.12710374]))"
(0.42276284652798224+0j),[-0.00108357],[1.],[0.65209403],[1.],"(array([0.21149862]), array([-0.12062472]))","(array([0.06777409]), array([-0.12170485]))","(array([0.06977963]), array([-0.12284419]))","(array([0.0716908]), array([-0.12414637]))","(array([0.07335856]), array([-0.12544146]))","(array([0.07464679]), array([-0.12656104]))","(array([0.07545024]), array([-0.12736551]))","(array([0.07570223]), array([-0.12775543]))","(array([0.07537536]), array([-0.12767389]))","(array([0.07447788]), array([-0.12710445]))","(array([0.07304687]), array([-0.12606642]))"
(0.43302416128813764+0j),[-0.00530802],[1.],[0.64151398],[1.],"(array([0.21142231]), array([-0.12226231]))","(array([0.06989244]), array([-0.12280269]))","(array([0.07180082]), array([-0.12411049]))","(array([0.07346674]), array([-0.12541191]))","(array([0.0747539]), array([-0.12653793]))","(array([0.07555675]), array([-0.1273485]))","(array([0.07580832]), array([-0.12774437]))","(array([0.07548094]), array([-0.12766842]))","(array([0.07458273]), array([-0.1271036]))","(array([0.07315091]), array([-0.12606904]))","(array([0.07124339]), array([-0.12461494]))"
(0.44166442107355214+0j),[-0.01022758],[1.],[0.62888602],[1.],"(array([0.21091697]), array([-0.12435232]))","(array([0.07193566]), array([-0.12406407]))","(array([0.0735989]), array([-0.12537261]))","(array([0.0748844]), array([-0.12650641]))","(array([0.07568638]), array([-0.12732473]))","(array([0.07593751]), array([-0.12772787]))","(array([0.07560973]), array([-0.12765888]))","(array([0.07471084]), array([-0.12710026]))","(array([0.07327795]), array([-0.1260705]))","(array([0.07136919]), array([-0.12461973]))","(array([0.0690556]), array([-0.12282409]))"
(0.4485298677830763+0j),[-0.01574928],[1.],[0.61479342],[1.],"(array([0.20997499]), array([-0.12674794]))","(array([0.07375895]), array([-0.12532256]))","(array([0.07504201]), array([-0.1264651]))","(array([0.07584258]), array([-0.12729268]))","(array([0.07609302]), array([-0.12770483]))","(array([0.07576491]), array([-0.12764419]))","(array([0.07486554]), array([-0.12709335]))","(array([0.07343165]), array([-0.12607009]))","(array([0.0715213]), array([-0.12462394]))","(array([0.06920581]), array([-0.12283112]))","(array([0.06656348]), array([-0.12078803]))"
(0.4535793064696873+0j),[-0.02179817],[1.],[0.59985869],[1.],"(array([0.20858423]), array([-0.12926586]))","(array([0.07523002]), array([-0.12641338]))","(array([0.07602851]), array([-0.12725131]))","(array([0.07627781]), array([-0.12767409]))","(array([0.07594916]), array([-0.12762354]))","(array([0.07504943]), array([-0.12708188]))","(array([0.07361477]), array([-0.12606686]))","(array([0.07170288]), array([-0.12462707]))","(array([0.06938507]), array([-0.12283823]))","(array([0.06673996]), array([-0.120797]))","(array([0.0638489]), array([-0.11861313]))"
(0.4569019618594257+0j),[-0.02831435],[1.],[0.58469627],[1.],"(array([0.20674744]), array([-0.13172813]))","(array([0.07624666]), array([-0.12720037]))","(array([0.0764943]), array([-0.12763494]))","(array([0.07616472]), array([-0.1275961]))","(array([0.07526446]), array([-0.12706527]))","(array([0.07382922]), array([-0.12605987]))","(array([0.07191605]), array([-0.12462827]))","(array([0.06959589]), array([-0.12284508]))","(array([0.06694746]), array([-0.12080667]))","(array([0.0640525]), array([-0.11862325]))","(array([0.06099163]), array([-0.11640984]))"
(0.4587213367491275+0j),[-0.0352524],[1.],[0.56986408],[1.],"(array([0.20448985]), array([-0.13398873]))","(array([0.07674392]), array([-0.12758743]))","(array([0.07641306]), array([-0.12756148]))","(array([0.07551194]), array([-0.12704298]))","(array([0.07407596]), array([-0.12604863]))","(array([0.0721617]), array([-0.12462654]))","(array([0.06983944]), array([-0.1228509]))","(array([0.06718761]), array([-0.12081684]))","(array([0.06428812]), array([-0.11863458]))","(array([0.06122199]), array([-0.11641982]))","(array([0.05806468]), array([-0.11428409]))"
(0.4593590840829915+0j),[-0.042583],[1.],[0.55581799],[1.],"(array([0.20185587]), array([-0.13594536]))","(array([0.07669401]), array([-0.12751999]))","(array([0.07579183]), array([-0.12701492]))","(array([0.07435482]), array([-0.12603287]))","(array([0.07243932]), array([-0.12462142]))","(array([0.07011518]), array([-0.12285456]))","(array([0.06746016]), array([-0.12082675]))","(array([0.06455597]), array([-0.118647]))","(array([0.0614839]), array([-0.11643133]))","(array([0.05831983]), array([-0.11429221]))","(array([0.05512892]), array([-0.11232859]))"
(0.45913178050474573+0j),[-0.05029249],[1.],[0.54287664],[1.],"(array([0.19889936]), array([-0.13754128]))","(array([0.07610159]), array([-0.12698159]))","(array([0.0746635]), array([-0.1260128]))","(array([0.0727465]), array([-0.12461282]))","(array([0.07042031]), array([-0.12285548]))","(array([0.06776234]), array([-0.12083511]))","(array([0.06485366]), array([-0.11865974]))","(array([0.06177546]), array([-0.11644435]))","(array([0.05860395]), array([-0.11430202]))","(array([0.05540473]), array([-0.11233291]))","(array([0.05222807]), array([-0.11061504]))"
(0.4581969518072288+0j),[-0.05836915],[1.],[0.53121402],[1.],"(array([0.19567536]), array([-0.13875913]))","(array([0.07499746]), array([-0.12598879]))","(array([0.07307898]), array([-0.12460112]))","(array([0.07075052]), array([-0.12285365]))","(array([0.06808947]), array([-0.12084106]))","(array([0.06517659]), array([-0.11867129]))","(array([0.0620925]), array([-0.11645804]))","(array([0.05891339]), array([-0.11431357]))","(array([0.05570525]), array([-0.11233896]))","(array([0.05251877]), array([-0.11061365]))","(array([0.04938836]), array([-0.10918874]))"
(0.45644989040602013+0j),[-0.06678078],[1.],[0.52089667],[1.],"(array([0.19223521]), array([-0.1396121]))","(array([0.07343037]), array([-0.12458637]))","(array([0.07109968]), array([-0.12284954]))","(array([0.06843533]), array([-0.12084461]))","(array([0.0655182]), array([-0.11868048]))","(array([0.06242862]), array([-0.11647069]))","(array([0.05924225]), array([-0.11432597]))","(array([0.05602515]), array([-0.11234685]))","(array([0.0528284]), array([-0.11061397]))","(array([0.04968684]), array([-0.10918005]))","(array([0.0466231]), array([-0.10806814]))"
(0.45358428809537965+0j),[-0.07545224],[1.],[0.5119622],[1.],"(array([0.18863456]), array([-0.14013362]))","(array([0.07145983]), array([-0.12284273]))","(array([0.06879219]), array([-0.12084626]))","(array([0.06587063]), array([-0.11868726]))","(array([0.06277565]), array([-0.11648084]))","(array([0.05958262]), array([-0.11433738]))","(array([0.05635706]), array([-0.11235575]))","(array([0.05315018]), array([-0.1106163]))","(array([0.04999726]), array([-0.10917315]))","(array([0.04692133]), array([-0.10805121]))","(array([0.04394524]), array([-0.10725584]))"
(0.4492766553502321+0j),[-0.08425559],[1.],[0.50448425],[1.],"(array([0.18494654]), array([-0.14036918]))","(array([0.06915155]), array([-0.12084501]))","(array([0.06622547]), array([-0.1186921]))","(array([0.06312496]), array([-0.11648834]))","(array([0.05992556]), array([-0.11434612]))","(array([0.05669237]), array([-0.11236372]))","(array([0.05347612]), array([-0.11061983]))","(array([0.05031222]), array([-0.10916855]))","(array([0.04722419]), array([-0.10803635]))","(array([0.04423531]), array([-0.10723062]))","(array([0.04138062]), array([-0.10675373]))"
(0.4433409798102404+0j),[-0.09301487],[1.],[0.49857554],[1.],"(array([0.18125411]), array([-0.14036911]))","(array([0.06657565]), array([-0.1186937]))","(array([0.0634694]), array([-0.11649372]))","(array([0.06026351]), array([-0.11435203]))","(array([0.0570232]), array([-0.11236904]))","(array([0.05379863]), array([-0.11062268]))","(array([0.05062476]), array([-0.10916554]))","(array([0.04752529]), array([-0.10802427]))","(array([0.04452401]), array([-0.10720798]))","(array([0.04165643]), array([-0.10672111]))","(array([0.03896833]), array([-0.10655788]))"
(0.43576935860179383+0j),[-0.10152687],[1.],[0.49433484],[1.],"(array([0.17764793]), array([-0.14018875]))","(array([0.06380343]), array([-0.11649578]))","(array([0.06059074]), array([-0.11435576]))","(array([0.0573432]), array([-0.11237159]))","(array([0.05411099]), array([-0.1106232]))","(array([0.05092839]), array([-0.10916232]))","(array([0.0478187]), array([-0.10801434]))","(array([0.04480593]), array([-0.10718876]))","(array([0.04192613]), array([-0.10669174]))","(array([0.03922554]), array([-0.10651948]))","(array([0.03675696]), array([-0.10666243]))"
(0.42669601338799135+0j),[-0.10958416],[1.],[0.49179316],[1.],"(array([0.17421425]), array([-0.13988771]))","(array([0.06090268]), array([-0.11435646]))","(array([0.05764757]), array([-0.11237215]))","(array([0.05440764]), array([-0.1106213]))","(array([0.05121714]), array([-0.10915739]))","(array([0.04809863]), array([-0.10800492]))","(array([0.04507578]), array([-0.10717239]))","(array([0.04218488]), array([-0.10666651]))","(array([0.03947267]), array([-0.10648512]))","(array([0.03699237]), array([-0.10662038]))","(array([0.03479484]), array([-0.10705563]))"
(0.41634308770171463+0j),[-0.11698808],[1.],[0.49089227],[1.],"(array([0.17101761]), array([-0.13952356]))","(array([0.05793341]), array([-0.11237028]))","(array([0.05468547]), array([-0.11061789]))","(array([0.05148705]), array([-0.10915067]))","(array([0.04836064]), array([-0.10799464]))","(array([0.04532919]), array([-0.1071574]))","(array([0.0424287]), array([-0.1066449]))","(array([0.03970614]), array([-0.10645558]))","(array([0.03721513]), array([-0.10658305]))","(array([0.03500689]), array([-0.10701205]))","(array([0.03312122]), array([-0.10770894]))"
(0.40497313971994625+0j),[-0.12355518],[1.],[0.49149108],[1.],"(array([0.16809587]), array([-0.13914584]))","(array([0.05494327]), array([-0.11061283]))","(array([0.05173669]), array([-0.10914309]))","(array([0.04860245]), array([-0.10798334]))","(array([0.04556336]), array([-0.10714245]))","(array([0.04265477]), array([-0.10662547]))","(array([0.03992336]), array([-0.10643027]))","(array([0.03742294]), array([-0.10655102]))","(array([0.03520506]), array([-0.10697366]))","(array([0.0333098]), array([-0.10766563]))","(array([0.03176355]), array([-0.10857859]))"
(0.39285672801685895+0j),[-0.12911651],[1.],[0.49338749],[1.],"(array([0.16545848]), array([-0.1387888]))","(array([0.05196617]), array([-0.10913474]))","(array([0.0488239]), array([-0.1079719]))","(array([0.04577733]), array([-0.10712728]))","(array([0.0428616]), array([-0.10660694]))","(array([0.04012276]), array([-0.10640783]))","(array([0.03761438]), array([-0.10652363]))","(array([0.03538813]), array([-0.10694079]))","(array([0.03348431]), array([-0.1076277]))","(array([0.03192955]), array([-0.10853686]))","(array([0.03073822]), array([-0.1096091]))"
(0.38025306276088533+0j),[-0.13351201],[1.],[0.49634278],[1.],"(array([0.16309036]), array([-0.13846469]))","(array([0.04902615]), array([-0.10796054]))","(array([0.04597193]), array([-0.10711263]))","(array([0.0430493]), array([-0.10658887]))","(array([0.04030394]), array([-0.10638694]))","(array([0.0377889]), array([-0.10649954]))","(array([0.03555561]), array([-0.10691272]))","(array([0.03364443]), array([-0.10759528]))","(array([0.03208216]), array([-0.10850046]))","(array([0.0308833]), array([-0.10956976]))","(array([0.03005372]), array([-0.1107374]))"
(0.36739873087960495+0j),[-0.13658632],[1.],[0.50010059],[1.],"(array([0.16096044]), array([-0.13816161]))","(array([0.04614902]), array([-0.10709882]))","(array([0.04321936]), array([-0.10657185]))","(array([0.04046779]), array([-0.106367]))","(array([0.03794693]), array([-0.10647742]))","(array([0.03570775]), array([-0.10688811]))","(array([0.03379039]), array([-0.10756755]))","(array([0.03222167]), array([-0.10846932]))","(array([0.03101621]), array([-0.10953549]))","(array([0.03017998]), array([-0.11070083]))","(array([0.02971393]), array([-0.11189652]))"
(0.3544998699371898+0j),[-0.13819109],[1.],[0.50439932],[1.],"(array([0.15903655]), array([-0.13785329]))","(array([0.04337409]), array([-0.10655632]))","(array([0.04061629]), array([-0.10634849]))","(array([0.03808991]), array([-0.10645655]))","(array([0.03584555]), array([-0.10686562]))","(array([0.03392302]), array([-0.10754319]))","(array([0.03234889]), array([-0.10844254]))","(array([0.03113777]), array([-0.10950604]))","(array([0.03029573]), array([-0.1106689]))","(array([0.02982376]), array([-0.11186275]))","(array([0.02971993]), array([-0.11301807]))"
(0.34172513960071016+0j),[-0.13819399],[1.],[0.50898014],[1.],"(array([0.15729914]), array([-0.13751409]))","(array([0.04075217]), array([-0.10633207]))","(array([0.03822041]), array([-0.10643738]))","(array([0.03597114]), array([-0.10684451]))","(array([0.03404393]), array([-0.10752078]))","(array([0.0324652]), array([-0.10841869]))","(array([0.03124932]), array([-0.10948034]))","(array([0.03040228]), array([-0.11064114]))","(array([0.02992516]), array([-0.11183305]))","(array([0.02981606]), array([-0.11298688]))","(array([0.03007016]), array([-0.11403438]))"
(0.32919940833149614+0j),[-0.13649057],[1.],[0.51359015],[1.],"(array([0.15574172]), array([-0.13711606]))","(array([0.03834165]), array([-0.10642099]))","(array([0.03608781]), array([-0.10682547]))","(array([0.03415613]), array([-0.10749978]))","(array([0.03257283]), array([-0.10839621]))","(array([0.03135268]), array([-0.1094566]))","(array([0.03050141]), array([-0.11061613]))","(array([0.03001986]), array([-0.11180667]))","(array([0.02990618]), array([-0.11295916]))","(array([0.03015559]), array([-0.11400552]))","(array([0.03075916]), array([-0.11488211]))"
(0.3170005350507506+0j),[-0.13301204],[1.],[0.51797875],[1.],"(array([0.15436553]), array([-0.13663578]))","(array([0.03619719]), array([-0.10680742]))","(array([0.0342614]), array([-0.10747969]))","(array([0.03267415]), array([-0.10837456]))","(array([0.0314498]), array([-0.1094338]))","(array([0.03059424]), array([-0.11059227]))","(array([0.03010854]), array([-0.11178179]))","(array([0.02999059]), array([-0.11293326]))","(array([0.03023563]), array([-0.11397862]))","(array([0.03083478]), array([-0.11485429]))","(array([0.03177463]), array([-0.11550293]))"
(0.3051608029780947+0j),[-0.12769586],[1.],[0.52194647],[1.],"(array([0.1531764]), array([-0.13604229]))","(array([0.03436173]), array([-0.10746061]))","(array([0.03277043]), array([-0.1083539]))","(array([0.03154209]), array([-0.10941183]))","(array([0.03068249]), array([-0.11056928]))","(array([0.03019274]), array([-0.1117579]))","(array([0.03007082]), array([-0.11290854]))","(array([0.03031177]), array([-0.113953]))","(array([0.03090677]), array([-0.11482776]))","(array([0.03184243]), array([-0.11547553]))","(array([0.03310477]), array([-0.11584773]))"
(0.2936730894315768+0j),[-0.12058312],[1.],[0.52527155],[1.],"(array([0.15217112]), array([-0.13530391]))","(array([0.03286357]), array([-0.10833419]))","(array([0.03163121]), array([-0.10939085]))","(array([0.03076765]), array([-0.11054718]))","(array([0.03027401]), array([-0.11173491]))","(array([0.03014834]), array([-0.11288482]))","(array([0.03038547]), array([-0.11392852]))","(array([0.03097652]), array([-0.11480243]))","(array([0.03190816]), array([-0.11544927]))","(array([0.03316648]), array([-0.11582059]))","(array([0.03472787]), array([-0.11587631]))"
(0.28251966791046274+0j),[-0.11177037],[1.],[0.52777231],[1.],"(array([0.15133252]), array([-0.13439043]))","(array([0.03171832]), array([-0.10937058]))","(array([0.03085079]), array([-0.11052574]))","(array([0.03035325]), array([-0.11171244]))","(array([0.03022385]), array([-0.11286164]))","(array([0.03045736]), array([-0.11390472]))","(array([0.03104467]), array([-0.11477788]))","(array([0.03197245]), array([-0.11542388]))","(array([0.03322686]), array([-0.1157943]))","(array([0.03478437]), array([-0.11584917]))","(array([0.03660761]), array([-0.11555879]))"
(0.2717013252126831+0j),[-0.10139128],[1.],[0.52935613],[1.],"(array([0.15064628]), array([-0.13327094]))","(array([0.03093269]), array([-0.11050478]))","(array([0.03043121]), array([-0.1116904]))","(array([0.03029796]), array([-0.11283875]))","(array([0.03052781]), array([-0.11388127]))","(array([0.03111154]), array([-0.11475381]))","(array([0.03203563]), array([-0.11539908]))","(array([0.03328628]), array([-0.1157687]))","(array([0.03484001]), array([-0.11582271]))","(array([0.0366595]), array([-0.11553151]))","(array([0.03870617]), array([-0.1148828]))"
(0.2612651573444693+0j),[-0.08958144],[1.],[0.53006682],[1.],"(array([0.15011438]), array([-0.13191099]))","(array([0.0305085]), array([-0.11166874]))","(array([0.03037137]), array([-0.11281616]))","(array([0.03059743]), array([-0.11385796]))","(array([0.03117754]), array([-0.11472999]))","(array([0.03209805]), array([-0.11537462]))","(array([0.03334505]), array([-0.11574351]))","(array([0.03489509]), array([-0.11579673]))","(array([0.03671089]), array([-0.11550472]))","(array([0.03875391]), array([-0.11485523]))","(array([0.04099471]), array([-0.11385947]))"
(0.25132492542168067+0j),[-0.07651282],[1.],[0.53011944],[1.],"(array([0.14976805]), array([-0.13027736]))","(array([0.03044467]), array([-0.11279385]))","(array([0.03066689]), array([-0.11383481]))","(array([0.03124328]), array([-0.11470617]))","(array([0.03216018]), array([-0.11535027]))","(array([0.03340358]), array([-0.1157185]))","(array([0.03494999]), array([-0.11577099]))","(array([0.03676215]), array([-0.1154782]))","(array([0.03880154]), array([-0.11482794]))","(array([0.04103876]), array([-0.11383147]))","(array([0.04345783]), array([-0.11253156]))"
(0.2420846513130388+0j),[-0.06240422],[1.],[0.52993863],[1.],"(array([0.14967794]), array([-0.12834523]))","(array([0.03073691]), array([-0.11381178]))","(array([0.03130948]), array([-0.11468231]))","(array([0.03222268]), array([-0.11532573]))","(array([0.03346245]), array([-0.11569337]))","(array([0.03500525]), array([-0.11574521]))","(array([0.03681377]), array([-0.1154517]))","(array([0.03884953]), array([-0.1148007]))","(array([0.04108317]), array([-0.11380352]))","(array([0.04349872]), array([-0.11250299]))","(array([0.04609321]), array([-0.110983]))"
(0.23388102535323302+0j),[-0.04749299],[1.],[0.53024498],[1.],"(array([0.1499674]), array([-0.12609691]))","(array([0.0313771]), array([-0.1146581]))","(array([0.03228648]), array([-0.11530074]))","(array([0.03352247]), array([-0.11566766]))","(array([0.03506155]), array([-0.11571882]))","(array([0.03686638]), array([-0.11542465]))","(array([0.03889848]), array([-0.11477297]))","(array([0.04112848]), array([-0.11377514]))","(array([0.04354047]), array([-0.112474]))","(array([0.04613149]), array([-0.11095351]))","(array([0.04892043]), array([-0.10934999]))"
(0.2272251768184712+0j),[-0.03207004],[1.],[0.53214336],[1.],"(array([0.15083296]), array([-0.12352768]))","(array([0.03235276]), array([-0.11527494]))","(array([0.03358482]), array([-0.11564109]))","(array([0.03511998]), array([-0.11569149]))","(array([0.03692097]), array([-0.11539658]))","(array([0.03894928]), array([-0.11474421]))","(array([0.04117555]), array([-0.11374574]))","(array([0.04358385]), array([-0.11244404]))","(array([0.04617127]), array([-0.11092308]))","(array([0.04895675]), array([-0.10931922]))","(array([0.05199017]), array([-0.10783912]))"
(0.22280194732066996+0j),[-0.01649408],[1.],[0.53709346],[1.],"(array([0.15255016]), array([-0.12065286]))","(array([0.03365078]), array([-0.11561312]))","(array([0.0351818]), array([-0.11566272]))","(array([0.0369787]), array([-0.11536701]))","(array([0.03900299]), array([-0.11471388]))","(array([0.04122532]), array([-0.11371471]))","(array([0.04362979]), array([-0.11241243]))","(array([0.04621343]), array([-0.11089102]))","(array([0.04899523]), array([-0.10928685]))","(array([0.05202515]), array([-0.10780662]))","(array([0.05538286]), array([-0.10673648]))"
(0.2213506490801038+0j),[-0.00117523],[1.],[0.54652278],[1.],"(array([0.15543074]), array([-0.11751037]))","(array([0.03524824]), array([-0.11563187]))","(array([0.03704072]), array([-0.11533532]))","(array([0.03906066]), array([-0.11468138]))","(array([0.04127874]), array([-0.11368147]))","(array([0.04367907]), array([-0.11237854]))","(array([0.04625872]), array([-0.11085661]))","(array([0.04903664]), array([-0.10925213]))","(array([0.0520628]), array([-0.10777183]))","(array([0.05541698]), array([-0.10670189]))","(array([0.05918559]), array([-0.10636744]))"
(0.2234318944003299+0j),[0.01344875],[1.],[0.56114455],[1.],"(array([0.15969328]), array([-0.11415606]))","(array([0.03710805]), array([-0.11530093]))","(array([0.03912325]), array([-0.11464613]))","(array([0.0413367]), array([-0.11364544]))","(array([0.04373251]), array([-0.11234183]))","(array([0.0463078]), array([-0.11081935]))","(array([0.04908153]), array([-0.10921449]))","(array([0.05210371]), array([-0.10773408]))","(array([0.05545411]), array([-0.10666441]))","(array([0.05921922]), array([-0.10633063]))","(array([0.06343565]), array([-0.10698973]))"
(0.22923296052544753+0j),[0.02695879],[1.],[0.58049118],[1.],"(array([0.16532833]), array([-0.1106574]))","(array([0.03919152]), array([-0.11460765]))","(array([0.04139988]), array([-0.11360614]))","(array([0.04379075]), array([-0.11230182]))","(array([0.04636126]), array([-0.11077878]))","(array([0.04913041]), array([-0.10917354]))","(array([0.05214824]), array([-0.10769299]))","(array([0.0554946]), array([-0.10662352]))","(array([0.05925596]), array([-0.10629048]))","(array([0.06346902]), array([-0.10695087]))","(array([0.06806251]), array([-0.10867638]))"
(0.23853835616172853+0j),[0.03899656],[1.],[0.60305323],[1.],"(array([0.17207371]), array([-0.10709005]))","(array([0.04146875]), array([-0.11356317]))","(array([0.04385421]), array([-0.1122581]))","(array([0.04641949]), array([-0.11073449]))","(array([0.04918362]), array([-0.1091289]))","(array([0.0521967]), array([-0.10764827]))","(array([0.05553863]), array([-0.10657904]))","(array([0.05929597]), array([-0.10624668]))","(array([0.06350544]), array([-0.10690843]))","(array([0.06809578]), array([-0.108636]))","(array([0.07287823]), array([-0.11127826]))"
(0.2508182992754622+0j),[0.04929389],[1.],[0.62681092],[1.],"(array([0.17950101]), array([-0.10353589]))","(array([0.04392313]), array([-0.11221043]))","(array([0.0464827]), array([-0.1106862]))","(array([0.04924135]), array([-0.10908027]))","(array([0.05224924]), array([-0.10759962]))","(array([0.05558635]), array([-0.10653075]))","(array([0.05933931]), array([-0.1061992]))","(array([0.06354492]), array([-0.10686231]))","(array([0.06813196]), array([-0.10859202]))","(array([0.07291159]), array([-0.11123722]))","(array([0.07762252]), array([-0.11448577]))"
(0.26533929172890774+0j),[0.05768958],[1.],[0.64975399],[1.],"(array([0.18713894]), array([-0.10008596]))","(array([0.04655094]), array([-0.11063378]))","(array([0.04930366]), array([-0.10902749]))","(array([0.05230592]), array([-0.10754685]))","(array([0.05563778]), array([-0.10647845]))","(array([0.05938599]), array([-0.10614789]))","(array([0.06358744]), array([-0.10681257]))","(array([0.06817095]), array([-0.10854448]))","(array([0.07294767]), array([-0.11119272]))","(array([0.07765623]), array([-0.11444515]))","(array([0.08202659]), array([-0.11792929]))"
(0.2812609554373952+0j),[0.06413906],[1.],[0.67021813],[1.],"(array([0.19456948]), array([-0.09684735]))","(array([0.04937049]), array([-0.10897046]))","(array([0.05236668]), array([-0.10748984]))","(array([0.05569288]), array([-0.10642199]))","(array([0.05943597]), array([-0.10609259]))","(array([0.06363293]), array([-0.1067591]))","(array([0.06821266]), array([-0.1084935]))","(array([0.07298631]), array([-0.11114489]))","(array([0.07769244]), array([-0.11440135]))","(array([0.08206096]), array([-0.11789028]))","(array([0.08586377]), array([-0.12126136]))"
(0.2977156485337878+0j),[0.06870974],[1.],[0.68703703],[1.],"(array([0.20149202]), array([-0.09395426]))","(array([0.05243143]), array([-0.10742856]))","(array([0.05575157]), array([-0.10636127]))","(array([0.05948914]), array([-0.10603317]))","(array([0.06368128]), array([-0.10670177]))","(array([0.06825698]), array([-0.10843901]))","(array([0.07302739]), array([-0.11109391]))","(array([0.07773101]), array([-0.11435452]))","(array([0.08209765]), array([-0.11784853]))","(array([0.08589919]), array([-0.12122522]))","(array([0.08897733]), array([-0.12420415]))"
(0.3138725743180293+0j),[0.07157186],[1.],[0.69956258],[1.],"(array([0.20775235]), array([-0.09158756]))","(array([0.05581366]), array([-0.10629632]))","(array([0.05954536]), array([-0.10596955]))","(array([0.06373235]), array([-0.10664043]))","(array([0.06830375]), array([-0.10838088]))","(array([0.07307076]), array([-0.11103975]))","(array([0.07777177]), array([-0.11430493]))","(array([0.08213651]), array([-0.11780412]))","(array([0.08593677]), array([-0.12118684]))","(array([0.08901421]), array([-0.12417206]))","(array([0.09128902]), array([-0.12656734]))"
(0.3289879970011516+0j),[0.07298267],[1.],[0.70761041],[1.],"(array([0.21333846]), array([-0.08998696]))","(array([0.05960441]), array([-0.10590183]))","(array([0.06378592]), array([-0.10657504]))","(array([0.06835276]), array([-0.10831896]))","(array([0.07311618]), array([-0.11098225]))","(array([0.07781451]), array([-0.11425256]))","(array([0.08217734]), array([-0.11775736]))","(array([0.08597633]), array([-0.12114625]))","(array([0.0890531]), array([-0.12413829]))","(array([0.09132773]), array([-0.12654033]))","(array([0.09279508]), array([-0.12824684]))"
(0.342443378634941+0j),[0.07325585],[1.],[0.71136925],[1.],"(array([0.21834182]), array([-0.08941583]))","(array([0.06384173]), array([-0.10650574]))","(array([0.06840373]), array([-0.10825321]))","(array([0.07316336]), array([-0.11092127]))","(array([0.07785894]), array([-0.11419724]))","(array([0.08221986]), array([-0.11770827]))","(array([0.08601763]), array([-0.12110374]))","(array([0.08909378]), array([-0.12410282]))","(array([0.09136829]), array([-0.12651221]))","(array([0.0928359]), array([-0.12822568]))","(array([0.09355384]), array([-0.12921367]))"
(0.3537738574424881+0j),[0.07271992],[1.],[0.71129892],[1.],"(array([0.22287891]), array([-0.09006217]))","(array([0.06845641]), array([-0.1081838]))","(array([0.07321202]), array([-0.11085676]))","(array([0.0779047]), array([-0.11413882]))","(array([0.08226373]), array([-0.1176567]))","(array([0.08606039]), array([-0.12105939]))","(array([0.08913601]), array([-0.12406585]))","(array([0.09141049]), array([-0.12648292]))","(array([0.09287843]), array([-0.12820396]))","(array([0.09359693]), array([-0.12919883]))","(array([0.09366759]), array([-0.12949901]))"
(0.36268791536042994+0j),[0.07167601],[1.],[0.70803277],[1.],"(array([0.22700931]), array([-0.09193055]))","(array([0.07326195]), array([-0.11078881]))","(array([0.07795154]), array([-0.11407715]))","(array([0.08230862]), array([-0.11760237]))","(array([0.08610426]), array([-0.12101296]))","(array([0.08917951]), array([-0.12402745]))","(array([0.0914541]), array([-0.12645249]))","(array([0.0929225]), array([-0.12818153]))","(array([0.09364164]), array([-0.12918388]))","(array([0.09371303]), array([-0.12949059]))","(array([0.09326239]), array([-0.1291784]))"
(0.3690793483176874+0j),[0.07037133],[1.],[0.70229305],[1.],"(array([0.23070369]), array([-0.09481181]))","(array([0.07799938]), array([-0.11401215]))","(array([0.08235435]), array([-0.11754498]))","(array([0.08614897]), array([-0.12096406]))","(array([0.08922403]), array([-0.12398731]))","(array([0.09149894]), array([-0.12642093]))","(array([0.09296795]), array([-0.12815825]))","(array([0.09368791]), array([-0.12916859]))","(array([0.0937601]), array([-0.12948241]))","(array([0.09331023]), array([-0.12917616]))","(array([0.09247036]), array([-0.12835661]))"
(0.37303354598676797+0j),[0.06899111],[1.],[0.69482547],[1.],"(array([0.2338708]), array([-0.09834847]))","(array([0.08240101]), array([-0.11748428]))","(array([0.08619452]), array([-0.12091219]))","(array([0.08926945]), array([-0.12394488]))","(array([0.09154489]), array([-0.12638788]))","(array([0.09301479]), array([-0.12813405]))","(array([0.09373573]), array([-0.12915265]))","(array([0.09380892]), array([-0.12947414]))","(array([0.09335988]), array([-0.12917441]))","(array([0.09252071]), array([-0.12836005]))","(array([0.09141738]), array([-0.12715419]))"
(0.37483207668826046+0j),[0.06766161],[1.],[0.68635797],[1.],"(array([0.23640898]), array([-0.10213576]))","(array([0.08624122]), array([-0.12085688]))","(array([0.08931598]), array([-0.12389947]))","(array([0.09159209]), array([-0.12635263]))","(array([0.09306311]), array([-0.12810853]))","(array([0.09378532]), array([-0.12913596]))","(array([0.09385969]), array([-0.12946541]))","(array([0.09341169]), array([-0.12917277]))","(array([0.09257327]), array([-0.12836418]))","(array([0.0914705]), array([-0.12716266]))","(array([0.09021665]), array([-0.1256971]))"
(0.37495648413613025+0j),[0.06645329],[1.],[0.67758282],[1.],"(array([0.23825062]), array([-0.10580308]))","(array([0.0893642]), array([-0.12385042]))","(array([0.09164099]), array([-0.12631436]))","(array([0.09311333]), array([-0.12808089]))","(array([0.0938371]), array([-0.12911812]))","(array([0.09391294]), array([-0.12945611]))","(array([0.09346615]), array([-0.12917088]))","(array([0.09262867]), array([-0.12836864]))","(array([0.0915265]), array([-0.12717205]))","(array([0.09027301]), array([-0.12570994]))","(array([0.08896614]), array([-0.12411089]))"
(0.3740791698688691+0j),[0.06537748],[1.],[0.66915212],[1.],"(array([0.23938812]), array([-0.10906153]))","(array([0.09169248]), array([-0.12627225]))","(array([0.09316622]), array([-0.12805021]))","(array([0.09389178]), array([-0.1290983]))","(array([0.09396942]), array([-0.1294459]))","(array([0.09352412]), array([-0.1291687]))","(array([0.09268772]), array([-0.12837312]))","(array([0.09158631]), array([-0.12718203]))","(array([0.09033321]), array([-0.12572398]))","(array([0.08902651]), array([-0.1241275]))","(array([0.08774784]), array([-0.12251906]))"
(0.3730139303398026+0j),[0.06438037],[1.],[0.66165922],[1.],"(array([0.23988078]), array([-0.11172304]))","(array([0.09322295]), array([-0.12801563]))","(array([0.09395045]), array([-0.12907555]))","(array([0.09403017]), array([-0.12943397]))","(array([0.09358672]), array([-0.12916596]))","(array([0.09275169]), array([-0.12837771]))","(array([0.09165109]), array([-0.1271924]))","(array([0.09039849]), array([-0.12573894]))","(array([0.08909194]), array([-0.12414563]))","(array([0.08781324]), array([-0.12253892]))","(array([0.08662598]), array([-0.12104216]))"
(0.37260225469589175+0j),[0.06334168],[1.],[0.65556979],[1.],"(array([0.23984193]), array([-0.11370025]))","(array([0.09401459]), array([-0.12904904]))","(array([0.09409658]), array([-0.12941942]))","(array([0.09365529]), array([-0.12916193]))","(array([0.09282198]), array([-0.12838223]))","(array([0.09172248]), array([-0.12720339]))","(array([0.09047034]), array([-0.12575476]))","(array([0.08916396]), array([-0.12416511]))","(array([0.08788517]), array([-0.12256069]))","(array([0.08669767]), array([-0.12106483]))","(array([0.0856419]), array([-0.11979054]))"
(0.3735456415895195+0j),[0.06208428],[1.],[0.65109883],[1.],"(array([0.23940581]), array([-0.11499494]))","(array([0.09417039]), array([-0.12940155]))","(array([0.09373147]), array([-0.12915581]))","(array([0.09290021]), array([-0.12838606]))","(array([0.09180215]), array([-0.12721494]))","(array([0.09055072]), array([-0.1257718]))","(array([0.0892444]), array([-0.12418596]))","(array([0.08796543]), array([-0.12258424]))","(array([0.08677758]), array([-0.1210898]))","(array([0.08572136]), array([-0.1198156]))","(array([0.08480437]), array([-0.11884591]))"
(0.3762225963315445+0j),[0.06040057],[1.],[0.64808457],[1.],"(array([0.2386815]), array([-0.11567928]))","(array([0.09381727]), array([-0.12914704]))","(array([0.09298824]), array([-0.1283885]))","(array([0.09189193]), array([-0.1272265]))","(array([0.09064153]), array([-0.12579008]))","(array([0.08933546]), array([-0.12420867]))","(array([0.0880561]), array([-0.1226097]))","(array([0.08686771]), array([-0.12111698]))","(array([0.08581087]), array([-0.11984332]))","(array([0.08489318]), array([-0.11887287]))","(array([0.08407904]), array([-0.11823506]))"
(0.38056779599127616+0j),[0.05809468],[1.],[0.64596538],[1.],"(array([0.23771574]), array([-0.11587241]))","(array([0.09308829]), array([-0.12838916]))","(array([0.09199384]), array([-0.1272375]))","(array([0.09074474]), array([-0.12580913]))","(array([0.08943919]), array([-0.1242333]))","(array([0.08815957]), array([-0.12263763]))","(array([0.08697035]), array([-0.12114658]))","(array([0.0859126]), array([-0.11987365]))","(array([0.08499399]), array([-0.1189028]))","(array([0.08417884]), array([-0.11826333]))","(array([0.08338654]), array([-0.11791123]))"
(0.3861211689992365+0j),[0.05502739],[1.],[0.64395324],[1.],"(array([0.23649193]), array([-0.11571526]))","(array([0.09211032]), array([-0.12724771]))","(array([0.0908625]), array([-0.12582846]))","(array([0.08955765]), array([-0.12425941]))","(array([0.08827799]), array([-0.12266809]))","(array([0.08708801]), array([-0.12117917]))","(array([0.08602901]), array([-0.11990679]))","(array([0.08510911]), array([-0.11893563]))","(array([0.08429266]), array([-0.11829475]))","(array([0.08349892]), array([-0.11793998]))","(array([0.0826196]), array([-0.11776367]))"
(0.3922365140574493+0j),[0.05114382],[1.],[0.64132339],[1.],"(array([0.23497027]), array([-0.11534872]))","(array([0.09099737]), array([-0.12584807]))","(array([0.08969309]), array([-0.12428665]))","(array([0.08841345]), array([-0.12270067]))","(array([0.08722284]), array([-0.12121476]))","(array([0.08616258]), array([-0.1199433]))","(array([0.08524103]), array([-0.11897156]))","(array([0.08442287]), array([-0.11832925]))","(array([0.08362734]), array([-0.11797194]))","(array([0.08274599]), array([-0.11779186]))","(array([0.0816764]), array([-0.11765893]))"
(0.3983009007337631+0j),[0.04647407],[1.],[0.63762297],[1.],"(array([0.23313678]), array([-0.11490015]))","(array([0.08984798]), array([-0.12431516]))","(array([0.0885681]), array([-0.12273509]))","(array([0.0873768]), array([-0.12125297]))","(array([0.08631533]), array([-0.11998312]))","(array([0.08539204]), array([-0.119011]))","(array([0.08457181]), array([-0.11836691]))","(array([0.08377408]), array([-0.11800698]))","(array([0.08289029]), array([-0.11782313]))","(array([0.08181792]), array([-0.11768527]))","(array([0.08049113]), array([-0.1174877]))"
(0.4038615707178957+0j),[0.04111312],[1.],[0.63271642],[1.],"(array([0.23102808]), array([-0.11447982]))","(array([0.08874408]), array([-0.12277161]))","(array([0.08755172]), array([-0.12129353]))","(array([0.08648885]), array([-0.12002581]))","(array([0.08556377]), array([-0.11905382]))","(array([0.08474133]), array([-0.11840799]))","(array([0.08394104]), array([-0.11804502]))","(array([0.08305442]), array([-0.11785726]))","(array([0.0819788]), array([-0.11771437]))","(array([0.08064834]), array([-0.11751074]))","(array([0.07904543]), array([-0.11718982]))"
(0.4086621573564412+0j),[0.0351926],[1.],[0.62672104],[1.],"(array([0.22872666]), array([-0.11418485]))","(array([0.08774913]), array([-0.12133676]))","(array([0.08668441]), array([-0.1200711]))","(array([0.08575726]), array([-0.11909952]))","(array([0.08493245]), array([-0.11845225]))","(array([0.08412942]), array([-0.11808608]))","(array([0.08323964]), array([-0.11789398]))","(array([0.08216039]), array([-0.11774587]))","(array([0.08082573]), array([-0.117536]))","(array([0.07921816]), array([-0.11720804]))","(array([0.07736164]), array([-0.11675394]))"
(0.41262586954295993+0j),[0.02885361],[1.],[0.61990779],[1.],"(array([0.22633964]), array([-0.11410446]))","(array([0.08690275]), array([-0.12011931]))","(array([0.08597303]), array([-0.11914778]))","(array([0.0851455]), array([-0.1184991]))","(array([0.08433948]), array([-0.11812985]))","(array([0.08344631]), array([-0.11793308]))","(array([0.08236316]), array([-0.11777936]))","(array([0.08102395]), array([-0.11756306]))","(array([0.07941117]), array([-0.11722782]))","(array([0.07754896]), array([-0.11676593]))","(array([0.07548775]), array([-0.11620388]))"
(0.4158140614249184+0j),[0.02222434],[1.],[0.61260953],[1.],"(array([0.22397225]), array([-0.11431806]))","(array([0.08621097]), array([-0.11919887]))","(array([0.08538017]), array([-0.11854824]))","(array([0.08457076]), array([-0.11817572]))","(array([0.08367391]), array([-0.1179742]))","(array([0.0825866]), array([-0.11781443]))","(array([0.0812426]), array([-0.11759141]))","(array([0.07962427]), array([-0.11724872]))","(array([0.07775584]), array([-0.11677878]))","(array([0.07568796]), array([-0.11620846]))","(array([0.07348202]), array([-0.11558277]))"
(0.41837542610921+0j),[0.01540377],[1.],[0.6051508],[1.],"(array([0.22170072]), array([-0.11488093]))","(array([0.08563557]), array([-0.11859989]))","(array([0.08482223]), array([-0.11822342]))","(array([0.08392123]), array([-0.11801678]))","(array([0.08282942]), array([-0.1178507]))","(array([0.08148039]), array([-0.11762048]))","(array([0.07985633]), array([-0.11727024]))","(array([0.07798137]), array([-0.11679213]))","(array([0.07590631]), array([-0.1162133]))","(array([0.07369281]), array([-0.11557914]))","(array([0.07140078]), array([-0.11494004]))"
(0.4204945462195823+0j),[0.00845218],[1.],[0.59780038],[1.],"(array([0.21954937]), array([-0.11580078]))","(array([0.08509226]), array([-0.11827315]))","(array([0.08418663]), array([-0.11806065]))","(array([0.08308984]), array([-0.11788776]))","(array([0.0817354]), array([-0.11764994]))","(array([0.08010541]), array([-0.11729169]))","(array([0.07822379]), array([-0.11680552]))","(array([0.0761413]), array([-0.11621815]))","(array([0.07391979]), array([-0.11557534]))","(array([0.07161945]), array([-0.11492786]))","(array([0.06928994]), array([-0.1143221]))"
(0.42234659719579004+0j),[0.00138958],[1.],[0.59074457],[1.],"(array([0.21748115]), array([-0.11702052]))","(array([0.08446794]), array([-0.11810605]))","(array([0.08336573]), array([-0.11792559]))","(array([0.08200542]), array([-0.11767956]))","(array([0.0803691]), array([-0.1173128]))","(array([0.07848068]), array([-0.11681822]))","(array([0.0763907]), array([-0.11622264]))","(array([0.07416101]), array([-0.11557128]))","(array([0.07185199]), array([-0.1149153]))","(array([0.06951356]), array([-0.1143015]))","(array([0.06718015]), array([-0.11376631]))"
(0.4240638666643037+0j),[-0.00579745],[1.],[0.5840795],[1.],"(array([0.21541132]), array([-0.11842785]))","(array([0.08365455]), array([-0.1179645]))","(array([0.082288]), array([-0.11770953]))","(array([0.0806449]), array([-0.11733359]))","(array([0.0787493]), array([-0.11683003]))","(array([0.07665177]), array([-0.11622603]))","(array([0.07441392]), array([-0.11556664]))","(array([0.07209612]), array([-0.11490241]))","(array([0.06974853]), array([-0.11428053]))","(array([0.06740578]), array([-0.11373785]))","(array([0.06508564]), array([-0.11329765]))"
(0.4257161679233421+0j),[-0.01314159],[1.],[0.57782029],[1.],"(array([0.21324174]), array([-0.1198949]))","(array([0.08258027]), array([-0.11774026]))","(array([0.08093013]), array([-0.11735447]))","(array([0.07902695]), array([-0.11684123]))","(array([0.07692153]), array([-0.1162282]))","(array([0.07467553]), array([-0.11556073]))","(array([0.07234909]), array([-0.11488895]))","(array([0.06999233]), array([-0.11425935]))","(array([0.06764012]), array([-0.11370923]))","(array([0.06531041]), array([-0.11326229]))","(array([0.06300642]), array([-0.11292788]))"
(0.4272990498497988+0j),[-0.02067705],[1.],[0.57192155],[1.],"(array([0.2108953]), array([-0.12132197]))","(array([0.08122173]), array([-0.11737594]))","(array([0.0793108]), array([-0.11685244]))","(array([0.07719714]), array([-0.11622967]))","(array([0.07494273]), array([-0.1155535]))","(array([0.07260776]), array([-0.11487426]))","(array([0.07024208]), array([-0.11423782]))","(array([0.0678805]), array([-0.11368073]))","(array([0.06554123]), array([-0.11322715]))","(array([0.06322763]), array([-0.11288692]))","(array([0.06093298]), array([-0.11265656]))"
(0.42871302241865955+0j),[-0.02842212],[1.],[0.56630022],[1.],"(array([0.20833277]), array([-0.12265856]))","(array([0.07959769]), array([-0.11686425]))","(array([0.07747574]), array([-0.11623129]))","(array([0.07521263]), array([-0.11554569]))","(array([0.07286895]), array([-0.11485835]))","(array([0.07049458]), array([-0.11421531]))","(array([0.06812401]), array([-0.11365226]))","(array([0.06577536]), array([-0.1131926]))","(array([0.06345227]), array([-0.11284667]))","(array([0.06114817]), array([-0.11261151]))","(array([0.058852]), array([-0.11247302]))"
(0.42971933503360027+0j),[-0.03636291],[1.],[0.56085658],[1.],"(array([0.20555106]), array([-0.12389869]))","(array([0.07775418]), array([-0.11623364]))","(array([0.07548245]), array([-0.11553834]))","(array([0.07312983]), array([-0.11484218]))","(array([0.07074667]), array([-0.11419188]))","(array([0.06836747]), array([-0.11362322]))","(array([0.06600995]), array([-0.11315861]))","(array([0.06367766]), array([-0.11280758]))","(array([0.0613643]), array([-0.11256775]))","(array([0.059059]), array([-0.11242554]))","(array([0.05675188]), array([-0.11235843]))"
(0.42990341307315366+0j),[-0.04443889],[1.],[0.55550571],[1.],"(array([0.20257431]), array([-0.12506306]))","(array([0.07574921]), array([-0.11553192]))","(array([0.07338785]), array([-0.1148269]))","(array([0.07099575]), array([-0.11416859]))","(array([0.0686079]), array([-0.11359368]))","(array([0.066242]), array([-0.11312458]))","(array([0.06390111]), array([-0.11276966]))","(array([0.06157889]), array([-0.11252577]))","(array([0.05926472]), array([-0.1123799]))","(array([0.05694889]), array([-0.11231012]))","(array([0.05462869]), array([-0.11228918]))"
(0.4287482226235216+0j),[-0.05253489],[1.],[0.55023931],[1.],"(array([0.19944957]), array([-0.12617977]))","(array([0.07364032]), array([-0.11481275]))","(array([0.07123955]), array([-0.11414667]))","(array([0.06884297]), array([-0.11356473]))","(array([0.06646877]), array([-0.1130905]))","(array([0.06411992]), array([-0.11273228]))","(array([0.06178952]), array([-0.11248556]))","(array([0.05946694]), array([-0.11233664]))","(array([0.05714273]), array([-0.11226417]))","(array([0.05481435]), array([-0.11224147]))","(array([0.05249409]), array([-0.11224509]))"
(0.4258474607245486+0j),[-0.06048841],[1.],[0.54518759],[1.],"(array([0.19624868]), array([-0.12727059]))","(array([0.07147587]), array([-0.114126]))","(array([0.06907085]), array([-0.11353757]))","(array([0.06668831]), array([-0.11305742]))","(array([0.06433168]), array([-0.11269528]))","(array([0.06199384]), array([-0.11244645]))","(array([0.0596636]), array([-0.11229571]))","(array([0.05733154]), array([-0.1122211]))","(array([0.05499533]), array([-0.11219653]))","(array([0.05266744]), array([-0.11219913]))","(array([0.05038267]), array([-0.11222182]))"
(0.42107381001727695+0j),[-0.06811226],[1.],[0.54060258],[1.],"(array([0.19306393]), array([-0.12834494]))","(array([0.06928986]), array([-0.11351174]))","(array([0.06689924]), array([-0.11302644]))","(array([0.06453481]), array([-0.11265959]))","(array([0.06218983]), array([-0.1124081]))","(array([0.05985276]), array([-0.11225636]))","(array([0.05751363]), array([-0.11218081]))","(array([0.05517016]), array([-0.11215486]))","(array([0.05283504]), array([-0.11215621]))","(array([0.0505432]), array([-0.11217839]))","(array([0.04835119]), array([-0.11223649]))"
(0.41457228355072545+0j),[-0.07522001],[1.],[0.5367685],[1.],"(array([0.18999013]), array([-0.12939961]))","(array([0.06710054]), array([-0.11299693]))","(array([0.06472848]), array([-0.11262621]))","(array([0.06237634]), array([-0.11237123]))","(array([0.06003282]), array([-0.11221804]))","(array([0.05768751]), array([-0.11214246]))","(array([0.0553376]), array([-0.11211629]))","(array([0.05299584]), array([-0.11211684]))","(array([0.05069736]), array([-0.11213822]))","(array([0.04849882]), array([-0.1121961]))","(array([0.04646715]), array([-0.11231945]))"
(0.40665809813594367+0j),[-0.08164331],[1.],[0.53391983],[1.],"(array([0.18710353]), array([-0.13042048]))","(array([0.06491239]), array([-0.11259451]))","(array([0.06255314]), array([-0.11233678]))","(array([0.06020316]), array([-0.11218128]))","(array([0.05785209]), array([-0.11210532]))","(array([0.05549662]), array([-0.11207988]))","(array([0.05314903]), array([-0.11208073]))","(array([0.05084453]), array([-0.11210169]))","(array([0.04863991]), array([-0.11215905]))","(array([0.04660222]), array([-0.11228232]))","(array([0.04479473]), array([-0.11249982]))"
(0.39771450867269353+0j),[-0.0872394],[1.],[0.53220378],[1.],"(array([0.1844507]), array([-0.13138438]))","(array([0.06272058]), array([-0.11230429]))","(array([0.06036408]), array([-0.11214693]))","(array([0.05800723]), array([-0.11206969]))","(array([0.05564666]), array([-0.11204473]))","(array([0.05329409]), array([-0.11204683]))","(array([0.05098433]), array([-0.11206841]))","(array([0.04877426]), array([-0.11212559]))","(array([0.04673101]), array([-0.11224848]))","(array([0.04491797]), array([-0.11246594]))","(array([0.04338585]), array([-0.11279548]))"
(0.3881195649053662+0j),[-0.0918912],[1.],[0.53167421],[1.],"(array([0.18204834]), array([-0.13226078]))","(array([0.06051651]), array([-0.1121148]))","(array([0.05815378]), array([-0.11203637]))","(array([0.05578807]), array([-0.11201093]))","(array([0.05343095]), array([-0.11201409]))","(array([0.0511167]), array([-0.11203722]))","(array([0.04890188]), array([-0.11209518]))","(array([0.04685367]), array([-0.11221803]))","(array([0.04503556]), array([-0.11243519]))","(array([0.04349831]), array([-0.11276466]))","(array([0.0422771]), array([-0.11320953]))"
(0.3781996429698827+0j),[-0.09550298],[1.],[0.53229691],[1.],"(array([0.17988904]), array([-0.13301336]))","(array([0.05829297]), array([-0.11200547]))","(array([0.05592204]), array([-0.11197928]))","(array([0.05356034]), array([-0.1119825]))","(array([0.05124196]), array([-0.11200696]))","(array([0.04902304]), array([-0.11206655]))","(array([0.04697052]), array([-0.11219025]))","(array([0.04514787]), array([-0.11240746]))","(array([0.04360596]), array([-0.11273668]))","(array([0.04238001]), array([-0.11318145]))","(array([0.04149022]), array([-0.1137304]))"
(0.36820380419067705+0j),[-0.09799474],[1.],[0.53395548],[1.],"(array([0.17794801]), array([-0.13360117]))","(array([0.05604996]), array([-0.11195011]))","(array([0.05368364]), array([-0.11195287]))","(array([0.05136113]), array([-0.11197768]))","(array([0.04913836]), array([-0.11203855]))","(array([0.04708201]), array([-0.11216378]))","(array([0.04525539]), array([-0.11238184]))","(array([0.0437093]), array([-0.11271121]))","(array([0.04247903]), array([-0.11315581]))","(array([0.04158485]), array([-0.11370464]))","(array([0.04103377]), array([-0.11433266]))"
(0.3582953784175312+0j),[-0.09929907],[1.],[0.53645793],[1.],"(array([0.17619034]), array([-0.13398143]))","(array([0.05380221]), array([-0.11192548]))","(array([0.05147555]), array([-0.11195012]))","(array([0.04924897]), array([-0.11201146]))","(array([0.04718896]), array([-0.1121377]))","(array([0.04535866]), array([-0.11235702]))","(array([0.04380884]), array([-0.11268719]))","(array([0.04257466]), array([-0.113132]))","(array([0.04167644]), array([-0.11368075]))","(array([0.04112125]), array([-0.11430866]))","(array([0.04090466]), array([-0.11497786]))"
(0.3485581149547091+0j),[-0.09936284],[1.],[0.53955104],[1.],"(array([0.17458075]), array([-0.13411773]))","(array([0.05158635]), array([-0.11192428]))","(array([0.04935591]), array([-0.11198575]))","(array([0.04729231]), array([-0.11211252]))","(array([0.04545849]), array([-0.11233257]))","(array([0.04390509]), array([-0.11266363]))","(array([0.04266734]), array([-0.11310912]))","(array([0.04176538]), array([-0.11365809]))","(array([0.04120633]), array([-0.11428596]))","(array([0.04098583]), array([-0.11495503]))","(array([0.04108939]), array([-0.1156163]))"
(0.33901282670496896+0j),[-0.0981514],[1.],[0.54294686],[1.],"(array([0.17309505]), array([-0.13399323]))","(array([0.04946004]), array([-0.1119613]))","(array([0.04739272]), array([-0.11208841]))","(array([0.04555544]), array([-0.11230898]))","(array([0.04399864]), array([-0.11264056]))","(array([0.04275741]), array([-0.11308661]))","(array([0.04185197]), array([-0.1136361]))","(array([0.0412893]), array([-0.11426414]))","(array([0.04106505]), array([-0.11493313]))","(array([0.04116484]), array([-0.11559423]))","(array([0.04156586]), array([-0.11619112]))"
(0.3296396532744544+0j),[-0.0956519],[1.],[0.54635525],[1.],"(array([0.17172597]), array([-0.13361764]))","(array([0.04749084]), array([-0.11206525]))","(array([0.04564995]), array([-0.11228626]))","(array([0.04408975]), array([-0.11261831]))","(array([0.04284519]), array([-0.11306473]))","(array([0.04193636]), array([-0.11361452]))","(array([0.04137029]), array([-0.1142429]))","(array([0.04114252]), array([-0.114912]))","(array([0.04123867]), array([-0.11557296]))","(array([0.04163606]), array([-0.11616961]))","(array([0.04230605]), array([-0.11664415]))"
(0.3204012473143956+0j),[-0.09187162],[1.],[0.54951705],[1.],"(array([0.17047935]), array([-0.13301937]))","(array([0.04574242]), array([-0.11226428]))","(array([0.04417871]), array([-0.11259678]))","(array([0.0429308]), array([-0.11304361]))","(array([0.0420187]), array([-0.11359367]))","(array([0.04144931]), array([-0.11422218]))","(array([0.04121822]), array([-0.11489143]))","(array([0.04131097]), array([-0.11555242]))","(array([0.04170485]), array([-0.11614888]))","(array([0.04237135]), array([-0.11662311]))","(array([0.04327947]), array([-0.11692216]))"
(0.31126281837371333+0j),[-0.08682999],[1.],[0.55222954],[1.],"(array([0.16936687]), array([-0.13222992]))","(array([0.0442657]), array([-0.11257592]))","(array([0.04301437]), array([-0.11302319]))","(array([0.04209899]), array([-0.11357358]))","(array([0.04152639]), array([-0.11420227]))","(array([0.04129206]), array([-0.11487153]))","(array([0.04138155]), array([-0.11553251]))","(array([0.04177214]), array([-0.11612891]))","(array([0.04243528]), array([-0.11660289]))","(array([0.04334007]), array([-0.11690158]))","(array([0.04445735]), array([-0.11698199]))"
