Es,Sx,Sxx,Sy,Syy,PQ-15,PQ-14,PQ-13,PQ-12,PQ-11,PQ-10,PQ-9,PQ-8,PQ-7,PQ-6,PQ-5,PQ-4,PQ-3,PQ-2,PQ-1,PQ0
(0.000392795482840522+0j),[-2.48254109e-16],[1.],[0.03963026],[1.],"(array([0.00223434]), array([0.00387]))","(array([0.]), array([0.]))","(array([0.]), array([0.]))","(array([0.]), array([0.]))","(array([0.]), array([0.]))","(array([0.]), array([0.]))","(array([0.]), array([0.]))","(array([0.]), array([0.]))","(array([0.]), array([0.]))","(array([0.]), array([0.]))","(array([0.]), array([0.]))","(array([0.]), array([0.]))","(array([0.]), array([0.]))","(array([0.]), array([0.]))","(array([0.]), array([0.]))","(array([0.00223434]), array([0.00387]))"
(0.0014936410198116024+0j),[6.88973758e-16],[1.],[0.07723552],[1.],"(array([0.00658879]), array([0.01141212]))","(array([1.23070831e-30]), array([-1.95566148e-30]))","(array([-6.56074923e-33]), array([4.5024973e-33]))","(array([-2.66945203e-39]), array([-4.82764935e-39]))","(array([0.]), array([0.]))","(array([0.]), array([0.]))","(array([-5.64992428e-33]), array([4.75086324e-33]))","(array([-2.69590883e-33]), array([2.99982271e-33]))","(array([-1.32461178e-23]), array([-1.3026635e-23]))","(array([0.]), array([0.]))","(array([0.]), array([0.]))","(array([0.]), array([0.]))","(array([0.]), array([0.]))","(array([0.]), array([0.]))","(array([0.00223434]), array([0.00387]))","(array([0.00658879]), array([0.01141212]))"
(0.0031953867769365283+0j),[2.03739228e-14],[1.],[0.11286437],[1.],"(array([0.01071757]), array([0.01856337]))","(array([1.37428413e-24]), array([6.86647102e-24]))","(array([-3.9020732e-24]), array([2.26890015e-24]))","(array([-3.9246343e-24]), array([2.22966555e-24]))","(array([3.80383891e-24]), array([-2.44532118e-24]))","(array([-7.72602354e-24]), array([4.66983743e-24]))","(array([2.78171071e-24]), array([1.40000987e-23]))","(array([-8.3043561e-25]), array([-1.93043744e-23]))","(array([-1.10527303e-24]), array([-1.96838572e-24]))","(array([-7.85272219e-24]), array([4.45326271e-24]))","(array([-5.03415971e-24]), array([3.53624375e-25]))","(array([3.93975513e-23]), array([-2.20337287e-23]))","(array([2.12305795e-25]), array([-1.10319534e-25]))","(array([0.00223434]), array([0.00387]))","(array([0.00658879]), array([0.01141212]))","(array([0.01071757]), array([0.01856337]))"
(0.005402242110493057+0j),[9.98201726e-15],[1.],[0.14657103],[1.],"(array([0.01462648]), array([0.0253338]))","(array([-5.54053647e-24]), array([1.87424403e-24]))","(array([9.37846198e-23]), array([2.27187402e-23]))","(array([-3.0321248e-23]), array([-6.114873e-23]))","(array([-9.2628285e-24]), array([5.38776617e-24]))","(array([5.99116885e-24]), array([9.82873604e-24]))","(array([-9.69342435e-24]), array([-1.8948188e-23]))","(array([-9.9045128e-23]), array([9.39074394e-23]))","(array([-5.31469091e-23]), array([-6.6746379e-23]))","(array([-6.27507155e-23]), array([-1.3912914e-22]))","(array([6.46442991e-23]), array([-2.44328902e-23]))","(array([-2.25957264e-25]), array([-8.12226676e-26]))","(array([0.00223434]), array([0.00387]))","(array([0.00658879]), array([0.01141212]))","(array([0.01071757]), array([0.01856337]))","(array([0.01462648]), array([0.0253338]))"
(0.03748634491556763+0j),[-1.47795413e-15],[1.],[0.37969935],[1.],"(array([0.029817]), array([0.05164457]))","(array([1.1094003e-22]), array([-3.02283716e-24]))","(array([6.36484913e-22]), array([-5.09588354e-22]))","(array([1.96799856e-22]), array([-2.31271998e-22]))","(array([6.27304018e-22]), array([-5.21571416e-22]))","(array([-5.45147259e-22]), array([-2.6863254e-22]))","(array([-6.87925102e-22]), array([-1.20299022e-21]))","(array([1.79030969e-22]), array([-7.47685999e-22]))","(array([4.16703496e-23]), array([-2.94641534e-23]))","(array([5.97368067e-24]), array([6.87563467e-24]))","(array([2.29710777e-24]), array([4.56028428e-24]))","(array([0.00223434]), array([0.00387]))","(array([0.00658879]), array([0.01141212]))","(array([0.01071757]), array([0.01856337]))","(array([0.01462648]), array([0.0253338]))","(array([0.029817]), array([0.05164457]))"
(0.09290140805671529+0j),[-1.21454275e-14],[1.],[0.57911403],[1.],"(array([0.05430172]), array([0.09405333]))","(array([8.54716539e-22]), array([-6.25696641e-22]))","(array([-1.27156017e-20]), array([-8.35243567e-21]))","(array([5.47132232e-22]), array([-3.68825114e-22]))","(array([-5.40813552e-22]), array([-2.60345221e-22]))","(array([-1.80578697e-22]), array([-1.42601422e-21]))","(array([1.75370881e-22]), array([-7.09898839e-22]))","(array([3.02700678e-22]), array([-1.80853502e-22]))","(array([1.46278865e-22]), array([-8.37516238e-23]))","(array([8.30974034e-23]), array([3.546953e-22]))","(array([0.00223434]), array([0.00387]))","(array([0.00658879]), array([0.01141212]))","(array([0.01071757]), array([0.01856337]))","(array([0.01462648]), array([0.0253338]))","(array([0.029817]), array([0.05164457]))","(array([0.05430172]), array([0.09405333]))"
(0.16472770415807672+0j),[-2.67235849e-14],[1.],[0.73653587],[1.],"(array([0.0744807]), array([0.12900436]))","(array([-2.47723663e-20]), array([4.43624896e-23]))","(array([2.22238152e-20]), array([1.97678422e-19]))","(array([6.50563423e-20]), array([8.25797928e-20]))","(array([8.95328937e-22]), array([-2.07443412e-21]))","(array([1.15019138e-20]), array([2.46670387e-20]))","(array([6.42890549e-20]), array([7.45246566e-20]))","(array([-8.07358333e-21]), array([-3.97812639e-20]))","(array([1.45616192e-20]), array([-7.59207408e-21]))","(array([0.00223434]), array([0.00387]))","(array([0.00658879]), array([0.01141212]))","(array([0.01071757]), array([0.01856337]))","(array([0.01462648]), array([0.0253338]))","(array([0.029817]), array([0.05164457]))","(array([0.05430172]), array([0.09405333]))","(array([0.0744807]), array([0.12900436]))"
(0.24594968760373778+0j),[-5.42187506e-14],[1.],[0.84760142],[1.],"(array([0.0896425]), array([0.15526537]))","(array([-4.65023756e-21]), array([2.01107898e-19]))","(array([1.69621768e-19]), array([-9.23941588e-20]))","(array([-1.03293857e-19]), array([4.97006786e-20]))","(array([8.41841321e-20]), array([-1.08075632e-20]))","(array([1.62340478e-19]), array([2.82570173e-20]))","(array([1.22233862e-21]), array([-4.42433092e-20]))","(array([3.91385514e-20]), array([-1.88593621e-20]))","(array([0.00223434]), array([0.00387]))","(array([0.00658879]), array([0.01141212]))","(array([0.01071757]), array([0.01856337]))","(array([0.01462648]), array([0.0253338]))","(array([0.029817]), array([0.05164457]))","(array([0.05430172]), array([0.09405333]))","(array([0.0744807]), array([0.12900436]))","(array([0.0896425]), array([0.15526537]))"
(0.31875480502880643+0j),[-3.23773226e-14],[1.],[0.90362439],[1.],"(array([0.09897466]), array([0.17142913]))","(array([1.15506924e-19]), array([3.35450186e-19]))","(array([7.61217542e-20]), array([9.45189443e-19]))","(array([-1.96773689e-19]), array([3.05473142e-19]))","(array([8.38321836e-20]), array([1.11913042e-19]))","(array([-2.46929029e-19]), array([1.50065331e-19]))","(array([-3.41613831e-19]), array([1.43816186e-19]))","(array([0.00223434]), array([0.00387]))","(array([0.00658879]), array([0.01141212]))","(array([0.01071757]), array([0.01856337]))","(array([0.01462648]), array([0.0253338]))","(array([0.029817]), array([0.05164457]))","(array([0.05430172]), array([0.09405333]))","(array([0.0744807]), array([0.12900436]))","(array([0.0896425]), array([0.15526537]))","(array([0.09897466]), array([0.17142913]))"
(0.38868580771135336+0j),[-4.39989332e-14],[1.],[0.92456577],[1.],"(array([0.10328538]), array([0.17889552]))","(array([1.09000444e-19]), array([1.08642729e-18]))","(array([1.90321439e-19]), array([-8.03325817e-20]))","(array([2.11188475e-19]), array([9.70776669e-20]))","(array([-1.22066869e-18]), array([8.60867133e-19]))","(array([-1.83506271e-18]), array([1.19571143e-18]))","(array([0.00223434]), array([0.00387]))","(array([0.00658879]), array([0.01141212]))","(array([0.01071757]), array([0.01856337]))","(array([0.01462648]), array([0.0253338]))","(array([0.029817]), array([0.05164457]))","(array([0.05430172]), array([0.09405333]))","(array([0.0744807]), array([0.12900436]))","(array([0.0896425]), array([0.15526537]))","(array([0.09897466]), array([0.17142913]))","(array([0.10328538]), array([0.17889552]))"
(0.45236738353168976+0j),[-2.69545356e-14],[1.],[0.91425028],[1.],"(array([0.10384286]), array([0.17986111]))","(array([1.35190671e-18]), array([-3.36531319e-19]))","(array([-3.09379207e-18]), array([3.72350573e-19]))","(array([-2.91688393e-18]), array([2.19740901e-18]))","(array([9.76954881e-19]), array([1.16011814e-17]))","(array([0.00223434]), array([0.00387]))","(array([0.00658879]), array([0.01141212]))","(array([0.01071757]), array([0.01856337]))","(array([0.01462648]), array([0.0253338]))","(array([0.029817]), array([0.05164457]))","(array([0.05430172]), array([0.09405333]))","(array([0.0744807]), array([0.12900436]))","(array([0.0896425]), array([0.15526537]))","(array([0.09897466]), array([0.17142913]))","(array([0.10328538]), array([0.17889552]))","(array([0.10384286]), array([0.17986111]))"
(0.5072390888743099+0j),[-1.45328567e-14],[1.],[0.87765241],[1.],"(array([0.1011473]), array([0.17519227]))","(array([-4.69624607e-18]), array([2.010067e-18]))","(array([-2.43297592e-18]), array([2.12275741e-18]))","(array([-1.00588055e-17]), array([2.00501515e-17]))","(array([0.00223434]), array([0.00387]))","(array([0.00658879]), array([0.01141212]))","(array([0.01071757]), array([0.01856337]))","(array([0.01462648]), array([0.0253338]))","(array([0.029817]), array([0.05164457]))","(array([0.05430172]), array([0.09405333]))","(array([0.07448071]), array([0.12900437]))","(array([0.0896425]), array([0.15526537]))","(array([0.09897466]), array([0.17142914]))","(array([0.10328538]), array([0.17889552]))","(array([0.10384286]), array([0.17986111]))","(array([0.1011473]), array([0.17519227]))"
(0.48956482766689824+0j),[-8.2909383e-15],[1.],[0.83437648],[1.],"(array([0.09644953]), array([0.16705548]))","(array([-5.25903749e-18]), array([-2.7381273e-17]))","(array([-3.30303094e-18]), array([6.26967192e-17]))","(array([0.00223434]), array([0.00387]))","(array([0.00658879]), array([0.01141212]))","(array([0.01071757]), array([0.01856337]))","(array([0.01462648]), array([0.0253338]))","(array([0.02981701]), array([0.05164457]))","(array([0.05430172]), array([0.09405333]))","(array([0.07448071]), array([0.12900437]))","(array([0.0896425]), array([0.15526537]))","(array([0.09897466]), array([0.17142914]))","(array([0.10328538]), array([0.17889553]))","(array([0.10384287]), array([0.17986112]))","(array([0.10114731]), array([0.17519227]))","(array([0.09644953]), array([0.16705548]))"
(0.47210219167220396+0j),[-6.09247147e-15],[1.],[0.79589255],[1.],"(array([0.09184211]), array([0.15907521]))","(array([-1.8257023e-17]), array([7.05949029e-17]))","(array([0.00223434]), array([0.00387]))","(array([0.00658879]), array([0.01141213]))","(array([0.01071757]), array([0.01856337]))","(array([0.01462648]), array([0.0253338]))","(array([0.02981701]), array([0.05164458]))","(array([0.05430172]), array([0.09405335]))","(array([0.07448071]), array([0.12900438]))","(array([0.08964251]), array([0.15526539]))","(array([0.09897467]), array([0.17142915]))","(array([0.10328539]), array([0.17889554]))","(array([0.10384287]), array([0.17986113]))","(array([0.10114731]), array([0.17519229]))","(array([0.09644954]), array([0.1670555]))","(array([0.09184211]), array([0.15907521]))"
(0.45500137416689956+0j),[-2.49414431e-15],[1.],[0.76191952],[1.],"(array([0.08775932]), array([0.1520036]))","(array([0.00223434]), array([0.00387]))","(array([0.00658879]), array([0.01141213]))","(array([0.01071757]), array([0.01856338]))","(array([0.01462648]), array([0.02533381]))","(array([0.02981702]), array([0.05164459]))","(array([0.05430174]), array([0.09405337]))","(array([0.07448074]), array([0.12900442]))","(array([0.08964254]), array([0.15526543]))","(array([0.09897469]), array([0.17142919]))","(array([0.10328541]), array([0.17889558]))","(array([0.10384289]), array([0.17986116]))","(array([0.10114733]), array([0.17519231]))","(array([0.09644955]), array([0.16705552]))","(array([0.09184213]), array([0.15907523]))","(array([0.08775932]), array([0.1520036]))"
(0.4380238262400463+0j),[-7.85459924e-15],[1.],[0.73208959],[1.],"(array([0.08639909]), array([0.14964762]))","(array([0.00658879]), array([0.01141213]))","(array([0.01071757]), array([0.01856338]))","(array([0.01462648]), array([0.02533381]))","(array([0.02981702]), array([0.05164459]))","(array([0.05430175]), array([0.09405339]))","(array([0.07448075]), array([0.12900444]))","(array([0.08964255]), array([0.15526546]))","(array([0.09897471]), array([0.17142923]))","(array([0.10328543]), array([0.17889562]))","(array([0.10384291]), array([0.1798612]))","(array([0.10114735]), array([0.17519235]))","(array([0.09644957]), array([0.16705556]))","(array([0.09184215]), array([0.15907527]))","(array([0.08775935]), array([0.15200364]))","(array([0.08416475]), array([0.14577762]))"
(0.44607945379977837+0j),[-4.52047808e-15],[1.],[0.71232518],[1.],"(array([0.08797514]), array([0.15237741]))","(array([0.01071757]), array([0.01856338]))","(array([0.01462648]), array([0.02533381]))","(array([0.02981703]), array([0.0516446]))","(array([0.05430176]), array([0.09405342]))","(array([0.07448078]), array([0.12900449]))","(array([0.08964258]), array([0.15526551]))","(array([0.09897475]), array([0.17142929]))","(array([0.10328546]), array([0.17889567]))","(array([0.10384294]), array([0.17986125]))","(array([0.10114738]), array([0.17519241]))","(array([0.0964496]), array([0.16705561]))","(array([0.09184218]), array([0.15907532]))","(array([0.08775937]), array([0.15200369]))","(array([0.08416477]), array([0.14577766]))","(array([0.08138637]), array([0.14096532]))"
(0.45125822785823655+0j),[-2.03111171e-15],[1.],[0.69145385],[1.],"(array([0.08980483]), array([0.15554653]))","(array([0.01462649]), array([0.02533382]))","(array([0.02981704]), array([0.05164463]))","(array([0.05430179]), array([0.09405346]))","(array([0.07448082]), array([0.12900456]))","(array([0.08964263]), array([0.15526559]))","(array([0.09897479]), array([0.17142937]))","(array([0.10328551]), array([0.17889575]))","(array([0.10384299]), array([0.17986133]))","(array([0.10114743]), array([0.17519248]))","(array([0.09644964]), array([0.16705569]))","(array([0.09184222]), array([0.15907539]))","(array([0.08775941]), array([0.15200376]))","(array([0.08416481]), array([0.14577772]))","(array([0.0813864]), array([0.14096537]))","(array([0.07908731]), array([0.13698323]))"
(0.45384103858283104+0j),[-4.16799343e-15],[1.],[0.67036272],[1.],"(array([0.09134114]), array([0.1582075]))","(array([0.02981706]), array([0.05164466]))","(array([0.05430184]), array([0.09405355]))","(array([0.07448089]), array([0.12900469]))","(array([0.08964271]), array([0.15526574]))","(array([0.09897488]), array([0.17142952]))","(array([0.1032856]), array([0.1788959]))","(array([0.10384307]), array([0.17986147]))","(array([0.1011475]), array([0.17519261]))","(array([0.09644972]), array([0.16705581]))","(array([0.09184229]), array([0.15907551]))","(array([0.08775948]), array([0.15200387]))","(array([0.08416487]), array([0.14577784]))","(array([0.08138646]), array([0.14096548]))","(array([0.07908735]), array([0.13698332]))","(array([0.07671473]), array([0.13287382]))"
(0.45203471814757373+0j),[-9.21784765e-15],[1.],[0.64957547],[1.],"(array([0.10416079]), array([0.18041179]))","(array([0.05430189]), array([0.09405363]))","(array([0.07448098]), array([0.12900484]))","(array([0.08964282]), array([0.15526591]))","(array([0.098975]), array([0.17142972]))","(array([0.10328573]), array([0.17889613]))","(array([0.10384319]), array([0.17986169]))","(array([0.10114763]), array([0.17519283]))","(array([0.09644985]), array([0.16705603]))","(array([0.09184241]), array([0.15907572]))","(array([0.0877596]), array([0.15200408]))","(array([0.08416499]), array([0.14577804]))","(array([0.08138657]), array([0.14096568]))","(array([0.07908746]), array([0.13698351]))","(array([0.07671483]), array([0.13287398]))","(array([0.07434422]), array([0.12876797]))"
(0.4398360165129036+0j),[-1.00963343e-14],[1.],[0.62927202],[1.],"(array([0.12631561]), array([0.21878506]))","(array([0.07448108]), array([0.12900502]))","(array([0.08964296]), array([0.15526616]))","(array([0.09897518]), array([0.17143004]))","(array([0.10328594]), array([0.17889649]))","(array([0.1038434]), array([0.17986205]))","(array([0.10114784]), array([0.1751932]))","(array([0.09645006]), array([0.1670564]))","(array([0.09184262]), array([0.15907608]))","(array([0.08775979]), array([0.15200442]))","(array([0.08416518]), array([0.14577837]))","(array([0.08138676]), array([0.140966]))","(array([0.07908764]), array([0.13698381]))","(array([0.076715]), array([0.13287427]))","(array([0.07434438]), array([0.12876825]))","(array([0.07201535]), array([0.12473425]))"
(0.4228235084524221+0j),[-8.88236506e-15],[1.],[0.61271077],[1.],"(array([0.14440953]), array([0.25012464]))","(array([0.08964313]), array([0.15526645]))","(array([0.09897538]), array([0.17143038]))","(array([0.10328616]), array([0.17889687]))","(array([0.10384363]), array([0.17986243]))","(array([0.10114809]), array([0.17519363]))","(array([0.09645031]), array([0.16705683]))","(array([0.09184285]), array([0.15907648]))","(array([0.08776001]), array([0.1520048]))","(array([0.08416538]), array([0.14577872]))","(array([0.08138695]), array([0.14096633]))","(array([0.07908782]), array([0.13698412]))","(array([0.07671516]), array([0.13287456]))","(array([0.07434455]), array([0.12876853]))","(array([0.07201552]), array([0.12473454]))","(array([0.06993169]), array([0.12112525]))"
(0.4021231342156047+0j),[-7.92784977e-15],[1.],[0.60093527],[1.],"(array([0.15796942]), array([0.27361107]))","(array([0.09897557]), array([0.17143072]))","(array([0.10328636]), array([0.17889722]))","(array([0.10384384]), array([0.17986281]))","(array([0.10114833]), array([0.17519405]))","(array([0.09645055]), array([0.16705725]))","(array([0.09184308]), array([0.15907688]))","(array([0.08776023]), array([0.15200518]))","(array([0.08416559]), array([0.14577908]))","(array([0.08138714]), array([0.14096665]))","(array([0.07908798]), array([0.13698441]))","(array([0.07671531]), array([0.13287481]))","(array([0.07434469]), array([0.12876877]))","(array([0.07201567]), array([0.1247348]))","(array([0.06993184]), array([0.1211255]))","(array([0.06833134]), array([0.11835336]))"
(0.37934561650005905+0j),[-3.10851066e-15],[1.],[0.59467066],[1.],"(array([0.16628388]), array([0.28801212]))","(array([0.10328652]), array([0.1788975]))","(array([0.10384402]), array([0.17986312]))","(array([0.10114856]), array([0.17519445]))","(array([0.09645076]), array([0.16705762]))","(array([0.09184328]), array([0.15907722]))","(array([0.08776042]), array([0.1520055]))","(array([0.08416577]), array([0.14577939]))","(array([0.08138729]), array([0.14096693]))","(array([0.07908812]), array([0.13698464]))","(array([0.07671541]), array([0.13287499]))","(array([0.07434478]), array([0.12876893]))","(array([0.07201577]), array([0.12473497]))","(array([0.06993195]), array([0.12112568]))","(array([0.06833144]), array([0.11835353]))","(array([0.06731466]), array([0.11659242]))"
(0.3739362823405036+0j),[1.087005e-15],[1.],[0.60764458],[1.],"(array([0.17097]), array([0.29612873]))","(array([0.10384421]), array([0.17986344]))","(array([0.10114881]), array([0.17519487]))","(array([0.09645101]), array([0.16705804]))","(array([0.09184349]), array([0.1590776]))","(array([0.08776062]), array([0.15200585]))","(array([0.08416596]), array([0.14577972]))","(array([0.08138747]), array([0.14096723]))","(array([0.07908827]), array([0.13698491]))","(array([0.07671553]), array([0.13287519]))","(array([0.07434486]), array([0.12876907]))","(array([0.07201584]), array([0.1247351]))","(array([0.06993204]), array([0.12112584]))","(array([0.06833155]), array([0.11835371]))","(array([0.06731476]), array([0.11659258]))","(array([0.06769312]), array([0.11724792]))"
(0.3686570124784123+0j),[4.7959223e-15],[1.],[0.62372317],[1.],"(array([0.17316839]), array([0.29993646]))","(array([0.10114902]), array([0.17519525]))","(array([0.09645123]), array([0.16705843]))","(array([0.0918437]), array([0.15907796]))","(array([0.08776082]), array([0.1520062]))","(array([0.08416614]), array([0.14578004]))","(array([0.08138764]), array([0.14096752]))","(array([0.07908842]), array([0.13698517]))","(array([0.07671566]), array([0.13287542]))","(array([0.07434496]), array([0.12876925]))","(array([0.07201593]), array([0.12473525]))","(array([0.06993213]), array([0.121126]))","(array([0.06833165]), array([0.1183539]))","(array([0.06731488]), array([0.11659279]))","(array([0.06769322]), array([0.1172481]))","(array([0.06933583]), array([0.12009319]))"
(0.36466021259240744+0j),[3.72315233e-15],[1.],[0.64236345],[1.],"(array([0.17243776]), array([0.29867096]))","(array([0.09645147]), array([0.16705885]))","(array([0.09184395]), array([0.15907839]))","(array([0.08776107]), array([0.15200663]))","(array([0.08416637]), array([0.14578043]))","(array([0.08138784]), array([0.14096787]))","(array([0.07908859]), array([0.13698546]))","(array([0.07671581]), array([0.13287568]))","(array([0.07434509]), array([0.12876947]))","(array([0.07201601]), array([0.1247354]))","(array([0.06993219]), array([0.1211261]))","(array([0.06833171]), array([0.11835399]))","(array([0.06731495]), array([0.11659292]))","(array([0.06769333]), array([0.11724829]))","(array([0.06933595]), array([0.12009339]))","(array([0.07130202]), array([0.12349872]))"
(0.36381479347491086+0j),[2.6151025e-15],[1.],[0.66217158],[1.],"(array([0.16992586]), array([0.29432023]))","(array([0.09184425]), array([0.15907891]))","(array([0.08776132]), array([0.15200706]))","(array([0.0841666]), array([0.14578083]))","(array([0.08138805]), array([0.14096824]))","(array([0.07908878]), array([0.13698579]))","(array([0.07671596]), array([0.13287595]))","(array([0.07434522]), array([0.1287697]))","(array([0.07201613]), array([0.1247356]))","(array([0.06993227]), array([0.12112625]))","(array([0.06833177]), array([0.1183541]))","(array([0.067315]), array([0.116593]))","(array([0.06769339]), array([0.11724838]))","(array([0.06933604]), array([0.12009355]))","(array([0.07130216]), array([0.12349896]))","(array([0.0734843]), array([0.12727855]))"
(0.3806569487784292+0j),[4.69698101e-15],[1.],[0.68944766],[1.],"(array([0.16802348]), array([0.2910252]))","(array([0.08776167]), array([0.15200767]))","(array([0.0841669]), array([0.14578134]))","(array([0.08138832]), array([0.14096871]))","(array([0.07908903]), array([0.13698621]))","(array([0.07671617]), array([0.1328763]))","(array([0.07434539]), array([0.12877]))","(array([0.07201629]), array([0.12473587]))","(array([0.06993242]), array([0.1211265]))","(array([0.06833189]), array([0.1183543]))","(array([0.06731509]), array([0.11659316]))","(array([0.06769346]), array([0.11724852]))","(array([0.06933612]), array([0.12009369]))","(array([0.07130227]), array([0.12349915]))","(array([0.07348446]), array([0.12727882]))","(array([0.07619146]), array([0.13196748]))"
(0.40026086783865755+0j),[8.72890923e-15],[1.],[0.70820531],[1.],"(array([0.1665481]), array([0.28846977]))","(array([0.08416739]), array([0.14578219]))","(array([0.08138874]), array([0.14096944]))","(array([0.07908942]), array([0.13698689]))","(array([0.07671649]), array([0.13287686]))","(array([0.07434565]), array([0.12877044]))","(array([0.07201652]), array([0.12473627]))","(array([0.06993263]), array([0.12112688]))","(array([0.06833207]), array([0.11835461]))","(array([0.06731525]), array([0.11659344]))","(array([0.06769364]), array([0.11724882]))","(array([0.06933635]), array([0.12009407]))","(array([0.07130254]), array([0.12349962]))","(array([0.07348473]), array([0.12727928]))","(array([0.0761917]), array([0.13196789]))","(array([0.07879927]), array([0.13648433]))"
(0.42115306981313694+0j),[7.11341381e-15],[1.],[0.71750662],[1.],"(array([0.16453989]), array([0.28499145]))","(array([0.08138928]), array([0.14097038]))","(array([0.07908989]), array([0.13698771]))","(array([0.07671689]), array([0.13287756]))","(array([0.07434599]), array([0.12877103]))","(array([0.07201684]), array([0.12473683]))","(array([0.06993294]), array([0.12112741]))","(array([0.06833231]), array([0.11835504]))","(array([0.06731545]), array([0.11659377]))","(array([0.06769381]), array([0.11724911]))","(array([0.06933655]), array([0.12009443]))","(array([0.07130284]), array([0.12350015]))","(array([0.07348511]), array([0.12727995]))","(array([0.07619204]), array([0.13196849]))","(array([0.07879954]), array([0.13648481]))","(array([0.08038575]), array([0.1392322]))"
(0.4415697486503044+0j),[-3.18450511e-15],[1.],[0.71749135],[1.],"(array([0.1622787]), array([0.28107496]))","(array([0.07909045]), array([0.13698867]))","(array([0.07671739]), array([0.13287842]))","(array([0.07434643]), array([0.1287718]))","(array([0.07201727]), array([0.12473756]))","(array([0.06993337]), array([0.12112815]))","(array([0.0683327]), array([0.11835571]))","(array([0.06731575]), array([0.1165943]))","(array([0.06769403]), array([0.11724949]))","(array([0.06933675]), array([0.12009478]))","(array([0.07130312]), array([0.12350063]))","(array([0.07348553]), array([0.12728067]))","(array([0.07619257]), array([0.13196939]))","(array([0.07879997]), array([0.13648556]))","(array([0.08038604]), array([0.13923271]))","(array([0.08090552]), array([0.14013247]))"
(0.38850679382267833+0j),[-4.69300112e-15],[1.],[0.68856361],[1.],"(array([0.15837345]), array([0.27431086]))","(array([0.07671789]), array([0.13287928]))","(array([0.07434689]), array([0.12877259]))","(array([0.07201769]), array([0.12473829]))","(array([0.06993382]), array([0.12112894]))","(array([0.06833316]), array([0.1183565]))","(array([0.06731614]), array([0.11659497]))","(array([0.0676943]), array([0.11724997]))","(array([0.06933692]), array([0.12009507]))","(array([0.07130328]), array([0.1235009]))","(array([0.07348576]), array([0.12728108]))","(array([0.07619295]), array([0.13197006]))","(array([0.07880046]), array([0.13648639]))","(array([0.08038643]), array([0.13923338]))","(array([0.0809058]), array([0.14013295]))","(array([0.07928825]), array([0.13733128]))"
(0.34075295327863336+0j),[-4.50569918e-15],[1.],[0.65982763],[1.],"(array([0.15274761]), array([0.26456662]))","(array([0.07434719]), array([0.12877312]))","(array([0.07201796]), array([0.12473876]))","(array([0.06993409]), array([0.1211294]))","(array([0.06833342]), array([0.11835696]))","(array([0.06731636]), array([0.11659536]))","(array([0.06769446]), array([0.11725024]))","(array([0.06933699]), array([0.12009519]))","(array([0.07130327]), array([0.12350088]))","(array([0.07348575]), array([0.12728105]))","(array([0.07619296]), array([0.13197008]))","(array([0.07880053]), array([0.13648652]))","(array([0.08038656]), array([0.13923361]))","(array([0.08090598]), array([0.14013326]))","(array([0.07928845]), array([0.13733163]))","(array([0.07603455]), array([0.13169571]))"
(0.2980903179971327+0j),[-2.13596078e-15],[1.],[0.63140051],[1.],"(array([0.14715232]), array([0.25487529]))","(array([0.0720182]), array([0.12473918]))","(array([0.0699343]), array([0.12112976]))","(array([0.06833361]), array([0.11835728]))","(array([0.06731652]), array([0.11659563]))","(array([0.06769458]), array([0.11725046]))","(array([0.06933708]), array([0.12009534]))","(array([0.07130332]), array([0.12350097]))","(array([0.07348576]), array([0.12728107]))","(array([0.07619294]), array([0.13197005]))","(array([0.07880051]), array([0.13648649]))","(array([0.0803866]), array([0.13923368]))","(array([0.08090612]), array([0.1401335]))","(array([0.07928863]), array([0.13733194]))","(array([0.07603471]), array([0.13169598]))","(array([0.07280912]), array([0.12610909]))"
(0.2603606160634017+0j),[-2.14611152e-15],[1.],[0.60339917],[1.],"(array([0.14164063]), array([0.24532877]))","(array([0.06993454]), array([0.12113018]))","(array([0.06833381]), array([0.11835764]))","(array([0.0673167]), array([0.11659594]))","(array([0.06769474]), array([0.11725072]))","(array([0.06933723]), array([0.1200956]))","(array([0.07130349]), array([0.12350126]))","(array([0.0734859]), array([0.12728132]))","(array([0.07619305]), array([0.13197023]))","(array([0.07880061]), array([0.13648666]))","(array([0.08038674]), array([0.13923391]))","(array([0.08090632]), array([0.14013386]))","(array([0.07928886]), array([0.13733233]))","(array([0.07603491]), array([0.13169632]))","(array([0.07280929]), array([0.12610939]))","(array([0.06962509]), array([0.12059419]))"
(0.22178637171120794+0j),[-2.44483883e-15],[1.],[0.56586299],[1.],"(array([0.13588025]), array([0.23535149]))","(array([0.06833396]), array([0.11835789]))","(array([0.06731688]), array([0.11659625]))","(array([0.067695]), array([0.11725118]))","(array([0.06933756]), array([0.12009618]))","(array([0.07130383]), array([0.12350186]))","(array([0.07348626]), array([0.12728193]))","(array([0.07619342]), array([0.13197088]))","(array([0.078801]), array([0.13648733]))","(array([0.08038711]), array([0.13923456]))","(array([0.08090663]), array([0.1401344]))","(array([0.07928909]), array([0.13733274]))","(array([0.07603508]), array([0.13169663]))","(array([0.07280942]), array([0.12610961]))","(array([0.06962519]), array([0.12059437]))","(array([0.06594716]), array([0.11422383]))"
(0.18835296356791906+0j),[-2.03122474e-15],[1.],[0.52799309],[1.],"(array([0.13002361]), array([0.22520749]))","(array([0.06731695]), array([0.11659638]))","(array([0.06769507]), array([0.11725129]))","(array([0.06933762]), array([0.12009629]))","(array([0.07130389]), array([0.12350196]))","(array([0.07348631]), array([0.12728202]))","(array([0.07619347]), array([0.13197096]))","(array([0.07880104]), array([0.13648741]))","(array([0.08038716]), array([0.13923464]))","(array([0.08090669]), array([0.1401345]))","(array([0.07928917]), array([0.13733286]))","(array([0.07603515]), array([0.13169675]))","(array([0.07280949]), array([0.12610973]))","(array([0.06962526]), array([0.12059448]))","(array([0.06594722]), array([0.11422394]))","(array([0.06169088]), array([0.10685173]))"
(0.15952995309578644+0j),[-4.48093295e-15],[1.],[0.4900532],[1.],"(array([0.1247286]), array([0.21603628]))","(array([0.06769514]), array([0.11725142]))","(array([0.06933769]), array([0.1200964]))","(array([0.07130395]), array([0.12350206]))","(array([0.07348636]), array([0.12728211]))","(array([0.07619355]), array([0.13197109]))","(array([0.07880112]), array([0.13648755]))","(array([0.08038724]), array([0.13923478]))","(array([0.08090679]), array([0.14013467]))","(array([0.07928927]), array([0.13733305]))","(array([0.07603526]), array([0.13169693]))","(array([0.07280958]), array([0.1261099]))","(array([0.06962535]), array([0.12059464]))","(array([0.06594731]), array([0.11422409]))","(array([0.06169096]), array([0.10685188]))","(array([0.05741248]), array([0.09944133]))"
(0.13448889707062403+0j),[-3.34075327e-15],[1.],[0.45198214],[1.],"(array([0.1208178]), array([0.20926256]))","(array([0.06933777]), array([0.12009653]))","(array([0.07130401]), array([0.12350218]))","(array([0.07348644]), array([0.12728224]))","(array([0.07619364]), array([0.13197126]))","(array([0.07880121]), array([0.13648771]))","(array([0.08038733]), array([0.13923494]))","(array([0.0809069]), array([0.14013486]))","(array([0.0792894]), array([0.13733327]))","(array([0.07603539]), array([0.13169716]))","(array([0.07280971]), array([0.12611011]))","(array([0.06962546]), array([0.12059484]))","(array([0.06594742]), array([0.11422428]))","(array([0.06169106]), array([0.10685205]))","(array([0.05741257]), array([0.0994415]))","(array([0.05312359]), array([0.09201276]))"
(0.17196982673671343+0j),[-6.44031652e-15],[1.],[0.5809205],[1.],"(array([0.12768385]), array([0.22115491]))","(array([0.07130407]), array([0.12350227]))","(array([0.0734865]), array([0.12728235]))","(array([0.07619371]), array([0.13197138]))","(array([0.07880127]), array([0.13648781]))","(array([0.08038739]), array([0.13923504]))","(array([0.08090698]), array([0.14013499]))","(array([0.07928949]), array([0.13733342]))","(array([0.07603548]), array([0.13169731]))","(array([0.0728098]), array([0.12611027]))","(array([0.06962555]), array([0.12059499]))","(array([0.0659475]), array([0.11422442]))","(array([0.06169114]), array([0.10685219]))","(array([0.05741265]), array([0.09944162]))","(array([0.05312366]), array([0.09201287]))","(array([0.05834914]), array([0.10106368]))"
(0.21818119106016493+0j),[-3.83159735e-16],[1.],[0.68489819],[1.],"(array([0.14280672]), array([0.24734849]))","(array([0.07348665]), array([0.12728261]))","(array([0.07619383]), array([0.13197159]))","(array([0.0788014]), array([0.13648803]))","(array([0.08038754]), array([0.1392353]))","(array([0.08090715]), array([0.1401353]))","(array([0.07928968]), array([0.13733375]))","(array([0.07603569]), array([0.13169768]))","(array([0.07281002]), array([0.12611066]))","(array([0.06962578]), array([0.12059538]))","(array([0.06594772]), array([0.1142248]))","(array([0.06169134]), array([0.10685254]))","(array([0.05741283]), array([0.09944194]))","(array([0.05312382]), array([0.09201316]))","(array([0.05834928]), array([0.10106392]))","(array([0.07150652]), array([0.12385293]))"
(0.2692674749625473+0j),[1.07690667e-15],[1.],[0.76238766],[1.],"(array([0.15522779]), array([0.26886242]))","(array([0.07619404]), array([0.13197195]))","(array([0.0788016]), array([0.13648838]))","(array([0.08038776]), array([0.13923569]))","(array([0.0809074]), array([0.14013574]))","(array([0.07928995]), array([0.13733421]))","(array([0.07603597]), array([0.13169816]))","(array([0.07281031]), array([0.12611116]))","(array([0.06962607]), array([0.1205959]))","(array([0.06594802]), array([0.11422533]))","(array([0.06169164]), array([0.10685306]))","(array([0.05741312]), array([0.09944243]))","(array([0.05312409]), array([0.09201363]))","(array([0.05834952]), array([0.10106434]))","(array([0.07150673]), array([0.12385329]))","(array([0.08174601]), array([0.14158824]))"
(0.3215385088742324+0j),[-4.1982005e-15],[1.],[0.81351999],[1.],"(array([0.16517807]), array([0.28609681]))","(array([0.07880205]), array([0.13648916]))","(array([0.08038822]), array([0.13923648]))","(array([0.08090785]), array([0.14013651]))","(array([0.07929031]), array([0.13733485]))","(array([0.0760363]), array([0.13169873]))","(array([0.07281063]), array([0.12611172]))","(array([0.06962639]), array([0.12059644]))","(array([0.06594832]), array([0.11422583]))","(array([0.06169192]), array([0.10685353]))","(array([0.05741338]), array([0.09944289]))","(array([0.05312434]), array([0.09201406]))","(array([0.05834979]), array([0.1010648]))","(array([0.07150708]), array([0.12385389]))","(array([0.08174642]), array([0.14158896]))","(array([0.08899046]), array([0.15413599]))"
(0.3230315332411935+0j),[-4.48557326e-15],[1.],[0.80791148],[1.],"(array([0.17017683]), array([0.29475492]))","(array([0.08038858]), array([0.13923711]))","(array([0.08090819]), array([0.1401371]))","(array([0.07929062]), array([0.13733538]))","(array([0.07603655]), array([0.13169917]))","(array([0.07281086]), array([0.12611211]))","(array([0.0696266]), array([0.1205968]))","(array([0.06594852]), array([0.11422619]))","(array([0.06169212]), array([0.10685388]))","(array([0.05741358]), array([0.09944323]))","(array([0.05312454]), array([0.09201441]))","(array([0.05835001]), array([0.10106517]))","(array([0.07150735]), array([0.12385436]))","(array([0.08174676]), array([0.14158954]))","(array([0.08899079]), array([0.15413658]))","(array([0.09137973]), array([0.15827434]))"
(0.3234636136035989+0j),[-4.30197373e-15],[1.],[0.8017799],[1.],"(array([0.17109888]), array([0.29635195]))","(array([0.08090857]), array([0.14013776]))","(array([0.07929096]), array([0.13733598]))","(array([0.07603685]), array([0.1316997]))","(array([0.07281115]), array([0.1261126]))","(array([0.06962688]), array([0.12059729]))","(array([0.06594882]), array([0.1142267]))","(array([0.06169243]), array([0.10685442]))","(array([0.05741389]), array([0.09944378]))","(array([0.05312487]), array([0.09201497]))","(array([0.05835033]), array([0.10106574]))","(array([0.07150768]), array([0.12385493]))","(array([0.08174707]), array([0.14159008]))","(array([0.08899111]), array([0.15413712]))","(array([0.09138004]), array([0.15827486]))","(array([0.09071517]), array([0.15712328]))"
(0.3231560307574284+0j),[-2.23101884e-15],[1.],[0.79516894],[1.],"(array([0.17089857]), array([0.296005]))","(array([0.0792914]), array([0.13733673]))","(array([0.0760372]), array([0.1317003]))","(array([0.07281141]), array([0.12611307]))","(array([0.06962713]), array([0.12059772]))","(array([0.06594905]), array([0.1142271]))","(array([0.06169264]), array([0.10685479]))","(array([0.0574141]), array([0.09944414]))","(array([0.05312506]), array([0.09201531]))","(array([0.05835061]), array([0.10106622]))","(array([0.07150809]), array([0.12385565]))","(array([0.08174755]), array([0.1415909]))","(array([0.08899154]), array([0.15413787]))","(array([0.09138039]), array([0.15827548]))","(array([0.09071547]), array([0.15712381]))","(array([0.08999466]), array([0.15587533]))"
(0.32331903350020014+0j),[4.08900374e-16],[1.],[0.78866144],[1.],"(array([0.16854511]), array([0.29192869]))","(array([0.07603751]), array([0.13170084]))","(array([0.07281166]), array([0.12611349]))","(array([0.06962732]), array([0.12059806]))","(array([0.06594922]), array([0.11422739]))","(array([0.06169279]), array([0.10685504]))","(array([0.05741424]), array([0.09944438]))","(array([0.0531252]), array([0.09201555]))","(array([0.05835077]), array([0.1010665]))","(array([0.07150828]), array([0.12385597]))","(array([0.08174778]), array([0.1415913]))","(array([0.08899184]), array([0.15413838]))","(array([0.0913807]), array([0.15827602]))","(array([0.09071576]), array([0.15712431]))","(array([0.08999492]), array([0.15587577]))","(array([0.08925571]), array([0.15459542]))"
(0.36329574292301203+0j),[1.22694536e-15],[1.],[0.80948126],[1.],"(array([0.16620829]), array([0.2878812]))","(array([0.07281198]), array([0.12611404]))","(array([0.0696276]), array([0.12059854]))","(array([0.06594947]), array([0.11422783]))","(array([0.06169302]), array([0.10685545]))","(array([0.05741445]), array([0.09944474]))","(array([0.05312539]), array([0.09201587]))","(array([0.05835095]), array([0.10106681]))","(array([0.07150846]), array([0.12385628]))","(array([0.081748]), array([0.14159168]))","(array([0.08899212]), array([0.15413887]))","(array([0.09138101]), array([0.15827655]))","(array([0.09071605]), array([0.15712481]))","(array([0.08999518]), array([0.15587622]))","(array([0.08925594]), array([0.15459582]))","(array([0.09017487]), array([0.15618746]))"
(0.40167436929609895+0j),[-5.254204e-15],[1.],[0.81446984],[1.],"(array([0.16442539]), array([0.28479313]))","(array([0.06962799]), array([0.12059922]))","(array([0.06594985]), array([0.11422849]))","(array([0.06169342]), array([0.10685614]))","(array([0.05741484]), array([0.09944542]))","(array([0.05312574]), array([0.09201648]))","(array([0.05835125]), array([0.10106732]))","(array([0.07150872]), array([0.12385674]))","(array([0.08174822]), array([0.14159207]))","(array([0.0889923]), array([0.15413919]))","(array([0.09138118]), array([0.15827684]))","(array([0.09071623]), array([0.15712513]))","(array([0.08999538]), array([0.15587657]))","(array([0.08925619]), array([0.15459625]))","(array([0.0901752]), array([0.15618803]))","(array([0.09161787]), array([0.1586868]))"
(0.43691103143773236+0j),[-8.86353172e-15],[1.],[0.80521466],[1.],"(array([0.16098231]), array([0.27882954]))","(array([0.06595038]), array([0.11422941]))","(array([0.06169387]), array([0.10685692]))","(array([0.05741526]), array([0.09944615]))","(array([0.05312614]), array([0.09201717]))","(array([0.05835157]), array([0.10106788]))","(array([0.07150899]), array([0.12385721]))","(array([0.0817485]), array([0.14159256]))","(array([0.08899264]), array([0.15413977]))","(array([0.09138162]), array([0.15827761]))","(array([0.0907168]), array([0.1571261]))","(array([0.08999604]), array([0.15587771]))","(array([0.08925687]), array([0.15459744]))","(array([0.0901758]), array([0.15618907]))","(array([0.09161831]), array([0.15868757]))","(array([0.09135895]), array([0.15823834]))"
(0.4680362373690446+0j),[-3.11955359e-15],[1.],[0.78380866],[1.],"(array([0.15555421]), array([0.26942779]))","(array([0.06169432]), array([0.10685769]))","(array([0.0574157]), array([0.0994469]))","(array([0.05312655]), array([0.09201788]))","(array([0.05835195]), array([0.10106855]))","(array([0.0715094]), array([0.12385791]))","(array([0.08174892]), array([0.14159328]))","(array([0.08899304]), array([0.15414047]))","(array([0.09138205]), array([0.15827835]))","(array([0.09071732]), array([0.157127]))","(array([0.08999667]), array([0.15587881]))","(array([0.0892576]), array([0.1545987]))","(array([0.09017656]), array([0.15619039]))","(array([0.09161894]), array([0.15868865]))","(array([0.09135939]), array([0.1582391]))","(array([0.08960865]), array([0.15520673]))"
(0.4104783135063143+0j),[-4.00980973e-15],[1.],[0.74187594],[1.],"(array([0.14774323]), array([0.25589877]))","(array([0.05741623]), array([0.09944782]))","(array([0.05312703]), array([0.09201872]))","(array([0.05835244]), array([0.10106939]))","(array([0.07150997]), array([0.1238589]))","(array([0.08174945]), array([0.14159419]))","(array([0.08899352]), array([0.1541413]))","(array([0.09138248]), array([0.15827909]))","(array([0.09071779]), array([0.15712782]))","(array([0.08999721]), array([0.15587975]))","(array([0.08925821]), array([0.15459976]))","(array([0.09017727]), array([0.15619161]))","(array([0.09161966]), array([0.15868991]))","(array([0.09135998]), array([0.15824012]))","(array([0.08960911]), array([0.15520753]))","(array([0.08604849]), array([0.14904036]))"
(0.35985989882510433+0j),[-5.46518034e-15],[1.],[0.69962666],[1.],"(array([0.13871158]), array([0.2402555]))","(array([0.05312731]), array([0.0920192]))","(array([0.05835271]), array([0.10106985]))","(array([0.0715102]), array([0.12385931]))","(array([0.0817497]), array([0.14159463]))","(array([0.08899376]), array([0.15414171]))","(array([0.09138269]), array([0.15827945]))","(array([0.09071802]), array([0.15712821]))","(array([0.08999747]), array([0.15588019]))","(array([0.08925851]), array([0.15460028]))","(array([0.09017762]), array([0.15619221]))","(array([0.09162003]), array([0.15869055]))","(array([0.09136031]), array([0.15824069]))","(array([0.08960937]), array([0.15520799]))","(array([0.08604873]), array([0.14904077]))","(array([0.08129504]), array([0.14080714]))"
(0.31547278200076456+0j),[-4.32407954e-15],[1.],[0.65780727],[1.],"(array([0.12967709]), array([0.22460731]))","(array([0.05835291]), array([0.1010702]))","(array([0.07151037]), array([0.12385959]))","(array([0.08174991]), array([0.141595]))","(array([0.08899398]), array([0.15414209]))","(array([0.09138291]), array([0.15827983]))","(array([0.09071826]), array([0.15712863]))","(array([0.08999773]), array([0.15588064]))","(array([0.08925876]), array([0.15460071]))","(array([0.09017787]), array([0.15619265]))","(array([0.09162028]), array([0.15869099]))","(array([0.09136056]), array([0.15824114]))","(array([0.08960963]), array([0.15520843]))","(array([0.08604896]), array([0.14904117]))","(array([0.08129524]), array([0.14080749]))","(array([0.0765494]), array([0.13258745]))"
(0.2746646282312469+0j),[-3.56673754e-16],[1.],[0.61512508],[1.],"(array([0.13013686]), array([0.22540366]))","(array([0.07151054]), array([0.12385989]))","(array([0.08175011]), array([0.14159534]))","(array([0.08899419]), array([0.15414245]))","(array([0.09138317]), array([0.15828029]))","(array([0.09071853]), array([0.1571291]))","(array([0.08999802]), array([0.15588115]))","(array([0.08925908]), array([0.15460125]))","(array([0.0901782]), array([0.15619322]))","(array([0.09162061]), array([0.15869156]))","(array([0.09136086]), array([0.15824166]))","(array([0.08960987]), array([0.15520885]))","(array([0.08604916]), array([0.14904151]))","(array([0.08129543]), array([0.14080781]))","(array([0.07654957]), array([0.13258774]))","(array([0.07178532]), array([0.12433583]))"
(0.2746095041228946+0j),[-1.85715413e-15],[1.],[0.62983385],[1.],"(array([0.14165791]), array([0.2453587]))","(array([0.08175019]), array([0.14159549]))","(array([0.08899426]), array([0.15414258]))","(array([0.09138324]), array([0.15828042]))","(array([0.09071861]), array([0.15712924]))","(array([0.08999811]), array([0.1558813]))","(array([0.08925917]), array([0.15460142]))","(array([0.0901783]), array([0.1561934]))","(array([0.09162072]), array([0.15869175]))","(array([0.09136096]), array([0.15824183]))","(array([0.08960995]), array([0.15520898]))","(array([0.08604922]), array([0.14904163]))","(array([0.08129549]), array([0.14080792]))","(array([0.07654963]), array([0.13258785]))","(array([0.07178539]), array([0.12433594]))","(array([0.07015042]), array([0.12150408]))"
(0.27239231373299333+0j),[-1.37513333e-15],[1.],[0.64224709],[1.],"(array([0.15342103]), array([0.26573302]))","(array([0.08899438]), array([0.1541428]))","(array([0.09138335]), array([0.15828061]))","(array([0.09071873]), array([0.15712945]))","(array([0.08999825]), array([0.15588154]))","(array([0.08925934]), array([0.15460171]))","(array([0.09017849]), array([0.15619373]))","(array([0.09162091]), array([0.15869206]))","(array([0.09136114]), array([0.15824214]))","(array([0.08961013]), array([0.15520929]))","(array([0.0860494]), array([0.14904193]))","(array([0.08129565]), array([0.1408082]))","(array([0.07654977]), array([0.13258809]))","(array([0.07178552]), array([0.12433617]))","(array([0.07015054]), array([0.1215043]))","(array([0.07167404]), array([0.12414307]))"
(0.2685215437292672+0j),[-9.91063706e-16],[1.],[0.65350737],[1.],"(array([0.16199544]), array([0.28058433]))","(array([0.09138356]), array([0.15828097]))","(array([0.09071891]), array([0.15712976]))","(array([0.08999842]), array([0.15588183]))","(array([0.08925951]), array([0.15460201]))","(array([0.09017866]), array([0.15619401]))","(array([0.09162105]), array([0.15869232]))","(array([0.09136127]), array([0.15824236]))","(array([0.08961026]), array([0.15520952]))","(array([0.08604953]), array([0.14904216]))","(array([0.08129578]), array([0.14080842]))","(array([0.07654989]), array([0.1325883]))","(array([0.07178563]), array([0.12433635]))","(array([0.07015066]), array([0.12150451]))","(array([0.07167418]), array([0.12414332]))","(array([0.07300468]), array([0.12644781]))"
(0.26460801785142446+0j),[-5.11063481e-15],[1.],[0.6650604],[1.],"(array([0.16567201]), array([0.28695234]))","(array([0.09071931]), array([0.15713046]))","(array([0.08999878]), array([0.15588246]))","(array([0.08925985]), array([0.15460259]))","(array([0.09017895]), array([0.15619452]))","(array([0.09162129]), array([0.15869273]))","(array([0.09136151]), array([0.15824278]))","(array([0.08961056]), array([0.15521005]))","(array([0.08604988]), array([0.14904276]))","(array([0.08129612]), array([0.140809]))","(array([0.07655022]), array([0.13258887]))","(array([0.07178595]), array([0.12433691]))","(array([0.070151]), array([0.12150509]))","(array([0.07167454]), array([0.12414395]))","(array([0.07300506]), array([0.12644848]))","(array([0.0742911]), array([0.12867596]))"
(0.2901076830273775+0j),[-4.01367146e-15],[1.],[0.71144919],[1.],"(array([0.16833889]), array([0.29157151]))","(array([0.08999909]), array([0.15588299]))","(array([0.0892601]), array([0.15460303]))","(array([0.09017916]), array([0.15619488]))","(array([0.09162149]), array([0.15869307]))","(array([0.09136173]), array([0.15824316]))","(array([0.0896108]), array([0.15521046]))","(array([0.08605012]), array([0.14904317]))","(array([0.08129633]), array([0.14080938]))","(array([0.07655042]), array([0.13258921]))","(array([0.07178613]), array([0.12433722]))","(array([0.07015117]), array([0.12150539]))","(array([0.07167471]), array([0.12414425]))","(array([0.07300523]), array([0.12644876]))","(array([0.07429126]), array([0.12867624]))","(array([0.07762391]), array([0.13444855]))"
(0.316986309905411+0j),[-6.05260936e-15],[1.],[0.74748989],[1.],"(array([0.17226757]), array([0.29837619]))","(array([0.08926038]), array([0.15460351]))","(array([0.09017942]), array([0.15619533]))","(array([0.09162175]), array([0.15869353]))","(array([0.09136199]), array([0.15824361]))","(array([0.08961101]), array([0.15521083]))","(array([0.08605031]), array([0.1490435]))","(array([0.08129651]), array([0.14080969]))","(array([0.07655059]), array([0.13258951]))","(array([0.07178629]), array([0.1243375]))","(array([0.07015133]), array([0.12150567]))","(array([0.07167489]), array([0.12414456]))","(array([0.07300541]), array([0.12644907]))","(array([0.07429143]), array([0.12867653]))","(array([0.07762405]), array([0.13444879]))","(array([0.08227363]), array([0.1425021]))"
(0.3442466703518127+0j),[-9.73230657e-15],[1.],[0.77316866],[1.],"(array([0.17500661]), array([0.30312034]))","(array([0.09017955]), array([0.15619557]))","(array([0.09162192]), array([0.15869383]))","(array([0.09136218]), array([0.15824393]))","(array([0.08961123]), array([0.1552112]))","(array([0.0860505]), array([0.14904384]))","(array([0.08129668]), array([0.14080998]))","(array([0.07655074]), array([0.13258977]))","(array([0.07178642]), array([0.12433773]))","(array([0.07015147]), array([0.1215059]))","(array([0.07167506]), array([0.12414485]))","(array([0.07300559]), array([0.12644939]))","(array([0.07429162]), array([0.12867687]))","(array([0.07762426]), array([0.13444916]))","(array([0.08227383]), array([0.14250245]))","(array([0.08575235]), array([0.14852743]))"
(0.37014312274370315+0j),[-7.81540616e-15],[1.],[0.78866192],[1.],"(array([0.17823679]), array([0.30871517]))","(array([0.09162232]), array([0.15869451]))","(array([0.09136264]), array([0.15824474]))","(array([0.08961175]), array([0.15521211]))","(array([0.08605095]), array([0.14904461]))","(array([0.08129704]), array([0.14081061]))","(array([0.07655104]), array([0.13259029]))","(array([0.07178667]), array([0.12433816]))","(array([0.07015172]), array([0.12150634]))","(array([0.07167534]), array([0.12414533]))","(array([0.07300589]), array([0.12644991]))","(array([0.07429192]), array([0.12867738]))","(array([0.07762455]), array([0.13444966]))","(array([0.08227413]), array([0.14250297]))","(array([0.08575268]), array([0.14852799]))","(array([0.08806592]), array([0.15253465]))"
(0.3368578050108306+0j),[-4.13623908e-15],[1.],[0.76190093],[1.],"(array([0.17900039]), array([0.31003777]))","(array([0.09136302]), array([0.15824539]))","(array([0.08961209]), array([0.15521269]))","(array([0.08605124]), array([0.14904512]))","(array([0.08129726]), array([0.14081098]))","(array([0.0765512]), array([0.13259057]))","(array([0.07178679]), array([0.12433837]))","(array([0.07015184]), array([0.12150655]))","(array([0.07167549]), array([0.12414559]))","(array([0.07300606]), array([0.1264502]))","(array([0.0742921]), array([0.12867769]))","(array([0.07762474]), array([0.13444999]))","(array([0.08227433]), array([0.14250331]))","(array([0.08575288]), array([0.14852834]))","(array([0.08806614]), array([0.15253504]))","(array([0.08738338]), array([0.15135245]))"
(0.30569450182182817+0j),[-2.20214348e-15],[1.],[0.73777132],[1.],"(array([0.17587389]), array([0.30462251]))","(array([0.08961237]), array([0.15521317]))","(array([0.08605147]), array([0.14904552]))","(array([0.08129744]), array([0.1408113]))","(array([0.07655135]), array([0.13259083]))","(array([0.0717869]), array([0.12433856]))","(array([0.07015195]), array([0.12150674]))","(array([0.07167561]), array([0.1241458]))","(array([0.07300619]), array([0.12645043]))","(array([0.07429224]), array([0.12867793]))","(array([0.07762489]), array([0.13445025]))","(array([0.08227451]), array([0.14250363]))","(array([0.08575309]), array([0.14852871]))","(array([0.08806637]), array([0.15253543]))","(array([0.0873836]), array([0.15135283]))","(array([0.08451577]), array([0.14638561]))"
(0.27706576829237933+0j),[-8.48577624e-16],[1.],[0.71599224],[1.],"(array([0.1715367]), array([0.29711027]))","(array([0.08605176]), array([0.14904603]))","(array([0.08129767]), array([0.1408117]))","(array([0.07655152]), array([0.13259112]))","(array([0.07178704]), array([0.12433881]))","(array([0.07015209]), array([0.12150699]))","(array([0.07167577]), array([0.12414607]))","(array([0.07300636]), array([0.12645072]))","(array([0.07429242]), array([0.12867825]))","(array([0.07762508]), array([0.13445058]))","(array([0.08227471]), array([0.14250399]))","(array([0.0857533]), array([0.14852908]))","(array([0.08806657]), array([0.15253578]))","(array([0.08738377]), array([0.15135313]))","(array([0.08451592]), array([0.14638587]))","(array([0.08192862]), array([0.14190453]))"
(0.2524326552943312+0j),[1.42747631e-15],[1.],[0.69712768],[1.],"(array([0.16569046]), array([0.2869843]))","(array([0.08129779]), array([0.14081191]))","(array([0.07655162]), array([0.1325913]))","(array([0.07178715]), array([0.12433898]))","(array([0.07015219]), array([0.12150715]))","(array([0.07167586]), array([0.12414624]))","(array([0.07300645]), array([0.12645088]))","(array([0.07429251]), array([0.1286784]))","(array([0.07762517]), array([0.13445074]))","(array([0.08227481]), array([0.14250415]))","(array([0.08575342]), array([0.14852928]))","(array([0.08806672]), array([0.15253603]))","(array([0.08738392]), array([0.15135339]))","(array([0.08451606]), array([0.14638611]))","(array([0.08192873]), array([0.14190473]))","(array([0.07963953]), array([0.13793971]))"
(0.3093900884371347+0j),[1.25208575e-15],[1.],[0.77222548],[1.],"(array([0.16432019]), array([0.28461091]))","(array([0.0765518]), array([0.13259161]))","(array([0.07178731]), array([0.12433927]))","(array([0.07015234]), array([0.12150741]))","(array([0.07167599]), array([0.12414646]))","(array([0.07300657]), array([0.12645108]))","(array([0.07429262]), array([0.12867859]))","(array([0.07762528]), array([0.13445093]))","(array([0.08227493]), array([0.14250436]))","(array([0.08575356]), array([0.14852952]))","(array([0.08806691]), array([0.15253636]))","(array([0.08738414]), array([0.15135376]))","(array([0.08451625]), array([0.14638644]))","(array([0.08192888]), array([0.14190499]))","(array([0.07963964]), array([0.1379399]))","(array([0.08302771]), array([0.14380821]))"
(0.37020297401507124+0j),[-2.2345126e-15],[1.],[0.81554101],[1.],"(array([0.16625967]), array([0.2879702]))","(array([0.07178777]), array([0.12434007]))","(array([0.0701527]), array([0.12150804]))","(array([0.07167627]), array([0.12414694]))","(array([0.07300681]), array([0.1264515]))","(array([0.07429285]), array([0.128679]))","(array([0.07762551]), array([0.13445132]))","(array([0.08227515]), array([0.14250475]))","(array([0.08575382]), array([0.14852997]))","(array([0.08806728]), array([0.15253699]))","(array([0.08738459]), array([0.15135455]))","(array([0.08451672]), array([0.14638725]))","(array([0.08192932]), array([0.14190575]))","(array([0.07964002]), array([0.13794056]))","(array([0.08302794]), array([0.14380861]))","(array([0.0897142]), array([0.15538956]))"
(0.4303011401999101+0j),[-7.51746632e-15],[1.],[0.82698604],[1.],"(array([0.16456848]), array([0.28504097]))","(array([0.07015298]), array([0.12150853]))","(array([0.07167647]), array([0.12414729]))","(array([0.07300697]), array([0.12645179]))","(array([0.07429304]), array([0.12867933]))","(array([0.07762571]), array([0.13445167]))","(array([0.08227536]), array([0.1425051]))","(array([0.08575403]), array([0.14853034]))","(array([0.08806751]), array([0.1525374]))","(array([0.08738487]), array([0.15135503]))","(array([0.08451703]), array([0.14638779]))","(array([0.08192966]), array([0.14190633]))","(array([0.07964035]), array([0.13794114]))","(array([0.08302823]), array([0.14380911]))","(array([0.0897144]), array([0.1553899]))","(array([0.09278776]), array([0.16071312]))"
(0.48472183159069077+0j),[-1.26815441e-14],[1.],[0.80903505],[1.],"(array([0.16252397]), array([0.28149977]))","(array([0.0716768]), array([0.12414785]))","(array([0.07300733]), array([0.12645241]))","(array([0.07429353]), array([0.12868017]))","(array([0.07762632]), array([0.13445274]))","(array([0.08227607]), array([0.14250634]))","(array([0.08575473]), array([0.14853156]))","(array([0.08806815]), array([0.15253851]))","(array([0.08738544]), array([0.15135603]))","(array([0.08451754]), array([0.14638868]))","(array([0.0819301]), array([0.14190709]))","(array([0.07964072]), array([0.13794177]))","(array([0.08302848]), array([0.14380955]))","(array([0.08971458]), array([0.15539021]))","(array([0.09278795]), array([0.16071345]))","(array([0.09238104]), array([0.16000866]))"
(0.5246988963682939+0j),[-1.09603797e-14],[1.],[0.7684142],[1.],"(array([0.16065993]), array([0.27827117]))","(array([0.07300779]), array([0.12645321]))","(array([0.07429398]), array([0.12868095]))","(array([0.07762682]), array([0.13445359]))","(array([0.08227658]), array([0.14250721]))","(array([0.08575517]), array([0.14853231]))","(array([0.08806851]), array([0.15253913]))","(array([0.08738572]), array([0.1513565]))","(array([0.08451785]), array([0.14638921]))","(array([0.08193042]), array([0.14190766]))","(array([0.07964106]), array([0.13794236]))","(array([0.08302888]), array([0.14381024]))","(array([0.089715]), array([0.15539093]))","(array([0.09278826]), array([0.16071398]))","(array([0.09238129]), array([0.16000909]))","(array([0.08899396]), array([0.15414206]))"
(0.554762969543821+0j),[-1.42148263e-14],[1.],[0.71339951],[1.],"(array([0.15654589]), array([0.27114543]))","(array([0.0742947]), array([0.1286822]))","(array([0.07762751]), array([0.13445479]))","(array([0.08227718]), array([0.14250826]))","(array([0.08575566]), array([0.14853315]))","(array([0.08806884]), array([0.1525397]))","(array([0.08738595]), array([0.15135691]))","(array([0.08451808]), array([0.1463896]))","(array([0.08193063]), array([0.14190801]))","(array([0.07964124]), array([0.13794268]))","(array([0.08302912]), array([0.14381065]))","(array([0.08971534]), array([0.15539153]))","(array([0.0927886]), array([0.16071457]))","(array([0.09238151]), array([0.16000947]))","(array([0.0889942]), array([0.15414248]))","(array([0.0835492]), array([0.14471147]))"
(0.5746269053119077+0j),[-1.80180981e-14],[1.],[0.64969054],[1.],"(array([0.15108827]), array([0.26169255]))","(array([0.07762846]), array([0.13445644]))","(array([0.08227807]), array([0.1425098]))","(array([0.08575643]), array([0.14853449]))","(array([0.08806949]), array([0.15254083]))","(array([0.08738658]), array([0.15135799]))","(array([0.08451864]), array([0.14639058]))","(array([0.08193116]), array([0.14190893]))","(array([0.07964175]), array([0.13794356]))","(array([0.08302964]), array([0.14381156]))","(array([0.08971588]), array([0.15539246]))","(array([0.09278913]), array([0.16071548]))","(array([0.09238195]), array([0.16001024]))","(array([0.08899454]), array([0.15414306]))","(array([0.0835495]), array([0.14471197]))","(array([0.0768047]), array([0.13302965]))"
(0.5841013709285617+0j),[-1.47299477e-14],[1.],[0.58304642],[1.],"(array([0.14702221]), array([0.25464994]))","(array([0.08227937]), array([0.14251205]))","(array([0.08575771]), array([0.1485367]))","(array([0.08807077]), array([0.15254304]))","(array([0.08738778]), array([0.15136007]))","(array([0.0845198]), array([0.14639259]))","(array([0.08193233]), array([0.14191096]))","(array([0.07964293]), array([0.1379456]))","(array([0.08303084]), array([0.14381364]))","(array([0.08971716]), array([0.15539467]))","(array([0.09279038]), array([0.16071765]))","(array([0.09238312]), array([0.16001226]))","(array([0.08899547]), array([0.15414468]))","(array([0.0835501]), array([0.14471302]))","(array([0.07680503]), array([0.13303021]))","(array([0.0694071]), array([0.12021662]))"
(0.5144557274202837+0j),[-1.4814683e-14],[1.],[0.56019547],[1.],"(array([0.14677774]), array([0.25422651]))","(array([0.08575854]), array([0.14853814]))","(array([0.0880716]), array([0.15254448]))","(array([0.08738866]), array([0.1513616]))","(array([0.08452073]), array([0.14639419]))","(array([0.08193323]), array([0.14191252]))","(array([0.07964377]), array([0.13794705]))","(array([0.08303166]), array([0.14381506]))","(array([0.08971791]), array([0.15539599]))","(array([0.09279102]), array([0.16071876]))","(array([0.09238363]), array([0.16001314]))","(array([0.08899588]), array([0.15414539]))","(array([0.08355042]), array([0.14471357]))","(array([0.07680522]), array([0.13303055]))","(array([0.06940724]), array([0.12021687]))","(array([0.06450205]), array([0.11172084]))"
(0.4502729678498381+0j),[-1.62728721e-14],[1.],[0.53520501],[1.],"(array([0.14755841]), array([0.25557866]))","(array([0.08807203]), array([0.15254524]))","(array([0.08738912]), array([0.1513624]))","(array([0.08452122]), array([0.14639505]))","(array([0.08193375]), array([0.14191342]))","(array([0.07964428]), array([0.13794795]))","(array([0.08303221]), array([0.143816]))","(array([0.08971845]), array([0.15539692]))","(array([0.09279145]), array([0.16071951]))","(array([0.09238401]), array([0.16001379]))","(array([0.0889962]), array([0.15414594]))","(array([0.08355068]), array([0.14471402]))","(array([0.07680542]), array([0.13303089]))","(array([0.06940744]), array([0.12021722]))","(array([0.06450229]), array([0.11172124]))","(array([0.06180367]), array([0.1070471]))"
(0.3913187312583899+0j),[-1.52681258e-14],[1.],[0.50789699],[1.],"(array([0.14692104]), array([0.2544747]))","(array([0.08738948]), array([0.15136302]))","(array([0.08452159]), array([0.14639569]))","(array([0.08193412]), array([0.14191406]))","(array([0.07964465]), array([0.13794858]))","(array([0.08303256]), array([0.14381662]))","(array([0.0897188]), array([0.15539752]))","(array([0.09279178]), array([0.16072008]))","(array([0.09238428]), array([0.16001427]))","(array([0.08899642]), array([0.15414632]))","(array([0.08355089]), array([0.14471439]))","(array([0.07680568]), array([0.13303133]))","(array([0.06940772]), array([0.1202177]))","(array([0.06450254]), array([0.11172168]))","(array([0.06180391]), array([0.10704751]))","(array([0.05885262]), array([0.10193572]))"
(0.3384380989845627+0j),[-1.61946463e-14],[1.],[0.47852099],[1.],"(array([0.14304028]), array([0.24775303]))","(array([0.0845221]), array([0.14639657]))","(array([0.08193465]), array([0.14191498]))","(array([0.07964515]), array([0.13794945]))","(array([0.08303296]), array([0.1438173]))","(array([0.0897191]), array([0.15539804]))","(array([0.09279202]), array([0.16072049]))","(array([0.09238456]), array([0.16001475]))","(array([0.08899682]), array([0.15414702]))","(array([0.08355147]), array([0.14471538]))","(array([0.07680637]), array([0.13303254]))","(array([0.0694084]), array([0.12021888]))","(array([0.06450317]), array([0.11172276]))","(array([0.06180449]), array([0.10704851]))","(array([0.05885315]), array([0.10193665]))","(array([0.05565123]), array([0.09639075]))"
(0.29177361526461115+0j),[-1.54497998e-14],[1.],[0.44719891],[1.],"(array([0.13674596]), array([0.23685095]))","(array([0.08193484]), array([0.14191531]))","(array([0.07964535]), array([0.13794979]))","(array([0.08303311]), array([0.14381756]))","(array([0.08971923]), array([0.15539826]))","(array([0.09279213]), array([0.16072068]))","(array([0.09238465]), array([0.16001492]))","(array([0.08899694]), array([0.15414722]))","(array([0.08355161]), array([0.14471564]))","(array([0.07680654]), array([0.13303283]))","(array([0.06940856]), array([0.12021915]))","(array([0.06450331]), array([0.11172301]))","(array([0.06180462]), array([0.10704874]))","(array([0.05885328]), array([0.10193687]))","(array([0.05565135]), array([0.09639096]))","(array([0.05222428]), array([0.09045511]))"
(0.25097810897323614+0j),[-1.53991228e-14],[1.],[0.41501807],[1.],"(array([0.13057267]), array([0.22615849]))","(array([0.07964558]), array([0.13795019]))","(array([0.08303332]), array([0.14381794]))","(array([0.08971936]), array([0.15539848]))","(array([0.0927922]), array([0.1607208]))","(array([0.09238469]), array([0.16001498]))","(array([0.08899696]), array([0.15414726]))","(array([0.08355166]), array([0.14471571]))","(array([0.07680662]), array([0.13303297]))","(array([0.06940868]), array([0.12021936]))","(array([0.06450343]), array([0.11172322]))","(array([0.06180473]), array([0.10704893]))","(array([0.05885338]), array([0.10193705]))","(array([0.05565145]), array([0.09639114]))","(array([0.05222439]), array([0.0904553]))","(array([0.04863823]), array([0.08424388]))"
(0.2153527693226392+0j),[-1.32119158e-14],[1.],[0.38248218],[1.],"(array([0.12463002]), array([0.21586553]))","(array([0.08303354]), array([0.14381832]))","(array([0.08971951]), array([0.15539875]))","(array([0.0927923]), array([0.16072098]))","(array([0.09238475]), array([0.16001508]))","(array([0.088997]), array([0.15414733]))","(array([0.08355169]), array([0.14471578]))","(array([0.07680667]), array([0.13303305]))","(array([0.06940877]), array([0.12021952]))","(array([0.06450354]), array([0.11172341]))","(array([0.06180483]), array([0.1070491]))","(array([0.05885347]), array([0.1019372]))","(array([0.05565154]), array([0.09639129]))","(array([0.05222448]), array([0.09045545]))","(array([0.04863832]), array([0.08424404]))","(array([0.04498477]), array([0.0779159]))"
(0.18268917303116536+0j),[-1.13403782e-14],[1.],[0.3483946],[1.],"(array([0.12425854]), array([0.2152221]))","(array([0.0897197]), array([0.15539908]))","(array([0.09279245]), array([0.16072125]))","(array([0.09238487]), array([0.16001528]))","(array([0.0889971]), array([0.15414751]))","(array([0.08355178]), array([0.14471593]))","(array([0.07680675]), array([0.13303319]))","(array([0.06940888]), array([0.12021971]))","(array([0.06450367]), array([0.11172364]))","(array([0.06180495]), array([0.10704932]))","(array([0.05885359]), array([0.1019374]))","(array([0.05565165]), array([0.09639148]))","(array([0.05222458]), array([0.09045563]))","(array([0.04863842]), array([0.08424421]))","(array([0.04498486]), array([0.07791606]))","(array([0.04122695]), array([0.07140717]))"
(0.17892640872891993+0j),[-1.14664632e-14],[1.],[0.41026424],[1.],"(array([0.13244376]), array([0.22939932]))","(array([0.09279261]), array([0.16072151]))","(array([0.09238499]), array([0.16001549]))","(array([0.08899723]), array([0.15414772]))","(array([0.08355189]), array([0.14471611]))","(array([0.07680684]), array([0.13303335]))","(array([0.069409]), array([0.12021992]))","(array([0.06450381]), array([0.11172387]))","(array([0.06180508]), array([0.10704955]))","(array([0.05885371]), array([0.10193762]))","(array([0.05565177]), array([0.09639169]))","(array([0.05222471]), array([0.09045584]))","(array([0.04863853]), array([0.08424441]))","(array([0.04498496]), array([0.07791624]))","(array([0.04122705]), array([0.07140734]))","(array([0.04272776]), array([0.07400665]))"
(0.1773444515395361+0j),[-1.0147752e-14],[1.],[0.46950713],[1.],"(array([0.14234709]), array([0.2465524]))","(array([0.09238519]), array([0.16001585]))","(array([0.08899737]), array([0.15414796]))","(array([0.08355199]), array([0.1447163]))","(array([0.07680693]), array([0.13303351]))","(array([0.06940913]), array([0.12022013]))","(array([0.06450395]), array([0.11172412]))","(array([0.06180525]), array([0.10704984]))","(array([0.05885389]), array([0.10193793]))","(array([0.05565194]), array([0.09639199]))","(array([0.05222487]), array([0.09045613]))","(array([0.04863868]), array([0.08424467]))","(array([0.0449851]), array([0.07791648]))","(array([0.04122718]), array([0.07140756]))","(array([0.04272786]), array([0.07400683]))","(array([0.04955863]), array([0.08583806]))"
(0.1782799579389674+0j),[-6.3525472e-15],[1.],[0.52678415],[1.],"(array([0.14851309]), array([0.25723222]))","(array([0.08899752]), array([0.15414822]))","(array([0.08355208]), array([0.14471646]))","(array([0.07680702]), array([0.13303366]))","(array([0.06940922]), array([0.1202203]))","(array([0.06450404]), array([0.11172428]))","(array([0.06180535]), array([0.10705]))","(array([0.05885399]), array([0.1019381]))","(array([0.05565205]), array([0.09639217]))","(array([0.05222497]), array([0.09045631]))","(array([0.04863878]), array([0.08424484]))","(array([0.04498519]), array([0.07791664]))","(array([0.04122726]), array([0.0714077]))","(array([0.04272794]), array([0.07400696]))","(array([0.0495587]), array([0.08583819]))","(array([0.05613245]), array([0.09722426]))"
(0.18236527231092683+0j),[-6.04518398e-15],[1.],[0.5822335],[1.],"(array([0.1514881]), array([0.26238508]))","(array([0.08355222]), array([0.14471668]))","(array([0.07680714]), array([0.13303388]))","(array([0.06940936]), array([0.12022053]))","(array([0.06450418]), array([0.11172452]))","(array([0.06180548]), array([0.10705024]))","(array([0.05885413]), array([0.10193834]))","(array([0.05565219]), array([0.09639242]))","(array([0.05222511]), array([0.09045655]))","(array([0.04863892]), array([0.08424507]))","(array([0.04498532]), array([0.07791685]))","(array([0.04122737]), array([0.0714079]))","(array([0.04272806]), array([0.07400716]))","(array([0.04955884]), array([0.08583842]))","(array([0.05613258]), array([0.09722449]))","(array([0.06249524]), array([0.10824494]))"
(0.22929175880968372+0j),[-1.39126929e-16],[1.],[0.70052271],[1.],"(array([0.15600879]), array([0.27021516]))","(array([0.07680742]), array([0.13303435]))","(array([0.06940961]), array([0.12022097]))","(array([0.06450442]), array([0.11172493]))","(array([0.06180572]), array([0.10705064]))","(array([0.05885435]), array([0.10193873]))","(array([0.0556524]), array([0.09639278]))","(array([0.0522253]), array([0.09045688]))","(array([0.04863908]), array([0.08424536]))","(array([0.04498545]), array([0.07791708]))","(array([0.04122747]), array([0.07140808]))","(array([0.04272816]), array([0.07400735]))","(array([0.04955899]), array([0.08583869]))","(array([0.0561328]), array([0.09722486]))","(array([0.06249551]), array([0.1082454]))","(array([0.07246368]), array([0.12551078]))"
(0.285883514197383+0j),[4.96770153e-15],[1.],[0.79005579],[1.],"(array([0.16102157]), array([0.27889754]))","(array([0.0694099]), array([0.12022147]))","(array([0.06450464]), array([0.11172532]))","(array([0.06180589]), array([0.10705094]))","(array([0.05885449]), array([0.10193896]))","(array([0.05565252]), array([0.09639299]))","(array([0.05222542]), array([0.09045707]))","(array([0.04863919]), array([0.08424555]))","(array([0.04498555]), array([0.07791727]))","(array([0.04122759]), array([0.07140827]))","(array([0.04272829]), array([0.07400758]))","(array([0.04955916]), array([0.08583898]))","(array([0.05613299]), array([0.09722518]))","(array([0.06249572]), array([0.10824576]))","(array([0.0724639]), array([0.12551116]))","(array([0.08422345]), array([0.14587929]))"
(0.34812961146794696+0j),[9.53900953e-15],[1.],[0.84683094],[1.],"(array([0.16189349]), array([0.28040776]))","(array([0.06450516]), array([0.11172622]))","(array([0.0618063]), array([0.10705165]))","(array([0.05885478]), array([0.10193947]))","(array([0.05565277]), array([0.09639343]))","(array([0.05222566]), array([0.0904575]))","(array([0.04863943]), array([0.08424596]))","(array([0.04498578]), array([0.07791766]))","(array([0.04122782]), array([0.07140869]))","(array([0.04272857]), array([0.07400805]))","(array([0.04955951]), array([0.08583959]))","(array([0.05613338]), array([0.09722586]))","(array([0.06249611]), array([0.10824644]))","(array([0.07246427]), array([0.12551179]))","(array([0.08422378]), array([0.14587986]))","(array([0.09249459]), array([0.16020533]))"
(0.41193896154267573+0j),[2.83901776e-15],[1.],[0.86911872],[1.],"(array([0.16144232]), array([0.27962629]))","(array([0.06180679]), array([0.1070525]))","(array([0.05885518]), array([0.10194016]))","(array([0.05565312]), array([0.09639404]))","(array([0.05222598]), array([0.09045804]))","(array([0.04863969]), array([0.08424642]))","(array([0.04498599]), array([0.07791802]))","(array([0.041228]), array([0.07140899]))","(array([0.04272872]), array([0.07400832]))","(array([0.04955964]), array([0.08583981]))","(array([0.05613349]), array([0.09722606]))","(array([0.06249625]), array([0.10824668]))","(array([0.07246448]), array([0.12551216]))","(array([0.08422409]), array([0.1458804]))","(array([0.09249486]), array([0.16020579]))","(array([0.09694454]), array([0.16791287]))"
(0.40277519329582245+0j),[6.24627401e-15],[1.],[0.84518214],[1.],"(array([0.15836916]), array([0.27430344]))","(array([0.05885622]), array([0.10194196]))","(array([0.05565404]), array([0.09639562]))","(array([0.05222677]), array([0.09045942]))","(array([0.04864037]), array([0.08424759]))","(array([0.04498658]), array([0.07791904]))","(array([0.04122854]), array([0.07140993]))","(array([0.04272908]), array([0.07400894]))","(array([0.04955974]), array([0.08583999]))","(array([0.0561334]), array([0.0972259]))","(array([0.06249603]), array([0.10824631]))","(array([0.07246428]), array([0.12551182]))","(array([0.08422416]), array([0.14588053]))","(array([0.09249518]), array([0.16020634]))","(array([0.09694479]), array([0.16791331]))","(array([0.09656457]), array([0.16725474]))"
(0.39527977271581444+0j),[6.66776739e-15],[1.],[0.82271028],[1.],"(array([0.15274167]), array([0.26455634]))","(array([0.05565591]), array([0.09639887]))","(array([0.05222846]), array([0.09046234]))","(array([0.04864189]), array([0.08425022]))","(array([0.04498798]), array([0.07792146]))","(array([0.04122982]), array([0.07141213]))","(array([0.04272994]), array([0.07401043]))","(array([0.04955999]), array([0.08584042]))","(array([0.05613306]), array([0.09722531]))","(array([0.06249519]), array([0.10824485]))","(array([0.07246302]), array([0.12550963]))","(array([0.08422279]), array([0.14587815]))","(array([0.09249412]), array([0.16020451]))","(array([0.09694418]), array([0.16791224]))","(array([0.09656437]), array([0.1672544]))","(array([0.09388631]), array([0.16261586]))"
(0.3889759290809195+0j),[1.01866222e-14],[1.],[0.80173028],[1.],"(array([0.14700322]), array([0.25461705]))","(array([0.05223252]), array([0.09046939]))","(array([0.04864565]), array([0.08425673]))","(array([0.04499144]), array([0.07792746]))","(array([0.04123297]), array([0.07141759]))","(array([0.04273219]), array([0.07401432]))","(array([0.04956088]), array([0.08584196]))","(array([0.05613271]), array([0.09722471]))","(array([0.06249382]), array([0.10824248]))","(array([0.07246071]), array([0.12550563]))","(array([0.08422003]), array([0.14587337]))","(array([0.09249167]), array([0.16020027]))","(array([0.09694248]), array([0.1679093]))","(array([0.09656339]), array([0.1672527]))","(array([0.09388586]), array([0.16261508]))","(array([0.09134556]), array([0.15821516]))"
(0.3835487325728302+0j),[9.93036586e-15],[1.],[0.78234141],[1.],"(array([0.14119873]), array([0.24456337]))","(array([0.04865366]), array([0.0842706]))","(array([0.04499889]), array([0.07794036]))","(array([0.04123985]), array([0.07142951]))","(array([0.0427375]), array([0.07402351]))","(array([0.04956383]), array([0.08584706]))","(array([0.05613349]), array([0.09722605]))","(array([0.06249272]), array([0.10824057]))","(array([0.07245777]), array([0.12550055]))","(array([0.08421594]), array([0.14586628]))","(array([0.09248767]), array([0.16019334]))","(array([0.09693936]), array([0.1679039]))","(array([0.09656125]), array([0.16724899]))","(array([0.09388449]), array([0.16261271]))","(array([0.09134504]), array([0.15821424]))","(array([0.08896018]), array([0.15408356]))"
(0.36047390672608+0j),[1.12825413e-14],[1.],[0.75394642],[1.],"(array([0.13481708]), array([0.23351002]))","(array([0.04501284]), array([0.07796453]))","(array([0.04125284]), array([0.07145202]))","(array([0.04274802]), array([0.07404175]))","(array([0.04957071]), array([0.08585899]))","(array([0.056137]), array([0.09723213]))","(array([0.06249316]), array([0.10824133]))","(array([0.07245503]), array([0.1254958]))","(array([0.08421076]), array([0.14585732]))","(array([0.09248191]), array([0.16018336]))","(array([0.0969344]), array([0.1678953]))","(array([0.09655746]), array([0.16724243]))","(array([0.09388169]), array([0.16260786]))","(array([0.09134332]), array([0.15821126]))","(array([0.08895966]), array([0.15408265]))","(array([0.08614992]), array([0.14921603]))"
(0.3399757370179628+0j),[1.03103401e-14],[1.],[0.72895259],[1.],"(array([0.12804738]), array([0.22178456]))","(array([0.0412742]), array([0.07148902]))","(array([0.04276595]), array([0.0740728]))","(array([0.04958363]), array([0.08588137]))","(array([0.05614519]), array([0.09724632]))","(array([0.06249683]), array([0.10824769]))","(array([0.07245373]), array([0.12549353]))","(array([0.08420513]), array([0.14584756]))","(array([0.09247434]), array([0.16017026]))","(array([0.09692702]), array([0.16788253]))","(array([0.09655126]), array([0.1672317]))","(array([0.09387667]), array([0.16259917]))","(array([0.09133967]), array([0.15820494]))","(array([0.08895754]), array([0.15407897]))","(array([0.08614909]), array([0.1492146]))","(array([0.08301289]), array([0.14378254]))"
(0.3217636850219175+0j),[7.90429715e-15],[1.],[0.70722922],[1.],"(array([0.12162941]), array([0.21066831]))","(array([0.04278964]), array([0.07411384]))","(array([0.04960174]), array([0.08591273]))","(array([0.05615776]), array([0.09726809]))","(array([0.06250391]), array([0.10825995]))","(array([0.07245457]), array([0.125495]))","(array([0.0842002]), array([0.14583903]))","(array([0.09246625]), array([0.16015625]))","(array([0.0969183]), array([0.16786742]))","(array([0.09654342]), array([0.1672181]))","(array([0.09386997]), array([0.16258756]))","(array([0.09133442]), array([0.15819585]))","(array([0.08895397]), array([0.15407279]))","(array([0.08614697]), array([0.14921093]))","(array([0.08301179]), array([0.14378064]))","(array([0.08032837]), array([0.13913282]))"
(0.3046040476444103+0j),[7.12580363e-15],[1.],[0.6878656],[1.],"(array([0.12085372]), array([0.20932479]))","(array([0.04962263]), array([0.08594891]))","(array([0.056173]), array([0.09729449]))","(array([0.06251343]), array([0.10827643]))","(array([0.07245747]), array([0.12550001]))","(array([0.0841967]), array([0.14583296]))","(array([0.09245884]), array([0.1601434]))","(array([0.09690955]), array([0.16785226]))","(array([0.09653514]), array([0.16720376]))","(array([0.09386267]), array([0.16257491]))","(array([0.09132839]), array([0.1581854]))","(array([0.08894952]), array([0.15406508]))","(array([0.08614393]), array([0.14920567]))","(array([0.08300978]), array([0.14377716]))","(array([0.08032725]), array([0.13913087]))","(array([0.07803972]), array([0.13516877]))"
(0.3079150118361254+0j),[6.00555288e-15],[1.],[0.69230749],[1.],"(array([0.12686206]), array([0.21973153]))","(array([0.05619112]), array([0.09732587]))","(array([0.06252567]), array([0.10829763]))","(array([0.07246269]), array([0.12550906]))","(array([0.08419486]), array([0.14582977]))","(array([0.09245233]), array([0.16013213]))","(array([0.09690101]), array([0.16783748]))","(array([0.09652663]), array([0.16718903]))","(array([0.09385488]), array([0.16256142]))","(array([0.09132167]), array([0.15817377]))","(array([0.0889442]), array([0.15405587]))","(array([0.08613994]), array([0.14919876]))","(array([0.08300685]), array([0.14377207]))","(array([0.08032524]), array([0.1391274]))","(array([0.07803843]), array([0.13516652]))","(array([0.07721815]), array([0.13374575]))"
(0.3097444333084088+0j),[1.00544491e-14],[1.],[0.6951375],[1.],"(array([0.13384251]), array([0.23182203]))","(array([0.06254065]), array([0.10832359]))","(array([0.07247039]), array([0.12552239]))","(array([0.08419487]), array([0.14582979]))","(array([0.09244685]), array([0.16012264]))","(array([0.09689271]), array([0.16782309]))","(array([0.09651784]), array([0.1671738]))","(array([0.09384655]), array([0.16254698]))","(array([0.0913142]), array([0.15816083]))","(array([0.08893797]), array([0.15404508]))","(array([0.08613493]), array([0.14919008]))","(array([0.08300284]), array([0.14376513]))","(array([0.08032222]), array([0.13912216]))","(array([0.07803623]), array([0.13516272]))","(array([0.07721698]), array([0.13374373]))","(array([0.07763272]), array([0.13446382]))"
(0.31013718244466104+0j),[9.7600369e-15],[1.],[0.69696677],[1.],"(array([0.14043108]), array([0.24323376]))","(array([0.07248179]), array([0.12554214]))","(array([0.08419762]), array([0.14583455]))","(array([0.09244281]), array([0.16011565]))","(array([0.09688457]), array([0.16780899]))","(array([0.09650842]), array([0.16715749]))","(array([0.09383718]), array([0.16253076]))","(array([0.09130543]), array([0.15814564]))","(array([0.08893024]), array([0.1540317]))","(array([0.08612832]), array([0.14917862]))","(array([0.08299718]), array([0.14375534]))","(array([0.08031753]), array([0.13911405]))","(array([0.07803247]), array([0.13515621]))","(array([0.07721441]), array([0.13373929]))","(array([0.07763159]), array([0.13446185]))","(array([0.07787336]), array([0.13488062]))"
(0.308124675903863+0j),[9.15786018e-15],[1.],[0.69776819],[1.],"(array([0.15046602]), array([0.2606148]))","(array([0.08420422]), array([0.145846]))","(array([0.092441]), array([0.1601125]))","(array([0.09687692]), array([0.16779575]))","(array([0.0964984]), array([0.16714014]))","(array([0.09382662]), array([0.16251247]))","(array([0.09129504]), array([0.15812765]))","(array([0.08892062]), array([0.15401503]))","(array([0.08611965]), array([0.1491636]))","(array([0.08298941]), array([0.14374188]))","(array([0.0803107]), array([0.13910221]))","(array([0.07802659]), array([0.13514602]))","(array([0.07720984]), array([0.13373137]))","(array([0.07762863]), array([0.13445673]))","(array([0.07787187]), array([0.13487803]))","(array([0.07797103]), array([0.13504979]))"
(0.2641586174268018+0j),[9.99820121e-15],[1.],[0.65178638],[1.],"(array([0.15967808]), array([0.27657055]))","(array([0.09244198]), array([0.16011421]))","(array([0.09687037]), array([0.16778439]))","(array([0.09648828]), array([0.1671226]))","(array([0.09381531]), array([0.16249288]))","(array([0.09128346]), array([0.1581076]))","(array([0.08890944]), array([0.15399566]))","(array([0.08610918]), array([0.14914547]))","(array([0.08297971]), array([0.14372507]))","(array([0.08030183]), array([0.13908684]))","(array([0.07801865]), array([0.13513226]))","(array([0.07720322]), array([0.1337199]))","(array([0.07762368]), array([0.13444815]))","(array([0.07786846]), array([0.13487212]))","(array([0.07796915]), array([0.13504653]))","(array([0.07546502]), array([0.13070925]))"
(0.22226661791650154+0j),[9.88567792e-15],[1.],[0.60389486],[1.],"(array([0.16261037]), array([0.28164942]))","(array([0.09686503]), array([0.16777515]))","(array([0.09647804]), array([0.16710487]))","(array([0.09380331]), array([0.1624721]))","(array([0.09127068]), array([0.15808545]))","(array([0.08889659]), array([0.15397341]))","(array([0.08609679]), array([0.14912401]))","(array([0.08296797]), array([0.14370475]))","(array([0.08029086]), array([0.13906786]))","(array([0.07800858]), array([0.13511482]))","(array([0.07719446]), array([0.13370472]))","(array([0.07761665]), array([0.13443599]))","(array([0.07786314]), array([0.13486292]))","(array([0.07796543]), array([0.13504009]))","(array([0.07546202]), array([0.13070405]))","(array([0.07016647]), array([0.12153189]))"
(0.18307768718700812+0j),[7.76779517e-15],[1.],[0.55444425],[1.],"(array([0.16151655]), array([0.27975488]))","(array([0.0964676]), array([0.16708678]))","(array([0.09379049]), array([0.16244989]))","(array([0.09125653]), array([0.15806094]))","(array([0.08888196]), array([0.15394807]))","(array([0.08608239]), array([0.14909907]))","(array([0.08295416]), array([0.14368083]))","(array([0.0802778]), array([0.13904522]))","(array([0.07799642]), array([0.13509375]))","(array([0.07718363]), array([0.13368596]))","(array([0.07760766]), array([0.13442041]))","(array([0.07785608]), array([0.13485069]))","(array([0.07796016]), array([0.13503095]))","(array([0.0754575]), array([0.13069622]))","(array([0.07016174]), array([0.12152371]))","(array([0.06465774]), array([0.11199049]))"
(0.14825263324241383+0j),[5.70070464e-15],[1.],[0.50499415],[1.],"(array([0.1555164]), array([0.2693623]))","(array([0.09377658]), array([0.1624258]))","(array([0.09124081]), array([0.15803372]))","(array([0.0888654]), array([0.1539194]))","(array([0.08606588]), array([0.14907047]))","(array([0.08293819]), array([0.14365317]))","(array([0.0802626]), array([0.1390189]))","(array([0.07798219]), array([0.13506912]))","(array([0.07717079]), array([0.13366373]))","(array([0.07759674]), array([0.13440149]))","(array([0.07784723]), array([0.13483535]))","(array([0.07795327]), array([0.13501903]))","(array([0.07545145]), array([0.13068575]))","(array([0.07015546]), array([0.12151283]))","(array([0.06465142]), array([0.11197955]))","(array([0.0590604]), array([0.10229561]))"
(0.1320125938016441+0j),[6.32488783e-15],[1.],[0.4979065],[1.],"(array([0.14954954]), array([0.2590274]))","(array([0.09122336]), array([0.15800349]))","(array([0.08884669]), array([0.15388699]))","(array([0.08604699]), array([0.14903776]))","(array([0.08291979]), array([0.1436213]))","(array([0.08024499]), array([0.1389884]))","(array([0.07796562]), array([0.13504041]))","(array([0.07715568]), array([0.13363755]))","(array([0.07758364]), array([0.13437881]))","(array([0.07783636]), array([0.13481653]))","(array([0.07794461]), array([0.13500403]))","(array([0.07544373]), array([0.13067237]))","(array([0.07014745]), array([0.12149895]))","(array([0.06464335]), array([0.11196557]))","(array([0.05905256]), array([0.10228203]))","(array([0.0557889]), array([0.09662921]))"
(0.11830630829291089+0j),[6.51904928e-15],[1.],[0.49293945],[1.],"(array([0.14624784]), array([0.25330869]))","(array([0.08882604]), array([0.15385121]))","(array([0.08602583]), array([0.14900111]))","(array([0.08289897]), array([0.14358523]))","(array([0.0802249]), array([0.1389536]))","(array([0.07794658]), array([0.13500743]))","(array([0.07713813]), array([0.13360717]))","(array([0.07756819]), array([0.13435204]))","(array([0.07782326]), array([0.13479383]))","(array([0.07793392]), array([0.13498551]))","(array([0.07543406]), array([0.13065562]))","(array([0.07013747]), array([0.12148167]))","(array([0.06463332]), array([0.1119482]))","(array([0.05904279]), array([0.10226512]))","(array([0.05578018]), array([0.0966141]))","(array([0.05504416]), array([0.09533928]))"
(0.10690231061418055+0j),[5.34024833e-15],[1.],[0.48966387],[1.],"(array([0.14331001]), array([0.24822022]))","(array([0.0860031]), array([0.14896173]))","(array([0.08287621]), array([0.14354581]))","(array([0.08020261]), array([0.13891499]))","(array([0.07792517]), array([0.13497035]))","(array([0.07711806]), array([0.13357241]))","(array([0.07755005]), array([0.13432063]))","(array([0.07780739]), array([0.13476636]))","(array([0.07792039]), array([0.13496207]))","(array([0.07542162]), array([0.13063408]))","(array([0.07012483]), array([0.12145976]))","(array([0.06462063]), array([0.11192622]))","(array([0.05903033]), array([0.10224353]))","(array([0.05576886]), array([0.09659449]))","(array([0.05503476]), array([0.09532299]))","(array([0.0545063]), array([0.09440768]))"
(0.0978108360994839+0j),[4.95814511e-15],[1.],[0.48808627],[1.],"(array([0.14012595]), array([0.24270527]))","(array([0.08285256]), array([0.14350484]))","(array([0.08017892]), array([0.13887397]))","(array([0.07790197]), array([0.13493017]))","(array([0.07709576]), array([0.13353378]))","(array([0.07752921]), array([0.13428453]))","(array([0.0777884]), array([0.13473347]))","(array([0.07790341]), array([0.13493266]))","(array([0.07540572]), array([0.13060655]))","(array([0.07010885]), array([0.12143209]))","(array([0.06460464]), array([0.11189851]))","(array([0.05901457]), array([0.10221624]))","(array([0.05575428]), array([0.09656924]))","(array([0.05502224]), array([0.09530131]))","(array([0.05449586]), array([0.0943896]))","(array([0.05414631]), array([0.09378416]))"
(0.1069884306748383+0j),[2.89486438e-15],[1.],[0.53766455],[1.],"(array([0.13956083]), array([0.24172645]))","(array([0.08015539]), array([0.1388332]))","(array([0.07787832]), array([0.1348892]))","(array([0.07707232]), array([0.13349318]))","(array([0.07750646]), array([0.13424513]))","(array([0.07776683]), array([0.13469611]))","(array([0.07788333]), array([0.13489788]))","(array([0.07538658]), array([0.13057339]))","(array([0.0700897]), array([0.12139892]))","(array([0.0645855]), array([0.11186537]))","(array([0.0589957]), array([0.10218356]))","(array([0.0557366]), array([0.09653862]))","(array([0.05500662]), array([0.09527426]))","(array([0.05448242]), array([0.09436632]))","(array([0.05413507]), array([0.09376469]))","(array([0.05673191]), array([0.09826255]))"
(0.11864524655490107+0j),[9.74831848e-16],[1.],[0.5838981],[1.],"(array([0.14217402]), array([0.24625263]))","(array([0.07785798]), array([0.13485398]))","(array([0.0770512]), array([0.13345659]))","(array([0.07748483]), array([0.13420767]))","(array([0.07774526]), array([0.13465875]))","(array([0.07786232]), array([0.1348615]))","(array([0.07536616]), array([0.13053801]))","(array([0.07006933]), array([0.12136364]))","(array([0.06456515]), array([0.11183012]))","(array([0.05897558]), array([0.1021487]))","(array([0.05571748]), array([0.0965055]))","(array([0.05498929]), array([0.09524424]))","(array([0.05446705]), array([0.09433969]))","(array([0.05412174]), array([0.09374161]))","(array([0.05672123]), array([0.09824405]))","(array([0.06203903]), array([0.10745475]))"
(0.13225719322547824+0j),[6.76835885e-16],[1.],[0.62623039],[1.],"(array([0.14485669]), array([0.25089915]))","(array([0.07703667]), array([0.13343142]))","(array([0.0774683]), array([0.13417903]))","(array([0.07772733]), array([0.13462768]))","(array([0.07784362]), array([0.13482911]))","(array([0.07534744]), array([0.1305056]))","(array([0.07005073]), array([0.12133142]))","(array([0.06454654]), array([0.11179789]))","(array([0.05895704]), array([0.10211659]))","(array([0.05569949]), array([0.09647435]))","(array([0.05497242]), array([0.09521503]))","(array([0.05445156]), array([0.09431287]))","(array([0.05410782]), array([0.0937175]))","(array([0.05670947]), array([0.09822368]))","(array([0.06202992]), array([0.10743898]))","(array([0.06701232]), array([0.11606875]))"
(0.14702646590528987+0j),[2.81540396e-15],[1.],[0.66374704],[1.],"(array([0.14850522]), array([0.25721859]))","(array([0.07745944]), array([0.13416369]))","(array([0.0777156]), array([0.13460738]))","(array([0.07782972]), array([0.13480503]))","(array([0.07533282]), array([0.13048028]))","(array([0.07003619]), array([0.12130625]))","(array([0.06453189]), array([0.11177251]))","(array([0.05894221]), array([0.1020909]))","(array([0.0556846]), array([0.09644856]))","(array([0.05495778]), array([0.09518967]))","(array([0.05443749]), array([0.09428849]))","(array([0.05409461]), array([0.09369461]))","(array([0.05669768]), array([0.09820326]))","(array([0.06202013]), array([0.10742201]))","(array([0.06700461]), array([0.11605539]))","(array([0.07147539]), array([0.12379901]))"
(0.16814912605296758+0j),[3.07431483e-15],[1.],[0.7069081],[1.],"(array([0.15344403]), array([0.26577285]))","(array([0.0777123]), array([0.13460165]))","(array([0.07782294]), array([0.13479328]))","(array([0.07532457]), array([0.13046599]))","(array([0.0700279]), array([0.12129188]))","(array([0.06452326]), array([0.11175757]))","(array([0.05893308]), array([0.1020751]))","(array([0.05567472]), array([0.09643144]))","(array([0.05494716]), array([0.09517127]))","(array([0.05442648]), array([0.09426944]))","(array([0.05408359]), array([0.09367553]))","(array([0.05668712]), array([0.09818498]))","(array([0.06201065]), array([0.10740559]))","(array([0.06699661]), array([0.11604153]))","(array([0.07146895]), array([0.12378785]))","(array([0.07598543]), array([0.13161062]))"
(0.1896455887133589+0j),[2.84186467e-15],[1.],[0.74263643],[1.],"(array([0.15804286]), array([0.27373827]))","(array([0.07782444]), array([0.13479588]))","(array([0.07532388]), array([0.13046479]))","(array([0.07002692]), array([0.12129018]))","(array([0.06452165]), array([0.11175478]))","(array([0.05893057]), array([0.10207074]))","(array([0.05567064]), array([0.09642437]))","(array([0.05494136]), array([0.09516123]))","(array([0.05441934]), array([0.09425706]))","(array([0.05407551]), array([0.09366153]))","(array([0.05667846]), array([0.09816997]))","(array([0.062002]), array([0.10739061]))","(array([0.0669887]), array([0.11602784]))","(array([0.07146219]), array([0.12377615]))","(array([0.07597998]), array([0.13160119]))","(array([0.08032612]), array([0.13912892]))"
(0.21106701964348965+0j),[4.02290322e-15],[1.],[0.77130198],[1.],"(array([0.16173535]), array([0.28013385]))","(array([0.0753253]), array([0.13046725]))","(array([0.07002788]), array([0.12129184]))","(array([0.06452175]), array([0.11175494]))","(array([0.0589295]), array([0.10206889]))","(array([0.05566778]), array([0.09641942]))","(array([0.05493648]), array([0.09515277]))","(array([0.05441283]), array([0.09424578]))","(array([0.05406781]), array([0.09364819]))","(array([0.05666988]), array([0.09815512]))","(array([0.06199316]), array([0.1073753]))","(array([0.06698046]), array([0.11601356]))","(array([0.07145512]), array([0.1237639]))","(array([0.07597428]), array([0.13159131]))","(array([0.08032202]), array([0.13912182]))","(array([0.08390895]), array([0.14533456]))"
(0.2326798891672292+0j),[3.54202495e-15],[1.],[0.79436408],[1.],"(array([0.16222169]), array([0.28097621]))","(array([0.07002558]), array([0.12128787]))","(array([0.06451861]), array([0.11174951]))","(array([0.05892527]), array([0.10206157]))","(array([0.05566196]), array([0.09640934]))","(array([0.05492891]), array([0.09513967]))","(array([0.05440394]), array([0.09423039]))","(array([0.05405807]), array([0.09363132]))","(array([0.0566597]), array([0.09813748]))","(array([0.06198319]), array([0.10735803]))","(array([0.06697146]), array([0.11599797]))","(array([0.07144763]), array([0.12375092]))","(array([0.07596855]), array([0.13158139]))","(array([0.08031806]), array([0.13911497]))","(array([0.08390698]), array([0.14533116]))","(array([0.08689932]), array([0.15051403]))"
(0.2244224740278658+0j),[2.74633814e-15],[1.],[0.77491412],[1.],"(array([0.15721897]), array([0.27231125]))","(array([0.06451343]), array([0.11174055]))","(array([0.05891902]), array([0.10205073]))","(array([0.05565423]), array([0.09639595]))","(array([0.05491964]), array([0.0951236]))","(array([0.05439357]), array([0.09421243]))","(array([0.05404707]), array([0.09361228]))","(array([0.05664854]), array([0.09811814]))","(array([0.06197252]), array([0.10733955]))","(array([0.06696199]), array([0.11598157]))","(array([0.07143987]), array([0.12373748]))","(array([0.07596283]), array([0.13157149]))","(array([0.08031435]), array([0.13910853]))","(array([0.08390512]), array([0.14532793]))","(array([0.08689945]), array([0.15051426]))","(array([0.0871981]), array([0.15103153]))"
(0.21782764943133578+0j),[2.61804842e-15],[1.],[0.7585339],[1.],"(array([0.14986331]), array([0.25957086]))","(array([0.05891178]), array([0.10203819]))","(array([0.05564558]), array([0.09638097]))","(array([0.05490961]), array([0.09510624]))","(array([0.05438262]), array([0.09419346]))","(array([0.05403564]), array([0.09359248]))","(array([0.0566371]), array([0.09809834]))","(array([0.06196173]), array([0.10732087]))","(array([0.0669525]), array([0.11596513]))","(array([0.07143216]), array([0.12372413]))","(array([0.07595724]), array([0.13156179]))","(array([0.08031085]), array([0.13910247]))","(array([0.08390345]), array([0.14532504]))","(array([0.08689963]), array([0.15051457]))","(array([0.08719953]), array([0.15103402]))","(array([0.0853563]), array([0.14784145]))"
(0.21263850521001645+0j),[9.97172844e-16],[1.],[0.74498681],[1.],"(array([0.14275324]), array([0.24725586]))","(array([0.05563696]), array([0.09636605]))","(array([0.05489973]), array([0.09508912]))","(array([0.05437191]), array([0.09417491]))","(array([0.05402454]), array([0.09357325]))","(array([0.05662609]), array([0.09807927]))","(array([0.06195144]), array([0.10730304]))","(array([0.06694349]), array([0.11594953]))","(array([0.07142486]), array([0.12371149]))","(array([0.07595198]), array([0.13155268]))","(array([0.08030763]), array([0.1390969]))","(array([0.08390204]), array([0.1453226]))","(array([0.08689991]), array([0.15051506]))","(array([0.08720097]), array([0.15103651]))","(array([0.08535821]), array([0.14784475]))","(array([0.08384903]), array([0.14523077]))"
(0.20821009843375266+0j),[7.38438586e-17],[1.],[0.73333541],[1.],"(array([0.13821901]), array([0.23940235]))","(array([0.05489044]), array([0.09507303]))","(array([0.05436189]), array([0.09415755]))","(array([0.05401418]), array([0.0935553]))","(array([0.05661585]), array([0.09806153]))","(array([0.0619419]), array([0.10728653]))","(array([0.06693518]), array([0.11593514]))","(array([0.07141817]), array([0.1236999]))","(array([0.07594718]), array([0.13154437]))","(array([0.08030473]), array([0.13909187]))","(array([0.08390083]), array([0.14532051]))","(array([0.08690026]), array([0.15051567]))","(array([0.08720237]), array([0.15103893]))","(array([0.08536008]), array([0.147848]))","(array([0.08385112]), array([0.1452344]))","(array([0.08259069]), array([0.14305127]))"
(0.20374561693977672+0j),[5.17952332e-16],[1.],[0.72236],[1.],"(array([0.13633235]), array([0.23613456]))","(array([0.05435299]), array([0.09414214]))","(array([0.05400495]), array([0.09353931]))","(array([0.0566067]), array([0.09804568]))","(array([0.06193336]), array([0.10727172]))","(array([0.06692772]), array([0.11592222]))","(array([0.07141215]), array([0.12368947]))","(array([0.07594285]), array([0.13153687]))","(array([0.08030211]), array([0.13908734]))","(array([0.08389976]), array([0.14531865]))","(array([0.08690059]), array([0.15051623]))","(array([0.08720361]), array([0.15104109]))","(array([0.08536178]), array([0.14785094]))","(array([0.08385309]), array([0.14523781]))","(array([0.08259273]), array([0.1430548]))","(array([0.08145057]), array([0.14107652]))"
(0.19944819050224716+0j),[-9.83750333e-16],[1.],[0.71242566],[1.],"(array([0.13470581]), array([0.2333173]))","(array([0.0539968]), array([0.0935252]))","(array([0.05659854]), array([0.09803155]))","(array([0.06192566]), array([0.10725839]))","(array([0.06692094]), array([0.11591047]))","(array([0.07140662]), array([0.12367989]))","(array([0.07593881]), array([0.13152988]))","(array([0.08029964]), array([0.13908306]))","(array([0.08389873]), array([0.14531687]))","(array([0.08690083]), array([0.15051665]))","(array([0.08720468]), array([0.15104293]))","(array([0.08536326]), array([0.14785351]))","(array([0.08385488]), array([0.14524092]))","(array([0.08259466]), array([0.14305814]))","(array([0.08145248]), array([0.14107984]))","(array([0.08036099]), array([0.13918932]))"
(0.19528107330014316+0j),[-1.46654128e-16],[1.],[0.70349197],[1.],"(array([0.13332859]), array([0.2309319]))","(array([0.05659302]), array([0.09802198]))","(array([0.06191993]), array([0.10724846]))","(array([0.06691546]), array([0.11590098]))","(array([0.07140179]), array([0.12367153]))","(array([0.07593498]), array([0.13152325]))","(array([0.08029701]), array([0.1390785]))","(array([0.08389728]), array([0.14531435]))","(array([0.08690047]), array([0.15051603]))","(array([0.08720504]), array([0.15104356]))","(array([0.08536402]), array([0.14785482]))","(array([0.08385598]), array([0.14524281]))","(array([0.08259599]), array([0.14306045]))","(array([0.0814539]), array([0.1410823]))","(array([0.08036241]), array([0.13919177]))","(array([0.07933716]), array([0.13741599]))"
(0.19067653649400956+0j),[-2.09809161e-15],[1.],[0.69461102],[1.],"(array([0.13493751]), array([0.23371863]))","(array([0.06191815]), array([0.10724538]))","(array([0.06691285]), array([0.11589646]))","(array([0.07139882]), array([0.12366639]))","(array([0.07593207]), array([0.13151821]))","(array([0.0802945]), array([0.13907415]))","(array([0.08389538]), array([0.14531106]))","(array([0.0868993]), array([0.15051399]))","(array([0.0872044]), array([0.15104245]))","(array([0.08536367]), array([0.14785421]))","(array([0.08385592]), array([0.14524271]))","(array([0.08259619]), array([0.1430608]))","(array([0.0814543]), array([0.14108299]))","(array([0.0803629]), array([0.13919263]))","(array([0.07933771]), array([0.13741694]))","(array([0.07834548]), array([0.13569835]))"
(0.1839331668636653+0j),[-1.48610416e-15],[1.],[0.68278789],[1.],"(array([0.13909898]), array([0.2409265]))","(array([0.06691408]), array([0.11589859]))","(array([0.07139866]), array([0.1236661]))","(array([0.07593092]), array([0.13151621]))","(array([0.08029279]), array([0.13907119]))","(array([0.0838935]), array([0.14530781]))","(array([0.08689758]), array([0.15051103]))","(array([0.08720292]), array([0.15103988]))","(array([0.08536231]), array([0.14785185]))","(array([0.08385475]), array([0.14524068]))","(array([0.08259525]), array([0.14305917]))","(array([0.08145359]), array([0.14108175]))","(array([0.08036239]), array([0.13919175]))","(array([0.07933735]), array([0.13741632]))","(array([0.07834523]), array([0.13569793]))","(array([0.07717828]), array([0.1336767]))"
(0.17650458674573383+0j),[-1.6174687e-15],[1.],[0.67055694],[1.],"(array([0.14271046]), array([0.24718177]))","(array([0.07140196]), array([0.12367182]))","(array([0.07593228]), array([0.13151856]))","(array([0.0802926]), array([0.13907086]))","(array([0.08389227]), array([0.14530568]))","(array([0.08689583]), array([0.150508]))","(array([0.08720097]), array([0.1510365]))","(array([0.08536025]), array([0.14784829]))","(array([0.08385273]), array([0.14523718]))","(array([0.08259337]), array([0.14305591]))","(array([0.0814519]), array([0.14107884]))","(array([0.08036095]), array([0.13918924]))","(array([0.07933616]), array([0.13741425]))","(array([0.07834426]), array([0.13569623]))","(array([0.07717746]), array([0.13367528]))","(array([0.07579136]), array([0.13127448]))"
(0.16855160889510484+0j),[-2.26801025e-15],[1.],[0.65810089],[1.],"(array([0.14578107]), array([0.25250023]))","(array([0.07593589]), array([0.13152482]))","(array([0.08029398]), array([0.13907326]))","(array([0.08389198]), array([0.14530517]))","(array([0.08689445]), array([0.1505056]))","(array([0.087199]), array([0.15103311]))","(array([0.08535797]), array([0.14784435]))","(array([0.08385034]), array([0.14523304]))","(array([0.08259102]), array([0.14305184]))","(array([0.0814497]), array([0.14107501]))","(array([0.08035895]), array([0.13918579]))","(array([0.07933443]), array([0.13741126]))","(array([0.07834281]), array([0.13569373]))","(array([0.07717624]), array([0.13367317]))","(array([0.07579031]), array([0.13127266]))","(array([0.07437347]), array([0.12881862]))"
(0.16010072394421027+0j),[-3.91493382e-15],[1.],[0.64534758],[1.],"(array([0.14889932]), array([0.25790118]))","(array([0.0802966]), array([0.13907779]))","(array([0.08389254]), array([0.14530615]))","(array([0.08689356]), array([0.15050405]))","(array([0.08719728]), array([0.15103012]))","(array([0.08535579]), array([0.14784057]))","(array([0.08384795]), array([0.14522891]))","(array([0.08258859]), array([0.14304764]))","(array([0.08144735]), array([0.14107095]))","(array([0.08035678]), array([0.13918202]))","(array([0.07933251]), array([0.13740793]))","(array([0.07834118]), array([0.13569091]))","(array([0.07717487]), array([0.1336708]))","(array([0.07578913]), array([0.13127062]))","(array([0.07437244]), array([0.12881685]))","(array([0.07295883]), array([0.12636841]))"
(0.1743599517199727+0j),[-7.72289372e-15],[1.],[0.67864108],[1.],"(array([0.15442553]), array([0.26747286]))","(array([0.08389414]), array([0.14530891]))","(array([0.08689337]), array([0.15050372]))","(array([0.08719599]), array([0.15102789]))","(array([0.08535392]), array([0.14783732]))","(array([0.08384575]), array([0.14522511]))","(array([0.08258628]), array([0.14304364]))","(array([0.08144506]), array([0.14106698]))","(array([0.0803546]), array([0.13917825]))","(array([0.07933054]), array([0.13740453]))","(array([0.07833949]), array([0.13568798]))","(array([0.07717344]), array([0.13366832]))","(array([0.0757879]), array([0.13126849]))","(array([0.07437137]), array([0.12881499]))","(array([0.07295791]), array([0.12636681]))","(array([0.07412595]), array([0.1283899]))"
(0.18774741972590844+0j),[-6.67541725e-15],[1.],[0.7064675],[1.],"(array([0.16151404]), array([0.27975053]))","(array([0.08689406]), array([0.15050493]))","(array([0.08719555]), array([0.15102712]))","(array([0.08535282]), array([0.14783543]))","(array([0.08384428]), array([0.14522255]))","(array([0.08258462]), array([0.14304076]))","(array([0.08144335]), array([0.14106402]))","(array([0.08035295]), array([0.13917539]))","(array([0.07932903]), array([0.13740191]))","(array([0.07833817]), array([0.13568569]))","(array([0.0771723]), array([0.13366634]))","(array([0.07578691]), array([0.13126677]))","(array([0.07437051]), array([0.1288135]))","(array([0.07295717]), array([0.12636553]))","(array([0.07412552]), array([0.12838917]))","(array([0.07761855]), array([0.13443927]))"
(0.200181893558582+0j),[-5.54596254e-15],[1.],[0.72950305],[1.],"(array([0.16744919]), array([0.2900305]))","(array([0.08719628]), array([0.1510284]))","(array([0.08535293]), array([0.1478356]))","(array([0.08384394]), array([0.14522197]))","(array([0.08258402]), array([0.14303973]))","(array([0.08144262]), array([0.14106276]))","(array([0.08035219]), array([0.13917408]))","(array([0.07932831]), array([0.13740067]))","(array([0.07833753]), array([0.13568458]))","(array([0.07717173]), array([0.13366536]))","(array([0.0757864]), array([0.1312659]))","(array([0.07437006]), array([0.12881273]))","(array([0.07295678]), array([0.12636485]))","(array([0.0741253]), array([0.12838878]))","(array([0.0776186]), array([0.13443937]))","(array([0.08055461]), array([0.13952468]))"
(0.21228449293963347+0j),[-3.73899211e-15],[1.],[0.74922304],[1.],"(array([0.17016916]), array([0.29474163]))","(array([0.08535449]), array([0.14783831]))","(array([0.08384502]), array([0.14522384]))","(array([0.08258475]), array([0.14304098]))","(array([0.08144311]), array([0.14106361]))","(array([0.08035254]), array([0.13917469]))","(array([0.0793286]), array([0.13740116]))","(array([0.07833779]), array([0.13568503]))","(array([0.07717197]), array([0.13366577]))","(array([0.0757866]), array([0.13126625]))","(array([0.07437022]), array([0.128813]))","(array([0.07295689]), array([0.12636504]))","(array([0.07412541]), array([0.12838897]))","(array([0.07761879]), array([0.1344397]))","(array([0.08055488]), array([0.13952514]))","(array([0.08297181]), array([0.1437114]))"
(0.20583176960798164+0j),[-3.90315127e-15],[1.],[0.73938459],[1.],"(array([0.16885202]), array([0.29246027]))","(array([0.08384764]), array([0.14522837]))","(array([0.08258697]), array([0.14304482]))","(array([0.081445]), array([0.14106688]))","(array([0.08035419]), array([0.13917754]))","(array([0.07933008]), array([0.13740373]))","(array([0.07833914]), array([0.13568738]))","(array([0.07717321]), array([0.13366792]))","(array([0.07578772]), array([0.13126818]))","(array([0.0743712]), array([0.12881469]))","(array([0.07295772]), array([0.12636647]))","(array([0.07412604]), array([0.12839006]))","(array([0.07761924]), array([0.13444046]))","(array([0.08055524]), array([0.13952577]))","(array([0.08297209]), array([0.14371188]))","(array([0.08349529]), array([0.14461808]))"
(0.20025017772873152+0j),[-6.12894653e-15],[1.],[0.73135605],[1.],"(array([0.16631083]), array([0.28805881]))","(array([0.08259084]), array([0.14305152]))","(array([0.0814485]), array([0.14107294]))","(array([0.08035736]), array([0.13918302]))","(array([0.07933296]), array([0.13740872]))","(array([0.07834179]), array([0.13569197]))","(array([0.07717565]), array([0.13367215]))","(array([0.07578995]), array([0.13127204]))","(array([0.07437319]), array([0.12881814]))","(array([0.07295944]), array([0.12636947]))","(array([0.07412736]), array([0.12839235]))","(array([0.07762008]), array([0.13444192]))","(array([0.08055575]), array([0.13952665]))","(array([0.08297237]), array([0.14371237]))","(array([0.08349538]), array([0.14461825]))","(array([0.08245978]), array([0.14282453]))"
(0.19542176733050612+0j),[-7.11661441e-15],[1.],[0.72477709],[1.],"(array([0.1642725]), array([0.28452831]))","(array([0.08145244]), array([0.14107977]))","(array([0.08036098]), array([0.1391893]))","(array([0.07933628]), array([0.13741447]))","(array([0.07834485]), array([0.13569725]))","(array([0.07717847]), array([0.13367702]))","(array([0.07579253]), array([0.13127651]))","(array([0.07437551]), array([0.12882217]))","(array([0.07296149]), array([0.12637301]))","(array([0.07412896]), array([0.12839512]))","(array([0.07762111]), array([0.13444371]))","(array([0.08055632]), array([0.13952764]))","(array([0.08297264]), array([0.14371283]))","(array([0.08349547]), array([0.14461839]))","(array([0.08245973]), array([0.14282445]))","(array([0.08167824]), array([0.14147086]))"
(0.1912676611494447+0j),[-5.90604339e-15],[1.],[0.71938601],[1.],"(array([0.16255573]), array([0.28155478]))","(array([0.08036394]), array([0.13919442]))","(array([0.079339]), array([0.13741918]))","(array([0.07834734]), array([0.13570158]))","(array([0.07718076]), array([0.133681]))","(array([0.07579463]), array([0.13128015]))","(array([0.07437741]), array([0.12882546]))","(array([0.07296317]), array([0.12637591]))","(array([0.07413028]), array([0.12839742]))","(array([0.07762198]), array([0.13444522]))","(array([0.08055681]), array([0.13952849]))","(array([0.08297286]), array([0.14371321]))","(array([0.08349556]), array([0.14461856]))","(array([0.08245975]), array([0.14282449]))","(array([0.08167819]), array([0.14147077]))","(array([0.08110092]), array([0.14047092]))"
(0.16050441398560417+0j),[-2.80771602e-15],[1.],[0.66512694],[1.],"(array([0.1582154]), array([0.27403711]))","(array([0.07934125]), array([0.13742308]))","(array([0.07834941]), array([0.13570516]))","(array([0.07718266]), array([0.13368429]))","(array([0.07579637]), array([0.13128316]))","(array([0.07437898]), array([0.12882817]))","(array([0.07296455]), array([0.12637831]))","(array([0.07413138]), array([0.12839932]))","(array([0.07762272]), array([0.1344465]))","(array([0.08055723]), array([0.13952922]))","(array([0.08297306]), array([0.14371355]))","(array([0.08349565]), array([0.14461871]))","(array([0.0824598]), array([0.14282456]))","(array([0.08167819]), array([0.14147078]))","(array([0.08110089]), array([0.14047086]))","(array([0.07784929]), array([0.13483892]))"
(0.13380932399464768+0j),[-2.08310846e-15],[1.],[0.61214941],[1.],"(array([0.15118534]), array([0.26186068]))","(array([0.0783512]), array([0.13570825]))","(array([0.07718429]), array([0.13368712]))","(array([0.07579785]), array([0.13128573]))","(array([0.07438031]), array([0.12883047]))","(array([0.07296572]), array([0.12638033]))","(array([0.07413231]), array([0.12840092]))","(array([0.07762334]), array([0.13444757]))","(array([0.08055759]), array([0.13952983]))","(array([0.08297323]), array([0.14371385]))","(array([0.08349575]), array([0.14461888]))","(array([0.08245987]), array([0.14282469]))","(array([0.08167825]), array([0.14147087]))","(array([0.08110091]), array([0.14047089]))","(array([0.07784928]), array([0.13483891]))","(array([0.07184237]), array([0.12443464]))"
(0.11078592813992358+0j),[-1.47226341e-15],[1.],[0.56068281],[1.],"(array([0.14429875]), array([0.24993276]))","(array([0.07718617]), array([0.13369036]))","(array([0.07579956]), array([0.13128869]))","(array([0.07438185]), array([0.12883315]))","(array([0.07296709]), array([0.1263827]))","(array([0.07413341]), array([0.12840283]))","(array([0.07762409]), array([0.13444887]))","(array([0.08055804]), array([0.13953061]))","(array([0.08297346]), array([0.14371424]))","(array([0.08349586]), array([0.14461908]))","(array([0.08245995]), array([0.14282483]))","(array([0.0816783]), array([0.14147097]))","(array([0.08110094]), array([0.14047095]))","(array([0.07784928]), array([0.13483891]))","(array([0.07184232]), array([0.12443455]))","(array([0.06594565]), array([0.11422121]))"
(0.0910822416528514+0j),[-2.97566975e-15],[1.],[0.51097959],[1.],"(array([0.13740317]), array([0.23798927]))","(array([0.07580196]), array([0.13129284]))","(array([0.07438401]), array([0.12883689]))","(array([0.07296899]), array([0.126386]))","(array([0.07413491]), array([0.12840544]))","(array([0.07762508]), array([0.13445059]))","(array([0.08055859]), array([0.13953156]))","(array([0.08297366]), array([0.14371459]))","(array([0.08349587]), array([0.14461909]))","(array([0.08245989]), array([0.14282471]))","(array([0.08167819]), array([0.14147077]))","(array([0.08110079]), array([0.14047069]))","(array([0.0778491]), array([0.13483859]))","(array([0.07184209]), array([0.12443416]))","(array([0.06594536]), array([0.11422072]))","(array([0.06021449]), array([0.10429455]))"
(0.14135032535240397+0j),[7.24062809e-16],[1.],[0.64962308],[1.],"(array([0.14113571]), array([0.24445422]))","(array([0.07438696]), array([0.12884199]))","(array([0.0729716]), array([0.12639052]))","(array([0.074137]), array([0.12840904]))","(array([0.07762647]), array([0.13445298]))","(array([0.08055936]), array([0.1395329]))","(array([0.08297392]), array([0.14371505]))","(array([0.08349585]), array([0.14461905]))","(array([0.08245973]), array([0.14282444]))","(array([0.08167794]), array([0.14147033]))","(array([0.08110047]), array([0.14047013]))","(array([0.07784874]), array([0.13483797]))","(array([0.07184169]), array([0.12443345]))","(array([0.06594489]), array([0.1142199]))","(array([0.06021394]), array([0.10429361]))","(array([0.0653315]), array([0.11315748]))"
(0.2000395977141011+0j),[7.56382347e-15],[1.],[0.75862992],[1.],"(array([0.15361985]), array([0.26607739]))","(array([0.07297487]), array([0.12639619]))","(array([0.07413964]), array([0.12841363]))","(array([0.07762828]), array([0.13445613]))","(array([0.08056038]), array([0.13953467]))","(array([0.08297429]), array([0.14371569]))","(array([0.08349583]), array([0.14461902]))","(array([0.08245952]), array([0.14282407]))","(array([0.08167758]), array([0.14146972]))","(array([0.0811]), array([0.14046932]))","(array([0.07784822]), array([0.13483707]))","(array([0.07184112]), array([0.12443247]))","(array([0.06594427]), array([0.11421883]))","(array([0.06021326]), array([0.10429243]))","(array([0.06533088]), array([0.11315641]))","(array([0.07923079]), array([0.13723175]))"
(0.263168094286549+0j),[-1.9102794e-15],[1.],[0.83656426],[1.],"(array([0.16268728]), array([0.28178264]))","(array([0.07414293]), array([0.12841933]))","(array([0.07763069]), array([0.1344603]))","(array([0.08056188]), array([0.13953727]))","(array([0.082975]), array([0.14371691]))","(array([0.08349601]), array([0.14461933]))","(array([0.08245939]), array([0.14282386]))","(array([0.08167722]), array([0.1414691]))","(array([0.08109947]), array([0.1404684]))","(array([0.07784761]), array([0.13483602]))","(array([0.07184048]), array([0.12443135]))","(array([0.06594357]), array([0.11421761]))","(array([0.06021249]), array([0.10429109]))","(array([0.06533016]), array([0.11315515]))","(array([0.07923028]), array([0.13723087]))","(array([0.08971056]), array([0.15538326]))"
(0.32631584846981726+0j),[-4.4025001e-15],[1.],[0.8831271],[1.],"(array([0.17076896]), array([0.29578052]))","(array([0.07763404]), array([0.1344661]))","(array([0.08056422]), array([0.13954133]))","(array([0.08297635]), array([0.14371926]))","(array([0.08349664]), array([0.14462043]))","(array([0.08245955]), array([0.14282414]))","(array([0.08167701]), array([0.14146874]))","(array([0.08109898]), array([0.14046755]))","(array([0.07784699]), array([0.13483494]))","(array([0.07183981]), array([0.1244302]))","(array([0.06594283]), array([0.11421633]))","(array([0.06021166]), array([0.10428965]))","(array([0.06532932]), array([0.1131537]))","(array([0.07922965]), array([0.13722977]))","(array([0.08971023]), array([0.15538268]))","(array([0.09662492]), array([0.16735927]))"
(0.34886326795529615+0j),[-7.44348086e-15],[1.],[0.88143335],[1.],"(array([0.17652155]), array([0.3057443]))","(array([0.08056769]), array([0.13954734]))","(array([0.08297873]), array([0.14372338]))","(array([0.08349813]), array([0.14462301]))","(array([0.08246041]), array([0.14282562]))","(array([0.08167735]), array([0.14146932]))","(array([0.08109888]), array([0.14046739]))","(array([0.07784667]), array([0.1348344]))","(array([0.07183943]), array([0.12442954]))","(array([0.06594236]), array([0.11421553]))","(array([0.06021108]), array([0.10428865]))","(array([0.06532863]), array([0.11315251]))","(array([0.07922902]), array([0.13722869]))","(array([0.0897098]), array([0.15538193]))","(array([0.09662487]), array([0.16735919]))","(array([0.0988858]), array([0.17127523]))"
(0.3679123313097454+0j),[-5.6365266e-15],[1.],[0.87382005],[1.],"(array([0.17880829]), array([0.30970505]))","(array([0.08298241]), array([0.14372976]))","(array([0.08350081]), array([0.14462764]))","(array([0.08246229]), array([0.14282887]))","(array([0.08167853]), array([0.14147137]))","(array([0.08109946]), array([0.14046839]))","(array([0.07784692]), array([0.13483482]))","(array([0.07183958]), array([0.12442981]))","(array([0.06594242]), array([0.11421562]))","(array([0.06021099]), array([0.1042885]))","(array([0.06532831]), array([0.11315196]))","(array([0.07922859]), array([0.13722794]))","(array([0.08970942]), array([0.15538127]))","(array([0.09662476]), array([0.16735899]))","(array([0.09888607]), array([0.17127569]))","(array([0.09823881]), array([0.17015461]))"
(0.3835481041718788+0j),[-8.30470295e-15],[1.],[0.86169904],[1.],"(array([0.18003404]), array([0.31182811]))","(array([0.08350459]), array([0.14463419]))","(array([0.08246516]), array([0.14283385]))","(array([0.08168058]), array([0.14147492]))","(array([0.08110074]), array([0.14047061]))","(array([0.07784779]), array([0.13483632]))","(array([0.07184032]), array([0.12443109]))","(array([0.06594301]), array([0.11421664]))","(array([0.06021141]), array([0.10428922]))","(array([0.06532838]), array([0.11315207]))","(array([0.07922839]), array([0.1372276]))","(array([0.08970912]), array([0.15538076]))","(array([0.09662462]), array([0.16735875]))","(array([0.0988863]), array([0.17127609]))","(array([0.0982394]), array([0.17015563]))","(array([0.09705004]), array([0.1680956]))"
(0.39641739451523467+0j),[-1.05366161e-14],[1.],[0.84662674],[1.],"(array([0.17903551]), array([0.31009859]))","(array([0.08246847]), array([0.14283958]))","(array([0.081683]), array([0.14147911]))","(array([0.08110235]), array([0.14047339]))","(array([0.07784895]), array([0.13483834]))","(array([0.07184134]), array([0.12443285]))","(array([0.06594394]), array([0.11421826]))","(array([0.06021202]), array([0.10429028]))","(array([0.06532862]), array([0.11315249]))","(array([0.07922835]), array([0.13722753]))","(array([0.08970893]), array([0.15538042]))","(array([0.09662453]), array([0.1673586]))","(array([0.09888655]), array([0.17127652]))","(array([0.09824002]), array([0.17015671]))","(array([0.09705103]), array([0.16809731]))","(array([0.09552961]), array([0.16546214]))"
(0.417562881930009+0j),[-8.70864514e-15],[1.],[0.83307623],[1.],"(array([0.1764272]), array([0.30558088]))","(array([0.08168598]), array([0.14148427]))","(array([0.08110447]), array([0.14047707]))","(array([0.07785061]), array([0.13484121]))","(array([0.07184282]), array([0.12443542]))","(array([0.0659453]), array([0.1142206]))","(array([0.06021303]), array([0.10429202]))","(array([0.06532919]), array([0.11315348]))","(array([0.07922853]), array([0.13722785]))","(array([0.08970889]), array([0.15538036]))","(array([0.09662453]), array([0.16735859]))","(array([0.09888682]), array([0.171277]))","(array([0.09824066]), array([0.17015782]))","(array([0.09705204]), array([0.16809906]))","(array([0.09553096]), array([0.16546448]))","(array([0.09395834]), array([0.16274062]))"
(0.43547138633007704+0j),[-1.105685e-14],[1.],[0.81461054],[1.],"(array([0.17394908]), array([0.30128865]))","(array([0.08110729]), array([0.14048194]))","(array([0.07785302]), array([0.13484538]))","(array([0.07184496]), array([0.12443912]))","(array([0.06594716]), array([0.11422384]))","(array([0.06021459]), array([0.10429473]))","(array([0.06533031]), array([0.11315542]))","(array([0.07922916]), array([0.13722893]))","(array([0.08970918]), array([0.15538086]))","(array([0.09662466]), array([0.16735881]))","(array([0.09888704]), array([0.17127738]))","(array([0.09824113]), array([0.17015862]))","(array([0.0970528]), array([0.16810038]))","(array([0.09553202]), array([0.16546632]))","(array([0.09395969]), array([0.16274295]))","(array([0.09226346]), array([0.159805]))"
(0.45008317549759885+0j),[-1.25227659e-14],[1.],[0.79249218],[1.],"(array([0.17117255]), array([0.29647956]))","(array([0.0778561]), array([0.13485071]))","(array([0.07184777]), array([0.12444399]))","(array([0.06594969]), array([0.11422821]))","(array([0.0602168]), array([0.10429856]))","(array([0.06533203]), array([0.11315839]))","(array([0.07923025]), array([0.13723081]))","(array([0.08970973]), array([0.1553818]))","(array([0.09662482]), array([0.1673591]))","(array([0.09888712]), array([0.17127751]))","(array([0.09824129]), array([0.17015891]))","(array([0.09705315]), array([0.16810099]))","(array([0.09553261]), array([0.16546734]))","(array([0.09396053]), array([0.1627444]))","(array([0.09226456]), array([0.1598069]))","(array([0.09006569]), array([0.15599835]))"
(0.46238534470762555+0j),[-1.22030444e-14],[1.],[0.76810598],[1.],"(array([0.16528101]), array([0.28627512]))","(array([0.07185218]), array([0.12445163]))","(array([0.06595373]), array([0.11423522]))","(array([0.06022045]), array([0.10430489]))","(array([0.06533505]), array([0.11316362]))","(array([0.07923238]), array([0.13723451]))","(array([0.08971095]), array([0.15538393]))","(array([0.0966252]), array([0.16735976]))","(array([0.09888709]), array([0.17127746]))","(array([0.0982411]), array([0.17015859]))","(array([0.09705296]), array([0.16810065]))","(array([0.09553255]), array([0.16546723]))","(array([0.09396069]), array([0.16274469]))","(array([0.09226498]), array([0.15980763]))","(array([0.0900664]), array([0.15599959]))","(array([0.08742305]), array([0.15142117]))"
(0.42387724694399515+0j),[-1.0839276e-14],[1.],[0.73462324],[1.],"(array([0.15597747]), array([0.2701609]))","(array([0.06595932]), array([0.11424489]))","(array([0.06022554]), array([0.10431369]))","(array([0.06533939]), array([0.11317115]))","(array([0.07923566]), array([0.13724019]))","(array([0.08971301]), array([0.1553875]))","(array([0.09662597]), array([0.16736108]))","(array([0.09888712]), array([0.17127751]))","(array([0.09824071]), array([0.1701579]))","(array([0.09705233]), array([0.16809957]))","(array([0.09553187]), array([0.16546606]))","(array([0.09396013]), array([0.16274372]))","(array([0.09226466]), array([0.15980707]))","(array([0.09006641]), array([0.1559996]))","(array([0.08742346]), array([0.15142187]))","(array([0.08411987]), array([0.14569989]))"
(0.39018487343958286+0j),[-1.23032468e-14],[1.],[0.70522131],[1.],"(array([0.14644203]), array([0.25364504]))","(array([0.06023194]), array([0.10432478]))","(array([0.06534497]), array([0.1131808]))","(array([0.07924003]), array([0.13724776]))","(array([0.08971592]), array([0.15539253]))","(array([0.09662722]), array([0.16736325]))","(array([0.09888733]), array([0.17127788]))","(array([0.09824023]), array([0.17015706]))","(array([0.09705137]), array([0.16809791]))","(array([0.09553068]), array([0.16546399]))","(array([0.09395892]), array([0.16274163]))","(array([0.09226362]), array([0.15980528]))","(array([0.09006567]), array([0.15599832]))","(array([0.08742313]), array([0.15142131]))","(array([0.08411994]), array([0.1457]))","(array([0.08047616]), array([0.13938879]))"
(0.3607446069985213+0j),[-1.46100959e-14],[1.],[0.67968189],[1.],"(array([0.13749067]), array([0.23814083]))","(array([0.06535186]), array([0.11319274]))","(array([0.07924566]), array([0.13725751]))","(array([0.08971989]), array([0.15539941]))","(array([0.09662923]), array([0.16736673]))","(array([0.09888794]), array([0.17127894]))","(array([0.09823983]), array([0.17015638]))","(array([0.09705022]), array([0.16809591]))","(array([0.09552906]), array([0.16546119]))","(array([0.09395713]), array([0.16273852]))","(array([0.0922619]), array([0.1598023]))","(array([0.09006421]), array([0.15599578]))","(array([0.08742207]), array([0.15141947]))","(array([0.08411932]), array([0.14569893]))","(array([0.08047584]), array([0.13938824]))","(array([0.0772513]), array([0.13380318]))"
(0.3325349762121552+0j),[-1.67877763e-14],[1.],[0.65626849],[1.],"(array([0.13973605]), array([0.24202994]))","(array([0.07925251]), array([0.13726937]))","(array([0.08972502]), array([0.1554083]))","(array([0.09663228]), array([0.16737201]))","(array([0.09888931]), array([0.17128131]))","(array([0.09823992]), array([0.17015653]))","(array([0.09704928]), array([0.16809429]))","(array([0.09552742]), array([0.16545834]))","(array([0.09395509]), array([0.16273499]))","(array([0.09225976]), array([0.1597986]))","(array([0.0900622]), array([0.15599231]))","(array([0.08742042]), array([0.1514166]))","(array([0.08411812]), array([0.14569686]))","(array([0.08047499]), array([0.13938677]))","(array([0.07725074]), array([0.13380221]))","(array([0.07437792]), array([0.12882633]))"
(0.3814958290985847+0j),[-1.71629491e-14],[1.],[0.69908251],[1.],"(array([0.15473658]), array([0.26801162]))","(array([0.08973135]), array([0.15541926]))","(array([0.09663661]), array([0.16737952]))","(array([0.09889186]), array([0.17128573]))","(array([0.09824101]), array([0.17015843]))","(array([0.09704913]), array([0.16809403]))","(array([0.09552632]), array([0.16545644]))","(array([0.09395335]), array([0.16273198]))","(array([0.09225769]), array([0.15979501]))","(array([0.09006009]), array([0.15598864]))","(array([0.08741852]), array([0.15141332]))","(array([0.08411658]), array([0.1456942]))","(array([0.08047376]), array([0.13938464]))","(array([0.07724979]), array([0.13380057]))","(array([0.07437719]), array([0.12882508]))","(array([0.07548176]), array([0.13073824]))"
(0.4261508841916109+0j),[-1.76430223e-14],[1.],[0.71610565],[1.],"(array([0.16833178]), array([0.2915592]))","(array([0.09664253]), array([0.16738978]))","(array([0.09889597]), array([0.17129284]))","(array([0.0982435]), array([0.17016273]))","(array([0.09705017]), array([0.16809582]))","(array([0.09552617]), array([0.16545617]))","(array([0.0939523]), array([0.16273015]))","(array([0.09225606]), array([0.15979219]))","(array([0.09005823]), array([0.15598543]))","(array([0.08741674]), array([0.15141024]))","(array([0.08411503]), array([0.14569151]))","(array([0.08047243]), array([0.13938234]))","(array([0.07724867]), array([0.13379863]))","(array([0.07437626]), array([0.12882346]))","(array([0.07548125]), array([0.13073736]))","(array([0.07860104]), array([0.13614099]))"
(0.4646917810252429+0j),[-2.56220756e-14],[1.],[0.71286945],[1.],"(array([0.17589563]), array([0.30466016]))","(array([0.09890089]), array([0.17130137]))","(array([0.0982466]), array([0.17016811]))","(array([0.09705168]), array([0.16809844]))","(array([0.09552639]), array([0.16545656]))","(array([0.09395141]), array([0.16272861]))","(array([0.09225441]), array([0.15978932]))","(array([0.09005626]), array([0.15598202]))","(array([0.08741486]), array([0.15140698]))","(array([0.08411341]), array([0.14568871]))","(array([0.08047104]), array([0.13937993]))","(array([0.0772475]), array([0.1337966]))","(array([0.07437528]), array([0.12882177]))","(array([0.07548076]), array([0.13073651]))","(array([0.07860134]), array([0.13614151]))","(array([0.07925782]), array([0.13727858]))"
(0.4971033740738198+0j),[-2.45426894e-14],[1.],[0.69398402],[1.],"(array([0.1769517]), array([0.30648933]))","(array([0.0982496]), array([0.17017329]))","(array([0.0970529]), array([0.16810056]))","(array([0.09552607]), array([0.165456]))","(array([0.09394982]), array([0.16272587]))","(array([0.09225202]), array([0.15978519]))","(array([0.09005362]), array([0.15597745]))","(array([0.08741233]), array([0.1514026]))","(array([0.08411122]), array([0.14568491]))","(array([0.08046914]), array([0.13937664]))","(array([0.0772459]), array([0.13379382]))","(array([0.07437396]), array([0.12881947]))","(array([0.07548003]), array([0.13073525]))","(array([0.07860172]), array([0.13614217]))","(array([0.07925931]), array([0.13728116]))","(array([0.07805898]), array([0.13520212]))"
(0.5108083523924777+0j),[-1.41262353e-14],[1.],[0.6663079],[1.],"(array([0.1736964]), array([0.30085098]))","(array([0.09705353]), array([0.16810164]))","(array([0.09552505]), array([0.16545424]))","(array([0.09394758]), array([0.16272198]))","(array([0.09224911]), array([0.15978015]))","(array([0.09005058]), array([0.15597218]))","(array([0.08740962]), array([0.15139791]))","(array([0.08410899]), array([0.14568105]))","(array([0.08046728]), array([0.13937343]))","(array([0.07724439]), array([0.13379121]))","(array([0.07437278]), array([0.12881744]))","(array([0.07547956]), array([0.13073443]))","(array([0.07860251]), array([0.13614354]))","(array([0.07926138]), array([0.13728473]))","(array([0.07806207]), array([0.13520748]))","(array([0.07545767]), array([0.13069652]))"
(0.5203845722372468+0j),[-9.97302879e-15],[1.],[0.63583651],[1.],"(array([0.16938529]), array([0.29338393]))","(array([0.09552386]), array([0.16545217]))","(array([0.09394516]), array([0.16271779]))","(array([0.09224601]), array([0.15977477]))","(array([0.09004736]), array([0.15596661]))","(array([0.08740681]), array([0.15139303]))","(array([0.08410668]), array([0.14567704]))","(array([0.08046534]), array([0.13937006]))","(array([0.07724279]), array([0.13378844]))","(array([0.07437153]), array([0.12881527]))","(array([0.07547914]), array([0.1307337]))","(array([0.0786035]), array([0.13614526]))","(array([0.07926373]), array([0.1372888]))","(array([0.07806551]), array([0.13521342]))","(array([0.07546185]), array([0.13070375]))","(array([0.07234617]), array([0.12530724]))"
(0.5260796888071528+0j),[-3.25794724e-16],[1.],[0.60397307],[1.],"(array([0.16454253]), array([0.28499602]))","(array([0.09394299]), array([0.16271402]))","(array([0.0922431]), array([0.15976974]))","(array([0.09004435]), array([0.1559614]))","(array([0.08740418]), array([0.15138849]))","(array([0.08410443]), array([0.14567314]))","(array([0.08046341]), array([0.13936671]))","(array([0.0772412]), array([0.13378568]))","(array([0.07437027]), array([0.12881309]))","(array([0.07547864]), array([0.13073284]))","(array([0.07860431]), array([0.13614666]))","(array([0.07926589]), array([0.13729255]))","(array([0.07806881]), array([0.13521914]))","(array([0.07546586]), array([0.1307107]))","(array([0.07235064]), array([0.12531498]))","(array([0.06903581]), array([0.11957353]))"
(0.5280876825769131+0j),[-2.07390503e-15],[1.],[0.57216918],[1.],"(array([0.1595294]), array([0.27631302]))","(array([0.09224073]), array([0.15976564]))","(array([0.09004184]), array([0.15595705]))","(array([0.08740196]), array([0.15138464]))","(array([0.08410243]), array([0.14566969]))","(array([0.08046176]), array([0.13936385]))","(array([0.07723988]), array([0.1337834]))","(array([0.07436925]), array([0.12881133]))","(array([0.07547828]), array([0.13073221]))","(array([0.07860509]), array([0.13614802]))","(array([0.07926789]), array([0.13729602]))","(array([0.07807186]), array([0.13522442]))","(array([0.07546956]), array([0.13071711]))","(array([0.07235474]), array([0.12532208]))","(array([0.06904018]), array([0.11958109]))","(array([0.06560637]), array([0.11363357]))"
(0.4674722509838063+0j),[-1.46639833e-15],[1.],[0.5533864],[1.],"(array([0.15522024]), array([0.26884934]))","(array([0.09003982]), array([0.15595355]))","(array([0.0874]), array([0.15138123]))","(array([0.0841008]), array([0.14566687]))","(array([0.08046051]), array([0.1393617]))","(array([0.07723898]), array([0.13378185]))","(array([0.07436864]), array([0.12881027]))","(array([0.07547829]), array([0.13073224]))","(array([0.07860613]), array([0.13614981]))","(array([0.07926999]), array([0.13729965]))","(array([0.07807484]), array([0.13522959]))","(array([0.07547311]), array([0.13072326]))","(array([0.07235864]), array([0.12532885]))","(array([0.06904429]), array([0.11958823]))","(array([0.06561046]), array([0.11364064]))","(array([0.06298832]), array([0.10909897]))"
(0.41203920093299123+0j),[-2.48088007e-15],[1.],[0.53483213],[1.],"(array([0.15095225]), array([0.26145697]))","(array([0.08739782]), array([0.15137746]))","(array([0.08409896]), array([0.14566366]))","(array([0.08045902]), array([0.13935911]))","(array([0.0772378]), array([0.13377979]))","(array([0.07436774]), array([0.1288087]))","(array([0.07547807]), array([0.13073186]))","(array([0.078607]), array([0.13615133]))","(array([0.07927195]), array([0.13730304]))","(array([0.07807777]), array([0.13523466]))","(array([0.07547672]), array([0.13072952]))","(array([0.07236273]), array([0.12533592]))","(array([0.06904866]), array([0.11959578]))","(array([0.06561472]), array([0.11364803]))","(array([0.06299233]), array([0.10910591]))","(array([0.06092137]), array([0.10551891]))"
(0.36169384266853527+0j),[-6.6030258e-16],[1.],[0.51654959],[1.],"(array([0.14619539]), array([0.25321784]))","(array([0.08409676]), array([0.14565987]))","(array([0.08045717]), array([0.13935591]))","(array([0.07723625]), array([0.13377711]))","(array([0.07436646]), array([0.12880649]))","(array([0.07547749]), array([0.13073085]))","(array([0.07860759]), array([0.13615234]))","(array([0.0792737]), array([0.13730607]))","(array([0.07808053]), array([0.13523945]))","(array([0.07548027]), array([0.13073566]))","(array([0.07236688]), array([0.12534311]))","(array([0.06905322]), array([0.11960369]))","(array([0.06561926]), array([0.1136559]))","(array([0.06299655]), array([0.10911322]))","(array([0.06092536]), array([0.10552581]))","(array([0.058806]), array([0.10185497]))"
(0.31700942741337834+0j),[-7.36403528e-16],[1.],[0.49848142],[1.],"(array([0.14080452]), array([0.24388059]))","(array([0.08045518]), array([0.13935246]))","(array([0.07723453]), array([0.13377413]))","(array([0.074365]), array([0.12880395]))","(array([0.0754766]), array([0.13072931]))","(array([0.07860769]), array([0.13615252]))","(array([0.07927487]), array([0.13730811]))","(array([0.07808272]), array([0.13524324]))","(array([0.07548322]), array([0.13074078]))","(array([0.07237035]), array([0.12534913]))","(array([0.06905705]), array([0.11961031]))","(array([0.06562327]), array([0.11366285]))","(array([0.0630005]), array([0.10912007]))","(array([0.06092911]), array([0.10553232]))","(array([0.05880954]), array([0.10186111]))","(array([0.05671164]), array([0.09822744]))"
(0.29341281566745653+0j),[-5.02598312e-15],[1.],[0.50498541],[1.],"(array([0.13642367]), array([0.23629272]))","(array([0.07723349]), array([0.13377233]))","(array([0.07436409]), array([0.12880238]))","(array([0.07547606]), array([0.13072838]))","(array([0.07860783]), array([0.13615276]))","(array([0.07927575]), array([0.13730963]))","(array([0.0780844]), array([0.13524615]))","(array([0.07548556]), array([0.13074482]))","(array([0.07237315]), array([0.12535398]))","(array([0.06906017]), array([0.11961573]))","(array([0.06562663]), array([0.11366865]))","(array([0.06300389]), array([0.10912593]))","(array([0.06093237]), array([0.10553796]))","(array([0.05881264]), array([0.10186648]))","(array([0.05671457]), array([0.09823252]))","(array([0.05597305]), array([0.09694816]))"
(0.2738020363181189+0j),[-6.45994677e-15],[1.],[0.51360954],[1.],"(array([0.13403274]), array([0.23215151]))","(array([0.07436457]), array([0.12880322]))","(array([0.07547664]), array([0.13072937]))","(array([0.07860863]), array([0.13615415]))","(array([0.07927685]), array([0.13731153]))","(array([0.07808589]), array([0.13524873]))","(array([0.07548744]), array([0.13074808]))","(array([0.07237528]), array([0.12535766]))","(array([0.06906254]), array([0.11961983]))","(array([0.06562923]), array([0.11367317]))","(array([0.06300657]), array([0.10913057]))","(array([0.06093495]), array([0.10554244]))","(array([0.0588151]), array([0.10187074]))","(array([0.0567169]), array([0.09823655]))","(array([0.05597527]), array([0.09695202]))","(array([0.05680178]), array([0.09838357]))"
(0.25765124084794033+0j),[-6.00022629e-15],[1.],[0.52387852],[1.],"(array([0.1322044]), array([0.22898475]))","(array([0.07547991]), array([0.13073504]))","(array([0.07861142]), array([0.13615898]))","(array([0.07927927]), array([0.13731572]))","(array([0.07808802]), array([0.13525241]))","(array([0.07548933]), array([0.13075135]))","(array([0.07237693]), array([0.12536052]))","(array([0.06906411]), array([0.11962255]))","(array([0.06563094]), array([0.11367612]))","(array([0.06300835]), array([0.10913367]))","(array([0.0609367]), array([0.10554546]))","(array([0.05881674]), array([0.10187359]))","(array([0.0567184]), array([0.09823915]))","(array([0.05597665]), array([0.0969544]))","(array([0.05680308]), array([0.09838582]))","(array([0.05783933]), array([0.10018065]))"
(0.2430316466811543+0j),[-4.0374175e-15],[1.],[0.53519042],[1.],"(array([0.13447821]), array([0.23292309]))","(array([0.07861779]), array([0.13617001]))","(array([0.07928467]), array([0.13732508]))","(array([0.0780925]), array([0.13526017]))","(array([0.07549283]), array([0.13075742]))","(array([0.07237939]), array([0.12536478]))","(array([0.06906578]), array([0.11962543]))","(array([0.06563209]), array([0.11367812]))","(array([0.06300931]), array([0.10913533]))","(array([0.06093761]), array([0.10554704]))","(array([0.05881754]), array([0.10187496]))","(array([0.05671903]), array([0.09824025]))","(array([0.0559771]), array([0.09695518]))","(array([0.05680338]), array([0.09838634]))","(array([0.05783956]), array([0.10018105]))","(array([0.05899758]), array([0.10218681]))"
(0.26116034524138027+0j),[-3.19234492e-15],[1.],[0.6019668],[1.],"(array([0.1419439]), array([0.24585405]))","(array([0.07929425]), array([0.13734166]))","(array([0.07810108]), array([0.13527504]))","(array([0.07550002]), array([0.13076987]))","(array([0.07238508]), array([0.12537463]))","(array([0.06907001]), array([0.11963276]))","(array([0.06563504]), array([0.11368323]))","(array([0.06301156]), array([0.10913922]))","(array([0.0609396]), array([0.10555048]))","(array([0.05881924]), array([0.1018779]))","(array([0.05672041]), array([0.09824264]))","(array([0.05597813]), array([0.09695696]))","(array([0.05680407]), array([0.09838754]))","(array([0.05783999]), array([0.10018181]))","(array([0.05899782]), array([0.10218722]))","(array([0.063325]), array([0.10968212]))"
(0.28214828451425195+0j),[-2.19428024e-15],[1.],[0.65946693],[1.],"(array([0.14957026]), array([0.25906329]))","(array([0.07811377]), array([0.13529701]))","(array([0.07551174]), array([0.13079018]))","(array([0.07239538]), array([0.12539247]))","(array([0.06907861]), array([0.11964765]))","(array([0.06564189]), array([0.1136951]))","(array([0.06301727]), array([0.10914912]))","(array([0.06094476]), array([0.10555942]))","(array([0.05882384]), array([0.10188587]))","(array([0.05672444]), array([0.09824961]))","(array([0.05598145]), array([0.09696272]))","(array([0.05680663]), array([0.09839197]))","(array([0.05784192]), array([0.10018515]))","(array([0.05899925]), array([0.1021897]))","(array([0.0633259]), array([0.10968368]))","(array([0.07027289]), array([0.12171622]))"
(0.30548491324439675+0j),[-1.19438193e-15],[1.],[0.70762381],[1.],"(array([0.15444956]), array([0.26751448]))","(array([0.07552484]), array([0.13081286]))","(array([0.07240749]), array([0.12541346]))","(array([0.06908933]), array([0.11966623]))","(array([0.06565096]), array([0.11371079]))","(array([0.06302507]), array([0.10916263]))","(array([0.06095187]), array([0.10557174]))","(array([0.05883026]), array([0.101897]))","(array([0.0567302]), array([0.09825959]))","(array([0.05598643]), array([0.09697134]))","(array([0.05681072]), array([0.09839906]))","(array([0.05784522]), array([0.10019087]))","(array([0.05900183]), array([0.10219418]))","(array([0.06332759]), array([0.1096866]))","(array([0.07027365]), array([0.12171753]))","(array([0.07633319]), array([0.13221297]))"
(0.33089607160202483+0j),[-1.85709425e-15],[1.],[0.74600447],[1.],"(array([0.15688126]), array([0.27172632]))","(array([0.07241965]), array([0.1254345]))","(array([0.06910064]), array([0.11968582]))","(array([0.06566106]), array([0.11372829]))","(array([0.06303403]), array([0.10917815]))","(array([0.0609601]), array([0.10558599]))","(array([0.05883779]), array([0.10191004]))","(array([0.05673706]), array([0.09827147]))","(array([0.05599251]), array([0.09698186]))","(array([0.05681598]), array([0.09840816]))","(array([0.05784969]), array([0.1001986]))","(array([0.05900551]), array([0.10220055]))","(array([0.06333023]), array([0.10969118]))","(array([0.07027509]), array([0.12172003]))","(array([0.07633368]), array([0.13221381]))","(array([0.08135463]), array([0.14091035]))"
(0.3566560149518859+0j),[-6.81023836e-15],[1.],[0.77315813],[1.],"(array([0.15757253]), array([0.27292362]))","(array([0.06911175]), array([0.11970506]))","(array([0.06567128]), array([0.113746]))","(array([0.06304316]), array([0.10919395]))","(array([0.06096844]), array([0.10560043]))","(array([0.0588454]), array([0.10192322]))","(array([0.056744]), array([0.0982835]))","(array([0.05599874]), array([0.09699266]))","(array([0.05682149]), array([0.0984177]))","(array([0.05785452]), array([0.10020696]))","(array([0.05900964]), array([0.10220769]))","(array([0.06333338]), array([0.10969663]))","(array([0.07027704]), array([0.12172341]))","(array([0.07633452]), array([0.13221527]))","(array([0.08135456]), array([0.14091024]))","(array([0.085153]), array([0.14748933]))"
(0.38299203934385506+0j),[4.63373421e-15],[1.],[0.7898993],[1.],"(array([0.15681746]), array([0.27161581]))","(array([0.06568103]), array([0.11376289]))","(array([0.06305203]), array([0.10920932]))","(array([0.06097657]), array([0.10561451]))","(array([0.05885283]), array([0.10193609]))","(array([0.05675081]), array([0.09829528]))","(array([0.05600486]), array([0.09700326]))","(array([0.05682692]), array([0.09842711]))","(array([0.05785928]), array([0.10021521]))","(array([0.05901371]), array([0.10221474]))","(array([0.0633365]), array([0.10970203]))","(array([0.070279]), array([0.1217268]))","(array([0.07633542]), array([0.13221682]))","(array([0.08135459]), array([0.14091028]))","(array([0.08515233]), array([0.14748816]))","(array([0.08770769]), array([0.15191418]))"
(0.4089514464755263+0j),[-1.25618506e-16],[1.],[0.79595894],[1.],"(array([0.15474201]), array([0.26802102]))","(array([0.06306037]), array([0.10922376]))","(array([0.06098421]), array([0.10562775]))","(array([0.0588598]), array([0.10194816]))","(array([0.05675718]), array([0.09830631]))","(array([0.05601061]), array([0.09701323]))","(array([0.05683207]), array([0.09843604]))","(array([0.05786386]), array([0.10022314]))","(array([0.05901768]), array([0.10222163]))","(array([0.06333963]), array([0.10970746]))","(array([0.07028112]), array([0.12173048]))","(array([0.07633663]), array([0.13221892]))","(array([0.08135507]), array([0.14091111]))","(array([0.08515215]), array([0.14748784]))","(array([0.08770691]), array([0.15191282]))","(array([0.08906474]), array([0.15426465]))"
(0.4340815378533713+0j),[-5.74805656e-15],[1.],[0.79118565],[1.],"(array([0.15226195]), array([0.26372543]))","(array([0.06099085]), array([0.10563925]))","(array([0.05886589]), array([0.10195871]))","(array([0.0567628]), array([0.09831605]))","(array([0.0560157]), array([0.09702204]))","(array([0.05683661]), array([0.0984439]))","(array([0.05786784]), array([0.10023003]))","(array([0.05902108]), array([0.10222751]))","(array([0.06334224]), array([0.10971198]))","(array([0.07028281]), array([0.1217334]))","(array([0.07633751]), array([0.13222044]))","(array([0.08135536]), array([0.14091162]))","(array([0.08515205]), array([0.14748768]))","(array([0.08770644]), array([0.151912]))","(array([0.0890639]), array([0.1542632]))","(array([0.08920161]), array([0.15450173]))"
(0.4831967753733552+0j),[-4.5593524e-15],[1.],[0.77669185],[1.],"(array([0.14926529]), array([0.25853506]))","(array([0.05887156]), array([0.10196853]))","(array([0.05676803]), array([0.09832511]))","(array([0.05602047]), array([0.0970303]))","(array([0.05684092]), array([0.09845136]))","(array([0.05787166]), array([0.10023665]))","(array([0.05902438]), array([0.10223323]))","(array([0.06334483]), array([0.10971646]))","(array([0.07028453]), array([0.12173638]))","(array([0.07633846]), array([0.13222208]))","(array([0.0813557]), array([0.1409122]))","(array([0.08515198]), array([0.14748756]))","(array([0.0877061]), array([0.15191142]))","(array([0.0890633]), array([0.15426216]))","(array([0.08920083]), array([0.15450037]))","(array([0.08827873]), array([0.15290324]))"
(0.5254087493628781+0j),[1.83081485e-15],[1.],[0.73837359],[1.],"(array([0.14414719]), array([0.24967025]))","(array([0.05677354]), array([0.09833465]))","(array([0.0560255]), array([0.09703901]))","(array([0.05684547]), array([0.09845924]))","(array([0.05787573]), array([0.10024371]))","(array([0.05902797]), array([0.10223944]))","(array([0.06334772]), array([0.10972147]))","(array([0.07028654]), array([0.12173985]))","(array([0.07633961]), array([0.13222408]))","(array([0.08135618]), array([0.14091303]))","(array([0.08515201]), array([0.14748761]))","(array([0.0877059]), array([0.15191108]))","(array([0.08906298]), array([0.1542616]))","(array([0.08920034]), array([0.15449952]))","(array([0.08827814]), array([0.15290222]))","(array([0.08528058]), array([0.1477103]))"
(0.5582580145779769+0j),[-5.43633964e-15],[1.],[0.68178882],[1.],"(array([0.13664007]), array([0.23666754]))","(array([0.05603147]), array([0.09704935]))","(array([0.05685083]), array([0.09846853]))","(array([0.05788048]), array([0.10025194]))","(array([0.05903217]), array([0.10224671]))","(array([0.06335118]), array([0.10972747]))","(array([0.07028904]), array([0.12174419]))","(array([0.07634113]), array([0.13222672]))","(array([0.08135683]), array([0.14091416]))","(array([0.08515206]), array([0.1474877]))","(array([0.08770567]), array([0.15191068]))","(array([0.08906271]), array([0.15426114]))","(array([0.08920007]), array([0.15449906]))","(array([0.0882777]), array([0.15290147]))","(array([0.08528008]), array([0.14770943]))","(array([0.07987111]), array([0.13834082]))"
(0.5801802091195241+0j),[-4.83399927e-15],[1.],[0.61358891],[1.],"(array([0.12879458]), array([0.22307876]))","(array([0.05685741]), array([0.09847993]))","(array([0.05788642]), array([0.10026222]))","(array([0.05903745]), array([0.10225586]))","(array([0.06335563]), array([0.10973517]))","(array([0.0702924]), array([0.12175002]))","(array([0.07634333]), array([0.13223053]))","(array([0.08135789]), array([0.140916]))","(array([0.0851522]), array([0.14748794]))","(array([0.08770524]), array([0.15190994]))","(array([0.08906206]), array([0.15426002]))","(array([0.08919947]), array([0.15449801]))","(array([0.0882772]), array([0.1529006]))","(array([0.08527948]), array([0.1477084]))","(array([0.07987058]), array([0.13833991]))","(array([0.07276884]), array([0.12603933]))"
(0.5490034933719687+0j),[-4.71164292e-15],[1.],[0.57107376],[1.],"(array([0.12329903]), array([0.21356018]))","(array([0.05789296]), array([0.10027354]))","(array([0.05904333]), array([0.10226604]))","(array([0.06336055]), array([0.10974369]))","(array([0.0702961]), array([0.12175642]))","(array([0.07634583]), array([0.13223486]))","(array([0.08135919]), array([0.14091825]))","(array([0.08515244]), array([0.14748835]))","(array([0.08770469]), array([0.15190898]))","(array([0.08906112]), array([0.15425839]))","(array([0.08919849]), array([0.15449632]))","(array([0.08827646]), array([0.15289932]))","(array([0.08527901]), array([0.14770758]))","(array([0.07987012]), array([0.13833911]))","(array([0.07276858]), array([0.12603888]))","(array([0.06644159]), array([0.11508021]))"
(0.5185957601040831+0j),[-7.5469415e-15],[1.],[0.5369676],[1.],"(array([0.11999892]), array([0.20784423]))","(array([0.05905004]), array([0.10227767]))","(array([0.06336627]), array([0.1097536]))","(array([0.07030037]), array([0.12176381]))","(array([0.07634872]), array([0.13223986]))","(array([0.08136072]), array([0.14092091]))","(array([0.08515272]), array([0.14748883]))","(array([0.08770394]), array([0.15190768]))","(array([0.08905965]), array([0.15425585]))","(array([0.08919671]), array([0.15449323]))","(array([0.08827471]), array([0.15289628]))","(array([0.08527759]), array([0.14770512]))","(array([0.07986911]), array([0.13833737]))","(array([0.07276796]), array([0.12603781]))","(array([0.06644142]), array([0.11507991]))","(array([0.06210517]), array([0.1075693]))"
(0.4893872988952253+0j),[-4.06680138e-15],[1.],[0.51072454],[1.],"(array([0.1177439]), array([0.20393842]))","(array([0.06337252]), array([0.10976443]))","(array([0.07030507]), array([0.12177194]))","(array([0.07635181]), array([0.13224521]))","(array([0.08136229]), array([0.14092363]))","(array([0.0851529]), array([0.14748914]))","(array([0.08770296]), array([0.15190598]))","(array([0.08905783]), array([0.15425268]))","(array([0.08919439]), array([0.15448922]))","(array([0.0882723]), array([0.15289211]))","(array([0.08527549]), array([0.14770148]))","(array([0.07986765]), array([0.13833483]))","(array([0.07276728]), array([0.12603663]))","(array([0.0664414]), array([0.11507989]))","(array([0.06210562]), array([0.10757009]))","(array([0.05869215]), array([0.10165779]))"
(0.4610484198552785+0j),[-7.29655852e-15],[1.],[0.4919676],[1.],"(array([0.11953788]), array([0.20704568]))","(array([0.07031036]), array([0.12178111]))","(array([0.0763552]), array([0.13225108]))","(array([0.08136387]), array([0.14092636]))","(array([0.08515287]), array([0.1474891]))","(array([0.08770163]), array([0.15190367]))","(array([0.08905556]), array([0.15424876]))","(array([0.08919163]), array([0.15448444]))","(array([0.08826948]), array([0.15288722]))","(array([0.08527312]), array([0.14769738]))","(array([0.07986612]), array([0.13833218]))","(array([0.07276681]), array([0.12603581]))","(array([0.06644178]), array([0.11508054]))","(array([0.06210656]), array([0.10757171]))","(array([0.05869359]), array([0.10166027]))","(array([0.05616544]), array([0.09728139]))"
(0.4621060092613086+0j),[-8.42499998e-15],[1.],[0.48682438],[1.],"(array([0.1251292]), array([0.21673013]))","(array([0.07635903]), array([0.13225772]))","(array([0.08136557]), array([0.1409293]))","(array([0.08515267]), array([0.14748875]))","(array([0.08769995]), array([0.15190076]))","(array([0.08905287]), array([0.1542441]))","(array([0.08918845]), array([0.15447892]))","(array([0.08826632]), array([0.15288175]))","(array([0.08527058]), array([0.14769298]))","(array([0.07986472]), array([0.13832975]))","(array([0.07276682]), array([0.12603582]))","(array([0.06644282]), array([0.11508235]))","(array([0.06210815]), array([0.10757447]))","(array([0.05869563]), array([0.10166381]))","(array([0.0561679]), array([0.09728565]))","(array([0.05482368]), array([0.09495739]))"
(0.46139918678341185+0j),[-1.93339802e-15],[1.],[0.48303967],[1.],"(array([0.13069897]), array([0.22637726]))","(array([0.08136752]), array([0.14093269]))","(array([0.08515288]), array([0.14748911]))","(array([0.0876987]), array([0.1518986]))","(array([0.08905066]), array([0.15424027]))","(array([0.08918578]), array([0.15447431]))","(array([0.08826367]), array([0.15287715]))","(array([0.08526846]), array([0.1476893]))","(array([0.07986367]), array([0.13832793]))","(array([0.07276724]), array([0.12603656]))","(array([0.06644437]), array([0.11508502]))","(array([0.06211022]), array([0.10757806]))","(array([0.05869805]), array([0.101668]))","(array([0.05617056]), array([0.09729026]))","(array([0.05482674]), array([0.09496271]))","(array([0.05434789]), array([0.09413331]))"
(0.45945034321102257+0j),[-5.3383538e-15],[1.],[0.48124488],[1.],"(array([0.13543707]), array([0.23458388]))","(array([0.08515339]), array([0.14748999]))","(array([0.08769805]), array([0.15189747]))","(array([0.08904915]), array([0.15423766]))","(array([0.08918389]), array([0.15447103]))","(array([0.08826171]), array([0.15287376]))","(array([0.08526675]), array([0.14768634]))","(array([0.0798626]), array([0.13832609]))","(array([0.07276724]), array([0.12603655]))","(array([0.06644533]), array([0.11508669]))","(array([0.06211177]), array([0.10758075]))","(array([0.05870003]), array([0.10167144]))","(array([0.05617281]), array([0.09729416]))","(array([0.05482926]), array([0.09496706]))","(array([0.05435077]), array([0.09413829]))","(array([0.05408088]), array([0.09367083]))"
(0.4568440206314319+0j),[7.77559479e-16],[1.],[0.48169334],[1.],"(array([0.13917856]), array([0.24106433]))","(array([0.08769776]), array([0.15189698]))","(array([0.08904818]), array([0.15423597]))","(array([0.08918254]), array([0.15446869]))","(array([0.08826033]), array([0.15287138]))","(array([0.08526556]), array([0.14768428]))","(array([0.07986175]), array([0.13832462]))","(array([0.07276708]), array([0.12603628]))","(array([0.06644588]), array([0.11508764]))","(array([0.06211281]), array([0.10758255]))","(array([0.05870149]), array([0.10167397]))","(array([0.05617456]), array([0.09729719]))","(array([0.05483129]), array([0.09497057]))","(array([0.05435313]), array([0.09414238]))","(array([0.05408358]), array([0.09367551]))","(array([0.05403924]), array([0.09359871]))"
(0.442826301043754+0j),[8.04893045e-15],[1.],[0.4818738],[1.],"(array([0.14177623]), array([0.24556364]))","(array([0.0890477]), array([0.15423514]))","(array([0.08918169]), array([0.15446721]))","(array([0.08825936]), array([0.15286969]))","(array([0.08526472]), array([0.14768284]))","(array([0.07986112]), array([0.13832352]))","(array([0.07276685]), array([0.12603589]))","(array([0.06644614]), array([0.11508809]))","(array([0.06211349]), array([0.10758371]))","(array([0.05870256]), array([0.10167582]))","(array([0.05617595]), array([0.0972996]))","(array([0.05483299]), array([0.09497352]))","(array([0.05435509]), array([0.09414577]))","(array([0.05408571]), array([0.09367919]))","(array([0.05404152]), array([0.09360267]))","(array([0.0540927]), array([0.09369131]))"
(0.4298679272721363+0j),[1.53052851e-14],[1.],[0.48721091],[1.],"(array([0.14346914]), array([0.24849584]))","(array([0.08918124]), array([0.15446644]))","(array([0.08825871]), array([0.15286857]))","(array([0.08526408]), array([0.14768172]))","(array([0.07986069]), array([0.13832277]))","(array([0.07276671]), array([0.12603564]))","(array([0.06644626]), array([0.11508829]))","(array([0.0621138]), array([0.10758426]))","(array([0.05870313]), array([0.1016768]))","(array([0.05617677]), array([0.09730102]))","(array([0.05483418]), array([0.09497558]))","(array([0.05435668]), array([0.09414853]))","(array([0.05408753]), array([0.09368235]))","(array([0.05404342]), array([0.09360595]))","(array([0.05409463]), array([0.09369466]))","(array([0.054437]), array([0.09428765]))"
(0.41845527912919883+0j),[1.5193847e-14],[1.],[0.49689961],[1.],"(array([0.14447829]), array([0.25024374]))","(array([0.08825838]), array([0.15286799]))","(array([0.08526358]), array([0.14768085]))","(array([0.07986024]), array([0.138322]))","(array([0.07276644]), array([0.12603517]))","(array([0.06644606]), array([0.11508795]))","(array([0.06211365]), array([0.10758399]))","(array([0.05870308]), array([0.10167673]))","(array([0.05617691]), array([0.09730127]))","(array([0.05483463]), array([0.09497637]))","(array([0.05435755]), array([0.09415004]))","(array([0.05408876]), array([0.09368447]))","(array([0.05404483]), array([0.09360839]))","(array([0.05409612]), array([0.09369724]))","(array([0.05443855]), array([0.09429034]))","(array([0.05531373]), array([0.09580619]))"
(0.4086726711734017+0j),[1.83969855e-14],[1.],[0.5104419],[1.],"(array([0.14488228]), array([0.25094347]))","(array([0.08526326]), array([0.14768029]))","(array([0.07985967]), array([0.138321]))","(array([0.07276582]), array([0.1260341]))","(array([0.06644538]), array([0.11508678]))","(array([0.06211291]), array([0.10758271]))","(array([0.05870235]), array([0.10167545]))","(array([0.05617626]), array([0.09730014]))","(array([0.05483426]), array([0.09497572]))","(array([0.05435763]), array([0.09415017]))","(array([0.05408937]), array([0.09368554]))","(array([0.05404583]), array([0.09361013]))","(array([0.05409731]), array([0.09369928]))","(array([0.05443979]), array([0.09429248]))","(array([0.05531504]), array([0.09580846]))","(array([0.05664462]), array([0.09811136]))"
(0.37287206204748796+0j),[1.40311352e-14],[1.],[0.50814],[1.],"(array([0.14257292]), array([0.24694354]))","(array([0.07985932]), array([0.13832041]))","(array([0.07276507]), array([0.12603279]))","(array([0.06644443]), array([0.11508514]))","(array([0.06211187]), array([0.10758091]))","(array([0.05870124]), array([0.10167353]))","(array([0.05617516]), array([0.09729823]))","(array([0.05483325]), array([0.09497398]))","(array([0.0543569]), array([0.09414892]))","(array([0.05408912]), array([0.0936851]))","(array([0.05404619]), array([0.09361074]))","(array([0.05409813]), array([0.09370072]))","(array([0.05444088]), array([0.09429437]))","(array([0.05531624]), array([0.09581053]))","(array([0.05664586]), array([0.09811351]))","(array([0.0573253]), array([0.09929033]))"
(0.34023966431879177+0j),[1.49630462e-14],[1.],[0.51067726],[1.],"(array([0.13718737]), array([0.2376155]))","(array([0.07276429]), array([0.12603145]))","(array([0.06644326]), array([0.11508311]))","(array([0.06211049]), array([0.10757852]))","(array([0.05869973]), array([0.10167092]))","(array([0.05617361]), array([0.09729555]))","(array([0.05483172]), array([0.09497133]))","(array([0.05435548]), array([0.09414645]))","(array([0.05408795]), array([0.09368308]))","(array([0.05404553]), array([0.0936096]))","(array([0.05409811]), array([0.09370068]))","(array([0.05444142]), array([0.09429531]))","(array([0.05531715]), array([0.09581212]))","(array([0.05664691]), array([0.09811533]))","(array([0.05732636]), array([0.09929217]))","(array([0.05734349]), array([0.09932183]))"
(0.3111259184319412+0j),[1.35706269e-14],[1.],[0.51737203],[1.],"(array([0.13060876]), array([0.226221]))","(array([0.06644192]), array([0.11508077]))","(array([0.06210879]), array([0.10757557]))","(array([0.05869774]), array([0.10166747]))","(array([0.05617148]), array([0.09729185]))","(array([0.05482949]), array([0.09496747]))","(array([0.05435322]), array([0.09414254]))","(array([0.0540858]), array([0.09367935]))","(array([0.0540437]), array([0.09360644]))","(array([0.05409685]), array([0.0936985]))","(array([0.05444081]), array([0.09429425]))","(array([0.05531714]), array([0.0958121]))","(array([0.0566473]), array([0.098116]))","(array([0.05732687]), array([0.09929305]))","(array([0.05734403]), array([0.09932277]))","(array([0.05785917]), array([0.10021503]))"
(0.28620884092821+0j),[1.14043073e-14],[1.],[0.52669894],[1.],"(array([0.12518596]), array([0.21682844]))","(array([0.06210706]), array([0.10757258]))","(array([0.05869562]), array([0.10166379]))","(array([0.05616898]), array([0.09728753]))","(array([0.05482662]), array([0.09496249]))","(array([0.05435006]), array([0.09413707]))","(array([0.05408258]), array([0.09367378]))","(array([0.05404065]), array([0.09360115]))","(array([0.0540942]), array([0.0936939]))","(array([0.05443873]), array([0.09429065]))","(array([0.05531576]), array([0.09580971]))","(array([0.0566466]), array([0.09811478]))","(array([0.05732655]), array([0.0992925]))","(array([0.05734384]), array([0.09932245]))","(array([0.05785912]), array([0.10021493]))","(array([0.05875268]), array([0.10176264]))"
(0.2887586924722708+0j),[7.67121542e-15],[1.],[0.57153297],[1.],"(array([0.12389414]), array([0.21459095]))","(array([0.05869386]), array([0.10166074]))","(array([0.05616663]), array([0.09728346]))","(array([0.05482347]), array([0.09495704]))","(array([0.05434619]), array([0.09413036]))","(array([0.05407834]), array([0.09366644]))","(array([0.05403635]), array([0.09359371]))","(array([0.05409015]), array([0.09368688]))","(array([0.05443516]), array([0.09428447]))","(array([0.05531289]), array([0.09580474]))","(array([0.05664455]), array([0.09811124]))","(array([0.05732512]), array([0.09929002]))","(array([0.0573427]), array([0.09932048]))","(array([0.05785819]), array([0.10021332]))","(array([0.05875198]), array([0.10176141]))","(array([0.06179848]), array([0.10703811]))"
(0.2957245456208874+0j),[5.46475058e-15],[1.],[0.61168549],[1.],"(array([0.12527279]), array([0.21697883]))","(array([0.05616558]), array([0.09728164]))","(array([0.05482124]), array([0.09495318]))","(array([0.05434266]), array([0.09412425]))","(array([0.05407397]), array([0.09365886]))","(array([0.05403154]), array([0.09358538]))","(array([0.05408526]), array([0.09367842]))","(array([0.05443052]), array([0.09427642]))","(array([0.05530875]), array([0.09579756]))","(array([0.05664117]), array([0.09810539]))","(array([0.05732244]), array([0.09928538]))","(array([0.0573405]), array([0.09931665]))","(array([0.05785634]), array([0.10021011]))","(array([0.0587504]), array([0.10175867]))","(array([0.06179728]), array([0.10703603]))","(array([0.06658898]), array([0.11533549]))"
(0.3059917522428187+0j),[1.72276463e-14],[1.],[0.6463066],[1.],"(array([0.12697565]), array([0.21992828]))","(array([0.05482055]), array([0.09495198]))","(array([0.0543404]), array([0.09412034]))","(array([0.05407045]), array([0.09365277]))","(array([0.05402721]), array([0.09357787]))","(array([0.05408056]), array([0.09367027]))","(array([0.05442581]), array([0.09426827]))","(array([0.0553043]), array([0.09578986]))","(array([0.05663722]), array([0.09809855]))","(array([0.0573191]), array([0.0992796]))","(array([0.05733767]), array([0.09931176]))","(array([0.05785396]), array([0.100206]))","(array([0.05874838]), array([0.10175518]))","(array([0.06179564]), array([0.10703318]))","(array([0.0665878]), array([0.11533345]))","(array([0.07081895]), array([0.12266203]))"
(0.31817621525053313+0j),[2.25827128e-14],[1.],[0.67550867],[1.],"(array([0.12924167]), array([0.22385314]))","(array([0.05433912]), array([0.09411812]))","(array([0.05406792]), array([0.09364838]))","(array([0.05402374]), array([0.09357186]))","(array([0.05407661]), array([0.09366343]))","(array([0.05442172]), array([0.09426118]))","(array([0.05530025]), array([0.09578285]))","(array([0.0566334]), array([0.09809193]))","(array([0.05731564]), array([0.0992736]))","(array([0.05733457]), array([0.09930639]))","(array([0.05785122]), array([0.10020126]))","(array([0.05874599]), array([0.10175105]))","(array([0.06179371]), array([0.10702984]))","(array([0.06658646]), array([0.11533114]))","(array([0.07081819]), array([0.1226607]))","(array([0.07443308]), array([0.12892187]))"
(0.36214026662483184+0j),[2.493254e-14],[1.],[0.72303403],[1.],"(array([0.13322023]), array([0.2307442]))","(array([0.05406626]), array([0.09364552]))","(array([0.05402102]), array([0.09356716]))","(array([0.05407326]), array([0.09365763]))","(array([0.05441807]), array([0.09425486]))","(array([0.05529649]), array([0.09577634]))","(array([0.05662972]), array([0.09808555]))","(array([0.05731219]), array([0.09926763]))","(array([0.05733138]), array([0.09930087]))","(array([0.05784829]), array([0.10019617]))","(array([0.05874334]), array([0.10174645]))","(array([0.06179146]), array([0.10702594]))","(array([0.06658478]), array([0.11532822]))","(array([0.07081715]), array([0.1226589]))","(array([0.07443264]), array([0.12892111]))","(array([0.07889703]), array([0.13665366]))"
(0.40647223568572+0j),[2.5799737e-14],[1.],[0.747626],[1.],"(array([0.13700358]), array([0.23729716]))","(array([0.05401899]), array([0.09356363]))","(array([0.05407036]), array([0.09365262]))","(array([0.0544147]), array([0.09424903]))","(array([0.05529289]), array([0.09577009]))","(array([0.05662607]), array([0.09807922]))","(array([0.05730875]), array([0.09926167]))","(array([0.05732814]), array([0.09929525]))","(array([0.0578453]), array([0.10019099]))","(array([0.05874063]), array([0.10174176]))","(array([0.06178911]), array([0.10702188]))","(array([0.06658296]), array([0.11532506]))","(array([0.07081598]), array([0.12265687]))","(array([0.07443214]), array([0.12892025]))","(array([0.07889724]), array([0.13665402]))","(array([0.08295474]), array([0.14368182]))"
(0.4486199065126684+0j),[1.96511991e-14],[1.],[0.75079641],[1.],"(array([0.13849883]), array([0.23988701]))","(array([0.05406809]), array([0.09364868]))","(array([0.05441173]), array([0.09424387]))","(array([0.05528947]), array([0.09576417]))","(array([0.05662247]), array([0.09807299]))","(array([0.05730509]), array([0.09925534]))","(array([0.05732472]), array([0.09928932]))","(array([0.05784218]), array([0.1001856]))","(array([0.05873783]), array([0.1017369]))","(array([0.06178673]), array([0.10701776]))","(array([0.06658117]), array([0.11532197]))","(array([0.07081488]), array([0.12265498]))","(array([0.07443175]), array([0.12891958]))","(array([0.07889755]), array([0.13665457]))","(array([0.08295573]), array([0.14368355]))","(array([0.08449891]), array([0.14635641]))"
(0.4865331391849754+0j),[1.27590246e-14],[1.],[0.73470302],[1.],"(array([0.1377923]), array([0.23866327]))","(array([0.0544092]), array([0.0942395]))","(array([0.05528629]), array([0.09575866]))","(array([0.05661883]), array([0.09806669]))","(array([0.05730128]), array([0.09924873]))","(array([0.05732104]), array([0.09928296]))","(array([0.05783872]), array([0.1001796]))","(array([0.05873461]), array([0.10173134]))","(array([0.06178391]), array([0.10701288]))","(array([0.06657892]), array([0.11531808]))","(array([0.07081336]), array([0.12265234]))","(array([0.07443099]), array([0.12891826]))","(array([0.07889761]), array([0.13665468]))","(array([0.08295654]), array([0.14368495]))","(array([0.08450031]), array([0.14635883]))","(array([0.08374321]), array([0.1450475]))"
(0.5147201633693193+0j),[7.00278265e-15],[1.],[0.70321682],[1.],"(array([0.1354013]), array([0.23452194]))","(array([0.05528344]), array([0.09575372]))","(array([0.0566153]), array([0.09806058]))","(array([0.05729755]), array([0.09924228]))","(array([0.05731738]), array([0.09927662]))","(array([0.0578352]), array([0.1001735]))","(array([0.05873127]), array([0.10172554]))","(array([0.06178082]), array([0.10700752]))","(array([0.06657624]), array([0.11531343]))","(array([0.07081129]), array([0.12264876]))","(array([0.0744297]), array([0.12891603]))","(array([0.07889735]), array([0.13665422]))","(array([0.08295732]), array([0.1436863]))","(array([0.08450185]), array([0.14636149]))","(array([0.08374536]), array([0.14505122]))","(array([0.08101146]), array([0.14031597]))"
(0.5363065368741108+0j),[1.0197953e-14],[1.],[0.66137871],[1.],"(array([0.13210749]), array([0.22881688]))","(array([0.05661203]), array([0.09805492]))","(array([0.05729396]), array([0.09923606]))","(array([0.05731377]), array([0.09927037]))","(array([0.05783167]), array([0.10016739]))","(array([0.0587279]), array([0.10171971]))","(array([0.06177765]), array([0.10700204]))","(array([0.06657342]), array([0.11530854]))","(array([0.07080901]), array([0.12264481]))","(array([0.07442813]), array([0.1289133]))","(array([0.07889679]), array([0.13665326]))","(array([0.08295802]), array([0.14368751]))","(array([0.08450364]), array([0.14636459]))","(array([0.0837478]), array([0.14505545]))","(array([0.0810143]), array([0.14032088]))","(array([0.07684409]), array([0.13309787]))"
(0.5506821050959307+0j),[1.73479617e-14],[1.],[0.61279828],[1.],"(array([0.12830148]), array([0.22222468]))","(array([0.05729043]), array([0.09922993]))","(array([0.05731006]), array([0.09926393]))","(array([0.05782796]), array([0.10016097]))","(array([0.05872434]), array([0.10171354]))","(array([0.06177432]), array([0.10699626]))","(array([0.06657044]), array([0.11530339]))","(array([0.07080651]), array([0.12264047]))","(array([0.07442625]), array([0.12891005]))","(array([0.07889588]), array([0.13665168]))","(array([0.08295842]), array([0.1436882]))","(array([0.08450543]), array([0.1463677]))","(array([0.0837507]), array([0.14506046]))","(array([0.08101764]), array([0.14032666]))","(array([0.07684749]), array([0.13310375]))","(array([0.07171043]), array([0.12420612]))"
(0.5580242056977367+0j),[2.02550247e-14],[1.],[0.56072721],[1.],"(array([0.12327666]), array([0.21352145]))","(array([0.05730635]), array([0.09925751]))","(array([0.05782426]), array([0.10015456]))","(array([0.05872064]), array([0.10170713]))","(array([0.06177067]), array([0.10698994]))","(array([0.06656702]), array([0.11529746]))","(array([0.07080352]), array([0.12263529]))","(array([0.07442381]), array([0.12890582]))","(array([0.07889428]), array([0.1366489]))","(array([0.08295809]), array([0.14368762]))","(array([0.08450659]), array([0.14636971]))","(array([0.08375338]), array([0.14506512]))","(array([0.08102138]), array([0.14033315]))","(array([0.07685148]), array([0.13311066]))","(array([0.07171425]), array([0.12421272]))","(array([0.06600399]), array([0.11432227]))"
(0.5330699202827208+0j),[1.46406214e-14],[1.],[0.52356112],[1.],"(array([0.1182284]), array([0.2047776]))","(array([0.05782064]), array([0.10014828]))","(array([0.05871708]), array([0.10170096]))","(array([0.06176707]), array([0.1069837]))","(array([0.0665635]), array([0.11529136]))","(array([0.07080037]), array([0.12262983]))","(array([0.07442121]), array([0.12890131]))","(array([0.07889248]), array([0.13664578]))","(array([0.08295739]), array([0.14368641]))","(array([0.08450726]), array([0.14637087]))","(array([0.08375559]), array([0.14506894]))","(array([0.08102497]), array([0.14033937]))","(array([0.07685586]), array([0.13311826]))","(array([0.0717186]), array([0.12422025]))","(array([0.06600795]), array([0.11432913]))","(array([0.06093486]), array([0.10554227]))"
(0.5082440278254576+0j),[1.15037106e-14],[1.],[0.49392774],[1.],"(array([0.11497982]), array([0.19915089]))","(array([0.05871326]), array([0.10169435]))","(array([0.06176329]), array([0.10697715]))","(array([0.06655971]), array([0.1152848]))","(array([0.07079688]), array([0.12262379]))","(array([0.07441829]), array([0.12889626]))","(array([0.07889041]), array([0.1366422]))","(array([0.08295644]), array([0.14368478]))","(array([0.08450756]), array([0.14637139]))","(array([0.08375729]), array([0.14507189]))","(array([0.08102804]), array([0.14034469]))","(array([0.07686001]), array([0.13312545]))","(array([0.07172325]), array([0.12422831]))","(array([0.06601241]), array([0.11433685]))","(array([0.06093893]), array([0.10554932]))","(array([0.05717142]), array([0.09902381]))"
(0.48397592842929293+0j),[1.01952325e-14],[1.],[0.47167305],[1.],"(array([0.11294555]), array([0.19562743]))","(array([0.06175914]), array([0.10696997]))","(array([0.0665555]), array([0.11527751]))","(array([0.07079281]), array([0.12261674]))","(array([0.0744147]), array([0.12889004]))","(array([0.07888767]), array([0.13663746]))","(array([0.0829549]), array([0.1436821]))","(array([0.08450733]), array([0.146371]))","(array([0.08375845]), array([0.1450739]))","(array([0.08103061]), array([0.14034913]))","(array([0.07686384]), array([0.13313207]))","(array([0.07172799]), array([0.12423652]))","(array([0.06601748]), array([0.11434564]))","(array([0.06094378]), array([0.10555773]))","(array([0.05717594]), array([0.09903164]))","(array([0.05424383]), array([0.09395307]))"
(0.4602846041984417+0j),[4.69610982e-15],[1.],[0.45672033],[1.],"(array([0.11388589]), array([0.19725614]))","(array([0.06655102]), array([0.11526976]))","(array([0.07078822]), array([0.12260879]))","(array([0.07441031]), array([0.12888244]))","(array([0.07888392]), array([0.13663096]))","(array([0.08295228]), array([0.14367757]))","(array([0.08450616]), array([0.14636897]))","(array([0.08375888]), array([0.14507464]))","(array([0.08103263]), array([0.14035264]))","(array([0.07686739]), array([0.13313822]))","(array([0.07173284]), array([0.12424493]))","(array([0.06602322]), array([0.11435558]))","(array([0.0609497]), array([0.10556798]))","(array([0.05718165]), array([0.09904153]))","(array([0.05424925]), array([0.09396246]))","(array([0.0521396]), array([0.09030844]))"
(0.4426998455574458+0j),[-5.01597948e-15],[1.],[0.45051874],[1.],"(array([0.11747116]), array([0.20346602]))","(array([0.07078361]), array([0.12260081]))","(array([0.07440553]), array([0.12887415]))","(array([0.07887929]), array([0.13662293]))","(array([0.08294845]), array([0.14367093]))","(array([0.08450372]), array([0.14636474]))","(array([0.08375815]), array([0.14507337]))","(array([0.08103372]), array([0.14035451]))","(array([0.07687028]), array([0.13314324]))","(array([0.07173745]), array([0.1242529]))","(array([0.06602928]), array([0.11436606]))","(array([0.06095642]), array([0.10557962]))","(array([0.05718843]), array([0.09905327]))","(array([0.05425586]), array([0.09397391]))","(array([0.05214597]), array([0.09031947]))","(array([0.05093361]), array([0.0882196]))"
(0.4256661713930545+0j),[-3.00262385e-15],[1.],[0.45028863],[1.],"(array([0.12134031]), array([0.21016758]))","(array([0.07440149]), array([0.12886717]))","(array([0.07887486]), array([0.13661526]))","(array([0.08294412]), array([0.14366342]))","(array([0.0845003]), array([0.14635882]))","(array([0.08375619]), array([0.14506998]))","(array([0.08103344]), array([0.14035403]))","(array([0.07687182]), array([0.13314589]))","(array([0.07174083]), array([0.12425877]))","(array([0.06603444]), array([0.114375]))","(array([0.06096272]), array([0.10559052]))","(array([0.05719517]), array([0.09906494]))","(array([0.05426274]), array([0.09398583]))","(array([0.05215279]), array([0.09033128]))","(array([0.0509403]), array([0.08823119]))","(array([0.05056955]), array([0.08758902]))"
(0.4096345979795566+0j),[-5.1555273e-15],[1.],[0.45549238],[1.],"(array([0.12524916]), array([0.2169379]))","(array([0.07887147]), array([0.13660939]))","(array([0.08294026]), array([0.14365674]))","(array([0.08449669]), array([0.14635255]))","(array([0.08375353]), array([0.14506538]))","(array([0.08103208]), array([0.14035168]))","(array([0.07687197]), array([0.13314615]))","(array([0.07174262]), array([0.12426186]))","(array([0.06603793]), array([0.11438106]))","(array([0.06096751]), array([0.10559883]))","(array([0.0572007]), array([0.09907451]))","(array([0.05426872]), array([0.09399619]))","(array([0.05215897]), array([0.09034198]))","(array([0.05094653]), array([0.08824198]))","(array([0.05057576]), array([0.08759978]))","(array([0.05085981]), array([0.08809178]))"
(0.3944978946668242+0j),[3.28554548e-16],[1.],[0.46585944],[1.],"(array([0.13060778]), array([0.22621931]))","(array([0.08293713]), array([0.14365133]))","(array([0.08449333]), array([0.14634675]))","(array([0.08375066]), array([0.14506039]))","(array([0.08103019]), array([0.14034841]))","(array([0.07687131]), array([0.13314501]))","(array([0.07174331]), array([0.12426305]))","(array([0.0660401]), array([0.11438482]))","(array([0.0609709]), array([0.1056047]))","(array([0.05720492]), array([0.09908183]))","(array([0.05427356]), array([0.09400456]))","(array([0.05216418]), array([0.09035102]))","(array([0.05095198]), array([0.08825142]))","(array([0.05058132]), array([0.08760942]))","(array([0.05086539]), array([0.08810144]))","(array([0.05175088]), array([0.08963515]))"
(0.3425562674330406+0j),[3.27731312e-15],[1.],[0.44319951],[1.],"(array([0.13412677]), array([0.23231437]))","(array([0.0844904]), array([0.14634166]))","(array([0.08374771]), array([0.14505528]))","(array([0.08102786]), array([0.14034438]))","(array([0.07686998]), array([0.13314272]))","(array([0.07174313]), array([0.12426274]))","(array([0.06604122]), array([0.11438674]))","(array([0.06097315]), array([0.10560859]))","(array([0.05720803]), array([0.09908722]))","(array([0.05427738]), array([0.09401117]))","(array([0.05216853]), array([0.09035855]))","(array([0.05095672]), array([0.08825963]))","(array([0.05058633]), array([0.08761809]))","(array([0.0508705]), array([0.08811029]))","(array([0.05175596]), array([0.08964395]))","(array([0.05119847]), array([0.08867835]))"
(0.29429741124820835+0j),[7.78690829e-16],[1.],[0.4199446],[1.],"(array([0.13310103]), array([0.23053775]))","(array([0.08374469]), array([0.14505006]))","(array([0.08102501]), array([0.14033943]))","(array([0.07686777]), array([0.13313888]))","(array([0.07174189]), array([0.12426059]))","(array([0.06604118]), array([0.11438668]))","(array([0.06097417]), array([0.10561037]))","(array([0.05720987]), array([0.0990904]))","(array([0.05427995]), array([0.09401564]))","(array([0.05217175]), array([0.09036411]))","(array([0.05096049]), array([0.08826616]))","(array([0.05059054]), array([0.08762538]))","(array([0.05087497]), array([0.08811803]))","(array([0.0517605]), array([0.08965182]))","(array([0.05120289]), array([0.08868601]))","(array([0.04861936]), array([0.08421121]))"
(0.2497715116446998+0j),[-3.98946615e-15],[1.],[0.39607103],[1.],"(array([0.12971192]), array([0.22466763]))","(array([0.0810224]), array([0.14033492]))","(array([0.07686553]), array([0.133135]))","(array([0.07174036]), array([0.12425795]))","(array([0.06604068]), array([0.11438581]))","(array([0.06097464]), array([0.10561117]))","(array([0.05721103]), array([0.09909242]))","(array([0.05428176]), array([0.09401876]))","(array([0.05217412]), array([0.09036822]))","(array([0.05096342]), array([0.08827123]))","(array([0.05059397]), array([0.08763132]))","(array([0.05087877]), array([0.08812461]))","(array([0.05176452]), array([0.08965877]))","(array([0.05120686]), array([0.08869288]))","(array([0.04862314]), array([0.08421775]))","(array([0.04597562]), array([0.07963211]))"
(0.20915227810552012+0j),[-9.50473351e-16],[1.],[0.37165375],[1.],"(array([0.12428246]), array([0.21526353]))","(array([0.07686397]), array([0.13313229]))","(array([0.0717394]), array([0.12425628]))","(array([0.06604054]), array([0.11438557]))","(array([0.0609752]), array([0.10561215]))","(array([0.05721216]), array([0.09909437]))","(array([0.05428344]), array([0.09402167]))","(array([0.05217629]), array([0.09037198]))","(array([0.05096607]), array([0.08827583]))","(array([0.05059704]), array([0.08763665]))","(array([0.05088212]), array([0.08813041]))","(array([0.05176797]), array([0.08966476]))","(array([0.05121022]), array([0.0886987]))","(array([0.04862634]), array([0.08422329]))","(array([0.04597869]), array([0.07963742]))","(array([0.04326685]), array([0.07494038]))"
(0.1838266185691086+0j),[-2.09625365e-15],[1.],[0.38470444],[1.],"(array([0.11943789]), array([0.20687249]))","(array([0.07173863]), array([0.12425495]))","(array([0.06604053]), array([0.11438556]))","(array([0.06097583]), array([0.10561324]))","(array([0.05721327]), array([0.0990963]))","(array([0.05428498]), array([0.09402434]))","(array([0.05217821]), array([0.09037531]))","(array([0.05096834]), array([0.08827975]))","(array([0.05059959]), array([0.08764106]))","(array([0.05088485]), array([0.08813514]))","(array([0.05177081]), array([0.08966968]))","(array([0.05121301]), array([0.08870353]))","(array([0.04862898]), array([0.08422787]))","(array([0.0459812]), array([0.07964177]))","(array([0.04326923]), array([0.07494451]))","(array([0.04258067]), array([0.07375188]))"
(0.16176498092642083+0j),[-5.53760084e-15],[1.],[0.39974711],[1.],"(array([0.11590544]), array([0.20075411]))","(array([0.0660406]), array([0.11438568]))","(array([0.06097643]), array([0.10561427]))","(array([0.05721424]), array([0.09909797]))","(array([0.05428627]), array([0.09402658]))","(array([0.05217979]), array([0.09037805]))","(array([0.05097019]), array([0.08828296]))","(array([0.05060167]), array([0.08764467]))","(array([0.0508871]), array([0.08813904]))","(array([0.0517732]), array([0.08967381]))","(array([0.05121537]), array([0.08870763]))","(array([0.04863125]), array([0.08423179]))","(array([0.04598336]), array([0.07964551]))","(array([0.04327129]), array([0.07494808]))","(array([0.04258263]), array([0.07375528]))","(array([0.044172]), array([0.07650815]))"
(0.14311429813096815+0j),[-2.81100159e-15],[1.],[0.41648812],[1.],"(array([0.11199654]), array([0.1939837]))","(array([0.06097532]), array([0.10561236]))","(array([0.05721353]), array([0.09909674]))","(array([0.05428598]), array([0.09402608]))","(array([0.05217995]), array([0.09037832]))","(array([0.05097078]), array([0.08828399]))","(array([0.05060269]), array([0.08764643]))","(array([0.0508885]), array([0.08814146]))","(array([0.05177493]), array([0.0896768]))","(array([0.05121719]), array([0.08871077]))","(array([0.04863298]), array([0.0842348]))","(array([0.04598503]), array([0.0796484]))","(array([0.0432729]), array([0.07495087]))","(array([0.04258424]), array([0.07375806]))","(array([0.04417362]), array([0.07651096]))","(array([0.04596137]), array([0.07960743]))"
(0.1283279714094044+0j),[-3.88491761e-15],[1.],[0.43435721],[1.],"(array([0.10886074]), array([0.18855234]))","(array([0.05720836]), array([0.09908778]))","(array([0.05428134]), array([0.09401804]))","(array([0.05217594]), array([0.09037138]))","(array([0.05096751]), array([0.08827832]))","(array([0.05060023]), array([0.08764216]))","(array([0.05088688]), array([0.08813866]))","(array([0.05177416]), array([0.08967548]))","(array([0.05121683]), array([0.08871014]))","(array([0.04863262]), array([0.08423417]))","(array([0.04598468]), array([0.0796478]))","(array([0.04327261]), array([0.07495035]))","(array([0.04258414]), array([0.0737579]))","(array([0.04417385]), array([0.07651136]))","(array([0.04596191]), array([0.07960836]))","(array([0.04789313]), array([0.08295333]))"
(0.15912384787504122+0j),[4.14491513e-16],[1.],[0.56811049],[1.],"(array([0.11368839]), array([0.19691407]))","(array([0.05427043]), array([0.09399914]))","(array([0.05216555]), array([0.09035339]))","(array([0.05095789]), array([0.08826165]))","(array([0.05059164]), array([0.08762729]))","(array([0.05087956]), array([0.08812598]))","(array([0.05176829]), array([0.08966531]))","(array([0.05121182]), array([0.08870147]))","(array([0.04862782]), array([0.08422586]))","(array([0.04598009]), array([0.07963986]))","(array([0.04326828]), array([0.07494286]))","(array([0.04258035]), array([0.07375132]))","(array([0.04417084]), array([0.07650614]))","(array([0.04595968]), array([0.0796045]))","(array([0.04789165]), array([0.08295077]))","(array([0.05649535]), array([0.09785281]))"
(0.20171869166347012+0j),[5.18115194e-15],[1.],[0.68023933],[1.],"(array([0.12454915]), array([0.21572546]))","(array([0.05214656]), array([0.09032049]))","(array([0.05093922]), array([0.08822932]))","(array([0.05057388]), array([0.08759653]))","(array([0.05086332]), array([0.08809786]))","(array([0.05175404]), array([0.08964063]))","(array([0.05119902]), array([0.0886793]))","(array([0.04861563]), array([0.08420475]))","(array([0.04596848]), array([0.07961974]))","(array([0.04325729]), array([0.07492382]))","(array([0.04257035]), array([0.073734]))","(array([0.04416222]), array([0.0764912]))","(array([0.04595247]), array([0.07959201]))","(array([0.04788586]), array([0.08294074]))","(array([0.05649168]), array([0.09784647]))","(array([0.07030304]), array([0.12176844]))"
(0.25223088347472256+0j),[4.18247593e-15],[1.],[0.76697776],[1.],"(array([0.13353663]), array([0.23129222]))","(array([0.05091189]), array([0.08818198]))","(array([0.05054702]), array([0.08755001]))","(array([0.05083791]), array([0.08805384]))","(array([0.0517309]), array([0.08960055]))","(array([0.05117779]), array([0.08864254]))","(array([0.04859538]), array([0.08416966]))","(array([0.0459491]), array([0.07958617]))","(array([0.04323878]), array([0.07489176]))","(array([0.04255322]), array([0.07370435]))","(array([0.04414703]), array([0.0764649]))","(array([0.04593932]), array([0.07956924]))","(array([0.04787484]), array([0.08292165]))","(array([0.05648393]), array([0.09783304]))","(array([0.07029937]), array([0.12176208]))","(array([0.08142328]), array([0.14102926]))"
(0.30673744279894744+0j),[1.10412474e-14],[1.],[0.82655448],[1.],"(array([0.14045433]), array([0.24327403]))","(array([0.0505137]), array([0.0874923]))","(array([0.05080558]), array([0.08799784]))","(array([0.05170063]), array([0.08954811]))","(array([0.05114956]), array([0.08859363]))","(array([0.04856846]), array([0.08412304]))","(array([0.04592334]), array([0.07954155]))","(array([0.04321411]), array([0.07484904]))","(array([0.04253019]), array([0.07366446]))","(array([0.04412623]), array([0.07642887]))","(array([0.04592095]), array([0.07953742]))","(array([0.04785906]), array([0.08289432]))","(array([0.05647221]), array([0.09781273]))","(array([0.07029307]), array([0.12175117]))","(array([0.08142157]), array([0.1410263]))","(array([0.08958297]), array([0.15516226]))"
(0.3143021775815522+0j),[1.15840913e-14],[1.],[0.82646941],[1.],"(array([0.14314679]), array([0.24793751]))","(array([0.05076652]), array([0.08793019]))","(array([0.05166286]), array([0.08948269]))","(array([0.05111385]), array([0.08853179]))","(array([0.04853436]), array([0.08406398]))","(array([0.04589066]), array([0.07948495]))","(array([0.04318278]), array([0.07479477]))","(array([0.04250075]), array([0.07361346]))","(array([0.04409925]), array([0.07638215]))","(array([0.0458967]), array([0.07949542]))","(array([0.04783777]), array([0.08285745]))","(array([0.05645577]), array([0.09778427]))","(array([0.07028321]), array([0.12173409]))","(array([0.0814177]), array([0.14101959]))","(array([0.08958405]), array([0.15516413]))","(array([0.09267784]), array([0.16052273]))"
(0.32162576214409244+0j),[1.45849029e-14],[1.],[0.82381077],[1.],"(array([0.143188]), array([0.24800889]))","(array([0.05161845]), array([0.08940578]))","(array([0.05107133]), array([0.08845814]))","(array([0.0484937]), array([0.08399356]))","(array([0.04585162]), array([0.07941734]))","(array([0.04314526]), array([0.07472978]))","(array([0.04246521]), array([0.0735519]))","(array([0.0440662]), array([0.0763249]))","(array([0.04586647]), array([0.07944306]))","(array([0.04781071]), array([0.08281058]))","(array([0.056434]), array([0.09774656]))","(array([0.07026899]), array([0.12170946]))","(array([0.08141086]), array([0.14100774]))","(array([0.08958343]), array([0.15516305]))","(array([0.09268136]), array([0.16052883]))","(array([0.09247089]), array([0.16016428]))"
(0.32843585106193124+0j),[1.15655613e-14],[1.],[0.81869573],[1.],"(array([0.14354737]), array([0.24863133]))","(array([0.0510226]), array([0.08837373]))","(array([0.04844705]), array([0.08391275]))","(array([0.04580667]), array([0.07933948]))","(array([0.04310186]), array([0.07465462]))","(array([0.04242372]), array([0.07348004]))","(array([0.04402705]), array([0.07625709]))","(array([0.04583014]), array([0.07938013]))","(array([0.04777773]), array([0.08275345]))","(array([0.05640659]), array([0.09769908]))","(array([0.07024983]), array([0.12167627]))","(array([0.08140032]), array([0.1409895]))","(array([0.08958061]), array([0.15515818]))","(array([0.09268363]), array([0.16053275]))","(array([0.0924761]), array([0.1601733]))","(array([0.09198326]), array([0.15931969]))"
(0.3350854229297224+0j),[1.05380498e-14],[1.],[0.811628],[1.],"(array([0.14220192]), array([0.24630095]))","(array([0.04839458]), array([0.08382187]))","(array([0.04575602]), array([0.07925174]))","(array([0.04305279]), array([0.07456961]))","(array([0.04237624]), array([0.0733978]))","(array([0.04398146]), array([0.07617812]))","(array([0.04578706]), array([0.07930552]))","(array([0.0477379]), array([0.08268448]))","(array([0.05637239]), array([0.09763985]))","(array([0.07022441]), array([0.12163224]))","(array([0.08138472]), array([0.14096246]))","(array([0.08957438]), array([0.15514738]))","(array([0.09268388]), array([0.16053318]))","(array([0.0924802]), array([0.1601804]))","(array([0.0919905]), array([0.15933222]))","(array([0.09123582]), array([0.15802508]))"
(0.3138314653563355+0j),[1.16664214e-14],[1.],[0.78111057],[1.],"(array([0.13740544]), array([0.23799321]))","(array([0.04570231]), array([0.07915872]))","(array([0.04300047]), array([0.074479]))","(array([0.04232496]), array([0.07330898]))","(array([0.0439313]), array([0.07609125]))","(array([0.04573881]), array([0.07922195]))","(array([0.04769249]), array([0.08260582]))","(array([0.05633219]), array([0.09757021]))","(array([0.07019288]), array([0.12157764]))","(array([0.08136367]), array([0.14092602]))","(array([0.08956407]), array([0.15512952]))","(array([0.09268142]), array([0.16052893]))","(array([0.09248249]), array([0.16018438]))","(array([0.09199686]), array([0.15934323]))","(array([0.09124536]), array([0.1580416]))","(array([0.08906679]), array([0.15426821]))"
(0.2950056535950927+0j),[9.5735638e-15],[1.],[0.75312542],[1.],"(array([0.13140608]), array([0.22760201]))","(array([0.04294999]), array([0.07439156]))","(array([0.04227458]), array([0.07322172]))","(array([0.04388083]), array([0.07600383]))","(array([0.04568915]), array([0.07913594]))","(array([0.04764473]), array([0.0825231]))","(array([0.05628842]), array([0.09749441]))","(array([0.07015667]), array([0.12151492]))","(array([0.08133763]), array([0.14088091]))","(array([0.08954926]), array([0.15510387]))","(array([0.09267527]), array([0.16051828]))","(array([0.09248185]), array([0.16018327]))","(array([0.09200106]), array([0.15935051]))","(array([0.09125369]), array([0.15805603]))","(array([0.0890774]), array([0.15428658]))","(array([0.08575548]), array([0.14853284]))"
(0.27816889038613174+0j),[7.05489415e-15],[1.],[0.72769552],[1.],"(array([0.12571321]), array([0.21774167]))","(array([0.04223057]), array([0.07314549]))","(array([0.04383575]), array([0.07592575]))","(array([0.04564389]), array([0.07905754]))","(array([0.04760037]), array([0.08244626]))","(array([0.05624666]), array([0.09742207]))","(array([0.07012076]), array([0.12145272]))","(array([0.08131054]), array([0.14083399]))","(array([0.08953258]), array([0.15507498]))","(array([0.09266695]), array([0.16050386]))","(array([0.092479]), array([0.16017833]))","(array([0.09200316]), array([0.15935415]))","(array([0.09126013]), array([0.15806718]))","(array([0.08908647]), array([0.15430229]))","(array([0.08576563]), array([0.14855044]))","(array([0.08280678]), array([0.14342555]))"
(0.26264578116548465+0j),[8.65781511e-15],[1.],[0.70446421],[1.],"(array([0.12236168]), array([0.21193664]))","(array([0.04379778]), array([0.07585998]))","(array([0.04560527]), array([0.07899064]))","(array([0.04756206]), array([0.08237991]))","(array([0.05620999]), array([0.09735855]))","(array([0.07008852]), array([0.12139687]))","(array([0.08128563]), array([0.14079085]))","(array([0.08951672]), array([0.15504751]))","(array([0.09265849]), array([0.16048922]))","(array([0.09247546]), array([0.1601722]))","(array([0.09200412]), array([0.1593558]))","(array([0.0912651]), array([0.15807579]))","(array([0.08909398]), array([0.15431529]))","(array([0.08577428]), array([0.14856541]))","(array([0.08281612]), array([0.14344172]))","(array([0.08016825]), array([0.13885548]))"
(0.28685897208703914+0j),[5.57634401e-15],[1.],[0.73138273],[1.],"(array([0.12425238]), array([0.21521144]))","(array([0.04557246]), array([0.07893382]))","(array([0.0475291]), array([0.08232281]))","(array([0.05617782]), array([0.09730285]))","(array([0.07005952]), array([0.12134665]))","(array([0.08126265]), array([0.14075104]))","(array([0.08950161]), array([0.15502133]))","(array([0.09264995]), array([0.16047442]))","(array([0.09247133]), array([0.16016504]))","(array([0.09200408]), array([0.15935575]))","(array([0.09126877]), array([0.15808215]))","(array([0.08910003]), array([0.15432578]))","(array([0.08578148]), array([0.14857788]))","(array([0.08282412]), array([0.14345558]))","(array([0.0801767]), array([0.13887012]))","(array([0.08048799]), array([0.13940929]))"
(0.30975065887347014+0j),[2.15043659e-15],[1.],[0.75016813],[1.],"(array([0.12860337]), array([0.22274757]))","(array([0.0474981]), array([0.08226911]))","(array([0.05614725]), array([0.09724989]))","(array([0.07003159]), array([0.12129828]))","(array([0.08124014]), array([0.14071206]))","(array([0.08948652]), array([0.15499519]))","(array([0.09264118]), array([0.16045922]))","(array([0.09246684]), array([0.16015727]))","(array([0.09200365]), array([0.159355]))","(array([0.09127198]), array([0.15808771]))","(array([0.08910556]), array([0.15433535]))","(array([0.08578815]), array([0.14858944]))","(array([0.08283169]), array([0.14346869]))","(array([0.08018487]), array([0.13888427]))","(array([0.08049688]), array([0.13942469]))","(array([0.08306308]), array([0.14386947]))"
(0.33086991330419613+0j),[2.66120811e-15],[1.],[0.76194811],[1.],"(array([0.13212602]), array([0.22884898]))","(array([0.05611438]), array([0.09719296]))","(array([0.06999994]), array([0.12124344]))","(array([0.08121324]), array([0.14066546]))","(array([0.08946723]), array([0.15496179]))","(array([0.09262879]), array([0.16043777]))","(array([0.09245934]), array([0.16014428]))","(array([0.09200098]), array([0.15935038]))","(array([0.09127373]), array([0.15809073]))","(array([0.08911013]), array([0.15434327]))","(array([0.08579417]), array([0.14859987]))","(array([0.0828389]), array([0.14348119]))","(array([0.08019303]), array([0.1388984]))","(array([0.08050643]), array([0.13944123]))","(array([0.08307389]), array([0.1438882]))","(array([0.08466134]), array([0.14663775]))"
(0.34842547865694096+0j),[-4.44987772e-15],[1.],[0.76704941],[1.],"(array([0.14145593]), array([0.24500886]))","(array([0.06996539]), array([0.12118361]))","(array([0.08118051]), array([0.14060877]))","(array([0.08944059]), array([0.15491564]))","(array([0.09260909]), array([0.16040366]))","(array([0.09244547]), array([0.16012025]))","(array([0.09199305]), array([0.15933663]))","(array([0.09127123]), array([0.15808641]))","(array([0.08911115]), array([0.15434504]))","(array([0.08579708]), array([0.1486049]))","(array([0.08284348]), array([0.14348912]))","(array([0.08019915]), array([0.13890901]))","(array([0.08051539]), array([0.13945675]))","(array([0.0830861]), array([0.14390934]))","(array([0.08467525]), array([0.14666183]))","(array([0.08537661]), array([0.14787663]))"
(0.3782020332261507+0j),[1.84565233e-15],[1.],[0.77669353],[1.],"(array([0.1559222]), array([0.27006518]))","(array([0.08114592]), array([0.14054886]))","(array([0.08940877]), array([0.15486053]))","(array([0.09258279]), array([0.1603581]))","(array([0.09242487]), array([0.16008457]))","(array([0.09197877]), array([0.1593119]))","(array([0.09126308]), array([0.15807229]))","(array([0.08910707]), array([0.15433798]))","(array([0.08579516]), array([0.14860158]))","(array([0.08284355]), array([0.14348924]))","(array([0.08020117]), array([0.1389125]))","(array([0.08052135]), array([0.13946707]))","(array([0.0830974]), array([0.14392892]))","(array([0.0846903]), array([0.1466879]))","(array([0.08539391]), array([0.14790659]))","(array([0.08599293]), array([0.14894412]))"
(0.4021492474302189+0j),[1.79274231e-15],[1.],[0.77630786],[1.],"(array([0.16737937]), array([0.28990957]))","(array([0.08937641]), array([0.15480449]))","(array([0.09255245]), array([0.16030555]))","(array([0.09239865]), array([0.16003915]))","(array([0.09195799]), array([0.15927591]))","(array([0.09124813]), array([0.15804639]))","(array([0.08909619]), array([0.15431912]))","(array([0.08578637]), array([0.14858636]))","(array([0.08283689]), array([0.1434777]))","(array([0.08019677]), array([0.13890488]))","(array([0.08052198]), array([0.13946816]))","(array([0.08310521]), array([0.14394245]))","(array([0.08470389]), array([0.14671144]))","(array([0.08541163]), array([0.14793728]))","(array([0.08601428]), array([0.14898109]))","(array([0.08626858]), array([0.14942156]))"
(0.4206019052539094+0j),[4.54675343e-15],[1.],[0.76923018],[1.],"(array([0.17502488]), array([0.30315199]))","(array([0.09252229]), array([0.16025331]))","(array([0.09236967]), array([0.15998897]))","(array([0.09193219]), array([0.15923122]))","(array([0.09122671]), array([0.15800929]))","(array([0.08907801]), array([0.15428764]))","(array([0.08576999]), array([0.14855799]))","(array([0.08282251]), array([0.1434528]))","(array([0.08018477]), array([0.1388841]))","(array([0.0805156]), array([0.1394571]))","(array([0.08310706]), array([0.14394565]))","(array([0.08471328]), array([0.1467277]))","(array([0.08542743]), array([0.14796465]))","(array([0.08603564]), array([0.1490181]))","(array([0.08629473]), array([0.14946686]))","(array([0.08568274]), array([0.14840686]))"
(0.43524283094245053+0j),[9.76494901e-15],[1.],[0.7580919],[1.],"(array([0.17702289]), array([0.30661263]))","(array([0.09234046]), array([0.15993838]))","(array([0.09190332]), array([0.15918122]))","(array([0.09119997]), array([0.15796298]))","(array([0.08905332]), array([0.15424487]))","(array([0.0857466]), array([0.14851746]))","(array([0.08280087]), array([0.14341532]))","(array([0.08016553]), array([0.13885078]))","(array([0.08050206]), array([0.13943366]))","(array([0.0831023]), array([0.14393741]))","(array([0.08471729]), array([0.14673466]))","(array([0.08543959]), array([0.14798572]))","(array([0.08605571]), array([0.14905286]))","(array([0.08632138]), array([0.14951301]))","(array([0.08571418]), array([0.14846132]))","(array([0.08453404]), array([0.14641724]))"
(0.4443971687596619+0j),[6.68819334e-15],[1.],[0.74380743],[1.],"(array([0.17529961]), array([0.30362783]))","(array([0.09187362]), array([0.15912978]))","(array([0.09116953]), array([0.15791026]))","(array([0.08902321]), array([0.15419273]))","(array([0.08571702]), array([0.14846624]))","(array([0.0827726]), array([0.14336634]))","(array([0.08013943]), array([0.13880556]))","(array([0.08048146]), array([0.13939798]))","(array([0.08309066]), array([0.14391724]))","(array([0.08471514]), array([0.14673093]))","(array([0.08544687]), array([0.14799831]))","(array([0.08607276]), array([0.14908239]))","(array([0.08634734]), array([0.14955798]))","(array([0.08574646]), array([0.14851722]))","(array([0.08457071]), array([0.14648077]))","(array([0.08299263]), array([0.14374745]))"
(0.4516254510258495+0j),[1.3887535e-14],[1.],[0.72859201],[1.],"(array([0.17306746]), array([0.29976164]))","(array([0.09113781]), array([0.15785532]))","(array([0.08898977]), array([0.15413481]))","(array([0.08568302]), array([0.14840734]))","(array([0.08273914]), array([0.1433084]))","(array([0.08010759]), array([0.13875041]))","(array([0.08045452]), array([0.13935131]))","(array([0.08307235]), array([0.14388552]))","(array([0.08470654]), array([0.14671602]))","(array([0.0854484]), array([0.14800097]))","(array([0.08608532]), array([0.14910415]))","(array([0.08637068]), array([0.14959841]))","(array([0.0857781]), array([0.14857203]))","(array([0.08460826]), array([0.1465458]))","(array([0.08303365]), array([0.1438185]))","(array([0.08122895]), array([0.14069267]))"
(0.45710505050263006+0j),[1.27577434e-14],[1.],[0.71276749],[1.],"(array([0.17056422]), array([0.2954259]))","(array([0.08895412]), array([0.15407306]))","(array([0.08564631]), array([0.14834376]))","(array([0.08270262]), array([0.14324514]))","(array([0.08007245]), array([0.13868956]))","(array([0.08042424]), array([0.13929888]))","(array([0.08305104]), array([0.14384863]))","(array([0.08469556]), array([0.14669701]))","(array([0.08544828]), array([0.14800076]))","(array([0.08609713]), array([0.1491246]))","(array([0.08639438]), array([0.14963946]))","(array([0.08581133]), array([0.14862959]))","(array([0.08464833]), array([0.14661521]))","(array([0.08307783]), array([0.14389502]))","(array([0.08127438]), array([0.14077135]))","(array([0.07946765]), array([0.137642]))"
(0.46157821437107943+0j),[1.3727757e-14],[1.],[0.69659977],[1.],"(array([0.16666523]), array([0.28867264]))","(array([0.08560755]), array([0.14827662]))","(array([0.08266451]), array([0.14317913]))","(array([0.08003607]), array([0.13862655]))","(array([0.08039334]), array([0.13924534]))","(array([0.08303009]), array([0.14381234]))","(array([0.08468605]), array([0.14668053]))","(array([0.08545057]), array([0.14800473]))","(array([0.08611211]), array([0.14915055]))","(array([0.08642184]), array([0.14968702]))","(array([0.08584863]), array([0.1486942]))","(array([0.08469262]), array([0.14669192]))","(array([0.08312608]), array([0.1439786]))","(array([0.08132361]), array([0.14085662]))","(array([0.07951505]), array([0.13772411]))","(array([0.077756]), array([0.13467735]))"
(0.4362698730310139+0j),[1.54442274e-14],[1.],[0.67583322],[1.],"(array([0.16133552]), array([0.27944131]))","(array([0.0826249]), array([0.14311053]))","(array([0.0799987]), array([0.13856181]))","(array([0.08036213]), array([0.1391913]))","(array([0.08300977]), array([0.14377714]))","(array([0.08467816]), array([0.14666688]))","(array([0.08545539]), array([0.14801308]))","(array([0.0861304]), array([0.14918223]))","(array([0.0864532]), array([0.14974133]))","(array([0.08589007]), array([0.14876597]))","(array([0.08474098]), array([0.14677568]))","(array([0.08317816]), array([0.14406879]))","(array([0.08137636]), array([0.14094799]))","(array([0.07956563]), array([0.13781172]))","(array([0.07780195]), array([0.13475693]))","(array([0.07577262]), array([0.13124202]))"
(0.4134237651773306+0j),[1.55423609e-14],[1.],[0.65942975],[1.],"(array([0.15646694]), array([0.27100869]))","(array([0.07996248]), array([0.13849909]))","(array([0.08033208]), array([0.13913924]))","(array([0.08299029]), array([0.1437434]))","(array([0.08467075]), array([0.14665404]))","(array([0.08546037]), array([0.1480217]))","(array([0.08614856]), array([0.14921368]))","(array([0.08648412]), array([0.14979489]))","(array([0.08593081]), array([0.14883654]))","(array([0.08478841]), array([0.14685783]))","(array([0.08322912]), array([0.14415707]))","(array([0.08142799]), array([0.14103741]))","(array([0.0796153]), array([0.13789775]))","(array([0.07784717]), array([0.13483526]))","(array([0.07581251]), array([0.13131112]))","(array([0.07388421]), array([0.1279712]))"
(0.3928121403104069+0j),[1.2726536e-14],[1.],[0.6468688],[1.],"(array([0.15241274]), array([0.26398662]))","(array([0.08030415]), array([0.13909088]))","(array([0.08297143]), array([0.14371073]))","(array([0.0846623]), array([0.14663941]))","(array([0.08546284]), array([0.14802597]))","(array([0.08616284]), array([0.14923841]))","(array([0.08651005]), array([0.14983981]))","(array([0.08596592]), array([0.14889733]))","(array([0.08482994]), array([0.14692976]))","(array([0.08327427]), array([0.14423527]))","(array([0.08147419]), array([0.14111744]))","(array([0.07966031]), array([0.1379757]))","(array([0.07788883]), array([0.1349074]))","(array([0.07584963]), array([0.13137541]))","(array([0.07391709]), array([0.12802815]))","(array([0.07248682]), array([0.12555085]))"
(0.37336968904011564+0j),[8.70836622e-15],[1.],[0.63765186],[1.],"(array([0.15170545]), array([0.26276155]))","(array([0.08295284]), array([0.14367853]))","(array([0.08465223]), array([0.14662197]))","(array([0.08546195]), array([0.14802444]))","(array([0.0861722]), array([0.14925463]))","(array([0.08652982]), array([0.14987405]))","(array([0.08599417]), array([0.14894626]))","(array([0.08486444]), array([0.14698952]))","(array([0.08331261]), array([0.14430168]))","(array([0.08151415]), array([0.14118665]))","(array([0.07969994]), array([0.13804435]))","(array([0.07792634]), array([0.13497237]))","(array([0.0758837]), array([0.13143442]))","(array([0.07394766]), array([0.12808111]))","(array([0.07251393]), array([0.1255978]))","(array([0.07143218]), array([0.12372416]))"
(0.36023567956885416+0j),[8.85504209e-15],[1.],[0.63600592],[1.],"(array([0.15388254]), array([0.26653239]))","(array([0.08464116]), array([0.1466028]))","(array([0.08545841]), array([0.14801831]))","(array([0.08617735]), array([0.14926355]))","(array([0.0865441]), array([0.14989878]))","(array([0.08601618]), array([0.14898439]))","(array([0.08489241]), array([0.14703798]))","(array([0.08334455]), array([0.144357]))","(array([0.08154815]), array([0.14124554]))","(array([0.07973433]), array([0.13810391]))","(array([0.07795955]), array([0.1350299]))","(array([0.07591447]), array([0.13148771]))","(array([0.07397563]), array([0.12812954]))","(array([0.07253903]), array([0.12564128]))","(array([0.07145442]), array([0.12376269]))","(array([0.07095319]), array([0.12289453]))"
(0.3475482801740452+0j),[7.57669398e-15],[1.],[0.63680624],[1.],"(array([0.15553821]), array([0.26940008]))","(array([0.08545278]), array([0.14800855]))","(array([0.08618006]), array([0.14926825]))","(array([0.08655586]), array([0.14991914]))","(array([0.08603587]), array([0.14901851]))","(array([0.08491846]), array([0.14708309]))","(array([0.08337503]), array([0.14440979]))","(array([0.08158118]), array([0.14130275]))","(array([0.07976826]), array([0.13816268]))","(array([0.07799284]), array([0.13508757]))","(array([0.07594574]), array([0.13154188]))","(array([0.07400438]), array([0.12817935]))","(array([0.07256509]), array([0.12568643]))","(array([0.07147773]), array([0.12380305]))","(array([0.07097359]), array([0.12292986]))","(array([0.07091538]), array([0.12282905]))"
(0.3357133579774498+0j),[7.18780407e-15],[1.],[0.63999873],[1.],"(array([0.15646744]), array([0.27100955]))","(array([0.086178]), array([0.14926468]))","(array([0.08656317]), array([0.1499318]))","(array([0.08605196]), array([0.14904636]))","(array([0.08494206]), array([0.14712397]))","(array([0.08340436]), array([0.14446058]))","(array([0.08161435]), array([0.14136019]))","(array([0.07980354]), array([0.13822378]))","(array([0.07802857]), array([0.13514946]))","(array([0.07598017]), array([0.13160151]))","(array([0.07403671]), array([0.12823534]))","(array([0.072595]), array([0.12573824]))","(array([0.07150499]), array([0.12385028]))","(array([0.07099801]), array([0.12297215]))","(array([0.07093666]), array([0.1228659]))","(array([0.0710306]), array([0.12302861]))"
(0.32464157487125905+0j),[9.53216544e-15],[1.],[0.64536059],[1.],"(array([0.15755725]), array([0.27289716]))","(array([0.08656067]), array([0.14992748]))","(array([0.08605769]), array([0.14905628]))","(array([0.08495572]), array([0.14714762]))","(array([0.0834249]), array([0.14449617]))","(array([0.0816404]), array([0.14140531]))","(array([0.07983366]), array([0.13827596]))","(array([0.07806125]), array([0.13520605]))","(array([0.07601323]), array([0.13165878]))","(array([0.07406889]), array([0.12829108]))","(array([0.07262586]), array([0.12579167]))","(array([0.07153412]), array([0.12390073]))","(array([0.07102508]), array([0.12301905]))","(array([0.07096135]), array([0.12290866]))","(array([0.07105258]), array([0.12306668]))","(array([0.07139607]), array([0.12366161]))"
(0.320931677492454+0j),[4.70097476e-15],[1.],[0.65931209],[1.],"(array([0.15892246]), array([0.27526177]))","(array([0.0860502]), array([0.14904332]))","(array([0.08495522]), array([0.14714676]))","(array([0.08343154]), array([0.14450766]))","(array([0.08165372]), array([0.14142839]))","(array([0.07985291]), array([0.1383093]))","(array([0.07808531]), array([0.13524772]))","(array([0.07603978]), array([0.13170477]))","(array([0.07409619]), array([0.12833837]))","(array([0.07265342]), array([0.12583941]))","(array([0.0715614]), array([0.12394798]))","(array([0.07105169]), array([0.12306514]))","(array([0.07098688]), array([0.12295288]))","(array([0.07107661]), array([0.1231083]))","(array([0.07141815]), array([0.12369986]))","(array([0.07238243]), array([0.12537005]))"
(0.31810940295293805+0j),[2.95665176e-15],[1.],[0.67375171],[1.],"(array([0.15993878]), array([0.27702209]))","(array([0.08493878]), array([0.14711828]))","(array([0.08342092]), array([0.14448928]))","(array([0.08164976]), array([0.14142154]))","(array([0.07985588]), array([0.13831445]))","(array([0.07809489]), array([0.13526432]))","(array([0.07605393]), array([0.13172926]))","(array([0.07411294]), array([0.12836737]))","(array([0.0726722]), array([0.12587193]))","(array([0.07158168]), array([0.1239831]))","(array([0.07107312]), array([0.12310226]))","(array([0.07100905]), array([0.12299129]))","(array([0.07109896]), array([0.12314702]))","(array([0.07144015]), array([0.12373797]))","(array([0.07240351]), array([0.12540656]))","(array([0.07391654]), array([0.1280272]))"
(0.31634981169897125+0j),[6.42912752e-15],[1.],[0.68841793],[1.],"(array([0.16042797]), array([0.27786939]))","(array([0.08339311]), array([0.14444111]))","(array([0.08162717]), array([0.14138241]))","(array([0.07983997]), array([0.13828689]))","(array([0.07808642]), array([0.13524964]))","(array([0.07605153]), array([0.13172512]))","(array([0.07411485]), array([0.12837068]))","(array([0.07267787]), array([0.12588177]))","(array([0.07159061]), array([0.12399857]))","(array([0.07108508]), array([0.12312296]))","(array([0.07102374]), array([0.12301673]))","(array([0.07111581]), array([0.1231762]))","(array([0.07145854]), array([0.12376983]))","(array([0.07242291]), array([0.12544016]))","(array([0.07393624]), array([0.12806133]))","(array([0.07552732]), array([0.13081716]))"
(0.3158115603290565+0j),[7.12722961e-15],[1.],[0.70298642],[1.],"(array([0.16049104]), array([0.27797864]))","(array([0.08158723]), array([0.14131322]))","(array([0.07980527]), array([0.13822678]))","(array([0.07805881]), array([0.13520183]))","(array([0.07603076]), array([0.13168914]))","(array([0.07409966]), array([0.12834437]))","(array([0.07266792]), array([0.12586452]))","(array([0.07158549]), array([0.1239897]))","(array([0.07108467]), array([0.12312226]))","(array([0.0710279]), array([0.12302394]))","(array([0.07112408]), array([0.12319051]))","(array([0.07147036]), array([0.1237903]))","(array([0.07243783]), array([0.125466]))","(array([0.07395358]), array([0.12809135]))","(array([0.07554605]), array([0.1308496]))","(array([0.07714759]), array([0.13362354]))"
(0.3450741500147982+0j),[1.02329056e-14],[1.],[0.74070705],[1.],"(array([0.16163814]), array([0.27996547]))","(array([0.07975386]), array([0.13813773]))","(array([0.07801295]), array([0.13512239]))","(array([0.07599153]), array([0.13162119]))","(array([0.07406669]), array([0.12828727]))","(array([0.07264116]), array([0.12581818]))","(array([0.07156478]), array([0.12395384]))","(array([0.07107007]), array([0.12309697]))","(array([0.07101943]), array([0.12300926]))","(array([0.0711214]), array([0.12318589]))","(array([0.07147307]), array([0.12379499]))","(array([0.0724457]), array([0.12547964]))","(array([0.07396603]), array([0.12811293]))","(array([0.07556197]), array([0.13087717]))","(array([0.07716585]), array([0.13365517]))","(array([0.0801147]), array([0.13876273]))"
(0.375213705333007+0j),[4.7602259e-15],[1.],[0.7655838],[1.],"(array([0.16340152]), array([0.28301974]))","(array([0.07795713]), array([0.13502571]))","(array([0.07594057]), array([0.13153293]))","(array([0.07402124]), array([0.12820855]))","(array([0.07260156]), array([0.12574959]))","(array([0.07153121]), array([0.1238957]))","(array([0.07104284]), array([0.1230498]))","(array([0.0709988]), array([0.12297354]))","(array([0.07110727]), array([0.1231614]))","(array([0.0714652]), array([0.12378136]))","(array([0.0724441]), array([0.12547686]))","(array([0.07397043]), array([0.12812055]))","(array([0.07557144]), array([0.13089358]))","(array([0.07717929]), array([0.13367845]))","(array([0.08013172]), array([0.13879221]))","(array([0.08371663]), array([0.14500146]))"
(0.40489599055386+0j),[4.68596046e-15],[1.],[0.77774636],[1.],"(array([0.163838]), array([0.28377574]))","(array([0.07588512]), array([0.13143688]))","(array([0.07396953]), array([0.12811898]))","(array([0.07255423]), array([0.12566762]))","(array([0.07148884]), array([0.1238223]))","(array([0.07100597]), array([0.12298594]))","(array([0.07096796]), array([0.12292011]))","(array([0.07108266]), array([0.12311877]))","(array([0.07144687]), array([0.12374962]))","(array([0.0724323]), array([0.12545643]))","(array([0.07396523]), array([0.12811153]))","(array([0.0755723]), array([0.13089505]))","(array([0.07718536]), array([0.13368896]))","(array([0.08014293]), array([0.13881163]))","(array([0.08373239]), array([0.14502876]))","(array([0.08594998]), array([0.14886973]))"
(0.43334564536942677+0j),[1.42412911e-14],[1.],[0.77773016],[1.],"(array([0.16250367]), array([0.28146461]))","(array([0.07391434]), array([0.12802339]))","(array([0.07250169]), array([0.12557661]))","(array([0.07143975]), array([0.12373728]))","(array([0.07096113]), array([0.12290829]))","(array([0.07092817]), array([0.1228512]))","(array([0.07104848]), array([0.12305957]))","(array([0.07141868]), array([0.12370079]))","(array([0.0724106]), array([0.12541884]))","(array([0.07395038]), array([0.12808582]))","(array([0.07556416]), array([0.13088097]))","(array([0.07718351]), array([0.13368575]))","(array([0.08014782]), array([0.13882009]))","(array([0.08374376]), array([0.14504844]))","(array([0.08596599]), array([0.14889746]))","(array([0.08668563]), array([0.15014391]))"
(0.43107389049569916+0j),[1.05910691e-14],[1.],[0.76180639],[1.],"(array([0.15957616]), array([0.27639402]))","(array([0.07244874]), array([0.1254849]))","(array([0.07138846]), array([0.12364844]))","(array([0.07091234]), array([0.12282377]))","(array([0.07088288]), array([0.12277274]))","(array([0.07100761]), array([0.12298878]))","(array([0.07138296]), array([0.12363891]))","(array([0.07238077]), array([0.12536717]))","(array([0.0739271]), array([0.12804549]))","(array([0.07554766]), array([0.13085238]))","(array([0.07717375]), array([0.13366885]))","(array([0.08014582]), array([0.13881663]))","(array([0.08374994]), array([0.14505915]))","(array([0.08597869]), array([0.14891947]))","(array([0.08670287]), array([0.15017377]))","(array([0.08572304]), array([0.14847667]))"
(0.4287937888167812+0j),[1.49047017e-14],[1.],[0.74649135],[1.],"(array([0.15631409]), array([0.27074395]))","(array([0.0713382]), array([0.12356138]))","(array([0.0708626]), array([0.12273763]))","(array([0.0708347]), array([0.12268931]))","(array([0.07096224]), array([0.1229102]))","(array([0.07134145]), array([0.12356702]))","(array([0.07234414]), array([0.12530373]))","(array([0.07389631]), array([0.12799217]))","(array([0.07552332]), array([0.13081023]))","(array([0.07715626]), array([0.13363856]))","(array([0.08013663]), array([0.13880071]))","(array([0.08375018]), array([0.14505957]))","(array([0.08598729]), array([0.14893435]))","(array([0.08671798]), array([0.15019995]))","(array([0.08574183]), array([0.1485092]))","(array([0.08392272]), array([0.14535842]))"
(0.4263548826208149+0j),[1.44597143e-14],[1.],[0.73184225],[1.],"(array([0.15351874]), array([0.26590225]))","(array([0.07081563]), array([0.12265627]))","(array([0.07078772]), array([0.12260794]))","(array([0.07091653]), array([0.12283103]))","(array([0.07129826]), array([0.12349222]))","(array([0.07230468]), array([0.12523537]))","(array([0.07386174]), array([0.12793228]))","(array([0.07549456]), array([0.13076042]))","(array([0.07713398]), array([0.13359998]))","(array([0.08012255]), array([0.13877633]))","(array([0.08374581]), array([0.14505199]))","(array([0.08599214]), array([0.14894276]))","(array([0.08673064]), array([0.15022187]))","(array([0.08575932]), array([0.14853949]))","(array([0.08394262]), array([0.14539288]))","(array([0.08223367]), array([0.1424329]))"
(0.42353555760651407+0j),[1.44381456e-14],[1.],[0.71796743],[1.],"(array([0.15146246]), array([0.26234067]))","(array([0.07074474]), array([0.12253348]))","(array([0.07087373]), array([0.1227569]))","(array([0.07125687]), array([0.12342052]))","(array([0.07226592]), array([0.12516825]))","(array([0.07382688]), array([0.12787191]))","(array([0.07546472]), array([0.13070873]))","(array([0.07711001]), array([0.13355845]))","(array([0.08010619]), array([0.138748]))","(array([0.0837387]), array([0.14503969]))","(array([0.08599416]), array([0.14894626]))","(array([0.08674084]), array([0.15023955]))","(array([0.08577495]), array([0.14856656]))","(array([0.08396117]), array([0.14542501]))","(array([0.0822541]), array([0.14246827]))","(array([0.08069601]), array([0.13976958]))"
(0.40719336362340547+0j),[1.30787538e-14],[1.],[0.70034879],[1.],"(array([0.14968192]), array([0.25925668]))","(array([0.07083449]), array([0.12268894]))","(array([0.07121798]), array([0.12335316]))","(array([0.0722285]), array([0.12510344]))","(array([0.07379227]), array([0.12781196]))","(array([0.0754342]), array([0.13065586]))","(array([0.07708464]), array([0.13351451]))","(array([0.08008779]), array([0.13871613]))","(array([0.08372902]), array([0.14502292]))","(array([0.0859934]), array([0.14894493]))","(array([0.0867484]), array([0.15025263]))","(array([0.08578838]), array([0.14858983]))","(array([0.0839781]), array([0.14545433]))","(array([0.08227343]), array([0.14250177]))","(array([0.08071677]), array([0.13980554]))","(array([0.0789812]), array([0.13679945]))"
(0.39176032933626015+0j),[1.22333758e-14],[1.],[0.68592536],[1.],"(array([0.14799222]), array([0.25633004]))","(array([0.07118046]), array([0.12328818]))","(array([0.07219153]), array([0.12503941]))","(array([0.07375711]), array([0.12775106]))","(array([0.07540232]), array([0.13060065]))","(array([0.07705734]), array([0.13346722]))","(array([0.08006703]), array([0.13868016]))","(array([0.08371676]), array([0.14500168]))","(array([0.08599009]), array([0.1489392]))","(array([0.08675369]), array([0.15026179]))","(array([0.0858]), array([0.14860995]))","(array([0.08399377]), array([0.14548148]))","(array([0.08229217]), array([0.14253422]))","(array([0.08073751]), array([0.13984146]))","(array([0.07900271]), array([0.1368367]))","(array([0.07719996]), array([0.13371425]))"
(0.377289857572896+0j),[1.05066942e-14],[1.],[0.6745396],[1.],"(array([0.14682604]), array([0.25431016]))","(array([0.07215402]), array([0.12497443]))","(array([0.07372006]), array([0.12768689]))","(array([0.07536738]), array([0.13054014]))","(array([0.07702616]), array([0.13341323]))","(array([0.08004183]), array([0.13863652]))","(array([0.08369993]), array([0.14497252]))","(array([0.08598263]), array([0.14892629]))","(array([0.08675562]), array([0.15026515]))","(array([0.08580916]), array([0.14862583]))","(array([0.08400786]), array([0.14550589]))","(array([0.0823103]), array([0.14256562]))","(array([0.08075868]), array([0.13987813]))","(array([0.07902547]), array([0.13687613]))","(array([0.07722314]), array([0.13375441]))","(array([0.075687]), array([0.13109373]))"
(0.3636519724402654+0j),[9.13984151e-15],[1.],[0.6659721],[1.],"(array([0.14657065]), array([0.25386781]))","(array([0.0736827]), array([0.12762218]))","(array([0.07533012]), array([0.13047559]))","(array([0.07699097]), array([0.13335228]))","(array([0.08001114]), array([0.13858337]))","(array([0.08367667]), array([0.14493224]))","(array([0.08596872]), array([0.14890219]))","(array([0.08675183]), array([0.15025858]))","(array([0.0858137]), array([0.14863368]))","(array([0.08401846]), array([0.14552424]))","(array([0.08232613]), array([0.14259304]))","(array([0.08077895]), array([0.13991324]))","(array([0.07904861]), array([0.1369162]))","(array([0.07724768]), array([0.13379691]))","(array([0.07571214]), array([0.13113727]))","(array([0.07445684]), array([0.12896304]))"
(0.3599865843222732+0j),[9.99324979e-15],[1.],[0.6669966],[1.],"(array([0.14756682]), array([0.25559322]))","(array([0.07529332]), array([0.13041186]))","(array([0.07695401]), array([0.13328826]))","(array([0.07997637]), array([0.13852314]))","(array([0.08364739]), array([0.14488152]))","(array([0.08594787]), array([0.14886608]))","(array([0.08674117]), array([0.15024012]))","(array([0.0858121]), array([0.14863092]))","(array([0.08402393]), array([0.14553372]))","(array([0.08233797]), array([0.14261355]))","(array([0.08079649]), array([0.13994362]))","(array([0.0790703]), array([0.13695378]))","(array([0.07727195]), array([0.13383895]))","(array([0.07573806]), array([0.13118216]))","(array([0.07448355]), array([0.12900929]))","(array([0.0739236]), array([0.12803943]))"
(0.35643875559920474+0j),[5.49643675e-15],[1.],[0.66887021],[1.],"(array([0.14922539]), array([0.25846597]))","(array([0.07691824]), array([0.1332263]))","(array([0.07993982]), array([0.13845982]))","(array([0.08361336]), array([0.14482258]))","(array([0.08592029]), array([0.14881831]))","(array([0.08672292]), array([0.1502085]))","(array([0.08580306]), array([0.14861526]))","(array([0.08402267]), array([0.14553153]))","(array([0.08234402]), array([0.14262403]))","(array([0.08080932]), array([0.13996584]))","(array([0.07908843]), array([0.13698519]))","(array([0.07729384]), array([0.13387686]))","(array([0.07576284]), array([0.13122508]))","(array([0.07451024]), array([0.12905552]))","(array([0.07395159]), array([0.12808791]))","(array([0.07396999]), array([0.12811978]))"
(0.35302111853214496+0j),[7.61215492e-15],[1.],[0.67158717],[1.],"(array([0.15101308]), array([0.26156232]))","(array([0.07990388]), array([0.13839758]))","(array([0.08357664]), array([0.14475899]))","(array([0.08588737]), array([0.14876129]))","(array([0.0866977]), array([0.15016482]))","(array([0.08578659]), array([0.14858674]))","(array([0.08401428]), array([0.14551701]))","(array([0.08234361]), array([0.14262332]))","(array([0.08081647]), array([0.13997823]))","(array([0.07910175]), array([0.13700825]))","(array([0.07731185]), array([0.13390806]))","(array([0.07578481]), array([0.13126314]))","(array([0.07453529]), array([0.12909891]))","(array([0.07397914]), array([0.12813563]))","(array([0.0739993]), array([0.12817055]))","(array([0.07413187]), array([0.12840016]))"
(0.3491944251374049+0j),[5.8318887e-15],[1.],[0.675131],[1.],"(array([0.15427075]), array([0.26720478]))","(array([0.08353907]), array([0.14469392]))","(array([0.08585072]), array([0.14869781]))","(array([0.08666663]), array([0.15011101]))","(array([0.08576333]), array([0.14854645]))","(array([0.08399904]), array([0.14549061]))","(array([0.08233669]), array([0.14261133]))","(array([0.08081767]), array([0.13998031]))","(array([0.07910977]), array([0.13702214]))","(array([0.07732528]), array([0.13393132]))","(array([0.07580302]), array([0.13129468]))","(array([0.07455753]), array([0.12913744]))","(array([0.07400504]), array([0.12818049]))","(array([0.07402816]), array([0.12822053]))","(array([0.07416246]), array([0.12845314]))","(array([0.07440675]), array([0.12887627]))"
(0.30077467688493437+0j),[4.99300293e-15],[1.],[0.63734668],[1.],"(array([0.15602496]), array([0.27024316]))","(array([0.08581187]), array([0.14863052]))","(array([0.08663071]), array([0.1500488]))","(array([0.08573371]), array([0.14849514]))","(array([0.08397692]), array([0.14545229]))","(array([0.08232286]), array([0.14258738]))","(array([0.08081228]), array([0.13997097]))","(array([0.07911172]), array([0.13702552]))","(array([0.07733325]), array([0.13394512]))","(array([0.07581643]), array([0.13131791]))","(array([0.07457581]), array([0.12916908]))","(array([0.07402799]), array([0.12822024]))","(array([0.07405526]), array([0.12826747]))","(array([0.07419242]), array([0.12850503]))","(array([0.07443838]), array([0.12893106]))","(array([0.07252583]), array([0.12561842]))"
(0.25622301136284836+0j),[4.12997213e-15],[1.],[0.59837486],[1.],"(array([0.15395053]), array([0.26665014]))","(array([0.08659016]), array([0.14997855]))","(array([0.08569781]), array([0.14843296]))","(array([0.08394785]), array([0.14540194]))","(array([0.08230193]), array([0.14255113]))","(array([0.08080005]), array([0.13994979]))","(array([0.07910734]), array([0.13701794]))","(array([0.0773355]), array([0.13394901]))","(array([0.07582481]), array([0.13133243]))","(array([0.07458978]), array([0.12919329]))","(array([0.07404766]), array([0.12825431]))","(array([0.07408028]), array([0.12831081]))","(array([0.0742215]), array([0.12855541]))","(array([0.07447008]), array([0.12898597]))","(array([0.07255754]), array([0.12567335]))","(array([0.06818233]), array([0.11809525]))"
(0.21563243180415817+0j),[4.49677795e-15],[1.],[0.55838826],[1.],"(array([0.15026742]), array([0.26027081]))","(array([0.08565635]), array([0.14836116]))","(array([0.08391335]), array([0.14534218]))","(array([0.08227602]), array([0.14250624]))","(array([0.08078358]), array([0.13992126]))","(array([0.07909962]), array([0.13700456]))","(array([0.07733528]), array([0.13394864]))","(array([0.07583158]), array([0.13134415]))","(array([0.07460293]), array([0.12921607]))","(array([0.07406737]), array([0.12828844]))","(array([0.07410637]), array([0.128356]))","(array([0.07425267]), array([0.1286094]))","(array([0.07450459]), array([0.12904573]))","(array([0.0725922]), array([0.12573339]))","(array([0.06821521]), array([0.11815221]))","(array([0.06372533]), array([0.11037551]))"
(0.1794744923294703+0j),[2.05502807e-15],[1.],[0.51784956],[1.],"(array([0.14484234]), array([0.25087429]))","(array([0.08387436]), array([0.14527465]))","(array([0.08224657]), array([0.14245523]))","(array([0.08076476]), array([0.13988867]))","(array([0.07909072]), array([0.13698914]))","(array([0.07733489]), array([0.13394796]))","(array([0.0758391]), array([0.13135718]))","(array([0.07461766]), array([0.12924158]))","(array([0.07408952]), array([0.12832681]))","(array([0.07413584]), array([0.12840705]))","(array([0.0742879]), array([0.12867042]))","(array([0.07454365]), array([0.12911338]))","(array([0.07263135]), array([0.12580118]))","(array([0.06825226]), array([0.11821639]))","(array([0.06376076]), array([0.11043687]))","(array([0.05923388]), array([0.10259609]))"
(0.14889895800890257+0j),[3.67415821e-15],[1.],[0.4799923],[1.],"(array([0.138711]), array([0.2402545]))","(array([0.08221255]), array([0.14239631]))","(array([0.08074226]), array([0.13984969]))","(array([0.07907913]), array([0.13696907]))","(array([0.07733275]), array([0.13394424]))","(array([0.07584575]), array([0.1313687]))","(array([0.07463234]), array([0.129267]))","(array([0.07411254]), array([0.12836669]))","(array([0.07416714]), array([0.12846125]))","(array([0.0743258]), array([0.12873607]))","(array([0.07458616]), array([0.12918703]))","(array([0.07267407]), array([0.12587519]))","(array([0.06829252]), array([0.11828611]))","(array([0.06379915]), array([0.11050337]))","(array([0.05927083]), array([0.10266009]))","(array([0.05488162]), array([0.09505775]))"
(0.1222853169903288+0j),[6.05021621e-15],[1.],[0.44231485],[1.],"(array([0.13297957]), array([0.23032737]))","(array([0.08071609]), array([0.13980437]))","(array([0.07906349]), array([0.13694198]))","(array([0.07732647]), array([0.13393337]))","(array([0.0758483]), array([0.13137311]))","(array([0.07464311]), array([0.12928566]))","(array([0.07413192]), array([0.12840025]))","(array([0.07419503]), array([0.12850956]))","(array([0.07436073]), array([0.12879657]))","(array([0.07462643]), array([0.12925677]))","(array([0.07271488]), array([0.12594586]))","(array([0.06833079]), array([0.1183524]))","(array([0.06383551]), array([0.11056635]))","(array([0.05930584]), array([0.10272072]))","(array([0.05491553]), array([0.09511648]))","(array([0.05080462]), array([0.08799618]))"
(0.09928142498191281+0j),[5.80237746e-15],[1.],[0.40488805],[1.],"(array([0.12748567]), array([0.22081165]))","(array([0.07904242]), array([0.13690549]))","(array([0.07731331]), array([0.13391059]))","(array([0.07584292]), array([0.1313638]))","(array([0.07464521]), array([0.1292893]))","(array([0.07414193]), array([0.12841759]))","(array([0.07421308]), array([0.12854083]))","(array([0.0743858]), array([0.12883998]))","(array([0.07465719]), array([0.12931004]))","(array([0.07274665]), array([0.1260009]))","(array([0.06836054]), array([0.11840393]))","(array([0.06386376]), array([0.11061528]))","(array([0.05933305]), array([0.10276786]))","(array([0.05494199]), array([0.09516232]))","(array([0.05083047]), array([0.08804095]))","(array([0.04679971]), array([0.08105948]))"
(0.07980443542972096+0j),[4.29714351e-15],[1.],[0.36817948],[1.],"(array([0.12181268]), array([0.21098575]))","(array([0.07729317]), array([0.13387571]))","(array([0.07582904]), array([0.13133976]))","(array([0.07463759]), array([0.1292761]))","(array([0.0741412]), array([0.12841632]))","(array([0.07421965]), array([0.1285522]))","(array([0.07439906]), array([0.12886295]))","(array([0.07467625]), array([0.12934305]))","(array([0.07276721]), array([0.12603651]))","(array([0.06837966]), array([0.11843704]))","(array([0.0638819]), array([0.11064669]))","(array([0.0593506]), array([0.10279825]))","(array([0.05495921]), array([0.09519215]))","(array([0.05084753]), array([0.0880705]))","(array([0.04681666]), array([0.08108883]))","(array([0.04279674]), array([0.07412613]))"
(0.10318064627611787+0j),[1.99043936e-15],[1.],[0.49065106],[1.],"(array([0.12494318]), array([0.21640794]))","(array([0.07580868]), array([0.13130448]))","(array([0.07462208]), array([0.12924923]))","(array([0.07413132]), array([0.12839921]))","(array([0.07421601]), array([0.1285459]))","(array([0.07440153]), array([0.12886724]))","(array([0.07468426]), array([0.12935693]))","(array([0.07277714]), array([0.12605371]))","(array([0.06838866]), array([0.11845263]))","(array([0.06389031]), array([0.11066126]))","(array([0.05935882]), array([0.10281249]))","(array([0.05496756]), array([0.0952066]))","(array([0.05085616]), array([0.08808546]))","(array([0.0468256]), array([0.08110431]))","(array([0.04280598]), array([0.07414214]))","(array([0.04767574]), array([0.0825768]))"
(0.13507786635465147+0j),[8.37336972e-16],[1.],[0.59844803],[1.],"(array([0.13628845]), array([0.23605852]))","(array([0.07460013]), array([0.12921122]))","(array([0.07411375]), array([0.12836878]))","(array([0.07420372]), array([0.12852461]))","(array([0.07439474]), array([0.12885547]))","(array([0.07468268]), array([0.1293542]))","(array([0.07277775]), array([0.12605476]))","(array([0.06838885]), array([0.11845296]))","(array([0.06389032]), array([0.11066128]))","(array([0.05935893]), array([0.10281269]))","(array([0.05496807]), array([0.0952075]))","(array([0.05085728]), array([0.0880874]))","(array([0.04682741]), array([0.08110745]))","(array([0.04280854]), array([0.07414656]))","(array([0.04768027]), array([0.08258466]))","(array([0.06050657]), array([0.10480045]))"
(0.17320114195957506+0j),[2.46277346e-15],[1.],[0.68921046],[1.],"(array([0.14606309]), array([0.2529887]))","(array([0.07408783]), array([0.12832388]))","(array([0.07418154]), array([0.1284862]))","(array([0.074377]), array([0.12882475]))","(array([0.07466963]), array([0.12933159]))","(array([0.07276713]), array([0.12603636]))","(array([0.06837838]), array([0.11843483]))","(array([0.0638801]), array([0.11064357]))","(array([0.05934915]), array([0.10279574]))","(array([0.05495899]), array([0.09519177]))","(array([0.05084912]), array([0.08807327]))","(array([0.04682034]), array([0.0810952]))","(array([0.04280268]), array([0.07413642]))","(array([0.04767723]), array([0.08257938]))","(array([0.06050742]), array([0.10480192]))","(array([0.07149352]), array([0.12383041]))"
(0.21513632666851643+0j),[-1.01725956e-15],[1.],[0.76149184],[1.],"(array([0.15452276]), array([0.26764128]))","(array([0.07415044]), array([0.12843232]))","(array([0.07434821]), array([0.12877488]))","(array([0.07464403]), array([0.12928725]))","(array([0.07274386]), array([0.12599606]))","(array([0.06835591]), array([0.1183959]))","(array([0.06385829]), array([0.11060581]))","(array([0.05932805]), array([0.1027592]))","(array([0.05493881]), array([0.09515681]))","(array([0.05083007]), array([0.08804026]))","(array([0.0468027]), array([0.08106465]))","(array([0.04278662]), array([0.07410861]))","(array([0.04766468]), array([0.08255765]))","(array([0.06050016]), array([0.10478935]))","(array([0.07149094]), array([0.12382594]))","(array([0.08046973]), array([0.13937767]))"
(0.2923295842330015+0j),[-6.41299718e-15],[1.],[0.84930385],[1.],"(array([0.1635782]), array([0.28332575]))","(array([0.07431268]), array([0.12871334]))","(array([0.0746094]), array([0.12922727]))","(array([0.07271088]), array([0.12593894]))","(array([0.06832413]), array([0.11834087]))","(array([0.06382747]), array([0.11055242]))","(array([0.05929807]), array([0.10270727]))","(array([0.05490979]), array([0.09510654]))","(array([0.05080221]), array([0.087992]))","(array([0.04677619]), array([0.08101874]))","(array([0.04276169]), array([0.07406543]))","(array([0.04764349]), array([0.08252095]))","(array([0.060485]), array([0.1047631]))","(array([0.07148174]), array([0.12381001]))","(array([0.08046588]), array([0.13937099]))","(array([0.08946711]), array([0.15496158]))"
(0.3703042062418747+0j),[-4.29185759e-15],[1.],[0.89278556],[1.],"(array([0.17095095]), array([0.29609572]))","(array([0.074572]), array([0.1291625]))","(array([0.07267392]), array([0.12587493]))","(array([0.06828847]), array([0.1182791]))","(array([0.06379275]), array([0.11049229]))","(array([0.05926409]), array([0.10264841]))","(array([0.05487654]), array([0.09504896]))","(array([0.05076978]), array([0.08793583]))","(array([0.04674476]), array([0.0809643]))","(array([0.04273158]), array([0.07401326]))","(array([0.04761653]), array([0.08247425]))","(array([0.06046363]), array([0.10472608]))","(array([0.07146686]), array([0.12378423]))","(array([0.08045733]), array([0.13935618]))","(array([0.08946502]), array([0.15495797]))","(array([0.09667948]), array([0.16745377]))"
(0.4434332619890666+0j),[-1.36642333e-15],[1.],[0.89516941],[1.],"(array([0.17369702]), array([0.30085206]))","(array([0.07263966]), array([0.12581558]))","(array([0.06825536]), array([0.11822175]))","(array([0.06376028]), array([0.11043604]))","(array([0.05923191]), array([0.10259267]))","(array([0.05484451]), array([0.09499347]))","(array([0.05073792]), array([0.08788066]))","(array([0.04671329]), array([0.08090978]))","(array([0.04270084]), array([0.07396002]))","(array([0.04758785]), array([0.08242457]))","(array([0.06043919]), array([0.10468375]))","(array([0.0714482]), array([0.12375191]))","(array([0.08044519]), array([0.13933515]))","(array([0.08945993]), array([0.15494915]))","(array([0.09668164]), array([0.16745751]))","(array([0.09916553]), array([0.17175974]))"
(0.5080928233747812+0j),[-1.98863039e-16],[1.],[0.8625867],[1.],"(array([0.17002094]), array([0.2944849]))","(array([0.06823001]), array([0.11817784]))","(array([0.06373497]), array([0.11039221]))","(array([0.05920623]), array([0.10254819]))","(array([0.05481823]), array([0.09494796]))","(array([0.05071106]), array([0.08783414]))","(array([0.04668604]), array([0.08086259]))","(array([0.04267356]), array([0.07391277]))","(array([0.04756113]), array([0.0823783]))","(array([0.0604147]), array([0.10464133]))","(array([0.07142797]), array([0.12371687]))","(array([0.08043066]), array([0.13930999]))","(array([0.08945259]), array([0.15493644]))","(array([0.09668163]), array([0.1674575]))","(array([0.09917216]), array([0.17177123]))","(array([0.09741357]), array([0.16872526]))"
(0.5163304615060911+0j),[-3.14494032e-15],[1.],[0.81665678],[1.],"(array([0.16100526]), array([0.27886929]))","(array([0.06372154]), array([0.11036895]))","(array([0.05919158]), array([0.10252282]))","(array([0.05480216]), array([0.09492013]))","(array([0.05069356]), array([0.08780382]))","(array([0.04666728]), array([0.08083009]))","(array([0.04265385]), array([0.07387863]))","(array([0.04754031]), array([0.08234223]))","(array([0.06039362]), array([0.10460482]))","(array([0.07140882]), array([0.12368371]))","(array([0.08041538]), array([0.13928352]))","(array([0.08944339]), array([0.1549205]))","(array([0.09667966]), array([0.16745408]))","(array([0.09917656]), array([0.17177885]))","(array([0.0974236]), array([0.16874262]))","(array([0.09279152]), array([0.16071963]))"
(0.5215895139240857+0j),[-7.75391136e-15],[1.],[0.77133067],[1.],"(array([0.15149265]), array([0.26239296]))","(array([0.05919309]), array([0.10252543]))","(array([0.05480134]), array([0.09491871]))","(array([0.05069036]), array([0.08779829]))","(array([0.04666181]), array([0.08082063]))","(array([0.04264634]), array([0.07386564]))","(array([0.04752981]), array([0.08232405]))","(array([0.06038008]), array([0.10458137]))","(array([0.07139423]), array([0.12365844]))","(array([0.0804018]), array([0.13926]))","(array([0.08943326]), array([0.15490295]))","(array([0.09667503]), array([0.16744607]))","(array([0.09917763]), array([0.17178069]))","(array([0.09743017]), array([0.16875401]))","(array([0.09280229]), array([0.16073828]))","(array([0.08777096]), array([0.15202376]))"
(0.5240511407140458+0j),[-7.70919471e-15],[1.],[0.72728472],[1.],"(array([0.14215203]), array([0.24621453]))","(array([0.05481454]), array([0.09494157]))","(array([0.05070054]), array([0.08781591]))","(array([0.04666902]), array([0.08083312]))","(array([0.04265075]), array([0.07387326]))","(array([0.04752991]), array([0.08232422]))","(array([0.06037501]), array([0.10457259]))","(array([0.07138581]), array([0.12364386]))","(array([0.08039196]), array([0.13924296]))","(array([0.0894242]), array([0.15488726]))","(array([0.09666914]), array([0.16743587]))","(array([0.09917623]), array([0.17177826]))","(array([0.09743362]), array([0.16875998]))","(array([0.09280957]), array([0.16075089]))","(array([0.08778112]), array([0.15204135]))","(array([0.08294587]), array([0.14366646]))"
(0.5239682629157155+0j),[-4.2060412e-15],[1.],[0.68517629],[1.],"(array([0.13313489]), array([0.23059639]))","(array([0.05072006]), array([0.08784972]))","(array([0.04668513]), array([0.08086102]))","(array([0.04266353]), array([0.07389539]))","(array([0.04753766]), array([0.08233765]))","(array([0.06037649]), array([0.10457516]))","(array([0.07138253]), array([0.12363816]))","(array([0.08038558]), array([0.13923191]))","(array([0.08941657]), array([0.15487404]))","(array([0.09666274]), array([0.16742478]))","(array([0.09917322]), array([0.17177305]))","(array([0.09743494]), array([0.16876226]))","(array([0.09281429]), array([0.16075907]))","(array([0.08778856]), array([0.15205424]))","(array([0.08295607]), array([0.14368412]))","(array([0.07830016]), array([0.13561986]))"
(0.5028897527200009+0j),[-6.00356905e-15],[1.],[0.650004],[1.],"(array([0.12485091]), array([0.21624812]))","(array([0.04670944]), array([0.08090312]))","(array([0.04268402]), array([0.07393088]))","(array([0.04755256]), array([0.08236345]))","(array([0.0603843]), array([0.10458868]))","(array([0.07138442]), array([0.12364145]))","(array([0.08038293]), array([0.13922733]))","(array([0.08941082]), array([0.15486408]))","(array([0.09665625]), array([0.16741353]))","(array([0.0991687]), array([0.17176522]))","(array([0.09743407]), array([0.16876075]))","(array([0.09281666]), array([0.16076318]))","(array([0.08779343]), array([0.15206269]))","(array([0.08296366]), array([0.14369727]))","(array([0.07831042]), array([0.13563762]))","(array([0.07410418]), array([0.1283522]))"
(0.4830548778919052+0j),[-5.18495731e-15],[1.],[0.62046468],[1.],"(array([0.11729314]), array([0.20315767]))","(array([0.04271141]), array([0.07397833]))","(array([0.04757375]), array([0.08240015]))","(array([0.06039764]), array([0.10461178]))","(array([0.07139082]), array([0.12365253]))","(array([0.08038351]), array([0.13922832]))","(array([0.08940662]), array([0.15485682]))","(array([0.09664944]), array([0.16740175]))","(array([0.09916234]), array([0.17175421]))","(array([0.09743053]), array([0.16875463]))","(array([0.09281632]), array([0.16076259]))","(array([0.08779582]), array([0.15206682]))","(array([0.08296891]), array([0.14370638]))","(array([0.07831869]), array([0.13565195]))","(array([0.07411462]), array([0.1283703]))","(array([0.07055323]), array([0.12220178]))"
(0.4645998771617108+0j),[-7.36374027e-15],[1.],[0.5961527],[1.],"(array([0.11030419]), array([0.19105246]))","(array([0.0476018]), array([0.08244873]))","(array([0.06041699]), array([0.10464529]))","(array([0.07140209]), array([0.12367204]))","(array([0.08038756]), array([0.13923535]))","(array([0.08940424]), array([0.15485268]))","(array([0.09664259]), array([0.16738987]))","(array([0.09915435]), array([0.17174037]))","(array([0.09742436]), array([0.16874395]))","(array([0.09281311]), array([0.16075702]))","(array([0.08779551]), array([0.15206629]))","(array([0.08297176]), array([0.14371131]))","(array([0.07832487]), array([0.13566266]))","(array([0.0741235]), array([0.12838567]))","(array([0.07056376]), array([0.12222002]))","(array([0.06755886]), array([0.11701538]))"
(0.4459327286844129+0j),[-9.57616558e-16],[1.],[0.57655695],[1.],"(array([0.11274645]), array([0.19528258]))","(array([0.06044316]), array([0.10469063]))","(array([0.07141909]), array([0.1237015]))","(array([0.08039599]), array([0.13924994]))","(array([0.08940446]), array([0.15485307]))","(array([0.0966363]), array([0.16737899]))","(array([0.09914508]), array([0.17172431]))","(array([0.09741557]), array([0.16872872]))","(array([0.09280675]), array([0.160746]))","(array([0.08779206]), array([0.15206031]))","(array([0.08297164]), array([0.14371109]))","(array([0.07832832]), array([0.13566863]))","(array([0.07412996]), array([0.12839686]))","(array([0.07057238]), array([0.12223495]))","(array([0.0675691]), array([0.11703311]))","(array([0.06511105]), array([0.11277565]))"
(0.40752165347009434+0j),[-1.19737606e-15],[1.],[0.55325937],[1.],"(array([0.12323895]), array([0.21345612]))","(array([0.07144191]), array([0.12374101]))","(array([0.08040899]), array([0.13927246]))","(array([0.08940754]), array([0.1548584]))","(array([0.09663087]), array([0.16736957]))","(array([0.09913478]), array([0.17170648]))","(array([0.09740436]), array([0.16870931]))","(array([0.09279733]), array([0.16072969]))","(array([0.08778542]), array([0.1520488]))","(array([0.08296842]), array([0.14370552]))","(array([0.07832887]), array([0.13566958]))","(array([0.07413376]), array([0.12840344]))","(array([0.07057867]), array([0.12224583]))","(array([0.06757748]), array([0.11704762]))","(array([0.0651209]), array([0.11279271]))","(array([0.06276458]), array([0.10871144]))"
(0.36990603986721426+0j),[1.4567575e-15],[1.],[0.53226626],[1.],"(array([0.13173669]), array([0.22817464]))","(array([0.08042663]), array([0.13930301]))","(array([0.08941345]), array([0.15486864]))","(array([0.09662604]), array([0.16736121]))","(array([0.09912316]), array([0.17168636]))","(array([0.0973904]), array([0.16868513]))","(array([0.09278447]), array([0.16070742]))","(array([0.0877752]), array([0.15203111]))","(array([0.08296176]), array([0.14369399]))","(array([0.07832629]), array([0.13566511]))","(array([0.07413485]), array([0.12840532]))","(array([0.07058268]), array([0.12225279]))","(array([0.06758406]), array([0.11705903]))","(array([0.06512941]), array([0.11280744]))","(array([0.06277387]), array([0.10872754]))","(array([0.06026804]), array([0.10438731]))"
(0.33319127410659394+0j),[5.00224607e-15],[1.],[0.51310722],[1.],"(array([0.13846575]), array([0.23982971]))","(array([0.08941962]), array([0.15487932]))","(array([0.09662038]), array([0.1673514]))","(array([0.09911009]), array([0.17166371]))","(array([0.09737492]), array([0.16865831]))","(array([0.09277039]), array([0.16068303]))","(array([0.08776423]), array([0.15201211]))","(array([0.08295488]), array([0.14368207]))","(array([0.07832403]), array([0.13566121]))","(array([0.0741367]), array([0.12840854]))","(array([0.07058782]), array([0.12226168]))","(array([0.06759212]), array([0.11707299]))","(array([0.06513967]), array([0.11282522]))","(array([0.06278494]), array([0.1087467]))","(array([0.06027908]), array([0.10440642]))","(array([0.05802227]), array([0.10049752]))"
(0.29672151069030483+0j),[8.64313785e-15],[1.],[0.49516069],[1.],"(array([0.14541901]), array([0.25187312]))","(array([0.09661283]), array([0.16733833]))","(array([0.09909586]), array([0.17163907]))","(array([0.09735933]), array([0.16863131]))","(array([0.09275723]), array([0.16066024]))","(array([0.08775507]), array([0.15199624]))","(array([0.08295064]), array([0.14367473]))","(array([0.07832507]), array([0.135663]))","(array([0.07414222]), array([0.12841809]))","(array([0.0705968]), array([0.12227725]))","(array([0.06760421]), array([0.11709393]))","(array([0.06515408]), array([0.11285017]))","(array([0.06280004]), array([0.10877287]))","(array([0.06029386]), array([0.10443203]))","(array([0.05803671]), array([0.10052253]))","(array([0.05599881]), array([0.09699278]))"
(0.28429222032786866+0j),[7.80406836e-15],[1.],[0.51889983],[1.],"(array([0.15290957]), array([0.26484715]))","(array([0.09908056]), array([0.17161257]))","(array([0.09734337]), array([0.16860366]))","(array([0.0927445]), array([0.16063819]))","(array([0.08774715]), array([0.15198251]))","(array([0.08294845]), array([0.14367093]))","(array([0.07832885]), array([0.13566954]))","(array([0.0741509]), array([0.12843312]))","(array([0.07060918]), array([0.12229869]))","(array([0.06761985]), array([0.11712102]))","(array([0.06517217]), array([0.11288152]))","(array([0.06281887]), array([0.10880547]))","(array([0.06031222]), array([0.10446383]))","(array([0.05805446]), array([0.10055328]))","(array([0.05601605]), array([0.09702265]))","(array([0.05631179]), array([0.09753488]))"
(0.271899043274651+0j),[5.66049607e-15],[1.],[0.54517655],[1.],"(array([0.15820644]), array([0.27402159]))","(array([0.09732729]), array([0.16857581]))","(array([0.09273197]), array([0.16061648]))","(array([0.08773978]), array([0.15196975]))","(array([0.08294728]), array([0.14366891]))","(array([0.07833414]), array([0.13567871]))","(array([0.07416142]), array([0.12845136]))","(array([0.07062358]), array([0.12232362]))","(array([0.06763755]), array([0.11715167]))","(array([0.06519233]), array([0.11291643]))","(array([0.06283978]), array([0.1088417]))","(array([0.06033266]), array([0.10449923]))","(array([0.05807422]), array([0.10058749]))","(array([0.05603511]), array([0.09705566]))","(array([0.05633115]), array([0.09756842]))","(array([0.05914848]), array([0.10244817]))"
(0.26069006887859814+0j),[6.70088498e-16],[1.],[0.57435062],[1.],"(array([0.15960074]), array([0.27643659]))","(array([0.09271875]), array([0.16059358]))","(array([0.08773149]), array([0.15195539]))","(array([0.08294506]), array([0.14366506]))","(array([0.07833836]), array([0.13568603]))","(array([0.07417098]), array([0.12846791]))","(array([0.0706371]), array([0.12234705]))","(array([0.06765442]), array([0.1171809]))","(array([0.06521172]), array([0.11295001]))","(array([0.06286003]), array([0.10887677]))","(array([0.06035256]), array([0.1045337]))","(array([0.05809354]), array([0.10062097]))","(array([0.05605379]), array([0.097088]))","(array([0.05635004]), array([0.09760114]))","(array([0.05916829]), array([0.10248249]))","(array([0.06229729]), array([0.10790207]))"
(0.25250641317285827+0j),[-1.16165238e-15],[1.],[0.60607565],[1.],"(array([0.1584558]), array([0.2744535]))","(array([0.08772133]), array([0.1519378]))","(array([0.08294042]), array([0.14365703]))","(array([0.07833982]), array([0.13568854]))","(array([0.07417769]), array([0.12847952]))","(array([0.07064781]), array([0.1223656]))","(array([0.06766858]), array([0.11720541]))","(array([0.06522841]), array([0.11297891]))","(array([0.06287769]), array([0.10890735]))","(array([0.06037009]), array([0.10456407]))","(array([0.05811074]), array([0.10065076]))","(array([0.05607057]), array([0.09711707]))","(array([0.0563671]), array([0.09763068]))","(array([0.05918629]), array([0.10251366]))","(array([0.0623159]), array([0.1079343]))","(array([0.06575745]), array([0.11389525]))"
(0.2951438279004801+0j),[-9.3362516e-15],[1.],[0.69848594],[1.],"(array([0.16061835]), array([0.27819914]))","(array([0.08293333]), array([0.14364473]))","(array([0.0783382]), array([0.13568573]))","(array([0.07418104]), array([0.12848533]))","(array([0.0706551]), array([0.12237823]))","(array([0.06767925]), array([0.1172239]))","(array([0.06524156]), array([0.11300169]))","(array([0.06289189]), array([0.10893194]))","(array([0.06038442]), array([0.10458888]))","(array([0.05812499]), array([0.10067543]))","(array([0.05608462]), array([0.09714141]))","(array([0.05638157]), array([0.09765574]))","(array([0.05920176]), array([0.10254046]))","(array([0.06233223]), array([0.10796259]))","(array([0.06577403]), array([0.11392395]))","(array([0.07291926]), array([0.12629986]))"
(0.3456755692722556+0j),[1.81140475e-15],[1.],[0.76481923],[1.],"(array([0.16485465]), array([0.28553663]))","(array([0.07833447]), array([0.13567927]))","(array([0.07418151]), array([0.12848614]))","(array([0.07065908]), array([0.12238511]))","(array([0.06768623]), array([0.11723599]))","(array([0.06525077]), array([0.11301765]))","(array([0.06290213]), array([0.10894968]))","(array([0.06039492]), array([0.10460707]))","(array([0.05813558]), array([0.10069377]))","(array([0.05609519]), array([0.09715973]))","(array([0.05639275]), array([0.09767512]))","(array([0.05921399]), array([0.10256164]))","(array([0.06234531]), array([0.10798524]))","(array([0.06578764]), array([0.11394754]))","(array([0.07293287]), array([0.12632343]))","(array([0.08194263]), array([0.14192879]))"
(0.39991411512175223+0j),[9.61302356e-16],[1.],[0.80194819],[1.],"(array([0.16618972]), array([0.28784903]))","(array([0.07417792]), array([0.12847993]))","(array([0.07065809]), array([0.1223834]))","(array([0.06768759]), array([0.11723835]))","(array([0.06525401]), array([0.11302326]))","(array([0.06290638]), array([0.10895705]))","(array([0.06039958]), array([0.10461514]))","(array([0.05814049]), array([0.10070229]))","(array([0.05610035]), array([0.09716865]))","(array([0.05639859]), array([0.09768523]))","(array([0.05922092]), array([0.10257365]))","(array([0.06235334]), array([0.10799915]))","(array([0.06579648]), array([0.11396285]))","(array([0.07294232]), array([0.1263398]))","(array([0.08195198]), array([0.141945]))","(array([0.08787753]), array([0.15220835]))"
(0.45384738627860116+0j),[7.34469642e-17],[1.],[0.80912117],[1.],"(array([0.16458527]), array([0.28507005]))","(array([0.07065209]), array([0.12237301]))","(array([0.06768309]), array([0.11723056]))","(array([0.06525083]), array([0.11301775]))","(array([0.06290408]), array([0.10895307]))","(array([0.06039781]), array([0.10461208]))","(array([0.05813917]), array([0.1007]))","(array([0.05609946]), array([0.09716712]))","(array([0.05639841]), array([0.09768491]))","(array([0.05922177]), array([0.10257512]))","(array([0.06235538]), array([0.10800269]))","(array([0.06579969]), array([0.11396841]))","(array([0.07294685]), array([0.12634764]))","(array([0.08195739]), array([0.14195437]))","(array([0.08788317]), array([0.15221812]))","(array([0.09043112]), array([0.15663129]))"
(0.47922884657310866+0j),[4.49117209e-16],[1.],[0.79021974],[1.],"(array([0.16029929]), array([0.27764652]))","(array([0.06767576]), array([0.11721786]))","(array([0.06524398]), array([0.11300588]))","(array([0.0628977]), array([0.10894201]))","(array([0.06039186]), array([0.10460178]))","(array([0.05813366]), array([0.10069045]))","(array([0.05609441]), array([0.09715836]))","(array([0.0563939]), array([0.09767711]))","(array([0.05921804]), array([0.10256865]))","(array([0.06235265]), array([0.10799796]))","(array([0.06579812]), array([0.11396569]))","(array([0.07294693]), array([0.12634779]))","(array([0.0819593]), array([0.14195767]))","(array([0.08788614]), array([0.15222326]))","(array([0.09043468]), array([0.15663746]))","(array([0.08966978]), array([0.15531262]))"
(0.5011068843174517+0j),[9.77094877e-15],[1.],[0.76151828],[1.],"(array([0.15463528]), array([0.26783617]))","(array([0.06523628]), array([0.11299254]))","(array([0.0628899]), array([0.1089285]))","(array([0.06038426]), array([0.10458861]))","(array([0.05812632]), array([0.10067774]))","(array([0.05608735]), array([0.09714615]))","(array([0.05638703]), array([0.09766519]))","(array([0.05921139]), array([0.10255713]))","(array([0.06234647]), array([0.10798725]))","(array([0.06579271]), array([0.11395632]))","(array([0.07294285]), array([0.12634072]))","(array([0.08195726]), array([0.14195413]))","(array([0.08788624]), array([0.15222343]))","(array([0.09043642]), array([0.15664048]))","(array([0.08967245]), array([0.15531723]))","(array([0.08698172]), array([0.15065676]))"
(0.5186025167183719+0j),[3.45002479e-15],[1.],[0.72503774],[1.],"(array([0.14852197]), array([0.2572476]))","(array([0.06288299]), array([0.10891653]))","(array([0.0603773]), array([0.10457656]))","(array([0.05811945]), array([0.10066585]))","(array([0.0560806]), array([0.09713446]))","(array([0.05638003]), array([0.09765308]))","(array([0.05920404]), array([0.1025444]))","(array([0.06233908]), array([0.10797445]))","(array([0.06578564]), array([0.11394407]))","(array([0.07293654]), array([0.1263298]))","(array([0.08195247]), array([0.14194585]))","(array([0.08788366]), array([0.15221896]))","(array([0.09043624]), array([0.15664016]))","(array([0.08967404]), array([0.15531999]))","(array([0.08698437]), array([0.15066135]))","(array([0.08330669]), array([0.14429143]))"
(0.5314506284387134+0j),[2.06030913e-15],[1.],[0.68291182],[1.],"(array([0.14176674]), array([0.2455472]))","(array([0.06037183]), array([0.10456708]))","(array([0.05811382]), array([0.10065609]))","(array([0.0560748]), array([0.0971244]))","(array([0.05637355]), array([0.09764186]))","(array([0.05919662]), array([0.10253156]))","(array([0.06233124]), array([0.10796087]))","(array([0.06577784]), array([0.11393056]))","(array([0.07292915]), array([0.12631699]))","(array([0.08194627]), array([0.14193511]))","(array([0.08787947]), array([0.1522117]))","(array([0.09043458]), array([0.15663728]))","(array([0.08967467]), array([0.15532108]))","(array([0.08698659]), array([0.1506652]))","(array([0.08331]), array([0.14429714]))","(array([0.07890148]), array([0.13666137]))"
(0.5179920096428562+0j),[7.21542185e-15],[1.],[0.64518101],[1.],"(array([0.13474914]), array([0.23339236]))","(array([0.05811014]), array([0.10064972]))","(array([0.05607087]), array([0.0971176]))","(array([0.05636867]), array([0.09763339]))","(array([0.05919036]), array([0.1025207]))","(array([0.06232411]), array([0.10794853]))","(array([0.06577034]), array([0.11391758]))","(array([0.07292162]), array([0.12630395]))","(array([0.08193943]), array([0.14192326]))","(array([0.08787427]), array([0.1522027]))","(array([0.09043166]), array([0.15663223]))","(array([0.08967407]), array([0.15532004]))","(array([0.08698796]), array([0.15066757]))","(array([0.08331296]), array([0.14430229]))","(array([0.07890558]), array([0.13666847]))","(array([0.07438892]), array([0.12884539]))"
(0.5040914935399454+0j),[3.6897826e-15],[1.],[0.6119658],[1.],"(array([0.12856835]), array([0.22268692]))","(array([0.05606993]), array([0.09711596]))","(array([0.05636668]), array([0.09762995]))","(array([0.05918683]), array([0.10251459]))","(array([0.06231937]), array([0.10794031]))","(array([0.06576481]), array([0.11390799]))","(array([0.0729155]), array([0.12629335]))","(array([0.08193338]), array([0.14191278]))","(array([0.08786922]), array([0.15219396]))","(array([0.09042834]), array([0.15662648]))","(array([0.08967262]), array([0.15531753]))","(array([0.08698826]), array([0.15066809]))","(array([0.08331488]), array([0.14430561]))","(array([0.07890885]), array([0.13667414]))","(array([0.07439303]), array([0.12885252]))","(array([0.07046576]), array([0.12205027]))"
(0.48997601304985194+0j),[2.54852145e-15],[1.],[0.58343264],[1.],"(array([0.12314756]), array([0.21329784]))","(array([0.05636728]), array([0.09763099]))","(array([0.05918607]), array([0.10251328]))","(array([0.0623174]), array([0.10793691]))","(array([0.06576193]), array([0.113903]))","(array([0.07291177]), array([0.12628689]))","(array([0.08192924]), array([0.1419056]))","(array([0.08786544]), array([0.15218741]))","(array([0.09042554]), array([0.15662163]))","(array([0.08967108]), array([0.15531486]))","(array([0.08698797]), array([0.15066758]))","(array([0.08331584]), array([0.14430727]))","(array([0.07891096]), array([0.13667779]))","(array([0.07439595]), array([0.12885756]))","(array([0.07046913]), array([0.12205612]))","(array([0.06708215]), array([0.1161897]))"
(0.4754840504382432+0j),[6.08231933e-15],[1.],[0.55996979],[1.],"(array([0.12058323]), array([0.20885628]))","(array([0.05918677]), array([0.10251449]))","(array([0.06231707]), array([0.10793634]))","(array([0.06576076]), array([0.11390097]))","(array([0.07290975]), array([0.12628339]))","(array([0.08192665]), array([0.14190112]))","(array([0.08786287]), array([0.15218296]))","(array([0.0904235]), array([0.1566181]))","(array([0.08966985]), array([0.15531273]))","(array([0.08698763]), array([0.15066699]))","(array([0.08331643]), array([0.14430828]))","(array([0.07891244]), array([0.13668036]))","(array([0.07439807]), array([0.12886124]))","(array([0.07047164]), array([0.12206046]))","(array([0.06708493]), array([0.11619451]))","(array([0.06422187]), array([0.11123554]))"
(0.486015086893099+0j),[5.64333072e-15],[1.],[0.54198783],[1.],"(array([0.12114566]), array([0.20983044]))","(array([0.06231779]), array([0.10793758]))","(array([0.06576068]), array([0.11390084]))","(array([0.07290879]), array([0.12628173]))","(array([0.081925]), array([0.14189826]))","(array([0.08786103]), array([0.15217976]))","(array([0.09042187]), array([0.15661528]))","(array([0.08966872]), array([0.15531078]))","(array([0.08698713]), array([0.15066613]))","(array([0.08331668]), array([0.14430872]))","(array([0.0789135]), array([0.13668218]))","(array([0.07439975]), array([0.12886415]))","(array([0.07047367]), array([0.12206398]))","(array([0.06708717]), array([0.11619839]))","(array([0.06422426]), array([0.11123968]))","(array([0.06196786]), array([0.10733148]))"
(0.49297786532331733+0j),[4.00364098e-15],[1.],[0.52141489],[1.],"(array([0.12210787]), array([0.21149704]))","(array([0.06576139]), array([0.11390207]))","(array([0.07290865]), array([0.12628148]))","(array([0.08192408]), array([0.14189666]))","(array([0.08785983]), array([0.15217769]))","(array([0.09042076]), array([0.15661335]))","(array([0.08966788]), array([0.15530932]))","(array([0.08698671]), array([0.1506654]))","(array([0.08331684]), array([0.144309]))","(array([0.07891434]), array([0.13668365]))","(array([0.0744012]), array([0.12886666]))","(array([0.07047549]), array([0.12206713]))","(array([0.06708919]), array([0.11620189]))","(array([0.06422637]), array([0.11124333]))","(array([0.06197008]), array([0.10733534]))","(array([0.05979899]), array([0.10357489]))"
(0.49658194223565044+0j),[1.21648462e-15],[1.],[0.50014631],[1.],"(array([0.12318151]), array([0.21335663]))","(array([0.0729096]), array([0.12628314]))","(array([0.08192401]), array([0.14189655]))","(array([0.08785915]), array([0.15217651]))","(array([0.09041987]), array([0.1566118]))","(array([0.08966699]), array([0.15530779]))","(array([0.08698606]), array([0.15066427]))","(array([0.08331664]), array([0.14430865]))","(array([0.07891473]), array([0.13668433]))","(array([0.07440217]), array([0.12886834]))","(array([0.07047691]), array([0.1220696]))","(array([0.06709094]), array([0.11620491]))","(array([0.06422829]), array([0.11124666]))","(array([0.06197217]), array([0.10733894]))","(array([0.05980132]), array([0.10357892]))","(array([0.05742837]), array([0.09946885]))"
(0.49646543651889485+0j),[2.62639418e-15],[1.],[0.48053498],[1.],"(array([0.12799911]), array([0.22170097]))","(array([0.08192556]), array([0.14189923]))","(array([0.08785946]), array([0.15217705]))","(array([0.09041941]), array([0.15661101]))","(array([0.08966612]), array([0.15530627]))","(array([0.08698501]), array([0.15066246]))","(array([0.08331576]), array([0.14430712]))","(array([0.07891433]), array([0.13668363]))","(array([0.07440238]), array([0.1288687]))","(array([0.07047771]), array([0.12207098]))","(array([0.0670923]), array([0.11620727]))","(array([0.06423005]), array([0.1112497]))","(array([0.06197425]), array([0.10734254]))","(array([0.05980377]), array([0.10358316]))","(array([0.05743126]), array([0.09947386]))","(array([0.05510103]), array([0.09543778]))"
(0.4499025835689451+0j),[9.93287588e-16],[1.],[0.46424397],[1.],"(array([0.13504879]), array([0.23391137]))","(array([0.08786097]), array([0.15217966]))","(array([0.09041928]), array([0.15661079]))","(array([0.08966511]), array([0.15530452]))","(array([0.0869835]), array([0.15065984]))","(array([0.08331407]), array([0.1443042]))","(array([0.07891283]), array([0.13668103]))","(array([0.07440135]), array([0.12886692]))","(array([0.07047733]), array([0.12207031]))","(array([0.06709263]), array([0.11620785]))","(array([0.06423108]), array([0.11125149]))","(array([0.06197599]), array([0.10734557]))","(array([0.05980617]), array([0.10358732]))","(array([0.05743419]), array([0.09947893]))","(array([0.05510447]), array([0.09544374]))","(array([0.05312895]), array([0.09202204]))"
(0.4056764665044314+0j),[3.13266102e-15],[1.],[0.45330272],[1.],"(array([0.13942943]), array([0.24149885]))","(array([0.09041917]), array([0.1566106]))","(array([0.08966318]), array([0.15530119]))","(array([0.08698071]), array([0.15065501]))","(array([0.08331093]), array([0.14429876]))","(array([0.0789098]), array([0.13667578]))","(array([0.07439881]), array([0.12886252]))","(array([0.07047546]), array([0.12206707]))","(array([0.06709155]), array([0.11620598]))","(array([0.06423084]), array([0.11125108]))","(array([0.06197682]), array([0.107347]))","(array([0.0598082]), array([0.10359085]))","(array([0.05743728]), array([0.0994843]))","(array([0.05510839]), array([0.09545054]))","(array([0.05313326]), array([0.0920295]))","(array([0.05157543]), array([0.08933126]))"
(0.3639633214915153+0j),[9.35292868e-15],[1.],[0.44690145],[1.],"(array([0.14096419]), array([0.24415715]))","(array([0.08966058]), array([0.15529668]))","(array([0.08697618]), array([0.15064717]))","(array([0.0833054]), array([0.14428919]))","(array([0.07890412]), array([0.13666595]))","(array([0.07439364]), array([0.12885356]))","(array([0.07047112]), array([0.12205955]))","(array([0.06708821]), array([0.11620019]))","(array([0.06422864]), array([0.11124727]))","(array([0.06197614]), array([0.10734582]))","(array([0.05980945]), array([0.103593]))","(array([0.05744034]), array([0.09948959]))","(array([0.05511284]), array([0.09545824]))","(array([0.0531383]), array([0.09203824]))","(array([0.0515806]), array([0.08934022]))","(array([0.05055438]), array([0.08756276]))"
(0.32532895948148566+0j),[6.85777168e-15],[1.],[0.44417329],[1.],"(array([0.13962937]), array([0.24184517]))","(array([0.08697065]), array([0.15063758]))","(array([0.08329767]), array([0.1442758]))","(array([0.07889536]), array([0.13665077]))","(array([0.07438498]), array([0.12883857]))","(array([0.07046327]), array([0.12204597]))","(array([0.06708151]), array([0.11618859]))","(array([0.06422336]), array([0.11123813]))","(array([0.06197282]), array([0.10734008]))","(array([0.0598088]), array([0.10359188]))","(array([0.05744246]), array([0.09949327]))","(array([0.05511724]), array([0.09546586]))","(array([0.05314375]), array([0.09204768]))","(array([0.05158627]), array([0.08935003]))","(array([0.05056024]), array([0.0875729]))","(array([0.04997941]), array([0.08656687]))"
(0.3091013444961095+0j),[6.49267697e-15],[1.],[0.47424695],[1.],"(array([0.13835481]), array([0.23963757]))","(array([0.08328836]), array([0.14425966]))","(array([0.07888377]), array([0.13663069]))","(array([0.07437275]), array([0.12881739]))","(array([0.07045159]), array([0.12202573]))","(array([0.06707094]), array([0.11617027]))","(array([0.06421435]), array([0.11122252]))","(array([0.06196601]), array([0.10732828]))","(array([0.05980509]), array([0.10358546]))","(array([0.05744226]), array([0.09949291]))","(array([0.05512031]), array([0.09547118]))","(array([0.05314855]), array([0.09205598]))","(array([0.05159152]), array([0.08935914]))","(array([0.05056583]), array([0.08758258]))","(array([0.04998535]), array([0.08657716]))","(array([0.05140153]), array([0.08903005]))"
(0.2965547477328711+0j),[1.1388912e-14],[1.],[0.50685891],[1.],"(array([0.13813202]), array([0.23925167]))","(array([0.0788708]), array([0.13660824]))","(array([0.07435809]), array([0.12879198]))","(array([0.07043677]), array([0.12200006]))","(array([0.06705678]), array([0.11614575]))","(array([0.06420154]), array([0.11120034]))","(array([0.06195525]), array([0.10730964]))","(array([0.05979735]), array([0.10357205]))","(array([0.05743819]), array([0.09948587]))","(array([0.05512019]), array([0.09547096]))","(array([0.05315083]), array([0.09205994]))","(array([0.05159471]), array([0.08936465]))","(array([0.05056968]), array([0.08758926]))","(array([0.04998978]), array([0.08658484]))","(array([0.051407]), array([0.08903953]))","(array([0.05486465]), array([0.09502836]))"
(0.2876348814415858+0j),[9.51950123e-15],[1.],[0.54091447],[1.],"(array([0.13741097]), array([0.23800278]))","(array([0.07434274]), array([0.1287654]))","(array([0.07042025]), array([0.12197145]))","(array([0.06704006]), array([0.11611678]))","(array([0.06418554]), array([0.11117262]))","(array([0.06194073]), array([0.1072845]))","(array([0.05978539]), array([0.10355133]))","(array([0.05742967]), array([0.0994711]))","(array([0.05511575]), array([0.09546329]))","(array([0.05314926]), array([0.09205721]))","(array([0.05159447]), array([0.08936425]))","(array([0.05057051]), array([0.0875907]))","(array([0.04999149]), array([0.0865878]))","(array([0.05141004]), array([0.0890448]))","(array([0.05486947]), array([0.09503671]))","(array([0.05856433]), array([0.10143639]))"
(0.28253876359342545+0j),[8.96665772e-15],[1.],[0.57512116],[1.],"(array([0.13666474]), array([0.23671027]))","(array([0.07040295]), array([0.12194149]))","(array([0.06702163]), array([0.11608487]))","(array([0.06416696]), array([0.11114043]))","(array([0.06192282]), array([0.10725347]))","(array([0.05976938]), array([0.10352361]))","(array([0.0574168]), array([0.09944882]))","(array([0.05510676]), array([0.0954477]))","(array([0.05314322]), array([0.09204675]))","(array([0.05159003]), array([0.08935656]))","(array([0.05056743]), array([0.08758537]))","(array([0.04998961]), array([0.08658455]))","(array([0.05140988]), array([0.08904453]))","(array([0.05487159]), array([0.09504039]))","(array([0.05856854]), array([0.10144368]))","(array([0.06234678]), array([0.10798779]))"
(0.32153153230185444+0j),[-3.92090159e-16],[1.],[0.65459711],[1.],"(array([0.13917584]), array([0.24105963]))","(array([0.06700278]), array([0.11605223]))","(array([0.06414698]), array([0.11110583]))","(array([0.06190235]), array([0.10721801]))","(array([0.05974973]), array([0.10348958]))","(array([0.05739954]), array([0.09941893]))","(array([0.05509292]), array([0.09542374]))","(array([0.0531323]), array([0.09202784]))","(array([0.05158086]), array([0.08934067]))","(array([0.05055979]), array([0.08757212]))","(array([0.04998336]), array([0.08657373]))","(array([0.05140561]), array([0.08903713]))","(array([0.05486993]), array([0.09503752]))","(array([0.0585695]), array([0.10144534]))","(array([0.06235007]), array([0.10799349]))","(array([0.06880436]), array([0.11917265]))"
(0.3664301600752494+0j),[4.15755646e-15],[1.],[0.70893757],[1.],"(array([0.14323266]), array([0.24808624]))","(array([0.06412815]), array([0.11107321]))","(array([0.06188159]), array([0.10718205]))","(array([0.05972822]), array([0.10345232]))","(array([0.05737913]), array([0.09938358]))","(array([0.05507501]), array([0.09539272]))","(array([0.05311701]), array([0.09200136]))","(array([0.05156727]), array([0.08931714]))","(array([0.05054775]), array([0.08755128]))","(array([0.04997282]), array([0.08655546]))","(array([0.05139707]), array([0.08902234]))","(array([0.05486403]), array([0.0950273]))","(array([0.05856636]), array([0.10143992]))","(array([0.06234972]), array([0.10799288]))","(array([0.06880737]), array([0.11917787]))","(array([0.07626321]), array([0.13209176]))"
(0.4132996405985407+0j),[1.37190956e-14],[1.],[0.7370951],[1.],"(array([0.14498231]), array([0.25111673]))","(array([0.06186322]), array([0.10715023]))","(array([0.0597077]), array([0.10341677]))","(array([0.05735836]), array([0.0993476]))","(array([0.05505558]), array([0.09535906]))","(array([0.05309962]), array([0.09197124]))","(array([0.05155139]), array([0.08928963]))","(array([0.05053332]), array([0.08752628]))","(array([0.04995982]), array([0.08653294]))","(array([0.05138594]), array([0.08900306]))","(array([0.05485531]), array([0.09501219]))","(array([0.05856027]), array([0.10142936]))","(array([0.06234635]), array([0.10798705]))","(array([0.06880762]), array([0.11917829]))","(array([0.07626727]), array([0.13209878]))","(array([0.08088775]), array([0.14010169]))"
(0.4583476329343222+0j),[1.68780494e-14],[1.],[0.74059534],[1.],"(array([0.14451405]), array([0.25030567]))","(array([0.05968946]), array([0.10338518]))","(array([0.05733886]), array([0.09931382]))","(array([0.05503643]), array([0.0953259]))","(array([0.05308192]), array([0.09194058]))","(array([0.05153503]), array([0.08926128]))","(array([0.0505182]), array([0.0875001]))","(array([0.04994599]), array([0.086509]))","(array([0.05137371]), array([0.08898187]))","(array([0.0548451]), array([0.0949945]))","(array([0.05855234]), array([0.10141563]))","(array([0.06234092]), array([0.10797764]))","(array([0.06880564]), array([0.11917486]))","(array([0.07626934]), array([0.13210238]))","(array([0.08089297]), array([0.14011074]))","(array([0.08268854]), array([0.14322076]))"
(0.45929546890038897+0j),[1.58128858e-14],[1.],[0.72379232],[1.],"(array([0.14147052]), array([0.24503413]))","(array([0.05732195]), array([0.09928453]))","(array([0.05501874]), array([0.09529526]))","(array([0.0530646]), array([0.09191058]))","(array([0.05151864]), array([0.08923289]))","(array([0.05050287]), array([0.08747353]))","(array([0.04993182]), array([0.08648444]))","(array([0.05136091]), array([0.08895971]))","(array([0.05483409]), array([0.09497542]))","(array([0.05854341]), array([0.10140016]))","(array([0.06233435]), array([0.10796626]))","(array([0.06880242]), array([0.11916929]))","(array([0.07627026]), array([0.13210397]))","(array([0.08089716]), array([0.140118]))","(array([0.08269482]), array([0.14323163]))","(array([0.08181449]), array([0.14170685]))"
(0.4594738660531654+0j),[2.19599955e-14],[1.],[0.7078146],[1.],"(array([0.13727877]), array([0.23777381]))","(array([0.05500162]), array([0.09526561]))","(array([0.05304733]), array([0.09188067]))","(array([0.0515021]), array([0.08920426]))","(array([0.05048718]), array([0.08744636]))","(array([0.04991707]), array([0.0864589]))","(array([0.05134723]), array([0.088936]))","(array([0.05482173]), array([0.09495403]))","(array([0.05853274]), array([0.10138168]))","(array([0.0623257]), array([0.10795128]))","(array([0.0687968]), array([0.11915955]))","(array([0.07626866]), array([0.13210119]))","(array([0.08089941]), array([0.14012189]))","(array([0.08269998]), array([0.14324057]))","(array([0.08182119]), array([0.14171846]))","(array([0.07998926]), array([0.13854546]))"
(0.4591525139631141+0j),[2.10192298e-14],[1.],[0.69239777],[1.],"(array([0.13317906]), array([0.23067289]))","(array([0.05302973]), array([0.09185019]))","(array([0.05148495]), array([0.08917455]))","(array([0.05047067]), array([0.08741776]))","(array([0.04990137]), array([0.08643172]))","(array([0.05133241]), array([0.08891034]))","(array([0.05480803]), array([0.09493029]))","(array([0.05852055]), array([0.10136056]))","(array([0.06231541]), array([0.10793346]))","(array([0.06878935]), array([0.11914665]))","(array([0.07626514]), array([0.13209509]))","(array([0.08089999]), array([0.1401229]))","(array([0.08270414]), array([0.14324778]))","(array([0.08182739]), array([0.14172919]))","(array([0.07999642]), array([0.13855786]))","(array([0.07820959]), array([0.13546298]))"
(0.4587559664562127+0j),[2.05847801e-14],[1.],[0.67654904],[1.],"(array([0.12943923]), array([0.22419532]))","(array([0.05146788]), array([0.08914499]))","(array([0.05045394]), array([0.08738879]))","(array([0.04988515]), array([0.08640362]))","(array([0.05131668]), array([0.08888309]))","(array([0.054793]), array([0.09490427]))","(array([0.05850675]), array([0.10133666]))","(array([0.06230333]), array([0.10791253]))","(array([0.06877993]), array([0.11913034]))","(array([0.07625957]), array([0.13208545]))","(array([0.08089862]), array([0.14012052]))","(array([0.08270682]), array([0.14325241]))","(array([0.08183272]), array([0.14173843]))","(array([0.08000305]), array([0.13856935]))","(array([0.07821703]), array([0.13547588]))","(array([0.07643539]), array([0.13238998]))"
(0.4468837439875535+0j),[2.08190562e-14],[1.],[0.65816068],[1.],"(array([0.1259378]), array([0.21813067]))","(array([0.05043792]), array([0.08736104]))","(array([0.04986936]), array([0.08637627]))","(array([0.05130088]), array([0.08885574]))","(array([0.05477728]), array([0.09487703]))","(array([0.05849175]), array([0.10131069]))","(array([0.06228969]), array([0.1078889]))","(array([0.06876856]), array([0.11911064]))","(array([0.07625166]), array([0.13207174]))","(array([0.08089477]), array([0.14011385]))","(array([0.08270721]), array([0.14325309]))","(array([0.08183635]), array([0.14174471]))","(array([0.08000863]), array([0.13857901]))","(array([0.0782239]), array([0.13548776]))","(array([0.07644296]), array([0.13240309]))","(array([0.07449302]), array([0.1290257]))"
(0.43583733112310724+0j),[2.12720159e-14],[1.],[0.64178808],[1.],"(array([0.12294198]), array([0.21294176]))","(array([0.04985403]), array([0.08634971]))","(array([0.05128519]), array([0.08882856]))","(array([0.05476108]), array([0.09484897]))","(array([0.05847573]), array([0.10128294]))","(array([0.06227456]), array([0.1078627]))","(array([0.06875519]), array([0.11908748]))","(array([0.07624133]), array([0.13205385]))","(array([0.08088837]), array([0.14010276]))","(array([0.08270509]), array([0.14324941]))","(array([0.08183771]), array([0.14174707]))","(array([0.08001244]), array([0.13858562]))","(array([0.07822971]), array([0.13549783]))","(array([0.07645015]), array([0.13241554]))","(array([0.0745009]), array([0.12903934]))","(array([0.07252547]), array([0.12561781]))"
(0.4254213229686502+0j),[2.13574599e-14],[1.],[0.62757959],[1.],"(array([0.12061382]), array([0.20890927]))","(array([0.05127014]), array([0.08880249]))","(array([0.05474491]), array([0.09482096]))","(array([0.05845906]), array([0.10125406]))","(array([0.06225814]), array([0.10783426]))","(array([0.06873981]), array([0.11906085]))","(array([0.07622838]), array([0.13203143]))","(array([0.08087913]), array([0.14008676]))","(array([0.08270019]), array([0.14324093]))","(array([0.08183652]), array([0.141745]))","(array([0.08001401]), array([0.13858833]))","(array([0.0782338]), array([0.13550491]))","(array([0.07645635]), array([0.13242629]))","(array([0.07450848]), array([0.12905247]))","(array([0.07253377]), array([0.12563217]))","(array([0.07077912]), array([0.12259304]))"
(0.41516148640701017+0j),[2.20926033e-14],[1.],[0.6158245],[1.],"(array([0.12054501]), array([0.20879009]))","(array([0.05473003]), array([0.09479519]))","(array([0.05844275]), array([0.10122581]))","(array([0.06224114]), array([0.10780482]))","(array([0.06872274]), array([0.11903127]))","(array([0.07621265]), array([0.13200419]))","(array([0.08086651]), array([0.14006491]))","(array([0.08269188]), array([0.14322653]))","(array([0.08183217]), array([0.14173747]))","(array([0.08001279]), array([0.13858621]))","(array([0.07823551]), array([0.13550787]))","(array([0.0764608]), array([0.13243399]))","(array([0.07451498]), array([0.12906373]))","(array([0.0725416]), array([0.12564574]))","(array([0.07078785]), array([0.12260815]))","(array([0.06929401]), array([0.12002074]))"
(0.3880455518582365+0j),[2.09291141e-14],[1.],[0.59766548],[1.],"(array([0.12232746]), array([0.21187737]))","(array([0.0584281]), array([0.10120044]))","(array([0.06222466]), array([0.10777628]))","(array([0.06870469]), array([0.11900001]))","(array([0.0761944]), array([0.13197257]))","(array([0.08085037]), array([0.14003694]))","(array([0.08267966]), array([0.14320538]))","(array([0.08182409]), array([0.14172349]))","(array([0.0800082]), array([0.13857827]))","(array([0.07823431]), array([0.13550581]))","(array([0.07646292]), array([0.13243766]))","(array([0.0745198]), array([0.12907208]))","(array([0.07254842]), array([0.12565755]))","(array([0.07079619]), array([0.1226226]))","(array([0.06930341]), array([0.12003703]))","(array([0.06761373]), array([0.11711042]))"
(0.3623795996813254+0j),[1.71269248e-14],[1.],[0.58308639],[1.],"(array([0.1241889]), array([0.21510149]))","(array([0.06220987]), array([0.10775065]))","(array([0.06868664]), array([0.11896875]))","(array([0.07617419]), array([0.13193757]))","(array([0.08083081]), array([0.14000307]))","(array([0.08266325]), array([0.14317695]))","(array([0.08181169]), array([0.141702]))","(array([0.07999952]), array([0.13856323]))","(array([0.07822939]), array([0.13549728]))","(array([0.0764618]), array([0.13243572]))","(array([0.074522]), array([0.12907588]))","(array([0.07255332]), array([0.12566603]))","(array([0.0708034]), array([0.12263508]))","(array([0.06931237]), array([0.12005255]))","(array([0.06762363]), array([0.11712756]))","(array([0.06577631]), array([0.11392791]))"
(0.3380927357916461+0j),[1.34650525e-14],[1.],[0.57171229],[1.],"(array([0.12649986]), array([0.21910418]))","(array([0.06867085]), array([0.1189414]))","(array([0.07615327]), array([0.13190134]))","(array([0.080808]), array([0.13996355]))","(array([0.08264179]), array([0.14313979]))","(array([0.08179352]), array([0.14167053]))","(array([0.07998503]), array([0.13853814]))","(array([0.0782189]), array([0.1354791]))","(array([0.07645547]), array([0.13242476]))","(array([0.07451957]), array([0.12907169]))","(array([0.07255438]), array([0.12566788]))","(array([0.07080774]), array([0.1226426]))","(array([0.0693195]), array([0.1200649]))","(array([0.06763246]), array([0.11714286]))","(array([0.06578599]), array([0.11394467]))","(array([0.06430352]), array([0.11137696]))"
(0.3142911952914719+0j),[1.3713655e-14],[1.],[0.56316597],[1.],"(array([0.13179822]), array([0.22828121]))","(array([0.07613416]), array([0.13186823]))","(array([0.08078307]), array([0.13992039]))","(array([0.0826151]), array([0.14309355]))","(array([0.08176845]), array([0.14162711]))","(array([0.0799631]), array([0.13850016]))","(array([0.07820084]), array([0.13544783]))","(array([0.07644177]), array([0.13240104]))","(array([0.07451024]), array([0.12905552]))","(array([0.07254925]), array([0.12565899]))","(array([0.07080687]), array([0.12264109]))","(array([0.06932262]), array([0.1200703]))","(array([0.06763833]), array([0.11715303]))","(array([0.06579341]), array([0.11395753]))","(array([0.06431217]), array([0.11139195]))","(array([0.06314221]), array([0.10936551]))"
(0.313472839836509+0j),[1.73066387e-14],[1.],[0.58655558],[1.],"(array([0.14001728]), array([0.24251704]))","(array([0.08075915]), array([0.13987896]))","(array([0.08258534]), array([0.14304201]))","(array([0.08173773]), array([0.14157391]))","(array([0.07993428]), array([0.13845023]))","(array([0.07817516]), array([0.13540334]))","(array([0.07642016]), array([0.13236361]))","(array([0.07449308]), array([0.12902581]))","(array([0.07253673]), array([0.1256373]))","(array([0.07079935]), array([0.12262808]))","(array([0.06932013]), array([0.12006598]))","(array([0.06763958]), array([0.1171552]))","(array([0.06579702]), array([0.11396379]))","(array([0.06431768]), array([0.1114015]))","(array([0.06314932]), array([0.10937783]))","(array([0.06390375]), array([0.11068453]))"
(0.3123077736736262+0j),[1.56550905e-14],[1.],[0.60976147],[1.],"(array([0.14720556]), array([0.25496752]))","(array([0.08255676]), array([0.1429925]))","(array([0.08170481]), array([0.14151688]))","(array([0.07990114]), array([0.13839283]))","(array([0.07814354]), array([0.13534859]))","(array([0.07639163]), array([0.13231419]))","(array([0.0744685]), array([0.12898323]))","(array([0.07251667]), array([0.12560256]))","(array([0.07078452]), array([0.12260238]))","(array([0.06931079]), array([0.1200498]))","(array([0.06763457]), array([0.11714652]))","(array([0.06579498]), array([0.11396025]))","(array([0.06431824]), array([0.11140245]))","(array([0.06315211]), array([0.10938267]))","(array([0.06390976]), array([0.11069496]))","(array([0.06647242]), array([0.1151336]))"
(0.311308743448331+0j),[1.71482504e-14],[1.],[0.63316365],[1.],"(array([0.15162639]), array([0.26262461]))","(array([0.08167378]), array([0.14146314]))","(array([0.07986767]), array([0.13833486]))","(array([0.07810967]), array([0.13528991]))","(array([0.07635937]), array([0.13225831]))","(array([0.07443925]), array([0.12893256]))","(array([0.07249142]), array([0.12555883]))","(array([0.07076422]), array([0.12256722]))","(array([0.06929585]), array([0.12002393]))","(array([0.06762406]), array([0.1171283]))","(array([0.0657877]), array([0.11394764]))","(array([0.0643139]), array([0.11139494]))","(array([0.06315044]), array([0.10937977]))","(array([0.06391183]), array([0.11069854]))","(array([0.06647923]), array([0.11514541]))","(array([0.06910188]), array([0.11968797]))"
(0.3116742499003903+0j),[1.42999674e-14],[1.],[0.65647625],[1.],"(array([0.15340323]), array([0.26570219]))","(array([0.07983599]), array([0.13827999]))","(array([0.07807601]), array([0.13523161]))","(array([0.07632588]), array([0.1322003]))","(array([0.07440782]), array([0.12887812]))","(array([0.07246341]), array([0.12551031]))","(array([0.07074062]), array([0.12252634]))","(array([0.06927715]), array([0.11999154]))","(array([0.0676096]), array([0.11710326]))","(array([0.06577655]), array([0.11392832]))","(array([0.06430578]), array([0.11138088]))","(array([0.06314516]), array([0.10937063]))","(array([0.06391055]), array([0.11069633]))","(array([0.066483]), array([0.11515194]))","(array([0.06911028]), array([0.11970252]))","(array([0.0717641]), array([0.12429906]))"
(0.35551532381448536+0j),[9.74838087e-15],[1.],[0.71387129],[1.],"(array([0.15626662]), array([0.27066172]))","(array([0.07804391]), array([0.13517601]))","(array([0.07629242]), array([0.13214236]))","(array([0.07437531]), array([0.12882182]))","(array([0.07243351]), array([0.12545852]))","(array([0.07071438]), array([0.1224809]))","(array([0.06925519]), array([0.11995351]))","(array([0.06759154]), array([0.11707199]))","(array([0.06576167]), array([0.11390255]))","(array([0.06429389]), array([0.11136029]))","(array([0.06313614]), array([0.109355]))","(array([0.06390557]), array([0.11068769]))","(array([0.06648328]), array([0.11515241]))","(array([0.06911544]), array([0.11971145]))","(array([0.07177359]), array([0.1243155]))","(array([0.07647055]), array([0.13245088]))"
(0.40164786020027105+0j),[4.11749714e-15],[1.],[0.74698946],[1.],"(array([0.15956144]), array([0.27636853]))","(array([0.07625991]), array([0.13208603]))","(array([0.07434253]), array([0.12876504]))","(array([0.07240241]), array([0.12540466]))","(array([0.07068615]), array([0.12243201]))","(array([0.0692306]), array([0.11991091]))","(array([0.06757045]), array([0.11703546]))","(array([0.0657436]), array([0.11387126]))","(array([0.06427873]), array([0.11133403]))","(array([0.0631238]), array([0.10933363]))","(array([0.0638972]), array([0.1106732]))","(array([0.06648022]), array([0.11514711]))","(array([0.06911754]), array([0.1197151]))","(array([0.07178034]), array([0.12432719]))","(array([0.0764827]), array([0.13247193]))","(array([0.08156088]), array([0.14126758]))"
(0.4468341426044177+0j),[7.32216338e-15],[1.],[0.75604809],[1.],"(array([0.16016222]), array([0.2774091]))","(array([0.07431047]), array([0.1287095]))","(array([0.07237113]), array([0.12535047]))","(array([0.07065695]), array([0.12238142]))","(array([0.06920437]), array([0.11986548]))","(array([0.06754731]), array([0.11699537]))","(array([0.06572325]), array([0.11383601]))","(array([0.06426113]), array([0.11130354]))","(array([0.06310895]), array([0.10930791]))","(array([0.06388618]), array([0.11065411]))","(array([0.06647434]), array([0.11513693]))","(array([0.06911699]), array([0.11971413]))","(array([0.07178473]), array([0.12433481]))","(array([0.07649288]), array([0.13248955]))","(array([0.0815768]), array([0.14129516]))","(array([0.08394882]), array([0.14540363]))"
(0.48834547270770784+0j),[4.68203901e-15],[1.],[0.74271936],[1.],"(array([0.15801207]), array([0.27368493]))","(array([0.0723407]), array([0.12529777]))","(array([0.0706279]), array([0.12233112]))","(array([0.06917765]), array([0.1198192]))","(array([0.06752324]), array([0.11695368]))","(array([0.06570168]), array([0.11379865]))","(array([0.06424208]), array([0.11127055]))","(array([0.06309249]), array([0.1092794]))","(array([0.06387333]), array([0.11063185]))","(array([0.06646631]), array([0.11512303]))","(array([0.06911409]), array([0.11970912]))","(array([0.07178689]), array([0.12433853]))","(array([0.07650124]), array([0.13250403]))","(array([0.08159122]), array([0.14132014]))","(array([0.08396727]), array([0.14543557]))","(array([0.08374845]), array([0.14505658]))"
(0.42474091179257906+0j),[3.50191214e-15],[1.],[0.71061583],[1.],"(array([0.15354004]), array([0.26593915]))","(array([0.07059976]), array([0.12228237]))","(array([0.06915122]), array([0.11977343]))","(array([0.06749902]), array([0.11691172]))","(array([0.06567967]), array([0.11376053]))","(array([0.06422239]), array([0.11123643]))","(array([0.06307523]), array([0.1092495]))","(array([0.06385941]), array([0.11060774]))","(array([0.06645687]), array([0.11510668]))","(array([0.06910948]), array([0.11970113]))","(array([0.07178719]), array([0.12433905]))","(array([0.07650787]), array([0.13251551]))","(array([0.08160448]), array([0.14134311]))","(array([0.08398475]), array([0.14546585]))","(array([0.08376806]), array([0.14509054]))","(array([0.08123201]), array([0.14069796]))"
(0.36762939271102774+0j),[4.55062574e-15],[1.],[0.67556029],[1.],"(array([0.14808427]), array([0.25648947]))","(array([0.0691252]), array([0.11972836]))","(array([0.06747471]), array([0.11686963]))","(array([0.06565722]), array([0.11372165]))","(array([0.06420197]), array([0.11120108]))","(array([0.06305703]), array([0.10921799]))","(array([0.06384428]), array([0.11058155]))","(array([0.06644587]), array([0.11508762]))","(array([0.06910295]), array([0.11968982]))","(array([0.07178532]), array([0.12433582]))","(array([0.07651221]), array([0.13252303]))","(array([0.08161572]), array([0.14136258]))","(array([0.08400085]), array([0.14549374]))","(array([0.08378671]), array([0.14512284]))","(array([0.08125059]), array([0.14073014]))","(array([0.0775149]), array([0.13425974]))"
(0.3166340492139257+0j),[9.29399284e-15],[1.],[0.63817638],[1.],"(array([0.14258009]), array([0.24695595]))","(array([0.06745053]), array([0.11682774]))","(array([0.06563454]), array([0.11368236]))","(array([0.06418101]), array([0.11116477]))","(array([0.06303805]), array([0.10918511]))","(array([0.06382807]), array([0.11055346]))","(array([0.06643343]), array([0.11506607]))","(array([0.06909462]), array([0.11967539]))","(array([0.0717813]), array([0.12432886]))","(array([0.07651404]), array([0.13252621]))","(array([0.08162433]), array([0.14137748]))","(array([0.08401468]), array([0.14551769]))","(array([0.08380382]), array([0.14515248]))","(array([0.08126807]), array([0.14076043]))","(array([0.07753128]), array([0.13428812]))","(array([0.07348252]), array([0.12727547]))"
(0.27163711707628857+0j),[6.16917668e-15],[1.],[0.59909872],[1.],"(array([0.13664153]), array([0.23667008]))","(array([0.06561228]), array([0.11364379]))","(array([0.06416]), array([0.11112838]))","(array([0.06301857]), array([0.10915136]))","(array([0.06381077]), array([0.1105235]))","(array([0.06641925]), array([0.11504152]))","(array([0.06908406]), array([0.11965711]))","(array([0.07177471]), array([0.12431745]))","(array([0.07651299]), array([0.13252439]))","(array([0.0816299]), array([0.14138714]))","(array([0.08402576]), array([0.14553688]))","(array([0.08381885]), array([0.14517851]))","(array([0.08128397]), array([0.14078796]))","(array([0.07754622]), array([0.134314]))","(array([0.07349665]), array([0.12729992]))","(array([0.06921494]), array([0.1198838]))"
(0.3018647338204332+0j),[5.07121553e-15],[1.],[0.6584058],[1.],"(array([0.13596985]), array([0.23550669]))","(array([0.06413994]), array([0.11109363]))","(array([0.0629995]), array([0.10911833]))","(array([0.06379321]), array([0.11049308]))","(array([0.06640402]), array([0.11501513]))","(array([0.06907177]), array([0.11963582]))","(array([0.07176588]), array([0.12430215]))","(array([0.07650922]), array([0.13251785]))","(array([0.08163249]), array([0.14139161]))","(array([0.084034]), array([0.14555117]))","(array([0.08383152]), array([0.14520045]))","(array([0.08129786]), array([0.14081203]))","(array([0.0775593]), array([0.13433664]))","(array([0.07350904]), array([0.12732139]))","(array([0.06922675]), array([0.11990424]))","(array([0.07038386]), array([0.12190842]))"
(0.3352042458075464+0j),[1.09727775e-14],[1.],[0.70174929],[1.],"(array([0.14023062]), array([0.24288656]))","(array([0.06298096]), array([0.10908622]))","(array([0.06377567]), array([0.1104627]))","(array([0.06638818]), array([0.11498771]))","(array([0.06905824]), array([0.11961239]))","(array([0.07175529]), array([0.12428381]))","(array([0.07650327]), array([0.13250755]))","(array([0.08163277]), array([0.14139211]))","(array([0.08404027]), array([0.14556202]))","(array([0.08384268]), array([0.14521979]))","(array([0.08131056]), array([0.14083403]))","(array([0.07757135]), array([0.13435752]))","(array([0.07352057]), array([0.12734136]))","(array([0.06923783]), array([0.11992344]))","(array([0.07039528]), array([0.12192819]))","(array([0.07611632]), array([0.13183734]))"
(0.36953036020910457+0j),[1.19523771e-14],[1.],[0.72904145],[1.],"(array([0.14302014]), array([0.24771815]))","(array([0.06375698]), array([0.11043033]))","(array([0.06637088]), array([0.11495773]))","(array([0.06904337]), array([0.11958663]))","(array([0.07174367]), array([0.12426368]))","(array([0.07649662]), array([0.13249603]))","(array([0.0816328]), array([0.14139216]))","(array([0.08404675]), array([0.14557324]))","(array([0.0838544]), array([0.14524009]))","(array([0.08132398]), array([0.14085727]))","(array([0.07758403]), array([0.13437949]))","(array([0.07353263]), array([0.12736225]))","(array([0.06924935]), array([0.11994339]))","(array([0.07040726]), array([0.12194894]))","(array([0.0761289]), array([0.13185913]))","(array([0.08006539]), array([0.13867732]))"
(0.40248907208396173+0j),[1.12103179e-14],[1.],[0.74114853],[1.],"(array([0.14603216]), array([0.25293511]))","(array([0.06635309]), array([0.11492692]))","(array([0.06902852]), array([0.1195609]))","(array([0.07173257]), array([0.12424445]))","(array([0.0764911]), array([0.13248646]))","(array([0.08163464]), array([0.14139534]))","(array([0.08405534]), array([0.14558811]))","(array([0.08386835]), array([0.14526424]))","(array([0.08133954]), array([0.14088421]))","(array([0.07759866]), array([0.13440481]))","(array([0.07354646]), array([0.12738621]))","(array([0.06926252]), array([0.1199662]))","(array([0.07042076]), array([0.12197234]))","(array([0.07614279]), array([0.13188317]))","(array([0.0800784]), array([0.13869986]))","(array([0.08230314]), array([0.14255322]))"
(0.43617785233992656+0j),[5.6422497e-15],[1.],[0.74094521],[1.],"(array([0.14933945]), array([0.25866352]))","(array([0.06901358]), array([0.11953502]))","(array([0.07172163]), array([0.1242255]))","(array([0.07648603]), array([0.13247769]))","(array([0.08163713]), array([0.14139965]))","(array([0.08406476]), array([0.14560444]))","(array([0.08388332]), array([0.14529017]))","(array([0.0813561]), array([0.1409129]))","(array([0.07761419]), array([0.13443172]))","(array([0.07356113]), array([0.12741162]))","(array([0.06927648]), array([0.11999038]))","(array([0.07043501]), array([0.12199701]))","(array([0.07615731]), array([0.13190833]))","(array([0.08009197]), array([0.13872336]))","(array([0.08231471]), array([0.14257327]))","(array([0.08301369]), array([0.14378393]))"
(0.46530398794025807+0j),[7.55201461e-15],[1.],[0.72772002],[1.],"(array([0.15130023]), array([0.26205969]))","(array([0.07171138]), array([0.12420775]))","(array([0.07648121]), array([0.13246935]))","(array([0.08163931]), array([0.14140343]))","(array([0.08407347]), array([0.14561952]))","(array([0.08389729]), array([0.14531436]))","(array([0.08137158]), array([0.14093971]))","(array([0.07762868]), array([0.13445681]))","(array([0.07357479]), array([0.12743527]))","(array([0.06928944]), array([0.12001283]))","(array([0.07044833]), array([0.12202009]))","(array([0.07617108]), array([0.13193218]))","(array([0.08010495]), array([0.13874584]))","(array([0.08232593]), array([0.1425927]))","(array([0.0830223]), array([0.14379883]))","(array([0.08231052]), array([0.14256601]))"
(0.48912556435159293+0j),[1.44852453e-14],[1.],[0.70441828],[1.],"(array([0.15201643]), array([0.26330018]))","(array([0.0764779]), array([0.13246361]))","(array([0.08164204]), array([0.14140816]))","(array([0.08408194]), array([0.1456342]))","(array([0.08391043]), array([0.14533714]))","(array([0.08138618]), array([0.140965]))","(array([0.07764228]), array([0.13448038]))","(array([0.07358759]), array([0.12745745]))","(array([0.06930163]), array([0.12003394]))","(array([0.07046082]), array([0.12204171]))","(array([0.07618395]), array([0.13195448]))","(array([0.08011711]), array([0.13876691]))","(array([0.08233644]), array([0.1426109]))","(array([0.08303044]), array([0.14381295]))","(array([0.08231593]), array([0.14257538]))","(array([0.0803234]), array([0.1391242]))"
(0.5065931801679159+0j),[8.21971877e-15],[1.],[0.67455881],[1.],"(array([0.1538387]), array([0.26645644]))","(array([0.08164438]), array([0.14141222]))","(array([0.08408924]), array([0.14564684]))","(array([0.08392185]), array([0.14535691]))","(array([0.08139888]), array([0.140987]))","(array([0.07765407]), array([0.1345008]))","(array([0.07359863]), array([0.12747657]))","(array([0.06931211]), array([0.1200521]))","(array([0.07047157]), array([0.12206035]))","(array([0.0761952]), array([0.13197396]))","(array([0.08012802]), array([0.1387858]))","(array([0.08234619]), array([0.14262778]))","(array([0.08303823]), array([0.14382643]))","(array([0.08232118]), array([0.14258446]))","(array([0.08032601]), array([0.13912873]))","(array([0.07737817]), array([0.13402292]))"
(0.5236251430414192+0j),[7.38377661e-15],[1.],[0.6399128],[1.],"(array([0.15542915]), array([0.26921118]))","(array([0.08409451]), array([0.14565596]))","(array([0.08393059]), array([0.14537205]))","(array([0.0814088]), array([0.14100418]))","(array([0.07766344]), array([0.13451703]))","(array([0.07360758]), array([0.12749207]))","(array([0.0693208]), array([0.12006715]))","(array([0.07048053]), array([0.12207587]))","(array([0.07620469]), array([0.1319904]))","(array([0.08013737]), array([0.13880199]))","(array([0.08235472]), array([0.14264256]))","(array([0.08304526]), array([0.14383861]))","(array([0.08232616]), array([0.14259309]))","(array([0.0803287]), array([0.1391334]))","(array([0.07737866]), array([0.13402377]))","(array([0.07380089]), array([0.12782689]))"
(0.5338265821397871+0j),[-6.53945922e-15],[1.],[0.60216641],[1.],"(array([0.15383082]), array([0.2664428]))","(array([0.08393755]), array([0.14538411]))","(array([0.08141684]), array([0.1410181]))","(array([0.0776712]), array([0.13453046]))","(array([0.07361501]), array([0.12750493]))","(array([0.06932789]), array([0.12007942]))","(array([0.07048788]), array([0.12208859]))","(array([0.07621243]), array([0.1320038]))","(array([0.08014485]), array([0.13881495]))","(array([0.08236133]), array([0.14265401]))","(array([0.08305051]), array([0.14384771]))","(array([0.08232975]), array([0.14259931]))","(array([0.08033056]), array([0.13913661]))","(array([0.07737902]), array([0.1340244]))","(array([0.07380019]), array([0.12782568]))","(array([0.06975229]), array([0.1208145]))"
(0.5379980389548837+0j),[-1.07411764e-14],[1.],[0.56372496],[1.],"(array([0.14939862]), array([0.258766]))","(array([0.08142166]), array([0.14102645]))","(array([0.07767569]), array([0.13453824]))","(array([0.07361922]), array([0.12751223]))","(array([0.06933198]), array([0.12008651]))","(array([0.07049234]), array([0.12209631]))","(array([0.07621751]), array([0.1320126]))","(array([0.0801502]), array([0.13882422]))","(array([0.08236665]), array([0.14266322]))","(array([0.08305547]), array([0.14385629]))","(array([0.08233398]), array([0.14260663]))","(array([0.08033378]), array([0.13914219]))","(array([0.07738109]), array([0.13402798]))","(array([0.07380104]), array([0.12782714]))","(array([0.06975194]), array([0.12081391]))","(array([0.06548035]), array([0.1134153]))"
(0.5383205312358584+0j),[-5.33494683e-15],[1.],[0.52567557],[1.],"(array([0.14259035]), array([0.24697373]))","(array([0.07767642]), array([0.13453951]))","(array([0.07362017]), array([0.12751387]))","(array([0.06933304]), array([0.12008835]))","(array([0.07049384]), array([0.12209891]))","(array([0.07621973]), array([0.13201644]))","(array([0.08015298]), array([0.13882903]))","(array([0.08236986]), array([0.14266878]))","(array([0.08305893]), array([0.14386228]))","(array([0.08233747]), array([0.14261268]))","(array([0.08033716]), array([0.13914804]))","(array([0.07738419]), array([0.13403336]))","(array([0.07380368]), array([0.12783172]))","(array([0.06975382]), array([0.12081717]))","(array([0.06548139]), array([0.1134171]))","(array([0.0611817]), array([0.10596982]))"
(0.5257381197269612+0j),[-3.5482961e-15],[1.],[0.4934013],[1.],"(array([0.13487358]), array([0.23360789]))","(array([0.07361876]), array([0.12751144]))","(array([0.06933186]), array([0.12008631]))","(array([0.07049285]), array([0.1220972]))","(array([0.07621924]), array([0.1320156]))","(array([0.08015316]), array([0.13882935]))","(array([0.08237077]), array([0.14267035]))","(array([0.08306048]), array([0.14386497]))","(array([0.08233959]), array([0.14261636]))","(array([0.08033991]), array([0.1391528]))","(array([0.07738754]), array([0.13403915]))","(array([0.07380747]), array([0.12783829]))","(array([0.06975769]), array([0.12082386]))","(array([0.0654847]), array([0.11342283]))","(array([0.06118425]), array([0.10597422]))","(array([0.05721008]), array([0.09909077]))"
(0.5129889597071492+0j),[-6.43301864e-15],[1.],[0.46600048],[1.],"(array([0.12745212]), array([0.22075354]))","(array([0.06932875]), array([0.12008091]))","(array([0.07048955]), array([0.12209148]))","(array([0.0762158]), array([0.13200963]))","(array([0.08015017]), array([0.13882416]))","(array([0.08236864]), array([0.14266668]))","(array([0.08305933]), array([0.14386298]))","(array([0.08233949]), array([0.14261618]))","(array([0.080341]), array([0.13915469]))","(array([0.07738992]), array([0.13404327]))","(array([0.07381112]), array([0.12784461]))","(array([0.06976243]), array([0.12083208]))","(array([0.06548991]), array([0.11343185]))","(array([0.06118919]), array([0.10598278]))","(array([0.05721448]), array([0.09909838]))","(array([0.05384661]), array([0.09326507]))"
(0.5003438813682413+0j),[-1.10234856e-14],[1.],[0.44359822],[1.],"(array([0.12033606]), array([0.20842817]))","(array([0.07048445]), array([0.12208265]))","(array([0.07620934]), array([0.13199844]))","(array([0.08014325]), array([0.13881217]))","(array([0.08236224]), array([0.14265559]))","(array([0.08305403]), array([0.1438538]))","(array([0.08233568]), array([0.14260958]))","(array([0.08033911]), array([0.13915142]))","(array([0.0773902]), array([0.13404376]))","(array([0.07381367]), array([0.12784902]))","(array([0.06976722]), array([0.12084037]))","(array([0.06549652]), array([0.11344331]))","(array([0.06119685]), array([0.10599605]))","(array([0.05722231]), array([0.09911195]))","(array([0.05385415]), array([0.09327812]))","(array([0.05101973]), array([0.08836876]))"
(0.48698887035514715+0j),[-1.28278484e-14],[1.],[0.42731936],[1.],"(array([0.11926263]), array([0.20656893]))","(array([0.07620068]), array([0.13198345]))","(array([0.08013205]), array([0.13879278]))","(array([0.08235009]), array([0.14263455]))","(array([0.08304235]), array([0.14383356]))","(array([0.08232558]), array([0.14259209]))","(array([0.08033161]), array([0.13913844]))","(array([0.07738603]), array([0.13403653]))","(array([0.07381321]), array([0.12784824]))","(array([0.06977063]), array([0.12084628]))","(array([0.06550357]), array([0.11345551]))","(array([0.0612069]), array([0.10601345]))","(array([0.05723418]), array([0.09913251]))","(array([0.05386673]), array([0.09329991]))","(array([0.05103232]), array([0.08839057]))","(array([0.0487964]), array([0.08451785]))"
(0.47676240316826735+0j),[-1.22914208e-14],[1.],[0.41807653],[1.],"(array([0.12347916]), array([0.21387218]))","(array([0.08011824]), array([0.13876886]))","(array([0.0823325]), array([0.14260408]))","(array([0.08302321]), array([0.14380043]))","(array([0.08230716]), array([0.14256018]))","(array([0.08031587]), array([0.13911118]))","(array([0.07737442]), array([0.13401643]))","(array([0.07380666]), array([0.12783689]))","(array([0.0697698]), array([0.12084485]))","(array([0.06550862]), array([0.11346425]))","(array([0.06121742]), array([0.10603168]))","(array([0.05724883]), array([0.09915788]))","(array([0.05388393]), array([0.09332971]))","(array([0.05105088]), array([0.08842272]))","(array([0.04881528]), array([0.08455055]))","(array([0.04730203]), array([0.08192951]))"
(0.46603166901997667+0j),[-1.70773335e-14],[1.],[0.414669],[1.],"(array([0.12662796]), array([0.21932606]))","(array([0.08231435]), array([0.14257264]))","(array([0.08300028]), array([0.1437607]))","(array([0.0822823]), array([0.14251713]))","(array([0.08029205]), array([0.13906991]))","(array([0.07735399]), array([0.13398103]))","(array([0.07379127]), array([0.12781023]))","(array([0.06976091]), array([0.12082944]))","(array([0.06550709]), array([0.1134616]))","(array([0.06122339]), array([0.10604203]))","(array([0.05726123]), array([0.09917936]))","(array([0.05390113]), array([0.0933595]))","(array([0.05107156]), array([0.08845854]))","(array([0.04883802]), array([0.08458993]))","(array([0.04732562]), array([0.08197038]))","(array([0.0465376]), array([0.08060549]))"
(0.45566718072850654+0j),[-2.7708148e-14],[1.],[0.41664525],[1.],"(array([0.12872201]), array([0.22295306]))","(array([0.08297926]), array([0.1437243]))","(array([0.08225644]), array([0.14247233]))","(array([0.08026454]), array([0.13902226]))","(array([0.07732779]), array([0.13393566]))","(array([0.07376864]), array([0.12777103]))","(array([0.06974389]), array([0.12079997]))","(array([0.06549735]), array([0.11344474]))","(array([0.06122185]), array([0.10603936]))","(array([0.05726738]), array([0.09919001]))","(array([0.05391361]), array([0.09338111]))","(array([0.05108919]), array([0.08848908]))","(array([0.0488594]), array([0.08462697]))","(array([0.04734943]), array([0.08201163]))","(array([0.04656257]), array([0.08064874]))","(array([0.04643954]), array([0.08043563]))"
(0.4463631711448495+0j),[-3.24422855e-14],[1.],[0.42324737],[1.],"(array([0.12986477]), array([0.22493238]))","(array([0.08223276]), array([0.14243132]))","(array([0.08023683]), array([0.13897427]))","(array([0.07729916]), array([0.13388607]))","(array([0.07374184]), array([0.12772462]))","(array([0.06972138]), array([0.12076097]))","(array([0.06548123]), array([0.11341681]))","(array([0.06121367]), array([0.10602518]))","(array([0.05726722]), array([0.09918974]))","(array([0.05392054]), array([0.09339311]))","(array([0.05110227]), array([0.08851173]))","(array([0.04887741]), array([0.08465815]))","(array([0.04737109]), array([0.08204914]))","(array([0.04658653]), array([0.08069023]))","(array([0.04646437]), array([0.08047865]))","(array([0.04692276]), array([0.08127261]))"
(0.42050769641467073+0j),[-3.24394227e-14],[1.],[0.42599978],[1.],"(array([0.12964337]), array([0.2245489]))","(array([0.08021007]), array([0.13892793]))","(array([0.07726901]), array([0.13383386]))","(array([0.07371134]), array([0.12767178]))","(array([0.0696936]), array([0.12071285]))","(array([0.06545884]), array([0.11337804]))","(array([0.06119883]), array([0.10599949]))","(array([0.05726055]), array([0.09917818]))","(array([0.05392142]), array([0.09339464]))","(array([0.05111019]), array([0.08852544]))","(array([0.04889144]), array([0.08468246]))","(array([0.04739015]), array([0.08208216]))","(array([0.04660919]), array([0.08072948]))","(array([0.04648898]), array([0.08052127]))","(array([0.04694789]), array([0.08131613]))","(array([0.0474483]), array([0.08218287]))"
(0.39730804747562204+0j),[-2.24311405e-14],[1.],[0.43514126],[1.],"(array([0.12827142]), array([0.22217261]))","(array([0.07723797]), array([0.13378009]))","(array([0.07367726]), array([0.12761275]))","(array([0.06965995]), array([0.12065457]))","(array([0.06542919]), array([0.11332668]))","(array([0.06117605]), array([0.10596002]))","(array([0.05724602]), array([0.09915302]))","(array([0.05391492]), array([0.09338337]))","(array([0.05111135]), array([0.08852746]))","(array([0.04889964]), array([0.08469665]))","(array([0.04740465]), array([0.08210727]))","(array([0.04662881]), array([0.08076348]))","(array([0.04651205]), array([0.08056123]))","(array([0.04697274]), array([0.08135917]))","(array([0.04747332]), array([0.0822262]))","(array([0.04810402]), array([0.08331861]))"
(0.3770741384477452+0j),[-1.89713651e-14],[1.],[0.44961298],[1.],"(array([0.12661624]), array([0.21930576]))","(array([0.07364194]), array([0.12755157]))","(array([0.0696227]), array([0.12059006]))","(array([0.06539404]), array([0.1132658]))","(array([0.0611466]), array([0.10590902]))","(array([0.05722433]), array([0.09911544]))","(array([0.05390134]), array([0.09335986]))","(array([0.05110583]), array([0.0885179]))","(array([0.0489017]), array([0.08470023]))","(array([0.04741383]), array([0.08212317]))","(array([0.04664424]), array([0.08079019]))","(array([0.04653224]), array([0.0805962]))","(array([0.04699604]), array([0.08139952]))","(array([0.04749774]), array([0.08226849]))","(array([0.04812837]), array([0.08336079]))","(array([0.04942574]), array([0.08560789]))"
(0.3599521483364303+0j),[-1.80577534e-14],[1.],[0.46845035],[1.],"(array([0.12489139]), array([0.21631823]))","(array([0.06958428]), array([0.12052351]))","(array([0.06535581]), array([0.11319959]))","(array([0.06111251]), array([0.10584997]))","(array([0.05719701]), array([0.09906813]))","(array([0.0538818]), array([0.09332602]))","(array([0.05109447]), array([0.08849821]))","(array([0.04889821]), array([0.08469418]))","(array([0.04741784]), array([0.08213011]))","(array([0.04665518]), array([0.08080914]))","(array([0.04654888]), array([0.08062503]))","(array([0.04701689]), array([0.08143564]))","(array([0.04752062]), array([0.08230812]))","(array([0.0481518]), array([0.08340136]))","(array([0.04944923]), array([0.08564858]))","(array([0.05130201]), array([0.08885768]))"
(0.3490956511975391+0j),[-2.02069261e-14],[1.],[0.49398782],[1.],"(array([0.12332174]), array([0.21359951]))","(array([0.06531498]), array([0.11312886]))","(array([0.06107404]), array([0.10578333]))","(array([0.05716418]), array([0.09901126]))","(array([0.05385623]), array([0.09328173]))","(array([0.05107704]), array([0.08846802]))","(array([0.04888889]), array([0.08467804]))","(array([0.04741638]), array([0.08212757]))","(array([0.04666122]), array([0.0808196]))","(array([0.04656146]), array([0.08064682]))","(array([0.04703472]), array([0.08146652]))","(array([0.04754143]), array([0.08234417]))","(array([0.04817389]), array([0.08343962]))","(array([0.04947203]), array([0.08568807]))","(array([0.05132499]), array([0.08889749]))","(array([0.05379477]), array([0.09317527]))"
(0.341573871993863+0j),[-1.94542601e-14],[1.],[0.52123486],[1.],"(array([0.12199551]), array([0.21130243]))","(array([0.06103135]), array([0.10570941]))","(array([0.05712619]), array([0.09894546]))","(array([0.05382508]), array([0.09322778]))","(array([0.05105404]), array([0.08842819]))","(array([0.0488743]), array([0.08465278]))","(array([0.04741014]), array([0.08211677]))","(array([0.04666312]), array([0.0808229]))","(array([0.04657058]), array([0.0806626]))","(array([0.04704988]), array([0.08149278]))","(array([0.04756039]), array([0.08237701]))","(array([0.04819486]), array([0.08347594]))","(array([0.04949439]), array([0.08572679]))","(array([0.05134812]), array([0.08893755]))","(array([0.05381803]), array([0.09321557]))","(array([0.05674172]), array([0.09827955]))"
(0.3372505617650726+0j),[-2.36724069e-14],[1.],[0.54917385],[1.],"(array([0.1207908]), array([0.2092158]))","(array([0.05708543]), array([0.09887486]))","(array([0.05379104]), array([0.09316882]))","(array([0.05102808]), array([0.08838323]))","(array([0.04885707]), array([0.08462293]))","(array([0.04740185]), array([0.08210241]))","(array([0.0466635]), array([0.08082356]))","(array([0.04657868]), array([0.08067663]))","(array([0.04706447]), array([0.08151805]))","(array([0.04757913]), array([0.08240947]))","(array([0.04821591]), array([0.0835124]))","(array([0.04951712]), array([0.08576617]))","(array([0.05137193]), array([0.08897879]))","(array([0.05384232]), array([0.09325763]))","(array([0.05676568]), array([0.09832104]))","(array([0.05982185]), array([0.10361449]))"
(0.335988750963056+0j),[-2.10722623e-14],[1.],[0.57658022],[1.],"(array([0.11995483]), array([0.20776786]))","(array([0.05375701]), array([0.09310987]))","(array([0.05100223]), array([0.08833845]))","(array([0.04884004]), array([0.08459343]))","(array([0.04739391]), array([0.08208866]))","(array([0.04666441]), array([0.08082512]))","(array([0.04658741]), array([0.08069176]))","(array([0.0470797]), array([0.08154443]))","(array([0.04759845]), array([0.08244293]))","(array([0.04823745]), array([0.08354972]))","(array([0.04954024]), array([0.08580622]))","(array([0.05139604]), array([0.08902056]))","(array([0.05386694]), array([0.09330027]))","(array([0.05679016]), array([0.09836344]))","(array([0.05984528]), array([0.10365507]))","(array([0.06292516]), array([0.10898957]))"
(0.32574778912221997+0j),[-1.84335495e-14],[1.],[0.59069894],[1.],"(array([0.11895023]), array([0.20602784]))","(array([0.05097671]), array([0.08829425]))","(array([0.04882349]), array([0.08456476]))","(array([0.04738655]), array([0.08207591]))","(array([0.04666602]), array([0.08082791]))","(array([0.04659695]), array([0.08070829]))","(array([0.0470958]), array([0.08157232]))","(array([0.04761864]), array([0.0824779]))","(array([0.04825986]), array([0.08358852]))","(array([0.04956416]), array([0.08584765]))","(array([0.05142085]), array([0.08906353]))","(array([0.05389212]), array([0.09334389]))","(array([0.05681513]), array([0.0984067]))","(array([0.0598693]), array([0.10369667]))","(array([0.06294737]), array([0.10902805]))","(array([0.06523917]), array([0.11299757]))"
(0.3179271751676413+0j),[-1.69653433e-14],[1.],[0.60592917],[1.],"(array([0.11779879]), array([0.20403349]))","(array([0.0488071]), array([0.08453638]))","(array([0.04737984]), array([0.0820643]))","(array([0.04666878]), array([0.08083269]))","(array([0.04660807]), array([0.08072754]))","(array([0.04711377]), array([0.08160345]))","(array([0.04764082]), array([0.08251632]))","(array([0.04828429]), array([0.08363084]))","(array([0.04959011]), array([0.08589258]))","(array([0.05144761]), array([0.08910987]))","(array([0.05391912]), array([0.09339066]))","(array([0.05684174]), array([0.09845278]))","(array([0.05989474]), array([0.10374074]))","(array([0.06297088]), array([0.10906877]))","(array([0.06526031]), array([0.11303418]))","(array([0.06685901]), array([0.11580321]))"
(0.3123830699112419+0j),[-1.65008388e-14],[1.],[0.62180606],[1.],"(array([0.1173022]), array([0.20317338]))","(array([0.04736963]), array([0.0820466]))","(array([0.04666939]), array([0.08083375]))","(array([0.04661841]), array([0.08074546]))","(array([0.04713226]), array([0.08163547]))","(array([0.04766444]), array([0.08255724]))","(array([0.04831077]), array([0.0836767]))","(array([0.04961859]), array([0.08594192]))","(array([0.05147731]), array([0.08916132]))","(array([0.05394937]), array([0.09344306]))","(array([0.05687179]), array([0.09850483]))","(array([0.0599237]), array([0.10379089]))","(array([0.06299781]), array([0.10911542]))","(array([0.06528473]), array([0.11307646]))","(array([0.06688079]), array([0.11584093]))","(array([0.06852615]), array([0.11869078]))"
(0.30885043357167474+0j),[-9.67619227e-15],[1.],[0.63795114],[1.],"(array([0.11755666]), array([0.20361411]))","(array([0.04666133]), array([0.08081979]))","(array([0.04662213]), array([0.0807519]))","(array([0.04714633]), array([0.08165984]))","(array([0.04768553]), array([0.08259377]))","(array([0.04833613]), array([0.08372063]))","(array([0.04964726]), array([0.08599158]))","(array([0.05150837]), array([0.08921511]))","(array([0.05398207]), array([0.09349969]))","(array([0.05690527]), array([0.09856281]))","(array([0.05995687]), array([0.10384834]))","(array([0.06302952]), array([0.10917034]))","(array([0.0653141]), array([0.11312734]))","(array([0.0669075]), array([0.11588718]))","(array([0.06854993]), array([0.11873196]))","(array([0.07021698]), array([0.12161938]))"
(0.272891428911381+0j),[-7.97035847e-15],[1.],[0.61234465],[1.],"(array([0.1162821]), array([0.2014065]))","(array([0.04661557]), array([0.08074054]))","(array([0.04715218]), array([0.08166998]))","(array([0.0477004]), array([0.08261952]))","(array([0.04835693]), array([0.08375666]))","(array([0.04967297]), array([0.0860361]))","(array([0.05153797]), array([0.08926638]))","(array([0.05401476]), array([0.09355631]))","(array([0.0569401]), array([0.09862315]))","(array([0.05999262]), array([0.10391027]))","(array([0.06306489]), array([0.1092316]))","(array([0.06534784]), array([0.11318579]))","(array([0.06693883]), array([0.11594146]))","(array([0.06857841]), array([0.11878129]))","(array([0.07024241]), array([0.12166341]))","(array([0.06964528]), array([0.12062916]))"
(0.2405365498730521+0j),[-6.23023476e-15],[1.],[0.58744254],[1.],"(array([0.11341168]), array([0.19643479]))","(array([0.04714504]), array([0.0816576]))","(array([0.04770357]), array([0.08262501]))","(array([0.04836748]), array([0.08377493]))","(array([0.04968994]), array([0.08606551]))","(array([0.05156043]), array([0.08930528]))","(array([0.05404193]), array([0.09360337]))","(array([0.0569711]), array([0.09867683]))","(array([0.06002622]), array([0.10396846]))","(array([0.06309975]), array([0.10929198]))","(array([0.06538246]), array([0.11324575]))","(array([0.06697206]), array([0.11599901]))","(array([0.06860949]), array([0.11883512]))","(array([0.07027089]), array([0.12171276]))","(array([0.06967184]), array([0.12067517]))","(array([0.06681994]), array([0.11573554]))"
(0.21140755392675686+0j),[-6.14606768e-15],[1.],[0.56283931],[1.],"(array([0.11117842]), array([0.19256667]))","(array([0.04768541]), array([0.08259355]))","(array([0.04835814]), array([0.08375876]))","(array([0.04968885]), array([0.08606361]))","(array([0.05156691]), array([0.0893165]))","(array([0.05405543]), array([0.09362675]))","(array([0.05699095]), array([0.09871121]))","(array([0.06005137]), array([0.10401202]))","(array([0.063129]), array([0.10934264]))","(array([0.06541401]), array([0.11330039]))","(array([0.06700439]), array([0.11605501]))","(array([0.06864159]), array([0.11889073]))","(array([0.07030181]), array([0.12176631]))","(array([0.06970143]), array([0.12072643]))","(array([0.06684866]), array([0.11578528]))","(array([0.06406544]), array([0.1109646]))"
(0.1855454542474257+0j),[-4.71377883e-15],[1.],[0.53815507],[1.],"(array([0.10890355]), array([0.18862647]))","(array([0.04831984]), array([0.08369242]))","(array([0.04966062]), array([0.08601472]))","(array([0.05154859]), array([0.08928478]))","(array([0.05404689]), array([0.09361196]))","(array([0.05699192]), array([0.0987129]))","(array([0.0600612]), array([0.10402904]))","(array([0.06314673]), array([0.10937335]))","(array([0.06543757]), array([0.11334119]))","(array([0.06703185]), array([0.11610256]))","(array([0.06867178]), array([0.11894301]))","(array([0.07033343]), array([0.12182107]))","(array([0.06973293]), array([0.12078097]))","(array([0.06687954]), array([0.11583877]))","(array([0.06409599]), array([0.11101751]))","(array([0.0612679]), array([0.10611911]))"
(0.23205351857561957+0j),[-3.48880702e-15],[1.],[0.65215916],[1.],"(array([0.1145548]), array([0.19841473]))","(array([0.04960267]), array([0.08591435]))","(array([0.0515018]), array([0.08920373]))","(array([0.05401169]), array([0.09355099]))","(array([0.05696866]), array([0.09867262]))","(array([0.06004983]), array([0.10400935]))","(array([0.06314683]), array([0.10937352]))","(array([0.06544707]), array([0.11335766]))","(array([0.0670486]), array([0.11613159]))","(array([0.06869459]), array([0.11898251]))","(array([0.07036085]), array([0.12186857]))","(array([0.06976189]), array([0.12083114]))","(array([0.06690838]), array([0.11588872]))","(array([0.06412519]), array([0.11106809]))","(array([0.06129773]), array([0.10617078]))","(array([0.06630754]), array([0.11484802]))"
(0.2860291972176886+0j),[-8.18290754e-16],[1.],[0.73636691],[1.],"(array([0.12677639]), array([0.21958315]))","(array([0.05142743]), array([0.08907492]))","(array([0.05394917]), array([0.0934427]))","(array([0.0569193]), array([0.09858713]))","(array([0.06001439]), array([0.10394797]))","(array([0.06312544]), array([0.10933647]))","(array([0.06543796]), array([0.11334187]))","(array([0.06704965]), array([0.11613339]))","(array([0.06870489]), array([0.11900036]))","(array([0.07037917]), array([0.12190029]))","(array([0.06978374]), array([0.12086898]))","(array([0.06693072]), array([0.11592741]))","(array([0.06414855]), array([0.11110854]))","(array([0.06132236]), array([0.10621344]))","(array([0.06633638]), array([0.11489798]))","(array([0.07726335]), array([0.13382404]))"
(0.34285982144534705+0j),[-3.68175043e-15],[1.],[0.7898749],[1.],"(array([0.13619392]), array([0.23589478]))","(array([0.05386548]), array([0.09329774]))","(array([0.05684775]), array([0.09846319]))","(array([0.05995678]), array([0.10384819]))","(array([0.06308295]), array([0.10926288]))","(array([0.06540961]), array([0.11329277]))","(array([0.06703365]), array([0.11610569]))","(array([0.06870048]), array([0.11899272]))","(array([0.07038503]), array([0.12191046]))","(array([0.06979474]), array([0.12088803]))","(array([0.06694298]), array([0.11594865]))","(array([0.06416252]), array([0.11113275]))","(array([0.06133838]), array([0.1062412]))","(array([0.06635897]), array([0.1149371]))","(array([0.077294]), array([0.13387713]))","(array([0.08486647]), array([0.14699304]))"
(0.39839941794225536+0j),[-5.65403949e-15],[1.],[0.81398319],[1.],"(array([0.14289173]), array([0.24749573]))","(array([0.05676093]), array([0.09831282]))","(array([0.05988276]), array([0.10371999]))","(array([0.06302378]), array([0.10916039]))","(array([0.06536523]), array([0.11321591]))","(array([0.06700273]), array([0.11605213]))","(array([0.06868221]), array([0.11896109]))","(array([0.07037825]), array([0.12189871]))","(array([0.06979408]), array([0.12088689]))","(array([0.06694416]), array([0.11595068]))","(array([0.06416598]), array([0.11113874]))","(array([0.06134454]), array([0.10625186]))","(array([0.06637377]), array([0.11496274]))","(array([0.07732031]), array([0.13392271]))","(array([0.08489941]), array([0.14705009]))","(array([0.08913036]), array([0.15437831]))"
(0.4141782835934253+0j),[-6.81247491e-15],[1.],[0.80360603],[1.],"(array([0.14634172]), array([0.25347129]))","(array([0.05979613]), array([0.10356994]))","(array([0.06295067]), array([0.10903376]))","(array([0.06530651]), array([0.11311419]))","(array([0.06695771]), array([0.11597416]))","(array([0.06865045]), array([0.11890607]))","(array([0.07035886]), array([0.12186512]))","(array([0.0697816]), array([0.12086528]))","(array([0.06693405]), array([0.11593318]))","(array([0.06415859]), array([0.11112594]))","(array([0.06134032]), array([0.10624454]))","(array([0.06637979]), array([0.11497317]))","(array([0.07734107]), array([0.13395866]))","(array([0.08493012]), array([0.14710328]))","(array([0.08916537]), array([0.15443896]))","(array([0.08968402]), array([0.15533728]))"
(0.42673785516322355+0j),[3.9467164e-16],[1.],[0.78910403],[1.],"(array([0.14799452]), array([0.25633402]))","(array([0.06286911]), array([0.1088925]))","(array([0.0652376]), array([0.11299484]))","(array([0.06690152]), array([0.11587683]))","(array([0.06860696]), array([0.11883075]))","(array([0.07032755]), array([0.12181088]))","(array([0.06975766]), array([0.12082382]))","(array([0.06691284]), array([0.11589644]))","(array([0.06414034]), array([0.11109433]))","(array([0.06132546]), array([0.10621881]))","(array([0.06637605]), array([0.11496669]))","(array([0.07735417]), array([0.13398135]))","(array([0.08495612]), array([0.14714832]))","(array([0.08919873]), array([0.15449673]))","(array([0.08971907]), array([0.15539799]))","(array([0.088297]), array([0.15293489]))"
(0.43604079779261584+0j),[4.3451807e-15],[1.],[0.77168633],[1.],"(array([0.14936516]), array([0.25870805]))","(array([0.06516565]), array([0.11287022]))","(array([0.06684027]), array([0.11577074]))","(array([0.06855667]), array([0.11874364]))","(array([0.07028817]), array([0.12174268]))","(array([0.06972537]), array([0.12076788]))","(array([0.06688337]), array([0.11584539]))","(array([0.06411382]), array([0.11104839]))","(array([0.06130225]), array([0.10617861]))","(array([0.06636386]), array([0.11494559]))","(array([0.07735926]), array([0.13399017]))","(array([0.08497569]), array([0.14718222]))","(array([0.089228]), array([0.15454743]))","(array([0.08975178]), array([0.15545465]))","(array([0.08832969]), array([0.15299151]))","(array([0.08658457]), array([0.14996888]))"
(0.44242939034138773+0j),[1.0870735e-14],[1.],[0.75248315],[1.],"(array([0.14971906]), array([0.25932102]))","(array([0.06677805]), array([0.11566297]))","(array([0.06850344]), array([0.11865144]))","(array([0.07024423]), array([0.12166657]))","(array([0.06968774]), array([0.1207027]))","(array([0.06684841]), array([0.11578485]))","(array([0.06408157]), array([0.11099253]))","(array([0.06127319]), array([0.10612827]))","(array([0.06634513]), array([0.11491313]))","(array([0.07735714]), array([0.13398649]))","(array([0.08498859]), array([0.14720456]))","(array([0.08925218]), array([0.15458931]))","(array([0.08978115]), array([0.15550552]))","(array([0.08835998]), array([0.15304397]))","(array([0.08661429]), array([0.15002034]))","(array([0.08462999]), array([0.14658345]))"
(0.4071479322603833+0j),[9.70599018e-15],[1.],[0.72156906],[1.],"(array([0.14863963]), array([0.25745138]))","(array([0.06844955]), array([0.11855809]))","(array([0.07019784]), array([0.12158622]))","(array([0.06964671]), array([0.12063165]))","(array([0.06680985]), array([0.11571806]))","(array([0.0640454]), array([0.11092989]))","(array([0.06124018]), array([0.1060711]))","(array([0.06632146]), array([0.11487213]))","(array([0.0773489]), array([0.13397223]))","(array([0.08499518]), array([0.14721598]))","(array([0.089271]), array([0.1546219]))","(array([0.08980661]), array([0.15554961]))","(array([0.08838757]), array([0.15309176]))","(array([0.08664212]), array([0.15006856]))","(array([0.0846569]), array([0.14663004]))","(array([0.08192523]), array([0.14189867]))"
(0.3741524699626293+0j),[1.09574312e-14],[1.],[0.69362852],[1.],"(array([0.14706663]), array([0.25472688]))","(array([0.07014885]), array([0.12150137]))","(array([0.06960229]), array([0.1205547]))","(array([0.0667677]), array([0.11564505]))","(array([0.06400556]), array([0.11086089]))","(array([0.06120331]), array([0.10600725]))","(array([0.0662931]), array([0.11482302]))","(array([0.07733516]), array([0.13394842]))","(array([0.08499618]), array([0.14721771]))","(array([0.08928503]), array([0.15464621]))","(array([0.08982851]), array([0.15558754]))","(array([0.08841279]), array([0.15313544]))","(array([0.08666872]), array([0.15011463]))","(array([0.08468357]), array([0.14667624]))","(array([0.08195074]), array([0.14194285]))","(array([0.07867442]), array([0.13626808]))"
(0.3433674567237047+0j),[1.04057714e-14],[1.],[0.66844689],[1.],"(array([0.14576354]), array([0.25246986]))","(array([0.06955332]), array([0.12046989]))","(array([0.06672073]), array([0.11556369]))","(array([0.06396067]), array([0.11078312]))","(array([0.06116087]), array([0.10593373]))","(array([0.06625813]), array([0.11476245]))","(array([0.07731386]), array([0.13391153]))","(array([0.08498977]), array([0.1472066]))","(array([0.08929276]), array([0.1546596]))","(array([0.08984563]), array([0.15561719]))","(array([0.08843475]), array([0.15317348]))","(array([0.08669379]), array([0.15015804]))","(array([0.08471038]), array([0.14672268]))","(array([0.08197744]), array([0.14198909]))","(array([0.0786998]), array([0.13631205]))","(array([0.07566934]), array([0.13106314]))"
(0.3154376860290219+0j),[1.18654568e-14],[1.],[0.64623131],[1.],"(array([0.14245802]), array([0.24674453]))","(array([0.06667125]), array([0.115478]))","(array([0.06391243]), array([0.11069957]))","(array([0.06111422]), array([0.10585293]))","(array([0.06621688]), array([0.114691]))","(array([0.07728374]), array([0.13385937]))","(array([0.08497342]), array([0.14717829]))","(array([0.08929104]), array([0.15465662]))","(array([0.08985481]), array([0.15563309]))","(array([0.08845063]), array([0.15320099]))","(array([0.08671491]), array([0.15019463]))","(array([0.08473546]), array([0.14676613]))","(array([0.08200393]), array([0.14203498]))","(array([0.07872577]), array([0.13635704]))","(array([0.07569449]), array([0.1311067]))","(array([0.07295613]), array([0.12636373]))"
(0.3192364718521266+0j),[8.05050817e-15],[1.],[0.65874686],[1.],"(array([0.138959]), array([0.24068404]))","(array([0.06386569]), array([0.11061863]))","(array([0.0610679]), array([0.10577271]))","(array([0.0661731]), array([0.11461517]))","(array([0.07724712]), array([0.13379593]))","(array([0.0849479]), array([0.14713409]))","(array([0.08927919]), array([0.1546361]))","(array([0.08985446]), array([0.1556325]))","(array([0.08845842]), array([0.15321447]))","(array([0.08672981]), array([0.15022044]))","(array([0.08475639]), array([0.14680237]))","(array([0.0820278]), array([0.14207632]))","(array([0.07875001]), array([0.13639901]))","(array([0.07571873]), array([0.13114869]))","(array([0.07298007]), array([0.12640519]))","(array([0.07233646]), array([0.12529043]))"
(0.3242508247313272+0j),[7.01256506e-15],[1.],[0.6703842],[1.],"(array([0.13735574]), array([0.23790712]))","(array([0.06102363]), array([0.10569603]))","(array([0.0661284]), array([0.11453776]))","(array([0.07720538]), array([0.13372364]))","(array([0.0849143]), array([0.14707588]))","(array([0.08925798]), array([0.15459936]))","(array([0.08984498]), array([0.15561607]))","(array([0.08845816]), array([0.15321402]))","(array([0.08673832]), array([0.15023518]))","(array([0.08477283]), array([0.14683086]))","(array([0.08204863]), array([0.14211239]))","(array([0.07877204]), array([0.13643717]))","(array([0.07574154]), array([0.1311882]))","(array([0.07300327]), array([0.12644537]))","(array([0.07236059]), array([0.12533223]))","(array([0.07353548]), array([0.1273672]))"
(0.3303172536477099+0j),[8.93360402e-15],[1.],[0.68093272],[1.],"(array([0.13558109]), array([0.23483334]))","(array([0.06607807]), array([0.11445058]))","(array([0.07715719]), array([0.13364017]))","(array([0.08487449]), array([0.14700693]))","(array([0.08923183]), array([0.15455407]))","(array([0.08983208]), array([0.15559372]))","(array([0.08845588]), array([0.15321007]))","(array([0.08674635]), array([0.15024909]))","(array([0.08479029]), array([0.1468611]))","(array([0.08207135]), array([0.14215175]))","(array([0.07879637]), array([0.13647932]))","(array([0.07576698]), array([0.13123225]))","(array([0.07302934]), array([0.12649053]))","(array([0.07238807]), array([0.12537981]))","(array([0.07356424]), array([0.127417]))","(array([0.07460855]), array([0.12922581]))"
(0.33517461821553+0j),[3.41137147e-15],[1.],[0.68934896],[1.],"(array([0.14156775]), array([0.24520254]))","(array([0.07710121]), array([0.13354322]))","(array([0.0848299]), array([0.14692969]))","(array([0.08920437]), array([0.1545065]))","(array([0.0898205]), array([0.15557367]))","(array([0.0884568]), array([0.15321167]))","(array([0.08675921]), array([0.15027136]))","(array([0.08481371]), array([0.14690165]))","(array([0.08210037]), array([0.14220201]))","(array([0.07882695]), array([0.13653229]))","(array([0.07579857]), array([0.13128698]))","(array([0.07306147]), array([0.12654617]))","(array([0.07242151]), array([0.12543773]))","(array([0.07359871]), array([0.12747671]))","(array([0.07464239]), array([0.12928441]))","(array([0.07555452]), array([0.13086426]))"
(0.33491465587873775+0j),[2.05024506e-15],[1.],[0.69401699],[1.],"(array([0.15320971]), array([0.26536701]))","(array([0.08477938]), array([0.1468422]))","(array([0.08917402]), array([0.15445393]))","(array([0.08980874]), array([0.1555533]))","(array([0.08845973]), array([0.15321675]))","(array([0.08677612]), array([0.15030064]))","(array([0.08484264]), array([0.14695176]))","(array([0.08213547]), array([0.1422628]))","(array([0.07886368]), array([0.1365959]))","(array([0.0758363]), array([0.13135233]))","(array([0.07309969]), array([0.12661237]))","(array([0.07246106]), array([0.12550624]))","(array([0.07363928]), array([0.12754697]))","(array([0.07468193]), array([0.1293529]))","(array([0.07559181]), array([0.13092886]))","(array([0.07617827]), array([0.13194463]))"
(0.3322316566876064+0j),[5.69631009e-15],[1.],[0.69848208],[1.],"(array([0.16138338]), array([0.27952422]))","(array([0.08913972]), array([0.15439452]))","(array([0.08979481]), array([0.15552918]))","(array([0.08846217]), array([0.15322098]))","(array([0.08679422]), array([0.15033201]))","(array([0.08487419]), array([0.14700642]))","(array([0.08217392]), array([0.1423294]))","(array([0.07890405]), array([0.13666582]))","(array([0.07587784]), array([0.13142427]))","(array([0.07314181]), array([0.12668533]))","(array([0.07250476]), array([0.12558193]))","(array([0.07368431]), array([0.12762497]))","(array([0.07472601]), array([0.12942925]))","(array([0.07563334]), array([0.13100079]))","(array([0.07621639]), array([0.13201066]))","(array([0.07666574]), array([0.13278895]))"
(0.32794629725517277+0j),[8.30358236e-15],[1.],[0.70363521],[1.],"(array([0.16633135]), array([0.28809435]))","(array([0.08977455]), array([0.15549408]))","(array([0.0884587]), array([0.15321496]))","(array([0.08680729]), array([0.15035464]))","(array([0.08490175]), array([0.14705415]))","(array([0.08220926]), array([0.14239061]))","(array([0.07894175]), array([0.13673111]))","(array([0.07591718]), array([0.13149242]))","(array([0.07318225]), array([0.12675538]))","(array([0.07254769]), array([0.12565628]))","(array([0.07372981]), array([0.12770378]))","(array([0.07477168]), array([0.12950834]))","(array([0.07567716]), array([0.13107669]))","(array([0.07625709]), array([0.13208115]))","(array([0.07670261]), array([0.13285283]))","(array([0.07723756]), array([0.13377939]))"
(0.32357225538185996+0j),[9.12920961e-15],[1.],[0.71001802],[1.],"(array([0.16765433]), array([0.29038582]))","(array([0.08844547]), array([0.15319205]))","(array([0.0868105]), array([0.15036019]))","(array([0.08492012]), array([0.14708596]))","(array([0.08223632]), array([0.14243749]))","(array([0.07897184]), array([0.13678324]))","(array([0.07594965]), array([0.13154865]))","(array([0.07321662]), array([0.1268149]))","(array([0.07258573]), array([0.12572217]))","(array([0.07377211]), array([0.12777704]))","(array([0.07481604]), array([0.12958519]))","(array([0.07572152]), array([0.13115352]))","(array([0.07629962]), array([0.13215481]))","(array([0.07674201]), array([0.13292107]))","(array([0.07727309]), array([0.13384091]))","(array([0.07791396]), array([0.13495094]))"
(0.3070088223597639+0j),[8.83448739e-15],[1.],[0.70505274],[1.],"(array([0.16646929]), array([0.28833327]))","(array([0.08680309]), array([0.15034736]))","(array([0.08492767]), array([0.14709904]))","(array([0.08225306]), array([0.14246648]))","(array([0.07899227]), array([0.13681862]))","(array([0.07597317]), array([0.13158939]))","(array([0.07324287]), array([0.12686038]))","(array([0.07261677]), array([0.12577594]))","(array([0.07380893]), array([0.12784081]))","(array([0.07485679]), array([0.12965576]))","(array([0.07576427]), array([0.13122756]))","(array([0.07634232]), array([0.13222879]))","(array([0.0767829]), array([0.13299188]))","(array([0.07731088]), array([0.13390637]))","(array([0.07794799]), array([0.13500987]))","(array([0.07805106]), array([0.1351884]))"
(0.2921191804418301+0j),[1.06460994e-14],[1.],[0.70252237],[1.],"(array([0.16454803]), array([0.28500555]))","(array([0.08492333]), array([0.14709152]))","(array([0.08225749]), array([0.14247416]))","(array([0.07900073]), array([0.13683329]))","(array([0.07598524]), array([0.1316103]))","(array([0.07325833]), array([0.12688715]))","(array([0.0726378]), array([0.12581236]))","(array([0.07383688]), array([0.12788923]))","(array([0.07489022]), array([0.12971366]))","(array([0.07580155]), array([0.13129214]))","(array([0.07638148]), array([0.1322966]))","(array([0.07682198]), array([0.13305958]))","(array([0.07734832]), array([0.13397122]))","(array([0.07798278]), array([0.13507013]))","(array([0.07808275]), array([0.13524329]))","(array([0.07776686]), array([0.13469616]))"
(0.2789732981244486+0j),[8.49985316e-15],[1.],[0.70192446],[1.],"(array([0.16263336]), array([0.28168924]))","(array([0.08224585]), array([0.142454]))","(array([0.07899298]), array([0.13681985]))","(array([0.07598123]), array([0.13160336]))","(array([0.07325806]), array([0.12688669]))","(array([0.07264348]), array([0.1258222]))","(array([0.07385025]), array([0.12791239]))","(array([0.0749104]), array([0.12974862]))","(array([0.07582741]), array([0.13133693]))","(array([0.07641139]), array([0.1323484]))","(array([0.07685413]), array([0.13311525]))","(array([0.0773811]), array([0.13402799]))","(array([0.07801494]), array([0.13512584]))","(array([0.07811342]), array([0.13529642]))","(array([0.07779545]), array([0.13474567]))","(array([0.07773271]), array([0.13463701]))"
(0.26824507312076085+0j),[6.3413863e-15],[1.],[0.70312638],[1.],"(array([0.16005361]), array([0.27722098]))","(array([0.07896855]), array([0.13677753]))","(array([0.07596001]), array([0.1315666]))","(array([0.0732403]), array([0.12685593]))","(array([0.07263128]), array([0.12580107]))","(array([0.0738457]), array([0.1279045]))","(array([0.07491341]), array([0.12975383]))","(array([0.07583745]), array([0.13135431]))","(array([0.07642729]), array([0.13237594]))","(array([0.07687451]), array([0.13315056]))","(array([0.0774047]), array([0.13406888]))","(array([0.0780406]), array([0.13517029]))","(array([0.0781398]), array([0.1353421]))","(array([0.07782151]), array([0.1347908]))","(array([0.07775781]), array([0.13468047]))","(array([0.07783772]), array([0.13481889]))"
(0.259178747696089+0j),[9.72847268e-15],[1.],[0.70448905],[1.],"(array([0.15694718]), array([0.27184049]))","(array([0.07592671]), array([0.13150892]))","(array([0.07320956]), array([0.12680268]))","(array([0.07260472]), array([0.12575507]))","(array([0.07382537]), array([0.12786929]))","(array([0.07490009]), array([0.12973075]))","(array([0.07583132]), array([0.1313437]))","(array([0.07642784]), array([0.1323769]))","(array([0.0768809]), array([0.13316163]))","(array([0.07741614]), array([0.13408868]))","(array([0.07805623]), array([0.13519736]))","(array([0.07815822]), array([0.135374]))","(array([0.07784146]), array([0.13482537]))","(array([0.07777863]), array([0.13471654]))","(array([0.07785869]), array([0.1348552]))","(array([0.07801638]), array([0.13512834]))"
(0.2525120201678334+0j),[8.08888383e-15],[1.],[0.70708081],[1.],"(array([0.15405554]), array([0.26683203]))","(array([0.07316979]), array([0.1267338]))","(array([0.07256724]), array([0.12569014]))","(array([0.0737919]), array([0.12781133]))","(array([0.07487215]), array([0.12968238]))","(array([0.07580989]), array([0.13130658]))","(array([0.07641314]), array([0.13235145]))","(array([0.07687276]), array([0.13314752]))","(array([0.07741426]), array([0.13408544]))","(array([0.07806017]), array([0.13520418]))","(array([0.07816668]), array([0.13538865]))","(array([0.07785317]), array([0.13484565]))","(array([0.077793]), array([0.13474142]))","(array([0.07787501]), array([0.13488347]))","(array([0.07803389]), array([0.13515867]))","(array([0.07817203]), array([0.13539794]))"
(0.24785042265481136+0j),[5.77571072e-15],[1.],[0.71052066],[1.],"(array([0.15153251]), array([0.26246201]))","(array([0.07252201]), array([0.1256118]))","(array([0.07374863]), array([0.12773638]))","(array([0.07483288]), array([0.12961435]))","(array([0.07577621]), array([0.13124825]))","(array([0.07638597]), array([0.13230439]))","(array([0.07685251]), array([0.13311245]))","(array([0.07740112]), array([0.13406267]))","(array([0.07805401]), array([0.13519352]))","(array([0.07816635]), array([0.13538808]))","(array([0.07785743]), array([0.13485302]))","(array([0.07780135]), array([0.13475588]))","(array([0.07788681]), array([0.13490391]))","(array([0.07804834]), array([0.13518368]))","(array([0.07818829]), array([0.13542609]))","(array([0.07841047]), array([0.13581092]))"
(0.24420188741108226+0j),[1.37025906e-15],[1.],[0.71401714],[1.],"(array([0.15122733]), array([0.26193342]))","(array([0.07369862]), array([0.12764975]))","(array([0.07478538]), array([0.12953208]))","(array([0.07573329]), array([0.13117391]))","(array([0.07634911]), array([0.13224054]))","(array([0.07682263]), array([0.13306069]))","(array([0.07737881]), array([0.13402403]))","(array([0.07803948]), array([0.13516835]))","(array([0.07815857]), array([0.13537462]))","(array([0.0778552]), array([0.13484917]))","(array([0.07780428]), array([0.13476097]))","(array([0.07789434]), array([0.13491695]))","(array([0.07805966]), array([0.13520331]))","(array([0.07820253]), array([0.13545076]))","(array([0.07842679]), array([0.13583919]))","(array([0.07875833]), array([0.13641343]))"
(0.26114241151343487+0j),[3.25450807e-15],[1.],[0.74331254],[1.],"(array([0.15422296]), array([0.267122]))","(array([0.07473172]), array([0.12943913]))","(array([0.0756824]), array([0.13108576]))","(array([0.07630302]), array([0.1321607]))","(array([0.07678288]), array([0.13299184]))","(array([0.07734653]), array([0.13396811]))","(array([0.07801528]), array([0.13512644]))","(array([0.07814174]), array([0.13534547]))","(array([0.07784469]), array([0.13483096]))","(array([0.07779985]), array([0.1347533]))","(array([0.07789555]), array([0.13491905]))","(array([0.07806579]), array([0.13521392]))","(array([0.07821273]), array([0.13546843]))","(array([0.0784402]), array([0.13586241]))","(array([0.07877408]), array([0.13644071]))","(array([0.08058205]), array([0.1395722]))"
(0.27794173594883204+0j),[6.38409778e-15],[1.],[0.76649304],[1.],"(array([0.15829748]), array([0.27417928]))","(array([0.07563034]), array([0.13099559]))","(array([0.07625334]), array([0.13207465]))","(array([0.07673756]), array([0.13291335]))","(array([0.07730718]), array([0.13389997]))","(array([0.07798303]), array([0.13507057]))","(array([0.07811639]), array([0.13530155]))","(array([0.07782559]), array([0.13479788]))","(array([0.07778699]), array([0.13473102]))","(array([0.07788868]), array([0.13490715]))","(array([0.07806439]), array([0.13521148]))","(array([0.07821612]), array([0.13547429]))","(array([0.07844769]), array([0.13587539]))","(array([0.07878488]), array([0.13645941]))","(array([0.08059603]), array([0.13959643]))","(array([0.08362174]), array([0.14483711]))"
(0.29424715007664026+0j),[6.66634064e-15],[1.],[0.78398423],[1.],"(array([0.1617102]), array([0.28009028]))","(array([0.07620729]), array([0.1319949]))","(array([0.07669339]), array([0.13283685]))","(array([0.07726669]), array([0.13382983]))","(array([0.07794765]), array([0.13500928]))","(array([0.07808649]), array([0.13524978]))","(array([0.07780106]), array([0.13475538]))","(array([0.07776803]), array([0.13469818]))","(array([0.07787529]), array([0.13488396]))","(array([0.07805624]), array([0.13519737]))","(array([0.07821276]), array([0.13546847]))","(array([0.07844865]), array([0.13587705]))","(array([0.0787896]), array([0.13646759]))","(array([0.08060463]), array([0.13961131]))","(array([0.08363393]), array([0.14485821]))","(array([0.08612973]), array([0.14918106]))"
(0.30986027924488374+0j),[7.46167906e-15],[1.],[0.79631634],[1.],"(array([0.16416249]), array([0.28433777]))","(array([0.07665298]), array([0.13276686]))","(array([0.07722801]), array([0.13376284]))","(array([0.07791219]), array([0.13494787]))","(array([0.07805506]), array([0.13519534]))","(array([0.07777398]), array([0.13470849]))","(array([0.07774573]), array([0.13465955]))","(array([0.07785793]), array([0.13485389]))","(array([0.07804369]), array([0.13517564]))","(array([0.07820471]), array([0.13545453]))","(array([0.07844477]), array([0.13587033]))","(array([0.07878954]), array([0.13646748]))","(array([0.08060876]), array([0.13961847]))","(array([0.08364217]), array([0.14487248]))","(array([0.08614097]), array([0.14920054]))","(array([0.08799974]), array([0.15242002]))"
(0.3345931046292894+0j),[1.01922305e-14],[1.],[0.8116104],[1.],"(array([0.16633883]), array([0.28810731]))","(array([0.0771925]), array([0.13370133]))","(array([0.07787816]), array([0.13488893]))","(array([0.07802362]), array([0.13514087]))","(array([0.07774582]), array([0.13465972]))","(array([0.07772143]), array([0.13461747]))","(array([0.07783786]), array([0.13481913]))","(array([0.07802789]), array([0.13514827]))","(array([0.07819303]), array([0.13543431]))","(array([0.078437]), array([0.13585687]))","(array([0.07878545]), array([0.1364604]))","(array([0.08060886]), array([0.13961864]))","(array([0.08364669]), array([0.14488031]))","(array([0.08614899]), array([0.14921442]))","(array([0.08801029]), array([0.1524383]))","(array([0.08972623]), array([0.1554104]))"
(0.3577402357646487+0j),[9.81707183e-15],[1.],[0.81884392],[1.],"(array([0.16821874]), array([0.2913634]))","(array([0.07784546]), array([0.13483229]))","(array([0.07799236]), array([0.13508673]))","(array([0.07771694]), array([0.13460969]))","(array([0.07769562]), array([0.13457276]))","(array([0.07781564]), array([0.13478065]))","(array([0.07800949]), array([0.1351164]))","(array([0.07817847]), array([0.13540908]))","(array([0.07842619]), array([0.13583814]))","(array([0.07877825]), array([0.13644792]))","(array([0.0806058]), array([0.13961335]))","(array([0.08364817]), array([0.14488289]))","(array([0.0861544]), array([0.14922379]))","(array([0.08801873]), array([0.15245291]))","(array([0.08973699]), array([0.15542902]))","(array([0.09106405]), array([0.15772756]))"
(0.37881687837938377+0j),[1.19736856e-14],[1.],[0.81897335],[1.],"(array([0.16933306]), array([0.29329347]))","(array([0.0779616]), array([0.13503345]))","(array([0.07768796]), array([0.1345595]))","(array([0.07766915]), array([0.13452691]))","(array([0.0777923]), array([0.13474022]))","(array([0.07798963]), array([0.135082]))","(array([0.07816223]), array([0.13538096]))","(array([0.07841359]), array([0.13581632]))","(array([0.07876921]), array([0.13643227]))","(array([0.08060089]), array([0.13960484]))","(array([0.08364782]), array([0.14488228]))","(array([0.08615816]), array([0.14923031]))","(array([0.08802586]), array([0.15246526]))","(array([0.08974676]), array([0.15544595]))","(array([0.09107564]), array([0.15774764]))","(array([0.09152431]), array([0.15852475]))"
(0.39770271194447965+0j),[1.21819899e-14],[1.],[0.81311032],[1.],"(array([0.16919238]), array([0.2930498]))","(array([0.07765994]), array([0.13451095]))","(array([0.0776432]), array([0.13448197]))","(array([0.07776905]), array([0.13469994]))","(array([0.07796949]), array([0.13504713]))","(array([0.07814546]), array([0.1353519]))","(array([0.07840025]), array([0.13579321]))","(array([0.07875929]), array([0.1364151]))","(array([0.08059496]), array([0.13959457]))","(array([0.08364634]), array([0.1448797]))","(array([0.08616074]), array([0.14923477]))","(array([0.0880319]), array([0.15247573]))","(array([0.08975565]), array([0.15546135]))","(array([0.09108654]), array([0.15776652]))","(array([0.09153619]), array([0.15854533]))","(array([0.09126506]), array([0.15807572]))"
(0.4130307081242329+0j),[1.04508875e-14],[1.],[0.80188525],[1.],"(array([0.16798739]), array([0.29096269]))","(array([0.07761798]), array([0.13443829]))","(array([0.07774611]), array([0.13466021]))","(array([0.07794928]), array([0.13501211]))","(array([0.07812828]), array([0.13532215]))","(array([0.07838627]), array([0.135769]))","(array([0.07874857]), array([0.13639653]))","(array([0.08058808]), array([0.13958265]))","(array([0.08364375]), array([0.14487522]))","(array([0.08616214]), array([0.14923721]))","(array([0.08803679]), array([0.1524842]))","(array([0.08976353]), array([0.155475]))","(array([0.09109668]), array([0.15778407]))","(array([0.09154754]), array([0.15856499]))","(array([0.09127666]), array([0.15809582]))","(array([0.0903593]), array([0.1565069]))"
(0.4259902480724645+0j),[1.08021939e-14],[1.],[0.78718009],[1.],"(array([0.16649276]), array([0.28837392]))","(array([0.07772223]), array([0.13461885]))","(array([0.07792795]), array([0.13497516]))","(array([0.07810984]), array([0.13529022]))","(array([0.07837099]), array([0.13574253]))","(array([0.07873657]), array([0.13637573]))","(array([0.08057999]), array([0.13956863]))","(array([0.08364009]), array([0.14486889]))","(array([0.08616264]), array([0.14923807]))","(array([0.08804097]), array([0.15249144]))","(array([0.08977097]), array([0.15548788]))","(array([0.09110668]), array([0.15780141]))","(array([0.09155908]), array([0.15858498]))","(array([0.09128871]), array([0.15811668]))","(array([0.0903709]), array([0.156527]))","(array([0.08890578]), array([0.15398932]))"
(0.4365197655225048+0j),[1.46287719e-14],[1.],[0.76995213],[1.],"(array([0.16474439]), array([0.28534566]))","(array([0.07790349]), array([0.1349328]))","(array([0.07808815]), array([0.13525264]))","(array([0.07835239]), array([0.13571033]))","(array([0.07872135]), array([0.13634938]))","(array([0.08056894]), array([0.1395495]))","(array([0.08363388]), array([0.14485813]))","(array([0.08616109]), array([0.14923538]))","(array([0.08804369]), array([0.15249614]))","(array([0.08977759]), array([0.15549936]))","(array([0.0911166]), array([0.15781858]))","(array([0.09157123]), array([0.15860602]))","(array([0.09130199]), array([0.15813968]))","(array([0.09038421]), array([0.15655004]))","(array([0.08891814]), array([0.15401074]))","(array([0.08705401]), array([0.15078197]))"
(0.4446578905462034+0j),[1.38885312e-14],[1.],[0.75109809],[1.],"(array([0.16283673]), array([0.28204149]))","(array([0.07806319]), array([0.13520941]))","(array([0.07833014]), array([0.13567177]))","(array([0.07870219]), array([0.1363162]))","(array([0.08055381]), array([0.13952329]))","(array([0.0836237]), array([0.14484049]))","(array([0.08615591]), array([0.14922642]))","(array([0.08804332]), array([0.15249551]))","(array([0.08978189]), array([0.1555068]))","(array([0.0911251]), array([0.1578333]))","(array([0.09158294]), array([0.1586263]))","(array([0.09131581]), array([0.15816362]))","(array([0.09039897]), array([0.15657561]))","(array([0.0889327]), array([0.15403596]))","(array([0.08706742]), array([0.15080519]))","(array([0.08496547]), array([0.14716451]))"
(0.43411241392226346+0j),[1.28938339e-14],[1.],[0.72833986],[1.],"(array([0.16060266]), array([0.27817197]))","(array([0.07830564]), array([0.13562935]))","(array([0.07868019]), array([0.13627809]))","(array([0.08053525]), array([0.13949114]))","(array([0.08360967]), array([0.14481619]))","(array([0.08614683]), array([0.14921069]))","(array([0.08803927]), array([0.15248849]))","(array([0.08978299]), array([0.1555087]))","(array([0.09113113]), array([0.15784375]))","(array([0.09159308]), array([0.15864386]))","(array([0.09132904]), array([0.15818653]))","(array([0.09041416]), array([0.15660192]))","(array([0.08894868]), array([0.15406363]))","(array([0.08708305]), array([0.15083227]))","(array([0.08497987]), array([0.14718945]))","(array([0.08256992]), array([0.1430153]))"
(0.42334462658860994+0j),[1.41841649e-14],[1.],[0.70902423],[1.],"(array([0.1585144]), array([0.274555]))","(array([0.07865848]), array([0.13624048]))","(array([0.08051579]), array([0.13945744]))","(array([0.0835935]), array([0.14478819]))","(array([0.0861347]), array([0.14918967]))","(array([0.08803161]), array([0.15247522]))","(array([0.08978025]), array([0.15550395]))","(array([0.09113342]), array([0.15784771]))","(array([0.09159987]), array([0.15865564]))","(array([0.09133959]), array([0.15820481]))","(array([0.09042752]), array([0.15662506]))","(array([0.08896382]), array([0.15408985]))","(array([0.08709891]), array([0.15085974]))","(array([0.08499543]), array([0.14721641]))","(array([0.08258445]), array([0.14304047]))","(array([0.08023583]), array([0.13897254]))"
(0.41252460610243935+0j),[1.71001564e-14],[1.],[0.693048],[1.],"(array([0.15692039]), array([0.27179409]))","(array([0.08049835]), array([0.13942723]))","(array([0.08357711]), array([0.14475981]))","(array([0.08612035]), array([0.14916483]))","(array([0.0880202]), array([0.15245546]))","(array([0.08977264]), array([0.15549078]))","(array([0.09113023]), array([0.15784219]))","(array([0.09160113]), array([0.15865781]))","(array([0.09134501]), array([0.1582142]))","(array([0.09043656]), array([0.15664071]))","(array([0.08897573]), array([0.15411048]))","(array([0.08711288]), array([0.15088393]))","(array([0.08501056]), array([0.14724261]))","(array([0.08259973]), array([0.14306694]))","(array([0.08025061]), array([0.13899813]))","(array([0.07828339]), array([0.1355908]))"
(0.40137794556362605+0j),[1.47080156e-14],[1.],[0.68025059],[1.],"(array([0.15711052]), array([0.27212341]))","(array([0.08356334]), array([0.14473595]))","(array([0.08610567]), array([0.14913939]))","(array([0.0880059]), array([0.15243069]))","(array([0.08976008]), array([0.15546902]))","(array([0.09112064]), array([0.15782557]))","(array([0.0915953]), array([0.15864771]))","(array([0.09134337]), array([0.15821135]))","(array([0.09043914]), array([0.15664518]))","(array([0.08898228]), array([0.15412183]))","(array([0.08712295]), array([0.15090138]))","(array([0.08502351]), array([0.14726505]))","(array([0.08261445]), array([0.14309243]))","(array([0.08026612]), array([0.13902499]))","(array([0.07829917]), array([0.13561814]))","(array([0.07662846]), array([0.13272439]))"
(0.3484288590918751+0j),[1.45947992e-14],[1.],[0.64284172],[1.],"(array([0.15740315]), array([0.27263025]))","(array([0.08609425]), array([0.14911961]))","(array([0.08799171]), array([0.15240611]))","(array([0.0897447]), array([0.15544239]))","(array([0.09110585]), array([0.15779995]))","(array([0.09158269]), array([0.15862587]))","(array([0.09133414]), array([0.15819537]))","(array([0.09043407]), array([0.1566364]))","(array([0.08898173]), array([0.15412088]))","(array([0.08712698]), array([0.15090835]))","(array([0.08503187]), array([0.14727952]))","(array([0.08262611]), array([0.14311262]))","(array([0.08027999]), array([0.13904902]))","(array([0.07831465]), array([0.13564496]))","(array([0.07664494]), array([0.13275293]))","(array([0.07384882]), array([0.12790992]))"
(0.3000500287084673+0j),[1.22949507e-14],[1.],[0.6040334],[1.],"(array([0.15559811]), array([0.26950383]))","(array([0.08798104]), array([0.15238763]))","(array([0.08972944]), array([0.15541594]))","(array([0.09108796]), array([0.15776897]))","(array([0.09156449]), array([0.15859435]))","(array([0.09131765]), array([0.1581668]))","(array([0.09042083]), array([0.15661348]))","(array([0.08897283]), array([0.15410546]))","(array([0.08712306]), array([0.15090156]))","(array([0.08503321]), array([0.14728183]))","(array([0.08263199]), array([0.14312281]))","(array([0.08028944]), array([0.13906539]))","(array([0.07832708]), array([0.13566649]))","(array([0.07665958]), array([0.13277829]))","(array([0.07386394]), array([0.1279361]))","(array([0.06951024]), array([0.12039526]))"
(0.2559648242792464+0j),[1.17938839e-14],[1.],[0.56385857],[1.],"(array([0.1531105]), array([0.26519517]))","(array([0.0897167]), array([0.15539389]))","(array([0.09107125]), array([0.15774003]))","(array([0.09154611]), array([0.15856251]))","(array([0.09129977]), array([0.15813583]))","(array([0.09040529]), array([0.15658655]))","(array([0.08896096]), array([0.1540849]))","(array([0.08711573]), array([0.15088886]))","(array([0.0850309]), array([0.14727783]))","(array([0.08263426]), array([0.14312673]))","(array([0.0802955]), array([0.13907588]))","(array([0.0783365]), array([0.13568279]))","(array([0.07667168]), array([0.13279924]))","(array([0.07387679]), array([0.12795836]))","(array([0.06952226]), array([0.12041608]))","(array([0.06513816]), array([0.1128226]))"
(0.21577656346104077+0j),[1.04167446e-14],[1.],[0.52229603],[1.],"(array([0.15040318]), array([0.26050595]))","(array([0.09105756]), array([0.15771632]))","(array([0.091531]), array([0.15853634]))","(array([0.091285]), array([0.15811025]))","(array([0.09039244]), array([0.15656429]))","(array([0.08895122]), array([0.15406804]))","(array([0.08710985]), array([0.15087869]))","(array([0.08502926]), array([0.147275]))","(array([0.08263643]), array([0.1431305]))","(array([0.08030083]), array([0.13908511]))","(array([0.07834463]), array([0.13569689]))","(array([0.07668216]), array([0.13281739]))","(array([0.07388794]), array([0.12797767]))","(array([0.06953264]), array([0.12043406]))","(array([0.06514787]), array([0.11283941]))","(array([0.06069863]), array([0.10513311]))"
(0.19398903039151216+0j),[9.29362961e-15],[1.],[0.51506601],[1.],"(array([0.14906174]), array([0.2581825]))","(array([0.09151863]), array([0.15851493]))","(array([0.0912729]), array([0.1580893]))","(array([0.09038193]), array([0.15654609]))","(array([0.08894335]), array([0.15405441]))","(array([0.08710528]), array([0.15087077]))","(array([0.08502826]), array([0.14727327]))","(array([0.0826386]), array([0.14313425]))","(array([0.08030556]), array([0.1390933]))","(array([0.07835165]), array([0.13570904]))","(array([0.07669112]), array([0.13283292]))","(array([0.07389746]), array([0.12799416]))","(array([0.0695415]), array([0.12044941]))","(array([0.06515613]), array([0.11285372]))","(array([0.06070643]), array([0.10514661]))","(array([0.05801756]), array([0.10048936]))"
(0.17380723331276818+0j),[1.02224274e-14],[1.],[0.50906574],[1.],"(array([0.14887512]), array([0.25785927]))","(array([0.09126311]), array([0.15807235]))","(array([0.0903733]), array([0.15653116]))","(array([0.0889368]), array([0.15404305]))","(array([0.08710137]), array([0.150864]))","(array([0.08502723]), array([0.14727148]))","(array([0.08264012]), array([0.14313688]))","(array([0.08030916]), array([0.13909955]))","(array([0.07835713]), array([0.13571853]))","(array([0.07669823]), array([0.13284523]))","(array([0.07390505]), array([0.1280073]))","(array([0.06954858]), array([0.12046167]))","(array([0.06516273]), array([0.11286517]))","(array([0.06071264]), array([0.10515739]))","(array([0.05802376]), array([0.10050009]))","(array([0.0573683]), array([0.09936482]))"
(0.1553849291401621+0j),[8.15098516e-15],[1.],[0.50429341],[1.],"(array([0.1480606]), array([0.25644848]))","(array([0.09036404]), array([0.15651512]))","(array([0.08892875]), array([0.15402911]))","(array([0.08709522]), array([0.15085335]))","(array([0.08502343]), array([0.14726491]))","(array([0.0826386]), array([0.14313426]))","(array([0.08030963]), array([0.13910036]))","(array([0.07835949]), array([0.13572262]))","(array([0.07670233]), array([0.13285233]))","(array([0.07390982]), array([0.12801557]))","(array([0.06955304]), array([0.12046939]))","(array([0.06516687]), array([0.11287232]))","(array([0.06071651]), array([0.10516408]))","(array([0.05802774]), array([0.10050699]))","(array([0.05737268]), array([0.0993724]))","(array([0.05680884]), array([0.0983958]))"
(0.13887419945672655+0j),[7.70223013e-15],[1.],[0.50076179],[1.],"(array([0.14668568]), array([0.25406704]))","(array([0.08891669]), array([0.15400822]))","(array([0.08708403]), array([0.15083397]))","(array([0.08501394]), array([0.14724847]))","(array([0.08263119]), array([0.14312142]))","(array([0.08030431]), array([0.13909115]))","(array([0.07835634]), array([0.13571716]))","(array([0.0767013]), array([0.13285055]))","(array([0.07390983]), array([0.12801558]))","(array([0.06955299]), array([0.12046931]))","(array([0.06516671]), array([0.11287206]))","(array([0.06071628]), array([0.10516368]))","(array([0.05802786]), array([0.10050721]))","(array([0.05737354]), array([0.09937389]))","(array([0.05681039]), array([0.09839849]))","(array([0.05633509]), array([0.09757525]))"
(0.12060097204786972+0j),[5.32375632e-15],[1.],[0.48711689],[1.],"(array([0.14425888]), array([0.24986371]))","(array([0.08706836]), array([0.15080682]))","(array([0.08499894]), array([0.14722248]))","(array([0.08261773]), array([0.14309811]))","(array([0.08029281]), array([0.13907122]))","(array([0.07834707]), array([0.13570111]))","(array([0.07669439]), array([0.13283857]))","(array([0.07390431]), array([0.12800601]))","(array([0.06954774]), array([0.12046022]))","(array([0.06516162]), array([0.11286324]))","(array([0.06071134]), array([0.10515513]))","(array([0.05802355]), array([0.10049973]))","(array([0.05737028]), array([0.09936824]))","(array([0.05680819]), array([0.09839467]))","(array([0.05633392]), array([0.09757322]))","(array([0.05535852]), array([0.09588377]))"
(0.10472261677754822+0j),[3.38925142e-15],[1.],[0.47478775],[1.],"(array([0.14090189]), array([0.24404923]))","(array([0.08497825]), array([0.14718665]))","(array([0.08259772]), array([0.14306345]))","(array([0.08027438]), array([0.1390393]))","(array([0.07833079]), array([0.13567291]))","(array([0.07668061]), array([0.1328147]))","(array([0.07389225]), array([0.12798514]))","(array([0.06953632]), array([0.12044044]))","(array([0.06515066]), array([0.11284426]))","(array([0.0607008]), array([0.10513687]))","(array([0.05801391]), array([0.10048304]))","(array([0.05736204]), array([0.09935397]))","(array([0.05680139]), array([0.09838289]))","(array([0.05632859]), array([0.09756399]))","(array([0.05535454]), array([0.09587687]))","(array([0.05385445]), array([0.09327864]))"
(0.09122880139627572+0j),[1.30275454e-15],[1.],[0.46375879],[1.],"(array([0.13742845]), array([0.23803305]))","(array([0.08257053]), array([0.14301635]))","(array([0.08024807]), array([0.13899373]))","(array([0.0783063]), array([0.13563048]))","(array([0.07665858]), array([0.13277656]))","(array([0.07387228]), array([0.12795055]))","(array([0.06951744]), array([0.12040773]))","(array([0.0651326]), array([0.11281298]))","(array([0.06068343]), array([0.10510678]))","(array([0.05799773]), array([0.10045501]))","(array([0.05734762]), array([0.09932899]))","(array([0.05678881]), array([0.0983611]))","(array([0.05631794]), array([0.09754554]))","(array([0.05534574]), array([0.09586163]))","(array([0.05384739]), array([0.09326641]))","(array([0.05247757]), array([0.09089381]))"
(0.0802296376633734+0j),[-3.20380486e-16],[1.],[0.45418182],[1.],"(array([0.13378753]), array([0.23172679]))","(array([0.08021361]), array([0.13893405]))","(array([0.07827284]), array([0.13557254]))","(array([0.07662714]), array([0.13272211]))","(array([0.0738431]), array([0.12790001]))","(array([0.06948988]), array([0.12035999]))","(array([0.06510628]), array([0.11276739]))","(array([0.06065813]), array([0.10506296]))","(array([0.05797388]), array([0.10041371]))","(array([0.05732579]), array([0.09929119]))","(array([0.05676917]), array([0.09832709]))","(array([0.05630067]), array([0.09751562]))","(array([0.05533081]), array([0.09583577]))","(array([0.05383475]), array([0.09324452]))","(array([0.05246727]), array([0.09087598]))","(array([0.05125159]), array([0.08877036]))"
(0.10107516635935021+0j),[-8.57269223e-16],[1.],[0.54320381],[1.],"(array([0.13582185]), array([0.23525034]))","(array([0.07823081]), array([0.13549974]))","(array([0.07658618]), array([0.13265115]))","(array([0.07380437]), array([0.12783291]))","(array([0.06945329]), array([0.12029663]))","(array([0.06507139]), array([0.11270695]))","(array([0.0606246]), array([0.10500489]))","(array([0.05794199]), array([0.10035847]))","(array([0.05729603]), array([0.09923964]))","(array([0.0567418]), array([0.09827968]))","(array([0.05627598]), array([0.09747286]))","(array([0.05530887]), array([0.09579777]))","(array([0.05381559]), array([0.09321133]))","(array([0.05245104]), array([0.09084786]))","(array([0.05123831]), array([0.08874735]))","(array([0.05565072]), array([0.09638987]))"
(0.12680345357001627+0j),[2.15183373e-15],[1.],[0.62193513],[1.],"(array([0.14306724]), array([0.24779973]))","(array([0.07653554]), array([0.13256345]))","(array([0.07375568]), array([0.12774859]))","(array([0.0694073]), array([0.12021697]))","(array([0.06502752]), array([0.11263096]))","(array([0.06058248]), array([0.10493194]))","(array([0.05790163]), array([0.10028856]))","(array([0.05725772]), array([0.09917328]))","(array([0.05670596]), array([0.09821761]))","(array([0.05624304]), array([0.09741581]))","(array([0.05527904]), array([0.0957461]))","(array([0.05378898]), array([0.09316525]))","(array([0.05242786]), array([0.09080771]))","(array([0.05121866]), array([0.08871332]))","(array([0.05563595]), array([0.09636429]))","(array([0.06488778]), array([0.11238893]))"
(0.15610068327617094+0j),[1.98869865e-15],[1.],[0.68925168],[1.],"(array([0.14929988]), array([0.25859498]))","(array([0.07369541]), array([0.12764419]))","(array([0.06935022]), array([0.12011811]))","(array([0.06497303]), array([0.11253659]))","(array([0.06053016]), array([0.10484131]))","(array([0.0578512]), array([0.10020121]))","(array([0.05720914]), array([0.09908914]))","(array([0.05665983]), array([0.09813771]))","(array([0.05619997]), array([0.0973412]))","(array([0.05523941]), array([0.09567747]))","(array([0.05375311]), array([0.09310312]))","(array([0.05239604]), array([0.0907526]))","(array([0.0511911]), array([0.08866558]))","(array([0.05561428]), array([0.09632676]))","(array([0.06487352]), array([0.11236423]))","(array([0.07282743]), array([0.1261408]))"
(0.18813966952478628+0j),[-4.02313328e-15],[1.],[0.74537819],[1.],"(array([0.15308071]), array([0.26514357]))","(array([0.06928453]), array([0.12000433]))","(array([0.06491025]), array([0.11242786]))","(array([0.06046983]), array([0.10473683]))","(array([0.05779253]), array([0.1000996]))","(array([0.05715178]), array([0.09898979]))","(array([0.05660448]), array([0.09804184]))","(array([0.05614736]), array([0.09725007]))","(array([0.05519019]), array([0.09559221]))","(array([0.05370782]), array([0.09302468]))","(array([0.0523552]), array([0.09068187]))","(array([0.05115508]), array([0.08860319]))","(array([0.05558505]), array([0.09627614]))","(array([0.06485303]), array([0.11232873]))","(array([0.07281522]), array([0.12611966]))","(array([0.07945549]), array([0.13762094]))"
(0.254506169657654+0j),[-8.57049783e-15],[1.],[0.83095253],[1.],"(array([0.15641442]), array([0.27091772]))","(array([0.06484229]), array([0.11231013]))","(array([0.06040441]), array([0.10462351]))","(array([0.05772818]), array([0.09998814]))","(array([0.05708772]), array([0.09887883]))","(array([0.05654157]), array([0.09793288]))","(array([0.0560865]), array([0.09714467]))","(array([0.05513234]), array([0.09549201]))","(array([0.0536538]), array([0.09293111]))","(array([0.05230569]), array([0.09059612]))","(array([0.05111064]), array([0.08852622]))","(array([0.05554802]), array([0.09621199]))","(array([0.06482598]), array([0.11228189]))","(array([0.07279791]), array([0.12608968]))","(array([0.07944687]), array([0.13760601]))","(array([0.08720323]), array([0.15104043]))"
(0.3232671652537942+0j),[-1.78636235e-14],[1.],[0.88341792],[1.],"(array([0.15954842]), array([0.27634596]))","(array([0.06034662]), array([0.10452341]))","(array([0.05767038]), array([0.09988802]))","(array([0.05702851]), array([0.09877628]))","(array([0.05648198]), array([0.09782965]))","(array([0.05602761]), array([0.09704266]))","(array([0.05507527]), array([0.09539317]))","(array([0.05359951]), array([0.09283707]))","(array([0.05225495]), array([0.09050823]))","(array([0.05106418]), array([0.08844575]))","(array([0.05550819]), array([0.09614301]))","(array([0.06479565]), array([0.11222935]))","(array([0.07277743]), array([0.12605421]))","(array([0.0794352]), array([0.13758581]))","(array([0.08720049]), array([0.15103568]))","(array([0.09476926]), array([0.16414518]))"
(0.3905524571698713+0j),[-1.62733797e-14],[1.],[0.90371062],[1.],"(array([0.15922273]), array([0.27578185]))","(array([0.05762769]), array([0.09981409]))","(array([0.05698311]), array([0.09869764]))","(array([0.05643477]), array([0.09774789]))","(array([0.0559796]), array([0.09695951]))","(array([0.05502756]), array([0.09531053]))","(array([0.05355304]), array([0.09275659]))","(array([0.05221055]), array([0.09043132]))","(array([0.0510226]), array([0.08837374]))","(array([0.05547144]), array([0.09607936]))","(array([0.06476636]), array([0.11217863]))","(array([0.0727565]), array([0.12601795]))","(array([0.0794223]), array([0.13756345]))","(array([0.08719573]), array([0.15102743]))","(array([0.09477259]), array([0.16415094]))","(array([0.09892093]), array([0.17133608]))"
(0.45248748247584614+0j),[-1.27177056e-14],[1.],[0.89415629],[1.],"(array([0.15721255]), array([0.27230013]))","(array([0.05695149]), array([0.09864287]))","(array([0.05640028]), array([0.09768816]))","(array([0.05594313]), array([0.09689634]))","(array([0.05499015]), array([0.09524573]))","(array([0.05351564]), array([0.09269181]))","(array([0.05217392]), array([0.09036788]))","(array([0.05098748]), array([0.08831291]))","(array([0.05543951]), array([0.09602405]))","(array([0.06473991]), array([0.11213282]))","(array([0.0727366]), array([0.12598348]))","(array([0.07940918]), array([0.13754073]))","(array([0.08718995]), array([0.15101742]))","(array([0.09477432]), array([0.16415394]))","(array([0.09892861]), array([0.17134938]))","(array([0.09961752]), array([0.1725426]))"
(0.4981266726521752+0j),[-8.44155899e-15],[1.],[0.85991207],[1.],"(array([0.15413167]), array([0.26696389]))","(array([0.05637827]), array([0.09765003]))","(array([0.05591823]), array([0.09685322]))","(array([0.05496327]), array([0.09519918]))","(array([0.05348765]), array([0.09264332]))","(array([0.05214553]), array([0.09031871]))","(array([0.05095941]), array([0.08826429]))","(array([0.05541309]), array([0.09597829]))","(array([0.06471709]), array([0.11209328]))","(array([0.07271852]), array([0.12595217]))","(array([0.07939648]), array([0.13751874]))","(array([0.08718364]), array([0.1510065]))","(array([0.09477468]), array([0.16415456]))","(array([0.0989348]), array([0.17136011]))","(array([0.09962791]), array([0.1725606]))","(array([0.09720313]), array([0.16836076]))"
(0.5349647294564542+0j),[-3.46021861e-15],[1.],[0.81044211],[1.],"(array([0.14884724]), array([0.25781097]))","(array([0.05590192]), array([0.09682496]))","(array([0.05494419]), array([0.09516614]))","(array([0.05346659]), array([0.09260686]))","(array([0.05212318]), array([0.09028]))","(array([0.05093647]), array([0.08822455]))","(array([0.05539062]), array([0.09593937]))","(array([0.06469679]), array([0.11205813]))","(array([0.07270171]), array([0.12592305]))","(array([0.07938405]), array([0.13749721]))","(array([0.08717693]), array([0.15099486]))","(array([0.09477429]), array([0.16415389]))","(array([0.09893987]), array([0.17136888]))","(array([0.0996377]), array([0.17257756]))","(array([0.0972157]), array([0.16838253]))","(array([0.09248613]), array([0.16019068]))"
(0.562589209816493+0j),[-1.06228446e-14],[1.],[0.75051341],[1.],"(array([0.14212125]), array([0.24616122]))","(array([0.05493094]), array([0.09514317]))","(array([0.05345064]), array([0.09257923]))","(array([0.05210517]), array([0.09024881]))","(array([0.05091709]), array([0.088191]))","(array([0.05537076]), array([0.09590496]))","(array([0.06467799]), array([0.11202556]))","(array([0.07268544]), array([0.12589487]))","(array([0.07937149]), array([0.13747546]))","(array([0.08716968]), array([0.15098231]))","(array([0.09477333]), array([0.16415223]))","(array([0.09894452]), array([0.17137694]))","(array([0.09964704]), array([0.17259373]))","(array([0.09722871]), array([0.16840506]))","(array([0.09250077]), array([0.16021603]))","(array([0.08623332]), array([0.1493605]))"
(0.5812582643239766+0j),[-1.4069219e-14],[1.],[0.68449286],[1.],"(array([0.13400309]), array([0.23210016]))","(array([0.05344054]), array([0.09256172]))","(array([0.05209237]), array([0.09022662]))","(array([0.05090221]), array([0.08816522]))","(array([0.05535441]), array([0.09587666]))","(array([0.06466152]), array([0.11199704]))","(array([0.07267044]), array([0.1258689]))","(array([0.07935928]), array([0.1374543]))","(array([0.08716205]), array([0.15096911]))","(array([0.09477169]), array([0.16414938]))","(array([0.09894852]), array([0.17138387]))","(array([0.09965583]), array([0.17260895]))","(array([0.09724115]), array([0.16842661]))","(array([0.09251581]), array([0.16024208]))","(array([0.0862491]), array([0.14938783]))","(array([0.07908269]), array([0.13697523]))"
(0.5914865742104536+0j),[-1.20678613e-14],[1.],[0.61629461],[1.],"(array([0.12493902]), array([0.21640073]))","(array([0.05208482]), array([0.09021356]))","(array([0.05089214]), array([0.08814777]))","(array([0.05534209]), array([0.09585531]))","(array([0.06464802]), array([0.11197366]))","(array([0.07265735]), array([0.12584622]))","(array([0.07934795]), array([0.13743468]))","(array([0.08715438]), array([0.15095581]))","(array([0.09476926]), array([0.16414517]))","(array([0.09895151]), array([0.17138904]))","(array([0.09966361]), array([0.17262243]))","(array([0.09725262]), array([0.16844647]))","(array([0.09252995]), array([0.16026657]))","(array([0.08626496]), array([0.1494153]))","(array([0.07909857]), array([0.13700274]))","(array([0.07150625]), array([0.12385246]))"
(0.594195789007706+0j),[-1.03597589e-14],[1.],[0.54917791],[1.],"(array([0.11597746]), array([0.20087886]))","(array([0.05088646]), array([0.08813793]))","(array([0.0553337]), array([0.09584077]))","(array([0.06463768]), array([0.11195575]))","(array([0.07264656]), array([0.12582754]))","(array([0.07933809]), array([0.1374176]))","(array([0.0871472]), array([0.15094338]))","(array([0.09476645]), array([0.1641403]))","(array([0.09895359]), array([0.17139265]))","(array([0.09967035]), array([0.17263411]))","(array([0.09726304]), array([0.16846452]))","(array([0.09254301]), array([0.16028919]))","(array([0.0862798]), array([0.14944099]))","(array([0.07911419]), array([0.1370298]))","(array([0.07152127]), array([0.12387847]))","(array([0.06389842]), array([0.11067531]))"
(0.5903592021175075+0j),[-1.63543776e-14],[1.],[0.48589035],[1.],"(array([0.10747907]), array([0.18615922]))","(array([0.05532731]), array([0.09582972]))","(array([0.064629]), array([0.11194071]))","(array([0.07263697]), array([0.12581092]))","(array([0.07932893]), array([0.13740174]))","(array([0.08714022]), array([0.15093129]))","(array([0.09476333]), array([0.1641349]))","(array([0.09895508]), array([0.17139523]))","(array([0.09967651]), array([0.17264478]))","(array([0.09727308]), array([0.16848192]))","(array([0.09255583]), array([0.16031141]))","(array([0.08629447]), array([0.1494664]))","(array([0.07912987]), array([0.13705695]))","(array([0.07153699]), array([0.1239057]))","(array([0.06391291]), array([0.1107004]))","(array([0.05659854]), array([0.09803155]))"
(0.5801596483480703+0j),[-1.46713327e-14],[1.],[0.4293858],[1.],"(array([0.10523135]), array([0.18226604]))","(array([0.06462086]), array([0.11192662]))","(array([0.07262751]), array([0.12579453]))","(array([0.07931958]), array([0.13738554]))","(array([0.0871329]), array([0.15091861]))","(array([0.09475999]), array([0.16412912]))","(array([0.09895663]), array([0.17139791]))","(array([0.09968309]), array([0.17265618]))","(array([0.09728395]), array([0.16850075]))","(array([0.09256991]), array([0.16033579]))","(array([0.08631071]), array([0.14949454]))","(array([0.07914729]), array([0.13708712]))","(array([0.07155465]), array([0.12393629]))","(array([0.06392976]), array([0.1107296]))","(array([0.0566135]), array([0.09805746]))","(array([0.04991326]), array([0.0864523]))"
(0.5652813671765438+0j),[-1.73809804e-14],[1.],[0.38133523],[1.],"(array([0.10869353]), array([0.18826272]))","(array([0.07261808]), array([0.12577821]))","(array([0.07930993]), array([0.13736883]))","(array([0.08712501]), array([0.15090495]))","(array([0.09475605]), array([0.16412229]))","(array([0.09895783]), array([0.17139999]))","(array([0.09968991]), array([0.17266798]))","(array([0.09729571]), array([0.16852112]))","(array([0.09258537]), array([0.16036257]))","(array([0.0863288]), array([0.14952587]))","(array([0.07916707]), array([0.13712139]))","(array([0.07157503]), array([0.12397158]))","(array([0.06394936]), array([0.11076355]))","(array([0.05663112]), array([0.09808797]))","(array([0.04992852]), array([0.08647873]))","(array([0.04408495]), array([0.07635737]))"
(0.5462155653261115+0j),[-1.96418829e-14],[1.],[0.34412209],[1.],"(array([0.11193103]), array([0.19387023]))","(array([0.07930053]), array([0.13735255]))","(array([0.08711696]), array([0.15089099]))","(array([0.09475174]), array([0.16411483]))","(array([0.09895898]), array([0.17140197]))","(array([0.09969725]), array([0.1726807]))","(array([0.09730862]), array([0.16854347]))","(array([0.09260261]), array([0.16039243]))","(array([0.08634927]), array([0.14956132]))","(array([0.07918967]), array([0.13716054]))","(array([0.07159855]), array([0.12401233]))","(array([0.06397239]), array([0.11080342]))","(array([0.05665225]), array([0.09812457]))","(array([0.04994677]), array([0.08651034]))","(array([0.04410037]), array([0.07638408]))","(array([0.0393277]), array([0.06811757]))"
(0.5247798218311384+0j),[-1.1219062e-14],[1.],[0.31842782],[1.],"(array([0.11509102]), array([0.1993435]))","(array([0.08710941]), array([0.15087792]))","(array([0.09474752]), array([0.16410752]))","(array([0.09896012]), array([0.17140396]))","(array([0.09970494]), array([0.17269402]))","(array([0.09732252]), array([0.16856754]))","(array([0.09262162]), array([0.16042535]))","(array([0.08637229]), array([0.1496012]))","(array([0.07921548]), array([0.13720523]))","(array([0.07162579]), array([0.12405951]))","(array([0.06399951]), array([0.11085041]))","(array([0.05667768]), array([0.09816863]))","(array([0.04996919]), array([0.08654917]))","(array([0.04411915]), array([0.0764166]))","(array([0.0393431]), array([0.06814425]))","(array([0.03580645]), array([0.06201858]))"
(0.5020184418946225+0j),[-1.5363173e-14],[1.],[0.30463763],[1.],"(array([0.12067065]), array([0.2090077]))","(array([0.09474471]), array([0.16410264]))","(array([0.09896186]), array([0.17140697]))","(array([0.09971256]), array([0.17270723]))","(array([0.09733641]), array([0.16859161]))","(array([0.09264123]), array([0.16045933]))","(array([0.08639655]), array([0.14964321]))","(array([0.07924305]), array([0.137253]))","(array([0.07165532]), array([0.12411065]))","(array([0.06402947]), array([0.11090229]))","(array([0.05670642]), array([0.0982184]))","(array([0.04999529]), array([0.08659437]))","(array([0.04414129]), array([0.07645496]))","(array([0.03936102]), array([0.06817528]))","(array([0.03582106]), array([0.06204389]))","(array([0.03357879]), array([0.05816017]))"
(0.45511216918201364+0j),[-1.78994351e-14],[1.],[0.30026963],[1.],"(array([0.12737566]), array([0.22062112]))","(array([0.0989595]), array([0.17140288]))","(array([0.09971629]), array([0.17271368]))","(array([0.09734713]), array([0.16861017]))","(array([0.0926589]), array([0.16048992]))","(array([0.08642042]), array([0.14968456]))","(array([0.07927185]), array([0.13730288]))","(array([0.07168746]), array([0.12416633]))","(array([0.06406312]), array([0.11096057]))","(array([0.0567397]), array([0.09827604]))","(array([0.05002647]), array([0.08664839]))","(array([0.04416901]), array([0.07650297]))","(array([0.03938438]), array([0.06821574]))","(array([0.03583987]), array([0.06207647]))","(array([0.0335934]), array([0.05818547]))","(array([0.03264409]), array([0.05654123]))"
(0.41036547849670146+0j),[-1.86762878e-14],[1.],[0.30083777],[1.],"(array([0.13134651]), array([0.22749884]))","(array([0.09971566]), array([0.17271258]))","(array([0.097353]), array([0.16862034]))","(array([0.09267222]), array([0.160513]))","(array([0.08644127]), array([0.14972067]))","(array([0.07929928]), array([0.13735037]))","(array([0.07171986]), array([0.12422244]))","(array([0.06409844]), array([0.11102176]))","(array([0.05677583]), array([0.09833862]))","(array([0.05006149]), array([0.08670905]))","(array([0.04420136]), array([0.076559]))","(array([0.03941298]), array([0.06826528]))","(array([0.03586408]), array([0.0621184]))","(array([0.033613]), array([0.05821942]))","(array([0.03266062]), array([0.05656986]))","(array([0.03240044]), array([0.05611921]))"
(0.36788711525329454+0j),[-2.0594782e-14],[1.],[0.3056411],[1.],"(array([0.13238744]), array([0.22930177]))","(array([0.09735406]), array([0.16862218]))","(array([0.09268088]), array([0.160528]))","(array([0.08645839]), array([0.14975032]))","(array([0.07932452]), array([0.1373941]))","(array([0.07175186]), array([0.12427787]))","(array([0.06413507]), array([0.1110852]))","(array([0.05681466]), array([0.09840587]))","(array([0.05010032]), array([0.08677629]))","(array([0.04423834]), array([0.07662305]))","(array([0.0394468]), array([0.06832387]))","(array([0.03589382]), array([0.06216992]))","(array([0.03363797]), array([0.05826267]))","(array([0.03268214]), array([0.05660712]))","(array([0.03242018]), array([0.05615339]))","(array([0.03268582]), array([0.0566135]))"
(0.3280528242922777+0j),[-2.04124219e-14],[1.],[0.31416807],[1.],"(array([0.13075652]), array([0.22647693]))","(array([0.09268437]), array([0.16053403]))","(array([0.08647134]), array([0.14977275]))","(array([0.07934721]), array([0.1374334]))","(array([0.07178327]), array([0.12433226]))","(array([0.06417303]), array([0.11115095]))","(array([0.05685647]), array([0.09847829]))","(array([0.05014338]), array([0.08685089]))","(array([0.04428049]), array([0.07669606]))","(array([0.03948645]), array([0.06839253]))","(array([0.03592973]), array([0.06223212]))","(array([0.03366903]), array([0.05831646]))","(array([0.03270946]), array([0.05665444]))","(array([0.03244544]), array([0.05619715]))","(array([0.03270915]), array([0.05665391]))","(array([0.03341605]), array([0.05787829]))"
(0.32059771308872886+0j),[-2.2631888e-14],[1.],[0.38386474],[1.],"(array([0.13028312]), array([0.22565698]))","(array([0.08647727]), array([0.14978303]))","(array([0.07936403]), array([0.13746254]))","(array([0.07181044]), array([0.12437932]))","(array([0.0642087]), array([0.11121274]))","(array([0.05689791]), array([0.09855008]))","(array([0.0501878]), array([0.08692782]))","(array([0.04432542]), array([0.07677389]))","(array([0.03953]), array([0.06846797]))","(array([0.03597029]), array([0.06230237]))","(array([0.03370524]), array([0.05837919]))","(array([0.03274209]), array([0.05671096]))","(array([0.03247593]), array([0.05624996]))","(array([0.03273757]), array([0.05670313]))","(array([0.03344242]), array([0.05792398]))","(array([0.03761984]), array([0.06515948]))"
(0.3214838359495273+0j),[-2.37476479e-14],[1.],[0.45307496],[1.],"(array([0.13168051]), array([0.22807734]))","(array([0.07937235]), array([0.13747694]))","(array([0.07183019]), array([0.12441354]))","(array([0.0642384]), array([0.11126417]))","(array([0.05693513]), array([0.09861454]))","(array([0.05022994]), array([0.08700081]))","(array([0.04437003]), array([0.07685114]))","(array([0.03957479]), array([0.06854555]))","(array([0.03601307]), array([0.06237647]))","(array([0.03374451]), array([0.0584472]))","(array([0.03277813]), array([0.05677338]))","(array([0.03251006]), array([0.05630908]))","(array([0.03277003]), array([0.05675936]))","(array([0.03347322]), array([0.05797731]))","(array([0.03764729]), array([0.06520703]))","(array([0.04522514]), array([0.07833225]))"
(0.33014282612770585+0j),[-1.56155292e-14],[1.],[0.51811411],[1.],"(array([0.13200217]), array([0.22863447]))","(array([0.0718433]), array([0.12443624]))","(array([0.0642626]), array([0.11130609]))","(array([0.05696824]), array([0.09867188]))","(array([0.05026965]), array([0.0870696]))","(array([0.04441393]), array([0.07692719]))","(array([0.03962034]), array([0.06862444]))","(array([0.03605766]), array([0.0624537]))","(array([0.03378656]), array([0.05852004]))","(array([0.03281751]), array([0.05684159]))","(array([0.03254762]), array([0.05637414]))","(array([0.03280603]), array([0.0568217]))","(array([0.03350772]), array([0.05803708]))","(array([0.03767906]), array([0.06526205]))","(array([0.04525218]), array([0.07837907]))","(array([0.0526494]), array([0.09119144]))"
(0.34562035088723453+0j),[-1.41181659e-14],[1.],[0.57571515],[1.],"(array([0.13138953]), array([0.22757334]))","(array([0.06428145]), array([0.11133873]))","(array([0.05699703]), array([0.09872176]))","(array([0.05030627]), array([0.08713302]))","(array([0.04445607]), array([0.07700017]))","(array([0.03966542]), array([0.06870253]))","(array([0.03610282]), array([0.06253192]))","(array([0.03383003]), array([0.05859534]))","(array([0.03285873]), array([0.05691299]))","(array([0.03258706]), array([0.05644245]))","(array([0.03284384]), array([0.0568872]))","(array([0.03354397]), array([0.05809985]))","(array([0.03771314]), array([0.06532108]))","(array([0.04528256]), array([0.07843169]))","(array([0.05267465]), array([0.09123517]))","(array([0.05956038]), array([0.1031616]))"
(0.3518044502799761+0j),[-1.25411113e-14],[1.],[0.61162433],[1.],"(array([0.12921955]), array([0.22381483]))","(array([0.0570178]), array([0.09875773]))","(array([0.05033519]), array([0.08718311]))","(array([0.04449121]), array([0.07706104]))","(array([0.03970453]), array([0.06877026]))","(array([0.0361433]), array([0.06260202]))","(array([0.0338703]), array([0.05866508]))","(array([0.03289756]), array([0.05698025]))","(array([0.03262456]), array([0.0565074]))","(array([0.03287985]), array([0.05694957]))","(array([0.03357831]), array([0.05815934]))","(array([0.03774572]), array([0.0653775]))","(array([0.04531225]), array([0.07848313]))","(array([0.05270067]), array([0.09128024]))","(array([0.05958134]), array([0.1031979]))","(array([0.06494645]), array([0.11249055]))"
(0.36148247479177276+0j),[-1.22857338e-14],[1.],[0.64317853],[1.],"(array([0.12610091]), array([0.21841318]))","(array([0.05035475]), array([0.08721699]))","(array([0.04451658]), array([0.07710497]))","(array([0.03973396]), array([0.06882123]))","(array([0.03617485]), array([0.06265668]))","(array([0.03390266]), array([0.05872113]))","(array([0.0329293]), array([0.05703522]))","(array([0.03265562]), array([0.05656119]))","(array([0.03290996]), array([0.05700172]))","(array([0.03360715]), array([0.05820929]))","(array([0.03777371]), array([0.06542599]))","(array([0.04533855]), array([0.07852867]))","(array([0.05272366]), array([0.09132007]))","(array([0.05960028]), array([0.10323071]))","(array([0.06496159]), array([0.11251678]))","(array([0.06909022]), array([0.11966777]))"
(0.3741149579571307+0j),[-1.27436119e-15],[1.],[0.66918451],[1.],"(array([0.12306579]), array([0.2131562]))","(array([0.04452777]), array([0.07712436]))","(array([0.03974902]), array([0.06884731]))","(array([0.03619273]), array([0.06268765]))","(array([0.03392242]), array([0.05875535]))","(array([0.03294955]), array([0.0570703]))","(array([0.03267564]), array([0.05659587]))","(array([0.03292958]), array([0.05703571]))","(array([0.03362613]), array([0.05824217]))","(array([0.0377929]), array([0.06545923]))","(array([0.04535779]), array([0.078562]))","(array([0.05274136]), array([0.09135072]))","(array([0.05961521]), array([0.10325657]))","(array([0.06497379]), array([0.1125379]))","(array([0.06910025]), array([0.11968514]))","(array([0.0727236]), array([0.12596097]))"
(0.38906990378119327+0j),[-3.83028995e-15],[1.],[0.68875572],[1.],"(array([0.12010836]), array([0.20803377]))","(array([0.03974948]), array([0.06884811]))","(array([0.03619614]), array([0.06269355]))","(array([0.0339284]), array([0.05876571]))","(array([0.03295689]), array([0.05708301]))","(array([0.03268333]), array([0.05660919]))","(array([0.03293756]), array([0.05704953]))","(array([0.03363428]), array([0.05825628]))","(array([0.03780199]), array([0.06547497]))","(array([0.04536811]), array([0.07857987]))","(array([0.05275206]), array([0.09136924]))","(array([0.05962539]), array([0.10327421]))","(array([0.06498289]), array([0.11255366]))","(array([0.06910823]), array([0.11969896]))","(array([0.0727303]), array([0.12597258]))","(array([0.07560194]), array([0.1309464]))"
(0.3466390550369579+0j),[-3.65416842e-15],[1.],[0.66645553],[1.],"(array([0.11543074]), array([0.19993191]))","(array([0.03619048]), array([0.06268374]))","(array([0.03392478]), array([0.05875945]))","(array([0.03295467]), array([0.05707916]))","(array([0.03268183]), array([0.05660658]))","(array([0.03293677]), array([0.05704815]))","(array([0.03363418]), array([0.05825611]))","(array([0.0378031]), array([0.06547689]))","(array([0.04537075]), array([0.07858445]))","(array([0.05275595]), array([0.09137599]))","(array([0.05963027]), array([0.10328266]))","(array([0.06498823]), array([0.11256292]))","(array([0.06911366]), array([0.11970837]))","(array([0.07273551]), array([0.1259816]))","(array([0.07560658]), array([0.13095444]))","(array([0.07569701]), array([0.13111107]))"
(0.30903283282520355+0j),[-4.05362333e-15],[1.],[0.64550922],[1.],"(array([0.10959407]), array([0.1898225]))","(array([0.03391581]), array([0.0587439]))","(array([0.03294663]), array([0.05706523]))","(array([0.03267448]), array([0.05659386]))","(array([0.03293017]), array([0.05703672]))","(array([0.0336284]), array([0.0582461]))","(array([0.03779842]), array([0.06546879]))","(array([0.04536759]), array([0.07857898]))","(array([0.05275441]), array([0.09137332]))","(array([0.05963038]), array([0.10328285]))","(array([0.06498971]), array([0.11256548]))","(array([0.06911616]), array([0.1197127]))","(array([0.07273872]), array([0.12598716]))","(array([0.07561013]), array([0.13096059]))","(array([0.07570058]), array([0.13111725]))","(array([0.07341958]), array([0.12716644]))"
(0.27589010566588507+0j),[-7.28612444e-15],[1.],[0.62552225],[1.],"(array([0.10511067]), array([0.18205702]))","(array([0.03293666]), array([0.05704797]))","(array([0.03266499]), array([0.05657742]))","(array([0.03292121]), array([0.05702121]))","(array([0.03362008]), array([0.05823168]))","(array([0.0377908]), array([0.06545559]))","(array([0.04536101]), array([0.07856757]))","(array([0.0527493]), array([0.09136447]))","(array([0.05962706]), array([0.1032771]))","(array([0.06498808]), array([0.11256266]))","(array([0.06911592]), array([0.11971229]))","(array([0.0727397]), array([0.12598885]))","(array([0.07561213]), array([0.13096405]))","(array([0.07570301]), array([0.13112147]))","(array([0.07342205]), array([0.12717073]))","(array([0.07120925]), array([0.12333803]))"
(0.24708049709854557+0j),[-1.00004946e-14],[1.],[0.60561672],[1.],"(array([0.10195569]), array([0.17659244]))","(array([0.03265589]), array([0.05656166]))","(array([0.03291231]), array([0.05700579]))","(array([0.03361148]), array([0.05821679]))","(array([0.03778236]), array([0.06544097]))","(array([0.04535296]), array([0.07855362]))","(array([0.05274227]), array([0.0913523]))","(array([0.05962159]), array([0.10326763]))","(array([0.06498427]), array([0.11255607]))","(array([0.06911358]), array([0.11970823]))","(array([0.07273879]), array([0.12598728]))","(array([0.07561262]), array([0.13096489]))","(array([0.07570421]), array([0.13112354]))","(array([0.07342339]), array([0.12717304]))","(array([0.07121078]), array([0.1233407]))","(array([0.06902919]), array([0.11956206]))"
(0.21663995043243403+0j),[-1.01124778e-14],[1.],[0.5749132],[1.],"(array([0.09888229]), array([0.17126916]))","(array([0.03290487]), array([0.05699291]))","(array([0.03360393]), array([0.05820371]))","(array([0.03777438]), array([0.06542714]))","(array([0.04534461]), array([0.07853918]))","(array([0.05273431]), array([0.09133851]))","(array([0.0596147]), array([0.10325569]))","(array([0.06497878]), array([0.11254655]))","(array([0.06910948]), array([0.11970113]))","(array([0.07273625]), array([0.12598287]))","(array([0.07561173]), array([0.13096336]))","(array([0.07570419]), array([0.1311235]))","(array([0.07342355]), array([0.12717331]))","(array([0.07121119]), array([0.1233414]))","(array([0.06902987]), array([0.11956325]))","(array([0.06623395]), array([0.11472057]))"
(0.1903392128972126+0j),[-1.10180068e-14],[1.],[0.54355879],[1.],"(array([0.09566985]), array([0.16570505]))","(array([0.03359875]), array([0.05819474]))","(array([0.03776816]), array([0.06541638]))","(array([0.04533727]), array([0.07852646]))","(array([0.05272659]), array([0.09132513]))","(array([0.05960733]), array([0.10324292]))","(array([0.0649723]), array([0.11253533]))","(array([0.0691041]), array([0.11969182]))","(array([0.0727323]), array([0.12597604]))","(array([0.07560949]), array([0.13095948]))","(array([0.07570286]), array([0.13112119]))","(array([0.07342238]), array([0.12717129]))","(array([0.07121025]), array([0.12333976]))","(array([0.0690292]), array([0.11956209]))","(array([0.06623351]), array([0.11471981]))","(array([0.06276979]), array([0.10872046]))"
(0.16754463281462445+0j),[-1.24392107e-14],[1.],[0.51186077],[1.],"(array([0.09286073]), array([0.16083951]))","(array([0.03776397]), array([0.06540911]))","(array([0.04533155]), array([0.07851655]))","(array([0.05272005]), array([0.0913138]))","(array([0.0596007]), array([0.10323143]))","(array([0.06496612]), array([0.11252462]))","(array([0.06909869]), array([0.11968244]))","(array([0.07272806]), array([0.1259687]))","(array([0.07560678]), array([0.13095478]))","(array([0.075701]), array([0.13111797]))","(array([0.07342066]), array([0.12716831]))","(array([0.07120869]), array([0.12333706]))","(array([0.06902785]), array([0.11955974]))","(array([0.06623233]), array([0.11471776]))","(array([0.0627687]), array([0.10871857]))","(array([0.05926494]), array([0.10264988]))"
(0.14703648621630808+0j),[-1.22732321e-14],[1.],[0.47942954],[1.],"(array([0.09346401]), array([0.16188441]))","(array([0.0453271]), array([0.07850883]))","(array([0.05271462]), array([0.0913044]))","(array([0.05959495]), array([0.10322147]))","(array([0.06496055]), array([0.11251497]))","(array([0.06909367]), array([0.11967374]))","(array([0.07272398]), array([0.12596162]))","(array([0.07560399]), array([0.13094995]))","(array([0.07569893]), array([0.1311144]))","(array([0.07341872]), array([0.12716496]))","(array([0.07120689]), array([0.12333394]))","(array([0.06902622]), array([0.11955693]))","(array([0.06623086]), array([0.11471521]))","(array([0.06276731]), array([0.10871617]))","(array([0.0592636]), array([0.10264757]))","(array([0.05570394]), array([0.09648205]))"
(0.12766375895087242+0j),[-1.47084804e-14],[1.],[0.4449974],[1.],"(array([0.09729832]), array([0.16852564]))","(array([0.05271022]), array([0.09129678]))","(array([0.05959001]), array([0.10321293]))","(array([0.06495558]), array([0.11250637]))","(array([0.06908906]), array([0.11966577]))","(array([0.07272011]), array([0.12595492]))","(array([0.07560124]), array([0.13094518]))","(array([0.0756968]), array([0.13111071]))","(array([0.07341669]), array([0.12716144]))","(array([0.07120496]), array([0.1233306]))","(array([0.06902443]), array([0.11955383]))","(array([0.0662292]), array([0.11471233]))","(array([0.06276572]), array([0.10871342]))","(array([0.05926205]), array([0.10264489]))","(array([0.05570245]), array([0.09647947]))","(array([0.05197524]), array([0.09002375]))"
(0.10944830927371209+0j),[-1.41604857e-14],[1.],[0.40883249],[1.],"(array([0.1007429]), array([0.17449183]))","(array([0.05958634]), array([0.10320657]))","(array([0.06495168]), array([0.11249961]))","(array([0.06908532]), array([0.11965929]))","(array([0.0727169]), array([0.12594937]))","(array([0.07559884]), array([0.13094102]))","(array([0.07569486]), array([0.13110735]))","(array([0.07341482]), array([0.12715819]))","(array([0.07120314]), array([0.12332745]))","(array([0.06902269]), array([0.11955081]))","(array([0.06622753]), array([0.11470945]))","(array([0.06276412]), array([0.10871064]))","(array([0.05926049]), array([0.10264217]))","(array([0.0557009]), array([0.09647679]))","(array([0.05197374]), array([0.09002115]))","(array([0.0480361]), array([0.08320097]))"
(0.09235976669808381+0j),[-7.1612711e-15],[1.],[0.37092735],[1.],"(array([0.10347073]), array([0.17921656]))","(array([0.06494902]), array([0.11249501]))","(array([0.06908251]), array([0.11965443]))","(array([0.07271428]), array([0.12594483]))","(array([0.07559666]), array([0.13093726]))","(array([0.07569299]), array([0.13110411]))","(array([0.07341298]), array([0.12715502]))","(array([0.07120132]), array([0.1233243]))","(array([0.06902088]), array([0.11954768]))","(array([0.06622574]), array([0.11470635]))","(array([0.06276233]), array([0.10870754]))","(array([0.05925869]), array([0.10263906]))","(array([0.05569909]), array([0.09647366]))","(array([0.05197194]), array([0.09001805]))","(array([0.04803436]), array([0.08319796]))","(array([0.04388682]), array([0.0760142]))"
(0.07669278502230946+0j),[5.74555037e-15],[1.],[0.3318175],[1.],"(array([0.10449973]), array([0.18099884]))","(array([0.06908057]), array([0.11965106]))","(array([0.07271215]), array([0.12594114]))","(array([0.07559465]), array([0.13093378]))","(array([0.07569112]), array([0.13110087]))","(array([0.0734111]), array([0.12715176]))","(array([0.07119938]), array([0.12332095]))","(array([0.06901889]), array([0.11954423]))","(array([0.0662237]), array([0.11470281]))","(array([0.06276022]), array([0.1087039]))","(array([0.05925653]), array([0.10263532]))","(array([0.05569687]), array([0.09646982]))","(array([0.05196968]), array([0.09001413]))","(array([0.04803211]), array([0.08319405]))","(array([0.04388462]), array([0.07601039]))","(array([0.03955234]), array([0.06850665]))"
(0.10453358204856576+0j),[2.00259793e-16],[1.],[0.47237844],[1.],"(array([0.11440749]), array([0.19815959]))","(array([0.0727107]), array([0.12593863]))","(array([0.07559302]), array([0.13093094]))","(array([0.07568945]), array([0.13109798]))","(array([0.07340938]), array([0.12714878]))","(array([0.07119755]), array([0.12331777]))","(array([0.06901692]), array([0.11954082]))","(array([0.0662216]), array([0.11469917]))","(array([0.062758]), array([0.10870004]))","(array([0.05925418]), array([0.10263125]))","(array([0.05569441]), array([0.09646555]))","(array([0.05196713]), array([0.09000971]))","(array([0.0480295]), array([0.08318954]))","(array([0.04388202]), array([0.07600588]))","(array([0.03954979]), array([0.06850225]))","(array([0.0453284]), array([0.07851108]))"
(0.14133688667278008+0j),[2.99382913e-15],[1.],[0.59211439],[1.],"(array([0.13268329]), array([0.22981419]))","(array([0.07559182]), array([0.13092888]))","(array([0.07568804]), array([0.13109554]))","(array([0.07340783]), array([0.1271461]))","(array([0.07119579]), array([0.12331473]))","(array([0.06901496]), array([0.11953741]))","(array([0.06621941]), array([0.11469538]))","(array([0.06275559]), array([0.10869588]))","(array([0.05925157]), array([0.10262673]))","(array([0.05569162]), array([0.09646071]))","(array([0.05196418]), array([0.09000459]))","(array([0.04802644]), array([0.08318423]))","(array([0.04387889]), array([0.07600047]))","(array([0.03954667]), array([0.06849685]))","(array([0.0453256]), array([0.07850624]))","(array([0.05997426]), array([0.10387846]))"
(0.18411556855160735+0j),[3.95200215e-15],[1.],[0.6893274],[1.],"(array([0.14772379]), array([0.25586511]))","(array([0.07568687]), array([0.13109351]))","(array([0.07340646]), array([0.12714371]))","(array([0.07119414]), array([0.12331186]))","(array([0.06901297]), array([0.11953396]))","(array([0.06621707]), array([0.11469133]))","(array([0.06275292]), array([0.10869124]))","(array([0.05924859]), array([0.10262156]))","(array([0.05568835]), array([0.09645505]))","(array([0.05196065]), array([0.08999848]))","(array([0.0480227]), array([0.08317776]))","(array([0.04387503]), array([0.07599378]))","(array([0.03954275]), array([0.06849006]))","(array([0.04532198]), array([0.07849996]))","(array([0.05997135]), array([0.10387342]))","(array([0.07213418]), array([0.12494007]))"
(0.23096870694096916+0j),[5.3168986e-15],[1.],[0.76432335],[1.],"(array([0.15743605]), array([0.27268724]))","(array([0.07340556]), array([0.12714217]))","(array([0.07119282]), array([0.12330957]))","(array([0.06901117]), array([0.11953085]))","(array([0.0662148]), array([0.1146874]))","(array([0.06275019]), array([0.10868651]))","(array([0.05924544]), array([0.10261611]))","(array([0.05568481]), array([0.09644893]))","(array([0.05195676]), array([0.08999176]))","(array([0.04801852]), array([0.08317052]))","(array([0.04387064]), array([0.07598617]))","(array([0.03953824]), array([0.06848224]))","(array([0.04531767]), array([0.07849251]))","(array([0.05996769]), array([0.10386709]))","(array([0.0721314]), array([0.12493525]))","(array([0.08175123]), array([0.14159728]))"
(0.22193929607127522+0j),[8.48551945e-15],[1.],[0.74757767],[1.],"(array([0.1582075]), array([0.27402343]))","(array([0.07119247]), array([0.12330898]))","(array([0.06901018]), array([0.11952913]))","(array([0.06621316]), array([0.11468455]))","(array([0.06274793]), array([0.1086826]))","(array([0.05924262]), array([0.10261123]))","(array([0.05568148]), array([0.09644316]))","(array([0.05195296]), array([0.08998517]))","(array([0.04801431]), array([0.08316322]))","(array([0.04386609]), array([0.07597829]))","(array([0.03953345]), array([0.06847395]))","(array([0.04531297]), array([0.07848437]))","(array([0.05996358]), array([0.10385996]))","(array([0.07212815]), array([0.12492963]))","(array([0.08174894]), array([0.14159331]))","(array([0.08480234]), array([0.14688196]))"
(0.21426207456142865+0j),[9.83484298e-15],[1.],[0.73290321],[1.],"(array([0.154189]), array([0.26706318]))","(array([0.06901061]), array([0.11952988]))","(array([0.06621284]), array([0.114684]))","(array([0.06274692]), array([0.10868085]))","(array([0.05924096]), array([0.10260836]))","(array([0.05567922]), array([0.09643924]))","(array([0.05195014]), array([0.08998028]))","(array([0.04801096]), array([0.08315743]))","(array([0.04386229]), array([0.07597171]))","(array([0.03952928]), array([0.06846672]))","(array([0.04530864]), array([0.07847686]))","(array([0.05995949]), array([0.10385289]))","(array([0.07212474]), array([0.12492371]))","(array([0.08174636]), array([0.14158884]))","(array([0.08480037]), array([0.14687855]))","(array([0.08299597]), array([0.14375323]))"
(0.2076609059427905+0j),[8.62704999e-15],[1.],[0.72013858],[1.],"(array([0.15046227]), array([0.2606083]))","(array([0.06621419]), array([0.11468634]))","(array([0.06274755]), array([0.10868195]))","(array([0.05924094]), array([0.10260832]))","(array([0.05567857]), array([0.09643812]))","(array([0.05194887]), array([0.08997809]))","(array([0.04800911]), array([0.08315422]))","(array([0.04385988]), array([0.07596755]))","(array([0.03952639]), array([0.06846172]))","(array([0.04530532]), array([0.07847111]))","(array([0.05995602]), array([0.10384687]))","(array([0.07212161]), array([0.12491829]))","(array([0.08174384]), array([0.14158448]))","(array([0.08479835]), array([0.14687506]))","(array([0.08299421]), array([0.14375019]))","(array([0.0814501]), array([0.14107571]))"
(0.2020776897866661+0j),[8.68150489e-15],[1.],[0.70936273],[1.],"(array([0.14635086]), array([0.25348712]))","(array([0.06274968]), array([0.10868563]))","(array([0.05924242]), array([0.10261088]))","(array([0.05567944]), array([0.09643962]))","(array([0.05194913]), array([0.08997853]))","(array([0.04800875]), array([0.08315359]))","(array([0.04385893]), array([0.07596589]))","(array([0.03952489]), array([0.06845911]))","(array([0.04530317]), array([0.0784674]))","(array([0.05995339]), array([0.10384231]))","(array([0.07211899]), array([0.12491376]))","(array([0.08174158]), array([0.14158057]))","(array([0.08479644]), array([0.14687174]))","(array([0.08299248]), array([0.14374719]))","(array([0.08144858]), array([0.14107308]))","(array([0.08013428]), array([0.13879664]))"
(0.1833503957200935+0j),[1.03652555e-14],[1.],[0.67602254],[1.],"(array([0.1404273]), array([0.24322721]))","(array([0.05924569]), array([0.10261655]))","(array([0.05568212]), array([0.09644426]))","(array([0.0519512]), array([0.08998211]))","(array([0.04801019]), array([0.08315609]))","(array([0.04385974]), array([0.07596729]))","(array([0.03952508]), array([0.06845945]))","(array([0.04530253]), array([0.07846628]))","(array([0.05995189]), array([0.10383972]))","(array([0.07211715]), array([0.12491057]))","(array([0.08173977]), array([0.14157744]))","(array([0.08479477]), array([0.14686886]))","(array([0.08299089]), array([0.14374444]))","(array([0.08144712]), array([0.14107055]))","(array([0.08013298]), array([0.13879439]))","(array([0.07767389]), array([0.13453513]))"
(0.1669579169545474+0j),[1.13924251e-14],[1.],[0.64561558],[1.],"(array([0.13337787]), array([0.23101724]))","(array([0.05568675]), array([0.09645229]))","(array([0.0519553]), array([0.08998921]))","(array([0.04801371]), array([0.08316218]))","(array([0.04386263]), array([0.07597231]))","(array([0.03952736]), array([0.06846339]))","(array([0.04530378]), array([0.07846846]))","(array([0.0599519]), array([0.10383974]))","(array([0.07211637]), array([0.12490922]))","(array([0.08173859]), array([0.1415754]))","(array([0.08479349]), array([0.14686663]))","(array([0.08298957]), array([0.14374216]))","(array([0.08144584]), array([0.14106833]))","(array([0.08013179]), array([0.13879232]))","(array([0.07767277]), array([0.13453318]))","(array([0.07412718]), array([0.12839204]))"
(0.15261454912547837+0j),[1.28237203e-14],[1.],[0.61808197],[1.],"(array([0.12661215]), array([0.21929868]))","(array([0.05196129]), array([0.0899996]))","(array([0.04801922]), array([0.08317174]))","(array([0.04386761]), array([0.07598092]))","(array([0.03953175]), array([0.068471]))","(array([0.04530707]), array([0.07847415]))","(array([0.05995366]), array([0.10384278]))","(array([0.07211694]), array([0.12491021]))","(array([0.08173834]), array([0.14157496]))","(array([0.08479284]), array([0.14686551]))","(array([0.08298876]), array([0.14374074]))","(array([0.08144493]), array([0.14106675]))","(array([0.08013085]), array([0.1387907]))","(array([0.07767181]), array([0.13453153]))","(array([0.07412617]), array([0.12839029]))","(array([0.0709191]), array([0.12283549]))"
(0.1401142087630471+0j),[1.21727083e-14],[1.],[0.59343772],[1.],"(array([0.11999053]), array([0.2078297]))","(array([0.04802643]), array([0.08318422]))","(array([0.04387436]), array([0.07599262]))","(array([0.03953799]), array([0.0684818]))","(array([0.04531215]), array([0.07848295]))","(array([0.059957]), array([0.10384857]))","(array([0.07211878]), array([0.12491339]))","(array([0.08173899]), array([0.14157609]))","(array([0.08479284]), array([0.14686551]))","(array([0.08298846]), array([0.14374023]))","(array([0.08144442]), array([0.14106588]))","(array([0.08013021]), array([0.1387896]))","(array([0.07767107]), array([0.13453025]))","(array([0.07412532]), array([0.12838882]))","(array([0.07091814]), array([0.12283383]))","(array([0.06802174]), array([0.11781711]))"
(0.17655510957797077+0j),[1.07804142e-14],[1.],[0.67485938],[1.],"(array([0.11935995]), array([0.2067375]))","(array([0.04388267]), array([0.07600702]))","(array([0.03954585]), array([0.06849542]))","(array([0.04531886]), array([0.07849457]))","(array([0.05996182]), array([0.10385692]))","(array([0.07212183]), array([0.12491867]))","(array([0.08174054]), array([0.14157876]))","(array([0.08479349]), array([0.14686663]))","(array([0.0829887]), array([0.14374064]))","(array([0.08144434]), array([0.14106574]))","(array([0.08012989]), array([0.13878905]))","(array([0.07767058]), array([0.13452939]))","(array([0.07412467]), array([0.12838769]))","(array([0.07091734]), array([0.12283243]))","(array([0.06802077]), array([0.11781543]))","(array([0.07132562]), array([0.1235396]))"
(0.21603727009661358+0j),[1.51647296e-14],[1.],[0.7413672],[1.],"(array([0.12353712]), array([0.21397257]))","(array([0.03955548]), array([0.06851211]))","(array([0.04532731]), array([0.0785092]))","(array([0.05996825]), array([0.10386806]))","(array([0.07212617]), array([0.12492619]))","(array([0.08174301]), array([0.14158305]))","(array([0.08479484]), array([0.14686898]))","(array([0.08298952]), array([0.14374207]))","(array([0.08144474]), array([0.14106644]))","(array([0.08012995]), array([0.13878915]))","(array([0.07767037]), array([0.13452903]))","(array([0.07412423]), array([0.12838693]))","(array([0.07091669]), array([0.12283131]))","(array([0.06801992]), array([0.11781395]))","(array([0.07132467]), array([0.12353795]))","(array([0.07964523]), array([0.13794959]))"
(0.2572123724192711+0j),[1.62182734e-14],[1.],[0.79261223],[1.],"(array([0.12580178]), array([0.21789507]))","(array([0.04533867]), array([0.07852888]))","(array([0.05997727]), array([0.10388368]))","(array([0.07213259]), array([0.12493731]))","(array([0.08174693]), array([0.14158984]))","(array([0.08479719]), array([0.14687305]))","(array([0.08299111]), array([0.14374481]))","(array([0.08144571]), array([0.1410681]))","(array([0.0801304]), array([0.13878993]))","(array([0.07767045]), array([0.13452916]))","(array([0.074124]), array([0.12838653]))","(array([0.07091616]), array([0.12283039]))","(array([0.0680191]), array([0.11781254]))","(array([0.07132367]), array([0.12353622]))","(array([0.07964427]), array([0.13794791]))","(array([0.08623447]), array([0.14936248]))"
(0.29659022079097896+0j),[9.77412028e-15],[1.],[0.82672206],[1.],"(array([0.13632235]), array([0.23611723]))","(array([0.05999014]), array([0.10390598]))","(array([0.07214219]), array([0.12495394]))","(array([0.08175315]), array([0.14160061]))","(array([0.08480116]), array([0.14687992]))","(array([0.08299395]), array([0.14374974]))","(array([0.08144761]), array([0.1410714]))","(array([0.08013153]), array([0.13879188]))","(array([0.077671]), array([0.13453012]))","(array([0.0741241]), array([0.12838671]))","(array([0.07091584]), array([0.12282984]))","(array([0.06801836]), array([0.11781126]))","(array([0.07132259]), array([0.12353434]))","(array([0.07964311]), array([0.13794591]))","(array([0.08623345]), array([0.14936073]))","(array([0.0909699]), array([0.15756449]))"
(0.2966173305001572+0j),[7.87245493e-15],[1.],[0.81614059],[1.],"(array([0.15214822]), array([0.26352845]))","(array([0.07215538]), array([0.12497679]))","(array([0.08176213]), array([0.14161616]))","(array([0.0848072]), array([0.14689038]))","(array([0.0829985]), array([0.14375761]))","(array([0.08145088]), array([0.14107706]))","(array([0.08013371]), array([0.13879566]))","(array([0.0776724]), array([0.13453255]))","(array([0.07412489]), array([0.12838807]))","(array([0.07091605]), array([0.1228302]))","(array([0.06801802]), array([0.11781066]))","(array([0.0713217]), array([0.12353281]))","(array([0.07964188]), array([0.13794379]))","(array([0.08623219]), array([0.14935854]))","(array([0.09096887]), array([0.1575627]))","(array([0.09214269]), array([0.15959582]))"
(0.29310162859810424+0j),[8.18585892e-15],[1.],[0.80361474],[1.],"(array([0.16297045]), array([0.28227311]))","(array([0.08177398]), array([0.14163668]))","(array([0.08481543]), array([0.14690464]))","(array([0.08300485]), array([0.14376862]))","(array([0.08145559]), array([0.14108522]))","(array([0.08013703]), array([0.13880141]))","(array([0.07767472]), array([0.13453656]))","(array([0.07412644]), array([0.12839076]))","(array([0.0709169]), array([0.12283168]))","(array([0.0680182]), array([0.11781097]))","(array([0.0713211]), array([0.12353177]))","(array([0.07964065]), array([0.13794164]))","(array([0.08623075]), array([0.14935603]))","(array([0.0909675]), array([0.15756033]))","(array([0.09214152]), array([0.15959379]))","(array([0.09080016]), array([0.15727049]))"
(0.28673491421955644+0j),[5.25596597e-15],[1.],[0.79009078],[1.],"(array([0.17107721]), array([0.29631442]))","(array([0.08482634]), array([0.14692354]))","(array([0.08301344]), array([0.1437835]))","(array([0.08146215]), array([0.14109658]))","(array([0.08014191]), array([0.13880986]))","(array([0.07767826]), array([0.13454269]))","(array([0.0741291]), array([0.12839537]))","(array([0.07091877]), array([0.12283491]))","(array([0.06801931]), array([0.11781291]))","(array([0.07132113]), array([0.12353183]))","(array([0.07963963]), array([0.13793988]))","(array([0.08622925]), array([0.14935344]))","(array([0.09096593]), array([0.15755762]))","(array([0.09213999]), array([0.15959115]))","(array([0.09079872]), array([0.157268]))","(array([0.08929025]), array([0.15465524]))"
(0.27958589566259295+0j),[2.14692983e-15],[1.],[0.7776469],[1.],"(array([0.17262007]), array([0.29898674]))","(array([0.08302452]), array([0.14380268]))","(array([0.08147084]), array([0.14111164]))","(array([0.0801484]), array([0.13882109]))","(array([0.0776832]), array([0.13455125]))","(array([0.07413303]), array([0.12840218]))","(array([0.07092179]), array([0.12284014]))","(array([0.06802141]), array([0.11781654]))","(array([0.07132185]), array([0.12353307]))","(array([0.07963884]), array([0.13793851]))","(array([0.08622756]), array([0.14935051]))","(array([0.09096389]), array([0.15755407]))","(array([0.09213794]), array([0.1595876]))","(array([0.09079676]), array([0.15726461]))","(array([0.08928846]), array([0.15465215]))","(array([0.08778143]), array([0.1520419]))"
(0.24305257189940277+0j),[-2.12777887e-15],[1.],[0.73101279],[1.],"(array([0.16750238]), array([0.29012263]))","(array([0.0814815]), array([0.1411301]))","(array([0.08015661]), array([0.13883533]))","(array([0.07768972]), array([0.13456254]))","(array([0.07413851]), array([0.12841166]))","(array([0.07092628]), array([0.12284793]))","(array([0.06802485]), array([0.11782249]))","(array([0.07132363]), array([0.12353615]))","(array([0.07963869]), array([0.13793825]))","(array([0.08622606]), array([0.14934791]))","(array([0.09096161]), array([0.15755013]))","(array([0.09213541]), array([0.15958322]))","(array([0.09079433]), array([0.15726039]))","(array([0.08928623]), array([0.15464829]))","(array([0.0877794]), array([0.15203837]))","(array([0.08446506]), array([0.14629777]))"
(0.2108170666216513+0j),[-4.15307832e-17],[1.],[0.68623166],[1.],"(array([0.1608024]), array([0.27851793]))","(array([0.0801663]), array([0.1388521]))","(array([0.07769768]), array([0.13457632]))","(array([0.07414542]), array([0.12842363]))","(array([0.0709322]), array([0.12285817]))","(array([0.06802968]), array([0.11783086]))","(array([0.07132664]), array([0.12354136]))","(array([0.07963936]), array([0.13793943]))","(array([0.08622489]), array([0.14934589]))","(array([0.0909592]), array([0.15754595]))","(array([0.09213254]), array([0.15957824]))","(array([0.09079149]), array([0.15725547]))","(array([0.08928354]), array([0.15464362]))","(array([0.08777677]), array([0.15203382]))","(array([0.08446252]), array([0.14629337]))","(array([0.07930918]), array([0.13736752]))"
(0.18238646176031148+0j),[-1.91553998e-15],[1.],[0.64326887],[1.],"(array([0.15454944]), array([0.26768749]))","(array([0.07770682]), array([0.13459216]))","(array([0.07415361]), array([0.12843782]))","(array([0.07093947]), array([0.12287077]))","(array([0.06803593]), array([0.1178417]))","(array([0.07133096]), array([0.12354885]))","(array([0.07964103]), array([0.13794231]))","(array([0.08622426]), array([0.1493448]))","(array([0.09095689]), array([0.15754195]))","(array([0.09212953]), array([0.15957303]))","(array([0.09078842]), array([0.15725016]))","(array([0.0892805]), array([0.15463836]))","(array([0.08777364]), array([0.1520284]))","(array([0.08445943]), array([0.14628802]))","(array([0.07930619]), array([0.13736235]))","(array([0.07437281]), array([0.12881748]))"
(0.1576488582325246+0j),[-1.98205332e-15],[1.],[0.60264722],[1.],"(array([0.14738799]), array([0.25528348]))","(array([0.07416281]), array([0.12845375]))","(array([0.07094794]), array([0.12288544]))","(array([0.06804353]), array([0.11785485]))","(array([0.07133657]), array([0.12355857]))","(array([0.0796437]), array([0.13794693]))","(array([0.0862243]), array([0.14934487]))","(array([0.09095486]), array([0.15753844]))","(array([0.09212653]), array([0.15956784]))","(array([0.0907852]), array([0.15724457]))","(array([0.08927714]), array([0.15463255]))","(array([0.08777006]), array([0.15202221]))","(array([0.08445588]), array([0.14628188]))","(array([0.07930284]), array([0.13735654]))","(array([0.07436954]), array([0.12881182]))","(array([0.06967142]), array([0.12067444]))"
(0.14398499955809718+0j),[3.23191972e-16],[1.],[0.58335864],[1.],"(array([0.14045557]), array([0.24327618]))","(array([0.07095732]), array([0.12290169]))","(array([0.06805223]), array([0.11786993]))","(array([0.07134336]), array([0.12357032]))","(array([0.07964742]), array([0.13795337]))","(array([0.08622508]), array([0.14934622]))","(array([0.0909532]), array([0.15753556]))","(array([0.09212366]), array([0.15956287]))","(array([0.09078197]), array([0.15723899]))","(array([0.08927362]), array([0.15462645]))","(array([0.08776615]), array([0.15201543]))","(array([0.08445198]), array([0.14627512]))","(array([0.07929923]), array([0.13735029]))","(array([0.0743661]), array([0.12880587]))","(array([0.06966806]), array([0.12066863]))","(array([0.06628314]), array([0.11480576]))"
(0.1322732147274565+0j),[-5.91692021e-16],[1.],[0.56664899],[1.],"(array([0.13521502]), array([0.23419929]))","(array([0.06806175]), array([0.11788641]))","(array([0.07135113]), array([0.12358379]))","(array([0.07965216]), array([0.13796159]))","(array([0.08622671]), array([0.14934905]))","(array([0.09095208]), array([0.15753362]))","(array([0.09212115]), array([0.1595585]))","(array([0.090779]), array([0.15723384]))","(array([0.08927019]), array([0.15462051]))","(array([0.08776211]), array([0.15200843]))","(array([0.08444792]), array([0.14626808]))","(array([0.07929555]), array([0.13734393]))","(array([0.07436268]), array([0.12879995]))","(array([0.06966481]), array([0.120663]))","(array([0.06627996]), array([0.11480026]))","(array([0.06424799]), array([0.11128079]))"
(0.12222740109079144+0j),[-1.62962794e-16],[1.],[0.55220875],[1.],"(array([0.13057229]), array([0.22615783]))","(array([0.07135941]), array([0.12359813]))","(array([0.07965762]), array([0.13797104]))","(array([0.08622903]), array([0.14935306]))","(array([0.09095152]), array([0.15753265]))","(array([0.09211909]), array([0.15955495]))","(array([0.09077643]), array([0.15722939]))","(array([0.08926704]), array([0.15461505]))","(array([0.08775819]), array([0.15200165]))","(array([0.08444393]), array([0.14626118]))","(array([0.07929201]), array([0.13733779]))","(array([0.07435947]), array([0.12879439]))","(array([0.06966185]), array([0.12065787]))","(array([0.0662771]), array([0.11479531]))","(array([0.06424513]), array([0.11127583]))","(array([0.06250098]), array([0.10825487]))"
(0.11250010055766774+0j),[3.37976557e-16],[1.],[0.53739384],[1.],"(array([0.13224132]), array([0.22904869]))","(array([0.07966344]), array([0.13798113]))","(array([0.08623184]), array([0.14935792]))","(array([0.09095144]), array([0.15753252]))","(array([0.0921175]), array([0.15955219]))","(array([0.0907743]), array([0.15722569]))","(array([0.08926425]), array([0.15461021]))","(array([0.08775455]), array([0.15199534]))","(array([0.08444019]), array([0.14625471]))","(array([0.07928873]), array([0.13733211]))","(array([0.07435655]), array([0.12878933]))","(array([0.06965922]), array([0.12065331]))","(array([0.0662746]), array([0.11479097]))","(array([0.06424264]), array([0.11127151]))","(array([0.06249844]), array([0.10825047]))","(array([0.06087412]), array([0.10543708]))"
(0.13228624492753963+0j),[2.36538785e-15],[1.],[0.60113635],[1.],"(array([0.14331649]), array([0.24823144]))","(array([0.08623513]), array([0.14936362]))","(array([0.09095191]), array([0.15753333]))","(array([0.09211642]), array([0.15955031]))","(array([0.09077267]), array([0.15722288]))","(array([0.0892619]), array([0.15460615]))","(array([0.0877513]), array([0.15198971]))","(array([0.08443683]), array([0.14624888]))","(array([0.07928585]), array([0.13732712]))","(array([0.07435405]), array([0.12878499]))","(array([0.06965701]), array([0.12064948]))","(array([0.06627253]), array([0.1147874]))","(array([0.06424059]), array([0.11126797]))","(array([0.06249635]), array([0.10824685]))","(array([0.06087196]), array([0.10543332]))","(array([0.06364796]), array([0.11024151]))"
(0.15217917077506304+0j),[5.03381556e-15],[1.],[0.65452645],[1.],"(array([0.15642166]), array([0.27093026]))","(array([0.09095291]), array([0.15753506]))","(array([0.09211583]), array([0.15954929]))","(array([0.09077157]), array([0.15722098]))","(array([0.08925987]), array([0.15460263]))","(array([0.08774837]), array([0.15198463]))","(array([0.08443383]), array([0.14624368]))","(array([0.07928338]), array([0.13732284]))","(array([0.07435198]), array([0.12878141]))","(array([0.06965522]), array([0.12064637]))","(array([0.06627087]), array([0.11478452]))","(array([0.06423896]), array([0.11126514]))","(array([0.06249466]), array([0.10824393]))","(array([0.06087017]), array([0.10543023]))","(array([0.06364619]), array([0.11023844]))","(array([0.07018406]), array([0.12156236]))"
(0.17179489824857208+0j),[4.05651281e-15],[1.],[0.69887454],[1.],"(array([0.16662104]), array([0.28859611]))","(array([0.09211538]), array([0.15954852]))","(array([0.09077037]), array([0.15721889]))","(array([0.08925776]), array([0.15459897]))","(array([0.08774542]), array([0.15197952]))","(array([0.08443081]), array([0.14623845]))","(array([0.0792809]), array([0.13731854]))","(array([0.07434989]), array([0.12877779]))","(array([0.0696534]), array([0.12064323]))","(array([0.06626918]), array([0.11478159]))","(array([0.06423729]), array([0.11126225]))","(array([0.06249297]), array([0.108241]))","(array([0.06086841]), array([0.10542718]))","(array([0.06364437]), array([0.11023528]))","(array([0.0701825]), array([0.12155965]))","(array([0.07566869]), array([0.13106201]))"
(0.19157370570759003+0j),[7.11813003e-15],[1.],[0.73614758],[1.],"(array([0.17241619]), array([0.2986336]))","(array([0.09076881]), array([0.15721619]))","(array([0.08925537]), array([0.15459483]))","(array([0.08774224]), array([0.15197402]))","(array([0.08442759]), array([0.14623287]))","(array([0.07927817]), array([0.13731382]))","(array([0.07434753]), array([0.12877369]))","(array([0.06965128]), array([0.12063956]))","(array([0.06626717]), array([0.1147781]))","(array([0.0642353]), array([0.1112588]))","(array([0.06249097]), array([0.10823753]))","(array([0.0608664]), array([0.1054237]))","(array([0.06364239]), array([0.11023185]))","(array([0.07018081]), array([0.12155673]))","(array([0.07566749]), array([0.13105994]))","(array([0.08030303]), array([0.13908893]))"
(0.17310327451163965+0j),[6.62732805e-15],[1.],[0.70502961],[1.],"(array([0.1714519]), array([0.29696339]))","(array([0.08925274]), array([0.15459029]))","(array([0.0877389]), array([0.15196823]))","(array([0.08442421]), array([0.14622702]))","(array([0.07927525]), array([0.13730876]))","(array([0.07434494]), array([0.12876921]))","(array([0.06964892]), array([0.12063547]))","(array([0.06626489]), array([0.11477415]))","(array([0.06423304]), array([0.11125489]))","(array([0.06248872]), array([0.10823364]))","(array([0.06086419]), array([0.10541988]))","(array([0.06364027]), array([0.11022817]))","(array([0.07017901]), array([0.12155361]))","(array([0.0756663]), array([0.13105787]))","(array([0.08030239]), array([0.13908782]))","(array([0.08068558]), array([0.13975153]))"
(0.15685103203866332+0j),[8.13591181e-15],[1.],[0.67616647],[1.],"(array([0.16662387]), array([0.28860102]))","(array([0.08773546]), array([0.15196227]))","(array([0.08442074]), array([0.14622101]))","(array([0.0792722]), array([0.13730348]))","(array([0.0743422]), array([0.12876447]))","(array([0.06964639]), array([0.12063109]))","(array([0.06626244]), array([0.11476991]))","(array([0.06423061]), array([0.11125069]))","(array([0.06248632]), array([0.10822949]))","(array([0.06086185]), array([0.10541582]))","(array([0.06363805]), array([0.11022434]))","(array([0.07017716]), array([0.12155041]))","(array([0.0756651]), array([0.1310558]))","(array([0.08030183]), array([0.13908685]))","(array([0.08068532]), array([0.13975108]))","(array([0.07737447]), array([0.13401652]))"
(0.14262368281714788+0j),[9.00085916e-15],[1.],[0.64939593],[1.],"(array([0.16201484]), array([0.28061794]))","(array([0.08441737]), array([0.14621517]))","(array([0.07926922]), array([0.13729832]))","(array([0.07433953]), array([0.12875984]))","(array([0.06964392]), array([0.12062681]))","(array([0.06626005]), array([0.11476578]))","(array([0.06422825]), array([0.11124659]))","(array([0.06248399]), array([0.10822544]))","(array([0.06085958]), array([0.10541188]))","(array([0.06363591]), array([0.11022062]))","(array([0.07017537]), array([0.12154731]))","(array([0.07566396]), array([0.13105383]))","(array([0.08030131]), array([0.13908595]))","(array([0.08068509]), array([0.13975068]))","(array([0.07737438]), array([0.13401636]))","(array([0.07428324]), array([0.12866235]))"
(0.13063853330013264+0j),[8.11231324e-15],[1.],[0.62552444],[1.],"(array([0.15587771]), array([0.26998811]))","(array([0.07926653]), array([0.13729365]))","(array([0.07433712]), array([0.12875567]))","(array([0.06964173]), array([0.12062301]))","(array([0.06625795]), array([0.11476214]))","(array([0.06422617]), array([0.11124298]))","(array([0.06248191]), array([0.10822185]))","(array([0.06085755]), array([0.10540837]))","(array([0.06363397]), array([0.11021726]))","(array([0.07017371]), array([0.12154443]))","(array([0.07566289]), array([0.13105197]))","(array([0.08030081]), array([0.13908509]))","(array([0.08068486]), array([0.13975028]))","(array([0.07737427]), array([0.13401617]))","(array([0.07428326]), array([0.12866238]))","(array([0.07146361]), array([0.1237786]))"
(0.1304388467454514+0j),[8.5192145e-15],[1.],[0.62781021],[1.],"(array([0.14953817]), array([0.25900771]))","(array([0.07433507]), array([0.12875212]))","(array([0.06963989]), array([0.12061983]))","(array([0.0662562]), array([0.11475911]))","(array([0.06422443]), array([0.11123997]))","(array([0.06248018]), array([0.10821884]))","(array([0.06085585]), array([0.10540542]))","(array([0.0636323]), array([0.11021437]))","(array([0.07017224]), array([0.12154188]))","(array([0.07566192]), array([0.13105029]))","(array([0.08030034]), array([0.13908427]))","(array([0.08068464]), array([0.13974989]))","(array([0.07737417]), array([0.13401599]))","(array([0.07428326]), array([0.12866239]))","(array([0.07146372]), array([0.1237788]))","(array([0.07027431]), array([0.12171867]))"
(0.13145455559562583+0j),[8.42534349e-15],[1.],[0.6318449],[1.],"(array([0.14498715]), array([0.2511251]))","(array([0.0696385]), array([0.12061742]))","(array([0.06625489]), array([0.11475684]))","(array([0.06422311]), array([0.11123769]))","(array([0.06247885]), array([0.10821654]))","(array([0.06085453]), array([0.10540315]))","(array([0.06363097]), array([0.11021208]))","(array([0.07017102]), array([0.12153977]))","(array([0.0756611]), array([0.13104887]))","(array([0.08029993]), array([0.13908356]))","(array([0.08068445]), array([0.13974957]))","(array([0.07737408]), array([0.13401584]))","(array([0.07428328]), array([0.12866241]))","(array([0.07146383]), array([0.12377898]))","(array([0.07027448]), array([0.12171897]))","(array([0.070654]), array([0.12237631]))"
(0.1334636517284373+0j),[8.79149718e-15],[1.],[0.6372528],[1.],"(array([0.1408508]), array([0.24396075]))","(array([0.06625403]), array([0.11475535]))","(array([0.06422224]), array([0.11123619]))","(array([0.06247796]), array([0.10821501]))","(array([0.06085365]), array([0.10540161]))","(array([0.06363004]), array([0.11021046]))","(array([0.0701701]), array([0.12153818]))","(array([0.07566047]), array([0.13104778]))","(array([0.08029961]), array([0.139083]))","(array([0.08068431]), array([0.13974933]))","(array([0.07737403]), array([0.13401576]))","(array([0.07428331]), array([0.12866248]))","(array([0.07146395]), array([0.12377918]))","(array([0.07027466]), array([0.12171928]))","(array([0.07065419]), array([0.12237664]))","(array([0.07121355]), array([0.12334549]))"
(0.136095119009338+0j),[7.17472209e-15],[1.],[0.64330346],[1.],"(array([0.13814036]), array([0.23926612]))","(array([0.06422181]), array([0.11123544]))","(array([0.06247751]), array([0.10821422]))","(array([0.06085318]), array([0.1054008]))","(array([0.06362949]), array([0.11020951]))","(array([0.07016951]), array([0.12153715]))","(array([0.07566005]), array([0.13104705]))","(array([0.0802994]), array([0.13908263]))","(array([0.08068424]), array([0.13974921]))","(array([0.07737404]), array([0.13401576]))","(array([0.07428339]), array([0.1286626]))","(array([0.07146408]), array([0.12377941]))","(array([0.07027483]), array([0.12171958]))","(array([0.07065438]), array([0.12237697]))","(array([0.07121372]), array([0.12334579]))","(array([0.07188714]), array([0.12451218]))"
(0.18367270080956316+0j),[4.12631805e-15],[1.],[0.73492193],[1.],"(array([0.14176269]), array([0.24554018]))","(array([0.06247751]), array([0.10821422]))","(array([0.06085316]), array([0.10540077]))","(array([0.06362937]), array([0.11020929]))","(array([0.07016926]), array([0.12153672]))","(array([0.07565987]), array([0.13104674]))","(array([0.08029932]), array([0.13908251]))","(array([0.08068426]), array([0.13974924]))","(array([0.07737411]), array([0.13401588]))","(array([0.0742835]), array([0.1286628]))","(array([0.07146423]), array([0.12377968]))","(array([0.07027502]), array([0.1217199]))","(array([0.07065457]), array([0.12237731]))","(array([0.0712139]), array([0.12334609]))","(array([0.07188728]), array([0.12451242]))","(array([0.07754192]), array([0.13430655]))"
(0.23414332400652108+0j),[5.6879626e-15],[1.],[0.80470171],[1.],"(array([0.14912888]), array([0.25829879]))","(array([0.06085355]), array([0.10540143]))","(array([0.06362963]), array([0.11020976]))","(array([0.07016938]), array([0.12153692]))","(array([0.07565993]), array([0.13104684]))","(array([0.08029941]), array([0.13908266]))","(array([0.0806844]), array([0.13974947]))","(array([0.07737426]), array([0.13401615]))","(array([0.07428368]), array([0.12866311]))","(array([0.07146443]), array([0.12378002]))","(array([0.07027523]), array([0.12172026]))","(array([0.07065478]), array([0.12237766]))","(array([0.07121409]), array([0.12334642]))","(array([0.07188744]), array([0.12451269]))","(array([0.07754203]), array([0.13430673]))","(array([0.08665227]), array([0.15008614]))"
(0.28527592572436783+0j),[2.39991477e-15],[1.],[0.85290703],[1.],"(array([0.15417034]), array([0.26703086]))","(array([0.06363043]), array([0.11021113]))","(array([0.07016997]), array([0.12153795]))","(array([0.07566036]), array([0.13104758]))","(array([0.08029973]), array([0.13908321]))","(array([0.08068467]), array([0.13974995]))","(array([0.07737453]), array([0.13401661]))","(array([0.07428393]), array([0.12866355]))","(array([0.07146467]), array([0.12378043]))","(array([0.07027544]), array([0.12172064]))","(array([0.07065497]), array([0.122378]))","(array([0.07121425]), array([0.1233467]))","(array([0.07188756]), array([0.12451291]))","(array([0.07754215]), array([0.13430695]))","(array([0.08665238]), array([0.15008632]))","(array([0.09331742]), array([0.16163051]))"
(0.33400955451138625+0j),[2.24410028e-15],[1.],[0.8797216],[1.],"(array([0.16116818]), array([0.27915147]))","(array([0.07017126]), array([0.12154018]))","(array([0.07566138]), array([0.13104936]))","(array([0.0803005]), array([0.13908455]))","(array([0.08068529]), array([0.13975102]))","(array([0.07737507]), array([0.13401755]))","(array([0.0742844]), array([0.12866436]))","(array([0.07146507]), array([0.12378113]))","(array([0.07027579]), array([0.12172123]))","(array([0.07065526]), array([0.1223785]))","(array([0.07121448]), array([0.1233471]))","(array([0.07188774]), array([0.12451322]))","(array([0.07754231]), array([0.13430721]))","(array([0.08665257]), array([0.15008665]))","(array([0.09331761]), array([0.16163084]))","(array([0.09753867]), array([0.16894193]))"
(0.34450703111314035+0j),[1.15155525e-15],[1.],[0.86872978],[1.],"(array([0.16848019]), array([0.29181624]))","(array([0.07566311]), array([0.13105234]))","(array([0.08030187]), array([0.13908691]))","(array([0.08068639]), array([0.13975292]))","(array([0.077376]), array([0.13401916]))","(array([0.07428519]), array([0.12866572]))","(array([0.07146572]), array([0.12378226]))","(array([0.07027632]), array([0.12172215]))","(array([0.07065569]), array([0.12237925]))","(array([0.07121483]), array([0.1233477]))","(array([0.07188802]), array([0.1245137]))","(array([0.07754255]), array([0.13430763]))","(array([0.08665282]), array([0.15008709]))","(array([0.0933179]), array([0.16163134]))","(array([0.09753899]), array([0.16894248]))","(array([0.09830898]), array([0.17027614]))"
(0.3516654115790079+0j),[2.61091749e-15],[1.],[0.85528831],[1.],"(array([0.1726204]), array([0.2989873]))","(array([0.08030363]), array([0.13908996]))","(array([0.08068785]), array([0.13975546]))","(array([0.07737725]), array([0.13402132]))","(array([0.07428623]), array([0.12866753]))","(array([0.07146658]), array([0.12378375]))","(array([0.07027701]), array([0.12172335]))","(array([0.07065625]), array([0.12238022]))","(array([0.07121528]), array([0.12334849]))","(array([0.07188838]), array([0.12451433]))","(array([0.07754286]), array([0.13430817]))","(array([0.08665313]), array([0.15008762]))","(array([0.09331825]), array([0.16163195]))","(array([0.09753935]), array([0.16894311]))","(array([0.09830937]), array([0.17027682]))","(array([0.09695738]), array([0.16793511]))"
(0.3558598682528981+0j),[2.79173117e-15],[1.],[0.84044908],[1.],"(array([0.17568522]), array([0.30429572]))","(array([0.08068975]), array([0.13975874]))","(array([0.07737886]), array([0.13402412]))","(array([0.07428758]), array([0.12866987]))","(array([0.07146768]), array([0.12378565]))","(array([0.07027789]), array([0.12172488]))","(array([0.07065695]), array([0.12238142]))","(array([0.07121583]), array([0.12334944]))","(array([0.07188882]), array([0.12451508]))","(array([0.07754321]), array([0.13430877]))","(array([0.08665344]), array([0.15008816]))","(array([0.09331857]), array([0.1616325]))","(array([0.09753971]), array([0.16894374]))","(array([0.09830975]), array([0.17027747]))","(array([0.09695779]), array([0.16793581]))","(array([0.09538178]), array([0.16520609]))"
(0.3585895949332262+0j),[-1.14753966e-15],[1.],[0.825911],[1.],"(array([0.17439198]), array([0.30205578]))","(array([0.07738118]), array([0.13402813]))","(array([0.07428952]), array([0.12867321]))","(array([0.07146926]), array([0.12378838]))","(array([0.07027915]), array([0.12172705]))","(array([0.07065793]), array([0.12238312]))","(array([0.07121658]), array([0.12335073]))","(array([0.07188938]), array([0.12451606]))","(array([0.07754361]), array([0.13430948]))","(array([0.08665373]), array([0.15008867]))","(array([0.09331883]), array([0.16163295]))","(array([0.09753998]), array([0.1689442]))","(array([0.09831007]), array([0.17027803]))","(array([0.09695817]), array([0.16793647]))","(array([0.09538222]), array([0.16520685]))","(array([0.09370123]), array([0.16229529]))"
(0.34538570114899925+0j),[-1.32404608e-15],[1.],[0.80265238],[1.],"(array([0.16889587]), array([0.29253622]))","(array([0.07429231]), array([0.12867805]))","(array([0.07147155]), array([0.12379236]))","(array([0.07028099]), array([0.12173024]))","(array([0.07065937]), array([0.12238562]))","(array([0.07121768]), array([0.12335265]))","(array([0.07189021]), array([0.1245175]))","(array([0.07754417]), array([0.13431045]))","(array([0.08665405]), array([0.15008922]))","(array([0.09331901]), array([0.16163327]))","(array([0.09754012]), array([0.16894445]))","(array([0.09831024]), array([0.17027833]))","(array([0.09695843]), array([0.16793692]))","(array([0.09538258]), array([0.16520747]))","(array([0.09370168]), array([0.16229608]))","(array([0.09151262]), array([0.1585045]))"
(0.33352899674706515+0j),[-1.4238096e-15],[1.],[0.78303068],[1.],"(array([0.16330585]), array([0.28285402]))","(array([0.07147479]), array([0.12379797]))","(array([0.07028361]), array([0.12173478]))","(array([0.07066143]), array([0.12238919]))","(array([0.07121927]), array([0.1233554]))","(array([0.0718914]), array([0.12451956]))","(array([0.07754493]), array([0.13431176]))","(array([0.08665437]), array([0.15008977]))","(array([0.09331904]), array([0.16163331]))","(array([0.09754001]), array([0.16894425]))","(array([0.09831014]), array([0.17027816]))","(array([0.09695841]), array([0.1679369]))","(array([0.09538269]), array([0.16520766]))","(array([0.09370195]), array([0.16229654]))","(array([0.09151306]), array([0.15850526]))","(array([0.0890108]), array([0.15417123]))"
(0.3229140262875262+0j),[1.98612206e-15],[1.],[0.76663744],[1.],"(array([0.15835368]), array([0.27427662]))","(array([0.07028714]), array([0.1217409]))","(array([0.07066424]), array([0.12239406]))","(array([0.07122145]), array([0.12335917]))","(array([0.07189301]), array([0.12452235]))","(array([0.0775459]), array([0.13431344]))","(array([0.08665464]), array([0.15009023]))","(array([0.0933188]), array([0.1616329]))","(array([0.0975395]), array([0.16894337]))","(array([0.09830959]), array([0.1702772]))","(array([0.09695795]), array([0.16793609]))","(array([0.09538237]), array([0.16520711]))","(array([0.09370184]), array([0.16229635]))","(array([0.09151319]), array([0.1585055]))","(array([0.08901117]), array([0.15417187]))","(array([0.08687567]), array([0.15047308]))"
(0.3130874626186784+0j),[1.50726701e-15],[1.],[0.75281834],[1.],"(array([0.1553572]), array([0.26908656]))","(array([0.07066776]), array([0.12240015]))","(array([0.07122419]), array([0.12336391]))","(array([0.07189505]), array([0.12452587]))","(array([0.07754706]), array([0.13431545]))","(array([0.08665477]), array([0.15009047]))","(array([0.09331816]), array([0.1616318]))","(array([0.09753843]), array([0.16894152]))","(array([0.0983084]), array([0.17027514]))","(array([0.09695683]), array([0.16793416]))","(array([0.09538141]), array([0.16520545]))","(array([0.09370113]), array([0.16229512]))","(array([0.09151279]), array([0.1585048]))","(array([0.08901109]), array([0.15417173]))","(array([0.08687589]), array([0.15047346]))","(array([0.08506691]), array([0.1473402]))"
(0.3202805316894346+0j),[-1.46528776e-15],[1.],[0.75630608],[1.],"(array([0.1550514]), array([0.26855691]))","(array([0.07122745]), array([0.12336957]))","(array([0.07189747]), array([0.12453008]))","(array([0.07754837]), array([0.13431771]))","(array([0.0866547]), array([0.15009035]))","(array([0.093317]), array([0.16162979]))","(array([0.09753663]), array([0.1689384]))","(array([0.09830637]), array([0.17027163]))","(array([0.09695484]), array([0.1679307]))","(array([0.09537957]), array([0.16520226]))","(array([0.09369955]), array([0.16229238]))","(array([0.09151158]), array([0.1585027]))","(array([0.08901029]), array([0.15417034]))","(array([0.08687551]), array([0.1504728]))","(array([0.08506689]), array([0.14734018]))","(array([0.08438112]), array([0.14615239]))"
(0.32676347460025773+0j),[3.21463513e-15],[1.],[0.75835578],[1.],"(array([0.15579869]), array([0.26985125]))","(array([0.07190021]), array([0.12453482]))","(array([0.07754974]), array([0.13432009]))","(array([0.08665435]), array([0.15008974]))","(array([0.09331521]), array([0.16162669]))","(array([0.09753391]), array([0.16893369]))","(array([0.09830331]), array([0.17026632]))","(array([0.09695175]), array([0.16792536]))","(array([0.09537661]), array([0.16519714]))","(array([0.09369686]), array([0.16228773]))","(array([0.09150929]), array([0.15849873]))","(array([0.08900847]), array([0.1541672]))","(array([0.08687422]), array([0.15047056]))","(array([0.08506611]), array([0.14733883]))","(array([0.08438084]), array([0.1461519]))","(array([0.0845693]), array([0.14647833]))"
(0.3325257420453514+0j),[5.47744806e-15],[1.],[0.75921422],[1.],"(array([0.15651495]), array([0.27109185]))","(array([0.07755106]), array([0.13432238]))","(array([0.08665363]), array([0.15008849]))","(array([0.09331272]), array([0.16162237]))","(array([0.0975302]), array([0.16892726]))","(array([0.09829907]), array([0.17025899]))","(array([0.09694742]), array([0.16791787]))","(array([0.09537237]), array([0.16518979]))","(array([0.09369287]), array([0.1622808]))","(array([0.09150572]), array([0.15849255]))","(array([0.08900543]), array([0.15416192]))","(array([0.08687175]), array([0.15046628]))","(array([0.08506423]), array([0.14733557]))","(array([0.0843796]), array([0.14614975]))","(array([0.0845687]), array([0.14647729]))","(array([0.08461373]), array([0.14655528]))"
(0.33613795432781246+0j),[5.95309089e-15],[1.],[0.75833178],[1.],"(array([0.16204446]), array([0.28066923]))","(array([0.08665253]), array([0.15008658]))","(array([0.09330952]), array([0.16161683]))","(array([0.09752545]), array([0.16891903]))","(array([0.09829359]), array([0.17024948]))","(array([0.09694175]), array([0.16790804]))","(array([0.09536672]), array([0.16518001]))","(array([0.09368744]), array([0.1622714]))","(array([0.09150073]), array([0.15848391]))","(array([0.08900101]), array([0.15415427]))","(array([0.08686795]), array([0.1504597]))","(array([0.08506108]), array([0.14733012]))","(array([0.08437717]), array([0.14614555]))","(array([0.08456704]), array([0.14647441]))","(array([0.08461278]), array([0.14655363]))","(array([0.08449532]), array([0.14635019]))"
(0.2883711944516048+0j),[4.50568088e-15],[1.],[0.71119103],[1.],"(array([0.16842991]), array([0.29172917]))","(array([0.09330554]), array([0.16160994]))","(array([0.09751961]), array([0.16890891]))","(array([0.09828677]), array([0.17023768]))","(array([0.09693466]), array([0.16789575]))","(array([0.09535959]), array([0.16516766]))","(array([0.0936805]), array([0.16225938]))","(array([0.09149423]), array([0.15847266]))","(array([0.08899511]), array([0.15414405]))","(array([0.0868627]), array([0.15045061]))","(array([0.08505653]), array([0.14732223]))","(array([0.08437341]), array([0.14613903]))","(array([0.08456413]), array([0.14646937]))","(array([0.08461067]), array([0.14654998]))","(array([0.08449399]), array([0.14634789]))","(array([0.08178088]), array([0.14164864]))"
(0.24359365842164904+0j),[4.11308061e-15],[1.],[0.6618537],[1.],"(array([0.16960319]), array([0.29376134]))","(array([0.09751244]), array([0.1688965]))","(array([0.09827846]), array([0.17022328]))","(array([0.09692597]), array([0.1678807]))","(array([0.09535084]), array([0.1651525]))","(array([0.09367195]), array([0.16224458]))","(array([0.09148616]), array([0.15845868]))","(array([0.08898767]), array([0.15413116]))","(array([0.08685594]), array([0.15043891]))","(array([0.08505051]), array([0.14731181]))","(array([0.08436821]), array([0.14613002]))","(array([0.08455988]), array([0.14646201]))","(array([0.08460738]), array([0.14654427]))","(array([0.08449146]), array([0.1463435]))","(array([0.08177884]), array([0.1416451]))","(array([0.07630432]), array([0.13216296]))"
(0.20225359008251195+0j),[6.36433585e-15],[1.],[0.61064366],[1.],"(array([0.16810809]), array([0.29117175]))","(array([0.09826885]), array([0.17020664]))","(array([0.09691588]), array([0.16786322]))","(array([0.09534062]), array([0.1651348]))","(array([0.09366191]), array([0.16222719]))","(array([0.09147658]), array([0.15844209]))","(array([0.08897872]), array([0.15411566]))","(array([0.08684769]), array([0.15042462]))","(array([0.08504303]), array([0.14729885]))","(array([0.0843616]), array([0.14611858]))","(array([0.0845543]), array([0.14645234]))","(array([0.08460284]), array([0.14653642]))","(array([0.08448779]), array([0.14633714]))","(array([0.08177578]), array([0.14163981]))","(array([0.07630162]), array([0.13215828]))","(array([0.07060539]), array([0.12229212]))"
(0.16530667110232095+0j),[7.13683159e-15],[1.],[0.55875957],[1.],"(array([0.16304834]), array([0.28240801]))","(array([0.09690469]), array([0.16784384]))","(array([0.09532926]), array([0.16511512]))","(array([0.09365068]), array([0.16220773]))","(array([0.09146579]), array([0.15842339]))","(array([0.08896855]), array([0.15409806]))","(array([0.08683825]), array([0.15040826]))","(array([0.08503438]), array([0.14728387]))","(array([0.08435385]), array([0.14610516]))","(array([0.08454758]), array([0.14644071]))","(array([0.08459719]), array([0.14652663]))","(array([0.08448311]), array([0.14632904]))","(array([0.08177183]), array([0.14163296]))","(array([0.07629809]), array([0.13215217]))","(array([0.0706023]), array([0.12228677]))","(array([0.06479091]), array([0.11222114]))"
(0.16180486046106735+0j),[9.50398693e-15],[1.],[0.57941544],[1.],"(array([0.15982588]), array([0.27682654]))","(array([0.09531712]), array([0.1650941]))","(array([0.09363867]), array([0.16218693]))","(array([0.09145419]), array([0.1584033]))","(array([0.08895758]), array([0.15407904]))","(array([0.08682799]), array([0.15039049]))","(array([0.08502493]), array([0.14726751]))","(array([0.08434531]), array([0.14609036]))","(array([0.08454005]), array([0.14642766]))","(array([0.0845907]), array([0.14651539]))","(array([0.08447766]), array([0.14631961]))","(array([0.08176718]), array([0.14162491]))","(array([0.07629392]), array([0.13214494]))","(array([0.07059862]), array([0.12228039]))","(array([0.06478776]), array([0.1122157]))","(array([0.0629346]), array([0.10900593]))"
(0.15996381850949862+0j),[1.05995729e-14],[1.],[0.60025701],[1.],"(array([0.16044372]), array([0.27789667]))","(array([0.09362594]), array([0.16216488]))","(array([0.09144189]), array([0.158382]))","(array([0.08894591]), array([0.15405883]))","(array([0.08681703]), array([0.15037151]))","(array([0.08501477]), array([0.1472499]))","(array([0.08433604]), array([0.1460743]))","(array([0.08453181]), array([0.14641339]))","(array([0.08458358]), array([0.14650305]))","(array([0.08447167]), array([0.14630923]))","(array([0.08176205]), array([0.14161602]))","(array([0.07628928]), array([0.13213691]))","(array([0.07059452]), array([0.12227329]))","(array([0.06478426]), array([0.11220962]))","(array([0.06293188]), array([0.10900121]))","(array([0.06514096]), array([0.11282745]))"
(0.15972360114837386+0j),[9.15767455e-15],[1.],[0.62092029],[1.],"(array([0.16093665]), array([0.27875045]))","(array([0.09142841]), array([0.15835865]))","(array([0.0889331]), array([0.15403665]))","(array([0.08680499]), array([0.15035065]))","(array([0.08500359]), array([0.14723053]))","(array([0.08432584]), array([0.14605665]))","(array([0.08452276]), array([0.14639772]))","(array([0.08457576]), array([0.14648951]))","(array([0.08446511]), array([0.14629786]))","(array([0.08175642]), array([0.14160628]))","(array([0.07628419]), array([0.13212809]))","(array([0.07058999]), array([0.12226546]))","(array([0.06478038]), array([0.1122029]))","(array([0.06292886]), array([0.10899598]))","(array([0.0651389]), array([0.11282388]))","(array([0.06732612]), array([0.11661226]))"
(0.16120444609685589+0j),[5.29434464e-15],[1.],[0.64133905],[1.],"(array([0.16089358]), array([0.27867585]))","(array([0.0889187]), array([0.15401171]))","(array([0.08679144]), array([0.15032719]))","(array([0.08499102]), array([0.14720876]))","(array([0.0843144]), array([0.14603683]))","(array([0.08451264]), array([0.14638019]))","(array([0.08456703]), array([0.1464744]))","(array([0.08445782]), array([0.14628523]))","(array([0.08175019]), array([0.14159549]))","(array([0.07627856]), array([0.13211835]))","(array([0.070585]), array([0.12225681]))","(array([0.06477608]), array([0.11219546]))","(array([0.06292555]), array([0.10899025]))","(array([0.0651367]), array([0.11282007]))","(array([0.06732482]), array([0.11661001]))","(array([0.06948155]), array([0.12034557]))"
(0.16769767558291213+0j),[5.98403421e-15],[1.],[0.66776738],[1.],"(array([0.16081741]), array([0.27854393]))","(array([0.08677608]), array([0.15030058]))","(array([0.08497677]), array([0.14718409]))","(array([0.08430143]), array([0.14601436]))","(array([0.08450116]), array([0.1463603]))","(array([0.08455714]), array([0.14645726]))","(array([0.08444962]), array([0.14627102]))","(array([0.08174323]), array([0.14158344]))","(array([0.07627228]), array([0.13210747]))","(array([0.07057943]), array([0.12224716]))","(array([0.06477127]), array([0.11218713]))","(array([0.06292187]), array([0.10898388]))","(array([0.06513432]), array([0.11281595]))","(array([0.0673235]), array([0.11660772]))","(array([0.06948107]), array([0.12034474]))","(array([0.07191649]), array([0.12456301]))"
(0.17564807794819376+0j),[4.43528233e-15],[1.],[0.69236963],[1.],"(array([0.16130828]), array([0.27939414]))","(array([0.08496052]), array([0.14715593]))","(array([0.08428661]), array([0.14598869]))","(array([0.08448797]), array([0.14633746]))","(array([0.08454579]), array([0.1464376]))","(array([0.08444028]), array([0.14625485]))","(array([0.08173533]), array([0.14156975]))","(array([0.07626512]), array([0.13209506]))","(array([0.07057305]), array([0.12223611]))","(array([0.06476576]), array([0.11217758]))","(array([0.06291767]), array([0.1089766]))","(array([0.0651316]), array([0.11281125]))","(array([0.06732205]), array([0.11660521]))","(array([0.0694806]), array([0.12034393]))","(array([0.0719168]), array([0.12456355]))","(array([0.07455129]), array([0.12912662]))"
(0.1847240596548286+0j),[3.77295653e-15],[1.],[0.71479761],[1.],"(array([0.16188122]), array([0.28038649]))","(array([0.08427001]), array([0.14595994]))","(array([0.08447317]), array([0.14631182]))","(array([0.08453303]), array([0.1464155]))","(array([0.08442981]), array([0.14623671]))","(array([0.08172646]), array([0.14155438]))","(array([0.07625703]), array([0.13208105]))","(array([0.07056581]), array([0.12222358]))","(array([0.06475947]), array([0.11216669]))","(array([0.06291285]), array([0.10896825]))","(array([0.06512842]), array([0.11280573]))","(array([0.06732028]), array([0.11660214]))","(array([0.06948]), array([0.12034289]))","(array([0.0719171]), array([0.12456406]))","(array([0.07455222]), array([0.12912823]))","(array([0.07694041]), array([0.1332647]))"
(0.19434353315840563+0j),[5.0262762e-15],[1.],[0.73445917],[1.],"(array([0.16327471]), array([0.28280009]))","(array([0.08445708]), array([0.14628396]))","(array([0.08451918]), array([0.14639152]))","(array([0.08441845]), array([0.14621704]))","(array([0.08171679]), array([0.14153764]))","(array([0.07624818]), array([0.13206572]))","(array([0.07055786]), array([0.12220979]))","(array([0.06475252]), array([0.11215465]))","(array([0.06290752]), array([0.10895903]))","(array([0.06512484]), array([0.11279953]))","(array([0.06731824]), array([0.11659862]))","(array([0.06947927]), array([0.12034162]))","(array([0.07191736]), array([0.12456452]))","(array([0.07455318]), array([0.1291299]))","(array([0.0769418]), array([0.1332671]))","(array([0.07902463]), array([0.13687468]))"
(0.17977537154448966+0j),[4.84986556e-15],[1.],[0.71148508],[1.],"(array([0.16305035]), array([0.28241148]))","(array([0.08450452]), array([0.14636613]))","(array([0.08440645]), array([0.14619627]))","(array([0.08170662]), array([0.14152002]))","(array([0.0762388]), array([0.13204948]))","(array([0.0705494]), array([0.12219514]))","(array([0.0647451]), array([0.1121418]))","(array([0.06290187]), array([0.10894924]))","(array([0.0651211]), array([0.11279306]))","(array([0.06731618]), array([0.11659504]))","(array([0.06947858]), array([0.12034043]))","(array([0.07191775]), array([0.12456519]))","(array([0.07455432]), array([0.12913187]))","(array([0.07694335]), array([0.1332698]))","(array([0.07902637]), array([0.1368777]))","(array([0.0786116]), array([0.13615929]))"
(0.16667919088415922+0j),[3.668685e-15],[1.],[0.68962524],[1.],"(array([0.16043131]), array([0.27787519]))","(array([0.08439429]), array([0.1461752]))","(array([0.08169637]), array([0.14150227]))","(array([0.07622929]), array([0.132033]))","(array([0.07054081]), array([0.12218027]))","(array([0.06473764]), array([0.11212887]))","(array([0.06289618]), array([0.10893938]))","(array([0.06511748]), array([0.11278678]))","(array([0.06731437]), array([0.11659191]))","(array([0.06947828]), array([0.12033991]))","(array([0.0719186]), array([0.12456667]))","(array([0.0745559]), array([0.1291346]))","(array([0.07694526]), array([0.1332731]))","(array([0.07902837]), array([0.13688115]))","(array([0.07861374]), array([0.136163]))","(array([0.07594293]), array([0.13153701]))"
(0.15501042390996567+0j),[3.0013422e-16],[1.],[0.66884614],[1.],"(array([0.15777802]), array([0.27327955]))","(array([0.08168644]), array([0.14148507]))","(array([0.07621999]), array([0.1320169]))","(array([0.07053234]), array([0.12216559]))","(array([0.06473025]), array([0.11211608]))","(array([0.06289068]), array([0.10892986]))","(array([0.06511426]), array([0.11278121]))","(array([0.06731314]), array([0.11658978]))","(array([0.06947866]), array([0.12034058]))","(array([0.07192018]), array([0.1245694]))","(array([0.07455818]), array([0.12913856]))","(array([0.07694778]), array([0.13327746]))","(array([0.07903085]), array([0.13688545]))","(array([0.07861626]), array([0.13616736]))","(array([0.07594549]), array([0.13154145]))","(array([0.07339654]), array([0.12712654]))"
(0.14532594436094956+0j),[-3.92931674e-16],[1.],[0.65039439],[1.],"(array([0.15271952]), array([0.26451796]))","(array([0.07621149]), array([0.13200217]))","(array([0.07052442]), array([0.12215188]))","(array([0.06472329]), array([0.11210402]))","(array([0.06288568]), array([0.10892119]))","(array([0.06511174]), array([0.11277684]))","(array([0.06731276]), array([0.11658913]))","(array([0.06947998]), array([0.12034285]))","(array([0.0719227]), array([0.12457377]))","(array([0.07456136]), array([0.12914406]))","(array([0.07695106]), array([0.13328314]))","(array([0.07903392]), array([0.13689077]))","(array([0.07861925]), array([0.13617254]))","(array([0.07594847]), array([0.1315466]))","(array([0.07339936]), array([0.12713141]))","(array([0.07104208]), array([0.12304849]))"
(0.13092197091413355+0j),[-1.08931783e-15],[1.],[0.6192733],[1.],"(array([0.14436145]), array([0.25004137]))","(array([0.07051809]), array([0.12214091]))","(array([0.06471762]), array([0.11209421]))","(array([0.06288192]), array([0.10891468]))","(array([0.06511059]), array([0.11277486]))","(array([0.06731384]), array([0.11659099]))","(array([0.06948276]), array([0.12034768]))","(array([0.07192662]), array([0.12458056]))","(array([0.07456578]), array([0.12915173]))","(array([0.07695535]), array([0.13329058]))","(array([0.07903776]), array([0.13689741]))","(array([0.07862282]), array([0.13617871]))","(array([0.07595189]), array([0.13155253]))","(array([0.07340252]), array([0.12713689]))","(array([0.07104481]), array([0.12305322]))","(array([0.06815657]), array([0.11805064]))"
(0.11915346177110886+0j),[1.35460721e-15],[1.],[0.5917491],[1.],"(array([0.1353168]), array([0.23437557]))","(array([0.06471459]), array([0.11208896]))","(array([0.06288059]), array([0.10891239]))","(array([0.06511186]), array([0.11277705]))","(array([0.06731724]), array([0.11659689]))","(array([0.06948774]), array([0.1203563]))","(array([0.07193253]), array([0.12459079]))","(array([0.07457192]), array([0.12916236]))","(array([0.07696104]), array([0.13330043]))","(array([0.07904261]), array([0.13690582]))","(array([0.07862706]), array([0.13618607]))","(array([0.07595576]), array([0.13155924]))","(array([0.07340595]), array([0.12714283]))","(array([0.07104768]), array([0.12305818]))","(array([0.06815893]), array([0.11805473]))","(array([0.06480203]), array([0.1122404]))"
(0.1095275471879207+0j),[8.28898301e-16],[1.],[0.56768575],[1.],"(array([0.12656413]), array([0.21921551]))","(array([0.06288334]), array([0.10891714]))","(array([0.06511669]), array([0.11278541]))","(array([0.0673237]), array([0.11660807]))","(array([0.06949527]), array([0.12036935]))","(array([0.07194051]), array([0.12460462]))","(array([0.07457969]), array([0.12917581]))","(array([0.07696789]), array([0.1333123]))","(array([0.07904818]), array([0.13691547]))","(array([0.07863162]), array([0.13619395]))","(array([0.07595963]), array([0.13156594]))","(array([0.07340914]), array([0.12714836]))","(array([0.07105017]), array([0.1230625]))","(array([0.06816079]), array([0.11805794]))","(array([0.06480343]), array([0.11224283]))","(array([0.06184796]), array([0.10712382]))"
(0.10105607665587236+0j),[1.15506526e-15],[1.],[0.54535397],[1.],"(array([0.12213487]), array([0.2115438]))","(array([0.06512666]), array([0.11280268]))","(array([0.06733416]), array([0.11662618]))","(array([0.06950577]), array([0.12038753]))","(array([0.07195056]), array([0.12462203]))","(array([0.07458874]), array([0.12919148]))","(array([0.07697539]), array([0.13332528]))","(array([0.07905385]), array([0.13692529]))","(array([0.0786358]), array([0.1362012]))","(array([0.07596274]), array([0.13157133]))","(array([0.0734113]), array([0.1271521]))","(array([0.07105146]), array([0.12306474]))","(array([0.06816131]), array([0.11805886]))","(array([0.06480336]), array([0.11224271]))","(array([0.06184753]), array([0.10712306]))","(array([0.05924268]), array([0.10261133]))"
(0.15997102624663329+0j),[-1.16704387e-14],[1.],[0.68643463],[1.],"(array([0.13089435]), array([0.22671567]))","(array([0.0673514]), array([0.11665605]))","(array([0.0695214]), array([0.1204146]))","(array([0.07196417]), array([0.12464561]))","(array([0.07459997]), array([0.12921094]))","(array([0.07698395]), array([0.1333401]))","(array([0.07905974]), array([0.13693549]))","(array([0.07863955]), array([0.1362077]))","(array([0.07596489]), array([0.13157506]))","(array([0.07341205]), array([0.12715341]))","(array([0.07105106]), array([0.12306405]))","(array([0.06815989]), array([0.1180564]))","(array([0.06480112]), array([0.11223883]))","(array([0.06184478]), array([0.1071183]))","(array([0.05923966]), array([0.10260609]))","(array([0.06575015]), array([0.11388259]))"
(0.2269414155647625+0j),[-1.18293315e-14],[1.],[0.79239357],[1.],"(array([0.14670583]), array([0.25410194]))","(array([0.06954134]), array([0.12044914]))","(array([0.07198042]), array([0.12467375]))","(array([0.07461243]), array([0.12923251]))","(array([0.07699266]), array([0.13335519]))","(array([0.07906504]), array([0.13694467]))","(array([0.07864225]), array([0.13621237]))","(array([0.07596563]), array([0.13157633]))","(array([0.0734111]), array([0.12715175]))","(array([0.07104872]), array([0.12305999]))","(array([0.0681564]), array([0.11805035]))","(array([0.06479668]), array([0.11223114]))","(array([0.06183961]), array([0.10710935]))","(array([0.05923395]), array([0.10259621]))","(array([0.06574545]), array([0.11387446]))","(array([0.07933227]), array([0.13740753]))"
(0.29735633631332276+0j),[-1.16969747e-14],[1.],[0.86230958],[1.],"(array([0.15919701]), array([0.27573731]))","(array([0.07199666]), array([0.12470187]))","(array([0.07462402]), array([0.1292526]))","(array([0.07700001]), array([0.13336792]))","(array([0.07906877]), array([0.13695113]))","(array([0.07864329]), array([0.13621418]))","(array([0.07596462]), array([0.13157458]))","(array([0.07340842]), array([0.12714711]))","(array([0.07104472]), array([0.12305306]))","(array([0.06815133]), array([0.11804156]))","(array([0.06479067]), array([0.11222073]))","(array([0.06183292]), array([0.10709775]))","(array([0.05922674]), array([0.10258373]))","(array([0.06573953]), array([0.1138642]))","(array([0.07933007]), array([0.13740371]))","(array([0.08963643]), array([0.15525485]))"
(0.3666265559146307+0j),[-1.10084542e-14],[1.],[0.89682624],[1.],"(array([0.16823041]), array([0.29138362]))","(array([0.07463403]), array([0.12926994]))","(array([0.0770057]), array([0.13337778]))","(array([0.07907098]), array([0.13695495]))","(array([0.07864303]), array([0.13621372]))","(array([0.07596248]), array([0.13157088]))","(array([0.0734048]), array([0.12714085]))","(array([0.07103998]), array([0.12304485]))","(array([0.06814561]), array([0.11803167]))","(array([0.06478409]), array([0.11220934]))","(array([0.06182574]), array([0.10708532]))","(array([0.05921919]), array([0.10257065]))","(array([0.06573364]), array([0.11385401]))","(array([0.07932807]), array([0.13740026]))","(array([0.08963869]), array([0.15525877]))","(array([0.09622134]), array([0.16666026]))"
(0.38072356350463843+0j),[-1.47780628e-14],[1.],[0.88186274],[1.],"(array([0.17254407]), array([0.29885509]))","(array([0.0770095]), array([0.13338437]))","(array([0.07907169]), array([0.13695618]))","(array([0.07864171]), array([0.13621144]))","(array([0.07595969]), array([0.13156604]))","(array([0.07340089]), array([0.12713407]))","(array([0.07103515]), array([0.1230365]))","(array([0.06813987]), array([0.11802172]))","(array([0.0647776]), array([0.11219809]))","(array([0.06181876]), array([0.10707324]))","(array([0.05921197]), array([0.10255814]))","(array([0.06572826]), array([0.11384468]))","(array([0.07932661]), array([0.13739772]))","(array([0.08964123]), array([0.15526317]))","(array([0.09622756]), array([0.16667102]))","(array([0.09790412]), array([0.1695749]))"
(0.39150027491168937+0j),[-1.75315083e-14],[1.],[0.86419667],[1.],"(array([0.17360484]), array([0.3006924]))","(array([0.07907249]), array([0.13695757]))","(array([0.07864045]), array([0.13620926]))","(array([0.07595683]), array([0.13156109]))","(array([0.0733967]), array([0.12712682]))","(array([0.07102995]), array([0.12302748]))","(array([0.06813388]), array([0.11801135]))","(array([0.06477098]), array([0.11218663]))","(array([0.06181174]), array([0.10706107]))","(array([0.05920476]), array([0.10254566]))","(array([0.06572283]), array([0.11383529]))","(array([0.07932501]), array([0.13739495]))","(array([0.08964363]), array([0.15526731]))","(array([0.0962337]), array([0.16668166]))","(array([0.09791232]), array([0.16958911]))","(array([0.0965943]), array([0.16730623]))"
(0.39923679894282865+0j),[-1.79065728e-14],[1.],[0.84496135],[1.],"(array([0.17389187]), array([0.30118955]))","(array([0.07863981]), array([0.13620815]))","(array([0.0759545]), array([0.13155705]))","(array([0.07339294]), array([0.1271203]))","(array([0.07102507]), array([0.12301903]))","(array([0.06812816]), array([0.11800143]))","(array([0.0647646]), array([0.11217557]))","(array([0.06180493]), array([0.10704929]))","(array([0.05919774]), array([0.1025335]))","(array([0.06571744]), array([0.11382594]))","(array([0.07932331]), array([0.137392]))","(array([0.08964591]), array([0.15527127]))","(array([0.09623965]), array([0.16669197]))","(array([0.09792039]), array([0.1696031]))","(array([0.09660321]), array([0.16732167]))","(array([0.09482006]), array([0.16423317]))"
(0.4049210029624356+0j),[-9.71528065e-15],[1.],[0.82543888],[1.],"(array([0.17156283]), array([0.29715554]))","(array([0.07595316]), array([0.13155473]))","(array([0.07339009]), array([0.12711536]))","(array([0.07102101]), array([0.12301199]))","(array([0.06812316]), array([0.11799278]))","(array([0.06475886]), array([0.11216564]))","(array([0.06179871]), array([0.10703851]))","(array([0.05919125]), array([0.10252225]))","(array([0.06571233]), array([0.11381709]))","(array([0.07932151]), array([0.13738888]))","(array([0.08964779]), array([0.15527453]))","(array([0.09624498]), array([0.16670119]))","(array([0.09792779]), array([0.16961591]))","(array([0.09661144]), array([0.16733592]))","(array([0.09482881]), array([0.16424832]))","(array([0.09292459]), array([0.16095011]))"
(0.37435648854963804+0j),[-8.39557328e-15],[1.],[0.79104591],[1.],"(array([0.16610846]), array([0.2877083]))","(array([0.07338827]), array([0.12711221]))","(array([0.07101796]), array([0.12300671]))","(array([0.06811912]), array([0.11798578]))","(array([0.06475404]), array([0.11215729]))","(array([0.06179336]), array([0.10702924]))","(array([0.05918557]), array([0.10251242]))","(array([0.06570774]), array([0.11380915]))","(array([0.07931969]), array([0.13738574]))","(array([0.08964921]), array([0.15527699]))","(array([0.09624944]), array([0.16670893]))","(array([0.09793419]), array([0.16962699]))","(array([0.09661862]), array([0.16734836]))","(array([0.09483652]), array([0.16426167]))","(array([0.09293256]), array([0.16096391]))","(array([0.09015655]), array([0.15615572]))"
(0.34662759308568064+0j),[-7.02777078e-15],[1.],[0.76051446],[1.],"(array([0.16012976]), array([0.27735288]))","(array([0.07101598]), array([0.12300329]))","(array([0.06811622]), array([0.11798076]))","(array([0.0647504]), array([0.11215098]))","(array([0.0617892]), array([0.10702203]))","(array([0.05918107]), array([0.10250463]))","(array([0.06570401]), array([0.11380269]))","(array([0.07931809]), array([0.13738296]))","(array([0.0896502]), array([0.1552787]))","(array([0.0962529]), array([0.16671492]))","(array([0.09793929]), array([0.16963583]))","(array([0.09662442]), array([0.1673584]))","(array([0.09484279]), array([0.16427252]))","(array([0.09293914]), array([0.16097531]))","(array([0.090163]), array([0.1561669]))","(array([0.08674316]), array([0.15024356]))"
(0.3214925120491078+0j),[-9.92392409e-15],[1.],[0.73355499],[1.],"(array([0.15471249]), array([0.26796989]))","(array([0.06811443]), array([0.11797766]))","(array([0.06474797]), array([0.11214677]))","(array([0.06178631]), array([0.10701703]))","(array([0.05917786]), array([0.10249906]))","(array([0.06570126]), array([0.11379792]))","(array([0.07931681]), array([0.13738075]))","(array([0.08965081]), array([0.15527976]))","(array([0.09625536]), array([0.16671917]))","(array([0.09794303]), array([0.16964231]))","(array([0.09662873]), array([0.16736587]))","(array([0.09484748]), array([0.16428065]))","(array([0.09294415]), array([0.16098399]))","(array([0.09016799]), array([0.15617555]))","(array([0.08674787]), array([0.15025173]))","(array([0.08369825]), array([0.14496962]))"
(0.2989498385066961+0j),[-7.54279476e-15],[1.],[0.71006942],[1.],"(array([0.14910326]), array([0.25825442]))","(array([0.06474667]), array([0.11214452]))","(array([0.06178461]), array([0.10701409]))","(array([0.05917588]), array([0.10249562]))","(array([0.06569948]), array([0.11379483]))","(array([0.07931591]), array([0.13737918]))","(array([0.08965113]), array([0.15528031]))","(array([0.09625692]), array([0.16672187]))","(array([0.0979455]), array([0.16964658]))","(array([0.09663163]), array([0.1673709]))","(array([0.0948507]), array([0.16428623]))","(array([0.09294764]), array([0.16099003]))","(array([0.09017154]), array([0.15618168]))","(array([0.08675126]), array([0.15025759]))","(array([0.08370146]), array([0.14497518]))","(array([0.08099014]), array([0.14027903]))"
(0.32042107574236756+0j),[-5.06547008e-15],[1.],[0.73303771],[1.],"(array([0.14582548]), array([0.25257715]))","(array([0.06178398]), array([0.10701298]))","(array([0.05917499]), array([0.10249409]))","(array([0.06569859]), array([0.1137933]))","(array([0.0793154]), array([0.1373783]))","(array([0.08965125]), array([0.15528052]))","(array([0.09625775]), array([0.16672331]))","(array([0.0979469]), array([0.16964901]))","(array([0.09663333]), array([0.16737384]))","(array([0.09485263]), array([0.16428957]))","(array([0.09294979]), array([0.16099376]))","(array([0.09017377]), array([0.15618555]))","(array([0.08675344]), array([0.15026136]))","(array([0.08370354]), array([0.14497879]))","(array([0.08099213]), array([0.14028248]))","(array([0.08108055]), array([0.14043564]))"
(0.342001532699368+0j),[-3.41384799e-15],[1.],[0.74921607],[1.],"(array([0.14515644]), array([0.25141832]))","(array([0.05917494]), array([0.10249401]))","(array([0.06569847]), array([0.11379308]))","(array([0.07931534]), array([0.1373782]))","(array([0.08965137]), array([0.15528072]))","(array([0.0962582]), array([0.16672409]))","(array([0.09794758]), array([0.16965019]))","(array([0.09663416]), array([0.16737528]))","(array([0.0948536]), array([0.16429125]))","(array([0.0929509]), array([0.16099569]))","(array([0.09017495]), array([0.1561876]))","(array([0.08675461]), array([0.1502634]))","(array([0.08370471]), array([0.14498082]))","(array([0.08099328]), array([0.14028447]))","(array([0.08108172]), array([0.14043766]))","(array([0.08337388]), array([0.14440779]))"
(0.36312355334413154+0j),[-7.35314524e-15],[1.],[0.75870316],[1.],"(array([0.14408108]), array([0.24955576]))","(array([0.06569855]), array([0.11379323]))","(array([0.07931545]), array([0.13737838]))","(array([0.08965155]), array([0.15528104]))","(array([0.09625854]), array([0.16672468]))","(array([0.09794803]), array([0.16965097]))","(array([0.09663468]), array([0.16737617]))","(array([0.09485418]), array([0.16429226]))","(array([0.09295155]), array([0.16099681]))","(array([0.09017563]), array([0.15618877]))","(array([0.08675528]), array([0.15026455]))","(array([0.08370537]), array([0.14498195]))","(array([0.08099391]), array([0.14028556]))","(array([0.08108236]), array([0.14043877]))","(array([0.08337456]), array([0.14440898]))","(array([0.08490753]), array([0.14706416]))"
(0.38086733032740155+0j),[-5.18512072e-15],[1.],[0.7610632],[1.],"(array([0.15130823]), array([0.26207354]))","(array([0.07931574]), array([0.13737889]))","(array([0.08965191]), array([0.15528167]))","(array([0.09625896]), array([0.16672541]))","(array([0.09794848]), array([0.16965175]))","(array([0.09663514]), array([0.16737697]))","(array([0.09485466]), array([0.16429308]))","(array([0.09295204]), array([0.16099766]))","(array([0.09017611]), array([0.15618961]))","(array([0.08675575]), array([0.15026536]))","(array([0.08370582]), array([0.14498273]))","(array([0.08099434]), array([0.14028632]))","(array([0.0810828]), array([0.14043953]))","(array([0.08337502]), array([0.14440976]))","(array([0.08490803]), array([0.14706503]))","(array([0.08561278]), array([0.14828569]))"
(0.41647304888818526+0j),[-9.33452325e-15],[1.],[0.76698612],[1.],"(array([0.16547524]), array([0.28661153]))","(array([0.0896523]), array([0.15528234]))","(array([0.09625938]), array([0.16672614]))","(array([0.09794888]), array([0.16965244]))","(array([0.09663553]), array([0.16737764]))","(array([0.09485503]), array([0.16429373]))","(array([0.09295239]), array([0.16099826]))","(array([0.09017643]), array([0.15619017]))","(array([0.08675604]), array([0.15026588]))","(array([0.08370609]), array([0.14498321]))","(array([0.08099461]), array([0.14028678]))","(array([0.08108305]), array([0.14043997]))","(array([0.08337526]), array([0.14441018]))","(array([0.08490826]), array([0.14706542]))","(array([0.08561308]), array([0.1482862]))","(array([0.08616517]), array([0.14924246]))"
(0.444866893643557+0j),[-1.01943353e-14],[1.],[0.7596981],[1.],"(array([0.17570793]), array([0.30433506]))","(array([0.09625984]), array([0.16672694]))","(array([0.09794938]), array([0.16965331]))","(array([0.096636]), array([0.16737846]))","(array([0.09485545]), array([0.16429446]))","(array([0.09295276]), array([0.1609989]))","(array([0.09017674]), array([0.1561907]))","(array([0.0867563]), array([0.15026632]))","(array([0.08370631]), array([0.14498358]))","(array([0.08099479]), array([0.14028709]))","(array([0.08108321]), array([0.14044024]))","(array([0.08337541]), array([0.14441045]))","(array([0.0849084]), array([0.14706566]))","(array([0.08561315]), array([0.14828632]))","(array([0.08616534]), array([0.14924275]))","(array([0.08606395]), array([0.14906713]))"
(0.46640449560620595+0j),[-4.79222577e-15],[1.],[0.74379969],[1.],"(array([0.18098108]), array([0.31346843]))","(array([0.09794979]), array([0.16965401]))","(array([0.09663646]), array([0.16737926]))","(array([0.09485595]), array([0.16429532]))","(array([0.0929532]), array([0.16099966]))","(array([0.09017707]), array([0.15619126]))","(array([0.08675655]), array([0.15026675]))","(array([0.0837065]), array([0.1449839]))","(array([0.08099493]), array([0.14028733]))","(array([0.08108328]), array([0.14044036]))","(array([0.08337543]), array([0.14441049]))","(array([0.08490846]), array([0.14706576]))","(array([0.08561318]), array([0.14828638]))","(array([0.08616526]), array([0.14924261]))","(array([0.08606403]), array([0.14906727]))","(array([0.08473246]), array([0.14676092]))"
(0.4829202287508891+0j),[-1.77923704e-14],[1.],[0.72248399],[1.],"(array([0.18055669]), array([0.31273336]))","(array([0.09663685]), array([0.16737993]))","(array([0.09485636]), array([0.16429603]))","(array([0.09295359]), array([0.16100035]))","(array([0.0901774]), array([0.15619183]))","(array([0.08675683]), array([0.15026725]))","(array([0.08370676]), array([0.14498435]))","(array([0.08099517]), array([0.14028774]))","(array([0.08108347]), array([0.14044069]))","(array([0.0833756]), array([0.14441078]))","(array([0.08490864]), array([0.14706608]))","(array([0.08561337]), array([0.14828671]))","(array([0.08616534]), array([0.14924275]))","(array([0.08606401]), array([0.14906725]))","(array([0.08473253]), array([0.14676104]))","(array([0.08261784]), array([0.14309829]))"
(0.41431255910364095+0j),[-1.70536922e-14],[1.],[0.6888847],[1.],"(array([0.17626232]), array([0.30529529]))","(array([0.0948567]), array([0.16429663]))","(array([0.0929539]), array([0.16100088]))","(array([0.0901777]), array([0.15619237]))","(array([0.08675714]), array([0.15026778]))","(array([0.08370707]), array([0.14498489]))","(array([0.08099547]), array([0.14028827]))","(array([0.08108375]), array([0.14044118]))","(array([0.08337588]), array([0.14441126]))","(array([0.08490892]), array([0.14706656]))","(array([0.08561365]), array([0.14828719]))","(array([0.08616558]), array([0.14924316]))","(array([0.08606416]), array([0.1490675]))","(array([0.0847326]), array([0.14676117]))","(array([0.08261794]), array([0.14309847]))","(array([0.079628]), array([0.13791975]))"
(0.3528704131069537+0j),[-1.67371409e-14],[1.],[0.65194349],[1.],"(array([0.17049792]), array([0.29531106]))","(array([0.09295409]), array([0.1610012]))","(array([0.09017789]), array([0.15619268]))","(array([0.08675733]), array([0.1502681]))","(array([0.08370724]), array([0.1449852]))","(array([0.08099564]), array([0.14028856]))","(array([0.0810839]), array([0.14044144]))","(array([0.083376]), array([0.14441148]))","(array([0.08490903]), array([0.14706676]))","(array([0.08561376]), array([0.14828738]))","(array([0.08616569]), array([0.14924336]))","(array([0.08606429]), array([0.14906772]))","(array([0.08473274]), array([0.14676141]))","(array([0.08261806]), array([0.14309868]))","(array([0.07962812]), array([0.13791995]))","(array([0.07564361]), array([0.13101858]))"
(0.2981725428468378+0j),[-1.80056359e-14],[1.],[0.61231503],[1.],"(array([0.16427122]), array([0.28452609]))","(array([0.09017823]), array([0.15619328]))","(array([0.08675766]), array([0.15026868]))","(array([0.08370757]), array([0.14498576]))","(array([0.08099595]), array([0.1402891]))","(array([0.08108423]), array([0.14044201]))","(array([0.08337638]), array([0.14441212]))","(array([0.08490939]), array([0.14706738]))","(array([0.08561409]), array([0.14828796]))","(array([0.086166]), array([0.14924388]))","(array([0.08606461]), array([0.14906827]))","(array([0.08473307]), array([0.14676199]))","(array([0.08261832]), array([0.14309913]))","(array([0.0796283]), array([0.13792026]))","(array([0.07564376]), array([0.13101884]))","(array([0.07131886]), array([0.12352788]))"
(0.2504179949321729+0j),[-1.70624275e-14],[1.],[0.57100615],[1.],"(array([0.15691912]), array([0.27179189]))","(array([0.08675819]), array([0.15026959]))","(array([0.08370807]), array([0.14498663]))","(array([0.08099642]), array([0.14028992]))","(array([0.08108468]), array([0.14044279]))","(array([0.08337681]), array([0.14441288]))","(array([0.08490981]), array([0.1470681]))","(array([0.08561447]), array([0.1482886]))","(array([0.08616631]), array([0.14924443]))","(array([0.08606485]), array([0.14906869]))","(array([0.08473323]), array([0.14676226]))","(array([0.08261841]), array([0.14309929]))","(array([0.07962836]), array([0.13792036]))","(array([0.07564381]), array([0.13101893]))","(array([0.07131889]), array([0.12352795]))","(array([0.06674077]), array([0.1155984]))"
(0.20926923333510758+0j),[-1.62944007e-14],[1.],[0.52858924],[1.],"(array([0.14875624]), array([0.25765337]))","(array([0.08370965]), array([0.14498937]))","(array([0.08099792]), array([0.14029251]))","(array([0.08108611]), array([0.14044527]))","(array([0.08337818]), array([0.14441525]))","(array([0.08491108]), array([0.1470703]))","(array([0.0856156]), array([0.14829057]))","(array([0.08616726]), array([0.14924608]))","(array([0.08606554]), array([0.14906989]))","(array([0.08473366]), array([0.146763]))","(array([0.0826186]), array([0.14309961]))","(array([0.07962842]), array([0.13792046]))","(array([0.07564385]), array([0.13101898]))","(array([0.0713189]), array([0.12352795]))","(array([0.06674074]), array([0.11559835]))","(array([0.06199676]), array([0.10738154]))"
(0.17415995033042797+0j),[-1.70952719e-14],[1.],[0.48608903],[1.],"(array([0.14088783]), array([0.24402488]))","(array([0.08100138]), array([0.14029851]))","(array([0.08108944]), array([0.14045103]))","(array([0.08338139]), array([0.1444208]))","(array([0.08491408]), array([0.1470755]))","(array([0.08561831]), array([0.14829526]))","(array([0.08616956]), array([0.14925005]))","(array([0.08606725]), array([0.14907284]))","(array([0.08473473]), array([0.14676487]))","(array([0.08261909]), array([0.14310047]))","(array([0.07962861]), array([0.13792081]))","(array([0.07564397]), array([0.1310192]))","(array([0.07131895]), array([0.12352804]))","(array([0.06674071]), array([0.1155983]))","(array([0.06199666]), array([0.10738136]))","(array([0.05717485]), array([0.09902975]))"
(0.14431863204955522+0j),[-1.72230119e-14],[1.],[0.44396396],[1.],"(array([0.13337992]), array([0.23102081]))","(array([0.08109484]), array([0.14046038]))","(array([0.08338663]), array([0.14442988]))","(array([0.08491904]), array([0.14708408]))","(array([0.08562286]), array([0.14830315]))","(array([0.08617343]), array([0.14925676]))","(array([0.08607018]), array([0.14907792]))","(array([0.08473665]), array([0.14676818]))","(array([0.08262006]), array([0.14310215]))","(array([0.0796291]), array([0.13792165]))","(array([0.07564434]), array([0.13101984]))","(array([0.07131918]), array([0.12352845]))","(array([0.0667408]), array([0.11559846]))","(array([0.06199661]), array([0.10738128]))","(array([0.05717467]), array([0.09902944]))","(array([0.05237325]), array([0.09071314]))"
(0.11832612685993787+0j),[-1.54850056e-14],[1.],[0.40147451],[1.],"(array([0.12868574]), array([0.22289025]))","(array([0.08339331]), array([0.14444146]))","(array([0.08492537]), array([0.14709505]))","(array([0.08562865]), array([0.14831318]))","(array([0.08617836]), array([0.14926529]))","(array([0.08607391]), array([0.14908439]))","(array([0.08473909]), array([0.14677241]))","(array([0.08262131]), array([0.14310431]))","(array([0.07962973]), array([0.13792274]))","(array([0.07564482]), array([0.13102068]))","(array([0.0713195]), array([0.123529]))","(array([0.06674094]), array([0.1155987]))","(array([0.06199656]), array([0.10738119]))","(array([0.05717444]), array([0.09902904]))","(array([0.05237286]), array([0.09071245]))","(array([0.04758506]), array([0.08241974]))"
(0.10228529716182655+0j),[-1.5035856e-14],[1.],[0.38776205],[1.],"(array([0.12777712]), array([0.22131646]))","(array([0.08493323]), array([0.14710867]))","(array([0.08563586]), array([0.14832566]))","(array([0.08618455]), array([0.14927602]))","(array([0.08607871]), array([0.1490927]))","(array([0.08474232]), array([0.146778]))","(array([0.08262301]), array([0.14310726]))","(array([0.07963061]), array([0.13792426]))","(array([0.07564549]), array([0.13102184]))","(array([0.07131994]), array([0.12352977]))","(array([0.06674113]), array([0.11559904]))","(array([0.06199651]), array([0.1073811]))","(array([0.05717417]), array([0.09902856]))","(array([0.05237237]), array([0.0907116]))","(array([0.04758435]), array([0.08241852]))","(array([0.04437653]), array([0.07686241]))"
(0.0877127759794023+0j),[-1.34495456e-14],[1.],[0.3737962],[1.],"(array([0.12774804]), array([0.2212661]))","(array([0.08564424]), array([0.14834018]))","(array([0.08619184]), array([0.14928864]))","(array([0.08608444]), array([0.14910263]))","(array([0.08474628]), array([0.14678487]))","(array([0.08262523]), array([0.14311109]))","(array([0.07963187]), array([0.13792644]))","(array([0.07564649]), array([0.13102357]))","(array([0.07132066]), array([0.123531]))","(array([0.06674155]), array([0.11559975]))","(array([0.06199663]), array([0.10738131]))","(array([0.05717401]), array([0.09902829]))","(array([0.05237196]), array([0.09071089]))","(array([0.04758369]), array([0.08241736]))","(array([0.04437558]), array([0.07686076]))","(array([0.0428065]), array([0.07414303]))"
(0.07470484542646519+0j),[-1.33950587e-14],[1.],[0.3599396],[1.],"(array([0.12690003]), array([0.21979729]))","(array([0.08619906]), array([0.14930115]))","(array([0.08609022]), array([0.14911263]))","(array([0.08475036]), array([0.14679193]))","(array([0.08262759]), array([0.14311519]))","(array([0.07963331]), array([0.13792894]))","(array([0.07564768]), array([0.13102562]))","(array([0.07132156]), array([0.12353256]))","(array([0.06674214]), array([0.11560078]))","(array([0.06199692]), array([0.10738182]))","(array([0.05717403]), array([0.09902832]))","(array([0.05237171]), array([0.09071047]))","(array([0.04758319]), array([0.08241651]))","(array([0.0443748]), array([0.07685941]))","(array([0.04280541]), array([0.07414115]))","(array([0.04124807]), array([0.07144376]))"
(0.06310967045373962+0j),[-1.59338569e-14],[1.],[0.34615001],[1.],"(array([0.12591199]), array([0.21808597]))","(array([0.08609533]), array([0.14912149]))","(array([0.084754]), array([0.14679823]))","(array([0.08262973]), array([0.14311889]))","(array([0.07963463]), array([0.13793123]))","(array([0.07564877]), array([0.13102751]))","(array([0.07132239]), array([0.123534]))","(array([0.0667427]), array([0.11560175]))","(array([0.06199721]), array([0.10738232]))","(array([0.05717407]), array([0.0990284]))","(array([0.05237153]), array([0.09071015]))","(array([0.04758279]), array([0.08241581]))","(array([0.04437414]), array([0.07685827]))","(array([0.04280449]), array([0.07413955]))","(array([0.0412469]), array([0.07144173]))","(array([0.03970702]), array([0.06877458]))"
(0.0870709569263942+0j),[-1.41044142e-14],[1.],[0.47627879],[1.],"(array([0.13242686]), array([0.22937005]))","(array([0.08475726]), array([0.14680388]))","(array([0.08263168]), array([0.14312227]))","(array([0.07963586]), array([0.13793335]))","(array([0.07564978]), array([0.13102927]))","(array([0.07132317]), array([0.12353536]))","(array([0.06674324]), array([0.11560268]))","(array([0.06199752]), array([0.10738285]))","(array([0.05717415]), array([0.09902854]))","(array([0.05237141]), array([0.09070994]))","(array([0.04758247]), array([0.08241526]))","(array([0.0443736]), array([0.07685733]))","(array([0.04280371]), array([0.0741382]))","(array([0.0412459]), array([0.07144]))","(array([0.03970582]), array([0.0687725]))","(array([0.04632772]), array([0.08024196]))"
(0.11973608658087644+0j),[-1.1593431e-14],[1.],[0.59041092],[1.],"(array([0.14487537]), array([0.2509315]))","(array([0.08263349]), array([0.1431254]))","(array([0.07963703]), array([0.13793538]))","(array([0.07565076]), array([0.13103096]))","(array([0.07132394]), array([0.12353668]))","(array([0.06674378]), array([0.11560362]))","(array([0.06199784]), array([0.10738341]))","(array([0.05717428]), array([0.09902875]))","(array([0.05237135]), array([0.09070983]))","(array([0.04758223]), array([0.08241484]))","(array([0.04437317]), array([0.07685658]))","(array([0.04280307]), array([0.0741371]))","(array([0.04124507]), array([0.07143856]))","(array([0.03970483]), array([0.06877078]))","(array([0.04632666]), array([0.08024013]))","(array([0.06011627]), array([0.10412444]))"
(0.15912073188845455+0j),[-1.51673817e-14],[1.],[0.68630074],[1.],"(array([0.15460773]), array([0.26778844]))","(array([0.07963827]), array([0.13793752]))","(array([0.07565181]), array([0.13103277]))","(array([0.07132479]), array([0.12353817]))","(array([0.06674444]), array([0.11560476]))","(array([0.06199831]), array([0.10738422]))","(array([0.05717456]), array([0.09902925]))","(array([0.05237146]), array([0.09071002]))","(array([0.04758217]), array([0.08241474]))","(array([0.04437292]), array([0.07685615]))","(array([0.04280263]), array([0.07413633]))","(array([0.04124445]), array([0.07143749]))","(array([0.03970405]), array([0.06876943]))","(array([0.0463258]), array([0.08023865]))","(array([0.06011548]), array([0.10412307]))","(array([0.07197396]), array([0.12466256]))"
(0.20371761872989708+0j),[-1.96699658e-14],[1.],[0.76320895],[1.],"(array([0.16136791]), array([0.27949741]))","(array([0.07565298]), array([0.1310348]))","(array([0.07132577]), array([0.12353986]))","(array([0.06674523]), array([0.11560613]))","(array([0.06199892]), array([0.10738527]))","(array([0.057175]), array([0.09903001]))","(array([0.05237173]), array([0.0907105]))","(array([0.04758229]), array([0.08241494]))","(array([0.04437286]), array([0.07685604]))","(array([0.04280238]), array([0.0741359]))","(array([0.04124403]), array([0.07143675]))","(array([0.03970347]), array([0.06876842]))","(array([0.04632511]), array([0.08023745]))","(array([0.0601148]), array([0.10412189]))","(array([0.07197339]), array([0.12466157]))","(array([0.08172941]), array([0.14155949]))"
(0.1877497623651353+0j),[-1.92639773e-14],[1.],[0.73228104],[1.],"(array([0.15985759]), array([0.27688147]))","(array([0.07132687]), array([0.12354176]))","(array([0.06674615]), array([0.11560772]))","(array([0.06199966]), array([0.10738657]))","(array([0.05717559]), array([0.09903102]))","(array([0.05237216]), array([0.09071125]))","(array([0.04758257]), array([0.08241542]))","(array([0.04437296]), array([0.07685623]))","(array([0.04280232]), array([0.07413579]))","(array([0.0412438]), array([0.07143636]))","(array([0.03970309]), array([0.06876778]))","(array([0.04632463]), array([0.08023662]))","(array([0.0601143]), array([0.10412103]))","(array([0.07197295]), array([0.12466081]))","(array([0.08172908]), array([0.14155892]))","(array([0.08420347]), array([0.14584468]))"
(0.17475291608658403+0j),[-1.71483939e-14],[1.],[0.70463238],[1.],"(array([0.1522336]), array([0.26367632]))","(array([0.06674718]), array([0.1156095]))","(array([0.06200051]), array([0.10738804]))","(array([0.05717627]), array([0.0990322]))","(array([0.05237269]), array([0.09071216]))","(array([0.04758294]), array([0.08241606]))","(array([0.04437316]), array([0.07685657]))","(array([0.04280234]), array([0.07413582]))","(array([0.04124365]), array([0.0714361]))","(array([0.03970279]), array([0.06876725]))","(array([0.04632421]), array([0.08023588]))","(array([0.06011384]), array([0.10412022]))","(array([0.07197252]), array([0.12466007]))","(array([0.08172876]), array([0.14155836]))","(array([0.08420321]), array([0.14584423]))","(array([0.08090562]), array([0.14013265]))"
(0.16412045835611203+0j),[-1.45496279e-14],[1.],[0.68014192],[1.],"(array([0.14469503]), array([0.25061914]))","(array([0.06200193]), array([0.10739049]))","(array([0.05717745]), array([0.09903425]))","(array([0.05237365]), array([0.09071383]))","(array([0.04758369]), array([0.08241738]))","(array([0.0443737]), array([0.0768575]))","(array([0.04280264]), array([0.07413634]))","(array([0.04124373]), array([0.07143624]))","(array([0.03970266]), array([0.06876703]))","(array([0.0463239]), array([0.08023534]))","(array([0.06011341]), array([0.10411948]))","(array([0.07197207]), array([0.12465928]))","(array([0.08172838]), array([0.1415577]))","(array([0.08420288]), array([0.14584367]))","(array([0.08090529]), array([0.14013207]))","(array([0.07794632]), array([0.13500699]))"
(0.15538223808346693+0j),[-1.22906537e-14],[1.],[0.65870211],[1.],"(array([0.13732406]), array([0.23785226]))","(array([0.05717968]), array([0.09903811]))","(array([0.05237559]), array([0.09071718]))","(array([0.04758535]), array([0.08242024]))","(array([0.04437505]), array([0.07685984]))","(array([0.04280367]), array([0.07413813]))","(array([0.04124445]), array([0.07143749]))","(array([0.03970308]), array([0.06876775]))","(array([0.046324]), array([0.08023552]))","(array([0.06011324]), array([0.10411918]))","(array([0.07197174]), array([0.12465871]))","(array([0.08172801]), array([0.14155706]))","(array([0.0842025]), array([0.145843]))","(array([0.08090485]), array([0.14013132]))","(array([0.07794587]), array([0.1350062]))","(array([0.07531969]), array([0.13045753]))"
(0.20358692894692992+0j),[-8.34254794e-15],[1.],[0.74170707],[1.],"(array([0.13606]), array([0.23566284]))","(array([0.05237873]), array([0.09072263]))","(array([0.04758814]), array([0.08242507]))","(array([0.04437746]), array([0.07686401]))","(array([0.04280567]), array([0.0741416]))","(array([0.04124606]), array([0.07144027]))","(array([0.03970428]), array([0.06876983]))","(array([0.04632475]), array([0.08023682]))","(array([0.06011353]), array([0.10411968]))","(array([0.07197167]), array([0.12465859]))","(array([0.08172774]), array([0.1415566]))","(array([0.08420212]), array([0.14584235]))","(array([0.08090437]), array([0.14013048]))","(array([0.07794531]), array([0.13500524]))","(array([0.07531909]), array([0.13045649]))","(array([0.07887805]), array([0.13662078]))"
(0.25428148389233907+0j),[-1.05921615e-14],[1.],[0.80370331],[1.],"(array([0.13937357]), array([0.24140211]))","(array([0.04759212]), array([0.08243197]))","(array([0.04438102]), array([0.07687018]))","(array([0.04280878]), array([0.07414698]))","(array([0.0412487]), array([0.07144485]))","(array([0.03970647]), array([0.06877362]))","(array([0.04632639]), array([0.08023966]))","(array([0.06011454]), array([0.10412143]))","(array([0.07197212]), array([0.12465937]))","(array([0.08172781]), array([0.14155672]))","(array([0.08420198]), array([0.1458421]))","(array([0.08090406]), array([0.14012995]))","(array([0.07794488]), array([0.13500449]))","(array([0.07531855]), array([0.13045556]))","(array([0.07887752]), array([0.13661988]))","(array([0.08699209]), array([0.15067472]))"
(0.3053904864670108+0j),[-1.62113745e-14],[1.],[0.84492609],[1.],"(array([0.14038575]), array([0.24315526]))","(array([0.04438492]), array([0.07687693]))","(array([0.04281227]), array([0.07415302]))","(array([0.04125177]), array([0.07145016]))","(array([0.0397091]), array([0.06877818]))","(array([0.04632848]), array([0.08024328]))","(array([0.06011597]), array([0.10412392]))","(array([0.0719729]), array([0.12466073]))","(array([0.08172806]), array([0.14155716]))","(array([0.08420191]), array([0.14584199]))","(array([0.08090382]), array([0.14012952]))","(array([0.07794449]), array([0.13500381]))","(array([0.07531806]), array([0.13045471]))","(array([0.07887703]), array([0.13661903]))","(array([0.08699177]), array([0.15067417]))","(array([0.09279106]), array([0.16071883]))"
(0.35474800958655966+0j),[-2.47581015e-14],[1.],[0.8660361],[1.],"(array([0.14069857]), array([0.24369707]))","(array([0.04281566]), array([0.07415891]))","(array([0.04125478]), array([0.07145537]))","(array([0.0397117]), array([0.06878269]))","(array([0.04633058]), array([0.08024692]))","(array([0.06011746]), array([0.10412649]))","(array([0.07197378]), array([0.12466224]))","(array([0.0817284]), array([0.14155773]))","(array([0.0842019]), array([0.14584197]))","(array([0.0809036]), array([0.14012915]))","(array([0.07794412]), array([0.13500318]))","(array([0.07531758]), array([0.13045388]))","(array([0.07887655]), array([0.1366182]))","(array([0.08699146]), array([0.15067362]))","(array([0.09279103]), array([0.16071878]))","(array([0.09631188]), array([0.16681707]))"
(0.3970818641606008+0j),[-2.15433082e-14],[1.],[0.86732574],[1.],"(array([0.140379]), array([0.24314356]))","(array([0.04125769]), array([0.07146041]))","(array([0.03971424]), array([0.06878708]))","(array([0.04633266]), array([0.08025053]))","(array([0.060119]), array([0.10412916]))","(array([0.07197475]), array([0.12466392]))","(array([0.08172885]), array([0.14155851]))","(array([0.08420202]), array([0.14584219]))","(array([0.08090354]), array([0.14012904]))","(array([0.07794392]), array([0.13500283]))","(array([0.07531727]), array([0.13045334]))","(array([0.07887622]), array([0.13661762]))","(array([0.08699122]), array([0.15067322]))","(array([0.09279099]), array([0.16071871]))","(array([0.09631214]), array([0.16681751]))","(array([0.09756199]), array([0.16898232]))"
(0.4348802916456233+0j),[-1.68532921e-14],[1.],[0.85442218],[1.],"(array([0.13818537]), array([0.23934409]))","(array([0.03971661]), array([0.06879118]))","(array([0.04633466]), array([0.08025398]))","(array([0.06012057]), array([0.10413187]))","(array([0.07197586]), array([0.12466585]))","(array([0.08172955]), array([0.14155974]))","(array([0.08420249]), array([0.14584299]))","(array([0.08090384]), array([0.14012957]))","(array([0.07794411]), array([0.13500315]))","(array([0.07531736]), array([0.1304535]))","(array([0.07887626]), array([0.13661768]))","(array([0.08699127]), array([0.15067329]))","(array([0.09279109]), array([0.16071889]))","(array([0.09631239]), array([0.16681796]))","(array([0.09756246]), array([0.16898314]))","(array([0.09692672]), array([0.167882]))"
(0.46747078794001806+0j),[-1.8937165e-14],[1.],[0.82969995],[1.],"(array([0.13454193]), array([0.23303346]))","(array([0.04633646]), array([0.0802571]))","(array([0.06012202]), array([0.10413439]))","(array([0.07197695]), array([0.12466774]))","(array([0.08173031]), array([0.14156105]))","(array([0.08420303]), array([0.14584393]))","(array([0.08090427]), array([0.1401303]))","(array([0.07794445]), array([0.13500374]))","(array([0.07531762]), array([0.13045394]))","(array([0.07887646]), array([0.13661803]))","(array([0.08699147]), array([0.15067364]))","(array([0.09279131]), array([0.16071926]))","(array([0.09631266]), array([0.16681842]))","(array([0.09756282]), array([0.16898377]))","(array([0.09692717]), array([0.16788278]))","(array([0.09482473]), array([0.16424125]))"
(0.49263463976813443+0j),[-2.09054266e-14],[1.],[0.79558081],[1.],"(array([0.1378402]), array([0.23874623]))","(array([0.06012344]), array([0.10413686]))","(array([0.07197807]), array([0.12466968]))","(array([0.0817311]), array([0.14156243]))","(array([0.08420359]), array([0.14584489]))","(array([0.0809047]), array([0.14013105]))","(array([0.07794477]), array([0.1350043]))","(array([0.07531784]), array([0.13045432]))","(array([0.07887659]), array([0.13661826]))","(array([0.08699154]), array([0.15067377]))","(array([0.09279134]), array([0.16071931]))","(array([0.0963127]), array([0.16681849]))","(array([0.09756294]), array([0.16898397]))","(array([0.0969274]), array([0.16788317]))","(array([0.09482506]), array([0.16424182]))","(array([0.09150469]), array([0.15849077]))"
(0.4938788296992571+0j),[-2.61430594e-14],[1.],[0.75779223],[1.],"(array([0.14752793]), array([0.25552587]))","(array([0.0719791]), array([0.12467146]))","(array([0.08173188]), array([0.14156376]))","(array([0.08420417]), array([0.14584591]))","(array([0.08090517]), array([0.14013186]))","(array([0.07794514]), array([0.13500495]))","(array([0.07531812]), array([0.1304548]))","(array([0.07887679]), array([0.1366186]))","(array([0.0869917]), array([0.15067404]))","(array([0.09279146]), array([0.16071953]))","(array([0.09631281]), array([0.16681868]))","(array([0.09756305]), array([0.16898417]))","(array([0.09692753]), array([0.16788341]))","(array([0.09482523]), array([0.16424212]))","(array([0.0915049]), array([0.15849113]))","(array([0.08740626]), array([0.15139208]))"
(0.48933720701729355+0j),[-2.21711708e-14],[1.],[0.72234236],[1.],"(array([0.15525261]), array([0.26890541]))","(array([0.08173274]), array([0.14156525]))","(array([0.08420489]), array([0.14584715]))","(array([0.08090581]), array([0.14013297]))","(array([0.07794571]), array([0.13500594]))","(array([0.07531862]), array([0.13045568]))","(array([0.07887724]), array([0.13661939]))","(array([0.08699211]), array([0.15067476]))","(array([0.09279182]), array([0.16072015]))","(array([0.09631313]), array([0.16681924]))","(array([0.09756334]), array([0.16898466]))","(array([0.09692778]), array([0.16788384]))","(array([0.09482544]), array([0.16424248]))","(array([0.09150505]), array([0.1584914]))","(array([0.08740638]), array([0.15139229]))","(array([0.08327639]), array([0.14423893]))"
(0.4800663976610761+0j),[-1.78430304e-14],[1.],[0.69066861],[1.],"(array([0.16120407]), array([0.27921365]))","(array([0.08420578]), array([0.1458487]))","(array([0.08090663]), array([0.14013439]))","(array([0.07794645]), array([0.13500722]))","(array([0.07531927]), array([0.13045681]))","(array([0.07887775]), array([0.13662026]))","(array([0.08699243]), array([0.15067531]))","(array([0.09279198]), array([0.16072042]))","(array([0.09631315]), array([0.16681927]))","(array([0.09756327]), array([0.16898454]))","(array([0.09692765]), array([0.16788361]))","(array([0.09482527]), array([0.16424219]))","(array([0.09150487]), array([0.15849108]))","(array([0.08740618]), array([0.15139194]))","(array([0.08327617]), array([0.14423855]))","(array([0.07947539]), array([0.13765541]))"
(0.46897242605638484+0j),[-2.34914224e-14],[1.],[0.66395853],[1.],"(array([0.1603561]), array([0.27774491]))","(array([0.08090763]), array([0.14013612]))","(array([0.07794746]), array([0.13500896]))","(array([0.07532024]), array([0.13045849]))","(array([0.07887856]), array([0.13662167]))","(array([0.08699294]), array([0.15067619]))","(array([0.09279213]), array([0.16072069]))","(array([0.09631297]), array([0.16681897]))","(array([0.0975628]), array([0.16898373]))","(array([0.09692692]), array([0.16788234]))","(array([0.09482435]), array([0.16424059]))","(array([0.09150385]), array([0.15848932]))","(array([0.08740515]), array([0.15139016]))","(array([0.08327511]), array([0.14423673]))","(array([0.07947433]), array([0.13765358]))","(array([0.07615283]), array([0.13190057]))"
(0.4279486650750675+0j),[-1.86927411e-14],[1.],[0.63604167],[1.],"(array([0.15399359]), array([0.26672472]))","(array([0.07794879]), array([0.13501127]))","(array([0.07532168]), array([0.13046098]))","(array([0.07887991]), array([0.13662401]))","(array([0.08699398]), array([0.150678]))","(array([0.09279273]), array([0.16072173]))","(array([0.09631307]), array([0.16681913]))","(array([0.09756228]), array([0.16898283]))","(array([0.09692582]), array([0.16788045]))","(array([0.09482278]), array([0.16423787]))","(array([0.09150198]), array([0.15848609]))","(array([0.08740317]), array([0.15138673]))","(array([0.08327304]), array([0.14423314]))","(array([0.07947215]), array([0.1376498]))","(array([0.07615065]), array([0.13189679]))","(array([0.07308644]), array([0.12658943]))"
(0.39128279877732663+0j),[-1.60248953e-14],[1.],[0.61245852],[1.],"(array([0.14807843]), array([0.25647937]))","(array([0.07532337]), array([0.1304639]))","(array([0.07888174]), array([0.13662718]))","(array([0.08699562]), array([0.15068084]))","(array([0.0927939]), array([0.16072374]))","(array([0.09631348]), array([0.16681985]))","(array([0.09756176]), array([0.16898192]))","(array([0.09692433]), array([0.16787787]))","(array([0.09482041]), array([0.16423377]))","(array([0.09149902]), array([0.15848095]))","(array([0.08739988]), array([0.15138104]))","(array([0.08326955]), array([0.14422709]))","(array([0.07946845]), array([0.13764339]))","(array([0.07614683]), array([0.13189017]))","(array([0.07308275]), array([0.12658303]))","(array([0.07012968]), array([0.12146816]))"
(0.35850903025934394+0j),[-1.65965807e-14],[1.],[0.59278155],[1.],"(array([0.14296611]), array([0.24762457]))","(array([0.07888393]), array([0.13663098]))","(array([0.08699785]), array([0.1506847]))","(array([0.09279569]), array([0.16072686]))","(array([0.09631441]), array([0.16682144]))","(array([0.0975615]), array([0.16898147]))","(array([0.09692274]), array([0.16787511]))","(array([0.09481756]), array([0.16422883]))","(array([0.09149522]), array([0.15847437]))","(array([0.08739553]), array([0.1513735]))","(array([0.08326482]), array([0.14421891]))","(array([0.07946338]), array([0.13763461]))","(array([0.07614153]), array([0.13188099]))","(array([0.07307754]), array([0.12657401]))","(array([0.07012475]), array([0.12145964]))","(array([0.0676421]), array([0.11715955]))"
(0.3275219699987579+0j),[-1.25313417e-14],[1.],[0.57581951],[1.],"(array([0.14443574]), array([0.25017003]))","(array([0.08700056]), array([0.15068939]))","(array([0.09279811]), array([0.16073104]))","(array([0.09631596]), array([0.16682414]))","(array([0.09756174]), array([0.16898189]))","(array([0.0969214]), array([0.16787279]))","(array([0.09481468]), array([0.16422384]))","(array([0.09149115]), array([0.15846731]))","(array([0.08739069]), array([0.15136512]))","(array([0.08325946]), array([0.14420961]))","(array([0.07945752]), array([0.13762446]))","(array([0.07613526]), array([0.13187014]))","(array([0.07307129]), array([0.12656318]))","(array([0.07011882]), array([0.12144936]))","(array([0.06763649]), array([0.11714983]))","(array([0.06555199]), array([0.11353938]))"
(0.36264912963857276+0j),[-8.45694453e-15],[1.],[0.62805326],[1.],"(array([0.15459621]), array([0.2677685]))","(array([0.0928012]), array([0.1607364]))","(array([0.09631828]), array([0.16682815]))","(array([0.0975627]), array([0.16898354]))","(array([0.09692058]), array([0.16787136]))","(array([0.09481206]), array([0.1642193]))","(array([0.09148708]), array([0.15846027]))","(array([0.08738566]), array([0.1513564]))","(array([0.08325371]), array([0.14419966]))","(array([0.0794511]), array([0.13761335]))","(array([0.07612824]), array([0.13185797]))","(array([0.07306414]), array([0.1265508]))","(array([0.07011195]), array([0.12143747]))","(array([0.06762996]), array([0.11713853]))","(array([0.06554581]), array([0.11352867]))","(array([0.0675998]), array([0.11708628]))"
(0.39761093534063446+0j),[8.34328678e-18],[1.],[0.66130211],[1.],"(array([0.16516829]), array([0.28607986]))","(array([0.09632167]), array([0.16683402]))","(array([0.09756492]), array([0.1689874]))","(array([0.09692111]), array([0.16787229]))","(array([0.09481071]), array([0.16421697]))","(array([0.09148408]), array([0.15845508]))","(array([0.08738145]), array([0.15134911]))","(array([0.08324856]), array([0.14419073]))","(array([0.07944506]), array([0.13760288]))","(array([0.07612136]), array([0.13184606]))","(array([0.07305693]), array([0.12653831]))","(array([0.07010486]), array([0.12142518]))","(array([0.06762306]), array([0.11712658]))","(array([0.06553916]), array([0.11351716]))","(array([0.06759331]), array([0.11707505]))","(array([0.07237299]), array([0.12535369]))"
(0.43078545910209787+0j),[-2.43472979e-15],[1.],[0.67775677],[1.],"(array([0.17147878]), array([0.29700995]))","(array([0.09756821]), array([0.16899311]))","(array([0.09692283]), array([0.16787526]))","(array([0.09481067]), array([0.1642169]))","(array([0.09148237]), array([0.15845211]))","(array([0.08737834]), array([0.15134373]))","(array([0.08324433]), array([0.14418341]))","(array([0.07943981]), array([0.13759379]))","(array([0.07611521]), array([0.13183541]))","(array([0.07305039]), array([0.12652698]))","(array([0.07009833]), array([0.12141387]))","(array([0.0676166]), array([0.11711539]))","(array([0.06553284]), array([0.1135062]))","(array([0.06758693]), array([0.11706399]))","(array([0.07236674]), array([0.12534286]))","(array([0.07516608]), array([0.13019147]))"
(0.4611506345486323+0j),[7.16269296e-15],[1.],[0.67953927],[1.],"(array([0.17375685]), array([0.30095569]))","(array([0.09692567]), array([0.16788018]))","(array([0.09481186]), array([0.16421896]))","(array([0.091482]), array([0.15845147]))","(array([0.08737658]), array([0.15134067]))","(array([0.08324133]), array([0.14417822]))","(array([0.07943565]), array([0.13758658]))","(array([0.07611001]), array([0.13182641]))","(array([0.07304468]), array([0.1265171]))","(array([0.07009255]), array([0.12140386]))","(array([0.06761082]), array([0.11710537]))","(array([0.06552711]), array([0.11349629]))","(array([0.06758096]), array([0.11705366]))","(array([0.07236067]), array([0.12533237]))","(array([0.07516049]), array([0.13018178]))","(array([0.07620104]), array([0.13198407]))"
(0.47060220623919613+0j),[9.74595049e-16],[1.],[0.6693023],[1.],"(array([0.17258025]), array([0.29891777]))","(array([0.09481442]), array([0.16422339]))","(array([0.09148306]), array([0.15845331]))","(array([0.08737635]), array([0.15134028]))","(array([0.08323986]), array([0.14417566]))","(array([0.07943289]), array([0.13758181]))","(array([0.07610611]), array([0.13181965]))","(array([0.07304016]), array([0.12650926]))","(array([0.07008781]), array([0.12139565]))","(array([0.06760597]), array([0.11709697]))","(array([0.06552224]), array([0.11348785]))","(array([0.06757572]), array([0.11704459]))","(array([0.07235509]), array([0.1253227]))","(array([0.07515506]), array([0.13017238]))","(array([0.07619623]), array([0.13197574]))","(array([0.07566757]), array([0.13106008]))"
(0.47820215611471106+0j),[6.14547796e-15],[1.],[0.65706306],[1.],"(array([0.16921506]), array([0.29308908]))","(array([0.09148556]), array([0.15845764]))","(array([0.08737751]), array([0.15134228]))","(array([0.08323972]), array([0.14417543]))","(array([0.07943141]), array([0.13757925]))","(array([0.07610339]), array([0.13181493]))","(array([0.07303662]), array([0.12650314]))","(array([0.07008391]), array([0.12138889]))","(array([0.06760182]), array([0.11708979]))","(array([0.06551797]), array([0.11348045]))","(array([0.06757099]), array([0.11703639]))","(array([0.0723499]), array([0.1253137]))","(array([0.07514986]), array([0.13016338]))","(array([0.07619142]), array([0.13196741]))","(array([0.07566347]), array([0.13105297]))","(array([0.07441577]), array([0.1288919]))"
(0.4843111882181699+0j),[6.33779801e-15],[1.],[0.64304725],[1.],"(array([0.16440525]), array([0.28475824]))","(array([0.08738051]), array([0.15134749]))","(array([0.08324127]), array([0.14417812]))","(array([0.07943149]), array([0.13757938]))","(array([0.07610203]), array([0.13181259]))","(array([0.07303421]), array([0.12649897]))","(array([0.07008099]), array([0.12138383]))","(array([0.06759851]), array([0.11708406]))","(array([0.06551439]), array([0.11347426]))","(array([0.06756667]), array([0.1170289]))","(array([0.07234474]), array([0.12530477]))","(array([0.07514447]), array([0.13015404]))","(array([0.0761863]), array([0.13195854]))","(array([0.07565895]), array([0.13104514]))","(array([0.07441211]), array([0.12888555]))","(array([0.0729357]), array([0.12632834]))"
(0.4893411344246099+0j),[1.29113096e-15],[1.],[0.62716087],[1.],"(array([0.15860729]), array([0.27471588]))","(array([0.08324555]), array([0.14418552]))","(array([0.07943406]), array([0.13758383]))","(array([0.07610285]), array([0.13181401]))","(array([0.07303378]), array([0.12649822]))","(array([0.07007991]), array([0.12138196]))","(array([0.06759687]), array([0.11708122]))","(array([0.06551228]), array([0.1134706]))","(array([0.0675634]), array([0.11702325]))","(array([0.07234006]), array([0.12529666]))","(array([0.07513899]), array([0.13014454]))","(array([0.07618069]), array([0.13194883]))","(array([0.07565375]), array([0.13103614]))","(array([0.07440767]), array([0.12887787]))","(array([0.07293234]), array([0.12632251]))","(array([0.07124025]), array([0.12339173]))"
(0.46828526645024293+0j),[6.21323815e-15],[1.],[0.61092237],[1.],"(array([0.1526355]), array([0.26437244]))","(array([0.07943957]), array([0.13759337]))","(array([0.07610634]), array([0.13182005]))","(array([0.07303587]), array([0.12650184]))","(array([0.07008119]), array([0.12138419]))","(array([0.06759743]), array([0.11708219]))","(array([0.06551217]), array([0.11347042]))","(array([0.06756183]), array([0.11702053]))","(array([0.07233654]), array([0.12529056]))","(array([0.07513405]), array([0.13013599]))","(array([0.07617509]), array([0.13193913]))","(array([0.07564821]), array([0.13102655]))","(array([0.07440268]), array([0.12886922]))","(array([0.07292824]), array([0.12631541]))","(array([0.07123732]), array([0.12338665]))","(array([0.0693964]), array([0.12019809]))"
(0.44917064739627655+0j),[-4.82899501e-15],[1.],[0.5992674],[1.],"(array([0.14723743]), array([0.25502271]))","(array([0.0761127]), array([0.13183106]))","(array([0.07304048]), array([0.12650983]))","(array([0.07008472]), array([0.1213903]))","(array([0.06759997]), array([0.11708659]))","(array([0.0655138]), array([0.11347323]))","(array([0.06756164]), array([0.1170202]))","(array([0.07233385]), array([0.1252859]))","(array([0.07512931]), array([0.13012778]))","(array([0.07616922]), array([0.13192895]))","(array([0.07564213]), array([0.13101602]))","(array([0.07439703]), array([0.12885944]))","(array([0.07292341]), array([0.12630705]))","(array([0.07123358]), array([0.12338018]))","(array([0.06939375]), array([0.1201935]))","(array([0.06780224]), array([0.11743692]))"
(0.43199666707631157+0j),[-7.81327738e-15],[1.],[0.59163208],[1.],"(array([0.14281484]), array([0.24736256]))","(array([0.07304508]), array([0.12651779]))","(array([0.07008814]), array([0.12139622]))","(array([0.06760233]), array([0.11709067]))","(array([0.06551518]), array([0.11347562]))","(array([0.06756113]), array([0.1170193]))","(array([0.07233073]), array([0.1252805]))","(array([0.07512403]), array([0.13011863]))","(array([0.07616274]), array([0.13191773]))","(array([0.07563558]), array([0.13100466]))","(array([0.0743911]), array([0.12884916]))","(array([0.07291853]), array([0.1262986]))","(array([0.07122996]), array([0.12337392]))","(array([0.06939119]), array([0.12018906]))","(array([0.06780059]), array([0.11743407]))","(array([0.06670809]), array([0.1155418]))"
(0.417118903579748+0j),[-5.76430937e-15],[1.],[0.58716728],[1.],"(array([0.13909035]), array([0.24091156]))","(array([0.07008956]), array([0.12139868]))","(array([0.06760284]), array([0.11709155]))","(array([0.06551484]), array([0.11347502]))","(array([0.06755899]), array([0.1170156]))","(array([0.07232622]), array([0.12527269]))","(array([0.07511785]), array([0.13010793]))","(array([0.07615581]), array([0.13190574]))","(array([0.07562882]), array([0.13099296]))","(array([0.07438513]), array([0.12883883]))","(array([0.07291385]), array([0.1262905]))","(array([0.07122693]), array([0.12336867]))","(array([0.0693895]), array([0.12018614]))","(array([0.06779982]), array([0.11743273]))","(array([0.06670813]), array([0.11554187]))","(array([0.06605155]), array([0.11440463]))"
(0.3798570013744715+0j),[-5.25052518e-15],[1.],[0.57061232],[1.],"(array([0.1350139]), array([0.23385093]))","(array([0.06760189]), array([0.1170899]))","(array([0.0655132]), array([0.11347219]))","(array([0.06755568]), array([0.11700987]))","(array([0.07232068]), array([0.12526309]))","(array([0.07511095]), array([0.13009598]))","(array([0.07614854]), array([0.13189314]))","(array([0.07562196]), array([0.13098108]))","(array([0.07437919]), array([0.12882853]))","(array([0.07290929]), array([0.12628259]))","(array([0.07122416]), array([0.12336386]))","(array([0.0693883]), array([0.12018407]))","(array([0.06779972]), array([0.11743255]))","(array([0.06670887]), array([0.11554315]))","(array([0.06605298]), array([0.11440711]))","(array([0.06492859]), array([0.11245962]))"
(0.3467746980174989+0j),[-5.48449078e-15],[1.],[0.55660616],[1.],"(array([0.13084055]), array([0.22662248]))","(array([0.06551078]), array([0.113468]))","(array([0.06755185]), array([0.11700324]))","(array([0.07231485]), array([0.12525299]))","(array([0.07510392]), array([0.13008381]))","(array([0.0761413]), array([0.1318806]))","(array([0.07561527]), array([0.13096949]))","(array([0.07437351]), array([0.1288187]))","(array([0.07290496]), array([0.12627509]))","(array([0.07122147]), array([0.1233592]))","(array([0.06938713]), array([0.12018204]))","(array([0.06779972]), array([0.11743256]))","(array([0.06670986]), array([0.11554486]))","(array([0.06605471]), array([0.11441011]))","(array([0.06493071]), array([0.11246329]))","(array([0.0632441]), array([0.10954199]))"
(0.31744421087562996+0j),[-4.92943745e-15],[1.],[0.54501483],[1.],"(array([0.12734182]), array([0.22056251]))","(array([0.06754906]), array([0.1169984]))","(array([0.07231004]), array([0.12524467]))","(array([0.07509774]), array([0.1300731]))","(array([0.07613466]), array([0.1318691]))","(array([0.07560899]), array([0.13095861]))","(array([0.07436805]), array([0.12880924]))","(array([0.07290064]), array([0.12626761]))","(array([0.07121852]), array([0.1233541]))","(array([0.0693855]), array([0.12017921]))","(array([0.06779919]), array([0.11743165]))","(array([0.06671035]), array([0.11554571]))","(array([0.06605606]), array([0.11441246]))","(array([0.06493252]), array([0.11246642]))","(array([0.06324606]), array([0.10954539]))","(array([0.06183539]), array([0.10710203]))"
(0.290272566680493+0j),[-6.64460465e-15],[1.],[0.53579923],[1.],"(array([0.12822421]), array([0.22209084]))","(array([0.07230714]), array([0.12523964]))","(array([0.07509301]), array([0.1300649]))","(array([0.07612893]), array([0.13185918]))","(array([0.07560316]), array([0.13094851]))","(array([0.07436269]), array([0.12879995]))","(array([0.07289612]), array([0.12625978]))","(array([0.0712151]), array([0.12334817]))","(array([0.06938318]), array([0.12017519]))","(array([0.06779789]), array([0.11742939]))","(array([0.06671005]), array([0.1155452]))","(array([0.06605671]), array([0.11441358]))","(array([0.06493373]), array([0.11246852]))","(array([0.06324748]), array([0.10954786]))","(array([0.061837]), array([0.10710482]))","(array([0.06068257]), array([0.10510529]))"
(0.2986507052469848+0j),[-7.32133853e-15],[1.],[0.57923679],[1.],"(array([0.13492066]), array([0.23368944]))","(array([0.0750898]), array([0.13005935]))","(array([0.07612424]), array([0.13185105]))","(array([0.07559789]), array([0.13093938]))","(array([0.07435755]), array([0.12879105]))","(array([0.07289156]), array([0.12625189]))","(array([0.07121142]), array([0.1233418]))","(array([0.06938042]), array([0.12017041]))","(array([0.06779601]), array([0.11742614]))","(array([0.06670911]), array([0.11554357]))","(array([0.06605671]), array([0.11441358]))","(array([0.06493433]), array([0.11246956]))","(array([0.06324835]), array([0.10954936]))","(array([0.06183808]), array([0.1071067]))","(array([0.06068385]), array([0.10510751]))","(array([0.06262457]), array([0.10846894]))"
(0.30845752258316267+0j),[-1.72731818e-15],[1.],[0.61828752],[1.],"(array([0.1423586]), array([0.24657234]))","(array([0.07612111]), array([0.13184563]))","(array([0.07559377]), array([0.13093224]))","(array([0.07435315]), array([0.12878344]))","(array([0.07288738]), array([0.12624465]))","(array([0.07120782]), array([0.12333555]))","(array([0.06937752]), array([0.12016539]))","(array([0.06779384]), array([0.11742238]))","(array([0.06670776]), array([0.11554123]))","(array([0.0660562]), array([0.11441269]))","(array([0.06493438]), array([0.11246965]))","(array([0.06324869]), array([0.10954994]))","(array([0.06183867]), array([0.10710771]))","(array([0.06068466]), array([0.10510891]))","(array([0.06262585]), array([0.10847116]))","(array([0.06728066]), array([0.11653352]))"
(0.31959621337778676+0j),[-9.37347311e-15],[1.],[0.65310431],[1.],"(array([0.14756618]), array([0.25559212]))","(array([0.07559114]), array([0.13092769]))","(array([0.07434979]), array([0.12877761]))","(array([0.07288376]), array([0.12623838]))","(array([0.07120435]), array([0.12332956]))","(array([0.06937446]), array([0.12016009]))","(array([0.06779134]), array([0.11741805]))","(array([0.06670592]), array([0.11553804]))","(array([0.06605503]), array([0.11441067]))","(array([0.06493372]), array([0.11246851]))","(array([0.06324833]), array([0.10954932]))","(array([0.06183859]), array([0.10710757]))","(array([0.06068485]), array([0.10510925]))","(array([0.06262658]), array([0.10847242]))","(array([0.0672821]), array([0.11653601]))","(array([0.07145745]), array([0.12376794]))"
(0.3322397154611311+0j),[-7.47402046e-15],[1.],[0.68339633],[1.],"(array([0.15071737]), array([0.26105013]))","(array([0.07434722]), array([0.12877316]))","(array([0.07288059]), array([0.12623289]))","(array([0.0712011]), array([0.12332392]))","(array([0.06937144]), array([0.12015486]))","(array([0.06778875]), array([0.11741355]))","(array([0.06670377]), array([0.11553432]))","(array([0.06605337]), array([0.1144078]))","(array([0.06493248]), array([0.11246636]))","(array([0.0632474]), array([0.1095477]))","(array([0.06183793]), array([0.10710644]))","(array([0.06068447]), array([0.10510858]))","(array([0.06262667]), array([0.10847258]))","(array([0.06728293]), array([0.11653745]))","(array([0.07145901]), array([0.12377063]))","(array([0.07513795]), array([0.13014275]))"
(0.32033474441251986+0j),[-7.49312436e-15],[1.],[0.68659258],[1.],"(array([0.1513398]), array([0.26212822]))","(array([0.0728779]), array([0.12622823]))","(array([0.07119796]), array([0.12331849]))","(array([0.06936834]), array([0.12014949]))","(array([0.06778591]), array([0.11740864]))","(array([0.06670129]), array([0.11553002]))","(array([0.06605132]), array([0.11440425]))","(array([0.06493082]), array([0.11246349]))","(array([0.06324603]), array([0.10954533]))","(array([0.06183685]), array([0.10710457]))","(array([0.06068366]), array([0.10510718]))","(array([0.06262633]), array([0.10847199]))","(array([0.06728329]), array([0.11653808]))","(array([0.07146009]), array([0.1237725]))","(array([0.07513966]), array([0.13014571]))","(array([0.07700253]), array([0.13337229]))"
(0.31008323368247237+0j),[-9.13233504e-15],[1.],[0.69162308],[1.],"(array([0.15033591]), array([0.26038944]))","(array([0.07119521]), array([0.12331372]))","(array([0.06936537]), array([0.12014434]))","(array([0.06778303]), array([0.11740365]))","(array([0.06669862]), array([0.1155254]))","(array([0.06604896]), array([0.11440016]))","(array([0.06492876]), array([0.11245991]))","(array([0.06324424]), array([0.10954223]))","(array([0.06183534]), array([0.10710195]))","(array([0.06068242]), array([0.10510504]))","(array([0.06262557]), array([0.10847068]))","(array([0.06728326]), array([0.11653802]))","(array([0.07146079]), array([0.12377373]))","(array([0.075141]), array([0.13014803]))","(array([0.07700427]), array([0.1333753]))","(array([0.07746793]), array([0.13417838]))"
(0.3014910799967131+0j),[-8.99999352e-15],[1.],[0.69793026],[1.],"(array([0.1492953]), array([0.25858705]))","(array([0.06936267]), array([0.12013967]))","(array([0.06778029]), array([0.1173989]))","(array([0.06669597]), array([0.1155208]))","(array([0.0660465]), array([0.1143959]))","(array([0.06492653]), array([0.11245605]))","(array([0.06324226]), array([0.1095388]))","(array([0.06183362]), array([0.10709897]))","(array([0.06068098]), array([0.10510254]))","(array([0.06262461]), array([0.10846901]))","(array([0.06728304]), array([0.11653764]))","(array([0.07146134]), array([0.12377467]))","(array([0.0751422]), array([0.13015011]))","(array([0.07700585]), array([0.13337805]))","(array([0.07746973]), array([0.13418151]))","(array([0.07810999]), array([0.13529046]))"
(0.29481713933190823+0j),[-9.07477411e-15],[1.],[0.70476219],[1.],"(array([0.1482185]), array([0.25672197]))","(array([0.06777778]), array([0.11739457]))","(array([0.0666935]), array([0.11551653]))","(array([0.06604414]), array([0.1143918]))","(array([0.06492435]), array([0.11245228]))","(array([0.06324028]), array([0.10953538]))","(array([0.06183186]), array([0.10709593]))","(array([0.06067947]), array([0.10509992]))","(array([0.06262353]), array([0.10846714]))","(array([0.06728262]), array([0.11653691]))","(array([0.07146165]), array([0.12377521]))","(array([0.07514321]), array([0.13015186]))","(array([0.07700727]), array([0.13338051]))","(array([0.07747133]), array([0.13418429]))","(array([0.07811175]), array([0.13529352]))","(array([0.07886381]), array([0.13659613]))"
(0.30925685231852457+0j),[-2.65346115e-15],[1.],[0.7310347],[1.],"(array([0.14853815]), array([0.25727562]))","(array([0.06669128]), array([0.11551268]))","(array([0.06604196]), array([0.11438803]))","(array([0.0649223]), array([0.11244873]))","(array([0.06323839]), array([0.1095321]))","(array([0.06183015]), array([0.10709295]))","(array([0.06067797]), array([0.10509732]))","(array([0.06262237]), array([0.10846513]))","(array([0.06728199]), array([0.11653582]))","(array([0.07146166]), array([0.12377522]))","(array([0.07514393]), array([0.1301531]))","(array([0.07700847]), array([0.13338257]))","(array([0.07747276]), array([0.13418675]))","(array([0.07811331]), array([0.13529623]))","(array([0.07886549]), array([0.13659903]))","(array([0.08076926]), array([0.13989646]))"
(0.3247346403427366+0j),[-3.64993262e-15],[1.],[0.75107433],[1.],"(array([0.15009494]), array([0.25997206]))","(array([0.06604041]), array([0.11438535]))","(array([0.06492079]), array([0.11244611]))","(array([0.06323697]), array([0.10952965]))","(array([0.06182885]), array([0.10709071]))","(array([0.06067682]), array([0.10509533]))","(array([0.06262144]), array([0.10846351]))","(array([0.0672814]), array([0.11653479]))","(array([0.07146149]), array([0.12377492]))","(array([0.07514428]), array([0.13015371]))","(array([0.07700924]), array([0.13338392]))","(array([0.0774738]), array([0.13418856]))","(array([0.07811455]), array([0.13529836]))","(array([0.07886683]), array([0.13660135]))","(array([0.0807707]), array([0.13989895]))","(array([0.08341183]), array([0.14447352]))"
(0.34042747859802225+0j),[-2.45171704e-15],[1.],[0.76487893],[1.],"(array([0.15139585]), array([0.2622253]))","(array([0.06491994]), array([0.11244463]))","(array([0.06323609]), array([0.10952812]))","(array([0.06182801]), array([0.10708926]))","(array([0.06067607]), array([0.10509403]))","(array([0.06262083]), array([0.10846245]))","(array([0.06728101]), array([0.11653412]))","(array([0.07146136]), array([0.1237747]))","(array([0.07514446]), array([0.13015402]))","(array([0.07700969]), array([0.13338469]))","(array([0.07747444]), array([0.13418967]))","(array([0.07811535]), array([0.13529976]))","(array([0.07886775]), array([0.13660295]))","(array([0.08077171]), array([0.13990071]))","(array([0.08341291]), array([0.14447539]))","(array([0.0853629]), array([0.14785289]))"
(0.35607328076786504+0j),[-4.36700531e-15],[1.],[0.77274857],[1.],"(array([0.15152851]), array([0.26245507]))","(array([0.06323561]), array([0.10952729]))","(array([0.0618275]), array([0.10708838]))","(array([0.06067556]), array([0.10509315]))","(array([0.06262038]), array([0.10846168]))","(array([0.0672807]), array([0.11653358]))","(array([0.07146122]), array([0.12377447]))","(array([0.07514454]), array([0.13015416]))","(array([0.07700996]), array([0.13338516]))","(array([0.07747487]), array([0.13419041]))","(array([0.07811593]), array([0.13530077]))","(array([0.07886845]), array([0.13660417]))","(array([0.08077251]), array([0.13990209]))","(array([0.08341376]), array([0.14447686]))","(array([0.08536375]), array([0.14785435]))","(array([0.08661422]), array([0.15002022]))"
(0.34269927126179384+0j),[-4.73396078e-15],[1.],[0.75652476],[1.],"(array([0.14936212]), array([0.25870279]))","(array([0.06182731]), array([0.10708805]))","(array([0.06067534]), array([0.10509277]))","(array([0.06262016]), array([0.1084613]))","(array([0.06728053]), array([0.11653329]))","(array([0.07146117]), array([0.12377437]))","(array([0.07514462]), array([0.13015431]))","(array([0.07701017]), array([0.13338554]))","(array([0.0774752]), array([0.13419099]))","(array([0.0781164]), array([0.13530157]))","(array([0.07886906]), array([0.13660522]))","(array([0.08077326]), array([0.13990339]))","(array([0.08341459]), array([0.1444783]))","(array([0.08536454]), array([0.14785573]))","(array([0.08661493]), array([0.15002146]))","(array([0.08613]), array([0.14918153]))"
(0.3306955904526364+0j),[-6.41010364e-15],[1.],[0.74217555],[1.],"(array([0.14623916]), array([0.25329366]))","(array([0.06067521]), array([0.10509254]))","(array([0.06262001]), array([0.10846104]))","(array([0.06728039]), array([0.11653305]))","(array([0.0714611]), array([0.12377425]))","(array([0.07514466]), array([0.13015437]))","(array([0.0770103]), array([0.13338576]))","(array([0.07747541]), array([0.13419134]))","(array([0.0781167]), array([0.1353021]))","(array([0.07886948]), array([0.13660594]))","(array([0.08077382]), array([0.13990437]))","(array([0.08341529]), array([0.14447953]))","(array([0.08536529]), array([0.14785702]))","(array([0.0866156]), array([0.15002261]))","(array([0.08613058]), array([0.14918254]))","(array([0.08441511]), array([0.14621127]))"
(0.3198718630312632+0j),[-6.96138205e-15],[1.],[0.72967802],[1.],"(array([0.14356367]), array([0.24865958]))","(array([0.06262005]), array([0.10846111]))","(array([0.06728033]), array([0.11653294]))","(array([0.07146098]), array([0.12377405]))","(array([0.07514454]), array([0.13015416]))","(array([0.07701019]), array([0.13338556]))","(array([0.07747531]), array([0.13419117]))","(array([0.07811664]), array([0.13530199]))","(array([0.07886948]), array([0.13660595]))","(array([0.08077395]), array([0.13990459]))","(array([0.08341558]), array([0.14448003]))","(array([0.0853657]), array([0.14785773]))","(array([0.08661603]), array([0.15002337]))","(array([0.08613097]), array([0.14918322]))","(array([0.08441548]), array([0.1462119]))","(array([0.08289126]), array([0.14357187]))"
(0.309291963189888+0j),[-8.19891392e-15],[1.],[0.71866947],[1.],"(array([0.14414559]), array([0.24966748]))","(array([0.06728114]), array([0.11653435]))","(array([0.07146142]), array([0.12377481]))","(array([0.07514462]), array([0.1301543]))","(array([0.07701]), array([0.13338523]))","(array([0.07747495]), array([0.13419055]))","(array([0.07811615]), array([0.13530115]))","(array([0.07886892]), array([0.13660497]))","(array([0.08077334]), array([0.13990353]))","(array([0.08341499]), array([0.14447899]))","(array([0.08536516]), array([0.14785679]))","(array([0.08661555]), array([0.15002254]))","(array([0.08613054]), array([0.14918247]))","(array([0.08441508]), array([0.1462112]))","(array([0.08289091]), array([0.14357127]))","(array([0.08152864]), array([0.14121174]))"
(0.3312227511919154+0j),[-8.62755644e-15],[1.],[0.73956047],[1.],"(array([0.14934602]), array([0.25867489]))","(array([0.07146386]), array([0.12377904]))","(array([0.07514612]), array([0.1301569]))","(array([0.07701072]), array([0.13338649]))","(array([0.07747512]), array([0.13419085]))","(array([0.07811583]), array([0.13530059]))","(array([0.07886817]), array([0.13660367]))","(array([0.08077214]), array([0.13990145]))","(array([0.08341337]), array([0.1444762]))","(array([0.08536326]), array([0.14785351]))","(array([0.08661351]), array([0.150019]))","(array([0.0861285]), array([0.14917893]))","(array([0.08441312]), array([0.14620781]))","(array([0.08288906]), array([0.14356807]))","(array([0.08152693]), array([0.14120879]))","(array([0.08206738]), array([0.14214487]))"
(0.3511874325934609+0j),[-6.39658897e-15],[1.],[0.75259841],[1.],"(array([0.15533048]), array([0.26904028]))","(array([0.07515111]), array([0.13016555]))","(array([0.0770143]), array([0.13339269]))","(array([0.07747758]), array([0.1341951]))","(array([0.07811719]), array([0.13530294]))","(array([0.07886846]), array([0.13660418]))","(array([0.08077125]), array([0.1398999]))","(array([0.08341123]), array([0.14447249]))","(array([0.08536009]), array([0.14784802]))","(array([0.08660956]), array([0.15001216]))","(array([0.08612421]), array([0.1491715]))","(array([0.08440882]), array([0.14620037]))","(array([0.08288488]), array([0.14356083]))","(array([0.08152295]), array([0.14120188]))","(array([0.08206365]), array([0.14213842]))","(array([0.08386583]), array([0.14525988]))"
(0.3688859716006675+0j),[-4.09350213e-16],[1.],[0.7591361],[1.],"(array([0.16002053]), array([0.27716368]))","(array([0.07702153]), array([0.13340519]))","(array([0.07748313]), array([0.13420471]))","(array([0.07812102]), array([0.13530958]))","(array([0.07887058]), array([0.13660786]))","(array([0.0807714]), array([0.13990017]))","(array([0.08340927]), array([0.1444691]))","(array([0.08535626]), array([0.14784138]))","(array([0.08660422]), array([0.1500029]))","(array([0.08611808]), array([0.14916088]))","(array([0.08440248]), array([0.14618938]))","(array([0.08287852]), array([0.14354981]))","(array([0.08151673]), array([0.14119111]))","(array([0.08205768]), array([0.14212807]))","(array([0.08386032]), array([0.14525033]))","(array([0.08486637]), array([0.14699287]))"
(0.38467899958435003+0j),[-2.03671447e-15],[1.],[0.76047542],[1.],"(array([0.16227751]), array([0.2810729]))","(array([0.07749161]), array([0.13421941]))","(array([0.07812735]), array([0.13532054]))","(array([0.07887469]), array([0.13661497]))","(array([0.08077295]), array([0.13990285]))","(array([0.083408]), array([0.14446689]))","(array([0.08535241]), array([0.14783472]))","(array([0.08659824]), array([0.14999255]))","(array([0.08611092]), array([0.14914849]))","(array([0.0843949]), array([0.14617625]))","(array([0.08287079]), array([0.14353641]))","(array([0.08150903]), array([0.14117779]))","(array([0.08205014]), array([0.14211502]))","(array([0.08385322]), array([0.14523803]))","(array([0.08486009]), array([0.14698199]))","(array([0.0852509]), array([0.14765889]))"
(0.3367995426568092+0j),[-1.66596323e-15],[1.],[0.71990495],[1.],"(array([0.16053995]), array([0.27806336]))","(array([0.07813705]), array([0.13533735]))","(array([0.0788817]), array([0.13662712]))","(array([0.08077675]), array([0.13990943]))","(array([0.0834082]), array([0.14446724]))","(array([0.08534925]), array([0.14782924]))","(array([0.08659218]), array([0.14998206]))","(array([0.08610313]), array([0.149135]))","(array([0.08438636]), array([0.14616146]))","(array([0.08286183]), array([0.14352091]))","(array([0.08149993]), array([0.14116202]))","(array([0.08204098]), array([0.14209915]))","(array([0.08384433]), array([0.14522264]))","(array([0.08485202]), array([0.14696801]))","(array([0.0852441]), array([0.14764711]))","(array([0.0830377]), array([0.14382552]))"
(0.2937405706205999+0j),[-7.75572879e-16],[1.],[0.67960254],[1.],"(array([0.15661956]), array([0.27127304]))","(array([0.07889224]), array([0.13664537]))","(array([0.08078357]), array([0.13992125]))","(array([0.08341072]), array([0.14447161]))","(array([0.08534763]), array([0.14782644]))","(array([0.08658688]), array([0.14997287]))","(array([0.08609548]), array([0.14912175]))","(array([0.08437753]), array([0.14614617]))","(array([0.08285222]), array([0.14350425]))","(array([0.08148986]), array([0.14114457]))","(array([0.08203049]), array([0.14208097]))","(array([0.08383376]), array([0.14520433]))","(array([0.08484207]), array([0.14695078]))","(array([0.08523539]), array([0.14763202]))","(array([0.08303007]), array([0.1438123]))","(array([0.07847033]), array([0.1359146]))"
(0.2550224110083641+0j),[-1.81056949e-15],[1.],[0.63961333],[1.],"(array([0.15288565]), array([0.26480571]))","(array([0.08079268]), array([0.13993703]))","(array([0.08341536]), array([0.14447965]))","(array([0.08534784]), array([0.1478268]))","(array([0.08658304]), array([0.14996623]))","(array([0.08608897]), array([0.14911046]))","(array([0.08436956]), array([0.14613237]))","(array([0.0828432]), array([0.14348864]))","(array([0.08148013]), array([0.14112772]))","(array([0.08202004]), array([0.14206287]))","(array([0.08382289]), array([0.1451855]))","(array([0.08483154]), array([0.14693255]))","(array([0.08522589]), array([0.14761558]))","(array([0.0830216]), array([0.14379763]))","(array([0.07846239]), array([0.13590085]))","(array([0.07398183]), array([0.12814029]))"
(0.21986988623208376+0j),[-3.71148547e-15],[1.],[0.59965432],[1.],"(array([0.15033678]), array([0.26039094]))","(array([0.08342098]), array([0.14448938]))","(array([0.08534919]), array([0.14782914]))","(array([0.08658044]), array([0.14996173]))","(array([0.08608368]), array([0.1491013]))","(array([0.08436276]), array([0.14612059]))","(array([0.08283528]), array([0.14347491]))","(array([0.08147141]), array([0.14111263]))","(array([0.08201048]), array([0.14204633]))","(array([0.08381275]), array([0.14516794]))","(array([0.08482154]), array([0.14691522]))","(array([0.08521672]), array([0.14759969]))","(array([0.08301334]), array([0.14378332]))","(array([0.07845463]), array([0.13588741]))","(array([0.07397446]), array([0.12812753]))","(array([0.06953585]), array([0.12043962]))"
(0.2081672651834847+0j),[-4.00042026e-15],[1.],[0.60031537],[1.],"(array([0.15074659]), array([0.26110076]))","(array([0.08535152]), array([0.14783317]))","(array([0.08657894]), array([0.14995912]))","(array([0.08607951]), array([0.14909408]))","(array([0.08435706]), array([0.14611071]))","(array([0.08282842]), array([0.14346303]))","(array([0.08146371]), array([0.14109928]))","(array([0.08200185]), array([0.14203137]))","(array([0.08380335]), array([0.14515166]))","(array([0.08481204]), array([0.14689876]))","(array([0.08520783]), array([0.14758429]))","(array([0.08300526]), array([0.14376933]))","(array([0.07844703]), array([0.13587425]))","(array([0.07396722]), array([0.12811499]))","(array([0.06952891]), array([0.1204276]))","(array([0.06732139]), array([0.11660407]))"
(0.197087398721882+0j),[-1.71299044e-15],[1.],[0.60157138],[1.],"(array([0.15281326]), array([0.26468032]))","(array([0.08657855]), array([0.14995844]))","(array([0.08607649]), array([0.14908886]))","(array([0.08435247]), array([0.14610277]))","(array([0.08282263]), array([0.14345299]))","(array([0.081457]), array([0.14108766]))","(array([0.0819941]), array([0.14201794]))","(array([0.08379466]), array([0.14513661]))","(array([0.08480307]), array([0.14688323]))","(array([0.08519928]), array([0.14756947]))","(array([0.08299742]), array([0.14375575]))","(array([0.07843968]), array([0.13586151]))","(array([0.07396021]), array([0.12810285]))","(array([0.06952218]), array([0.12041594]))","(array([0.06731516]), array([0.11659328]))","(array([0.0674605]), array([0.11684501]))"
(0.18676335697590948+0j),[-6.4111649e-16],[1.],[0.60340541],[1.],"(array([0.15421518]), array([0.26710853]))","(array([0.08607592]), array([0.14908786]))","(array([0.08435004]), array([0.14609856]))","(array([0.08281868]), array([0.14344616]))","(array([0.08145179]), array([0.14107863]))","(array([0.0819874]), array([0.14200634]))","(array([0.08378652]), array([0.14512251]))","(array([0.08479418]), array([0.14686782]))","(array([0.08519032]), array([0.14755396]))","(array([0.08298893]), array([0.14374104]))","(array([0.07843167]), array([0.13584764]))","(array([0.0739526]), array([0.12808967]))","(array([0.0695149]), array([0.12040334]))","(array([0.06730832]), array([0.11658143]))","(array([0.06745432]), array([0.11683431]))","(array([0.06763632]), array([0.11714954]))"
(0.1777940162652963+0j),[-1.07688374e-15],[1.],[0.60626024],[1.],"(array([0.15394781]), array([0.26664543]))","(array([0.08435125]), array([0.14610065]))","(array([0.08281774]), array([0.14344453]))","(array([0.08144893]), array([0.14107368]))","(array([0.08198223]), array([0.14199738]))","(array([0.08377893]), array([0.14510937]))","(array([0.08478492]), array([0.14685179]))","(array([0.08518019]), array([0.14753641]))","(array([0.08297889]), array([0.14372366]))","(array([0.07842211]), array([0.13583109]))","(array([0.07394345]), array([0.12807381]))","(array([0.06950608]), array([0.12038806]))","(array([0.0672999]), array([0.11656685]))","(array([0.06744647]), array([0.1168207]))","(array([0.06762919]), array([0.11713719]))","(array([0.06786971]), array([0.11755378]))"
(0.23615457190868266+0j),[2.54099787e-15],[1.],[0.7229965],[1.],"(array([0.15913481]), array([0.27562957]))","(array([0.08282134]), array([0.14345078]))","(array([0.08144997]), array([0.14107548]))","(array([0.08198005]), array([0.14199362]))","(array([0.08377319]), array([0.14509941]))","(array([0.08477632]), array([0.14683689]))","(array([0.08516965]), array([0.14751816]))","(array([0.08296794]), array([0.14370468]))","(array([0.07841157]), array([0.13581283]))","(array([0.07393325]), array([0.12805614]))","(array([0.06949616]), array([0.12037087]))","(array([0.06729022]), array([0.11655009]))","(array([0.06743717]), array([0.1168046]))","(array([0.06762046]), array([0.11712208]))","(array([0.06786171]), array([0.11753993]))","(array([0.07478108]), array([0.12952463]))"
(0.3015553311685565+0j),[4.46249269e-15],[1.],[0.80401966],[1.],"(array([0.16864186]), array([0.29209626]))","(array([0.08145582]), array([0.14108561]))","(array([0.08198167]), array([0.14199641]))","(array([0.0837698]), array([0.14509355]))","(array([0.08476868]), array([0.14682366]))","(array([0.08515883]), array([0.14749942]))","(array([0.08295611]), array([0.1436842]))","(array([0.07840008]), array([0.13579292]))","(array([0.07392203]), array([0.12803671]))","(array([0.06948515]), array([0.12035181]))","(array([0.06727926]), array([0.11653109]))","(array([0.06742628]), array([0.11678575]))","(array([0.06760993]), array([0.11710383]))","(array([0.06785179]), array([0.11752276]))","(array([0.07477285]), array([0.12951037]))","(array([0.08581688]), array([0.14863919]))"
(0.36881059855518433+0j),[-8.22433129e-15],[1.],[0.84858501],[1.],"(array([0.17414948]), array([0.30163575]))","(array([0.08198886]), array([0.14200887]))","(array([0.08377003]), array([0.14509395]))","(array([0.08476265]), array([0.14681322]))","(array([0.08514776]), array([0.14748025]))","(array([0.08294313]), array([0.14366171]))","(array([0.07838729]), array([0.13577077]))","(array([0.0739094]), array([0.12801483]))","(array([0.06947259]), array([0.12033006]))","(array([0.06726643]), array([0.11650887]))","(array([0.06741314]), array([0.11676298]))","(array([0.06759683]), array([0.11708115]))","(array([0.06783911]), array([0.11750078]))","(array([0.0747618]), array([0.12949123]))","(array([0.08580932]), array([0.1486261]))","(array([0.09268771]), array([0.16053983]))"
(0.43260069152574177+0j),[-1.5005955e-14],[1.],[0.85846478],[1.],"(array([0.17747639]), array([0.30739812]))","(array([0.0837774]), array([0.14510671]))","(array([0.08476113]), array([0.14681058]))","(array([0.08513872]), array([0.14746459]))","(array([0.08293055]), array([0.14363992]))","(array([0.07837462]), array([0.13574883]))","(array([0.07389661]), array([0.12799269]))","(array([0.0694596]), array([0.12030756]))","(array([0.06725259]), array([0.1164849]))","(array([0.06739828]), array([0.11673725]))","(array([0.06758141]), array([0.11705444]))","(array([0.06782362]), array([0.11747395]))","(array([0.07474751]), array([0.12946648]))","(array([0.08579853]), array([0.14860741]))","(array([0.09268182]), array([0.16052961]))","(array([0.09548084]), array([0.16537767]))"
(0.4774817274255591+0j),[-1.16819395e-14],[1.],[0.83865374],[1.],"(array([0.17836362]), array([0.30893485]))","(array([0.08476617]), array([0.14681931]))","(array([0.08513312]), array([0.1474549]))","(array([0.08291986]), array([0.1436214]))","(array([0.07836342]), array([0.13572943]))","(array([0.07388487]), array([0.12797236]))","(array([0.06944717]), array([0.12028603]))","(array([0.06723858]), array([0.11646063]))","(array([0.06738237]), array([0.11670968]))","(array([0.06756414]), array([0.11702453]))","(array([0.06780565]), array([0.11744283]))","(array([0.07472988]), array([0.12943594]))","(array([0.08578395]), array([0.14858216]))","(array([0.09267288]), array([0.16051413]))","(array([0.09547827]), array([0.16537321]))","(array([0.0945806]), array([0.16381841]))"
(0.5142996381995472+0j),[-2.10998371e-14],[1.],[0.80205294],[1.],"(array([0.17599396]), array([0.30483048]))","(array([0.0851348]), array([0.14745779]))","(array([0.08291475]), array([0.14361256]))","(array([0.07835709]), array([0.13571847]))","(array([0.07387735]), array([0.12795932]))","(array([0.06943827]), array([0.12027061]))","(array([0.06722715]), array([0.11644085]))","(array([0.0673679]), array([0.11668463]))","(array([0.06754727]), array([0.11699531]))","(array([0.06778713]), array([0.11741075]))","(array([0.07471044]), array([0.12940228]))","(array([0.08576624]), array([0.14855148]))","(array([0.09266034]), array([0.16049242]))","(array([0.09547308]), array([0.16536422]))","(array([0.09458244]), array([0.16382159]))","(array([0.09122513]), array([0.15800656]))"
(0.5423596579534823+0j),[-2.53309527e-14],[1.],[0.75307572],[1.],"(array([0.17158049]), array([0.29718613]))","(array([0.08291122]), array([0.14360645]))","(array([0.0783521]), array([0.13570982]))","(array([0.07387083]), array([0.12794802]))","(array([0.06943011]), array([0.12025648]))","(array([0.06721634]), array([0.11642211]))","(array([0.06735387]), array([0.11666032]))","(array([0.06753063]), array([0.11696649]))","(array([0.06776868]), array([0.1173788]))","(array([0.07469067]), array([0.12936804]))","(array([0.08574784]), array([0.14851962]))","(array([0.0926474]), array([0.16047001]))","(array([0.0954678]), array([0.16535508]))","(array([0.09458438]), array([0.16382496]))","(array([0.09123373]), array([0.15802146]))","(array([0.0864566]), array([0.14974722]))"
(0.562587082959693+0j),[-2.06031837e-14],[1.],[0.69590743],[1.],"(array([0.16355944]), array([0.28329326]))","(array([0.07834236]), array([0.13569295]))","(array([0.07385983]), array([0.12792898]))","(array([0.0694178]), array([0.12023517]))","(array([0.06720187]), array([0.11639706]))","(array([0.06733683]), array([0.11663081]))","(array([0.06751171]), array([0.11693371]))","(array([0.06774868]), array([0.11734416]))","(array([0.07467043]), array([0.12933297]))","(array([0.08573021]), array([0.14848909]))","(array([0.09263606]), array([0.16045036]))","(array([0.09546463]), array([0.16534959]))","(array([0.09458878]), array([0.16383257]))","(array([0.09124427]), array([0.15803972]))","(array([0.08647246]), array([0.14977469]))","(array([0.08066684]), array([0.13971906]))"
(0.5223155263532239+0j),[-2.27627208e-14],[1.],[0.65994095],[1.],"(array([0.15388748]), array([0.26654093]))","(array([0.07384513]), array([0.12790351]))","(array([0.06940213]), array([0.12020801]))","(array([0.0671844]), array([0.11636679]))","(array([0.0673173]), array([0.11659698]))","(array([0.06749093]), array([0.11689773]))","(array([0.06772748]), array([0.11730743]))","(array([0.07465004]), array([0.12929766]))","(array([0.08571358]), array([0.14846027]))","(array([0.09262617]), array([0.16043324]))","(array([0.09546313]), array([0.16534699]))","(array([0.09459501]), array([0.16384337]))","(array([0.09125655]), array([0.15806098]))","(array([0.08648947]), array([0.14980415]))","(array([0.08068703]), array([0.13975403]))","(array([0.07556236]), array([0.13087785]))"
(0.4860288733622121+0j),[-1.79137991e-14],[1.],[0.62962256],[1.],"(array([0.14582695]), array([0.25257969]))","(array([0.06938578]), array([0.12017969]))","(array([0.06716668]), array([0.11633611]))","(array([0.06729802]), array([0.11656359]))","(array([0.06747084]), array([0.11686292]))","(array([0.0677073]), array([0.11727249]))","(array([0.0746312]), array([0.12926503]))","(array([0.08569891]), array([0.14843486]))","(array([0.09261806]), array([0.16041919]))","(array([0.09546284]), array([0.16534649]))","(array([0.09460178]), array([0.1638551]))","(array([0.09126876]), array([0.15808213]))","(array([0.08650578]), array([0.1498324]))","(array([0.08070612]), array([0.1397871]))","(array([0.07558186]), array([0.13091163]))","(array([0.07200015]), array([0.12470791]))"
(0.4534113432405904+0j),[-2.00408199e-14],[1.],[0.60455135],[1.],"(array([0.13840498]), array([0.23972446]))","(array([0.06715071]), array([0.11630845]))","(array([0.0672809]), array([0.11653393]))","(array([0.06745316]), array([0.1168323]))","(array([0.0676897]), array([0.11724201]))","(array([0.07461504]), array([0.12923704]))","(array([0.0856867]), array([0.14841371]))","(array([0.09261169]), array([0.16040815]))","(array([0.09546324]), array([0.16534718]))","(array([0.09460826]), array([0.16386632]))","(array([0.09127982]), array([0.15810128]))","(array([0.08652028]), array([0.14985752]))","(array([0.08072286]), array([0.1398161]))","(array([0.07559896]), array([0.13094123]))","(array([0.07201644]), array([0.12473613]))","(array([0.0690363]), array([0.11957438]))"
(0.42366504931236926+0j),[-1.67359719e-14],[1.],[0.58431866],[1.],"(array([0.1337322]), array([0.23163097]))","(array([0.06726597]), array([0.11650808]))","(array([0.06743794]), array([0.11680594]))","(array([0.06767468]), array([0.11721598]))","(array([0.07460144]), array([0.12921349]))","(array([0.08567662]), array([0.14839626]))","(array([0.09260675]), array([0.16039959]))","(array([0.09546422]), array([0.16534888]))","(array([0.09461447]), array([0.16387707]))","(array([0.09128992]), array([0.15811878]))","(array([0.0865332]), array([0.14987989]))","(array([0.08073757]), array([0.13984157]))","(array([0.07561392]), array([0.13096715]))","(array([0.07203068]), array([0.12476079]))","(array([0.06904958]), array([0.11959738]))","(array([0.06659858]), array([0.11535212]))"
(0.4429003044885039+0j),[-1.41091519e-14],[1.],[0.58725519],[1.],"(array([0.13299449]), array([0.23035321]))","(array([0.06742452]), array([0.11678269]))","(array([0.06766165]), array([0.11719341]))","(array([0.07458977]), array([0.12919327]))","(array([0.08566815]), array([0.14838158]))","(array([0.09260291]), array([0.16039295]))","(array([0.09546566]), array([0.16535138]))","(array([0.09462051]), array([0.16388753]))","(array([0.09129928]), array([0.15813499]))","(array([0.08654489]), array([0.14990014]))","(array([0.08075068]), array([0.13986429]))","(array([0.07562717]), array([0.1309901]))","(array([0.07204327]), array([0.12478261]))","(array([0.06906132]), array([0.11961771]))","(array([0.06660934]), array([0.11537077]))","(array([0.06574826]), array([0.11387932]))"
(0.46023079719798343+0j),[-1.92760102e-14],[1.],[0.58203582],[1.],"(array([0.1330451]), array([0.23044087]))","(array([0.06764955]), array([0.11717245]))","(array([0.07457912]), array([0.12917483]))","(array([0.08566064]), array([0.14836858]))","(array([0.09259982]), array([0.1603876]))","(array([0.09546759]), array([0.16535472]))","(array([0.09462677]), array([0.16389838]))","(array([0.09130866]), array([0.15815123]))","(array([0.08655643]), array([0.14992014]))","(array([0.08076348]), array([0.13988646]))","(array([0.07563998]), array([0.13101229]))","(array([0.07205544]), array([0.12480368]))","(array([0.06907272]), array([0.11963746]))","(array([0.06661987]), array([0.115389]))","(array([0.06575746]), array([0.11389526]))","(array([0.06563946]), array([0.11369088]))"
(0.47505170977292466+0j),[-2.66113612e-14],[1.],[0.57014759],[1.],"(array([0.13229883]), array([0.22914829]))","(array([0.07456857]), array([0.12915655]))","(array([0.08565326]), array([0.14835579]))","(array([0.09259681]), array([0.16038238]))","(array([0.09546956]), array([0.16535813]))","(array([0.09463301]), array([0.16390918]))","(array([0.09131803]), array([0.15816746]))","(array([0.08656801]), array([0.14994018]))","(array([0.08077635]), array([0.13990873]))","(array([0.07565288]), array([0.13103464]))","(array([0.07206776]), array([0.12482502]))","(array([0.06908438]), array([0.11965765]))","(array([0.06663074]), array([0.11540783]))","(array([0.06576714]), array([0.11391202]))","(array([0.06564726]), array([0.1137044]))","(array([0.06466745]), array([0.1120073]))"
(0.48536250134091036+0j),[-2.75743436e-14],[1.],[0.55410494],[1.],"(array([0.13762861]), array([0.23837975]))","(array([0.08564606]), array([0.14834333]))","(array([0.09259382]), array([0.1603772]))","(array([0.09547134]), array([0.16536122]))","(array([0.0946389]), array([0.16391939]))","(array([0.09132703]), array([0.15818306]))","(array([0.08657921]), array([0.14995959]))","(array([0.08078877]), array([0.13993025]))","(array([0.07566534]), array([0.13105621]))","(array([0.0720797]), array([0.1248457]))","(array([0.06909574]), array([0.11967734]))","(array([0.06664144]), array([0.11542636]))","(array([0.06577683]), array([0.11392882]))","(array([0.06565536]), array([0.11371842]))","(array([0.06467374]), array([0.1120182]))","(array([0.06308059]), array([0.10925879]))"
(0.446935123476524+0j),[-2.99152668e-14],[1.],[0.53579676],[1.],"(array([0.14678593]), array([0.25424069]))","(array([0.09259047]), array([0.1603714]))","(array([0.09547233]), array([0.16536292]))","(array([0.09464405]), array([0.16392831]))","(array([0.09133548]), array([0.15819769]))","(array([0.08658994]), array([0.14997817]))","(array([0.08080081]), array([0.13995111]))","(array([0.07567751]), array([0.1310773]))","(array([0.07209145]), array([0.12486606]))","(array([0.06910702]), array([0.11969687]))","(array([0.06665214]), array([0.11544488]))","(array([0.06578667]), array([0.11394586]))","(array([0.06566374]), array([0.11373293]))","(array([0.06468033]), array([0.11202962]))","(array([0.06308534]), array([0.10926701]))","(array([0.06115475]), array([0.10592314]))"
(0.4090644822025017+0j),[-2.40184772e-14],[1.],[0.52394013],[1.],"(array([0.15204663]), array([0.26335249]))","(array([0.09547206]), array([0.16536247]))","(array([0.09464763]), array([0.1639345]))","(array([0.09134242]), array([0.15820972]))","(array([0.08659947]), array([0.14999468]))","(array([0.08081201]), array([0.13997051]))","(array([0.0756891]), array([0.13109737]))","(array([0.07210273]), array([0.1248856]))","(array([0.06911793]), array([0.11971576]))","(array([0.06666258]), array([0.11546298]))","(array([0.06579654]), array([0.11396296]))","(array([0.06567254]), array([0.11374817]))","(array([0.06468759]), array([0.11204219]))","(array([0.06309078]), array([0.10927643]))","(array([0.06115891]), array([0.10593035]))","(array([0.05946936]), array([0.10300396]))"
(0.37248456470873176+0j),[-1.96850621e-14],[1.],[0.51787095],[1.],"(array([0.15391856]), array([0.26659477]))","(array([0.09464822]), array([0.16393553]))","(array([0.09134598]), array([0.15821588]))","(array([0.08660574]), array([0.15000554]))","(array([0.08082043]), array([0.1399851]))","(array([0.07569841]), array([0.13111349]))","(array([0.07211207]), array([0.12490178]))","(array([0.0691272]), array([0.11973182]))","(array([0.06667169]), array([0.11547876]))","(array([0.06580564]), array([0.11397871]))","(array([0.06568136]), array([0.11376346]))","(array([0.06469558]), array([0.11205603]))","(array([0.06309743]), array([0.10928795]))","(array([0.06116446]), array([0.10593995]))","(array([0.05947422]), array([0.10301237]))","(array([0.05845874]), array([0.10125351]))"
(0.3380954313732487+0j),[-1.88592506e-14],[1.],[0.51688675],[1.],"(array([0.15268831]), array([0.26446391]))","(array([0.09134505]), array([0.15821427]))","(array([0.08660695]), array([0.15000764]))","(array([0.08082379]), array([0.13999091]))","(array([0.07570302]), array([0.13112148]))","(array([0.07211717]), array([0.1249106]))","(array([0.06913265]), array([0.11974127]))","(array([0.06667744]), array([0.11548871]))","(array([0.06581202]), array([0.11398977]))","(array([0.06568852]), array([0.11377585]))","(array([0.06470304]), array([0.11206895]))","(array([0.06310457]), array([0.10930033]))","(array([0.061171]), array([0.10595128]))","(array([0.05948025]), array([0.10302281]))","(array([0.05846429]), array([0.10126312]))","(array([0.05805218]), array([0.10054932]))"
(0.35710790001103226+0j),[-2.30524517e-14],[1.],[0.57481201],[1.],"(array([0.1526016]), array([0.26431373]))","(array([0.08660369]), array([0.150002]))","(array([0.0808219]), array([0.13998763]))","(array([0.0757023]), array([0.13112023]))","(array([0.0721172]), array([0.12491066]))","(array([0.06913336]), array([0.1197425]))","(array([0.06667879]), array([0.11549105]))","(array([0.06581445]), array([0.11399398]))","(array([0.0656924]), array([0.11378257]))","(array([0.06470816]), array([0.11207782]))","(array([0.06311048]), array([0.10931055]))","(array([0.06117701]), array([0.10596168]))","(array([0.05948603]), array([0.10303283]))","(array([0.05846985]), array([0.10127275]))","(array([0.05805753]), array([0.10055859]))","(array([0.06127828]), array([0.1061371]))"
(0.3812877115346462+0j),[-2.54339832e-14],[1.],[0.62116163],[1.],"(array([0.153765]), array([0.2663288]))","(array([0.08081755]), array([0.1399801]))","(array([0.0756984]), array([0.13111348]))","(array([0.07211388]), array([0.12490491]))","(array([0.06913062]), array([0.11973774]))","(array([0.06667666]), array([0.11548736]))","(array([0.06581321]), array([0.11399182]))","(array([0.06569242]), array([0.11378261]))","(array([0.06470949]), array([0.11208013]))","(array([0.06311299]), array([0.1093149]))","(array([0.06118011]), array([0.10596706]))","(array([0.05948928]), array([0.10303846]))","(array([0.05847317]), array([0.10127851]))","(array([0.05806089]), array([0.10056441]))","(array([0.06128188]), array([0.10614334]))","(array([0.0671858]), array([0.11636923]))"
(0.4089971863463112+0j),[-2.59847478e-14],[1.],[0.65356311],[1.],"(array([0.15250521]), array([0.26414678]))","(array([0.07569515]), array([0.13110784]))","(array([0.07211076]), array([0.1248995]))","(array([0.06912769]), array([0.11973268]))","(array([0.066674]), array([0.11548275]))","(array([0.06581091]), array([0.11398784]))","(array([0.0656907]), array([0.11377963]))","(array([0.06470851]), array([0.11207843]))","(array([0.06311285]), array([0.10931467]))","(array([0.0611806]), array([0.10596791]))","(array([0.05949011]), array([0.10303989]))","(array([0.05847428]), array([0.10128043]))","(array([0.05806223]), array([0.10056674]))","(array([0.06128357]), array([0.10614626]))","(array([0.06718788]), array([0.11637282]))","(array([0.07171368]), array([0.12421175]))"
(0.4388795449524303+0j),[-1.76651584e-14],[1.],[0.66965506],[1.],"(array([0.1502014]), array([0.26015645]))","(array([0.07210887]), array([0.12489623]))","(array([0.06912581]), array([0.11972942]))","(array([0.06667214]), array([0.11547953]))","(array([0.06580913]), array([0.11398476]))","(array([0.06568917]), array([0.11377697]))","(array([0.06470733]), array([0.11207638]))","(array([0.06311212]), array([0.1093134]))","(array([0.06118026]), array([0.10596732]))","(array([0.05949003]), array([0.10303976]))","(array([0.05847446]), array([0.10128074]))","(array([0.05806265]), array([0.10056745]))","(array([0.06128438]), array([0.10614766]))","(array([0.06718913]), array([0.116375]))","(array([0.07171514]), array([0.12421426]))","(array([0.07452638]), array([0.12908347]))"
(0.44969343398673156+0j),[-9.61828088e-15],[1.],[0.66668969],[1.],"(array([0.14732504]), array([0.25517446]))","(array([0.06912493]), array([0.11972789]))","(array([0.06667118]), array([0.11547788]))","(array([0.06580804]), array([0.11398287]))","(array([0.06568807]), array([0.11377507]))","(array([0.06470635]), array([0.11207469]))","(array([0.06311134]), array([0.10931204]))","(array([0.0611797]), array([0.10596635]))","(array([0.05948967]), array([0.10303914]))","(array([0.05847432]), array([0.10128049]))","(array([0.05806272]), array([0.10056759]))","(array([0.06128488]), array([0.10614852]))","(array([0.06719016]), array([0.11637678]))","(array([0.0717164]), array([0.12421646]))","(array([0.07452757]), array([0.12908555]))","(array([0.07523282]), array([0.13030707]))"
(0.460205229123725+0j),[-1.33848643e-14],[1.],[0.65805287],[1.],"(array([0.1437134]), array([0.24891892]))","(array([0.0666708]), array([0.11547721]))","(array([0.06580747]), array([0.11398188]))","(array([0.06568733]), array([0.11377379]))","(array([0.06470564]), array([0.11207345]))","(array([0.06311075]), array([0.10931103]))","(array([0.06117927]), array([0.10596561]))","(array([0.05948932]), array([0.10303853]))","(array([0.05847406]), array([0.10128005]))","(array([0.05806261]), array([0.10056739]))","(array([0.06128507]), array([0.10614886]))","(array([0.06719088]), array([0.11637802]))","(array([0.07171756]), array([0.12421846]))","(array([0.07452881]), array([0.12908768]))","(array([0.07523385]), array([0.13030886]))","(array([0.07460427]), array([0.12921839]))"
(0.46960346909445067+0j),[-1.04491366e-14],[1.],[0.64452129],[1.],"(array([0.14001228]), array([0.24250839]))","(array([0.06580713]), array([0.1139813]))","(array([0.0656866]), array([0.11377253]))","(array([0.06470473]), array([0.11207187]))","(array([0.06310989]), array([0.10930953]))","(array([0.06117847]), array([0.10596421]))","(array([0.05948845]), array([0.10303702]))","(array([0.05847323]), array([0.1012786]))","(array([0.05806191]), array([0.10056618]))","(array([0.06128461]), array([0.10614805]))","(array([0.06719081]), array([0.1163779]))","(array([0.07171791]), array([0.12421906]))","(array([0.07452951]), array([0.1290889]))","(array([0.07523474]), array([0.1303104]))","(array([0.07460526]), array([0.1292201]))","(array([0.07335561]), array([0.12705564]))"
(0.4768230391832919+0j),[-6.35977075e-15],[1.],[0.62808148],[1.],"(array([0.1374319]), array([0.23803904]))","(array([0.0656861]), array([0.11377166]))","(array([0.06470337]), array([0.11206952]))","(array([0.06310797]), array([0.10930621]))","(array([0.06117639]), array([0.10596062]))","(array([0.05948629]), array([0.10303328]))","(array([0.05847106]), array([0.10127485]))","(array([0.05805983]), array([0.10056258]))","(array([0.06128271]), array([0.10614477]))","(array([0.0671894]), array([0.11637545]))","(array([0.0717173]), array([0.12421801]))","(array([0.07452975]), array([0.12908932]))","(array([0.07523561]), array([0.1303119]))","(array([0.07460646]), array([0.12922218]))","(array([0.07335709]), array([0.12705821]))","(array([0.07164483]), array([0.12409249]))"
(0.4521751673166249+0j),[-1.80319692e-15],[1.],[0.60962936],[1.],"(array([0.13529865]), array([0.23434414]))","(array([0.06470162]), array([0.1120665]))","(array([0.06310483]), array([0.10930077]))","(array([0.06117245]), array([0.10595379]))","(array([0.05948222]), array([0.10302622]))","(array([0.05846696]), array([0.10126775]))","(array([0.0580558]), array([0.10055559]))","(array([0.06127875]), array([0.10613792]))","(array([0.06718574]), array([0.11636911]))","(array([0.07171445]), array([0.12421307]))","(array([0.07452809]), array([0.12908644]))","(array([0.07523514]), array([0.13031108]))","(array([0.07460698]), array([0.12922308]))","(array([0.07335845]), array([0.12706056]))","(array([0.07164694]), array([0.12409614]))","(array([0.06962756]), array([0.12059847]))"
(0.4290375837011529+0j),[-9.01982513e-16],[1.],[0.59715257],[1.],"(array([0.13253808]), array([0.22956269]))","(array([0.06310036]), array([0.10929303]))","(array([0.06116666]), array([0.10594377]))","(array([0.05947614]), array([0.1030157]))","(array([0.05846074]), array([0.10125697]))","(array([0.05804954]), array([0.10054476]))","(array([0.06127228]), array([0.10612671]))","(array([0.06717939]), array([0.11635811]))","(array([0.07170891]), array([0.12420347]))","(array([0.07452395]), array([0.12907926]))","(array([0.07523263]), array([0.13030674]))","(array([0.07460611]), array([0.12922157]))","(array([0.07335921]), array([0.12706187]))","(array([0.07164915]), array([0.12409998]))","(array([0.06963072]), array([0.12060395]))","(array([0.06785233]), array([0.11752368]))"
(0.4077893155795727+0j),[-8.92204987e-16],[1.],[0.58981084],[1.],"(array([0.12977346]), array([0.22477422]))","(array([0.06115933]), array([0.10593107]))","(array([0.05946814]), array([0.10300184]))","(array([0.05845223]), array([0.10124223]))","(array([0.0580407]), array([0.10052945]))","(array([0.06126272]), array([0.10611014]))","(array([0.06716941]), array([0.11634082]))","(array([0.07169967]), array([0.12418747]))","(array([0.07451646]), array([0.1290663]))","(array([0.07522743]), array([0.13029773]))","(array([0.07460323]), array([0.12921658]))","(array([0.07335879]), array([0.12706115]))","(array([0.07165105]), array([0.12410326]))","(array([0.0696341]), array([0.12060981]))","(array([0.06785654]), array([0.11753097]))","(array([0.06669097]), array([0.11551215]))"
(0.3890815149471054+0j),[-2.58997247e-15],[1.],[0.58605679],[1.],"(array([0.12715676]), array([0.22024197]))","(array([0.0594592]), array([0.10298635]))","(array([0.05844218]), array([0.10122483]))","(array([0.05802979]), array([0.10051055]))","(array([0.0612502]), array([0.10608847]))","(array([0.06715551]), array([0.11631676]))","(array([0.0716861]), array([0.12416397]))","(array([0.07450483]), array([0.12904615]))","(array([0.07521865]), array([0.13028253]))","(array([0.07459746]), array([0.1292066]))","(array([0.07335644]), array([0.12705709]))","(array([0.07165209]), array([0.12410507]))","(array([0.06963744]), array([0.12061559]))","(array([0.06786114]), array([0.11753894]))","(array([0.06669664]), array([0.11552198]))","(array([0.0660119]), array([0.11433597]))"
(0.35921428036097186+0j),[-3.04479673e-15],[1.],[0.57387681],[1.],"(array([0.12451824]), array([0.21567192]))","(array([0.05843211]), array([0.10120739]))","(array([0.05801818]), array([0.10049043]))","(array([0.0612357]), array([0.10606335]))","(array([0.06713806]), array([0.11628653]))","(array([0.07166806]), array([0.12413273]))","(array([0.07448848]), array([0.12901784]))","(array([0.07520548]), array([0.13025972]))","(array([0.07458788]), array([0.12919001]))","(array([0.0733511]), array([0.12704783]))","(array([0.07165122]), array([0.12410355]))","(array([0.06963988]), array([0.12061982]))","(array([0.0678656]), array([0.11754666]))","(array([0.0667027]), array([0.11553246]))","(array([0.06601928]), array([0.11434874]))","(array([0.06507162]), array([0.11270734]))"
(0.33276472815791874+0j),[-1.61781038e-15],[1.],[0.56413485],[1.],"(array([0.12217677]), array([0.21161638]))","(array([0.05800637]), array([0.10046998]))","(array([0.06121942]), array([0.10603515]))","(array([0.06711669]), array([0.11624952]))","(array([0.07164466]), array([0.12409218]))","(array([0.07446621]), array([0.12897926]))","(array([0.07518655]), array([0.13022692]))","(array([0.07457328]), array([0.12916471]))","(array([0.07334158]), array([0.12703134]))","(array([0.07164712]), array([0.12409644]))","(array([0.06964013]), array([0.12062025]))","(array([0.06786881]), array([0.11755223]))","(array([0.06670845]), array([0.11554242]))","(array([0.06602705]), array([0.11436221]))","(array([0.0650806]), array([0.1127229]))","(array([0.06375788]), array([0.11043188]))"
(0.3092986077436237+0j),[-1.50979284e-16],[1.],[0.55662805],[1.],"(array([0.12069663]), array([0.20905269]))","(array([0.06120131]), array([0.10600378]))","(array([0.06709134]), array([0.1162056]))","(array([0.0716156]), array([0.12404186]))","(array([0.07443748]), array([0.12892949]))","(array([0.07516133]), array([0.13018325]))","(array([0.07455323]), array([0.12912999]))","(array([0.07332765]), array([0.12700722]))","(array([0.07163965]), array([0.12408351]))","(array([0.06963798]), array([0.12061652]))","(array([0.06787049]), array([0.11755513]))","(array([0.0667136]), array([0.11555134]))","(array([0.0660352]), array([0.11437632]))","(array([0.06509055]), array([0.11274014]))","(array([0.06376872]), array([0.11045066]))","(array([0.06270549]), array([0.10860909]))"
(0.28750337809716775+0j),[1.63725013e-18],[1.],[0.55130001],[1.],"(array([0.12309221]), array([0.21320196]))","(array([0.06706355]), array([0.11615748]))","(array([0.07158224]), array([0.12398408]))","(array([0.07440319]), array([0.12887011]))","(array([0.0751303]), array([0.13012949]))","(array([0.07452785]), array([0.12908602]))","(array([0.07330921]), array([0.12697528]))","(array([0.07162858]), array([0.12406435]))","(array([0.06963304]), array([0.12060797]))","(array([0.06787004]), array([0.11755435]))","(array([0.06671737]), array([0.11555788]))","(array([0.06604276]), array([0.11438942]))","(array([0.06510058]), array([0.11275752]))","(array([0.06378003]), array([0.11047025]))","(array([0.06271779]), array([0.10863039]))","(array([0.06191519]), array([0.10724026]))"
(0.24734956293145052+0j),[3.04340711e-15],[1.],[0.51553935],[1.],"(array([0.12663793]), array([0.21934332]))","(array([0.07154564]), array([0.12392068]))","(array([0.07436392]), array([0.1288021]))","(array([0.07509348]), array([0.13006571]))","(array([0.07449674]), array([0.12903213]))","(array([0.07328559]), array([0.12693437]))","(array([0.07161317]), array([0.12403765]))","(array([0.06962452]), array([0.1205932]))","(array([0.06786661]), array([0.11754841]))","(array([0.06671886]), array([0.11556046]))","(array([0.06604878]), array([0.11439984]))","(array([0.06510968]), array([0.11277328]))","(array([0.06379092]), array([0.11048912]))","(array([0.06273006]), array([0.10865165]))","(array([0.06192856]), array([0.10726342]))","(array([0.05960669]), array([0.10324182]))"
(0.21009372519976557+0j),[4.4687426e-15],[1.],[0.47874431],[1.],"(array([0.12702842]), array([0.22001968]))","(array([0.07432362]), array([0.12873228]))","(array([0.07505377]), array([0.12999694]))","(array([0.07446156]), array([0.1289712]))","(array([0.07325729]), array([0.12688535]))","(array([0.07159292]), array([0.12400257]))","(array([0.06961127]), array([0.12057026]))","(array([0.06785866]), array([0.11753464]))","(array([0.06671614]), array([0.11555574]))","(array([0.06605094]), array([0.11440358]))","(array([0.06511532]), array([0.11278305]))","(array([0.06379878]), array([0.11050273]))","(array([0.06273978]), array([0.10866848]))","(array([0.06193972]), array([0.10728273]))","(array([0.05961815]), array([0.10326166]))","(array([0.05552074]), array([0.09616474]))"
(0.1756826165028089+0j),[2.15885482e-15],[1.],[0.44073268],[1.],"(array([0.12565443]), array([0.21763986]))","(array([0.07501625]), array([0.12993196]))","(array([0.07442683]), array([0.12891105]))","(array([0.07322791]), array([0.12683447]))","(array([0.07157045]), array([0.12396365]))","(array([0.06959516]), array([0.12054235]))","(array([0.06784744]), array([0.11751522]))","(array([0.06670984]), array([0.11554483]))","(array([0.0660493]), array([0.11440074]))","(array([0.06511711]), array([0.11278614]))","(array([0.06380289]), array([0.11050984]))","(array([0.06274594]), array([0.10867916]))","(array([0.0619476]), array([0.1072964]))","(array([0.05962645]), array([0.10327604]))","(array([0.05552865]), array([0.09617845]))","(array([0.05136952]), array([0.08897462]))"
(0.14456263958635107+0j),[3.8380388e-15],[1.],[0.40180106],[1.],"(array([0.12209651]), array([0.21147736]))","(array([0.07439474]), array([0.12885547]))","(array([0.0732]), array([0.12678611]))","(array([0.07154824]), array([0.12392519]))","(array([0.06957837]), array([0.12051328]))","(array([0.06783497]), array([0.11749361]))","(array([0.06670177]), array([0.11553085]))","(array([0.06604545]), array([0.11439407]))","(array([0.06511644]), array([0.11278498]))","(array([0.06380441]), array([0.11051248]))","(array([0.06274944]), array([0.10868522]))","(array([0.06195281]), array([0.10730541]))","(array([0.0596321]), array([0.10328583]))","(array([0.05553395]), array([0.09618763]))","(array([0.05137489]), array([0.08898392]))","(array([0.04711543]), array([0.08160632]))"
(0.1747222910410851+0j),[4.72435131e-15],[1.],[0.53915597],[1.],"(array([0.1270786]), array([0.22010658]))","(array([0.07317353]), array([0.12674028]))","(array([0.0715263]), array([0.12388719]))","(array([0.06956101]), array([0.12048321]))","(array([0.06782139]), array([0.11747009]))","(array([0.06669206]), array([0.11551404]))","(array([0.0660395]), array([0.11438376]))","(array([0.06511339]), array([0.11277969]))","(array([0.06380342]), array([0.11051076]))","(array([0.06275034]), array([0.10868677]))","(array([0.06195541]), array([0.10730991]))","(array([0.05963522]), array([0.10329122]))","(array([0.05553673]), array([0.09619243]))","(array([0.05137771]), array([0.0889888]))","(array([0.04711863]), array([0.08161187]))","(array([0.05271682]), array([0.09130822]))"
(0.21659220600451573+0j),[5.07519119e-15],[1.],[0.65479267],[1.],"(array([0.14008346]), array([0.24263168]))","(array([0.07150402]), array([0.12384859]))","(array([0.06954289]), array([0.12045182]))","(array([0.06780692]), array([0.11744502]))","(array([0.06668121]), array([0.11549524]))","(array([0.06603213]), array([0.11437101]))","(array([0.06510876]), array([0.11277168]))","(array([0.06380076]), array([0.11050617]))","(array([0.06274964]), array([0.10868556]))","(array([0.06195642]), array([0.10731166]))","(array([0.05963683]), array([0.10329402]))","(array([0.05553814]), array([0.09619487]))","(array([0.05137913]), array([0.08899126]))","(array([0.04712023]), array([0.08161464]))","(array([0.05272088]), array([0.09131524]))","(array([0.06694088]), array([0.11594501]))"
(0.26658764780614874+0j),[1.00685531e-15],[1.],[0.74476506],[1.],"(array([0.14986061]), array([0.25956619]))","(array([0.06951862]), array([0.12040979]))","(array([0.06778615]), array([0.11740906]))","(array([0.06666402]), array([0.11546547]))","(array([0.06601853]), array([0.11434745]))","(array([0.06509814]), array([0.11275329]))","(array([0.06379244]), array([0.11049175]))","(array([0.06274365]), array([0.1086752]))","(array([0.06195245]), array([0.10730479]))","(array([0.05963374]), array([0.10328866]))","(array([0.05553498]), array([0.09618941]))","(array([0.05137609]), array([0.088986]))","(array([0.04711753]), array([0.08160995]))","(array([0.05272113]), array([0.09131567]))","(array([0.06694599]), array([0.11595386]))","(array([0.07839085]), array([0.13577694]))"
(0.3214013427126485+0j),[8.60630884e-15],[1.],[0.80679253],[1.],"(array([0.15618093]), array([0.27051331]))","(array([0.06775416]), array([0.11735365]))","(array([0.06663504]), array([0.11541527]))","(array([0.06599301]), array([0.11430325]))","(array([0.06507595]), array([0.11271484]))","(array([0.06377305]), array([0.11045816]))","(array([0.06272689]), array([0.10864617]))","(array([0.06193813]), array([0.10727998]))","(array([0.05962068]), array([0.10326605]))","(array([0.05552212]), array([0.09616713]))","(array([0.05136362]), array([0.08896439]))","(array([0.0471056]), array([0.0815893]))","(array([0.05271334]), array([0.09130218]))","(array([0.06694533]), array([0.11595272]))","(array([0.07839609]), array([0.13578601]))","(array([0.08670325]), array([0.15017444]))"
(0.2789664933096479+0j),[6.01171978e-15],[1.],[0.76429522],[1.],"(array([0.15514471]), array([0.26871853]))","(array([0.06659501]), array([0.11534593]))","(array([0.06595552]), array([0.1142383]))","(array([0.06504148]), array([0.11265515]))","(array([0.06374151]), array([0.11040354]))","(array([0.06269822]), array([0.1085965]))","(array([0.06191223]), array([0.10723514]))","(array([0.05959643]), array([0.10322404]))","(array([0.05549841]), array([0.09612606]))","(array([0.05134041]), array([0.08892419]))","(array([0.04708308]), array([0.08155029]))","(array([0.05269597]), array([0.09127209]))","(array([0.06693733]), array([0.11593886]))","(array([0.07839653]), array([0.13578677]))","(array([0.08671043]), array([0.15018687]))","(array([0.087434]), array([0.15144013]))"
(0.2417526726443277+0j),[5.74269093e-15],[1.],[0.72150127],[1.],"(array([0.14902067]), array([0.25811138]))","(array([0.06590802]), array([0.11415604]))","(array([0.06499617]), array([0.11257667]))","(array([0.06369882]), array([0.11032959]))","(array([0.06265826]), array([0.10852729]))","(array([0.06187507]), array([0.10717076]))","(array([0.05956113]), array([0.1031629]))","(array([0.05546382]), array([0.09606616]))","(array([0.0513064]), array([0.08886529]))","(array([0.04704984]), array([0.08149271]))","(array([0.05266848]), array([0.09122449]))","(array([0.06692073]), array([0.11591011]))","(array([0.07839078]), array([0.13577681]))","(array([0.08671401]), array([0.15019307]))","(array([0.08744173]), array([0.15145351]))","(array([0.08247556]), array([0.14285187]))"
(0.2091489986263646+0j),[4.1869808e-15],[1.],[0.67868607],[1.],"(array([0.14340546]), array([0.24838555]))","(array([0.06494398]), array([0.11248627]))","(array([0.06364859]), array([0.11024259]))","(array([0.06261029]), array([0.10844421]))","(array([0.06182958]), array([0.10709198]))","(array([0.05951751]), array([0.10308736]))","(array([0.05542098]), array([0.09599195]))","(array([0.05126412]), array([0.08879206]))","(array([0.04700831]), array([0.08142079]))","(array([0.05263274]), array([0.09116259]))","(array([0.06689642]), array([0.115868]))","(array([0.07837877]), array([0.13575602]))","(array([0.08671341]), array([0.15019204]))","(array([0.08744637]), array([0.15146155]))","(array([0.08248081]), array([0.14286095]))","(array([0.07755177]), array([0.1343236]))"
(0.18085252334073124+0j),[2.94686342e-15],[1.],[0.63630265],[1.],"(array([0.13758526]), array([0.23830467]))","(array([0.06359428]), array([0.11014852]))","(array([0.06255755]), array([0.10835285]))","(array([0.06177879]), array([0.107004]))","(array([0.0594684]), array([0.1030023]))","(array([0.05537264]), array([0.09590823]))","(array([0.05121629]), array([0.08870922]))","(array([0.04696123]), array([0.08133924]))","(array([0.05259102]), array([0.09109031]))","(array([0.06686587]), array([0.11581508]))","(array([0.07836119]), array([0.13572556]))","(array([0.08670857]), array([0.15018365]))","(array([0.08744761]), array([0.1514637]))","(array([0.08248285]), array([0.14286449]))","(array([0.07755484]), array([0.13432893]))","(array([0.0726973]), array([0.12591541]))"
(0.23153330799420907+0j),[3.66397391e-15],[1.],[0.72915774],[1.],"(array([0.1390382]), array([0.24082123]))","(array([0.06250295]), array([0.10825829]))","(array([0.06172531]), array([0.10691138]))","(array([0.05941618]), array([0.10291184]))","(array([0.0553211]), array([0.09581896]))","(array([0.0511651]), array([0.08862055]))","(array([0.04691061]), array([0.08125156]))","(array([0.05254481]), array([0.09101029]))","(array([0.06682971]), array([0.11575245]))","(array([0.07833783]), array([0.1356851]))","(array([0.08669873]), array([0.15016661]))","(array([0.08744459]), array([0.15145848]))","(array([0.08248086]), array([0.14286104]))","(array([0.07755411]), array([0.13432766]))","(array([0.07269793]), array([0.1259165]))","(array([0.07550159]), array([0.13077259]))"
(0.28617131711354177+0j),[-2.60813924e-16],[1.],[0.79513207],[1.],"(array([0.14661349]), array([0.25394201]))","(array([0.06167418]), array([0.10682282]))","(array([0.05936563]), array([0.10282429]))","(array([0.05527099]), array([0.09573216]))","(array([0.05111496]), array([0.08853371]))","(array([0.04686071]), array([0.08116514]))","(array([0.05249775]), array([0.09092878]))","(array([0.06679039]), array([0.11568435]))","(array([0.07830982]), array([0.13563659]))","(array([0.08668395]), array([0.150141]))","(array([0.08743694]), array([0.15144522]))","(array([0.08247438]), array([0.14284981]))","(array([0.07754906]), array([0.13431891]))","(array([0.07269443]), array([0.12591044]))","(array([0.07550262]), array([0.13077437]))","(array([0.08416496]), array([0.14577799]))"
(0.3413982581937843+0j),[9.14376474e-15],[1.],[0.83458009],[1.],"(array([0.15155783]), array([0.26250586]))","(array([0.05931942]), array([0.10274425]))","(array([0.05522477]), array([0.09565211]))","(array([0.05106843]), array([0.08845312]))","(array([0.04681407]), array([0.08108434]))","(array([0.05245237]), array([0.09085017]))","(array([0.06675025]), array([0.11561482]))","(array([0.07827907]), array([0.13558333]))","(array([0.08666529]), array([0.15010868]))","(array([0.0874253]), array([0.15142507]))","(array([0.082464]), array([0.14283184]))","(array([0.07754008]), array([0.13430336]))","(array([0.07268699]), array([0.12589755]))","(array([0.07550025]), array([0.13077026]))","(array([0.08416978]), array([0.14578633]))","(array([0.08993384]), array([0.15576998]))"
(0.3948027814142716+0j),[5.80397967e-15],[1.],[0.84944889],[1.],"(array([0.1522014]), array([0.26362057]))","(array([0.05518345]), array([0.09558054]))","(array([0.05102648]), array([0.08838045]))","(array([0.04677155]), array([0.0810107]))","(array([0.0524097]), array([0.09077627]))","(array([0.06671068]), array([0.11554629]))","(array([0.07824718]), array([0.13552809]))","(array([0.08664445]), array([0.15007258]))","(array([0.0874113]), array([0.15140081]))","(array([0.08245128]), array([0.1428098]))","(array([0.0775287]), array([0.13428365]))","(array([0.07267708]), array([0.1258804]))","(array([0.07549544]), array([0.13076193]))","(array([0.08417285]), array([0.14579165]))","(array([0.08994294]), array([0.15578574]))","(array([0.09292666]), array([0.1609537]))"
(0.46178333431661184+0j),[2.53852061e-15],[1.],[0.84435729],[1.],"(array([0.14871194]), array([0.25757664]))","(array([0.05099069]), array([0.08831847]))","(array([0.04673478]), array([0.08094701]))","(array([0.05237138]), array([0.09070988]))","(array([0.06667312]), array([0.11548123]))","(array([0.07821509]), array([0.13547252]))","(array([0.0866218]), array([0.15003336]))","(array([0.08739487]), array([0.15137236]))","(array([0.08243605]), array([0.14278343]))","(array([0.07751474]), array([0.13425946]))","(array([0.07266449]), array([0.12585859]))","(array([0.07548807]), array([0.13074917]))","(array([0.08417367]), array([0.14579308]))","(array([0.08995046]), array([0.15579877]))","(array([0.09293885]), array([0.16097481]))","(array([0.09356806]), array([0.16206463]))"
(0.5206220104607351+0j),[3.22821398e-16],[1.],[0.80766671],[1.],"(array([0.14228811]), array([0.24645024]))","(array([0.04670915]), array([0.08090262]))","(array([0.05234252]), array([0.09065991]))","(array([0.06664201]), array([0.11542735]))","(array([0.07818637]), array([0.13542276]))","(array([0.08659949]), array([0.14999471]))","(array([0.08737731]), array([0.15134193]))","(array([0.08241949]), array([0.14275474]))","(array([0.07749918]), array([0.13423252]))","(array([0.07265003]), array([0.12583354]))","(array([0.07547822]), array([0.13073212]))","(array([0.08417146]), array([0.14578925]))","(array([0.08995528]), array([0.15580711]))","(array([0.09294907]), array([0.1609925]))","(array([0.09358207]), array([0.16208891]))","(array([0.0913266]), array([0.15818231]))"
(0.5684099958905461+0j),[-4.3706227e-15],[1.],[0.74530576],[1.],"(array([0.13268756]), array([0.2298216]))","(array([0.05232229]), array([0.09062486]))","(array([0.06661738]), array([0.11538468]))","(array([0.07816172]), array([0.13538007]))","(array([0.08657877]), array([0.14995883]))","(array([0.08735999]), array([0.15131195]))","(array([0.08240299]), array([0.14272616]))","(array([0.07748347]), array([0.13420531]))","(array([0.07263537]), array([0.12580815]))","(array([0.07546753]), array([0.1307136]))","(array([0.08416761]), array([0.14578258]))","(array([0.08995812]), array([0.15581203]))","(array([0.09295755]), array([0.16100719]))","(array([0.09359474]), array([0.16211085]))","(array([0.09134198]), array([0.15820896]))","(array([0.08599917]), array([0.14895493]))"
(0.6013161624601402+0j),[-1.00549029e-14],[1.],[0.66567913],[1.],"(array([0.13055317]), array([0.22612472]))","(array([0.06659653]), array([0.11534857]))","(array([0.07813976]), array([0.13534203]))","(array([0.08656004]), array([0.14992639]))","(array([0.08734306]), array([0.15128262]))","(array([0.08238691]), array([0.14269831]))","(array([0.07746821]), array([0.13417888]))","(array([0.07262115]), array([0.12578353]))","(array([0.07545695]), array([0.13069528]))","(array([0.0841634]), array([0.14577528]))","(array([0.08996033]), array([0.15581587]))","(array([0.09296552]), array([0.161021]))","(array([0.09360717]), array([0.16213237]))","(array([0.09135711]), array([0.15823515]))","(array([0.08601545]), array([0.14898313]))","(array([0.07825568]), array([0.13554281]))"
(0.5837298955442999+0j),[-1.50650323e-14],[1.],[0.60920184],[1.],"(array([0.13729291]), array([0.2377983]))","(array([0.07812108]), array([0.13530968]))","(array([0.08654213]), array([0.14989536]))","(array([0.08732674]), array([0.15125435]))","(array([0.08237122]), array([0.14267114]))","(array([0.07745309]), array([0.13415268]))","(array([0.072607]), array([0.12575901]))","(array([0.07544615]), array([0.13067657]))","(array([0.08415844]), array([0.14576669]))","(array([0.08996135]), array([0.15581762]))","(array([0.09297206]), array([0.16103232]))","(array([0.09361845]), array([0.16215192]))","(array([0.09137169]), array([0.1582604]))","(array([0.08603142]), array([0.14901079]))","(array([0.0782716]), array([0.13557038]))","(array([0.07072155]), array([0.12249332]))"
(0.5613151935575738+0j),[-7.98459665e-15],[1.],[0.56255625],[1.],"(array([0.14309799]), array([0.24785298]))","(array([0.08652315]), array([0.14986248]))","(array([0.08730926]), array([0.15122407]))","(array([0.08235437]), array([0.14264195]))","(array([0.07743661]), array([0.13412415]))","(array([0.07259177]), array([0.12573263]))","(array([0.07543439]), array([0.13065619]))","(array([0.08415282]), array([0.14575697]))","(array([0.08996212]), array([0.15581896]))","(array([0.09297877]), array([0.16104395]))","(array([0.09363043]), array([0.16217266]))","(array([0.09138738]), array([0.15828758]))","(array([0.08604883]), array([0.14904095]))","(array([0.0782893]), array([0.13560104]))","(array([0.07073807]), array([0.12252193]))","(array([0.06500494]), array([0.11259187]))"
(0.5357327697521854+0j),[-7.24038147e-15],[1.],[0.52602665],[1.],"(array([0.14677355]), array([0.25421925]))","(array([0.08728948]), array([0.15118981]))","(array([0.08233512]), array([0.14260861]))","(array([0.07741793]), array([0.13409179]))","(array([0.07257406]), array([0.12570195]))","(array([0.07542]), array([0.13063127]))","(array([0.08414485]), array([0.14574315]))","(array([0.08996123]), array([0.15581741]))","(array([0.09298476]), array([0.16105433]))","(array([0.09364287]), array([0.16219421]))","(array([0.09140484]), array([0.15831782]))","(array([0.08606915]), array([0.14907615]))","(array([0.07831072]), array([0.13563815]))","(array([0.07075866]), array([0.1225576]))","(array([0.06502366]), array([0.11262428]))","(array([0.06028128]), array([0.10441024]))"
(0.5103301352271538+0j),[-4.61794034e-15],[1.],[0.49886281],[1.],"(array([0.14392504]), array([0.24928548]))","(array([0.08231481]), array([0.14257343]))","(array([0.07739739]), array([0.1340562]))","(array([0.07255373]), array([0.12566674]))","(array([0.0754018]), array([0.13059974]))","(array([0.08413194]), array([0.1457208]))","(array([0.08995516]), array([0.15580691]))","(array([0.09298633]), array([0.16105705]))","(array([0.09365253]), array([0.16221094]))","(array([0.09142181]), array([0.15834722]))","(array([0.08609152]), array([0.14911489]))","(array([0.07833639]), array([0.1356826]))","(array([0.0707849]), array([0.12260305]))","(array([0.06504872]), array([0.11266769]))","(array([0.06030438]), array([0.10445025]))","(array([0.05666099]), array([0.09813972]))"
(0.45990441261825005+0j),[-2.03106018e-15],[1.],[0.47943321],[1.],"(array([0.13642182]), array([0.23628952]))","(array([0.07737804]), array([0.13402269]))","(array([0.07253354]), array([0.12563177]))","(array([0.07538182]), array([0.13056514]))","(array([0.08411503]), array([0.1456915]))","(array([0.08994382]), array([0.15578727]))","(array([0.09298264]), array([0.16105065]))","(array([0.09365801]), array([0.16222043]))","(array([0.09143649]), array([0.15837265]))","(array([0.08611417]), array([0.14915411]))","(array([0.07836494]), array([0.13573205]))","(array([0.07081587]), array([0.12265669]))","(array([0.06507957]), array([0.11272113]))","(array([0.06033399]), array([0.10450154]))","(array([0.05668864]), array([0.09818761]))","(array([0.05412662]), array([0.09375006]))"
(0.4153349719378672+0j),[-1.58567541e-15],[1.],[0.46244049],[1.],"(array([0.12946919]), array([0.22424721]))","(array([0.07251635]), array([0.125602]))","(array([0.07536252]), array([0.13053172]))","(array([0.08409542]), array([0.14565755]))","(array([0.08992734]), array([0.15575873]))","(array([0.09297251]), array([0.16103311]))","(array([0.0936569]), array([0.16221851]))","(array([0.09144569]), array([0.15838858]))","(array([0.08613332]), array([0.14918728]))","(array([0.07839221]), array([0.13577929]))","(array([0.0708475]), array([0.12271146]))","(array([0.06511267]), array([0.11277846]))","(array([0.06036736]), array([0.10455933]))","(array([0.05672123]), array([0.09824406]))","(array([0.05415754]), array([0.09380361]))","(array([0.05210762]), array([0.09025304]))"
(0.37589531938610893+0j),[-3.13471702e-15],[1.],[0.44786207],[1.],"(array([0.12291489]), array([0.21289484]))","(array([0.07534564]), array([0.13050248]))","(array([0.08407532]), array([0.14562273]))","(array([0.08990789]), array([0.15572503]))","(array([0.09295766]), array([0.16100739]))","(array([0.09365025]), array([0.162207]))","(array([0.09144965]), array([0.15839544]))","(array([0.08614827]), array([0.14921318]))","(array([0.07841658]), array([0.13582151]))","(array([0.07087748]), array([0.12276341]))","(array([0.06514536]), array([0.11283507]))","(array([0.06040161]), array([0.10461866]))","(array([0.05675595]), array([0.09830419]))","(array([0.05419119]), array([0.0938619]))","(array([0.05213955]), array([0.09030835]))","(array([0.05041231]), array([0.08731668]))"
(0.33909939756486296+0j),[-5.2427998e-15],[1.],[0.43521426],[1.],"(array([0.1243053]), array([0.2153031]))","(array([0.08405581]), array([0.14558893]))","(array([0.0898871]), array([0.15568903]))","(array([0.09293993]), array([0.16097669]))","(array([0.09363976]), array([0.16218882]))","(array([0.0914496]), array([0.15839536]))","(array([0.0861597]), array([0.14923297]))","(array([0.07843819]), array([0.13585894]))","(array([0.07090552]), array([0.12281196]))","(array([0.06517687]), array([0.11288965]))","(array([0.06043555]), array([0.10467745]))","(array([0.05679124]), array([0.09836531]))","(array([0.05422598]), array([0.09392215]))","(array([0.05217275]), array([0.09036585]))","(array([0.05044396]), array([0.08737149]))","(array([0.04897721]), array([0.08483102]))"
(0.3490124598895337+0j),[-6.49400078e-15],[1.],[0.4867397],[1.],"(array([0.13522071]), array([0.23420913]))","(array([0.08986627]), array([0.15565294]))","(array([0.09292025]), array([0.16094259]))","(array([0.09362571]), array([0.16216449]))","(array([0.09144513]), array([0.15838761]))","(array([0.08616654]), array([0.14924483]))","(array([0.07845552]), array([0.13588895]))","(array([0.07092982]), array([0.12285406]))","(array([0.06520529]), array([0.11293888]))","(array([0.06046717]), array([0.10473221]))","(array([0.05682504]), array([0.09842386]))","(array([0.0542599]), array([0.09398091]))","(array([0.0522054]), array([0.0904224]))","(array([0.05047522]), array([0.08742564]))","(array([0.04900714]), array([0.08488286]))","(array([0.05119078]), array([0.08866504]))"
(0.36111690325650814+0j),[-1.36138909e-14],[1.],[0.53205394],[1.],"(array([0.14652954]), array([0.25379661]))","(array([0.09290098]), array([0.16090921]))","(array([0.09360993]), array([0.16213716]))","(array([0.09143703]), array([0.15837359]))","(array([0.08616843]), array([0.1492481]))","(array([0.07846728]), array([0.13590932]))","(array([0.07094853]), array([0.12288646]))","(array([0.06522828]), array([0.11297869]))","(array([0.06049364]), array([0.10477806]))","(array([0.05685418]), array([0.09847433]))","(array([0.05428966]), array([0.09403244]))","(array([0.05223438]), array([0.09047259]))","(array([0.05050326]), array([0.08747422]))","(array([0.04903419]), array([0.0849297]))","(array([0.05121763]), array([0.08871153]))","(array([0.05669241]), array([0.09819413]))"
(0.3750569995741438+0j),[-2.09224195e-14],[1.],[0.57129433],[1.],"(array([0.15440317]), array([0.26743413]))","(array([0.09359362]), array([0.1621089]))","(array([0.09142559]), array([0.15835377]))","(array([0.08616446]), array([0.14924123]))","(array([0.07847154]), array([0.13591669]))","(array([0.07095906]), array([0.1229047]))","(array([0.06524308]), array([0.11300434]))","(array([0.0605122]), array([0.1048102]))","(array([0.05687575]), array([0.09851169]))","(array([0.05431242]), array([0.09407187]))","(array([0.05225698]), array([0.09051175]))","(array([0.05052552]), array([0.08751276]))","(array([0.04905595]), array([0.0849674]))","(array([0.05123986]), array([0.08875004]))","(array([0.05671522]), array([0.09823365]))","(array([0.06153295]), array([0.10657819]))"
(0.3903855969612574+0j),[-2.18908454e-14],[1.],[0.60448317],[1.],"(array([0.15922819]), array([0.27579131]))","(array([0.09141128]), array([0.15832898]))","(array([0.08615495]), array([0.14922476]))","(array([0.07846832]), array([0.13591113]))","(array([0.07096127]), array([0.12290852]))","(array([0.06524949]), array([0.11301543]))","(array([0.06052246]), array([0.10482797]))","(array([0.05688922]), array([0.09853501]))","(array([0.05432752]), array([0.09409802]))","(array([0.05227246]), array([0.09053856]))","(array([0.05054116]), array([0.08753986]))","(array([0.0490716]), array([0.0849945]))","(array([0.05125664]), array([0.0887791]))","(array([0.05673372]), array([0.09826569]))","(array([0.06155202]), array([0.10661122]))","(array([0.06566865]), array([0.11374144]))"
(0.4166807100495718+0j),[-1.19900032e-14],[1.],[0.63543048],[1.],"(array([0.16073998]), array([0.27840981]))","(array([0.08614141]), array([0.1492013]))","(array([0.07845896]), array([0.1358949]))","(array([0.07095636]), array([0.12290002]))","(array([0.06524845]), array([0.11301362]))","(array([0.0605251]), array([0.10483255]))","(array([0.05689514]), array([0.09854527]))","(array([0.05433539]), array([0.09411165]))","(array([0.05228111]), array([0.09055355]))","(array([0.05055037]), array([0.0875558]))","(array([0.04908121]), array([0.08501114]))","(array([0.05126784]), array([0.08879851]))","(array([0.05674732]), array([0.09828924]))","(array([0.06156732]), array([0.10663772]))","(array([0.06568437]), array([0.11376866]))","(array([0.06936758]), array([0.12014818]))"
(0.4440474146614353+0j),[-8.44174645e-15],[1.],[0.65331816],[1.],"(array([0.15828743]), array([0.27416188]))","(array([0.07844601]), array([0.13587247]))","(array([0.0709463]), array([0.12288259]))","(array([0.06524138]), array([0.11300138]))","(array([0.06052111]), array([0.10482563]))","(array([0.05689411]), array([0.09854349]))","(array([0.05433631]), array([0.09411324]))","(array([0.05228308]), array([0.09055695]))","(array([0.05055317]), array([0.08756067]))","(array([0.04908468]), array([0.08501717]))","(array([0.05127324]), array([0.08880786]))","(array([0.05675553]), array([0.09830346]))","(array([0.06157787]), array([0.106656]))","(array([0.06569635]), array([0.11378941]))","(array([0.06937983]), array([0.12016939]))","(array([0.07218836]), array([0.1250339]))"
(0.47155728163033755+0j),[-2.74030559e-15],[1.],[0.65724196],[1.],"(array([0.15191673]), array([0.26312749]))","(array([0.07093471]), array([0.12286251]))","(array([0.06523173]), array([0.11298467]))","(array([0.0605137]), array([0.1048128]))","(array([0.056889]), array([0.09853463]))","(array([0.05433284]), array([0.09410724]))","(array([0.05228062]), array([0.09055269]))","(array([0.05055156]), array([0.08755787]))","(array([0.04908385]), array([0.08501573]))","(array([0.05127411]), array([0.08880937]))","(array([0.05675904]), array([0.09830955]))","(array([0.06158405]), array([0.10666671]))","(array([0.06570447]), array([0.11380349]))","(array([0.06938895]), array([0.12018519]))","(array([0.07219765]), array([0.12504999]))","(array([0.07351471]), array([0.12733122]))"
(0.49809192532289415+0j),[-4.5129281e-15],[1.],[0.64602566],[1.],"(array([0.14408467]), array([0.24956196]))","(array([0.0652221]), array([0.11296799]))","(array([0.06050556]), array([0.1047987]))","(array([0.05688243]), array([0.09852326]))","(array([0.05432754]), array([0.09409807]))","(array([0.05227618]), array([0.090545]))","(array([0.05054789]), array([0.08755151]))","(array([0.04908095]), array([0.08501069]))","(array([0.05127261]), array([0.08880676]))","(array([0.05675976]), array([0.09831078]))","(array([0.06158722]), array([0.10667219]))","(array([0.06570985]), array([0.1138128]))","(array([0.06939583]), array([0.1201971]))","(array([0.07220517]), array([0.12506302]))","(array([0.07352212]), array([0.12734404]))","(array([0.07318842]), array([0.12676606]))"
(0.497211164513974+0j),[-1.69306354e-15],[1.],[0.62615409],[1.],"(array([0.13659465]), array([0.23658888]))","(array([0.06049721]), array([0.10478424]))","(array([0.05687511]), array([0.09851058]))","(array([0.05432118]), array([0.09408705]))","(array([0.05227061]), array([0.09053535]))","(array([0.05054307]), array([0.08754316]))","(array([0.04907686]), array([0.08500362]))","(array([0.05126969]), array([0.08880172]))","(array([0.05675864]), array([0.09830884]))","(array([0.06158813]), array([0.10667377]))","(array([0.06571278]), array([0.11381788]))","(array([0.0694006]), array([0.12020537]))","(array([0.07221127]), array([0.12507359]))","(array([0.07352867]), array([0.12735539]))","(array([0.07319456]), array([0.1267767]))","(array([0.07140344]), array([0.12367438]))"
(0.4958700491190325+0j),[3.22821767e-15],[1.],[0.60546431],[1.],"(array([0.12960945]), array([0.22449015]))","(array([0.05686666]), array([0.09849594]))","(array([0.05431362]), array([0.09407396]))","(array([0.05226389]), array([0.09052371]))","(array([0.05053714]), array([0.08753289]))","(array([0.04907167]), array([0.08499463]))","(array([0.05126566]), array([0.08879474]))","(array([0.05675637]), array([0.09830492]))","(array([0.06158778]), array([0.10667317]))","(array([0.06571431]), array([0.11382052]))","(array([0.06940389]), array([0.12021106]))","(array([0.07221614]), array([0.12508202]))","(array([0.07353464]), array([0.12736572]))","(array([0.07320071]), array([0.12678736]))","(array([0.07140895]), array([0.12368393]))","(array([0.069141]), array([0.11975572]))"
(0.49373605460846404+0j),[1.02715357e-15],[1.],[0.58452126],[1.],"(array([0.12361338]), array([0.21410465]))","(array([0.05430321]), array([0.09405592]))","(array([0.05225436]), array([0.09050721]))","(array([0.0505284]), array([0.08751775]))","(array([0.04906368]), array([0.08498079]))","(array([0.05125877]), array([0.08878279]))","(array([0.05675126]), array([0.09829606]))","(array([0.06158483]), array([0.10666806]))","(array([0.06571363]), array([0.11381934]))","(array([0.06940548]), array([0.12021382]))","(array([0.07221983]), array([0.12508842]))","(array([0.07354013]), array([0.12737524]))","(array([0.07320734]), array([0.12679884]))","(array([0.07141555]), array([0.12369536]))","(array([0.06914681]), array([0.11976579]))","(array([0.06677645]), array([0.11566021]))"
(0.49083048441933486+0j),[5.67942648e-15],[1.],[0.56348615],[1.],"(array([0.11865292]), array([0.20551289]))","(array([0.05224162]), array([0.09048514]))","(array([0.0505164]), array([0.08749697]))","(array([0.04905237]), array([0.08496119]))","(array([0.05124816]), array([0.08876442]))","(array([0.05674187]), array([0.0982798]))","(array([0.06157753]), array([0.10665541]))","(array([0.06570888]), array([0.11381112]))","(array([0.0694035]), array([0.12021039]))","(array([0.07222074]), array([0.12508999]))","(array([0.07354371]), array([0.12738145]))","(array([0.07321331]), array([0.12680917]))","(array([0.07142277]), array([0.12370786]))","(array([0.06915406]), array([0.11977835]))","(array([0.06678308]), array([0.11567168]))","(array([0.06437641]), array([0.11150322]))"
(0.47164894826621123+0j),[1.13063411e-15],[1.],[0.5434897],[1.],"(array([0.11423896]), array([0.19786769]))","(array([0.05050276]), array([0.08747335]))","(array([0.04903933]), array([0.08493861]))","(array([0.05123529]), array([0.08874212]))","(array([0.05672934]), array([0.0982581]))","(array([0.0615665]), array([0.1066363]))","(array([0.06570018]), array([0.11379604]))","(array([0.06939773]), array([0.12020039]))","(array([0.07221825]), array([0.12508567]))","(array([0.07354452]), array([0.12738284]))","(array([0.07321734]), array([0.12681615]))","(array([0.07142919]), array([0.12371899]))","(array([0.06916167]), array([0.11979152]))","(array([0.06679091]), array([0.11568526]))","(array([0.06438382]), array([0.11151606]))","(array([0.06202061]), array([0.10742286]))"
(0.4537447521807465+0j),[2.01645389e-15],[1.],[0.52790993],[1.],"(array([0.11048545]), array([0.19136641]))","(array([0.04902711]), array([0.08491744]))","(array([0.05122255]), array([0.08872006]))","(array([0.0567158]), array([0.09823465]))","(array([0.06155331]), array([0.10661345]))","(array([0.06568846]), array([0.11377575]))","(array([0.06938848]), array([0.12018438]))","(array([0.07221222]), array([0.12507523]))","(array([0.07354198]), array([0.12737845]))","(array([0.07321831]), array([0.12681784]))","(array([0.07143305]), array([0.12372567]))","(array([0.06916758]), array([0.11980177]))","(array([0.06679822]), array([0.11569791]))","(array([0.06439176]), array([0.1115298]))","(array([0.06202854]), array([0.10743659]))","(array([0.06000298]), array([0.10392821]))"
(0.43714329949480807+0j),[9.22061477e-15],[1.],[0.51660789],[1.],"(array([0.10753237]), array([0.18625154]))","(array([0.051212]), array([0.08870179]))","(array([0.05670401]), array([0.09821422]))","(array([0.06154118]), array([0.10659245]))","(array([0.06567711]), array([0.11375609]))","(array([0.06937896]), array([0.12016789]))","(array([0.07220539]), array([0.12506341]))","(array([0.07353824]), array([0.12737196]))","(array([0.07321773]), array([0.12681683]))","(array([0.07143513]), array([0.12372927]))","(array([0.06917171]), array([0.11980892]))","(array([0.06680402]), array([0.11570796]))","(array([0.06439872]), array([0.11154186]))","(array([0.06203598]), array([0.10744947]))","(array([0.06001043]), array([0.10394111]))","(array([0.05852171]), array([0.10136258]))"
(0.4213404154754064+0j),[1.59395928e-14],[1.],[0.51011039],[1.],"(array([0.10876901]), array([0.18839345]))","(array([0.05669424]), array([0.0981973]))","(array([0.06153117]), array([0.10657511]))","(array([0.06566777]), array([0.11373992]))","(array([0.0693712]), array([0.12015444]))","(array([0.07219992]), array([0.12505394]))","(array([0.07353534]), array([0.12736694]))","(array([0.07321748]), array([0.12681639]))","(array([0.07143701]), array([0.12373253]))","(array([0.06917525]), array([0.11981505]))","(array([0.06680893]), array([0.11571647]))","(array([0.06440465]), array([0.11155213]))","(array([0.06204241]), array([0.1074606]))","(array([0.06001693]), array([0.10395238]))","(array([0.05852809]), array([0.10137363]))","(array([0.05757711]), array([0.09972648]))"
(0.39630194817592274+0j),[8.03914931e-15],[1.],[0.50292537],[1.],"(array([0.11353934]), array([0.1966559]))","(array([0.06152267]), array([0.10656038]))","(array([0.06565977]), array([0.11372605]))","(array([0.06936449]), array([0.12014282]))","(array([0.07219518]), array([0.12504571]))","(array([0.07353285]), array([0.12736263]))","(array([0.07321737]), array([0.12681621]))","(array([0.07143877]), array([0.12373557]))","(array([0.06917847]), array([0.11982063]))","(array([0.06681336]), array([0.11572413]))","(array([0.06440998]), array([0.11156137]))","(array([0.06204819]), array([0.10747063]))","(array([0.06002282]), array([0.10396257]))","(array([0.05853388]), array([0.10138366]))","(array([0.05758265]), array([0.09973608]))","(array([0.05686282]), array([0.09848929]))"
(0.3727117549720091+0j),[5.83447771e-15],[1.],[0.50105577],[1.],"(array([0.11789002]), array([0.20419151]))","(array([0.06565245]), array([0.11371339]))","(array([0.06935829]), array([0.12013209]))","(array([0.07219071]), array([0.12503798]))","(array([0.07353046]), array([0.1273585]))","(array([0.07321724]), array([0.12681598]))","(array([0.07144046]), array([0.1237385]))","(array([0.06918152]), array([0.1198259]))","(array([0.06681747]), array([0.11573125]))","(array([0.06441489]), array([0.11156986]))","(array([0.0620535]), array([0.10747981]))","(array([0.06002822]), array([0.10397192]))","(array([0.05853923]), array([0.10139292]))","(array([0.0575878]), array([0.099745]))","(array([0.05686767]), array([0.0984977]))","(array([0.05638402]), array([0.09765999]))"
(0.35069509216728934+0j),[7.08476655e-15],[1.],[0.50381616],[1.],"(array([0.12208372]), array([0.2114552]))","(array([0.06935197]), array([0.12012114]))","(array([0.07218584]), array([0.12502953]))","(array([0.07352747]), array([0.12735332]))","(array([0.07321642]), array([0.12681457]))","(array([0.07144148]), array([0.12374027]))","(array([0.06918392]), array([0.11983007]))","(array([0.06682098]), array([0.11573733]))","(array([0.06441925]), array([0.11157742]))","(array([0.06205835]), array([0.10748821]))","(array([0.06003326]), array([0.10398066]))","(array([0.05854434]), array([0.10140176]))","(array([0.05759283]), array([0.09975371]))","(array([0.05687249]), array([0.09850604]))","(array([0.05638857]), array([0.09766787]))","(array([0.05644678]), array([0.09776869]))"
(0.3301719214181684+0j),[8.42429922e-15],[1.],[0.51072291],[1.],"(array([0.12633277]), array([0.21881477]))","(array([0.07218012]), array([0.12501964]))","(array([0.07352331]), array([0.12734612]))","(array([0.07321429]), array([0.12681087]))","(array([0.07144117]), array([0.12373974]))","(array([0.06918517]), array([0.11983223]))","(array([0.06682353]), array([0.11574174]))","(array([0.06442287]), array([0.11158368]))","(array([0.06206265]), array([0.10749566]))","(array([0.06003794]), array([0.10398877]))","(array([0.05854925]), array([0.10141028]))","(array([0.05759783]), array([0.09976236]))","(array([0.05687742]), array([0.09851458]))","(array([0.05639335]), array([0.09767616]))","(array([0.05645135]), array([0.09777661]))","(array([0.05699619]), array([0.0987203]))"
(0.3087256603024427+0j),[1.15244778e-14],[1.],[0.5182599],[1.],"(array([0.12998278]), array([0.22513678]))","(array([0.07351794]), array([0.1273368]))","(array([0.07321069]), array([0.12680464]))","(array([0.07143937]), array([0.12373661]))","(array([0.06918503]), array([0.11983199]))","(array([0.06682494]), array([0.1157442]))","(array([0.06442564]), array([0.11158848]))","(array([0.06206635]), array([0.10750207]))","(array([0.06004221]), array([0.10399616]))","(array([0.05855395]), array([0.10141841]))","(array([0.05760279]), array([0.09977096]))","(array([0.05688246]), array([0.09852331]))","(array([0.05639835]), array([0.09768481]))","(array([0.05645624]), array([0.09778507]))","(array([0.05700089]), array([0.09872843]))","(array([0.0578173]), array([0.1001425]))"
(0.2888653603813549+0j),[1.09434718e-14],[1.],[0.52917861],[1.],"(array([0.13237585]), array([0.2292817]))","(array([0.07320599]), array([0.1267965]))","(array([0.07143621]), array([0.12373115]))","(array([0.06918345]), array([0.11982925]))","(array([0.06682499]), array([0.11574428]))","(array([0.06442719]), array([0.11159117]))","(array([0.06206899]), array([0.10750665]))","(array([0.06004558]), array([0.10400199]))","(array([0.05855791]), array([0.10142527]))","(array([0.05760721]), array([0.09977861]))","(array([0.05688712]), array([0.09853138]))","(array([0.0564031]), array([0.09769304]))","(array([0.05646101]), array([0.09779334]))","(array([0.05700559]), array([0.09873658]))","(array([0.05782187]), array([0.10015041]))","(array([0.05887191]), array([0.10196914]))"
(0.2707639254405986+0j),[9.40334765e-15],[1.],[0.54307581],[1.],"(array([0.13346143]), array([0.23116197]))","(array([0.07142997]), array([0.12372033]))","(array([0.06917856]), array([0.11982078]))","(array([0.06682174]), array([0.11573864]))","(array([0.06442567]), array([0.11158854]))","(array([0.06206895]), array([0.10750657]))","(array([0.06004667]), array([0.10400388]))","(array([0.05856003]), array([0.10142896]))","(array([0.05761025]), array([0.09978389]))","(array([0.05689083]), array([0.09853781]))","(array([0.05640728]), array([0.09770027]))","(array([0.05646557]), array([0.09780124]))","(array([0.05701044]), array([0.09874497]))","(array([0.05782686]), array([0.10015906]))","(array([0.05887695]), array([0.10197788]))","(array([0.06027073]), array([0.10439197]))"
(0.25498619047136534+0j),[7.49744827e-15],[1.],[0.55906692],[1.],"(array([0.13332643]), array([0.23092816]))","(array([0.06916741]), array([0.11980147]))","(array([0.06681203]), array([0.11572184]))","(array([0.06441787]), array([0.11157502]))","(array([0.06206319]), array([0.1074966]))","(array([0.06004284]), array([0.10399724]))","(array([0.05855811]), array([0.10142562]))","(array([0.05761013]), array([0.09978368]))","(array([0.05689219]), array([0.09854017]))","(array([0.05640979]), array([0.09770462]))","(array([0.0564691]), array([0.09780735]))","(array([0.05701485]), array([0.09875262]))","(array([0.05783197]), array([0.1001679]))","(array([0.05888257]), array([0.1019876]))","(array([0.06027674]), array([0.10440238]))","(array([0.06191476]), array([0.10723951]))"
(0.23012272126441213+0j),[5.09150704e-15],[1.],[0.55565229],[1.],"(array([0.13172012]), array([0.22814595]))","(array([0.06679462]), array([0.11569168]))","(array([0.06440209]), array([0.1115477]))","(array([0.06204969]), array([0.10747322]))","(array([0.06003185]), array([0.10397822]))","(array([0.05854981]), array([0.10141124]))","(array([0.05760455]), array([0.09977401]))","(array([0.05688898]), array([0.09853461]))","(array([0.05640853]), array([0.09770243]))","(array([0.05646961]), array([0.09780823]))","(array([0.05701696]), array([0.09875626]))","(array([0.05783545]), array([0.10017394]))","(array([0.05888723]), array([0.10199567]))","(array([0.0602824]), array([0.10441218]))","(array([0.06192126]), array([0.10725078]))","(array([0.06257559]), array([0.1083841]))"
(0.208104631374647+0j),[4.7049104e-15],[1.],[0.55355506],[1.],"(array([0.12892793]), array([0.22330972]))","(array([0.06437653]), array([0.11150343]))","(array([0.06202623]), array([0.10743259]))","(array([0.06001126]), array([0.10394256]))","(array([0.05853255]), array([0.10138135]))","(array([0.05759088]), array([0.09975033]))","(array([0.05687861]), array([0.09851664]))","(array([0.056401]), array([0.0976894]))","(array([0.05646474]), array([0.0977998]))","(array([0.05701458]), array([0.09875215]))","(array([0.05783535]), array([0.10017376]))","(array([0.05888917]), array([0.10199904]))","(array([0.06028624]), array([0.10441884]))","(array([0.06192678]), array([0.10726033]))","(array([0.06258222]), array([0.10839558]))","(array([0.06216379]), array([0.10767084]))"
(0.18880105089832594+0j),[1.33454746e-15],[1.],[0.55251558],[1.],"(array([0.12619689]), array([0.21857943]))","(array([0.06199103]), array([0.10737161]))","(array([0.059979]), array([0.10388667]))","(array([0.05850406]), array([0.101332]))","(array([0.05756673]), array([0.0997085]))","(array([0.0568587]), array([0.09848216]))","(array([0.05638491]), array([0.09766152]))","(array([0.05645228]), array([0.09777822]))","(array([0.05700563]), array([0.09873664]))","(array([0.05782967]), array([0.10016393]))","(array([0.05888657]), array([0.10199453]))","(array([0.06028659]), array([0.10441944]))","(array([0.06192989]), array([0.10726572]))","(array([0.06258728]), array([0.10840435]))","(array([0.0621701]), array([0.10768178]))","(array([0.06186062]), array([0.10714573]))"
(0.17232056500082948+0j),[-1.21676992e-15],[1.],[0.55223176],[1.],"(array([0.12360236]), array([0.21408556]))","(array([0.05993529]), array([0.10381096]))","(array([0.05846393]), array([0.10126249]))","(array([0.0575311]), array([0.09964679]))","(array([0.05682781]), array([0.09842865]))","(array([0.0563585]), array([0.09761579]))","(array([0.05643028]), array([0.09774011]))","(array([0.05698796]), array([0.09870605]))","(array([0.05781617]), array([0.10014054]))","(array([0.05887707]), array([0.10197808]))","(array([0.06028105]), array([0.10440984]))","(array([0.06192819]), array([0.10726277]))","(array([0.06258849]), array([0.10840645]))","(array([0.06217331]), array([0.10768734]))","(array([0.06186568]), array([0.1071545]))","(array([0.06165974]), array([0.1067978]))"
(0.19925632618530276+0j),[-2.10335867e-15],[1.],[0.63743901],[1.],"(array([0.12619972]), array([0.21858433]))","(array([0.0584121]), array([0.10117273]))","(array([0.05748325]), array([0.09956391]))","(array([0.05678465]), array([0.09835391]))","(array([0.05632014]), array([0.09754934]))","(array([0.05639677]), array([0.09768208]))","(array([0.0569594]), array([0.09865658]))","(array([0.0577925]), array([0.10009954]))","(array([0.05885822]), array([0.10194542]))","(array([0.06026708]), array([0.10438564]))","(array([0.06191911]), array([0.10724705]))","(array([0.0625833]), array([0.10839745]))","(array([0.06217098]), array([0.1076833]))","(array([0.06186605]), array([0.10715514]))","(array([0.06166264]), array([0.10680283]))","(array([0.06632294]), array([0.1148747]))"
(0.2313647175567018+0j),[-1.79958696e-15],[1.],[0.70817814],[1.],"(array([0.13327296]), array([0.23083554]))","(array([0.05742754]), array([0.09946742]))","(array([0.05673248]), array([0.09826355]))","(array([0.05627212]), array([0.09746617]))","(array([0.05635323]), array([0.09760665]))","(array([0.05692062]), array([0.09858941]))","(array([0.05775862]), array([0.10004087]))","(array([0.05882934]), array([0.10189541]))","(array([0.06024346]), array([0.10434473]))","(array([0.06190089]), array([0.10721548]))","(array([0.06256955]), array([0.10837364]))","(array([0.06216076]), array([0.10766559]))","(array([0.06185923]), array([0.10714333]))","(array([0.06165901]), array([0.10679654]))","(array([0.06632453]), array([0.11487745]))","(array([0.07492324]), array([0.12977086]))"
(0.2667038338599529+0j),[-9.70280419e-15],[1.],[0.763472],[1.],"(array([0.13934687]), array([0.24135587]))","(array([0.05668016]), array([0.09817292]))","(array([0.05622263]), array([0.09738045]))","(array([0.05630712]), array([0.09752679]))","(array([0.05687841]), array([0.0985163]))","(array([0.05772065]), array([0.0999751]))","(array([0.05879586]), array([0.10183741]))","(array([0.06021478]), array([0.10429506]))","(array([0.06187722]), array([0.10717449]))","(array([0.06255022]), array([0.10834016]))","(array([0.062145]), array([0.1076383]))","(array([0.06184701]), array([0.10712216]))","(array([0.06165021]), array([0.10678129]))","(array([0.06632119]), array([0.11487166]))","(array([0.07492671]), array([0.12977686]))","(array([0.08197844]), array([0.14199083]))"
(0.30358261517062973+0j),[-1.08897894e-14],[1.],[0.80302342],[1.],"(array([0.14400258]), array([0.24941979]))","(array([0.05617644]), array([0.09730044]))","(array([0.05626334]), array([0.09745096]))","(array([0.05683765]), array([0.0984457]))","(array([0.05768338]), array([0.09991055]))","(array([0.0587624]), array([0.10177946]))","(array([0.06018546]), array([0.10424427]))","(array([0.06185226]), array([0.10713125]))","(array([0.06252913]), array([0.10830362]))","(array([0.06212721]), array([0.10760748]))","(array([0.06183252]), array([0.10709706]))","(array([0.06163899]), array([0.10676186]))","(array([0.06631521]), array([0.11486131]))","(array([0.07492732]), array([0.12977793]))","(array([0.08198439]), array([0.14200113]))","(array([0.08737527]), array([0.1513384]))"
(0.3116700259460351+0j),[-1.47501849e-14],[1.],[0.80495749],[1.],"(array([0.14582841]), array([0.25258222]))","(array([0.0562224]), array([0.09738005]))","(array([0.05679891]), array([0.09837861]))","(array([0.05764739]), array([0.09984821]))","(array([0.05872955]), array([0.10172257]))","(array([0.06015611]), array([0.10419345]))","(array([0.06182669]), array([0.10708697]))","(array([0.06250701]), array([0.10826531]))","(array([0.06210812]), array([0.10757443]))","(array([0.0618165]), array([0.10706933]))","(array([0.06162606]), array([0.10673948]))","(array([0.06630717]), array([0.11484738]))","(array([0.07492566]), array([0.12977505]))","(array([0.08198805]), array([0.14200746]))","(array([0.08738286]), array([0.15135156]))","(array([0.08969823]), array([0.15536188]))"
(0.31942241913817104+0j),[-1.18805837e-14],[1.],[0.80427479],[1.],"(array([0.14600988]), array([0.25289654]))","(array([0.05676169]), array([0.09831413]))","(array([0.05761226]), array([0.09978736]))","(array([0.05869696]), array([0.10166612]))","(array([0.06012648]), array([0.10414211]))","(array([0.06180034]), array([0.10704132]))","(array([0.06248378]), array([0.10822507]))","(array([0.06208773]), array([0.1075391]))","(array([0.06179902]), array([0.10703904]))","(array([0.06161154]), array([0.10671431]))","(array([0.06629728]), array([0.11483026]))","(array([0.07492195]), array([0.12976862]))","(array([0.08198982]), array([0.14201053]))","(array([0.08738878]), array([0.15136181]))","(array([0.08970653]), array([0.15537626]))","(array([0.08983001]), array([0.15559014]))"
(0.3265504878396218+0j),[-8.52643894e-15],[1.],[0.80130872],[1.],"(array([0.14630909]), array([0.25341477]))","(array([0.05757522]), array([0.0997232]))","(array([0.05866161]), array([0.1016049]))","(array([0.06009328]), array([0.10408462]))","(array([0.0617698]), array([0.10698843]))","(array([0.06245605]), array([0.10817705]))","(array([0.06206273]), array([0.10749581]))","(array([0.0617769]), array([0.10700074]))","(array([0.06159244]), array([0.10668123]))","(array([0.06628288]), array([0.11480532]))","(array([0.07491395]), array([0.12975477]))","(array([0.08198795]), array([0.14200729]))","(array([0.08739202]), array([0.15136742]))","(array([0.08971285]), array([0.15538721]))","(array([0.08983804]), array([0.15560405]))","(array([0.08958948]), array([0.15517353]))"
(0.33288006961383276+0j),[-9.68787893e-15],[1.],[0.79647173],[1.],"(array([0.14657094]), array([0.25386831]))","(array([0.05862284]), array([0.10153774]))","(array([0.06005545]), array([0.10401909]))","(array([0.06173353]), array([0.1069256]))","(array([0.06242191]), array([0.10811791]))","(array([0.062031]), array([0.10744084]))","(array([0.06174785]), array([0.10695041]))","(array([0.06156634]), array([0.10663603]))","(array([0.06626138]), array([0.11476808]))","(array([0.07489901]), array([0.12972889]))","(array([0.08197987]), array([0.14199331]))","(array([0.08739034]), array([0.15136451]))","(array([0.08971559]), array([0.15539197]))","(array([0.08984349]), array([0.15561349]))","(array([0.08959705]), array([0.15518664]))","(array([0.08903813]), array([0.15421856]))"
(0.31117650262410057+0j),[-9.28864548e-15],[1.],[0.76809259],[1.],"(array([0.14565604]), array([0.25228367]))","(array([0.06001675]), array([0.10395206]))","(array([0.06169495]), array([0.10685879]))","(array([0.06238439]), array([0.10805293]))","(array([0.06199519]), array([0.10737883]))","(array([0.06171418]), array([0.10689209]))","(array([0.06153518]), array([0.10658207]))","(array([0.06623418]), array([0.11472097]))","(array([0.07487783]), array([0.1296922]))","(array([0.08196559]), array([0.14196857]))","(array([0.08738308]), array([0.15135194]))","(array([0.08971373]), array([0.15538873]))","(array([0.08984528]), array([0.1556166]))","(array([0.08960193]), array([0.1551951]))","(array([0.08904546]), array([0.15423127]))","(array([0.08707285]), array([0.1508146]))"
(0.2910468516045498+0j),[-8.80997497e-15],[1.],[0.741925],[1.],"(array([0.14384678]), array([0.24914992]))","(array([0.06165554]), array([0.10679052]))","(array([0.06234483]), array([0.10798441]))","(array([0.06195649]), array([0.10731179]))","(array([0.06167687]), array([0.10682747]))","(array([0.06149976]), array([0.1065207]))","(array([0.06620188]), array([0.11466502]))","(array([0.07485078]), array([0.12964535]))","(array([0.08194524]), array([0.14193331]))","(array([0.08737011]), array([0.15132947]))","(array([0.08970689]), array([0.15537689]))","(array([0.08984302]), array([0.15561268]))","(array([0.08960372]), array([0.15519819]))","(array([0.08905069]), array([0.15424032]))","(array([0.0870801]), array([0.15082716]))","(array([0.08386932]), array([0.14526592]))"
(0.27230245692463545+0j),[-9.50185051e-15],[1.],[0.7178182],[1.],"(array([0.14252116]), array([0.2468539]))","(array([0.06230143]), array([0.10790923]))","(array([0.06191354]), array([0.10723739]))","(array([0.061635]), array([0.10675494]))","(array([0.06145956]), array([0.10645108]))","(array([0.06616461]), array([0.11460047]))","(array([0.07481877]), array([0.1295899]))","(array([0.08192034]), array([0.14189019]))","(array([0.08735333]), array([0.15130041]))","(array([0.08969707]), array([0.15535988]))","(array([0.08983853]), array([0.15560489]))","(array([0.08960408]), array([0.15519882]))","(array([0.08905527]), array([0.15424825]))","(array([0.08708727]), array([0.15083957]))","(array([0.08387774]), array([0.1452805]))","(array([0.08090943]), array([0.14013924]))"
(0.25503234831317345+0j),[-6.26628288e-15],[1.],[0.695869],[1.],"(array([0.14050538]), array([0.24336246]))","(array([0.06186541]), array([0.10715404]))","(array([0.06158808]), array([0.10667368]))","(array([0.06141453]), array([0.10637309]))","(array([0.06612286]), array([0.11452815]))","(array([0.07478289]), array([0.12952777]))","(array([0.08189249]), array([0.14184195]))","(array([0.08733464]), array([0.15126804]))","(array([0.0896862]), array([0.15534105]))","(array([0.08983361]), array([0.15559637]))","(array([0.08960458]), array([0.15519968]))","(array([0.08906052]), array([0.15425734]))","(array([0.08709549]), array([0.15085382]))","(array([0.08388742]), array([0.14529728]))","(array([0.08092018]), array([0.14015786]))","(array([0.07825325]), array([0.1355386]))"
(0.23063356041839447+0j),[-4.72570675e-15],[1.],[0.66309624],[1.],"(array([0.13694571]), array([0.23719693]))","(array([0.0615358]), array([0.10658314]))","(array([0.06136426]), array([0.10628602]))","(array([0.06607614]), array([0.11444722]))","(array([0.07474258]), array([0.12945795]))","(array([0.08186104]), array([0.14178748]))","(array([0.08731345]), array([0.15123133]))","(array([0.08967379]), array([0.15531956]))","(array([0.08982788]), array([0.15558646]))","(array([0.08960494]), array([0.15520031]))","(array([0.08906623]), array([0.15426724]))","(array([0.08710461]), array([0.15086962]))","(array([0.08389826]), array([0.14531605]))","(array([0.08093227]), array([0.1401788]))","(array([0.07826623]), array([0.13556109]))","(array([0.07513411]), array([0.1301361]))"
(0.20863508788167298+0j),[-3.73349632e-15],[1.],[0.63234771],[1.],"(array([0.13302964]), array([0.23041409]))","(array([0.06130981]), array([0.1061917]))","(array([0.06602508]), array([0.11435878]))","(array([0.07469796]), array([0.12938066]))","(array([0.08182567]), array([0.14172623]))","(array([0.08728908]), array([0.15118912]))","(array([0.08965902]), array([0.15529397]))","(array([0.08982048]), array([0.15557364]))","(array([0.08960431]), array([0.15519922]))","(array([0.08907161]), array([0.15427655]))","(array([0.08711385]), array([0.15088562]))","(array([0.08390951]), array([0.14533553]))","(array([0.08094504]), array([0.14020091]))","(array([0.07828008]), array([0.13558507]))","(array([0.07514859]), array([0.13016117]))","(array([0.07155039]), array([0.12392891]))"
(0.1887370261663182+0j),[-5.65324445e-15],[1.],[0.60353376],[1.],"(array([0.12942752]), array([0.22417504]))","(array([0.06597368]), array([0.11426977]))","(array([0.07465061]), array([0.12929864]))","(array([0.08178575]), array([0.14165707]))","(array([0.08725909]), array([0.15113718]))","(array([0.0896384]), array([0.15525827]))","(array([0.08980755]), array([0.15555123]))","(array([0.08959872]), array([0.15518953]))","(array([0.08907274]), array([0.15427852]))","(array([0.08711947]), array([0.15089534]))","(array([0.0839176]), array([0.14534954]))","(array([0.08095514]), array([0.14021841]))","(array([0.07829174]), array([0.13560527]))","(array([0.07516116]), array([0.13018294]))","(array([0.0715635]), array([0.12395162]))","(array([0.06817077]), array([0.11807524]))"
(0.16971957715687278+0j),[-6.44143163e-15],[1.],[0.57500008],[1.],"(array([0.13079906]), array([0.22655062]))","(array([0.07460566]), array([0.1292208]))","(array([0.08174355]), array([0.14158398]))","(array([0.08722317]), array([0.15107497]))","(array([0.08960991]), array([0.15520892]))","(array([0.08978607]), array([0.15551404]))","(array([0.08958453]), array([0.15516495]))","(array([0.0890656]), array([0.15426615]))","(array([0.08711728]), array([0.15089156]))","(array([0.08391837]), array([0.14535088]))","(array([0.08095848]), array([0.1402242]))","(array([0.07829724]), array([0.1356148]))","(array([0.07516802]), array([0.13019483]))","(array([0.07157111]), array([0.1239648]))","(array([0.06817909]), array([0.11808965]))","(array([0.06486998]), array([0.1123581]))"
(0.1989159341337008+0j),[-7.32633154e-15],[1.],[0.64756864],[1.],"(array([0.14177417]), array([0.24556007]))","(array([0.08170466]), array([0.14151662]))","(array([0.08718537]), array([0.15100949]))","(array([0.08957616]), array([0.15515046]))","(array([0.08975758]), array([0.15546469]))","(array([0.08956225]), array([0.15512637]))","(array([0.08904983]), array([0.15423884]))","(array([0.08710636]), array([0.15087264]))","(array([0.08391053]), array([0.14533729]))","(array([0.08095346]), array([0.14021551]))","(array([0.07829478]), array([0.13561053]))","(array([0.07516724]), array([0.13019348]))","(array([0.07157125]), array([0.12396505]))","(array([0.06818007]), array([0.11809134]))","(array([0.06487183]), array([0.11236131]))","(array([0.06720597]), array([0.11640415]))"
(0.22850966851281068+0j),[-6.33247257e-15],[1.],[0.70567688],[1.],"(array([0.15603818]), array([0.27026605]))","(array([0.08715382]), array([0.15095485]))","(array([0.0895436]), array([0.15509407]))","(array([0.08972693]), array([0.1554116]))","(array([0.08953515]), array([0.15507942]))","(array([0.08902716]), array([0.15419957]))","(array([0.08708737]), array([0.15083975]))","(array([0.08389408]), array([0.14530881]))","(array([0.08093954]), array([0.14019139]))","(array([0.07828324]), array([0.13559055]))","(array([0.07515736]), array([0.13017636]))","(array([0.07156232]), array([0.12394958]))","(array([0.068172]), array([0.11807737]))","(array([0.06486466]), array([0.11234889]))","(array([0.06720229]), array([0.11639778]))","(array([0.07436174]), array([0.12879832]))"
(0.257534477159391+0j),[-4.29043811e-15],[1.],[0.75090089],[1.],"(array([0.16729345]), array([0.28976076]))","(array([0.08951841]), array([0.15505044]))","(array([0.08969973]), array([0.15536449]))","(array([0.08950801]), array([0.15503243]))","(array([0.08900161]), array([0.15415531]))","(array([0.08706377]), array([0.15079887]))","(array([0.08387213]), array([0.1452708]))","(array([0.08091934]), array([0.14015641]))","(array([0.07826477]), array([0.13555856]))","(array([0.07514013]), array([0.13014653]))","(array([0.07154587]), array([0.12392108]))","(array([0.06815638]), array([0.11805031]))","(array([0.06484997]), array([0.11232344]))","(array([0.06719132]), array([0.11637878]))","(array([0.074357]), array([0.1287901]))","(array([0.08016199]), array([0.13884463]))"
(0.28593029869361813+0j),[-5.06592242e-15],[1.],[0.78510891],[1.],"(array([0.17415861]), array([0.30165156]))","(array([0.08967838]), array([0.1553275]))","(array([0.08948361]), array([0.15499016]))","(array([0.08897609]), array([0.15411111]))","(array([0.08703853]), array([0.15075516]))","(array([0.08384761]), array([0.14522833]))","(array([0.08089572]), array([0.14011549]))","(array([0.07824213]), array([0.13551934]))","(array([0.07511825]), array([0.13010863]))","(array([0.07152449]), array([0.12388405]))","(array([0.06813564]), array([0.11801439]))","(array([0.06483004]), array([0.11228893]))","(array([0.067175]), array([0.11635051]))","(array([0.07434715]), array([0.12877305]))","(array([0.08015848]), array([0.13883857]))","(array([0.08465959]), array([0.14663472]))"
(0.27155192345990076+0j),[-5.38920096e-15],[1.],[0.76857286],[1.],"(array([0.1753386]), array([0.30369537]))","(array([0.08946408]), array([0.15495633]))","(array([0.08895281]), array([0.15407078]))","(array([0.08701372]), array([0.15071218]))","(array([0.08382243]), array([0.14518471]))","(array([0.08087051]), array([0.14007184]))","(array([0.07821717]), array([0.13547612]))","(array([0.07509357]), array([0.13006588]))","(array([0.07150001]), array([0.12384165]))","(array([0.06811154]), array([0.11797265]))","(array([0.06480655]), array([0.11224824]))","(array([0.0671546]), array([0.11631518]))","(array([0.07433297]), array([0.12874848]))","(array([0.080151]), array([0.1388256]))","(array([0.08465828]), array([0.14663245]))","(array([0.0856761]), array([0.14839536]))"
(0.258142719258125+0j),[-2.47764599e-15],[1.],[0.75428102],[1.],"(array([0.17337407]), array([0.30029269]))","(array([0.08893134]), array([0.1540336]))","(array([0.08698902]), array([0.1506694]))","(array([0.08379632]), array([0.14513948]))","(array([0.08084354]), array([0.14002511]))","(array([0.07818977]), array([0.13542866]))","(array([0.075066]), array([0.13001813]))","(array([0.07147237]), array([0.12379378]))","(array([0.06808407]), array([0.11792507]))","(array([0.0647795]), array([0.11220139]))","(array([0.06713033]), array([0.11627314]))","(array([0.07431465]), array([0.12871675]))","(array([0.08013982]), array([0.13880625]))","(array([0.08465401]), array([0.14662504]))","(array([0.08567624]), array([0.14839559]))","(array([0.08392741]), array([0.14536654]))"
(0.24584001333916639+0j),[-1.99755838e-15],[1.],[0.74205321],[1.],"(array([0.17122703]), array([0.29657392]))","(array([0.08696084]), array([0.15062059]))","(array([0.083766]), array([0.14508696]))","(array([0.08081178]), array([0.13997011]))","(array([0.07815719]), array([0.13537223]))","(array([0.07503302]), array([0.12996101]))","(array([0.07143919]), array([0.1237363]))","(array([0.06805097]), array([0.11786773]))","(array([0.06474682]), array([0.11214479]))","(array([0.06710073]), array([0.11622188]))","(array([0.07429181]), array([0.12867719]))","(array([0.0801253]), array([0.13878108]))","(array([0.08464788]), array([0.14661444]))","(array([0.08567539]), array([0.14839412]))","(array([0.08392932]), array([0.14536985]))","(array([0.0823214]), array([0.14258485]))"
(0.23514412609562968+0j),[-9.02236723e-16],[1.],[0.73214954],[1.],"(array([0.16794169]), array([0.29088354]))","(array([0.08372935]), array([0.14502348]))","(array([0.08077335]), array([0.13990354]))","(array([0.07811769]), array([0.13530381]))","(array([0.07499297]), array([0.12989163]))","(array([0.07139882]), array([0.12366638]))","(array([0.06801067]), array([0.11779793]))","(array([0.0647071]), array([0.11207598]))","(array([0.06706479]), array([0.11615962]))","(array([0.07426404]), array([0.1286291]))","(array([0.0801076]), array([0.13875044]))","(array([0.08464052]), array([0.14660169]))","(array([0.08567447]), array([0.14839254]))","(array([0.0839316]), array([0.1453738]))","(array([0.0823267]), array([0.14259403]))","(array([0.08101611]), array([0.14032401]))"
(0.24804658719784245+0j),[-5.43225456e-15],[1.],[0.75404573],[1.],"(array([0.16532544]), array([0.28635207]))","(array([0.08072823]), array([0.1398254]))","(array([0.07807114]), array([0.13522317]))","(array([0.0749456]), array([0.12980959]))","(array([0.07135096]), array([0.12358348]))","(array([0.06796283]), array([0.11771508]))","(array([0.06465996]), array([0.11199434]))","(array([0.06702203]), array([0.11608557]))","(array([0.07423081]), array([0.12857153]))","(array([0.0800862]), array([0.13871336]))","(array([0.08463146]), array([0.14658599]))","(array([0.08567318]), array([0.1483903]))","(array([0.083934]), array([0.14537795]))","(array([0.08233251]), array([0.1426041]))","(array([0.08102505]), array([0.1403395]))","(array([0.08164073]), array([0.14140589]))"
(0.2618649834597823+0j),[-2.40348857e-15],[1.],[0.77289291],[1.],"(array([0.16471973]), array([0.28530294]))","(array([0.07802275]), array([0.13513937]))","(array([0.07489599]), array([0.12972365]))","(array([0.07130059]), array([0.12349625]))","(array([0.06791241]), array([0.11762774]))","(array([0.06461018]), array([0.11190812]))","(array([0.06697651]), array([0.11600672]))","(array([0.07419488]), array([0.12850931]))","(array([0.08006248]), array([0.13867229]))","(array([0.08462066]), array([0.14656729]))","(array([0.08567077]), array([0.14838613]))","(array([0.08393559]), array([0.14538071]))","(array([0.08233772]), array([0.14261311]))","(array([0.0810335]), array([0.14035414]))","(array([0.08165303]), array([0.14142719]))","(array([0.08403974]), array([0.1455611]))"
(0.27620802307927805+0j),[-4.23945034e-15],[1.],[0.78834792],[1.],"(array([0.164242]), array([0.28447549]))","(array([0.07484973]), array([0.12964353]))","(array([0.07125338]), array([0.12341448]))","(array([0.06786493]), array([0.1175455]))","(array([0.06456311]), array([0.11182659]))","(array([0.06693308]), array([0.1159315]))","(array([0.07416006]), array([0.128449]))","(array([0.08003894]), array([0.13863151]))","(array([0.08460917]), array([0.14654738]))","(array([0.08566735]), array([0.14838021]))","(array([0.08393614]), array([0.14538167]))","(array([0.08234177]), array([0.14262013]))","(array([0.0810407]), array([0.14036661]))","(array([0.08166412]), array([0.1414464]))","(array([0.08405449]), array([0.14558665]))","(array([0.08626613]), array([0.14941731]))"
(0.29094593878280134+0j),[-3.92928985e-15],[1.],[0.80046417],[1.],"(array([0.16291155]), array([0.28217109]))","(array([0.07121029]), array([0.12333983]))","(array([0.06782145]), array([0.1174702]))","(array([0.06451988]), array([0.11175171]))","(array([0.066893]), array([0.11586208]))","(array([0.07412757]), array([0.12839273]))","(array([0.08001658]), array([0.13859278]))","(array([0.08459786]), array([0.14652779]))","(array([0.08566359]), array([0.14837368]))","(array([0.08393611]), array([0.14538161]))","(array([0.08234503]), array([0.14262578]))","(array([0.08104687]), array([0.14037731]))","(array([0.08167396]), array([0.14146345]))","(array([0.08406815]), array([0.14561031]))","(array([0.08628193]), array([0.14944469]))","(array([0.08810585]), array([0.15260381]))"
