Es,Sx,Sxx,Sy,Syy,PQ-10,PQ-9,PQ-8,PQ-7,PQ-6,PQ-5,PQ-4,PQ-3,PQ-2,PQ-1,PQ0
(0.49999999999999983+0j),[-0.99726288],[1.],[-0.07393742],[1.],"(array([0.]), array([0.]), array([0.]))","(array([0.]), array([0.]), array([0.]))","(array([0.]), array([0.]), array([0.]))","(array([0.]), array([0.]), array([0.]))","(array([0.]), array([0.]), array([0.]))","(array([0.]), array([0.]), array([0.]))","(array([0.]), array([0.]), array([0.]))","(array([0.]), array([0.]), array([0.]))","(array([0.]), array([0.]), array([0.]))","(array([0.]), array([0.]), array([0.]))","(array([0.]), array([0.]), array([0.]))"
(0.4999999970425036+0j),[-0.99222124],[1.],[0.12448699],[1.],"(array([0.]), array([0.]), array([0.]))","(array([0.]), array([0.]), array([0.]))","(array([0.]), array([0.]), array([0.]))","(array([0.]), array([0.]), array([0.]))","(array([0.]), array([0.]), array([0.]))","(array([0.]), array([0.]), array([0.]))","(array([0.]), array([0.]), array([0.]))","(array([0.]), array([0.]), array([0.]))","(array([0.]), array([0.]), array([0.]))","(array([0.]), array([0.]), array([0.]))","(array([0.]), array([0.]), array([0.]))"
(0.5000000020219832+0j),[-0.97844954],[1.],[0.20648608],[1.],"(array([0.]), array([0.]), array([0.]))","(array([0.]), array([0.]), array([0.]))","(array([0.]), array([0.]), array([0.]))","(array([0.]), array([0.]), array([0.]))","(array([0.]), array([0.]), array([0.]))","(array([0.]), array([0.]), array([0.]))","(array([0.]), array([0.]), array([0.]))","(array([0.]), array([0.]), array([0.]))","(array([0.]), array([0.]), array([0.]))","(array([0.]), array([0.]), array([0.]))","(array([0.]), array([0.]), array([0.]))"
(0.5000000102814268+0j),[-0.99644469],[1.],[0.08424955],[1.],"(array([0.]), array([0.]), array([0.]))","(array([0.]), array([0.]), array([0.]))","(array([0.]), array([0.]), array([0.]))","(array([0.]), array([0.]), array([0.]))","(array([0.]), array([0.]), array([0.]))","(array([0.]), array([0.]), array([0.]))","(array([0.]), array([0.]), array([0.]))","(array([0.]), array([0.]), array([0.]))","(array([0.]), array([0.]), array([0.]))","(array([0.]), array([0.]), array([0.]))","(array([0.]), array([0.]), array([0.]))"
(0.5000000136514087+0j),[-0.97616346],[1.],[0.21703662],[1.],"(array([0.]), array([0.]), array([0.]))","(array([0.]), array([0.]), array([0.]))","(array([0.]), array([0.]), array([0.]))","(array([0.]), array([0.]), array([0.]))","(array([0.]), array([0.]), array([0.]))","(array([0.]), array([0.]), array([0.]))","(array([0.]), array([0.]), array([0.]))","(array([0.]), array([0.]), array([0.]))","(array([0.]), array([0.]), array([0.]))","(array([0.]), array([0.]), array([0.]))","(array([0.]), array([0.]), array([0.]))"
(0.5000000223328733+0j),[-0.99746406],[1.],[-0.07117198],[1.],"(array([0.]), array([0.]), array([0.]))","(array([0.]), array([0.]), array([0.]))","(array([0.]), array([0.]), array([0.]))","(array([0.]), array([0.]), array([0.]))","(array([0.]), array([0.]), array([0.]))","(array([0.]), array([0.]), array([0.]))","(array([0.]), array([0.]), array([0.]))","(array([0.]), array([0.]), array([0.]))","(array([0.]), array([0.]), array([0.]))","(array([0.]), array([0.]), array([0.]))","(array([0.]), array([0.]), array([0.]))"
(0.500000019485994+0j),[-0.99887376],[1.],[0.04744691],[1.],"(array([0.]), array([0.]), array([0.]))","(array([0.]), array([0.]), array([0.]))","(array([0.]), array([0.]), array([0.]))","(array([0.]), array([0.]), array([0.]))","(array([0.]), array([0.]), array([0.]))","(array([0.]), array([0.]), array([0.]))","(array([0.]), array([0.]), array([0.]))","(array([0.]), array([0.]), array([0.]))","(array([0.]), array([0.]), array([0.]))","(array([0.]), array([0.]), array([0.]))","(array([0.]), array([0.]), array([0.]))"
(0.5000000213838706+0j),[-0.99789466],[1.],[-0.06485567],[1.],"(array([0.]), array([0.]), array([0.]))","(array([0.]), array([0.]), array([0.]))","(array([0.]), array([0.]), array([0.]))","(array([0.]), array([0.]), array([0.]))","(array([0.]), array([0.]), array([0.]))","(array([0.]), array([0.]), array([0.]))","(array([0.]), array([0.]), array([0.]))","(array([0.]), array([0.]), array([0.]))","(array([0.]), array([0.]), array([0.]))","(array([0.]), array([0.]), array([0.]))","(array([0.]), array([0.]), array([0.]))"
(0.500000018789644+0j),[-0.99811626],[1.],[0.06135085],[1.],"(array([0.]), array([0.]), array([0.]))","(array([0.]), array([0.]), array([0.]))","(array([0.]), array([0.]), array([0.]))","(array([0.]), array([0.]), array([0.]))","(array([0.]), array([0.]), array([0.]))","(array([0.]), array([0.]), array([0.]))","(array([0.]), array([0.]), array([0.]))","(array([0.]), array([0.]), array([0.]))","(array([0.]), array([0.]), array([0.]))","(array([0.]), array([0.]), array([0.]))","(array([0.]), array([0.]), array([0.]))"
(0.5000000212436777+0j),[-0.98888919],[1.],[0.14865451],[1.],"(array([0.]), array([0.]), array([0.]))","(array([0.]), array([0.]), array([0.]))","(array([0.]), array([0.]), array([0.]))","(array([0.]), array([0.]), array([0.]))","(array([0.]), array([0.]), array([0.]))","(array([0.]), array([0.]), array([0.]))","(array([0.]), array([0.]), array([0.]))","(array([0.]), array([0.]), array([0.]))","(array([0.]), array([0.]), array([0.]))","(array([0.]), array([0.]), array([0.]))","(array([0.]), array([0.]), array([0.]))"
(0.5000000271898579+0j),[-0.999991],[1.],[-0.00424222],[1.],"(array([0.]), array([0.]), array([0.]))","(array([0.]), array([0.]), array([0.]))","(array([0.]), array([0.]), array([0.]))","(array([0.]), array([0.]), array([0.]))","(array([0.]), array([0.]), array([0.]))","(array([0.]), array([0.]), array([0.]))","(array([0.]), array([0.]), array([0.]))","(array([0.]), array([0.]), array([0.]))","(array([0.]), array([0.]), array([0.]))","(array([0.]), array([0.]), array([0.]))","(array([0.]), array([0.]), array([0.]))"
(0.5000000270201699+0j),[-0.99486023],[1.],[0.10125768],[1.],"(array([0.]), array([0.]), array([0.]))","(array([0.]), array([0.]), array([0.]))","(array([0.]), array([0.]), array([0.]))","(array([0.]), array([0.]), array([0.]))","(array([0.]), array([0.]), array([0.]))","(array([0.]), array([0.]), array([0.]))","(array([0.]), array([0.]), array([0.]))","(array([0.]), array([0.]), array([0.]))","(array([0.]), array([0.]), array([0.]))","(array([0.]), array([0.]), array([0.]))","(array([0.]), array([0.]), array([0.]))"
(0.5000000310704771+0j),[-0.9856157],[1.],[0.16900204],[1.],"(array([0.]), array([0.]), array([0.]))","(array([0.]), array([0.]), array([0.]))","(array([0.]), array([0.]), array([0.]))","(array([0.]), array([0.]), array([0.]))","(array([0.]), array([0.]), array([0.]))","(array([0.]), array([0.]), array([0.]))","(array([0.]), array([0.]), array([0.]))","(array([0.]), array([0.]), array([0.]))","(array([0.]), array([0.]), array([0.]))","(array([0.]), array([0.]), array([0.]))","(array([0.]), array([0.]), array([0.]))"
(0.5000000378305579+0j),[-0.9991764],[1.],[0.04057729],[1.],"(array([0.]), array([0.]), array([0.]))","(array([0.]), array([0.]), array([0.]))","(array([0.]), array([0.]), array([0.]))","(array([0.]), array([0.]), array([0.]))","(array([0.]), array([0.]), array([0.]))","(array([0.]), array([0.]), array([0.]))","(array([0.]), array([0.]), array([0.]))","(array([0.]), array([0.]), array([0.]))","(array([0.]), array([0.]), array([0.]))","(array([0.]), array([0.]), array([0.]))","(array([0.]), array([0.]), array([0.]))"
(0.5000000394536489+0j),[-0.90440271],[1.],[0.4266799],[1.],"(array([0.]), array([0.]), array([0.]))","(array([0.]), array([0.]), array([0.]))","(array([0.]), array([0.]), array([0.]))","(array([0.]), array([0.]), array([0.]))","(array([0.]), array([0.]), array([0.]))","(array([0.]), array([0.]), array([0.]))","(array([0.]), array([0.]), array([0.]))","(array([0.]), array([0.]), array([0.]))","(array([0.]), array([0.]), array([0.]))","(array([0.]), array([0.]), array([0.]))","(array([0.]), array([0.]), array([0.]))"
(0.5000000565208459+0j),[-0.82465149],[1.],[0.56564116],[1.],"(array([0.]), array([0.]), array([0.]))","(array([0.]), array([0.]), array([0.]))","(array([0.]), array([0.]), array([0.]))","(array([0.]), array([0.]), array([0.]))","(array([0.]), array([0.]), array([0.]))","(array([0.]), array([0.]), array([0.]))","(array([0.]), array([0.]), array([0.]))","(array([0.]), array([0.]), array([0.]))","(array([0.]), array([0.]), array([0.]))","(array([0.]), array([0.]), array([0.]))","(array([0.]), array([0.]), array([0.]))"
(0.500000079146492+0j),[-0.93419603],[1.],[0.35676011],[1.],"(array([0.]), array([0.]), array([0.]))","(array([0.]), array([0.]), array([0.]))","(array([0.]), array([0.]), array([0.]))","(array([0.]), array([0.]), array([0.]))","(array([0.]), array([0.]), array([0.]))","(array([0.]), array([0.]), array([0.]))","(array([0.]), array([0.]), array([0.]))","(array([0.]), array([0.]), array([0.]))","(array([0.]), array([0.]), array([0.]))","(array([0.]), array([0.]), array([0.]))","(array([0.]), array([0.]), array([0.]))"
(0.5000000934168964+0j),[-0.98605443],[1.],[0.16642314],[1.],"(array([0.]), array([0.]), array([0.]))","(array([0.]), array([0.]), array([0.]))","(array([0.]), array([0.]), array([0.]))","(array([0.]), array([0.]), array([0.]))","(array([0.]), array([0.]), array([0.]))","(array([0.]), array([0.]), array([0.]))","(array([0.]), array([0.]), array([0.]))","(array([0.]), array([0.]), array([0.]))","(array([0.]), array([0.]), array([0.]))","(array([0.]), array([0.]), array([0.]))","(array([0.]), array([0.]), array([0.]))"
(0.5000001000738219+0j),[-0.97353688],[1.],[0.22852998],[1.],"(array([0.]), array([0.]), array([0.]))","(array([0.]), array([0.]), array([0.]))","(array([0.]), array([0.]), array([0.]))","(array([0.]), array([0.]), array([0.]))","(array([0.]), array([0.]), array([0.]))","(array([0.]), array([0.]), array([0.]))","(array([0.]), array([0.]), array([0.]))","(array([0.]), array([0.]), array([0.]))","(array([0.]), array([0.]), array([0.]))","(array([0.]), array([0.]), array([0.]))","(array([0.]), array([0.]), array([0.]))"
(0.5000001092150212+0j),[-0.95738856],[1.],[0.28880296],[1.],"(array([0.]), array([0.]), array([0.]))","(array([0.]), array([0.]), array([0.]))","(array([0.]), array([0.]), array([0.]))","(array([0.]), array([0.]), array([0.]))","(array([0.]), array([0.]), array([0.]))","(array([0.]), array([0.]), array([0.]))","(array([0.]), array([0.]), array([0.]))","(array([0.]), array([0.]), array([0.]))","(array([0.]), array([0.]), array([0.]))","(array([0.]), array([0.]), array([0.]))","(array([0.]), array([0.]), array([0.]))"
(0.5000001207671397+0j),[-0.98912613],[1.],[0.14706968],[1.],"(array([0.]), array([0.]), array([0.]))","(array([0.]), array([0.]), array([0.]))","(array([0.]), array([0.]), array([0.]))","(array([0.]), array([0.]), array([0.]))","(array([0.]), array([0.]), array([0.]))","(array([0.]), array([0.]), array([0.]))","(array([0.]), array([0.]), array([0.]))","(array([0.]), array([0.]), array([0.]))","(array([0.]), array([0.]), array([0.]))","(array([0.]), array([0.]), array([0.]))","(array([0.]), array([0.]), array([0.]))"
(0.5000001266499267+0j),[-0.92461199],[1.],[0.38091032],[1.],"(array([0.]), array([0.]), array([0.]))","(array([0.]), array([0.]), array([0.]))","(array([0.]), array([0.]), array([0.]))","(array([0.]), array([0.]), array([0.]))","(array([0.]), array([0.]), array([0.]))","(array([0.]), array([0.]), array([0.]))","(array([0.]), array([0.]), array([0.]))","(array([0.]), array([0.]), array([0.]))","(array([0.]), array([0.]), array([0.]))","(array([0.]), array([0.]), array([0.]))","(array([0.]), array([0.]), array([0.]))"
(0.5000001418863392+0j),[-0.91704744],[1.],[0.39877813],[1.],"(array([0.]), array([0.]), array([0.]))","(array([0.]), array([0.]), array([0.]))","(array([0.]), array([0.]), array([0.]))","(array([0.]), array([0.]), array([0.]))","(array([0.]), array([0.]), array([0.]))","(array([0.]), array([0.]), array([0.]))","(array([0.]), array([0.]), array([0.]))","(array([0.]), array([0.]), array([0.]))","(array([0.]), array([0.]), array([0.]))","(array([0.]), array([0.]), array([0.]))","(array([0.]), array([0.]), array([0.]))"
(0.5000001578374648+0j),[-0.97189451],[1.],[0.2354168],[1.],"(array([0.]), array([0.]), array([0.]))","(array([0.]), array([0.]), array([0.]))","(array([0.]), array([0.]), array([0.]))","(array([0.]), array([0.]), array([0.]))","(array([0.]), array([0.]), array([0.]))","(array([0.]), array([0.]), array([0.]))","(array([0.]), array([0.]), array([0.]))","(array([0.]), array([0.]), array([0.]))","(array([0.]), array([0.]), array([0.]))","(array([0.]), array([0.]), array([0.]))","(array([0.]), array([0.]), array([0.]))"
(0.5000001672541369+0j),[-0.98678901],[1.],[0.16201063],[1.],"(array([0.]), array([0.]), array([0.]))","(array([0.]), array([0.]), array([0.]))","(array([0.]), array([0.]), array([0.]))","(array([0.]), array([0.]), array([0.]))","(array([0.]), array([0.]), array([0.]))","(array([0.]), array([0.]), array([0.]))","(array([0.]), array([0.]), array([0.]))","(array([0.]), array([0.]), array([0.]))","(array([0.]), array([0.]), array([0.]))","(array([0.]), array([0.]), array([0.]))","(array([0.]), array([0.]), array([0.]))"
(0.5000001737345621+0j),[-0.99195024],[1.],[0.12662831],[1.],"(array([0.]), array([0.]), array([0.]))","(array([0.]), array([0.]), array([0.]))","(array([0.]), array([0.]), array([0.]))","(array([0.]), array([0.]), array([0.]))","(array([0.]), array([0.]), array([0.]))","(array([0.]), array([0.]), array([0.]))","(array([0.]), array([0.]), array([0.]))","(array([0.]), array([0.]), array([0.]))","(array([0.]), array([0.]), array([0.]))","(array([0.]), array([0.]), array([0.]))","(array([0.]), array([0.]), array([0.]))"
(0.5000001787996942+0j),[-0.98317584],[1.],[-0.18266162],[1.],"(array([0.]), array([0.]), array([0.]))","(array([0.]), array([0.]), array([0.]))","(array([0.]), array([0.]), array([0.]))","(array([0.]), array([0.]), array([0.]))","(array([0.]), array([0.]), array([0.]))","(array([0.]), array([0.]), array([0.]))","(array([0.]), array([0.]), array([0.]))","(array([0.]), array([0.]), array([0.]))","(array([0.]), array([0.]), array([0.]))","(array([0.]), array([0.]), array([0.]))","(array([0.]), array([0.]), array([0.]))"
(0.5000001714932284+0j),[-0.93932629],[1.],[-0.34302497],[1.],"(array([0.]), array([0.]), array([0.]))","(array([0.]), array([0.]), array([0.]))","(array([0.]), array([0.]), array([0.]))","(array([0.]), array([0.]), array([0.]))","(array([0.]), array([0.]), array([0.]))","(array([0.]), array([0.]), array([0.]))","(array([0.]), array([0.]), array([0.]))","(array([0.]), array([0.]), array([0.]))","(array([0.]), array([0.]), array([0.]))","(array([0.]), array([0.]), array([0.]))","(array([0.]), array([0.]), array([0.]))"
(0.5000001577722294+0j),[-0.75697974],[1.],[-0.65343834],[1.],"(array([0.]), array([0.]), array([0.]))","(array([0.]), array([0.]), array([0.]))","(array([0.]), array([0.]), array([0.]))","(array([0.]), array([0.]), array([0.]))","(array([0.]), array([0.]), array([0.]))","(array([0.]), array([0.]), array([0.]))","(array([0.]), array([0.]), array([0.]))","(array([0.]), array([0.]), array([0.]))","(array([0.]), array([0.]), array([0.]))","(array([0.]), array([0.]), array([0.]))","(array([0.]), array([0.]), array([0.]))"
(0.5000001316346959+0j),[-0.71733332],[1.],[-0.69673015],[1.],"(array([0.]), array([0.]), array([0.]))","(array([0.]), array([0.]), array([0.]))","(array([0.]), array([0.]), array([0.]))","(array([0.]), array([0.]), array([0.]))","(array([0.]), array([0.]), array([0.]))","(array([0.]), array([0.]), array([0.]))","(array([0.]), array([0.]), array([0.]))","(array([0.]), array([0.]), array([0.]))","(array([0.]), array([0.]), array([0.]))","(array([0.]), array([0.]), array([0.]))","(array([0.]), array([0.]), array([0.]))"
(0.5000001037654901+0j),[-0.7971108],[1.],[-0.60383306],[1.],"(array([0.]), array([0.]), array([0.]))","(array([0.]), array([0.]), array([0.]))","(array([0.]), array([0.]), array([0.]))","(array([0.]), array([0.]), array([0.]))","(array([0.]), array([0.]), array([0.]))","(array([0.]), array([0.]), array([0.]))","(array([0.]), array([0.]), array([0.]))","(array([0.]), array([0.]), array([0.]))","(array([0.]), array([0.]), array([0.]))","(array([0.]), array([0.]), array([0.]))","(array([0.]), array([0.]), array([0.]))"
(0.5000000796121679+0j),[-0.61731492],[1.],[-0.78671614],[1.],"(array([0.]), array([0.]), array([0.]))","(array([0.]), array([0.]), array([0.]))","(array([0.]), array([0.]), array([0.]))","(array([0.]), array([0.]), array([0.]))","(array([0.]), array([0.]), array([0.]))","(array([0.]), array([0.]), array([0.]))","(array([0.]), array([0.]), array([0.]))","(array([0.]), array([0.]), array([0.]))","(array([0.]), array([0.]), array([0.]))","(array([0.]), array([0.]), array([0.]))","(array([0.]), array([0.]), array([0.]))"
(0.5000000481435221+0j),[-0.66667762],[1.],[-0.7453462],[1.],"(array([0.]), array([0.]), array([0.]))","(array([0.]), array([0.]), array([0.]))","(array([0.]), array([0.]), array([0.]))","(array([0.]), array([0.]), array([0.]))","(array([0.]), array([0.]), array([0.]))","(array([0.]), array([0.]), array([0.]))","(array([0.]), array([0.]), array([0.]))","(array([0.]), array([0.]), array([0.]))","(array([0.]), array([0.]), array([0.]))","(array([0.]), array([0.]), array([0.]))","(array([0.]), array([0.]), array([0.]))"
(0.5000000183296741+0j),[-0.47345482],[1.],[-0.8808181],[1.],"(array([0.]), array([0.]), array([0.]))","(array([0.]), array([0.]), array([0.]))","(array([0.]), array([0.]), array([0.]))","(array([0.]), array([0.]), array([0.]))","(array([0.]), array([0.]), array([0.]))","(array([0.]), array([0.]), array([0.]))","(array([0.]), array([0.]), array([0.]))","(array([0.]), array([0.]), array([0.]))","(array([0.]), array([0.]), array([0.]))","(array([0.]), array([0.]), array([0.]))","(array([0.]), array([0.]), array([0.]))"
(0.49999998309695015+0j),[-0.44438158],[1.],[-0.89583761],[1.],"(array([0.]), array([0.]), array([0.]))","(array([0.]), array([0.]), array([0.]))","(array([0.]), array([0.]), array([0.]))","(array([0.]), array([0.]), array([0.]))","(array([0.]), array([0.]), array([0.]))","(array([0.]), array([0.]), array([0.]))","(array([0.]), array([0.]), array([0.]))","(array([0.]), array([0.]), array([0.]))","(array([0.]), array([0.]), array([0.]))","(array([0.]), array([0.]), array([0.]))","(array([0.]), array([0.]), array([0.]))"
(0.4999999472634465+0j),[-0.34969976],[1.],[-0.93686183],[1.],"(array([0.]), array([0.]), array([0.]))","(array([0.]), array([0.]), array([0.]))","(array([0.]), array([0.]), array([0.]))","(array([0.]), array([0.]), array([0.]))","(array([0.]), array([0.]), array([0.]))","(array([0.]), array([0.]), array([0.]))","(array([0.]), array([0.]), array([0.]))","(array([0.]), array([0.]), array([0.]))","(array([0.]), array([0.]), array([0.]))","(array([0.]), array([0.]), array([0.]))","(array([0.]), array([0.]), array([0.]))"
(0.49999990978897363+0j),[-0.11456188],[1.],[-0.99341611],[1.],"(array([0.]), array([0.]), array([0.]))","(array([0.]), array([0.]), array([0.]))","(array([0.]), array([0.]), array([0.]))","(array([0.]), array([0.]), array([0.]))","(array([0.]), array([0.]), array([0.]))","(array([0.]), array([0.]), array([0.]))","(array([0.]), array([0.]), array([0.]))","(array([0.]), array([0.]), array([0.]))","(array([0.]), array([0.]), array([0.]))","(array([0.]), array([0.]), array([0.]))","(array([0.]), array([0.]), array([0.]))"
(0.4999998700523292+0j),[-0.00499425],[1.],[-0.99998753],[1.],"(array([0.]), array([0.]), array([0.]))","(array([0.]), array([0.]), array([0.]))","(array([0.]), array([0.]), array([0.]))","(array([0.]), array([0.]), array([0.]))","(array([0.]), array([0.]), array([0.]))","(array([0.]), array([0.]), array([0.]))","(array([0.]), array([0.]), array([0.]))","(array([0.]), array([0.]), array([0.]))","(array([0.]), array([0.]), array([0.]))","(array([0.]), array([0.]), array([0.]))","(array([0.]), array([0.]), array([0.]))"
(0.4999998300528284+0j),[0.23779935],[1.],[-0.9713143],[1.],"(array([0.]), array([0.]), array([0.]))","(array([0.]), array([0.]), array([0.]))","(array([0.]), array([0.]), array([0.]))","(array([0.]), array([0.]), array([0.]))","(array([0.]), array([0.]), array([0.]))","(array([0.]), array([0.]), array([0.]))","(array([0.]), array([0.]), array([0.]))","(array([0.]), array([0.]), array([0.]))","(array([0.]), array([0.]), array([0.]))","(array([0.]), array([0.]), array([0.]))","(array([0.]), array([0.]), array([0.]))"
(0.4999997912002562+0j),[0.18040426],[1.],[-0.98359255],[1.],"(array([0.]), array([0.]), array([0.]))","(array([0.]), array([0.]), array([0.]))","(array([0.]), array([0.]), array([0.]))","(array([0.]), array([0.]), array([0.]))","(array([0.]), array([0.]), array([0.]))","(array([0.]), array([0.]), array([0.]))","(array([0.]), array([0.]), array([0.]))","(array([0.]), array([0.]), array([0.]))","(array([0.]), array([0.]), array([0.]))","(array([0.]), array([0.]), array([0.]))","(array([0.]), array([0.]), array([0.]))"
(0.4999997518565541+0j),[0.17131311],[1.],[-0.98521663],[1.],"(array([0.]), array([0.]), array([0.]))","(array([0.]), array([0.]), array([0.]))","(array([0.]), array([0.]), array([0.]))","(array([0.]), array([0.]), array([0.]))","(array([0.]), array([0.]), array([0.]))","(array([0.]), array([0.]), array([0.]))","(array([0.]), array([0.]), array([0.]))","(array([0.]), array([0.]), array([0.]))","(array([0.]), array([0.]), array([0.]))","(array([0.]), array([0.]), array([0.]))","(array([0.]), array([0.]), array([0.]))"
(0.4999997124478887+0j),[-0.06777835],[1.],[-0.9977004],[1.],"(array([0.]), array([0.]), array([0.]))","(array([0.]), array([0.]), array([0.]))","(array([0.]), array([0.]), array([0.]))","(array([0.]), array([0.]), array([0.]))","(array([0.]), array([0.]), array([0.]))","(array([0.]), array([0.]), array([0.]))","(array([0.]), array([0.]), array([0.]))","(array([0.]), array([0.]), array([0.]))","(array([0.]), array([0.]), array([0.]))","(array([0.]), array([0.]), array([0.]))","(array([0.]), array([0.]), array([0.]))"
(0.4999996725398733+0j),[0.2229312],[1.],[-0.97483418],[1.],"(array([0.]), array([0.]), array([0.]))","(array([0.]), array([0.]), array([0.]))","(array([0.]), array([0.]), array([0.]))","(array([0.]), array([0.]), array([0.]))","(array([0.]), array([0.]), array([0.]))","(array([0.]), array([0.]), array([0.]))","(array([0.]), array([0.]), array([0.]))","(array([0.]), array([0.]), array([0.]))","(array([0.]), array([0.]), array([0.]))","(array([0.]), array([0.]), array([0.]))","(array([0.]), array([0.]), array([0.]))"
(0.49999963354650595+0j),[0.00626508],[1.],[-0.99998037],[1.],"(array([0.]), array([0.]), array([0.]))","(array([0.]), array([0.]), array([0.]))","(array([0.]), array([0.]), array([0.]))","(array([0.]), array([0.]), array([0.]))","(array([0.]), array([0.]), array([0.]))","(array([0.]), array([0.]), array([0.]))","(array([0.]), array([0.]), array([0.]))","(array([0.]), array([0.]), array([0.]))","(array([0.]), array([0.]), array([0.]))","(array([0.]), array([0.]), array([0.]))","(array([0.]), array([0.]), array([0.]))"
(0.4999995935472909+0j),[0.02201481],[1.],[-0.99975764],[1.],"(array([0.]), array([0.]), array([0.]))","(array([0.]), array([0.]), array([0.]))","(array([0.]), array([0.]), array([0.]))","(array([0.]), array([0.]), array([0.]))","(array([0.]), array([0.]), array([0.]))","(array([0.]), array([0.]), array([0.]))","(array([0.]), array([0.]), array([0.]))","(array([0.]), array([0.]), array([0.]))","(array([0.]), array([0.]), array([0.]))","(array([0.]), array([0.]), array([0.]))","(array([0.]), array([0.]), array([0.]))"
(0.4999995535569854+0j),[-0.05902144],[1.],[-0.99825672],[1.],"(array([0.]), array([0.]), array([0.]))","(array([0.]), array([0.]), array([0.]))","(array([0.]), array([0.]), array([0.]))","(array([0.]), array([0.]), array([0.]))","(array([0.]), array([0.]), array([0.]))","(array([0.]), array([0.]), array([0.]))","(array([0.]), array([0.]), array([0.]))","(array([0.]), array([0.]), array([0.]))","(array([0.]), array([0.]), array([0.]))","(array([0.]), array([0.]), array([0.]))","(array([0.]), array([0.]), array([0.]))"
(0.49999951362671624+0j),[-0.02136078],[1.],[-0.99977183],[1.],"(array([0.]), array([0.]), array([0.]))","(array([0.]), array([0.]), array([0.]))","(array([0.]), array([0.]), array([0.]))","(array([0.]), array([0.]), array([0.]))","(array([0.]), array([0.]), array([0.]))","(array([0.]), array([0.]), array([0.]))","(array([0.]), array([0.]), array([0.]))","(array([0.]), array([0.]), array([0.]))","(array([0.]), array([0.]), array([0.]))","(array([0.]), array([0.]), array([0.]))","(array([0.]), array([0.]), array([0.]))"
(0.49999947363584313+0j),[-0.32475811],[1.],[-0.94579711],[1.],"(array([0.]), array([0.]), array([0.]))","(array([0.]), array([0.]), array([0.]))","(array([0.]), array([0.]), array([0.]))","(array([0.]), array([0.]), array([0.]))","(array([0.]), array([0.]), array([0.]))","(array([0.]), array([0.]), array([0.]))","(array([0.]), array([0.]), array([0.]))","(array([0.]), array([0.]), array([0.]))","(array([0.]), array([0.]), array([0.]))","(array([0.]), array([0.]), array([0.]))","(array([0.]), array([0.]), array([0.]))"
(0.49999943580395934+0j),[-0.5711938],[1.],[-0.82081523],[1.],"(array([0.]), array([0.]), array([0.]))","(array([0.]), array([0.]), array([0.]))","(array([0.]), array([0.]), array([0.]))","(array([0.]), array([0.]), array([0.]))","(array([0.]), array([0.]), array([0.]))","(array([0.]), array([0.]), array([0.]))","(array([0.]), array([0.]), array([0.]))","(array([0.]), array([0.]), array([0.]))","(array([0.]), array([0.]), array([0.]))","(array([0.]), array([0.]), array([0.]))","(array([0.]), array([0.]), array([0.]))"
(0.4999994029713502+0j),[-0.73227793],[1.],[-0.6810059],[1.],"(array([0.]), array([0.]), array([0.]))","(array([0.]), array([0.]), array([0.]))","(array([0.]), array([0.]), array([0.]))","(array([0.]), array([0.]), array([0.]))","(array([0.]), array([0.]), array([0.]))","(array([0.]), array([0.]), array([0.]))","(array([0.]), array([0.]), array([0.]))","(array([0.]), array([0.]), array([0.]))","(array([0.]), array([0.]), array([0.]))","(array([0.]), array([0.]), array([0.]))","(array([0.]), array([0.]), array([0.]))"
(0.4999993757311146+0j),[-0.76661471],[1.],[-0.64210738],[1.],"(array([0.]), array([0.]), array([0.]))","(array([0.]), array([0.]), array([0.]))","(array([0.]), array([0.]), array([0.]))","(array([0.]), array([0.]), array([0.]))","(array([0.]), array([0.]), array([0.]))","(array([0.]), array([0.]), array([0.]))","(array([0.]), array([0.]), array([0.]))","(array([0.]), array([0.]), array([0.]))","(array([0.]), array([0.]), array([0.]))","(array([0.]), array([0.]), array([0.]))","(array([0.]), array([0.]), array([0.]))"
(0.4999993500468193+0j),[-0.39492776],[1.],[-0.91871218],[1.],"(array([0.]), array([0.]), array([0.]))","(array([0.]), array([0.]), array([0.]))","(array([0.]), array([0.]), array([0.]))","(array([0.]), array([0.]), array([0.]))","(array([0.]), array([0.]), array([0.]))","(array([0.]), array([0.]), array([0.]))","(array([0.]), array([0.]), array([0.]))","(array([0.]), array([0.]), array([0.]))","(array([0.]), array([0.]), array([0.]))","(array([0.]), array([0.]), array([0.]))","(array([0.]), array([0.]), array([0.]))"
(0.4999993132983322+0j),[-0.49449597],[1.],[-0.86917992],[1.],"(array([0.]), array([0.]), array([0.]))","(array([0.]), array([0.]), array([0.]))","(array([0.]), array([0.]), array([0.]))","(array([0.]), array([0.]), array([0.]))","(array([0.]), array([0.]), array([0.]))","(array([0.]), array([0.]), array([0.]))","(array([0.]), array([0.]), array([0.]))","(array([0.]), array([0.]), array([0.]))","(array([0.]), array([0.]), array([0.]))","(array([0.]), array([0.]), array([0.]))","(array([0.]), array([0.]), array([0.]))"
(0.49999927853113596+0j),[-0.48879068],[1.],[-0.8724011],[1.],"(array([0.]), array([0.]), array([0.]))","(array([0.]), array([0.]), array([0.]))","(array([0.]), array([0.]), array([0.]))","(array([0.]), array([0.]), array([0.]))","(array([0.]), array([0.]), array([0.]))","(array([0.]), array([0.]), array([0.]))","(array([0.]), array([0.]), array([0.]))","(array([0.]), array([0.]), array([0.]))","(array([0.]), array([0.]), array([0.]))","(array([0.]), array([0.]), array([0.]))","(array([0.]), array([0.]), array([0.]))"
(0.4999992436350923+0j),[-0.46524298],[1.],[-0.88518301],[1.],"(array([0.]), array([0.]), array([0.]))","(array([0.]), array([0.]), array([0.]))","(array([0.]), array([0.]), array([0.]))","(array([0.]), array([0.]), array([0.]))","(array([0.]), array([0.]), array([0.]))","(array([0.]), array([0.]), array([0.]))","(array([0.]), array([0.]), array([0.]))","(array([0.]), array([0.]), array([0.]))","(array([0.]), array([0.]), array([0.]))","(array([0.]), array([0.]), array([0.]))","(array([0.]), array([0.]), array([0.]))"
(0.4999992082277717+0j),[-0.54032309],[1.],[-0.84145764],[1.],"(array([0.]), array([0.]), array([0.]))","(array([0.]), array([0.]), array([0.]))","(array([0.]), array([0.]), array([0.]))","(array([0.]), array([0.]), array([0.]))","(array([0.]), array([0.]), array([0.]))","(array([0.]), array([0.]), array([0.]))","(array([0.]), array([0.]), array([0.]))","(array([0.]), array([0.]), array([0.]))","(array([0.]), array([0.]), array([0.]))","(array([0.]), array([0.]), array([0.]))","(array([0.]), array([0.]), array([0.]))"
(0.4999991745694663+0j),[-0.72395126],[1.],[-0.68985112],[1.],"(array([0.]), array([0.]), array([0.]))","(array([0.]), array([0.]), array([0.]))","(array([0.]), array([0.]), array([0.]))","(array([0.]), array([0.]), array([0.]))","(array([0.]), array([0.]), array([0.]))","(array([0.]), array([0.]), array([0.]))","(array([0.]), array([0.]), array([0.]))","(array([0.]), array([0.]), array([0.]))","(array([0.]), array([0.]), array([0.]))","(array([0.]), array([0.]), array([0.]))","(array([0.]), array([0.]), array([0.]))"
(0.4999991469754214+0j),[-0.75977501],[1.],[-0.65018608],[1.],"(array([0.]), array([0.]), array([0.]))","(array([0.]), array([0.]), array([0.]))","(array([0.]), array([0.]), array([0.]))","(array([0.]), array([0.]), array([0.]))","(array([0.]), array([0.]), array([0.]))","(array([0.]), array([0.]), array([0.]))","(array([0.]), array([0.]), array([0.]))","(array([0.]), array([0.]), array([0.]))","(array([0.]), array([0.]), array([0.]))","(array([0.]), array([0.]), array([0.]))","(array([0.]), array([0.]), array([0.]))"
(0.49999912096797844+0j),[-0.69590678],[1.],[-0.71813213],[1.],"(array([0.]), array([0.]), array([0.]))","(array([0.]), array([0.]), array([0.]))","(array([0.]), array([0.]), array([0.]))","(array([0.]), array([0.]), array([0.]))","(array([0.]), array([0.]), array([0.]))","(array([0.]), array([0.]), array([0.]))","(array([0.]), array([0.]), array([0.]))","(array([0.]), array([0.]), array([0.]))","(array([0.]), array([0.]), array([0.]))","(array([0.]), array([0.]), array([0.]))","(array([0.]), array([0.]), array([0.]))"
(0.49999909224269357+0j),[-0.5762507],[1.],[-0.81727298],[1.],"(array([0.]), array([0.]), array([0.]))","(array([0.]), array([0.]), array([0.]))","(array([0.]), array([0.]), array([0.]))","(array([0.]), array([0.]), array([0.]))","(array([0.]), array([0.]), array([0.]))","(array([0.]), array([0.]), array([0.]))","(array([0.]), array([0.]), array([0.]))","(array([0.]), array([0.]), array([0.]))","(array([0.]), array([0.]), array([0.]))","(array([0.]), array([0.]), array([0.]))","(array([0.]), array([0.]), array([0.]))"
(0.49999905955177476+0j),[-0.63510762],[1.],[-0.77242366],[1.],"(array([0.]), array([0.]), array([0.]))","(array([0.]), array([0.]), array([0.]))","(array([0.]), array([0.]), array([0.]))","(array([0.]), array([0.]), array([0.]))","(array([0.]), array([0.]), array([0.]))","(array([0.]), array([0.]), array([0.]))","(array([0.]), array([0.]), array([0.]))","(array([0.]), array([0.]), array([0.]))","(array([0.]), array([0.]), array([0.]))","(array([0.]), array([0.]), array([0.]))","(array([0.]), array([0.]), array([0.]))"
(0.49999902865482865+0j),[-0.7881896],[1.],[-0.61543249],[1.],"(array([0.]), array([0.]), array([0.]))","(array([0.]), array([0.]), array([0.]))","(array([0.]), array([0.]), array([0.]))","(array([0.]), array([0.]), array([0.]))","(array([0.]), array([0.]), array([0.]))","(array([0.]), array([0.]), array([0.]))","(array([0.]), array([0.]), array([0.]))","(array([0.]), array([0.]), array([0.]))","(array([0.]), array([0.]), array([0.]))","(array([0.]), array([0.]), array([0.]))","(array([0.]), array([0.]), array([0.]))"
(0.49999900403752895+0j),[-0.85077446],[1.],[-0.52553099],[1.],"(array([0.]), array([0.]), array([0.]))","(array([0.]), array([0.]), array([0.]))","(array([0.]), array([0.]), array([0.]))","(array([0.]), array([0.]), array([0.]))","(array([0.]), array([0.]), array([0.]))","(array([0.]), array([0.]), array([0.]))","(array([0.]), array([0.]), array([0.]))","(array([0.]), array([0.]), array([0.]))","(array([0.]), array([0.]), array([0.]))","(array([0.]), array([0.]), array([0.]))","(array([0.]), array([0.]), array([0.]))"
(0.49999898301628914+0j),[-0.89526466],[1.],[-0.44553472],[1.],"(array([0.]), array([0.]), array([0.]))","(array([0.]), array([0.]), array([0.]))","(array([0.]), array([0.]), array([0.]))","(array([0.]), array([0.]), array([0.]))","(array([0.]), array([0.]), array([0.]))","(array([0.]), array([0.]), array([0.]))","(array([0.]), array([0.]), array([0.]))","(array([0.]), array([0.]), array([0.]))","(array([0.]), array([0.]), array([0.]))","(array([0.]), array([0.]), array([0.]))","(array([0.]), array([0.]), array([0.]))"
(0.4999989651949007+0j),[-0.85149298],[1.],[-0.52436601],[1.],"(array([0.]), array([0.]), array([0.]))","(array([0.]), array([0.]), array([0.]))","(array([0.]), array([0.]), array([0.]))","(array([0.]), array([0.]), array([0.]))","(array([0.]), array([0.]), array([0.]))","(array([0.]), array([0.]), array([0.]))","(array([0.]), array([0.]), array([0.]))","(array([0.]), array([0.]), array([0.]))","(array([0.]), array([0.]), array([0.]))","(array([0.]), array([0.]), array([0.]))","(array([0.]), array([0.]), array([0.]))"
(0.4999989442202602+0j),[-0.69731607],[1.],[-0.71676377],[1.],"(array([0.]), array([0.]), array([0.]))","(array([0.]), array([0.]), array([0.]))","(array([0.]), array([0.]), array([0.]))","(array([0.]), array([0.]), array([0.]))","(array([0.]), array([0.]), array([0.]))","(array([0.]), array([0.]), array([0.]))","(array([0.]), array([0.]), array([0.]))","(array([0.]), array([0.]), array([0.]))","(array([0.]), array([0.]), array([0.]))","(array([0.]), array([0.]), array([0.]))","(array([0.]), array([0.]), array([0.]))"
(0.499998915549709+0j),[-0.81968192],[1.],[-0.57281896],[1.],"(array([0.]), array([0.]), array([0.]))","(array([0.]), array([0.]), array([0.]))","(array([0.]), array([0.]), array([0.]))","(array([0.]), array([0.]), array([0.]))","(array([0.]), array([0.]), array([0.]))","(array([0.]), array([0.]), array([0.]))","(array([0.]), array([0.]), array([0.]))","(array([0.]), array([0.]), array([0.]))","(array([0.]), array([0.]), array([0.]))","(array([0.]), array([0.]), array([0.]))","(array([0.]), array([0.]), array([0.]))"
(0.4999988926369508+0j),[-0.88295896],[1.],[-0.46945018],[1.],"(array([0.]), array([0.]), array([0.]))","(array([0.]), array([0.]), array([0.]))","(array([0.]), array([0.]), array([0.]))","(array([0.]), array([0.]), array([0.]))","(array([0.]), array([0.]), array([0.]))","(array([0.]), array([0.]), array([0.]))","(array([0.]), array([0.]), array([0.]))","(array([0.]), array([0.]), array([0.]))","(array([0.]), array([0.]), array([0.]))","(array([0.]), array([0.]), array([0.]))","(array([0.]), array([0.]), array([0.]))"
(0.49999887385894365+0j),[-0.65682846],[1.],[-0.75404003],[1.],"(array([0.]), array([0.]), array([0.]))","(array([0.]), array([0.]), array([0.]))","(array([0.]), array([0.]), array([0.]))","(array([0.]), array([0.]), array([0.]))","(array([0.]), array([0.]), array([0.]))","(array([0.]), array([0.]), array([0.]))","(array([0.]), array([0.]), array([0.]))","(array([0.]), array([0.]), array([0.]))","(array([0.]), array([0.]), array([0.]))","(array([0.]), array([0.]), array([0.]))","(array([0.]), array([0.]), array([0.]))"
(0.4999988436973429+0j),[-0.54229621],[1.],[-0.84018737],[1.],"(array([0.]), array([0.]), array([0.]))","(array([0.]), array([0.]), array([0.]))","(array([0.]), array([0.]), array([0.]))","(array([0.]), array([0.]), array([0.]))","(array([0.]), array([0.]), array([0.]))","(array([0.]), array([0.]), array([0.]))","(array([0.]), array([0.]), array([0.]))","(array([0.]), array([0.]), array([0.]))","(array([0.]), array([0.]), array([0.]))","(array([0.]), array([0.]), array([0.]))","(array([0.]), array([0.]), array([0.]))"
(0.4999988100898483+0j),[-0.69860193],[1.],[-0.71551054],[1.],"(array([0.]), array([0.]), array([0.]))","(array([0.]), array([0.]), array([0.]))","(array([0.]), array([0.]), array([0.]))","(array([0.]), array([0.]), array([0.]))","(array([0.]), array([0.]), array([0.]))","(array([0.]), array([0.]), array([0.]))","(array([0.]), array([0.]), array([0.]))","(array([0.]), array([0.]), array([0.]))","(array([0.]), array([0.]), array([0.]))","(array([0.]), array([0.]), array([0.]))","(array([0.]), array([0.]), array([0.]))"
(0.4999987814694266+0j),[-0.83437671],[1.],[-0.55119462],[1.],"(array([0.]), array([0.]), array([0.]))","(array([0.]), array([0.]), array([0.]))","(array([0.]), array([0.]), array([0.]))","(array([0.]), array([0.]), array([0.]))","(array([0.]), array([0.]), array([0.]))","(array([0.]), array([0.]), array([0.]))","(array([0.]), array([0.]), array([0.]))","(array([0.]), array([0.]), array([0.]))","(array([0.]), array([0.]), array([0.]))","(array([0.]), array([0.]), array([0.]))","(array([0.]), array([0.]), array([0.]))"
(0.4999987594216418+0j),[-0.7570758],[1.],[-0.65332705],[1.],"(array([0.]), array([0.]), array([0.]))","(array([0.]), array([0.]), array([0.]))","(array([0.]), array([0.]), array([0.]))","(array([0.]), array([0.]), array([0.]))","(array([0.]), array([0.]), array([0.]))","(array([0.]), array([0.]), array([0.]))","(array([0.]), array([0.]), array([0.]))","(array([0.]), array([0.]), array([0.]))","(array([0.]), array([0.]), array([0.]))","(array([0.]), array([0.]), array([0.]))","(array([0.]), array([0.]), array([0.]))"
(0.4999987332885595+0j),[-0.96606064],[1.],[-0.2583154],[1.],"(array([0.]), array([0.]), array([0.]))","(array([0.]), array([0.]), array([0.]))","(array([0.]), array([0.]), array([0.]))","(array([0.]), array([0.]), array([0.]))","(array([0.]), array([0.]), array([0.]))","(array([0.]), array([0.]), array([0.]))","(array([0.]), array([0.]), array([0.]))","(array([0.]), array([0.]), array([0.]))","(array([0.]), array([0.]), array([0.]))","(array([0.]), array([0.]), array([0.]))","(array([0.]), array([0.]), array([0.]))"
(0.4999987229559433+0j),[-0.99981822],[1.],[0.01906658],[1.],"(array([0.]), array([0.]), array([0.]))","(array([0.]), array([0.]), array([0.]))","(array([0.]), array([0.]), array([0.]))","(array([0.]), array([0.]), array([0.]))","(array([0.]), array([0.]), array([0.]))","(array([0.]), array([0.]), array([0.]))","(array([0.]), array([0.]), array([0.]))","(array([0.]), array([0.]), array([0.]))","(array([0.]), array([0.]), array([0.]))","(array([0.]), array([0.]), array([0.]))","(array([0.]), array([0.]), array([0.]))"
(0.49999872371860676+0j),[-0.97800381],[1.],[0.20858704],[1.],"(array([0.]), array([0.]), array([0.]))","(array([0.]), array([0.]), array([0.]))","(array([0.]), array([0.]), array([0.]))","(array([0.]), array([0.]), array([0.]))","(array([0.]), array([0.]), array([0.]))","(array([0.]), array([0.]), array([0.]))","(array([0.]), array([0.]), array([0.]))","(array([0.]), array([0.]), array([0.]))","(array([0.]), array([0.]), array([0.]))","(array([0.]), array([0.]), array([0.]))","(array([0.]), array([0.]), array([0.]))"
(0.49999873206208806+0j),[-0.9830108],[1.],[0.18354773],[1.],"(array([0.]), array([0.]), array([0.]))","(array([0.]), array([0.]), array([0.]))","(array([0.]), array([0.]), array([0.]))","(array([0.]), array([0.]), array([0.]))","(array([0.]), array([0.]), array([0.]))","(array([0.]), array([0.]), array([0.]))","(array([0.]), array([0.]), array([0.]))","(array([0.]), array([0.]), array([0.]))","(array([0.]), array([0.]), array([0.]))","(array([0.]), array([0.]), array([0.]))","(array([0.]), array([0.]), array([0.]))"
(0.4999987394039976+0j),[-0.99561769],[1.],[-0.09351688],[1.],"(array([0.]), array([0.]), array([0.]))","(array([0.]), array([0.]), array([0.]))","(array([0.]), array([0.]), array([0.]))","(array([0.]), array([0.]), array([0.]))","(array([0.]), array([0.]), array([0.]))","(array([0.]), array([0.]), array([0.]))","(array([0.]), array([0.]), array([0.]))","(array([0.]), array([0.]), array([0.]))","(array([0.]), array([0.]), array([0.]))","(array([0.]), array([0.]), array([0.]))","(array([0.]), array([0.]), array([0.]))"
(0.4999987356633222+0j),[-0.99765835],[1.],[0.06839452],[1.],"(array([0.]), array([0.]), array([0.]))","(array([0.]), array([0.]), array([0.]))","(array([0.]), array([0.]), array([0.]))","(array([0.]), array([0.]), array([0.]))","(array([0.]), array([0.]), array([0.]))","(array([0.]), array([0.]), array([0.]))","(array([0.]), array([0.]), array([0.]))","(array([0.]), array([0.]), array([0.]))","(array([0.]), array([0.]), array([0.]))","(array([0.]), array([0.]), array([0.]))","(array([0.]), array([0.]), array([0.]))"
(0.49999873839910336+0j),[-0.91138906],[1.],[0.41154585],[1.],"(array([0.]), array([0.]), array([0.]))","(array([0.]), array([0.]), array([0.]))","(array([0.]), array([0.]), array([0.]))","(array([0.]), array([0.]), array([0.]))","(array([0.]), array([0.]), array([0.]))","(array([0.]), array([0.]), array([0.]))","(array([0.]), array([0.]), array([0.]))","(array([0.]), array([0.]), array([0.]))","(array([0.]), array([0.]), array([0.]))","(array([0.]), array([0.]), array([0.]))","(array([0.]), array([0.]), array([0.]))"
(0.49999875486093676+0j),[-0.82139597],[1.],[0.57035837],[1.],"(array([0.]), array([0.]), array([0.]))","(array([0.]), array([0.]), array([0.]))","(array([0.]), array([0.]), array([0.]))","(array([0.]), array([0.]), array([0.]))","(array([0.]), array([0.]), array([0.]))","(array([0.]), array([0.]), array([0.]))","(array([0.]), array([0.]), array([0.]))","(array([0.]), array([0.]), array([0.]))","(array([0.]), array([0.]), array([0.]))","(array([0.]), array([0.]), array([0.]))","(array([0.]), array([0.]), array([0.]))"
(0.4999987776752712+0j),[-0.92438873],[1.],[0.38145181],[1.],"(array([0.]), array([0.]), array([0.]))","(array([0.]), array([0.]), array([0.]))","(array([0.]), array([0.]), array([0.]))","(array([0.]), array([0.]), array([0.]))","(array([0.]), array([0.]), array([0.]))","(array([0.]), array([0.]), array([0.]))","(array([0.]), array([0.]), array([0.]))","(array([0.]), array([0.]), array([0.]))","(array([0.]), array([0.]), array([0.]))","(array([0.]), array([0.]), array([0.]))","(array([0.]), array([0.]), array([0.]))"
(0.499998792933344+0j),[-0.81439594],[1.],[0.58030962],[1.],"(array([0.]), array([0.]), array([0.]))","(array([0.]), array([0.]), array([0.]))","(array([0.]), array([0.]), array([0.]))","(array([0.]), array([0.]), array([0.]))","(array([0.]), array([0.]), array([0.]))","(array([0.]), array([0.]), array([0.]))","(array([0.]), array([0.]), array([0.]))","(array([0.]), array([0.]), array([0.]))","(array([0.]), array([0.]), array([0.]))","(array([0.]), array([0.]), array([0.]))","(array([0.]), array([0.]), array([0.]))"
(0.49999881614572855+0j),[-0.88415027],[1.],[0.46720264],[1.],"(array([0.]), array([0.]), array([0.]))","(array([0.]), array([0.]), array([0.]))","(array([0.]), array([0.]), array([0.]))","(array([0.]), array([0.]), array([0.]))","(array([0.]), array([0.]), array([0.]))","(array([0.]), array([0.]), array([0.]))","(array([0.]), array([0.]), array([0.]))","(array([0.]), array([0.]), array([0.]))","(array([0.]), array([0.]), array([0.]))","(array([0.]), array([0.]), array([0.]))","(array([0.]), array([0.]), array([0.]))"
(0.4999988348338338+0j),[-0.99891848],[1.],[0.04649588],[1.],"(array([0.]), array([0.]), array([0.]))","(array([0.]), array([0.]), array([0.]))","(array([0.]), array([0.]), array([0.]))","(array([0.]), array([0.]), array([0.]))","(array([0.]), array([0.]), array([0.]))","(array([0.]), array([0.]), array([0.]))","(array([0.]), array([0.]), array([0.]))","(array([0.]), array([0.]), array([0.]))","(array([0.]), array([0.]), array([0.]))","(array([0.]), array([0.]), array([0.]))","(array([0.]), array([0.]), array([0.]))"
(0.49999883669366907+0j),[-0.99389567],[1.],[0.11032403],[1.],"(array([0.]), array([0.]), array([0.]))","(array([0.]), array([0.]), array([0.]))","(array([0.]), array([0.]), array([0.]))","(array([0.]), array([0.]), array([0.]))","(array([0.]), array([0.]), array([0.]))","(array([0.]), array([0.]), array([0.]))","(array([0.]), array([0.]), array([0.]))","(array([0.]), array([0.]), array([0.]))","(array([0.]), array([0.]), array([0.]))","(array([0.]), array([0.]), array([0.]))","(array([0.]), array([0.]), array([0.]))"
(0.49999884110663045+0j),[-0.90833674],[1.],[-0.41823961],[1.],"(array([0.]), array([0.]), array([0.]))","(array([0.]), array([0.]), array([0.]))","(array([0.]), array([0.]), array([0.]))","(array([0.]), array([0.]), array([0.]))","(array([0.]), array([0.]), array([0.]))","(array([0.]), array([0.]), array([0.]))","(array([0.]), array([0.]), array([0.]))","(array([0.]), array([0.]), array([0.]))","(array([0.]), array([0.]), array([0.]))","(array([0.]), array([0.]), array([0.]))","(array([0.]), array([0.]), array([0.]))"
(0.49999882437704646+0j),[-0.91756065],[1.],[-0.39759585],[1.],"(array([0.]), array([0.]), array([0.]))","(array([0.]), array([0.]), array([0.]))","(array([0.]), array([0.]), array([0.]))","(array([0.]), array([0.]), array([0.]))","(array([0.]), array([0.]), array([0.]))","(array([0.]), array([0.]), array([0.]))","(array([0.]), array([0.]), array([0.]))","(array([0.]), array([0.]), array([0.]))","(array([0.]), array([0.]), array([0.]))","(array([0.]), array([0.]), array([0.]))","(array([0.]), array([0.]), array([0.]))"
(0.4999988084732124+0j),[-0.97875564],[1.],[-0.20503026],[1.],"(array([0.]), array([0.]), array([0.]))","(array([0.]), array([0.]), array([0.]))","(array([0.]), array([0.]), array([0.]))","(array([0.]), array([0.]), array([0.]))","(array([0.]), array([0.]), array([0.]))","(array([0.]), array([0.]), array([0.]))","(array([0.]), array([0.]), array([0.]))","(array([0.]), array([0.]), array([0.]))","(array([0.]), array([0.]), array([0.]))","(array([0.]), array([0.]), array([0.]))","(array([0.]), array([0.]), array([0.]))"
(0.49999880027200183+0j),[-0.99999929],[1.],[0.00119183],[1.],"(array([0.]), array([0.]), array([0.]))","(array([0.]), array([0.]), array([0.]))","(array([0.]), array([0.]), array([0.]))","(array([0.]), array([0.]), array([0.]))","(array([0.]), array([0.]), array([0.]))","(array([0.]), array([0.]), array([0.]))","(array([0.]), array([0.]), array([0.]))","(array([0.]), array([0.]), array([0.]))","(array([0.]), array([0.]), array([0.]))","(array([0.]), array([0.]), array([0.]))","(array([0.]), array([0.]), array([0.]))"
(0.49999880031967503+0j),[-0.85493551],[1.],[0.51873429],[1.],"(array([0.]), array([0.]), array([0.]))","(array([0.]), array([0.]), array([0.]))","(array([0.]), array([0.]), array([0.]))","(array([0.]), array([0.]), array([0.]))","(array([0.]), array([0.]), array([0.]))","(array([0.]), array([0.]), array([0.]))","(array([0.]), array([0.]), array([0.]))","(array([0.]), array([0.]), array([0.]))","(array([0.]), array([0.]), array([0.]))","(array([0.]), array([0.]), array([0.]))","(array([0.]), array([0.]), array([0.]))"
(0.49999882106904725+0j),[-0.77799865],[1.],[0.62826595],[1.],"(array([0.]), array([0.]), array([0.]))","(array([0.]), array([0.]), array([0.]))","(array([0.]), array([0.]), array([0.]))","(array([0.]), array([0.]), array([0.]))","(array([0.]), array([0.]), array([0.]))","(array([0.]), array([0.]), array([0.]))","(array([0.]), array([0.]), array([0.]))","(array([0.]), array([0.]), array([0.]))","(array([0.]), array([0.]), array([0.]))","(array([0.]), array([0.]), array([0.]))","(array([0.]), array([0.]), array([0.]))"
(0.4999988461996857+0j),[-0.8857646],[1.],[0.46413475],[1.],"(array([0.]), array([0.]), array([0.]))","(array([0.]), array([0.]), array([0.]))","(array([0.]), array([0.]), array([0.]))","(array([0.]), array([0.]), array([0.]))","(array([0.]), array([0.]), array([0.]))","(array([0.]), array([0.]), array([0.]))","(array([0.]), array([0.]), array([0.]))","(array([0.]), array([0.]), array([0.]))","(array([0.]), array([0.]), array([0.]))","(array([0.]), array([0.]), array([0.]))","(array([0.]), array([0.]), array([0.]))"
(0.49999886476507593+0j),[-0.82207017],[1.],[0.56938619],[1.],"(array([0.]), array([0.]), array([0.]))","(array([0.]), array([0.]), array([0.]))","(array([0.]), array([0.]), array([0.]))","(array([0.]), array([0.]), array([0.]))","(array([0.]), array([0.]), array([0.]))","(array([0.]), array([0.]), array([0.]))","(array([0.]), array([0.]), array([0.]))","(array([0.]), array([0.]), array([0.]))","(array([0.]), array([0.]), array([0.]))","(array([0.]), array([0.]), array([0.]))","(array([0.]), array([0.]), array([0.]))"
(0.4999988875405239+0j),[-0.73739104],[1.],[0.6754661],[1.],"(array([0.]), array([0.]), array([0.]))","(array([0.]), array([0.]), array([0.]))","(array([0.]), array([0.]), array([0.]))","(array([0.]), array([0.]), array([0.]))","(array([0.]), array([0.]), array([0.]))","(array([0.]), array([0.]), array([0.]))","(array([0.]), array([0.]), array([0.]))","(array([0.]), array([0.]), array([0.]))","(array([0.]), array([0.]), array([0.]))","(array([0.]), array([0.]), array([0.]))","(array([0.]), array([0.]), array([0.]))"
(0.49999891455916784+0j),[-0.81091629],[1.],[0.58516218],[1.],"(array([0.]), array([0.]), array([0.]))","(array([0.]), array([0.]), array([0.]))","(array([0.]), array([0.]), array([0.]))","(array([0.]), array([0.]), array([0.]))","(array([0.]), array([0.]), array([0.]))","(array([0.]), array([0.]), array([0.]))","(array([0.]), array([0.]), array([0.]))","(array([0.]), array([0.]), array([0.]))","(array([0.]), array([0.]), array([0.]))","(array([0.]), array([0.]), array([0.]))","(array([0.]), array([0.]), array([0.]))"
(0.4999989379656552+0j),[-0.96240043],[1.],[0.27163471],[1.],"(array([0.]), array([0.]), array([0.]))","(array([0.]), array([0.]), array([0.]))","(array([0.]), array([0.]), array([0.]))","(array([0.]), array([0.]), array([0.]))","(array([0.]), array([0.]), array([0.]))","(array([0.]), array([0.]), array([0.]))","(array([0.]), array([0.]), array([0.]))","(array([0.]), array([0.]), array([0.]))","(array([0.]), array([0.]), array([0.]))","(array([0.]), array([0.]), array([0.]))","(array([0.]), array([0.]), array([0.]))"
(0.4999989488310432+0j),[-0.97999674],[1.],[0.19901356],[1.],"(array([0.]), array([0.]), array([0.]))","(array([0.]), array([0.]), array([0.]))","(array([0.]), array([0.]), array([0.]))","(array([0.]), array([0.]), array([0.]))","(array([0.]), array([0.]), array([0.]))","(array([0.]), array([0.]), array([0.]))","(array([0.]), array([0.]), array([0.]))","(array([0.]), array([0.]), array([0.]))","(array([0.]), array([0.]), array([0.]))","(array([0.]), array([0.]), array([0.]))","(array([0.]), array([0.]), array([0.]))"
(0.49999895679158585+0j),[-0.99811093],[1.],[0.06143748],[1.],"(array([0.]), array([0.]), array([0.]))","(array([0.]), array([0.]), array([0.]))","(array([0.]), array([0.]), array([0.]))","(array([0.]), array([0.]), array([0.]))","(array([0.]), array([0.]), array([0.]))","(array([0.]), array([0.]), array([0.]))","(array([0.]), array([0.]), array([0.]))","(array([0.]), array([0.]), array([0.]))","(array([0.]), array([0.]), array([0.]))","(array([0.]), array([0.]), array([0.]))","(array([0.]), array([0.]), array([0.]))"
(0.4999989592490851+0j),[-0.99984076],[1.],[-0.01784507],[1.],"(array([0.]), array([0.]), array([0.]))","(array([0.]), array([0.]), array([0.]))","(array([0.]), array([0.]), array([0.]))","(array([0.]), array([0.]), array([0.]))","(array([0.]), array([0.]), array([0.]))","(array([0.]), array([0.]), array([0.]))","(array([0.]), array([0.]), array([0.]))","(array([0.]), array([0.]), array([0.]))","(array([0.]), array([0.]), array([0.]))","(array([0.]), array([0.]), array([0.]))","(array([0.]), array([0.]), array([0.]))"
(0.49999895853528203+0j),[-0.99846455],[1.],[-0.05539442],[1.],"(array([0.]), array([0.]), array([0.]))","(array([0.]), array([0.]), array([0.]))","(array([0.]), array([0.]), array([0.]))","(array([0.]), array([0.]), array([0.]))","(array([0.]), array([0.]), array([0.]))","(array([0.]), array([0.]), array([0.]))","(array([0.]), array([0.]), array([0.]))","(array([0.]), array([0.]), array([0.]))","(array([0.]), array([0.]), array([0.]))","(array([0.]), array([0.]), array([0.]))","(array([0.]), array([0.]), array([0.]))"
(0.4999989563195059+0j),[-0.99545643],[1.],[0.09521814],[1.],"(array([0.]), array([0.]), array([0.]))","(array([0.]), array([0.]), array([0.]))","(array([0.]), array([0.]), array([0.]))","(array([0.]), array([0.]), array([0.]))","(array([0.]), array([0.]), array([0.]))","(array([0.]), array([0.]), array([0.]))","(array([0.]), array([0.]), array([0.]))","(array([0.]), array([0.]), array([0.]))","(array([0.]), array([0.]), array([0.]))","(array([0.]), array([0.]), array([0.]))","(array([0.]), array([0.]), array([0.]))"
(0.49999896012823175+0j),[-0.97708603],[1.],[0.21284473],[1.],"(array([0.]), array([0.]), array([0.]))","(array([0.]), array([0.]), array([0.]))","(array([0.]), array([0.]), array([0.]))","(array([0.]), array([0.]), array([0.]))","(array([0.]), array([0.]), array([0.]))","(array([0.]), array([0.]), array([0.]))","(array([0.]), array([0.]), array([0.]))","(array([0.]), array([0.]), array([0.]))","(array([0.]), array([0.]), array([0.]))","(array([0.]), array([0.]), array([0.]))","(array([0.]), array([0.]), array([0.]))"
(0.49999896864202104+0j),[-0.87773844],[1.],[0.47914009],[1.],"(array([0.]), array([0.]), array([0.]))","(array([0.]), array([0.]), array([0.]))","(array([0.]), array([0.]), array([0.]))","(array([0.]), array([0.]), array([0.]))","(array([0.]), array([0.]), array([0.]))","(array([0.]), array([0.]), array([0.]))","(array([0.]), array([0.]), array([0.]))","(array([0.]), array([0.]), array([0.]))","(array([0.]), array([0.]), array([0.]))","(array([0.]), array([0.]), array([0.]))","(array([0.]), array([0.]), array([0.]))"
(0.4999989878076241+0j),[-0.92313372],[1.],[0.38447903],[1.],"(array([0.]), array([0.]), array([0.]))","(array([0.]), array([0.]), array([0.]))","(array([0.]), array([0.]), array([0.]))","(array([0.]), array([0.]), array([0.]))","(array([0.]), array([0.]), array([0.]))","(array([0.]), array([0.]), array([0.]))","(array([0.]), array([0.]), array([0.]))","(array([0.]), array([0.]), array([0.]))","(array([0.]), array([0.]), array([0.]))","(array([0.]), array([0.]), array([0.]))","(array([0.]), array([0.]), array([0.]))"
(0.49999900318678553+0j),[-0.83883301],[1.],[0.54438882],[1.],"(array([0.]), array([0.]), array([0.]))","(array([0.]), array([0.]), array([0.]))","(array([0.]), array([0.]), array([0.]))","(array([0.]), array([0.]), array([0.]))","(array([0.]), array([0.]), array([0.]))","(array([0.]), array([0.]), array([0.]))","(array([0.]), array([0.]), array([0.]))","(array([0.]), array([0.]), array([0.]))","(array([0.]), array([0.]), array([0.]))","(array([0.]), array([0.]), array([0.]))","(array([0.]), array([0.]), array([0.]))"
(0.4999990249623385+0j),[-0.97439021],[1.],[0.22486378],[1.],"(array([0.]), array([0.]), array([0.]))","(array([0.]), array([0.]), array([0.]))","(array([0.]), array([0.]), array([0.]))","(array([0.]), array([0.]), array([0.]))","(array([0.]), array([0.]), array([0.]))","(array([0.]), array([0.]), array([0.]))","(array([0.]), array([0.]), array([0.]))","(array([0.]), array([0.]), array([0.]))","(array([0.]), array([0.]), array([0.]))","(array([0.]), array([0.]), array([0.]))","(array([0.]), array([0.]), array([0.]))"
(0.4999990339568892+0j),[-0.97322431],[1.],[0.22985745],[1.],"(array([0.]), array([0.]), array([0.]))","(array([0.]), array([0.]), array([0.]))","(array([0.]), array([0.]), array([0.]))","(array([0.]), array([0.]), array([0.]))","(array([0.]), array([0.]), array([0.]))","(array([0.]), array([0.]), array([0.]))","(array([0.]), array([0.]), array([0.]))","(array([0.]), array([0.]), array([0.]))","(array([0.]), array([0.]), array([0.]))","(array([0.]), array([0.]), array([0.]))","(array([0.]), array([0.]), array([0.]))"
(0.4999990431511869+0j),[-0.9963848],[1.],[-0.08495485],[1.],"(array([0.]), array([0.]), array([0.]))","(array([0.]), array([0.]), array([0.]))","(array([0.]), array([0.]), array([0.]))","(array([0.]), array([0.]), array([0.]))","(array([0.]), array([0.]), array([0.]))","(array([0.]), array([0.]), array([0.]))","(array([0.]), array([0.]), array([0.]))","(array([0.]), array([0.]), array([0.]))","(array([0.]), array([0.]), array([0.]))","(array([0.]), array([0.]), array([0.]))","(array([0.]), array([0.]), array([0.]))"
(0.49999903975299315+0j),[-0.96588576],[1.],[-0.25896854],[1.],"(array([0.]), array([0.]), array([0.]))","(array([0.]), array([0.]), array([0.]))","(array([0.]), array([0.]), array([0.]))","(array([0.]), array([0.]), array([0.]))","(array([0.]), array([0.]), array([0.]))","(array([0.]), array([0.]), array([0.]))","(array([0.]), array([0.]), array([0.]))","(array([0.]), array([0.]), array([0.]))","(array([0.]), array([0.]), array([0.]))","(array([0.]), array([0.]), array([0.]))","(array([0.]), array([0.]), array([0.]))"
(0.4999990293942513+0j),[-0.9985845],[1.],[-0.05318824],[1.],"(array([0.]), array([0.]), array([0.]))","(array([0.]), array([0.]), array([0.]))","(array([0.]), array([0.]), array([0.]))","(array([0.]), array([0.]), array([0.]))","(array([0.]), array([0.]), array([0.]))","(array([0.]), array([0.]), array([0.]))","(array([0.]), array([0.]), array([0.]))","(array([0.]), array([0.]), array([0.]))","(array([0.]), array([0.]), array([0.]))","(array([0.]), array([0.]), array([0.]))","(array([0.]), array([0.]), array([0.]))"
(0.4999990272667214+0j),[-0.97050451],[1.],[-0.24108296],[1.],"(array([0.]), array([0.]), array([0.]))","(array([0.]), array([0.]), array([0.]))","(array([0.]), array([0.]), array([0.]))","(array([0.]), array([0.]), array([0.]))","(array([0.]), array([0.]), array([0.]))","(array([0.]), array([0.]), array([0.]))","(array([0.]), array([0.]), array([0.]))","(array([0.]), array([0.]), array([0.]))","(array([0.]), array([0.]), array([0.]))","(array([0.]), array([0.]), array([0.]))","(array([0.]), array([0.]), array([0.]))"
(0.4999990176234029+0j),[-0.99901071],[1.],[0.04447029],[1.],"(array([0.]), array([0.]), array([0.]))","(array([0.]), array([0.]), array([0.]))","(array([0.]), array([0.]), array([0.]))","(array([0.]), array([0.]), array([0.]))","(array([0.]), array([0.]), array([0.]))","(array([0.]), array([0.]), array([0.]))","(array([0.]), array([0.]), array([0.]))","(array([0.]), array([0.]), array([0.]))","(array([0.]), array([0.]), array([0.]))","(array([0.]), array([0.]), array([0.]))","(array([0.]), array([0.]), array([0.]))"
(0.49999901940221464+0j),[-0.92572918],[1.],[0.3781871],[1.],"(array([0.]), array([0.]), array([0.]))","(array([0.]), array([0.]), array([0.]))","(array([0.]), array([0.]), array([0.]))","(array([0.]), array([0.]), array([0.]))","(array([0.]), array([0.]), array([0.]))","(array([0.]), array([0.]), array([0.]))","(array([0.]), array([0.]), array([0.]))","(array([0.]), array([0.]), array([0.]))","(array([0.]), array([0.]), array([0.]))","(array([0.]), array([0.]), array([0.]))","(array([0.]), array([0.]), array([0.]))"
(0.4999990345296986+0j),[-0.87985293],[1.],[0.47524606],[1.],"(array([0.]), array([0.]), array([0.]))","(array([0.]), array([0.]), array([0.]))","(array([0.]), array([0.]), array([0.]))","(array([0.]), array([0.]), array([0.]))","(array([0.]), array([0.]), array([0.]))","(array([0.]), array([0.]), array([0.]))","(array([0.]), array([0.]), array([0.]))","(array([0.]), array([0.]), array([0.]))","(array([0.]), array([0.]), array([0.]))","(array([0.]), array([0.]), array([0.]))","(array([0.]), array([0.]), array([0.]))"
(0.49999905353954155+0j),[-0.9067161],[1.],[0.42174152],[1.],"(array([0.]), array([0.]), array([0.]))","(array([0.]), array([0.]), array([0.]))","(array([0.]), array([0.]), array([0.]))","(array([0.]), array([0.]), array([0.]))","(array([0.]), array([0.]), array([0.]))","(array([0.]), array([0.]), array([0.]))","(array([0.]), array([0.]), array([0.]))","(array([0.]), array([0.]), array([0.]))","(array([0.]), array([0.]), array([0.]))","(array([0.]), array([0.]), array([0.]))","(array([0.]), array([0.]), array([0.]))"
(0.4999990704092023+0j),[-0.97160226],[1.],[0.23662006],[1.],"(array([0.]), array([0.]), array([0.]))","(array([0.]), array([0.]), array([0.]))","(array([0.]), array([0.]), array([0.]))","(array([0.]), array([0.]), array([0.]))","(array([0.]), array([0.]), array([0.]))","(array([0.]), array([0.]), array([0.]))","(array([0.]), array([0.]), array([0.]))","(array([0.]), array([0.]), array([0.]))","(array([0.]), array([0.]), array([0.]))","(array([0.]), array([0.]), array([0.]))","(array([0.]), array([0.]), array([0.]))"
(0.49999907987400527+0j),[-0.99744575],[1.],[0.07142813],[1.],"(array([0.]), array([0.]), array([0.]))","(array([0.]), array([0.]), array([0.]))","(array([0.]), array([0.]), array([0.]))","(array([0.]), array([0.]), array([0.]))","(array([0.]), array([0.]), array([0.]))","(array([0.]), array([0.]), array([0.]))","(array([0.]), array([0.]), array([0.]))","(array([0.]), array([0.]), array([0.]))","(array([0.]), array([0.]), array([0.]))","(array([0.]), array([0.]), array([0.]))","(array([0.]), array([0.]), array([0.]))"
(0.49999908273113014+0j),[-0.99835378],[1.],[0.05735625],[1.],"(array([0.]), array([0.]), array([0.]))","(array([0.]), array([0.]), array([0.]))","(array([0.]), array([0.]), array([0.]))","(array([0.]), array([0.]), array([0.]))","(array([0.]), array([0.]), array([0.]))","(array([0.]), array([0.]), array([0.]))","(array([0.]), array([0.]), array([0.]))","(array([0.]), array([0.]), array([0.]))","(array([0.]), array([0.]), array([0.]))","(array([0.]), array([0.]), array([0.]))","(array([0.]), array([0.]), array([0.]))"
(0.4999990850253812+0j),[-0.9900836],[1.],[-0.14047939],[1.],"(array([0.]), array([0.]), array([0.]))","(array([0.]), array([0.]), array([0.]))","(array([0.]), array([0.]), array([0.]))","(array([0.]), array([0.]), array([0.]))","(array([0.]), array([0.]), array([0.]))","(array([0.]), array([0.]), array([0.]))","(array([0.]), array([0.]), array([0.]))","(array([0.]), array([0.]), array([0.]))","(array([0.]), array([0.]), array([0.]))","(array([0.]), array([0.]), array([0.]))","(array([0.]), array([0.]), array([0.]))"
(0.4999990794062054+0j),[-0.98735684],[1.],[-0.15851332],[1.],"(array([0.]), array([0.]), array([0.]))","(array([0.]), array([0.]), array([0.]))","(array([0.]), array([0.]), array([0.]))","(array([0.]), array([0.]), array([0.]))","(array([0.]), array([0.]), array([0.]))","(array([0.]), array([0.]), array([0.]))","(array([0.]), array([0.]), array([0.]))","(array([0.]), array([0.]), array([0.]))","(array([0.]), array([0.]), array([0.]))","(array([0.]), array([0.]), array([0.]))","(array([0.]), array([0.]), array([0.]))"
(0.4999990730656725+0j),[-0.95080576],[1.],[-0.30978769],[1.],"(array([0.]), array([0.]), array([0.]))","(array([0.]), array([0.]), array([0.]))","(array([0.]), array([0.]), array([0.]))","(array([0.]), array([0.]), array([0.]))","(array([0.]), array([0.]), array([0.]))","(array([0.]), array([0.]), array([0.]))","(array([0.]), array([0.]), array([0.]))","(array([0.]), array([0.]), array([0.]))","(array([0.]), array([0.]), array([0.]))","(array([0.]), array([0.]), array([0.]))","(array([0.]), array([0.]), array([0.]))"
(0.4999990606741644+0j),[-0.98161569],[1.],[-0.19086813],[1.],"(array([0.]), array([0.]), array([0.]))","(array([0.]), array([0.]), array([0.]))","(array([0.]), array([0.]), array([0.]))","(array([0.]), array([0.]), array([0.]))","(array([0.]), array([0.]), array([0.]))","(array([0.]), array([0.]), array([0.]))","(array([0.]), array([0.]), array([0.]))","(array([0.]), array([0.]), array([0.]))","(array([0.]), array([0.]), array([0.]))","(array([0.]), array([0.]), array([0.]))","(array([0.]), array([0.]), array([0.]))"
(0.49999905303943953+0j),[-0.84797746],[1.],[-0.53003229],[1.],"(array([0.]), array([0.]), array([0.]))","(array([0.]), array([0.]), array([0.]))","(array([0.]), array([0.]), array([0.]))","(array([0.]), array([0.]), array([0.]))","(array([0.]), array([0.]), array([0.]))","(array([0.]), array([0.]), array([0.]))","(array([0.]), array([0.]), array([0.]))","(array([0.]), array([0.]), array([0.]))","(array([0.]), array([0.]), array([0.]))","(array([0.]), array([0.]), array([0.]))","(array([0.]), array([0.]), array([0.]))"
(0.4999990318381482+0j),[-0.89511975],[1.],[-0.44582578],[1.],"(array([0.]), array([0.]), array([0.]))","(array([0.]), array([0.]), array([0.]))","(array([0.]), array([0.]), array([0.]))","(array([0.]), array([0.]), array([0.]))","(array([0.]), array([0.]), array([0.]))","(array([0.]), array([0.]), array([0.]))","(array([0.]), array([0.]), array([0.]))","(array([0.]), array([0.]), array([0.]))","(array([0.]), array([0.]), array([0.]))","(array([0.]), array([0.]), array([0.]))","(array([0.]), array([0.]), array([0.]))"
(0.4999990140051171+0j),[-0.96349392],[1.],[-0.2677302],[1.],"(array([0.]), array([0.]), array([0.]))","(array([0.]), array([0.]), array([0.]))","(array([0.]), array([0.]), array([0.]))","(array([0.]), array([0.]), array([0.]))","(array([0.]), array([0.]), array([0.]))","(array([0.]), array([0.]), array([0.]))","(array([0.]), array([0.]), array([0.]))","(array([0.]), array([0.]), array([0.]))","(array([0.]), array([0.]), array([0.]))","(array([0.]), array([0.]), array([0.]))","(array([0.]), array([0.]), array([0.]))"
(0.49999900329590985+0j),[-0.89078031],[1.],[-0.45443419],[1.],"(array([0.]), array([0.]), array([0.]))","(array([0.]), array([0.]), array([0.]))","(array([0.]), array([0.]), array([0.]))","(array([0.]), array([0.]), array([0.]))","(array([0.]), array([0.]), array([0.]))","(array([0.]), array([0.]), array([0.]))","(array([0.]), array([0.]), array([0.]))","(array([0.]), array([0.]), array([0.]))","(array([0.]), array([0.]), array([0.]))","(array([0.]), array([0.]), array([0.]))","(array([0.]), array([0.]), array([0.]))"
(0.4999989851185422+0j),[-0.98427006],[1.],[-0.17667043],[1.],"(array([0.]), array([0.]), array([0.]))","(array([0.]), array([0.]), array([0.]))","(array([0.]), array([0.]), array([0.]))","(array([0.]), array([0.]), array([0.]))","(array([0.]), array([0.]), array([0.]))","(array([0.]), array([0.]), array([0.]))","(array([0.]), array([0.]), array([0.]))","(array([0.]), array([0.]), array([0.]))","(array([0.]), array([0.]), array([0.]))","(array([0.]), array([0.]), array([0.]))","(array([0.]), array([0.]), array([0.]))"
(0.4999989780517245+0j),[-0.99171044],[1.],[0.12849285],[1.],"(array([0.]), array([0.]), array([0.]))","(array([0.]), array([0.]), array([0.]))","(array([0.]), array([0.]), array([0.]))","(array([0.]), array([0.]), array([0.]))","(array([0.]), array([0.]), array([0.]))","(array([0.]), array([0.]), array([0.]))","(array([0.]), array([0.]), array([0.]))","(array([0.]), array([0.]), array([0.]))","(array([0.]), array([0.]), array([0.]))","(array([0.]), array([0.]), array([0.]))","(array([0.]), array([0.]), array([0.]))"
(0.4999989831914383+0j),[-0.96462279],[1.],[0.26363398],[1.],"(array([0.]), array([0.]), array([0.]))","(array([0.]), array([0.]), array([0.]))","(array([0.]), array([0.]), array([0.]))","(array([0.]), array([0.]), array([0.]))","(array([0.]), array([0.]), array([0.]))","(array([0.]), array([0.]), array([0.]))","(array([0.]), array([0.]), array([0.]))","(array([0.]), array([0.]), array([0.]))","(array([0.]), array([0.]), array([0.]))","(array([0.]), array([0.]), array([0.]))","(array([0.]), array([0.]), array([0.]))"
(0.49999899373679707+0j),[-0.99949892],[1.],[-0.03165306],[1.],"(array([0.]), array([0.]), array([0.]))","(array([0.]), array([0.]), array([0.]))","(array([0.]), array([0.]), array([0.]))","(array([0.]), array([0.]), array([0.]))","(array([0.]), array([0.]), array([0.]))","(array([0.]), array([0.]), array([0.]))","(array([0.]), array([0.]), array([0.]))","(array([0.]), array([0.]), array([0.]))","(array([0.]), array([0.]), array([0.]))","(array([0.]), array([0.]), array([0.]))","(array([0.]), array([0.]), array([0.]))"
(0.49999899247067514+0j),[-0.99974912],[1.],[0.02239867],[1.],"(array([0.]), array([0.]), array([0.]))","(array([0.]), array([0.]), array([0.]))","(array([0.]), array([0.]), array([0.]))","(array([0.]), array([0.]), array([0.]))","(array([0.]), array([0.]), array([0.]))","(array([0.]), array([0.]), array([0.]))","(array([0.]), array([0.]), array([0.]))","(array([0.]), array([0.]), array([0.]))","(array([0.]), array([0.]), array([0.]))","(array([0.]), array([0.]), array([0.]))","(array([0.]), array([0.]), array([0.]))"
(0.49999899336662185+0j),[-0.95545163],[1.],[-0.29514772],[1.],"(array([0.]), array([0.]), array([0.]))","(array([0.]), array([0.]), array([0.]))","(array([0.]), array([0.]), array([0.]))","(array([0.]), array([0.]), array([0.]))","(array([0.]), array([0.]), array([0.]))","(array([0.]), array([0.]), array([0.]))","(array([0.]), array([0.]), array([0.]))","(array([0.]), array([0.]), array([0.]))","(array([0.]), array([0.]), array([0.]))","(array([0.]), array([0.]), array([0.]))","(array([0.]), array([0.]), array([0.]))"
(0.4999989815607129+0j),[-0.92462556],[1.],[-0.38087737],[1.],"(array([0.]), array([0.]), array([0.]))","(array([0.]), array([0.]), array([0.]))","(array([0.]), array([0.]), array([0.]))","(array([0.]), array([0.]), array([0.]))","(array([0.]), array([0.]), array([0.]))","(array([0.]), array([0.]), array([0.]))","(array([0.]), array([0.]), array([0.]))","(array([0.]), array([0.]), array([0.]))","(array([0.]), array([0.]), array([0.]))","(array([0.]), array([0.]), array([0.]))","(array([0.]), array([0.]), array([0.]))"
(0.4999989663256176+0j),[-0.80048408],[1.],[-0.59935401],[1.],"(array([0.]), array([0.]), array([0.]))","(array([0.]), array([0.]), array([0.]))","(array([0.]), array([0.]), array([0.]))","(array([0.]), array([0.]), array([0.]))","(array([0.]), array([0.]), array([0.]))","(array([0.]), array([0.]), array([0.]))","(array([0.]), array([0.]), array([0.]))","(array([0.]), array([0.]), array([0.]))","(array([0.]), array([0.]), array([0.]))","(array([0.]), array([0.]), array([0.]))","(array([0.]), array([0.]), array([0.]))"
(0.4999989423514572+0j),[-0.81886167],[1.],[-0.57399091],[1.],"(array([0.]), array([0.]), array([0.]))","(array([0.]), array([0.]), array([0.]))","(array([0.]), array([0.]), array([0.]))","(array([0.]), array([0.]), array([0.]))","(array([0.]), array([0.]), array([0.]))","(array([0.]), array([0.]), array([0.]))","(array([0.]), array([0.]), array([0.]))","(array([0.]), array([0.]), array([0.]))","(array([0.]), array([0.]), array([0.]))","(array([0.]), array([0.]), array([0.]))","(array([0.]), array([0.]), array([0.]))"
(0.499998919391821+0j),[-0.7244186],[1.],[-0.68936035],[1.],"(array([0.]), array([0.]), array([0.]))","(array([0.]), array([0.]), array([0.]))","(array([0.]), array([0.]), array([0.]))","(array([0.]), array([0.]), array([0.]))","(array([0.]), array([0.]), array([0.]))","(array([0.]), array([0.]), array([0.]))","(array([0.]), array([0.]), array([0.]))","(array([0.]), array([0.]), array([0.]))","(array([0.]), array([0.]), array([0.]))","(array([0.]), array([0.]), array([0.]))","(array([0.]), array([0.]), array([0.]))"
(0.4999988918174072+0j),[-0.76923903],[1.],[-0.63896112],[1.],"(array([0.]), array([0.]), array([0.]))","(array([0.]), array([0.]), array([0.]))","(array([0.]), array([0.]), array([0.]))","(array([0.]), array([0.]), array([0.]))","(array([0.]), array([0.]), array([0.]))","(array([0.]), array([0.]), array([0.]))","(array([0.]), array([0.]), array([0.]))","(array([0.]), array([0.]), array([0.]))","(array([0.]), array([0.]), array([0.]))","(array([0.]), array([0.]), array([0.]))","(array([0.]), array([0.]), array([0.]))"
(0.4999988662589628+0j),[-0.87323365],[1.],[-0.48730174],[1.],"(array([0.]), array([0.]), array([0.]))","(array([0.]), array([0.]), array([0.]))","(array([0.]), array([0.]), array([0.]))","(array([0.]), array([0.]), array([0.]))","(array([0.]), array([0.]), array([0.]))","(array([0.]), array([0.]), array([0.]))","(array([0.]), array([0.]), array([0.]))","(array([0.]), array([0.]), array([0.]))","(array([0.]), array([0.]), array([0.]))","(array([0.]), array([0.]), array([0.]))","(array([0.]), array([0.]), array([0.]))"
(0.4999988467668929+0j),[-0.7960772],[1.],[-0.60519508],[1.],"(array([0.]), array([0.]), array([0.]))","(array([0.]), array([0.]), array([0.]))","(array([0.]), array([0.]), array([0.]))","(array([0.]), array([0.]), array([0.]))","(array([0.]), array([0.]), array([0.]))","(array([0.]), array([0.]), array([0.]))","(array([0.]), array([0.]), array([0.]))","(array([0.]), array([0.]), array([0.]))","(array([0.]), array([0.]), array([0.]))","(array([0.]), array([0.]), array([0.]))","(array([0.]), array([0.]), array([0.]))"
(0.49999882255908984+0j),[-0.85672197],[1.],[-0.5157785],[1.],"(array([0.]), array([0.]), array([0.]))","(array([0.]), array([0.]), array([0.]))","(array([0.]), array([0.]), array([0.]))","(array([0.]), array([0.]), array([0.]))","(array([0.]), array([0.]), array([0.]))","(array([0.]), array([0.]), array([0.]))","(array([0.]), array([0.]), array([0.]))","(array([0.]), array([0.]), array([0.]))","(array([0.]), array([0.]), array([0.]))","(array([0.]), array([0.]), array([0.]))","(array([0.]), array([0.]), array([0.]))"
(0.49999880192794943+0j),[-0.81151906],[1.],[-0.58432596],[1.],"(array([0.]), array([0.]), array([0.]))","(array([0.]), array([0.]), array([0.]))","(array([0.]), array([0.]), array([0.]))","(array([0.]), array([0.]), array([0.]))","(array([0.]), array([0.]), array([0.]))","(array([0.]), array([0.]), array([0.]))","(array([0.]), array([0.]), array([0.]))","(array([0.]), array([0.]), array([0.]))","(array([0.]), array([0.]), array([0.]))","(array([0.]), array([0.]), array([0.]))","(array([0.]), array([0.]), array([0.]))"
(0.49999877855491126+0j),[-0.78479732],[1.],[-0.6197525],[1.],"(array([0.]), array([0.]), array([0.]))","(array([0.]), array([0.]), array([0.]))","(array([0.]), array([0.]), array([0.]))","(array([0.]), array([0.]), array([0.]))","(array([0.]), array([0.]), array([0.]))","(array([0.]), array([0.]), array([0.]))","(array([0.]), array([0.]), array([0.]))","(array([0.]), array([0.]), array([0.]))","(array([0.]), array([0.]), array([0.]))","(array([0.]), array([0.]), array([0.]))","(array([0.]), array([0.]), array([0.]))"
(0.49999875376481195+0j),[-0.74560028],[1.],[-0.66639345],[1.],"(array([0.]), array([0.]), array([0.]))","(array([0.]), array([0.]), array([0.]))","(array([0.]), array([0.]), array([0.]))","(array([0.]), array([0.]), array([0.]))","(array([0.]), array([0.]), array([0.]))","(array([0.]), array([0.]), array([0.]))","(array([0.]), array([0.]), array([0.]))","(array([0.]), array([0.]), array([0.]))","(array([0.]), array([0.]), array([0.]))","(array([0.]), array([0.]), array([0.]))","(array([0.]), array([0.]), array([0.]))"
(0.4999987271090739+0j),[-0.63756502],[1.],[-0.77039655],[1.],"(array([0.]), array([0.]), array([0.]))","(array([0.]), array([0.]), array([0.]))","(array([0.]), array([0.]), array([0.]))","(array([0.]), array([0.]), array([0.]))","(array([0.]), array([0.]), array([0.]))","(array([0.]), array([0.]), array([0.]))","(array([0.]), array([0.]), array([0.]))","(array([0.]), array([0.]), array([0.]))","(array([0.]), array([0.]), array([0.]))","(array([0.]), array([0.]), array([0.]))","(array([0.]), array([0.]), array([0.]))"
(0.4999986962932119+0j),[-0.54583647],[1.],[-0.83789173],[1.],"(array([0.]), array([0.]), array([0.]))","(array([0.]), array([0.]), array([0.]))","(array([0.]), array([0.]), array([0.]))","(array([0.]), array([0.]), array([0.]))","(array([0.]), array([0.]), array([0.]))","(array([0.]), array([0.]), array([0.]))","(array([0.]), array([0.]), array([0.]))","(array([0.]), array([0.]), array([0.]))","(array([0.]), array([0.]), array([0.]))","(array([0.]), array([0.]), array([0.]))","(array([0.]), array([0.]), array([0.]))"
(0.49999866277754285+0j),[-0.6883947],[1.],[-0.72533629],[1.],"(array([0.]), array([0.]), array([0.]))","(array([0.]), array([0.]), array([0.]))","(array([0.]), array([0.]), array([0.]))","(array([0.]), array([0.]), array([0.]))","(array([0.]), array([0.]), array([0.]))","(array([0.]), array([0.]), array([0.]))","(array([0.]), array([0.]), array([0.]))","(array([0.]), array([0.]), array([0.]))","(array([0.]), array([0.]), array([0.]))","(array([0.]), array([0.]), array([0.]))","(array([0.]), array([0.]), array([0.]))"
(0.4999986337640913+0j),[-0.82348835],[1.],[-0.56733318],[1.],"(array([0.]), array([0.]), array([0.]))","(array([0.]), array([0.]), array([0.]))","(array([0.]), array([0.]), array([0.]))","(array([0.]), array([0.]), array([0.]))","(array([0.]), array([0.]), array([0.]))","(array([0.]), array([0.]), array([0.]))","(array([0.]), array([0.]), array([0.]))","(array([0.]), array([0.]), array([0.]))","(array([0.]), array([0.]), array([0.]))","(array([0.]), array([0.]), array([0.]))","(array([0.]), array([0.]), array([0.]))"
(0.499998611070764+0j),[-0.81920826],[1.],[-0.57349615],[1.],"(array([0.]), array([0.]), array([0.]))","(array([0.]), array([0.]), array([0.]))","(array([0.]), array([0.]), array([0.]))","(array([0.]), array([0.]), array([0.]))","(array([0.]), array([0.]), array([0.]))","(array([0.]), array([0.]), array([0.]))","(array([0.]), array([0.]), array([0.]))","(array([0.]), array([0.]), array([0.]))","(array([0.]), array([0.]), array([0.]))","(array([0.]), array([0.]), array([0.]))","(array([0.]), array([0.]), array([0.]))"
(0.4999985881309179+0j),[-0.90293551],[1.],[-0.42977606],[1.],"(array([0.]), array([0.]), array([0.]))","(array([0.]), array([0.]), array([0.]))","(array([0.]), array([0.]), array([0.]))","(array([0.]), array([0.]), array([0.]))","(array([0.]), array([0.]), array([0.]))","(array([0.]), array([0.]), array([0.]))","(array([0.]), array([0.]), array([0.]))","(array([0.]), array([0.]), array([0.]))","(array([0.]), array([0.]), array([0.]))","(array([0.]), array([0.]), array([0.]))","(array([0.]), array([0.]), array([0.]))"
(0.49999857093987554+0j),[-0.96976498],[1.],[-0.24404073],[1.],"(array([0.]), array([0.]), array([0.]))","(array([0.]), array([0.]), array([0.]))","(array([0.]), array([0.]), array([0.]))","(array([0.]), array([0.]), array([0.]))","(array([0.]), array([0.]), array([0.]))","(array([0.]), array([0.]), array([0.]))","(array([0.]), array([0.]), array([0.]))","(array([0.]), array([0.]), array([0.]))","(array([0.]), array([0.]), array([0.]))","(array([0.]), array([0.]), array([0.]))","(array([0.]), array([0.]), array([0.]))"
(0.4999985611782464+0j),[-0.99321094],[1.],[-0.11632724],[1.],"(array([0.]), array([0.]), array([0.]))","(array([0.]), array([0.]), array([0.]))","(array([0.]), array([0.]), array([0.]))","(array([0.]), array([0.]), array([0.]))","(array([0.]), array([0.]), array([0.]))","(array([0.]), array([0.]), array([0.]))","(array([0.]), array([0.]), array([0.]))","(array([0.]), array([0.]), array([0.]))","(array([0.]), array([0.]), array([0.]))","(array([0.]), array([0.]), array([0.]))","(array([0.]), array([0.]), array([0.]))"
(0.49999855652515646+0j),[-0.85863466],[1.],[-0.51258807],[1.],"(array([0.]), array([0.]), array([0.]))","(array([0.]), array([0.]), array([0.]))","(array([0.]), array([0.]), array([0.]))","(array([0.]), array([0.]), array([0.]))","(array([0.]), array([0.]), array([0.]))","(array([0.]), array([0.]), array([0.]))","(array([0.]), array([0.]), array([0.]))","(array([0.]), array([0.]), array([0.]))","(array([0.]), array([0.]), array([0.]))","(array([0.]), array([0.]), array([0.]))","(array([0.]), array([0.]), array([0.]))"
(0.49999853602163385+0j),[-0.84992562],[1.],[-0.52690269],[1.],"(array([0.]), array([0.]), array([0.]))","(array([0.]), array([0.]), array([0.]))","(array([0.]), array([0.]), array([0.]))","(array([0.]), array([0.]), array([0.]))","(array([0.]), array([0.]), array([0.]))","(array([0.]), array([0.]), array([0.]))","(array([0.]), array([0.]), array([0.]))","(array([0.]), array([0.]), array([0.]))","(array([0.]), array([0.]), array([0.]))","(array([0.]), array([0.]), array([0.]))","(array([0.]), array([0.]), array([0.]))"
(0.49999851494552666+0j),[-0.95453905],[1.],[-0.2980859],[1.],"(array([0.]), array([0.]), array([0.]))","(array([0.]), array([0.]), array([0.]))","(array([0.]), array([0.]), array([0.]))","(array([0.]), array([0.]), array([0.]))","(array([0.]), array([0.]), array([0.]))","(array([0.]), array([0.]), array([0.]))","(array([0.]), array([0.]), array([0.]))","(array([0.]), array([0.]), array([0.]))","(array([0.]), array([0.]), array([0.]))","(array([0.]), array([0.]), array([0.]))","(array([0.]), array([0.]), array([0.]))"
(0.4999985030220911+0j),[-0.97100296],[1.],[-0.23906748],[1.],"(array([0.]), array([0.]), array([0.]))","(array([0.]), array([0.]), array([0.]))","(array([0.]), array([0.]), array([0.]))","(array([0.]), array([0.]), array([0.]))","(array([0.]), array([0.]), array([0.]))","(array([0.]), array([0.]), array([0.]))","(array([0.]), array([0.]), array([0.]))","(array([0.]), array([0.]), array([0.]))","(array([0.]), array([0.]), array([0.]))","(array([0.]), array([0.]), array([0.]))","(array([0.]), array([0.]), array([0.]))"
(0.499998493459392+0j),[-0.96592318],[1.],[-0.25882891],[1.],"(array([0.]), array([0.]), array([0.]))","(array([0.]), array([0.]), array([0.]))","(array([0.]), array([0.]), array([0.]))","(array([0.]), array([0.]), array([0.]))","(array([0.]), array([0.]), array([0.]))","(array([0.]), array([0.]), array([0.]))","(array([0.]), array([0.]), array([0.]))","(array([0.]), array([0.]), array([0.]))","(array([0.]), array([0.]), array([0.]))","(array([0.]), array([0.]), array([0.]))","(array([0.]), array([0.]), array([0.]))"
(0.4999984831062357+0j),[-0.94509027],[1.],[-0.32680941],[1.],"(array([0.]), array([0.]), array([0.]))","(array([0.]), array([0.]), array([0.]))","(array([0.]), array([0.]), array([0.]))","(array([0.]), array([0.]), array([0.]))","(array([0.]), array([0.]), array([0.]))","(array([0.]), array([0.]), array([0.]))","(array([0.]), array([0.]), array([0.]))","(array([0.]), array([0.]), array([0.]))","(array([0.]), array([0.]), array([0.]))","(array([0.]), array([0.]), array([0.]))","(array([0.]), array([0.]), array([0.]))"
(0.4999984700338598+0j),[-0.96174867],[1.],[-0.27393338],[1.],"(array([0.]), array([0.]), array([0.]))","(array([0.]), array([0.]), array([0.]))","(array([0.]), array([0.]), array([0.]))","(array([0.]), array([0.]), array([0.]))","(array([0.]), array([0.]), array([0.]))","(array([0.]), array([0.]), array([0.]))","(array([0.]), array([0.]), array([0.]))","(array([0.]), array([0.]), array([0.]))","(array([0.]), array([0.]), array([0.]))","(array([0.]), array([0.]), array([0.]))","(array([0.]), array([0.]), array([0.]))"
(0.4999984590765244+0j),[-0.93889409],[1.],[-0.34420618],[1.],"(array([0.]), array([0.]), array([0.]))","(array([0.]), array([0.]), array([0.]))","(array([0.]), array([0.]), array([0.]))","(array([0.]), array([0.]), array([0.]))","(array([0.]), array([0.]), array([0.]))","(array([0.]), array([0.]), array([0.]))","(array([0.]), array([0.]), array([0.]))","(array([0.]), array([0.]), array([0.]))","(array([0.]), array([0.]), array([0.]))","(array([0.]), array([0.]), array([0.]))","(array([0.]), array([0.]), array([0.]))"
(0.49999844530827764+0j),[-0.98334331],[1.],[-0.18175793],[1.],"(array([0.]), array([0.]), array([0.]))","(array([0.]), array([0.]), array([0.]))","(array([0.]), array([0.]), array([0.]))","(array([0.]), array([0.]), array([0.]))","(array([0.]), array([0.]), array([0.]))","(array([0.]), array([0.]), array([0.]))","(array([0.]), array([0.]), array([0.]))","(array([0.]), array([0.]), array([0.]))","(array([0.]), array([0.]), array([0.]))","(array([0.]), array([0.]), array([0.]))","(array([0.]), array([0.]), array([0.]))"
(0.49999843803796085+0j),[-0.97970628],[1.],[-0.20043851],[1.],"(array([0.]), array([0.]), array([0.]))","(array([0.]), array([0.]), array([0.]))","(array([0.]), array([0.]), array([0.]))","(array([0.]), array([0.]), array([0.]))","(array([0.]), array([0.]), array([0.]))","(array([0.]), array([0.]), array([0.]))","(array([0.]), array([0.]), array([0.]))","(array([0.]), array([0.]), array([0.]))","(array([0.]), array([0.]), array([0.]))","(array([0.]), array([0.]), array([0.]))","(array([0.]), array([0.]), array([0.]))"
(0.4999984300204202+0j),[-0.97934966],[1.],[-0.20217379],[1.],"(array([0.]), array([0.]), array([0.]))","(array([0.]), array([0.]), array([0.]))","(array([0.]), array([0.]), array([0.]))","(array([0.]), array([0.]), array([0.]))","(array([0.]), array([0.]), array([0.]))","(array([0.]), array([0.]), array([0.]))","(array([0.]), array([0.]), array([0.]))","(array([0.]), array([0.]), array([0.]))","(array([0.]), array([0.]), array([0.]))","(array([0.]), array([0.]), array([0.]))","(array([0.]), array([0.]), array([0.]))"
(0.49999842193346794+0j),[-0.99420447],[1.],[-0.10750565],[1.],"(array([0.]), array([0.]), array([0.]))","(array([0.]), array([0.]), array([0.]))","(array([0.]), array([0.]), array([0.]))","(array([0.]), array([0.]), array([0.]))","(array([0.]), array([0.]), array([0.]))","(array([0.]), array([0.]), array([0.]))","(array([0.]), array([0.]), array([0.]))","(array([0.]), array([0.]), array([0.]))","(array([0.]), array([0.]), array([0.]))","(array([0.]), array([0.]), array([0.]))","(array([0.]), array([0.]), array([0.]))"
(0.4999984176332423+0j),[-0.99075151],[1.],[0.13568881],[1.],"(array([0.]), array([0.]), array([0.]))","(array([0.]), array([0.]), array([0.]))","(array([0.]), array([0.]), array([0.]))","(array([0.]), array([0.]), array([0.]))","(array([0.]), array([0.]), array([0.]))","(array([0.]), array([0.]), array([0.]))","(array([0.]), array([0.]), array([0.]))","(array([0.]), array([0.]), array([0.]))","(array([0.]), array([0.]), array([0.]))","(array([0.]), array([0.]), array([0.]))","(array([0.]), array([0.]), array([0.]))"
(0.499998423060795+0j),[-0.99447117],[1.],[0.10500999],[1.],"(array([0.]), array([0.]), array([0.]))","(array([0.]), array([0.]), array([0.]))","(array([0.]), array([0.]), array([0.]))","(array([0.]), array([0.]), array([0.]))","(array([0.]), array([0.]), array([0.]))","(array([0.]), array([0.]), array([0.]))","(array([0.]), array([0.]), array([0.]))","(array([0.]), array([0.]), array([0.]))","(array([0.]), array([0.]), array([0.]))","(array([0.]), array([0.]), array([0.]))","(array([0.]), array([0.]), array([0.]))"
(0.4999984272611943+0j),[-0.98115367],[1.],[0.19322905],[1.],"(array([0.]), array([0.]), array([0.]))","(array([0.]), array([0.]), array([0.]))","(array([0.]), array([0.]), array([0.]))","(array([0.]), array([0.]), array([0.]))","(array([0.]), array([0.]), array([0.]))","(array([0.]), array([0.]), array([0.]))","(array([0.]), array([0.]), array([0.]))","(array([0.]), array([0.]), array([0.]))","(array([0.]), array([0.]), array([0.]))","(array([0.]), array([0.]), array([0.]))","(array([0.]), array([0.]), array([0.]))"
(0.49999843499035646+0j),[-0.99039354],[1.],[0.13827737],[1.],"(array([0.]), array([0.]), array([0.]))","(array([0.]), array([0.]), array([0.]))","(array([0.]), array([0.]), array([0.]))","(array([0.]), array([0.]), array([0.]))","(array([0.]), array([0.]), array([0.]))","(array([0.]), array([0.]), array([0.]))","(array([0.]), array([0.]), array([0.]))","(array([0.]), array([0.]), array([0.]))","(array([0.]), array([0.]), array([0.]))","(array([0.]), array([0.]), array([0.]))","(array([0.]), array([0.]), array([0.]))"
(0.49999844052145026+0j),[-0.99477623],[1.],[-0.10207959],[1.],"(array([0.]), array([0.]), array([0.]))","(array([0.]), array([0.]), array([0.]))","(array([0.]), array([0.]), array([0.]))","(array([0.]), array([0.]), array([0.]))","(array([0.]), array([0.]), array([0.]))","(array([0.]), array([0.]), array([0.]))","(array([0.]), array([0.]), array([0.]))","(array([0.]), array([0.]), array([0.]))","(array([0.]), array([0.]), array([0.]))","(array([0.]), array([0.]), array([0.]))","(array([0.]), array([0.]), array([0.]))"
(0.49999843643826714+0j),[-0.99468768],[1.],[-0.10293895],[1.],"(array([0.]), array([0.]), array([0.]))","(array([0.]), array([0.]), array([0.]))","(array([0.]), array([0.]), array([0.]))","(array([0.]), array([0.]), array([0.]))","(array([0.]), array([0.]), array([0.]))","(array([0.]), array([0.]), array([0.]))","(array([0.]), array([0.]), array([0.]))","(array([0.]), array([0.]), array([0.]))","(array([0.]), array([0.]), array([0.]))","(array([0.]), array([0.]), array([0.]))","(array([0.]), array([0.]), array([0.]))"
(0.49999843232070906+0j),[-0.99998804],[1.],[0.00489172],[1.],"(array([0.]), array([0.]), array([0.]))","(array([0.]), array([0.]), array([0.]))","(array([0.]), array([0.]), array([0.]))","(array([0.]), array([0.]), array([0.]))","(array([0.]), array([0.]), array([0.]))","(array([0.]), array([0.]), array([0.]))","(array([0.]), array([0.]), array([0.]))","(array([0.]), array([0.]), array([0.]))","(array([0.]), array([0.]), array([0.]))","(array([0.]), array([0.]), array([0.]))","(array([0.]), array([0.]), array([0.]))"
(0.49999843251637704+0j),[-0.99712113],[1.],[0.07582521],[1.],"(array([0.]), array([0.]), array([0.]))","(array([0.]), array([0.]), array([0.]))","(array([0.]), array([0.]), array([0.]))","(array([0.]), array([0.]), array([0.]))","(array([0.]), array([0.]), array([0.]))","(array([0.]), array([0.]), array([0.]))","(array([0.]), array([0.]), array([0.]))","(array([0.]), array([0.]), array([0.]))","(array([0.]), array([0.]), array([0.]))","(array([0.]), array([0.]), array([0.]))","(array([0.]), array([0.]), array([0.]))"
(0.49999843554938533+0j),[-0.9983389],[1.],[0.05761463],[1.],"(array([0.]), array([0.]), array([0.]))","(array([0.]), array([0.]), array([0.]))","(array([0.]), array([0.]), array([0.]))","(array([0.]), array([0.]), array([0.]))","(array([0.]), array([0.]), array([0.]))","(array([0.]), array([0.]), array([0.]))","(array([0.]), array([0.]), array([0.]))","(array([0.]), array([0.]), array([0.]))","(array([0.]), array([0.]), array([0.]))","(array([0.]), array([0.]), array([0.]))","(array([0.]), array([0.]), array([0.]))"
(0.49999843785397047+0j),[-0.99998361],[1.],[0.005725],[1.],"(array([0.]), array([0.]), array([0.]))","(array([0.]), array([0.]), array([0.]))","(array([0.]), array([0.]), array([0.]))","(array([0.]), array([0.]), array([0.]))","(array([0.]), array([0.]), array([0.]))","(array([0.]), array([0.]), array([0.]))","(array([0.]), array([0.]), array([0.]))","(array([0.]), array([0.]), array([0.]))","(array([0.]), array([0.]), array([0.]))","(array([0.]), array([0.]), array([0.]))","(array([0.]), array([0.]), array([0.]))"
(0.4999984380829705+0j),[-0.97133334],[1.],[-0.23772157],[1.],"(array([0.]), array([0.]), array([0.]))","(array([0.]), array([0.]), array([0.]))","(array([0.]), array([0.]), array([0.]))","(array([0.]), array([0.]), array([0.]))","(array([0.]), array([0.]), array([0.]))","(array([0.]), array([0.]), array([0.]))","(array([0.]), array([0.]), array([0.]))","(array([0.]), array([0.]), array([0.]))","(array([0.]), array([0.]), array([0.]))","(array([0.]), array([0.]), array([0.]))","(array([0.]), array([0.]), array([0.]))"
(0.49999842857410753+0j),[-0.96473251],[1.],[-0.26323218],[1.],"(array([0.]), array([0.]), array([0.]))","(array([0.]), array([0.]), array([0.]))","(array([0.]), array([0.]), array([0.]))","(array([0.]), array([0.]), array([0.]))","(array([0.]), array([0.]), array([0.]))","(array([0.]), array([0.]), array([0.]))","(array([0.]), array([0.]), array([0.]))","(array([0.]), array([0.]), array([0.]))","(array([0.]), array([0.]), array([0.]))","(array([0.]), array([0.]), array([0.]))","(array([0.]), array([0.]), array([0.]))"
(0.49999841804482037+0j),[-0.99876666],[1.],[0.04965036],[1.],"(array([0.]), array([0.]), array([0.]))","(array([0.]), array([0.]), array([0.]))","(array([0.]), array([0.]), array([0.]))","(array([0.]), array([0.]), array([0.]))","(array([0.]), array([0.]), array([0.]))","(array([0.]), array([0.]), array([0.]))","(array([0.]), array([0.]), array([0.]))","(array([0.]), array([0.]), array([0.]))","(array([0.]), array([0.]), array([0.]))","(array([0.]), array([0.]), array([0.]))","(array([0.]), array([0.]), array([0.]))"
(0.4999984200308354+0j),[-0.99999431],[1.],[0.00337359],[1.],"(array([0.]), array([0.]), array([0.]))","(array([0.]), array([0.]), array([0.]))","(array([0.]), array([0.]), array([0.]))","(array([0.]), array([0.]), array([0.]))","(array([0.]), array([0.]), array([0.]))","(array([0.]), array([0.]), array([0.]))","(array([0.]), array([0.]), array([0.]))","(array([0.]), array([0.]), array([0.]))","(array([0.]), array([0.]), array([0.]))","(array([0.]), array([0.]), array([0.]))","(array([0.]), array([0.]), array([0.]))"
(0.4999984201657793+0j),[-0.99998913],[1.],[-0.00466167],[1.],"(array([0.]), array([0.]), array([0.]))","(array([0.]), array([0.]), array([0.]))","(array([0.]), array([0.]), array([0.]))","(array([0.]), array([0.]), array([0.]))","(array([0.]), array([0.]), array([0.]))","(array([0.]), array([0.]), array([0.]))","(array([0.]), array([0.]), array([0.]))","(array([0.]), array([0.]), array([0.]))","(array([0.]), array([0.]), array([0.]))","(array([0.]), array([0.]), array([0.]))","(array([0.]), array([0.]), array([0.]))"
(0.4999984199793123+0j),[-0.96314416],[1.],[0.26898573],[1.],"(array([0.]), array([0.]), array([0.]))","(array([0.]), array([0.]), array([0.]))","(array([0.]), array([0.]), array([0.]))","(array([0.]), array([0.]), array([0.]))","(array([0.]), array([0.]), array([0.]))","(array([0.]), array([0.]), array([0.]))","(array([0.]), array([0.]), array([0.]))","(array([0.]), array([0.]), array([0.]))","(array([0.]), array([0.]), array([0.]))","(array([0.]), array([0.]), array([0.]))","(array([0.]), array([0.]), array([0.]))"
(0.49999843073874134+0j),[-0.95671157],[1.],[0.29103774],[1.],"(array([0.]), array([0.]), array([0.]))","(array([0.]), array([0.]), array([0.]))","(array([0.]), array([0.]), array([0.]))","(array([0.]), array([0.]), array([0.]))","(array([0.]), array([0.]), array([0.]))","(array([0.]), array([0.]), array([0.]))","(array([0.]), array([0.]), array([0.]))","(array([0.]), array([0.]), array([0.]))","(array([0.]), array([0.]), array([0.]))","(array([0.]), array([0.]), array([0.]))","(array([0.]), array([0.]), array([0.]))"
(0.4999984423802511+0j),[-0.94096327],[1.],[0.33850867],[1.],"(array([0.]), array([0.]), array([0.]))","(array([0.]), array([0.]), array([0.]))","(array([0.]), array([0.]), array([0.]))","(array([0.]), array([0.]), array([0.]))","(array([0.]), array([0.]), array([0.]))","(array([0.]), array([0.]), array([0.]))","(array([0.]), array([0.]), array([0.]))","(array([0.]), array([0.]), array([0.]))","(array([0.]), array([0.]), array([0.]))","(array([0.]), array([0.]), array([0.]))","(array([0.]), array([0.]), array([0.]))"
(0.49999845592059766+0j),[-0.99340213],[1.],[0.11468303],[1.],"(array([0.]), array([0.]), array([0.]))","(array([0.]), array([0.]), array([0.]))","(array([0.]), array([0.]), array([0.]))","(array([0.]), array([0.]), array([0.]))","(array([0.]), array([0.]), array([0.]))","(array([0.]), array([0.]), array([0.]))","(array([0.]), array([0.]), array([0.]))","(array([0.]), array([0.]), array([0.]))","(array([0.]), array([0.]), array([0.]))","(array([0.]), array([0.]), array([0.]))","(array([0.]), array([0.]), array([0.]))"
(0.4999984605079193+0j),[-0.96165112],[1.],[0.27427563],[1.],"(array([0.]), array([0.]), array([0.]))","(array([0.]), array([0.]), array([0.]))","(array([0.]), array([0.]), array([0.]))","(array([0.]), array([0.]), array([0.]))","(array([0.]), array([0.]), array([0.]))","(array([0.]), array([0.]), array([0.]))","(array([0.]), array([0.]), array([0.]))","(array([0.]), array([0.]), array([0.]))","(array([0.]), array([0.]), array([0.]))","(array([0.]), array([0.]), array([0.]))","(array([0.]), array([0.]), array([0.]))"
(0.4999984714789446+0j),[-0.85097438],[1.],[0.52520721],[1.],"(array([0.]), array([0.]), array([0.]))","(array([0.]), array([0.]), array([0.]))","(array([0.]), array([0.]), array([0.]))","(array([0.]), array([0.]), array([0.]))","(array([0.]), array([0.]), array([0.]))","(array([0.]), array([0.]), array([0.]))","(array([0.]), array([0.]), array([0.]))","(array([0.]), array([0.]), array([0.]))","(array([0.]), array([0.]), array([0.]))","(array([0.]), array([0.]), array([0.]))","(array([0.]), array([0.]), array([0.]))"
(0.4999984924872328+0j),[-0.85728786],[1.],[0.51483738],[1.],"(array([0.]), array([0.]), array([0.]))","(array([0.]), array([0.]), array([0.]))","(array([0.]), array([0.]), array([0.]))","(array([0.]), array([0.]), array([0.]))","(array([0.]), array([0.]), array([0.]))","(array([0.]), array([0.]), array([0.]))","(array([0.]), array([0.]), array([0.]))","(array([0.]), array([0.]), array([0.]))","(array([0.]), array([0.]), array([0.]))","(array([0.]), array([0.]), array([0.]))","(array([0.]), array([0.]), array([0.]))"
(0.4999985130807279+0j),[-0.73159702],[1.],[0.68173734],[1.],"(array([0.]), array([0.]), array([0.]))","(array([0.]), array([0.]), array([0.]))","(array([0.]), array([0.]), array([0.]))","(array([0.]), array([0.]), array([0.]))","(array([0.]), array([0.]), array([0.]))","(array([0.]), array([0.]), array([0.]))","(array([0.]), array([0.]), array([0.]))","(array([0.]), array([0.]), array([0.]))","(array([0.]), array([0.]), array([0.]))","(array([0.]), array([0.]), array([0.]))","(array([0.]), array([0.]), array([0.]))"
(0.49999854035022095+0j),[-0.58634424],[1.],[0.810062],[1.],"(array([0.]), array([0.]), array([0.]))","(array([0.]), array([0.]), array([0.]))","(array([0.]), array([0.]), array([0.]))","(array([0.]), array([0.]), array([0.]))","(array([0.]), array([0.]), array([0.]))","(array([0.]), array([0.]), array([0.]))","(array([0.]), array([0.]), array([0.]))","(array([0.]), array([0.]), array([0.]))","(array([0.]), array([0.]), array([0.]))","(array([0.]), array([0.]), array([0.]))","(array([0.]), array([0.]), array([0.]))"
(0.49999857275270077+0j),[-0.92189996],[1.],[0.38742801],[1.],"(array([0.]), array([0.]), array([0.]))","(array([0.]), array([0.]), array([0.]))","(array([0.]), array([0.]), array([0.]))","(array([0.]), array([0.]), array([0.]))","(array([0.]), array([0.]), array([0.]))","(array([0.]), array([0.]), array([0.]))","(array([0.]), array([0.]), array([0.]))","(array([0.]), array([0.]), array([0.]))","(array([0.]), array([0.]), array([0.]))","(array([0.]), array([0.]), array([0.]))","(array([0.]), array([0.]), array([0.]))"
(0.49999858824982146+0j),[-0.78620613],[1.],[0.61796433],[1.],"(array([0.]), array([0.]), array([0.]))","(array([0.]), array([0.]), array([0.]))","(array([0.]), array([0.]), array([0.]))","(array([0.]), array([0.]), array([0.]))","(array([0.]), array([0.]), array([0.]))","(array([0.]), array([0.]), array([0.]))","(array([0.]), array([0.]), array([0.]))","(array([0.]), array([0.]), array([0.]))","(array([0.]), array([0.]), array([0.]))","(array([0.]), array([0.]), array([0.]))","(array([0.]), array([0.]), array([0.]))"
(0.499998612968395+0j),[-0.92655722],[1.],[0.37615384],[1.],"(array([0.]), array([0.]), array([0.]))","(array([0.]), array([0.]), array([0.]))","(array([0.]), array([0.]), array([0.]))","(array([0.]), array([0.]), array([0.]))","(array([0.]), array([0.]), array([0.]))","(array([0.]), array([0.]), array([0.]))","(array([0.]), array([0.]), array([0.]))","(array([0.]), array([0.]), array([0.]))","(array([0.]), array([0.]), array([0.]))","(array([0.]), array([0.]), array([0.]))","(array([0.]), array([0.]), array([0.]))"
(0.4999986280145485+0j),[-0.89095877],[1.],[0.45408422],[1.],"(array([0.]), array([0.]), array([0.]))","(array([0.]), array([0.]), array([0.]))","(array([0.]), array([0.]), array([0.]))","(array([0.]), array([0.]), array([0.]))","(array([0.]), array([0.]), array([0.]))","(array([0.]), array([0.]), array([0.]))","(array([0.]), array([0.]), array([0.]))","(array([0.]), array([0.]), array([0.]))","(array([0.]), array([0.]), array([0.]))","(array([0.]), array([0.]), array([0.]))","(array([0.]), array([0.]), array([0.]))"
(0.4999986461779169+0j),[-0.84641394],[1.],[0.53252553],[1.],"(array([0.]), array([0.]), array([0.]))","(array([0.]), array([0.]), array([0.]))","(array([0.]), array([0.]), array([0.]))","(array([0.]), array([0.]), array([0.]))","(array([0.]), array([0.]), array([0.]))","(array([0.]), array([0.]), array([0.]))","(array([0.]), array([0.]), array([0.]))","(array([0.]), array([0.]), array([0.]))","(array([0.]), array([0.]), array([0.]))","(array([0.]), array([0.]), array([0.]))","(array([0.]), array([0.]), array([0.]))"
(0.4999986674789382+0j),[-0.87071291],[1.],[0.49179165],[1.],"(array([0.]), array([0.]), array([0.]))","(array([0.]), array([0.]), array([0.]))","(array([0.]), array([0.]), array([0.]))","(array([0.]), array([0.]), array([0.]))","(array([0.]), array([0.]), array([0.]))","(array([0.]), array([0.]), array([0.]))","(array([0.]), array([0.]), array([0.]))","(array([0.]), array([0.]), array([0.]))","(array([0.]), array([0.]), array([0.]))","(array([0.]), array([0.]), array([0.]))","(array([0.]), array([0.]), array([0.]))"
(0.49999868715060364+0j),[-0.9039211],[1.],[0.42769925],[1.],"(array([0.]), array([0.]), array([0.]))","(array([0.]), array([0.]), array([0.]))","(array([0.]), array([0.]), array([0.]))","(array([0.]), array([0.]), array([0.]))","(array([0.]), array([0.]), array([0.]))","(array([0.]), array([0.]), array([0.]))","(array([0.]), array([0.]), array([0.]))","(array([0.]), array([0.]), array([0.]))","(array([0.]), array([0.]), array([0.]))","(array([0.]), array([0.]), array([0.]))","(array([0.]), array([0.]), array([0.]))"
(0.4999987042585733+0j),[-0.93394558],[1.],[0.35741524],[1.],"(array([0.]), array([0.]), array([0.]))","(array([0.]), array([0.]), array([0.]))","(array([0.]), array([0.]), array([0.]))","(array([0.]), array([0.]), array([0.]))","(array([0.]), array([0.]), array([0.]))","(array([0.]), array([0.]), array([0.]))","(array([0.]), array([0.]), array([0.]))","(array([0.]), array([0.]), array([0.]))","(array([0.]), array([0.]), array([0.]))","(array([0.]), array([0.]), array([0.]))","(array([0.]), array([0.]), array([0.]))"
(0.4999987185551823+0j),[-0.96350815],[1.],[0.26767899],[1.],"(array([0.]), array([0.]), array([0.]))","(array([0.]), array([0.]), array([0.]))","(array([0.]), array([0.]), array([0.]))","(array([0.]), array([0.]), array([0.]))","(array([0.]), array([0.]), array([0.]))","(array([0.]), array([0.]), array([0.]))","(array([0.]), array([0.]), array([0.]))","(array([0.]), array([0.]), array([0.]))","(array([0.]), array([0.]), array([0.]))","(array([0.]), array([0.]), array([0.]))","(array([0.]), array([0.]), array([0.]))"
(0.49999872926234173+0j),[-0.98382258],[1.],[0.17914557],[1.],"(array([0.]), array([0.]), array([0.]))","(array([0.]), array([0.]), array([0.]))","(array([0.]), array([0.]), array([0.]))","(array([0.]), array([0.]), array([0.]))","(array([0.]), array([0.]), array([0.]))","(array([0.]), array([0.]), array([0.]))","(array([0.]), array([0.]), array([0.]))","(array([0.]), array([0.]), array([0.]))","(array([0.]), array([0.]), array([0.]))","(array([0.]), array([0.]), array([0.]))","(array([0.]), array([0.]), array([0.]))"
(0.4999987364281642+0j),[-0.99938878],[1.],[0.03495793],[1.],"(array([0.]), array([0.]), array([0.]))","(array([0.]), array([0.]), array([0.]))","(array([0.]), array([0.]), array([0.]))","(array([0.]), array([0.]), array([0.]))","(array([0.]), array([0.]), array([0.]))","(array([0.]), array([0.]), array([0.]))","(array([0.]), array([0.]), array([0.]))","(array([0.]), array([0.]), array([0.]))","(array([0.]), array([0.]), array([0.]))","(array([0.]), array([0.]), array([0.]))","(array([0.]), array([0.]), array([0.]))"
(0.49999873782648174+0j),[-0.99988057],[1.],[0.01545483],[1.],"(array([0.]), array([0.]), array([0.]))","(array([0.]), array([0.]), array([0.]))","(array([0.]), array([0.]), array([0.]))","(array([0.]), array([0.]), array([0.]))","(array([0.]), array([0.]), array([0.]))","(array([0.]), array([0.]), array([0.]))","(array([0.]), array([0.]), array([0.]))","(array([0.]), array([0.]), array([0.]))","(array([0.]), array([0.]), array([0.]))","(array([0.]), array([0.]), array([0.]))","(array([0.]), array([0.]), array([0.]))"
(0.49999873844467513+0j),[-0.99937703],[1.],[0.03529228],[1.],"(array([0.]), array([0.]), array([0.]))","(array([0.]), array([0.]), array([0.]))","(array([0.]), array([0.]), array([0.]))","(array([0.]), array([0.]), array([0.]))","(array([0.]), array([0.]), array([0.]))","(array([0.]), array([0.]), array([0.]))","(array([0.]), array([0.]), array([0.]))","(array([0.]), array([0.]), array([0.]))","(array([0.]), array([0.]), array([0.]))","(array([0.]), array([0.]), array([0.]))","(array([0.]), array([0.]), array([0.]))"
(0.4999987398563662+0j),[-0.99998347],[1.],[-0.00574916],[1.],"(array([0.]), array([0.]), array([0.]))","(array([0.]), array([0.]), array([0.]))","(array([0.]), array([0.]), array([0.]))","(array([0.]), array([0.]), array([0.]))","(array([0.]), array([0.]), array([0.]))","(array([0.]), array([0.]), array([0.]))","(array([0.]), array([0.]), array([0.]))","(array([0.]), array([0.]), array([0.]))","(array([0.]), array([0.]), array([0.]))","(array([0.]), array([0.]), array([0.]))","(array([0.]), array([0.]), array([0.]))"
(0.49999873962640007+0j),[-0.99850176],[1.],[0.05471954],[1.],"(array([0.]), array([0.]), array([0.]))","(array([0.]), array([0.]), array([0.]))","(array([0.]), array([0.]), array([0.]))","(array([0.]), array([0.]), array([0.]))","(array([0.]), array([0.]), array([0.]))","(array([0.]), array([0.]), array([0.]))","(array([0.]), array([0.]), array([0.]))","(array([0.]), array([0.]), array([0.]))","(array([0.]), array([0.]), array([0.]))","(array([0.]), array([0.]), array([0.]))","(array([0.]), array([0.]), array([0.]))"
(0.4999987418151812+0j),[-0.99388236],[1.],[-0.11044387],[1.],"(array([0.]), array([0.]), array([0.]))","(array([0.]), array([0.]), array([0.]))","(array([0.]), array([0.]), array([0.]))","(array([0.]), array([0.]), array([0.]))","(array([0.]), array([0.]), array([0.]))","(array([0.]), array([0.]), array([0.]))","(array([0.]), array([0.]), array([0.]))","(array([0.]), array([0.]), array([0.]))","(array([0.]), array([0.]), array([0.]))","(array([0.]), array([0.]), array([0.]))","(array([0.]), array([0.]), array([0.]))"
(0.49999873739742623+0j),[-0.99720113],[1.],[-0.07476562],[1.],"(array([0.]), array([0.]), array([0.]))","(array([0.]), array([0.]), array([0.]))","(array([0.]), array([0.]), array([0.]))","(array([0.]), array([0.]), array([0.]))","(array([0.]), array([0.]), array([0.]))","(array([0.]), array([0.]), array([0.]))","(array([0.]), array([0.]), array([0.]))","(array([0.]), array([0.]), array([0.]))","(array([0.]), array([0.]), array([0.]))","(array([0.]), array([0.]), array([0.]))","(array([0.]), array([0.]), array([0.]))"
(0.4999987344068014+0j),[-0.99632154],[1.],[0.08569358],[1.],"(array([0.]), array([0.]), array([0.]))","(array([0.]), array([0.]), array([0.]))","(array([0.]), array([0.]), array([0.]))","(array([0.]), array([0.]), array([0.]))","(array([0.]), array([0.]), array([0.]))","(array([0.]), array([0.]), array([0.]))","(array([0.]), array([0.]), array([0.]))","(array([0.]), array([0.]), array([0.]))","(array([0.]), array([0.]), array([0.]))","(array([0.]), array([0.]), array([0.]))","(array([0.]), array([0.]), array([0.]))"
(0.4999987378345445+0j),[-0.92178853],[1.],[0.38769305],[1.],"(array([0.]), array([0.]), array([0.]))","(array([0.]), array([0.]), array([0.]))","(array([0.]), array([0.]), array([0.]))","(array([0.]), array([0.]), array([0.]))","(array([0.]), array([0.]), array([0.]))","(array([0.]), array([0.]), array([0.]))","(array([0.]), array([0.]), array([0.]))","(array([0.]), array([0.]), array([0.]))","(array([0.]), array([0.]), array([0.]))","(array([0.]), array([0.]), array([0.]))","(array([0.]), array([0.]), array([0.]))"
(0.4999987533422671+0j),[-0.989619],[1.],[0.14371583],[1.],"(array([0.]), array([0.]), array([0.]))","(array([0.]), array([0.]), array([0.]))","(array([0.]), array([0.]), array([0.]))","(array([0.]), array([0.]), array([0.]))","(array([0.]), array([0.]), array([0.]))","(array([0.]), array([0.]), array([0.]))","(array([0.]), array([0.]), array([0.]))","(array([0.]), array([0.]), array([0.]))","(array([0.]), array([0.]), array([0.]))","(array([0.]), array([0.]), array([0.]))","(array([0.]), array([0.]), array([0.]))"
(0.49999875909089986+0j),[-0.95706643],[1.],[0.28986868],[1.],"(array([0.]), array([0.]), array([0.]))","(array([0.]), array([0.]), array([0.]))","(array([0.]), array([0.]), array([0.]))","(array([0.]), array([0.]), array([0.]))","(array([0.]), array([0.]), array([0.]))","(array([0.]), array([0.]), array([0.]))","(array([0.]), array([0.]), array([0.]))","(array([0.]), array([0.]), array([0.]))","(array([0.]), array([0.]), array([0.]))","(array([0.]), array([0.]), array([0.]))","(array([0.]), array([0.]), array([0.]))"
(0.4999987706856466+0j),[-0.94058886],[1.],[0.33954765],[1.],"(array([0.]), array([0.]), array([0.]))","(array([0.]), array([0.]), array([0.]))","(array([0.]), array([0.]), array([0.]))","(array([0.]), array([0.]), array([0.]))","(array([0.]), array([0.]), array([0.]))","(array([0.]), array([0.]), array([0.]))","(array([0.]), array([0.]), array([0.]))","(array([0.]), array([0.]), array([0.]))","(array([0.]), array([0.]), array([0.]))","(array([0.]), array([0.]), array([0.]))","(array([0.]), array([0.]), array([0.]))"
(0.4999987842675524+0j),[-0.99896877],[1.],[-0.04540269],[1.],"(array([0.]), array([0.]), array([0.]))","(array([0.]), array([0.]), array([0.]))","(array([0.]), array([0.]), array([0.]))","(array([0.]), array([0.]), array([0.]))","(array([0.]), array([0.]), array([0.]))","(array([0.]), array([0.]), array([0.]))","(array([0.]), array([0.]), array([0.]))","(array([0.]), array([0.]), array([0.]))","(array([0.]), array([0.]), array([0.]))","(array([0.]), array([0.]), array([0.]))","(array([0.]), array([0.]), array([0.]))"
(0.4999987824514442+0j),[-0.98534167],[1.],[-0.17059249],[1.],"(array([0.]), array([0.]), array([0.]))","(array([0.]), array([0.]), array([0.]))","(array([0.]), array([0.]), array([0.]))","(array([0.]), array([0.]), array([0.]))","(array([0.]), array([0.]), array([0.]))","(array([0.]), array([0.]), array([0.]))","(array([0.]), array([0.]), array([0.]))","(array([0.]), array([0.]), array([0.]))","(array([0.]), array([0.]), array([0.]))","(array([0.]), array([0.]), array([0.]))","(array([0.]), array([0.]), array([0.]))"
(0.4999987756277442+0j),[-0.9319419],[1.],[-0.36260764],[1.],"(array([0.]), array([0.]), array([0.]))","(array([0.]), array([0.]), array([0.]))","(array([0.]), array([0.]), array([0.]))","(array([0.]), array([0.]), array([0.]))","(array([0.]), array([0.]), array([0.]))","(array([0.]), array([0.]), array([0.]))","(array([0.]), array([0.]), array([0.]))","(array([0.]), array([0.]), array([0.]))","(array([0.]), array([0.]), array([0.]))","(array([0.]), array([0.]), array([0.]))","(array([0.]), array([0.]), array([0.]))"
(0.49999876112343866+0j),[-0.9641886],[1.],[-0.26521752],[1.],"(array([0.]), array([0.]), array([0.]))","(array([0.]), array([0.]), array([0.]))","(array([0.]), array([0.]), array([0.]))","(array([0.]), array([0.]), array([0.]))","(array([0.]), array([0.]), array([0.]))","(array([0.]), array([0.]), array([0.]))","(array([0.]), array([0.]), array([0.]))","(array([0.]), array([0.]), array([0.]))","(array([0.]), array([0.]), array([0.]))","(array([0.]), array([0.]), array([0.]))","(array([0.]), array([0.]), array([0.]))"
(0.4999987505147381+0j),[-0.99967514],[1.],[0.02548739],[1.],"(array([0.]), array([0.]), array([0.]))","(array([0.]), array([0.]), array([0.]))","(array([0.]), array([0.]), array([0.]))","(array([0.]), array([0.]), array([0.]))","(array([0.]), array([0.]), array([0.]))","(array([0.]), array([0.]), array([0.]))","(array([0.]), array([0.]), array([0.]))","(array([0.]), array([0.]), array([0.]))","(array([0.]), array([0.]), array([0.]))","(array([0.]), array([0.]), array([0.]))","(array([0.]), array([0.]), array([0.]))"
(0.49999875153423384+0j),[-0.96217056],[1.],[0.27244781],[1.],"(array([0.]), array([0.]), array([0.]))","(array([0.]), array([0.]), array([0.]))","(array([0.]), array([0.]), array([0.]))","(array([0.]), array([0.]), array([0.]))","(array([0.]), array([0.]), array([0.]))","(array([0.]), array([0.]), array([0.]))","(array([0.]), array([0.]), array([0.]))","(array([0.]), array([0.]), array([0.]))","(array([0.]), array([0.]), array([0.]))","(array([0.]), array([0.]), array([0.]))","(array([0.]), array([0.]), array([0.]))"
(0.49999876243214614+0j),[-0.94794764],[1.],[0.31842624],[1.],"(array([0.]), array([0.]), array([0.]))","(array([0.]), array([0.]), array([0.]))","(array([0.]), array([0.]), array([0.]))","(array([0.]), array([0.]), array([0.]))","(array([0.]), array([0.]), array([0.]))","(array([0.]), array([0.]), array([0.]))","(array([0.]), array([0.]), array([0.]))","(array([0.]), array([0.]), array([0.]))","(array([0.]), array([0.]), array([0.]))","(array([0.]), array([0.]), array([0.]))","(array([0.]), array([0.]), array([0.]))"
(0.49999877516919566+0j),[-0.82609101],[1.],[0.56353673],[1.],"(array([0.]), array([0.]), array([0.]))","(array([0.]), array([0.]), array([0.]))","(array([0.]), array([0.]), array([0.]))","(array([0.]), array([0.]), array([0.]))","(array([0.]), array([0.]), array([0.]))","(array([0.]), array([0.]), array([0.]))","(array([0.]), array([0.]), array([0.]))","(array([0.]), array([0.]), array([0.]))","(array([0.]), array([0.]), array([0.]))","(array([0.]), array([0.]), array([0.]))","(array([0.]), array([0.]), array([0.]))"
(0.4999987977106649+0j),[-0.78025318],[1.],[0.62546381],[1.],"(array([0.]), array([0.]), array([0.]))","(array([0.]), array([0.]), array([0.]))","(array([0.]), array([0.]), array([0.]))","(array([0.]), array([0.]), array([0.]))","(array([0.]), array([0.]), array([0.]))","(array([0.]), array([0.]), array([0.]))","(array([0.]), array([0.]), array([0.]))","(array([0.]), array([0.]), array([0.]))","(array([0.]), array([0.]), array([0.]))","(array([0.]), array([0.]), array([0.]))","(array([0.]), array([0.]), array([0.]))"
(0.49999882272921675+0j),[-0.75200041],[1.],[0.65916263],[1.],"(array([0.]), array([0.]), array([0.]))","(array([0.]), array([0.]), array([0.]))","(array([0.]), array([0.]), array([0.]))","(array([0.]), array([0.]), array([0.]))","(array([0.]), array([0.]), array([0.]))","(array([0.]), array([0.]), array([0.]))","(array([0.]), array([0.]), array([0.]))","(array([0.]), array([0.]), array([0.]))","(array([0.]), array([0.]), array([0.]))","(array([0.]), array([0.]), array([0.]))","(array([0.]), array([0.]), array([0.]))"
(0.49999884909572184+0j),[-0.9144662],[1.],[0.4046623],[1.],"(array([0.]), array([0.]), array([0.]))","(array([0.]), array([0.]), array([0.]))","(array([0.]), array([0.]), array([0.]))","(array([0.]), array([0.]), array([0.]))","(array([0.]), array([0.]), array([0.]))","(array([0.]), array([0.]), array([0.]))","(array([0.]), array([0.]), array([0.]))","(array([0.]), array([0.]), array([0.]))","(array([0.]), array([0.]), array([0.]))","(array([0.]), array([0.]), array([0.]))","(array([0.]), array([0.]), array([0.]))"
(0.4999988652822144+0j),[-0.96327153],[1.],[0.26852926],[1.],"(array([0.]), array([0.]), array([0.]))","(array([0.]), array([0.]), array([0.]))","(array([0.]), array([0.]), array([0.]))","(array([0.]), array([0.]), array([0.]))","(array([0.]), array([0.]), array([0.]))","(array([0.]), array([0.]), array([0.]))","(array([0.]), array([0.]), array([0.]))","(array([0.]), array([0.]), array([0.]))","(array([0.]), array([0.]), array([0.]))","(array([0.]), array([0.]), array([0.]))","(array([0.]), array([0.]), array([0.]))"
(0.4999988760233852+0j),[-0.98048047],[1.],[0.19661648],[1.],"(array([0.]), array([0.]), array([0.]))","(array([0.]), array([0.]), array([0.]))","(array([0.]), array([0.]), array([0.]))","(array([0.]), array([0.]), array([0.]))","(array([0.]), array([0.]), array([0.]))","(array([0.]), array([0.]), array([0.]))","(array([0.]), array([0.]), array([0.]))","(array([0.]), array([0.]), array([0.]))","(array([0.]), array([0.]), array([0.]))","(array([0.]), array([0.]), array([0.]))","(array([0.]), array([0.]), array([0.]))"
(0.49999888388804464+0j),[-0.99903943],[1.],[0.0438203],[1.],"(array([0.]), array([0.]), array([0.]))","(array([0.]), array([0.]), array([0.]))","(array([0.]), array([0.]), array([0.]))","(array([0.]), array([0.]), array([0.]))","(array([0.]), array([0.]), array([0.]))","(array([0.]), array([0.]), array([0.]))","(array([0.]), array([0.]), array([0.]))","(array([0.]), array([0.]), array([0.]))","(array([0.]), array([0.]), array([0.]))","(array([0.]), array([0.]), array([0.]))","(array([0.]), array([0.]), array([0.]))"
(0.49999888564085654+0j),[-0.9882452],[1.],[-0.15287719],[1.],"(array([0.]), array([0.]), array([0.]))","(array([0.]), array([0.]), array([0.]))","(array([0.]), array([0.]), array([0.]))","(array([0.]), array([0.]), array([0.]))","(array([0.]), array([0.]), array([0.]))","(array([0.]), array([0.]), array([0.]))","(array([0.]), array([0.]), array([0.]))","(array([0.]), array([0.]), array([0.]))","(array([0.]), array([0.]), array([0.]))","(array([0.]), array([0.]), array([0.]))","(array([0.]), array([0.]), array([0.]))"
(0.4999988795257696+0j),[-0.96921958],[1.],[-0.2461979],[1.],"(array([0.]), array([0.]), array([0.]))","(array([0.]), array([0.]), array([0.]))","(array([0.]), array([0.]), array([0.]))","(array([0.]), array([0.]), array([0.]))","(array([0.]), array([0.]), array([0.]))","(array([0.]), array([0.]), array([0.]))","(array([0.]), array([0.]), array([0.]))","(array([0.]), array([0.]), array([0.]))","(array([0.]), array([0.]), array([0.]))","(array([0.]), array([0.]), array([0.]))","(array([0.]), array([0.]), array([0.]))"
(0.4999988696778533+0j),[-0.99873351],[1.],[-0.05031285],[1.],"(array([0.]), array([0.]), array([0.]))","(array([0.]), array([0.]), array([0.]))","(array([0.]), array([0.]), array([0.]))","(array([0.]), array([0.]), array([0.]))","(array([0.]), array([0.]), array([0.]))","(array([0.]), array([0.]), array([0.]))","(array([0.]), array([0.]), array([0.]))","(array([0.]), array([0.]), array([0.]))","(array([0.]), array([0.]), array([0.]))","(array([0.]), array([0.]), array([0.]))","(array([0.]), array([0.]), array([0.]))"
(0.49999886766533913+0j),[-0.99920935],[1.],[0.0397577],[1.],"(array([0.]), array([0.]), array([0.]))","(array([0.]), array([0.]), array([0.]))","(array([0.]), array([0.]), array([0.]))","(array([0.]), array([0.]), array([0.]))","(array([0.]), array([0.]), array([0.]))","(array([0.]), array([0.]), array([0.]))","(array([0.]), array([0.]), array([0.]))","(array([0.]), array([0.]), array([0.]))","(array([0.]), array([0.]), array([0.]))","(array([0.]), array([0.]), array([0.]))","(array([0.]), array([0.]), array([0.]))"
(0.4999988692556482+0j),[-0.99570954],[1.],[0.09253386],[1.],"(array([0.]), array([0.]), array([0.]))","(array([0.]), array([0.]), array([0.]))","(array([0.]), array([0.]), array([0.]))","(array([0.]), array([0.]), array([0.]))","(array([0.]), array([0.]), array([0.]))","(array([0.]), array([0.]), array([0.]))","(array([0.]), array([0.]), array([0.]))","(array([0.]), array([0.]), array([0.]))","(array([0.]), array([0.]), array([0.]))","(array([0.]), array([0.]), array([0.]))","(array([0.]), array([0.]), array([0.]))"
(0.49999887295700257+0j),[-0.99978443],[1.],[0.02076272],[1.],"(array([0.]), array([0.]), array([0.]))","(array([0.]), array([0.]), array([0.]))","(array([0.]), array([0.]), array([0.]))","(array([0.]), array([0.]), array([0.]))","(array([0.]), array([0.]), array([0.]))","(array([0.]), array([0.]), array([0.]))","(array([0.]), array([0.]), array([0.]))","(array([0.]), array([0.]), array([0.]))","(array([0.]), array([0.]), array([0.]))","(array([0.]), array([0.]), array([0.]))","(array([0.]), array([0.]), array([0.]))"
(0.4999988737875117+0j),[-0.99756506],[1.],[-0.06974196],[1.],"(array([0.]), array([0.]), array([0.]))","(array([0.]), array([0.]), array([0.]))","(array([0.]), array([0.]), array([0.]))","(array([0.]), array([0.]), array([0.]))","(array([0.]), array([0.]), array([0.]))","(array([0.]), array([0.]), array([0.]))","(array([0.]), array([0.]), array([0.]))","(array([0.]), array([0.]), array([0.]))","(array([0.]), array([0.]), array([0.]))","(array([0.]), array([0.]), array([0.]))","(array([0.]), array([0.]), array([0.]))"
(0.4999988709978337+0j),[-0.9971015],[1.],[-0.07608287],[1.],"(array([0.]), array([0.]), array([0.]))","(array([0.]), array([0.]), array([0.]))","(array([0.]), array([0.]), array([0.]))","(array([0.]), array([0.]), array([0.]))","(array([0.]), array([0.]), array([0.]))","(array([0.]), array([0.]), array([0.]))","(array([0.]), array([0.]), array([0.]))","(array([0.]), array([0.]), array([0.]))","(array([0.]), array([0.]), array([0.]))","(array([0.]), array([0.]), array([0.]))","(array([0.]), array([0.]), array([0.]))"
(0.4999988679545189+0j),[-0.97487275],[1.],[-0.2227625],[1.],"(array([0.]), array([0.]), array([0.]))","(array([0.]), array([0.]), array([0.]))","(array([0.]), array([0.]), array([0.]))","(array([0.]), array([0.]), array([0.]))","(array([0.]), array([0.]), array([0.]))","(array([0.]), array([0.]), array([0.]))","(array([0.]), array([0.]), array([0.]))","(array([0.]), array([0.]), array([0.]))","(array([0.]), array([0.]), array([0.]))","(array([0.]), array([0.]), array([0.]))","(array([0.]), array([0.]), array([0.]))"
(0.49999885904401914+0j),[-0.98172532],[1.],[-0.19030342],[1.],"(array([0.]), array([0.]), array([0.]))","(array([0.]), array([0.]), array([0.]))","(array([0.]), array([0.]), array([0.]))","(array([0.]), array([0.]), array([0.]))","(array([0.]), array([0.]), array([0.]))","(array([0.]), array([0.]), array([0.]))","(array([0.]), array([0.]), array([0.]))","(array([0.]), array([0.]), array([0.]))","(array([0.]), array([0.]), array([0.]))","(array([0.]), array([0.]), array([0.]))","(array([0.]), array([0.]), array([0.]))"
(0.499998851431882+0j),[-0.97574482],[1.],[-0.21891106],[1.],"(array([0.]), array([0.]), array([0.]))","(array([0.]), array([0.]), array([0.]))","(array([0.]), array([0.]), array([0.]))","(array([0.]), array([0.]), array([0.]))","(array([0.]), array([0.]), array([0.]))","(array([0.]), array([0.]), array([0.]))","(array([0.]), array([0.]), array([0.]))","(array([0.]), array([0.]), array([0.]))","(array([0.]), array([0.]), array([0.]))","(array([0.]), array([0.]), array([0.]))","(array([0.]), array([0.]), array([0.]))"
(0.4999988426754405+0j),[-0.9605572],[1.],[-0.27808247],[1.],"(array([0.]), array([0.]), array([0.]))","(array([0.]), array([0.]), array([0.]))","(array([0.]), array([0.]), array([0.]))","(array([0.]), array([0.]), array([0.]))","(array([0.]), array([0.]), array([0.]))","(array([0.]), array([0.]), array([0.]))","(array([0.]), array([0.]), array([0.]))","(array([0.]), array([0.]), array([0.]))","(array([0.]), array([0.]), array([0.]))","(array([0.]), array([0.]), array([0.]))","(array([0.]), array([0.]), array([0.]))"
(0.4999988315521413+0j),[-0.96873109],[1.],[-0.24811303],[1.],"(array([0.]), array([0.]), array([0.]))","(array([0.]), array([0.]), array([0.]))","(array([0.]), array([0.]), array([0.]))","(array([0.]), array([0.]), array([0.]))","(array([0.]), array([0.]), array([0.]))","(array([0.]), array([0.]), array([0.]))","(array([0.]), array([0.]), array([0.]))","(array([0.]), array([0.]), array([0.]))","(array([0.]), array([0.]), array([0.]))","(array([0.]), array([0.]), array([0.]))","(array([0.]), array([0.]), array([0.]))"
(0.49999882162761977+0j),[-0.96699439],[1.],[-0.25479768],[1.],"(array([0.]), array([0.]), array([0.]))","(array([0.]), array([0.]), array([0.]))","(array([0.]), array([0.]), array([0.]))","(array([0.]), array([0.]), array([0.]))","(array([0.]), array([0.]), array([0.]))","(array([0.]), array([0.]), array([0.]))","(array([0.]), array([0.]), array([0.]))","(array([0.]), array([0.]), array([0.]))","(array([0.]), array([0.]), array([0.]))","(array([0.]), array([0.]), array([0.]))","(array([0.]), array([0.]), array([0.]))"
(0.4999988114357122+0j),[-0.97898738],[1.],[-0.20392086],[1.],"(array([0.]), array([0.]), array([0.]))","(array([0.]), array([0.]), array([0.]))","(array([0.]), array([0.]), array([0.]))","(array([0.]), array([0.]), array([0.]))","(array([0.]), array([0.]), array([0.]))","(array([0.]), array([0.]), array([0.]))","(array([0.]), array([0.]), array([0.]))","(array([0.]), array([0.]), array([0.]))","(array([0.]), array([0.]), array([0.]))","(array([0.]), array([0.]), array([0.]))","(array([0.]), array([0.]), array([0.]))"
(0.4999988032788779+0j),[-0.92292136],[1.],[-0.38498851],[1.],"(array([0.]), array([0.]), array([0.]))","(array([0.]), array([0.]), array([0.]))","(array([0.]), array([0.]), array([0.]))","(array([0.]), array([0.]), array([0.]))","(array([0.]), array([0.]), array([0.]))","(array([0.]), array([0.]), array([0.]))","(array([0.]), array([0.]), array([0.]))","(array([0.]), array([0.]), array([0.]))","(array([0.]), array([0.]), array([0.]))","(array([0.]), array([0.]), array([0.]))","(array([0.]), array([0.]), array([0.]))"
(0.49999878787933805+0j),[-0.82730831],[1.],[-0.56174813],[1.],"(array([0.]), array([0.]), array([0.]))","(array([0.]), array([0.]), array([0.]))","(array([0.]), array([0.]), array([0.]))","(array([0.]), array([0.]), array([0.]))","(array([0.]), array([0.]), array([0.]))","(array([0.]), array([0.]), array([0.]))","(array([0.]), array([0.]), array([0.]))","(array([0.]), array([0.]), array([0.]))","(array([0.]), array([0.]), array([0.]))","(array([0.]), array([0.]), array([0.]))","(array([0.]), array([0.]), array([0.]))"
(0.4999987654094129+0j),[-0.72138036],[1.],[-0.69253908],[1.],"(array([0.]), array([0.]), array([0.]))","(array([0.]), array([0.]), array([0.]))","(array([0.]), array([0.]), array([0.]))","(array([0.]), array([0.]), array([0.]))","(array([0.]), array([0.]), array([0.]))","(array([0.]), array([0.]), array([0.]))","(array([0.]), array([0.]), array([0.]))","(array([0.]), array([0.]), array([0.]))","(array([0.]), array([0.]), array([0.]))","(array([0.]), array([0.]), array([0.]))","(array([0.]), array([0.]), array([0.]))"
(0.49999873770784936+0j),[-0.5705967],[1.],[-0.82123042],[1.],"(array([0.]), array([0.]), array([0.]))","(array([0.]), array([0.]), array([0.]))","(array([0.]), array([0.]), array([0.]))","(array([0.]), array([0.]), array([0.]))","(array([0.]), array([0.]), array([0.]))","(array([0.]), array([0.]), array([0.]))","(array([0.]), array([0.]), array([0.]))","(array([0.]), array([0.]), array([0.]))","(array([0.]), array([0.]), array([0.]))","(array([0.]), array([0.]), array([0.]))","(array([0.]), array([0.]), array([0.]))"
(0.4999987048586324+0j),[-0.75195201],[1.],[-0.65921785],[1.],"(array([0.]), array([0.]), array([0.]))","(array([0.]), array([0.]), array([0.]))","(array([0.]), array([0.]), array([0.]))","(array([0.]), array([0.]), array([0.]))","(array([0.]), array([0.]), array([0.]))","(array([0.]), array([0.]), array([0.]))","(array([0.]), array([0.]), array([0.]))","(array([0.]), array([0.]), array([0.]))","(array([0.]), array([0.]), array([0.]))","(array([0.]), array([0.]), array([0.]))","(array([0.]), array([0.]), array([0.]))"
(0.4999986784899183+0j),[-0.62398244],[1.],[-0.78143836],[1.],"(array([0.]), array([0.]), array([0.]))","(array([0.]), array([0.]), array([0.]))","(array([0.]), array([0.]), array([0.]))","(array([0.]), array([0.]), array([0.]))","(array([0.]), array([0.]), array([0.]))","(array([0.]), array([0.]), array([0.]))","(array([0.]), array([0.]), array([0.]))","(array([0.]), array([0.]), array([0.]))","(array([0.]), array([0.]), array([0.]))","(array([0.]), array([0.]), array([0.]))","(array([0.]), array([0.]), array([0.]))"
(0.4999986472323839+0j),[-0.67257639],[1.],[-0.74002771],[1.],"(array([0.]), array([0.]), array([0.]))","(array([0.]), array([0.]), array([0.]))","(array([0.]), array([0.]), array([0.]))","(array([0.]), array([0.]), array([0.]))","(array([0.]), array([0.]), array([0.]))","(array([0.]), array([0.]), array([0.]))","(array([0.]), array([0.]), array([0.]))","(array([0.]), array([0.]), array([0.]))","(array([0.]), array([0.]), array([0.]))","(array([0.]), array([0.]), array([0.]))","(array([0.]), array([0.]), array([0.]))"
(0.4999986176312753+0j),[-0.7628835],[1.],[-0.64653598],[1.],"(array([0.]), array([0.]), array([0.]))","(array([0.]), array([0.]), array([0.]))","(array([0.]), array([0.]), array([0.]))","(array([0.]), array([0.]), array([0.]))","(array([0.]), array([0.]), array([0.]))","(array([0.]), array([0.]), array([0.]))","(array([0.]), array([0.]), array([0.]))","(array([0.]), array([0.]), array([0.]))","(array([0.]), array([0.]), array([0.]))","(array([0.]), array([0.]), array([0.]))","(array([0.]), array([0.]), array([0.]))"
(0.49999859176983624+0j),[-0.9094239],[1.],[-0.41587038],[1.],"(array([0.]), array([0.]), array([0.]))","(array([0.]), array([0.]), array([0.]))","(array([0.]), array([0.]), array([0.]))","(array([0.]), array([0.]), array([0.]))","(array([0.]), array([0.]), array([0.]))","(array([0.]), array([0.]), array([0.]))","(array([0.]), array([0.]), array([0.]))","(array([0.]), array([0.]), array([0.]))","(array([0.]), array([0.]), array([0.]))","(array([0.]), array([0.]), array([0.]))","(array([0.]), array([0.]), array([0.]))"
(0.49999857513502055+0j),[-0.88796022],[1.],[-0.45992026],[1.],"(array([0.]), array([0.]), array([0.]))","(array([0.]), array([0.]), array([0.]))","(array([0.]), array([0.]), array([0.]))","(array([0.]), array([0.]), array([0.]))","(array([0.]), array([0.]), array([0.]))","(array([0.]), array([0.]), array([0.]))","(array([0.]), array([0.]), array([0.]))","(array([0.]), array([0.]), array([0.]))","(array([0.]), array([0.]), array([0.]))","(array([0.]), array([0.]), array([0.]))","(array([0.]), array([0.]), array([0.]))"
(0.49999855673821036+0j),[-0.82741707],[1.],[-0.56158791],[1.],"(array([0.]), array([0.]), array([0.]))","(array([0.]), array([0.]), array([0.]))","(array([0.]), array([0.]), array([0.]))","(array([0.]), array([0.]), array([0.]))","(array([0.]), array([0.]), array([0.]))","(array([0.]), array([0.]), array([0.]))","(array([0.]), array([0.]), array([0.]))","(array([0.]), array([0.]), array([0.]))","(array([0.]), array([0.]), array([0.]))","(array([0.]), array([0.]), array([0.]))","(array([0.]), array([0.]), array([0.]))"
(0.49999853427469365+0j),[-0.84215666],[1.],[-0.53923294],[1.],"(array([0.]), array([0.]), array([0.]))","(array([0.]), array([0.]), array([0.]))","(array([0.]), array([0.]), array([0.]))","(array([0.]), array([0.]), array([0.]))","(array([0.]), array([0.]), array([0.]))","(array([0.]), array([0.]), array([0.]))","(array([0.]), array([0.]), array([0.]))","(array([0.]), array([0.]), array([0.]))","(array([0.]), array([0.]), array([0.]))","(array([0.]), array([0.]), array([0.]))","(array([0.]), array([0.]), array([0.]))"
(0.499998512705376+0j),[-0.97486206],[1.],[-0.22280924],[1.],"(array([0.]), array([0.]), array([0.]))","(array([0.]), array([0.]), array([0.]))","(array([0.]), array([0.]), array([0.]))","(array([0.]), array([0.]), array([0.]))","(array([0.]), array([0.]), array([0.]))","(array([0.]), array([0.]), array([0.]))","(array([0.]), array([0.]), array([0.]))","(array([0.]), array([0.]), array([0.]))","(array([0.]), array([0.]), array([0.]))","(array([0.]), array([0.]), array([0.]))","(array([0.]), array([0.]), array([0.]))"
(0.4999985037930062+0j),[-0.95928412],[1.],[-0.28244288],[1.],"(array([0.]), array([0.]), array([0.]))","(array([0.]), array([0.]), array([0.]))","(array([0.]), array([0.]), array([0.]))","(array([0.]), array([0.]), array([0.]))","(array([0.]), array([0.]), array([0.]))","(array([0.]), array([0.]), array([0.]))","(array([0.]), array([0.]), array([0.]))","(array([0.]), array([0.]), array([0.]))","(array([0.]), array([0.]), array([0.]))","(array([0.]), array([0.]), array([0.]))","(array([0.]), array([0.]), array([0.]))"
(0.49999849249529094+0j),[-0.99352522],[1.],[-0.1136118],[1.],"(array([0.]), array([0.]), array([0.]))","(array([0.]), array([0.]), array([0.]))","(array([0.]), array([0.]), array([0.]))","(array([0.]), array([0.]), array([0.]))","(array([0.]), array([0.]), array([0.]))","(array([0.]), array([0.]), array([0.]))","(array([0.]), array([0.]), array([0.]))","(array([0.]), array([0.]), array([0.]))","(array([0.]), array([0.]), array([0.]))","(array([0.]), array([0.]), array([0.]))","(array([0.]), array([0.]), array([0.]))"
(0.49999848795081936+0j),[-0.99767337],[1.],[0.06817516],[1.],"(array([0.]), array([0.]), array([0.]))","(array([0.]), array([0.]), array([0.]))","(array([0.]), array([0.]), array([0.]))","(array([0.]), array([0.]), array([0.]))","(array([0.]), array([0.]), array([0.]))","(array([0.]), array([0.]), array([0.]))","(array([0.]), array([0.]), array([0.]))","(array([0.]), array([0.]), array([0.]))","(array([0.]), array([0.]), array([0.]))","(array([0.]), array([0.]), array([0.]))","(array([0.]), array([0.]), array([0.]))"
(0.49999849067782604+0j),[-0.98597043],[1.],[-0.16692008],[1.],"(array([0.]), array([0.]), array([0.]))","(array([0.]), array([0.]), array([0.]))","(array([0.]), array([0.]), array([0.]))","(array([0.]), array([0.]), array([0.]))","(array([0.]), array([0.]), array([0.]))","(array([0.]), array([0.]), array([0.]))","(array([0.]), array([0.]), array([0.]))","(array([0.]), array([0.]), array([0.]))","(array([0.]), array([0.]), array([0.]))","(array([0.]), array([0.]), array([0.]))","(array([0.]), array([0.]), array([0.]))"
(0.4999984840010222+0j),[-0.99877534],[1.],[0.04947547],[1.],"(array([0.]), array([0.]), array([0.]))","(array([0.]), array([0.]), array([0.]))","(array([0.]), array([0.]), array([0.]))","(array([0.]), array([0.]), array([0.]))","(array([0.]), array([0.]), array([0.]))","(array([0.]), array([0.]), array([0.]))","(array([0.]), array([0.]), array([0.]))","(array([0.]), array([0.]), array([0.]))","(array([0.]), array([0.]), array([0.]))","(array([0.]), array([0.]), array([0.]))","(array([0.]), array([0.]), array([0.]))"
(0.49999848598004115+0j),[-0.98247611],[1.],[0.18638854],[1.],"(array([0.]), array([0.]), array([0.]))","(array([0.]), array([0.]), array([0.]))","(array([0.]), array([0.]), array([0.]))","(array([0.]), array([0.]), array([0.]))","(array([0.]), array([0.]), array([0.]))","(array([0.]), array([0.]), array([0.]))","(array([0.]), array([0.]), array([0.]))","(array([0.]), array([0.]), array([0.]))","(array([0.]), array([0.]), array([0.]))","(array([0.]), array([0.]), array([0.]))","(array([0.]), array([0.]), array([0.]))"
(0.4999984934355827+0j),[-0.99184664],[1.],[-0.12743719],[1.],"(array([0.]), array([0.]), array([0.]))","(array([0.]), array([0.]), array([0.]))","(array([0.]), array([0.]), array([0.]))","(array([0.]), array([0.]), array([0.]))","(array([0.]), array([0.]), array([0.]))","(array([0.]), array([0.]), array([0.]))","(array([0.]), array([0.]), array([0.]))","(array([0.]), array([0.]), array([0.]))","(array([0.]), array([0.]), array([0.]))","(array([0.]), array([0.]), array([0.]))","(array([0.]), array([0.]), array([0.]))"
(0.49999848833809574+0j),[-0.99844841],[1.],[0.05568463],[1.],"(array([0.]), array([0.]), array([0.]))","(array([0.]), array([0.]), array([0.]))","(array([0.]), array([0.]), array([0.]))","(array([0.]), array([0.]), array([0.]))","(array([0.]), array([0.]), array([0.]))","(array([0.]), array([0.]), array([0.]))","(array([0.]), array([0.]), array([0.]))","(array([0.]), array([0.]), array([0.]))","(array([0.]), array([0.]), array([0.]))","(array([0.]), array([0.]), array([0.]))","(array([0.]), array([0.]), array([0.]))"
(0.49999849056548107+0j),[-0.9562901],[1.],[0.29241963],[1.],"(array([0.]), array([0.]), array([0.]))","(array([0.]), array([0.]), array([0.]))","(array([0.]), array([0.]), array([0.]))","(array([0.]), array([0.]), array([0.]))","(array([0.]), array([0.]), array([0.]))","(array([0.]), array([0.]), array([0.]))","(array([0.]), array([0.]), array([0.]))","(array([0.]), array([0.]), array([0.]))","(array([0.]), array([0.]), array([0.]))","(array([0.]), array([0.]), array([0.]))","(array([0.]), array([0.]), array([0.]))"
(0.4999985022622659+0j),[-0.95315891],[1.],[0.30246999],[1.],"(array([0.]), array([0.]), array([0.]))","(array([0.]), array([0.]), array([0.]))","(array([0.]), array([0.]), array([0.]))","(array([0.]), array([0.]), array([0.]))","(array([0.]), array([0.]), array([0.]))","(array([0.]), array([0.]), array([0.]))","(array([0.]), array([0.]), array([0.]))","(array([0.]), array([0.]), array([0.]))","(array([0.]), array([0.]), array([0.]))","(array([0.]), array([0.]), array([0.]))","(array([0.]), array([0.]), array([0.]))"
(0.4999985143610651+0j),[-0.93630855],[1.],[0.35117845],[1.],"(array([0.]), array([0.]), array([0.]))","(array([0.]), array([0.]), array([0.]))","(array([0.]), array([0.]), array([0.]))","(array([0.]), array([0.]), array([0.]))","(array([0.]), array([0.]), array([0.]))","(array([0.]), array([0.]), array([0.]))","(array([0.]), array([0.]), array([0.]))","(array([0.]), array([0.]), array([0.]))","(array([0.]), array([0.]), array([0.]))","(array([0.]), array([0.]), array([0.]))","(array([0.]), array([0.]), array([0.]))"
(0.4999985284082032+0j),[-0.87949967],[1.],[0.47589949],[1.],"(array([0.]), array([0.]), array([0.]))","(array([0.]), array([0.]), array([0.]))","(array([0.]), array([0.]), array([0.]))","(array([0.]), array([0.]), array([0.]))","(array([0.]), array([0.]), array([0.]))","(array([0.]), array([0.]), array([0.]))","(array([0.]), array([0.]), array([0.]))","(array([0.]), array([0.]), array([0.]))","(array([0.]), array([0.]), array([0.]))","(array([0.]), array([0.]), array([0.]))","(array([0.]), array([0.]), array([0.]))"
(0.4999985474441827+0j),[-0.84809434],[1.],[0.52984525],[1.],"(array([0.]), array([0.]), array([0.]))","(array([0.]), array([0.]), array([0.]))","(array([0.]), array([0.]), array([0.]))","(array([0.]), array([0.]), array([0.]))","(array([0.]), array([0.]), array([0.]))","(array([0.]), array([0.]), array([0.]))","(array([0.]), array([0.]), array([0.]))","(array([0.]), array([0.]), array([0.]))","(array([0.]), array([0.]), array([0.]))","(array([0.]), array([0.]), array([0.]))","(array([0.]), array([0.]), array([0.]))"
(0.49999856863799286+0j),[-0.92692872],[1.],[0.37523746],[1.],"(array([0.]), array([0.]), array([0.]))","(array([0.]), array([0.]), array([0.]))","(array([0.]), array([0.]), array([0.]))","(array([0.]), array([0.]), array([0.]))","(array([0.]), array([0.]), array([0.]))","(array([0.]), array([0.]), array([0.]))","(array([0.]), array([0.]), array([0.]))","(array([0.]), array([0.]), array([0.]))","(array([0.]), array([0.]), array([0.]))","(array([0.]), array([0.]), array([0.]))","(array([0.]), array([0.]), array([0.]))"
(0.4999985836474907+0j),[-0.98909731],[1.],[0.14726343],[1.],"(array([0.]), array([0.]), array([0.]))","(array([0.]), array([0.]), array([0.]))","(array([0.]), array([0.]), array([0.]))","(array([0.]), array([0.]), array([0.]))","(array([0.]), array([0.]), array([0.]))","(array([0.]), array([0.]), array([0.]))","(array([0.]), array([0.]), array([0.]))","(array([0.]), array([0.]), array([0.]))","(array([0.]), array([0.]), array([0.]))","(array([0.]), array([0.]), array([0.]))","(array([0.]), array([0.]), array([0.]))"
(0.4999985895380274+0j),[-0.99999516],[1.],[-0.00311023],[1.],"(array([0.]), array([0.]), array([0.]))","(array([0.]), array([0.]), array([0.]))","(array([0.]), array([0.]), array([0.]))","(array([0.]), array([0.]), array([0.]))","(array([0.]), array([0.]), array([0.]))","(array([0.]), array([0.]), array([0.]))","(array([0.]), array([0.]), array([0.]))","(array([0.]), array([0.]), array([0.]))","(array([0.]), array([0.]), array([0.]))","(array([0.]), array([0.]), array([0.]))","(array([0.]), array([0.]), array([0.]))"
(0.4999985894136185+0j),[-0.98872024],[1.],[-0.14977411],[1.],"(array([0.]), array([0.]), array([0.]))","(array([0.]), array([0.]), array([0.]))","(array([0.]), array([0.]), array([0.]))","(array([0.]), array([0.]), array([0.]))","(array([0.]), array([0.]), array([0.]))","(array([0.]), array([0.]), array([0.]))","(array([0.]), array([0.]), array([0.]))","(array([0.]), array([0.]), array([0.]))","(array([0.]), array([0.]), array([0.]))","(array([0.]), array([0.]), array([0.]))","(array([0.]), array([0.]), array([0.]))"
(0.4999985834226542+0j),[-0.99949742],[1.],[-0.03170022],[1.],"(array([0.]), array([0.]), array([0.]))","(array([0.]), array([0.]), array([0.]))","(array([0.]), array([0.]), array([0.]))","(array([0.]), array([0.]), array([0.]))","(array([0.]), array([0.]), array([0.]))","(array([0.]), array([0.]), array([0.]))","(array([0.]), array([0.]), array([0.]))","(array([0.]), array([0.]), array([0.]))","(array([0.]), array([0.]), array([0.]))","(array([0.]), array([0.]), array([0.]))","(array([0.]), array([0.]), array([0.]))"
(0.4999985821546455+0j),[-0.95919972],[1.],[-0.28272939],[1.],"(array([0.]), array([0.]), array([0.]))","(array([0.]), array([0.]), array([0.]))","(array([0.]), array([0.]), array([0.]))","(array([0.]), array([0.]), array([0.]))","(array([0.]), array([0.]), array([0.]))","(array([0.]), array([0.]), array([0.]))","(array([0.]), array([0.]), array([0.]))","(array([0.]), array([0.]), array([0.]))","(array([0.]), array([0.]), array([0.]))","(array([0.]), array([0.]), array([0.]))","(array([0.]), array([0.]), array([0.]))"
(0.4999985708454701+0j),[-0.89674281],[1.],[-0.44255207],[1.],"(array([0.]), array([0.]), array([0.]))","(array([0.]), array([0.]), array([0.]))","(array([0.]), array([0.]), array([0.]))","(array([0.]), array([0.]), array([0.]))","(array([0.]), array([0.]), array([0.]))","(array([0.]), array([0.]), array([0.]))","(array([0.]), array([0.]), array([0.]))","(array([0.]), array([0.]), array([0.]))","(array([0.]), array([0.]), array([0.]))","(array([0.]), array([0.]), array([0.]))","(array([0.]), array([0.]), array([0.]))"
(0.4999985531433876+0j),[-0.80484353],[1.],[-0.59348706],[1.],"(array([0.]), array([0.]), array([0.]))","(array([0.]), array([0.]), array([0.]))","(array([0.]), array([0.]), array([0.]))","(array([0.]), array([0.]), array([0.]))","(array([0.]), array([0.]), array([0.]))","(array([0.]), array([0.]), array([0.]))","(array([0.]), array([0.]), array([0.]))","(array([0.]), array([0.]), array([0.]))","(array([0.]), array([0.]), array([0.]))","(array([0.]), array([0.]), array([0.]))","(array([0.]), array([0.]), array([0.]))"
(0.4999985294039056+0j),[-0.9233331],[1.],[-0.38399999],[1.],"(array([0.]), array([0.]), array([0.]))","(array([0.]), array([0.]), array([0.]))","(array([0.]), array([0.]), array([0.]))","(array([0.]), array([0.]), array([0.]))","(array([0.]), array([0.]), array([0.]))","(array([0.]), array([0.]), array([0.]))","(array([0.]), array([0.]), array([0.]))","(array([0.]), array([0.]), array([0.]))","(array([0.]), array([0.]), array([0.]))","(array([0.]), array([0.]), array([0.]))","(array([0.]), array([0.]), array([0.]))"
(0.4999985140439063+0j),[-0.99792791],[1.],[-0.06434193],[1.],"(array([0.]), array([0.]), array([0.]))","(array([0.]), array([0.]), array([0.]))","(array([0.]), array([0.]), array([0.]))","(array([0.]), array([0.]), array([0.]))","(array([0.]), array([0.]), array([0.]))","(array([0.]), array([0.]), array([0.]))","(array([0.]), array([0.]), array([0.]))","(array([0.]), array([0.]), array([0.]))","(array([0.]), array([0.]), array([0.]))","(array([0.]), array([0.]), array([0.]))","(array([0.]), array([0.]), array([0.]))"
(0.49999851147022867+0j),[-0.99980087],[1.],[0.01995567],[1.],"(array([0.]), array([0.]), array([0.]))","(array([0.]), array([0.]), array([0.]))","(array([0.]), array([0.]), array([0.]))","(array([0.]), array([0.]), array([0.]))","(array([0.]), array([0.]), array([0.]))","(array([0.]), array([0.]), array([0.]))","(array([0.]), array([0.]), array([0.]))","(array([0.]), array([0.]), array([0.]))","(array([0.]), array([0.]), array([0.]))","(array([0.]), array([0.]), array([0.]))","(array([0.]), array([0.]), array([0.]))"
(0.4999985122684556+0j),[-0.98474024],[1.],[0.17403061],[1.],"(array([0.]), array([0.]), array([0.]))","(array([0.]), array([0.]), array([0.]))","(array([0.]), array([0.]), array([0.]))","(array([0.]), array([0.]), array([0.]))","(array([0.]), array([0.]), array([0.]))","(array([0.]), array([0.]), array([0.]))","(array([0.]), array([0.]), array([0.]))","(array([0.]), array([0.]), array([0.]))","(array([0.]), array([0.]), array([0.]))","(array([0.]), array([0.]), array([0.]))","(array([0.]), array([0.]), array([0.]))"
(0.4999985192296793+0j),[-0.95501479],[1.],[0.29655818],[1.],"(array([0.]), array([0.]), array([0.]))","(array([0.]), array([0.]), array([0.]))","(array([0.]), array([0.]), array([0.]))","(array([0.]), array([0.]), array([0.]))","(array([0.]), array([0.]), array([0.]))","(array([0.]), array([0.]), array([0.]))","(array([0.]), array([0.]), array([0.]))","(array([0.]), array([0.]), array([0.]))","(array([0.]), array([0.]), array([0.]))","(array([0.]), array([0.]), array([0.]))","(array([0.]), array([0.]), array([0.]))"
(0.4999985310920056+0j),[-0.99377881],[1.],[0.11137178],[1.],"(array([0.]), array([0.]), array([0.]))","(array([0.]), array([0.]), array([0.]))","(array([0.]), array([0.]), array([0.]))","(array([0.]), array([0.]), array([0.]))","(array([0.]), array([0.]), array([0.]))","(array([0.]), array([0.]), array([0.]))","(array([0.]), array([0.]), array([0.]))","(array([0.]), array([0.]), array([0.]))","(array([0.]), array([0.]), array([0.]))","(array([0.]), array([0.]), array([0.]))","(array([0.]), array([0.]), array([0.]))"
(0.4999985355468773+0j),[-0.99972519],[1.],[-0.02344254],[1.],"(array([0.]), array([0.]), array([0.]))","(array([0.]), array([0.]), array([0.]))","(array([0.]), array([0.]), array([0.]))","(array([0.]), array([0.]), array([0.]))","(array([0.]), array([0.]), array([0.]))","(array([0.]), array([0.]), array([0.]))","(array([0.]), array([0.]), array([0.]))","(array([0.]), array([0.]), array([0.]))","(array([0.]), array([0.]), array([0.]))","(array([0.]), array([0.]), array([0.]))","(array([0.]), array([0.]), array([0.]))"
(0.4999985346091758+0j),[-0.99784991],[1.],[0.06554047],[1.],"(array([0.]), array([0.]), array([0.]))","(array([0.]), array([0.]), array([0.]))","(array([0.]), array([0.]), array([0.]))","(array([0.]), array([0.]), array([0.]))","(array([0.]), array([0.]), array([0.]))","(array([0.]), array([0.]), array([0.]))","(array([0.]), array([0.]), array([0.]))","(array([0.]), array([0.]), array([0.]))","(array([0.]), array([0.]), array([0.]))","(array([0.]), array([0.]), array([0.]))","(array([0.]), array([0.]), array([0.]))"
(0.4999985372307951+0j),[-0.99634247],[1.],[0.08544993],[1.],"(array([0.]), array([0.]), array([0.]))","(array([0.]), array([0.]), array([0.]))","(array([0.]), array([0.]), array([0.]))","(array([0.]), array([0.]), array([0.]))","(array([0.]), array([0.]), array([0.]))","(array([0.]), array([0.]), array([0.]))","(array([0.]), array([0.]), array([0.]))","(array([0.]), array([0.]), array([0.]))","(array([0.]), array([0.]), array([0.]))","(array([0.]), array([0.]), array([0.]))","(array([0.]), array([0.]), array([0.]))"
(0.4999985406487924+0j),[-0.94471911],[1.],[-0.32788077],[1.],"(array([0.]), array([0.]), array([0.]))","(array([0.]), array([0.]), array([0.]))","(array([0.]), array([0.]), array([0.]))","(array([0.]), array([0.]), array([0.]))","(array([0.]), array([0.]), array([0.]))","(array([0.]), array([0.]), array([0.]))","(array([0.]), array([0.]), array([0.]))","(array([0.]), array([0.]), array([0.]))","(array([0.]), array([0.]), array([0.]))","(array([0.]), array([0.]), array([0.]))","(array([0.]), array([0.]), array([0.]))"
(0.49999852753356144+0j),[-0.86309732],[1.],[-0.50503763],[1.],"(array([0.]), array([0.]), array([0.]))","(array([0.]), array([0.]), array([0.]))","(array([0.]), array([0.]), array([0.]))","(array([0.]), array([0.]), array([0.]))","(array([0.]), array([0.]), array([0.]))","(array([0.]), array([0.]), array([0.]))","(array([0.]), array([0.]), array([0.]))","(array([0.]), array([0.]), array([0.]))","(array([0.]), array([0.]), array([0.]))","(array([0.]), array([0.]), array([0.]))","(array([0.]), array([0.]), array([0.]))"
(0.499998507332056+0j),[-0.85498936],[1.],[-0.51864554],[1.],"(array([0.]), array([0.]), array([0.]))","(array([0.]), array([0.]), array([0.]))","(array([0.]), array([0.]), array([0.]))","(array([0.]), array([0.]), array([0.]))","(array([0.]), array([0.]), array([0.]))","(array([0.]), array([0.]), array([0.]))","(array([0.]), array([0.]), array([0.]))","(array([0.]), array([0.]), array([0.]))","(array([0.]), array([0.]), array([0.]))","(array([0.]), array([0.]), array([0.]))","(array([0.]), array([0.]), array([0.]))"
(0.49999848658623375+0j),[-0.66926273],[1.],[-0.74302584],[1.],"(array([0.]), array([0.]), array([0.]))","(array([0.]), array([0.]), array([0.]))","(array([0.]), array([0.]), array([0.]))","(array([0.]), array([0.]), array([0.]))","(array([0.]), array([0.]), array([0.]))","(array([0.]), array([0.]), array([0.]))","(array([0.]), array([0.]), array([0.]))","(array([0.]), array([0.]), array([0.]))","(array([0.]), array([0.]), array([0.]))","(array([0.]), array([0.]), array([0.]))","(array([0.]), array([0.]), array([0.]))"
(0.49999845686520056+0j),[-0.7473744],[1.],[-0.66440312],[1.],"(array([0.]), array([0.]), array([0.]))","(array([0.]), array([0.]), array([0.]))","(array([0.]), array([0.]), array([0.]))","(array([0.]), array([0.]), array([0.]))","(array([0.]), array([0.]), array([0.]))","(array([0.]), array([0.]), array([0.]))","(array([0.]), array([0.]), array([0.]))","(array([0.]), array([0.]), array([0.]))","(array([0.]), array([0.]), array([0.]))","(array([0.]), array([0.]), array([0.]))","(array([0.]), array([0.]), array([0.]))"
(0.4999984302890757+0j),[-0.82071256],[1.],[-0.5713413],[1.],"(array([0.]), array([0.]), array([0.]))","(array([0.]), array([0.]), array([0.]))","(array([0.]), array([0.]), array([0.]))","(array([0.]), array([0.]), array([0.]))","(array([0.]), array([0.]), array([0.]))","(array([0.]), array([0.]), array([0.]))","(array([0.]), array([0.]), array([0.]))","(array([0.]), array([0.]), array([0.]))","(array([0.]), array([0.]), array([0.]))","(array([0.]), array([0.]), array([0.]))","(array([0.]), array([0.]), array([0.]))"
(0.49999840743542373+0j),[-0.934777],[1.],[-0.35523508],[1.],"(array([0.]), array([0.]), array([0.]))","(array([0.]), array([0.]), array([0.]))","(array([0.]), array([0.]), array([0.]))","(array([0.]), array([0.]), array([0.]))","(array([0.]), array([0.]), array([0.]))","(array([0.]), array([0.]), array([0.]))","(array([0.]), array([0.]), array([0.]))","(array([0.]), array([0.]), array([0.]))","(array([0.]), array([0.]), array([0.]))","(array([0.]), array([0.]), array([0.]))","(array([0.]), array([0.]), array([0.]))"
(0.49999839322602074+0j),[-0.82890016],[1.],[-0.55939658],[1.],"(array([0.]), array([0.]), array([0.]))","(array([0.]), array([0.]), array([0.]))","(array([0.]), array([0.]), array([0.]))","(array([0.]), array([0.]), array([0.]))","(array([0.]), array([0.]), array([0.]))","(array([0.]), array([0.]), array([0.]))","(array([0.]), array([0.]), array([0.]))","(array([0.]), array([0.]), array([0.]))","(array([0.]), array([0.]), array([0.]))","(array([0.]), array([0.]), array([0.]))","(array([0.]), array([0.]), array([0.]))"
(0.49999837085015747+0j),[-0.79685667],[1.],[-0.60416839],[1.],"(array([0.]), array([0.]), array([0.]))","(array([0.]), array([0.]), array([0.]))","(array([0.]), array([0.]), array([0.]))","(array([0.]), array([0.]), array([0.]))","(array([0.]), array([0.]), array([0.]))","(array([0.]), array([0.]), array([0.]))","(array([0.]), array([0.]), array([0.]))","(array([0.]), array([0.]), array([0.]))","(array([0.]), array([0.]), array([0.]))","(array([0.]), array([0.]), array([0.]))","(array([0.]), array([0.]), array([0.]))"
(0.499998346683422+0j),[-0.87995235],[1.],[-0.47506195],[1.],"(array([0.]), array([0.]), array([0.]))","(array([0.]), array([0.]), array([0.]))","(array([0.]), array([0.]), array([0.]))","(array([0.]), array([0.]), array([0.]))","(array([0.]), array([0.]), array([0.]))","(array([0.]), array([0.]), array([0.]))","(array([0.]), array([0.]), array([0.]))","(array([0.]), array([0.]), array([0.]))","(array([0.]), array([0.]), array([0.]))","(array([0.]), array([0.]), array([0.]))","(array([0.]), array([0.]), array([0.]))"
(0.4999983276809439+0j),[-0.77800696],[1.],[-0.62825566],[1.],"(array([0.]), array([0.]), array([0.]))","(array([0.]), array([0.]), array([0.]))","(array([0.]), array([0.]), array([0.]))","(array([0.]), array([0.]), array([0.]))","(array([0.]), array([0.]), array([0.]))","(array([0.]), array([0.]), array([0.]))","(array([0.]), array([0.]), array([0.]))","(array([0.]), array([0.]), array([0.]))","(array([0.]), array([0.]), array([0.]))","(array([0.]), array([0.]), array([0.]))","(array([0.]), array([0.]), array([0.]))"
(0.49999830255071787+0j),[-0.77723333],[1.],[-0.62921248],[1.],"(array([0.]), array([0.]), array([0.]))","(array([0.]), array([0.]), array([0.]))","(array([0.]), array([0.]), array([0.]))","(array([0.]), array([0.]), array([0.]))","(array([0.]), array([0.]), array([0.]))","(array([0.]), array([0.]), array([0.]))","(array([0.]), array([0.]), array([0.]))","(array([0.]), array([0.]), array([0.]))","(array([0.]), array([0.]), array([0.]))","(array([0.]), array([0.]), array([0.]))","(array([0.]), array([0.]), array([0.]))"
(0.4999982773822192+0j),[-0.67743292],[1.],[-0.73558456],[1.],"(array([0.]), array([0.]), array([0.]))","(array([0.]), array([0.]), array([0.]))","(array([0.]), array([0.]), array([0.]))","(array([0.]), array([0.]), array([0.]))","(array([0.]), array([0.]), array([0.]))","(array([0.]), array([0.]), array([0.]))","(array([0.]), array([0.]), array([0.]))","(array([0.]), array([0.]), array([0.]))","(array([0.]), array([0.]), array([0.]))","(array([0.]), array([0.]), array([0.]))","(array([0.]), array([0.]), array([0.]))"
(0.49999824795883674+0j),[-0.66590649],[1.],[-0.74603522],[1.],"(array([0.]), array([0.]), array([0.]))","(array([0.]), array([0.]), array([0.]))","(array([0.]), array([0.]), array([0.]))","(array([0.]), array([0.]), array([0.]))","(array([0.]), array([0.]), array([0.]))","(array([0.]), array([0.]), array([0.]))","(array([0.]), array([0.]), array([0.]))","(array([0.]), array([0.]), array([0.]))","(array([0.]), array([0.]), array([0.]))","(array([0.]), array([0.]), array([0.]))","(array([0.]), array([0.]), array([0.]))"
(0.4999982181174283+0j),[-0.45380147],[1.],[-0.89110281],[1.],"(array([0.]), array([0.]), array([0.]))","(array([0.]), array([0.]), array([0.]))","(array([0.]), array([0.]), array([0.]))","(array([0.]), array([0.]), array([0.]))","(array([0.]), array([0.]), array([0.]))","(array([0.]), array([0.]), array([0.]))","(array([0.]), array([0.]), array([0.]))","(array([0.]), array([0.]), array([0.]))","(array([0.]), array([0.]), array([0.]))","(array([0.]), array([0.]), array([0.]))","(array([0.]), array([0.]), array([0.]))"
(0.4999981824733156+0j),[-0.44650333],[1.],[-0.89478197],[1.],"(array([0.]), array([0.]), array([0.]))","(array([0.]), array([0.]), array([0.]))","(array([0.]), array([0.]), array([0.]))","(array([0.]), array([0.]), array([0.]))","(array([0.]), array([0.]), array([0.]))","(array([0.]), array([0.]), array([0.]))","(array([0.]), array([0.]), array([0.]))","(array([0.]), array([0.]), array([0.]))","(array([0.]), array([0.]), array([0.]))","(array([0.]), array([0.]), array([0.]))","(array([0.]), array([0.]), array([0.]))"
(0.49999814668203674+0j),[-0.68738708],[1.],[-0.72629126],[1.],"(array([0.]), array([0.]), array([0.]))","(array([0.]), array([0.]), array([0.]))","(array([0.]), array([0.]), array([0.]))","(array([0.]), array([0.]), array([0.]))","(array([0.]), array([0.]), array([0.]))","(array([0.]), array([0.]), array([0.]))","(array([0.]), array([0.]), array([0.]))","(array([0.]), array([0.]), array([0.]))","(array([0.]), array([0.]), array([0.]))","(array([0.]), array([0.]), array([0.]))","(array([0.]), array([0.]), array([0.]))"
(0.4999981176303862+0j),[-0.82786262],[1.],[-0.56093091],[1.],"(array([0.]), array([0.]), array([0.]))","(array([0.]), array([0.]), array([0.]))","(array([0.]), array([0.]), array([0.]))","(array([0.]), array([0.]), array([0.]))","(array([0.]), array([0.]), array([0.]))","(array([0.]), array([0.]), array([0.]))","(array([0.]), array([0.]), array([0.]))","(array([0.]), array([0.]), array([0.]))","(array([0.]), array([0.]), array([0.]))","(array([0.]), array([0.]), array([0.]))","(array([0.]), array([0.]), array([0.]))"
(0.4999980951931501+0j),[-0.74463119],[1.],[-0.66747614],[1.],"(array([0.]), array([0.]), array([0.]))","(array([0.]), array([0.]), array([0.]))","(array([0.]), array([0.]), array([0.]))","(array([0.]), array([0.]), array([0.]))","(array([0.]), array([0.]), array([0.]))","(array([0.]), array([0.]), array([0.]))","(array([0.]), array([0.]), array([0.]))","(array([0.]), array([0.]), array([0.]))","(array([0.]), array([0.]), array([0.]))","(array([0.]), array([0.]), array([0.]))","(array([0.]), array([0.]), array([0.]))"
(0.49999806849410416+0j),[-0.71902347],[1.],[-0.69498579],[1.],"(array([0.]), array([0.]), array([0.]))","(array([0.]), array([0.]), array([0.]))","(array([0.]), array([0.]), array([0.]))","(array([0.]), array([0.]), array([0.]))","(array([0.]), array([0.]), array([0.]))","(array([0.]), array([0.]), array([0.]))","(array([0.]), array([0.]), array([0.]))","(array([0.]), array([0.]), array([0.]))","(array([0.]), array([0.]), array([0.]))","(array([0.]), array([0.]), array([0.]))","(array([0.]), array([0.]), array([0.]))"
(0.4999980406946726+0j),[-0.5467667],[1.],[-0.83728501],[1.],"(array([0.]), array([0.]), array([0.]))","(array([0.]), array([0.]), array([0.]))","(array([0.]), array([0.]), array([0.]))","(array([0.]), array([0.]), array([0.]))","(array([0.]), array([0.]), array([0.]))","(array([0.]), array([0.]), array([0.]))","(array([0.]), array([0.]), array([0.]))","(array([0.]), array([0.]), array([0.]))","(array([0.]), array([0.]), array([0.]))","(array([0.]), array([0.]), array([0.]))","(array([0.]), array([0.]), array([0.]))"
(0.4999980072032725+0j),[-0.69247104],[1.],[-0.72144567],[1.],"(array([0.]), array([0.]), array([0.]))","(array([0.]), array([0.]), array([0.]))","(array([0.]), array([0.]), array([0.]))","(array([0.]), array([0.]), array([0.]))","(array([0.]), array([0.]), array([0.]))","(array([0.]), array([0.]), array([0.]))","(array([0.]), array([0.]), array([0.]))","(array([0.]), array([0.]), array([0.]))","(array([0.]), array([0.]), array([0.]))","(array([0.]), array([0.]), array([0.]))","(array([0.]), array([0.]), array([0.]))"
(0.49999797834544557+0j),[-0.71888639],[1.],[-0.69512759],[1.],"(array([0.]), array([0.]), array([0.]))","(array([0.]), array([0.]), array([0.]))","(array([0.]), array([0.]), array([0.]))","(array([0.]), array([0.]), array([0.]))","(array([0.]), array([0.]), array([0.]))","(array([0.]), array([0.]), array([0.]))","(array([0.]), array([0.]), array([0.]))","(array([0.]), array([0.]), array([0.]))","(array([0.]), array([0.]), array([0.]))","(array([0.]), array([0.]), array([0.]))","(array([0.]), array([0.]), array([0.]))"
(0.49999795054034185+0j),[-0.84384095],[1.],[-0.53659338],[1.],"(array([0.]), array([0.]), array([0.]))","(array([0.]), array([0.]), array([0.]))","(array([0.]), array([0.]), array([0.]))","(array([0.]), array([0.]), array([0.]))","(array([0.]), array([0.]), array([0.]))","(array([0.]), array([0.]), array([0.]))","(array([0.]), array([0.]), array([0.]))","(array([0.]), array([0.]), array([0.]))","(array([0.]), array([0.]), array([0.]))","(array([0.]), array([0.]), array([0.]))","(array([0.]), array([0.]), array([0.]))"
(0.4999979290766071+0j),[-0.83746322],[1.],[-0.54649369],[1.],"(array([0.]), array([0.]), array([0.]))","(array([0.]), array([0.]), array([0.]))","(array([0.]), array([0.]), array([0.]))","(array([0.]), array([0.]), array([0.]))","(array([0.]), array([0.]), array([0.]))","(array([0.]), array([0.]), array([0.]))","(array([0.]), array([0.]), array([0.]))","(array([0.]), array([0.]), array([0.]))","(array([0.]), array([0.]), array([0.]))","(array([0.]), array([0.]), array([0.]))","(array([0.]), array([0.]), array([0.]))"
(0.49999790721685966+0j),[-0.75123473],[1.],[-0.66003514],[1.],"(array([0.]), array([0.]), array([0.]))","(array([0.]), array([0.]), array([0.]))","(array([0.]), array([0.]), array([0.]))","(array([0.]), array([0.]), array([0.]))","(array([0.]), array([0.]), array([0.]))","(array([0.]), array([0.]), array([0.]))","(array([0.]), array([0.]), array([0.]))","(array([0.]), array([0.]), array([0.]))","(array([0.]), array([0.]), array([0.]))","(array([0.]), array([0.]), array([0.]))","(array([0.]), array([0.]), array([0.]))"
(0.49999788081545443+0j),[-0.83448745],[1.],[-0.55102695],[1.],"(array([0.]), array([0.]), array([0.]))","(array([0.]), array([0.]), array([0.]))","(array([0.]), array([0.]), array([0.]))","(array([0.]), array([0.]), array([0.]))","(array([0.]), array([0.]), array([0.]))","(array([0.]), array([0.]), array([0.]))","(array([0.]), array([0.]), array([0.]))","(array([0.]), array([0.]), array([0.]))","(array([0.]), array([0.]), array([0.]))","(array([0.]), array([0.]), array([0.]))","(array([0.]), array([0.]), array([0.]))"
(0.4999978587743766+0j),[-0.66546317],[1.],[-0.74643068],[1.],"(array([0.]), array([0.]), array([0.]))","(array([0.]), array([0.]), array([0.]))","(array([0.]), array([0.]), array([0.]))","(array([0.]), array([0.]), array([0.]))","(array([0.]), array([0.]), array([0.]))","(array([0.]), array([0.]), array([0.]))","(array([0.]), array([0.]), array([0.]))","(array([0.]), array([0.]), array([0.]))","(array([0.]), array([0.]), array([0.]))","(array([0.]), array([0.]), array([0.]))","(array([0.]), array([0.]), array([0.]))"
(0.4999978289171494+0j),[-0.62589663],[1.],[-0.77990603],[1.],"(array([0.]), array([0.]), array([0.]))","(array([0.]), array([0.]), array([0.]))","(array([0.]), array([0.]), array([0.]))","(array([0.]), array([0.]), array([0.]))","(array([0.]), array([0.]), array([0.]))","(array([0.]), array([0.]), array([0.]))","(array([0.]), array([0.]), array([0.]))","(array([0.]), array([0.]), array([0.]))","(array([0.]), array([0.]), array([0.]))","(array([0.]), array([0.]), array([0.]))","(array([0.]), array([0.]), array([0.]))"
(0.4999977977209084+0j),[-0.77472568],[1.],[-0.6322975],[1.],"(array([0.]), array([0.]), array([0.]))","(array([0.]), array([0.]), array([0.]))","(array([0.]), array([0.]), array([0.]))","(array([0.]), array([0.]), array([0.]))","(array([0.]), array([0.]), array([0.]))","(array([0.]), array([0.]), array([0.]))","(array([0.]), array([0.]), array([0.]))","(array([0.]), array([0.]), array([0.]))","(array([0.]), array([0.]), array([0.]))","(array([0.]), array([0.]), array([0.]))","(array([0.]), array([0.]), array([0.]))"
(0.49999777242900895+0j),[-0.67854018],[1.],[-0.73456329],[1.],"(array([0.]), array([0.]), array([0.]))","(array([0.]), array([0.]), array([0.]))","(array([0.]), array([0.]), array([0.]))","(array([0.]), array([0.]), array([0.]))","(array([0.]), array([0.]), array([0.]))","(array([0.]), array([0.]), array([0.]))","(array([0.]), array([0.]), array([0.]))","(array([0.]), array([0.]), array([0.]))","(array([0.]), array([0.]), array([0.]))","(array([0.]), array([0.]), array([0.]))","(array([0.]), array([0.]), array([0.]))"
(0.4999977430464771+0j),[-0.18109174],[1.],[-0.98346621],[1.],"(array([0.]), array([0.]), array([0.]))","(array([0.]), array([0.]), array([0.]))","(array([0.]), array([0.]), array([0.]))","(array([0.]), array([0.]), array([0.]))","(array([0.]), array([0.]), array([0.]))","(array([0.]), array([0.]), array([0.]))","(array([0.]), array([0.]), array([0.]))","(array([0.]), array([0.]), array([0.]))","(array([0.]), array([0.]), array([0.]))","(array([0.]), array([0.]), array([0.]))","(array([0.]), array([0.]), array([0.]))"
(0.49999770370782853+0j),[0.03975409],[1.],[-0.99920949],[1.],"(array([0.]), array([0.]), array([0.]))","(array([0.]), array([0.]), array([0.]))","(array([0.]), array([0.]), array([0.]))","(array([0.]), array([0.]), array([0.]))","(array([0.]), array([0.]), array([0.]))","(array([0.]), array([0.]), array([0.]))","(array([0.]), array([0.]), array([0.]))","(array([0.]), array([0.]), array([0.]))","(array([0.]), array([0.]), array([0.]))","(array([0.]), array([0.]), array([0.]))","(array([0.]), array([0.]), array([0.]))"
(0.49999766373944826+0j),[-0.30753521],[1.],[-0.9515367],[1.],"(array([0.]), array([0.]), array([0.]))","(array([0.]), array([0.]), array([0.]))","(array([0.]), array([0.]), array([0.]))","(array([0.]), array([0.]), array([0.]))","(array([0.]), array([0.]), array([0.]))","(array([0.]), array([0.]), array([0.]))","(array([0.]), array([0.]), array([0.]))","(array([0.]), array([0.]), array([0.]))","(array([0.]), array([0.]), array([0.]))","(array([0.]), array([0.]), array([0.]))","(array([0.]), array([0.]), array([0.]))"
(0.4999976256779799+0j),[-0.22334252],[1.],[-0.97474003],[1.],"(array([0.]), array([0.]), array([0.]))","(array([0.]), array([0.]), array([0.]))","(array([0.]), array([0.]), array([0.]))","(array([0.]), array([0.]), array([0.]))","(array([0.]), array([0.]), array([0.]))","(array([0.]), array([0.]), array([0.]))","(array([0.]), array([0.]), array([0.]))","(array([0.]), array([0.]), array([0.]))","(array([0.]), array([0.]), array([0.]))","(array([0.]), array([0.]), array([0.]))","(array([0.]), array([0.]), array([0.]))"
(0.49999758668837907+0j),[0.03232781],[1.],[-0.99947732],[1.],"(array([0.]), array([0.]), array([0.]))","(array([0.]), array([0.]), array([0.]))","(array([0.]), array([0.]), array([0.]))","(array([0.]), array([0.]), array([0.]))","(array([0.]), array([0.]), array([0.]))","(array([0.]), array([0.]), array([0.]))","(array([0.]), array([0.]), array([0.]))","(array([0.]), array([0.]), array([0.]))","(array([0.]), array([0.]), array([0.]))","(array([0.]), array([0.]), array([0.]))","(array([0.]), array([0.]), array([0.]))"
(0.4999975467092862+0j),[0.14830412],[1.],[-0.9889418],[1.],"(array([0.]), array([0.]), array([0.]))","(array([0.]), array([0.]), array([0.]))","(array([0.]), array([0.]), array([0.]))","(array([0.]), array([0.]), array([0.]))","(array([0.]), array([0.]), array([0.]))","(array([0.]), array([0.]), array([0.]))","(array([0.]), array([0.]), array([0.]))","(array([0.]), array([0.]), array([0.]))","(array([0.]), array([0.]), array([0.]))","(array([0.]), array([0.]), array([0.]))","(array([0.]), array([0.]), array([0.]))"
(0.49999750715161423+0j),[-0.10849694],[1.],[-0.99409678],[1.],"(array([0.]), array([0.]), array([0.]))","(array([0.]), array([0.]), array([0.]))","(array([0.]), array([0.]), array([0.]))","(array([0.]), array([0.]), array([0.]))","(array([0.]), array([0.]), array([0.]))","(array([0.]), array([0.]), array([0.]))","(array([0.]), array([0.]), array([0.]))","(array([0.]), array([0.]), array([0.]))","(array([0.]), array([0.]), array([0.]))","(array([0.]), array([0.]), array([0.]))","(array([0.]), array([0.]), array([0.]))"
(0.49999746738774226+0j),[0.00205131],[1.],[-0.9999979],[1.],"(array([0.]), array([0.]), array([0.]))","(array([0.]), array([0.]), array([0.]))","(array([0.]), array([0.]), array([0.]))","(array([0.]), array([0.]), array([0.]))","(array([0.]), array([0.]), array([0.]))","(array([0.]), array([0.]), array([0.]))","(array([0.]), array([0.]), array([0.]))","(array([0.]), array([0.]), array([0.]))","(array([0.]), array([0.]), array([0.]))","(array([0.]), array([0.]), array([0.]))","(array([0.]), array([0.]), array([0.]))"
(0.4999974273878267+0j),[0.23816899],[1.],[-0.97122373],[1.],"(array([0.]), array([0.]), array([0.]))","(array([0.]), array([0.]), array([0.]))","(array([0.]), array([0.]), array([0.]))","(array([0.]), array([0.]), array([0.]))","(array([0.]), array([0.]), array([0.]))","(array([0.]), array([0.]), array([0.]))","(array([0.]), array([0.]), array([0.]))","(array([0.]), array([0.]), array([0.]))","(array([0.]), array([0.]), array([0.]))","(array([0.]), array([0.]), array([0.]))","(array([0.]), array([0.]), array([0.]))"
(0.4999973885388777+0j),[-0.10043421],[1.],[-0.9949437],[1.],"(array([0.]), array([0.]), array([0.]))","(array([0.]), array([0.]), array([0.]))","(array([0.]), array([0.]), array([0.]))","(array([0.]), array([0.]), array([0.]))","(array([0.]), array([0.]), array([0.]))","(array([0.]), array([0.]), array([0.]))","(array([0.]), array([0.]), array([0.]))","(array([0.]), array([0.]), array([0.]))","(array([0.]), array([0.]), array([0.]))","(array([0.]), array([0.]), array([0.]))","(array([0.]), array([0.]), array([0.]))"
(0.49999734874112933+0j),[-0.10168961],[1.],[-0.99481618],[1.],"(array([0.]), array([0.]), array([0.]))","(array([0.]), array([0.]), array([0.]))","(array([0.]), array([0.]), array([0.]))","(array([0.]), array([0.]), array([0.]))","(array([0.]), array([0.]), array([0.]))","(array([0.]), array([0.]), array([0.]))","(array([0.]), array([0.]), array([0.]))","(array([0.]), array([0.]), array([0.]))","(array([0.]), array([0.]), array([0.]))","(array([0.]), array([0.]), array([0.]))","(array([0.]), array([0.]), array([0.]))"
(0.49999730894848265+0j),[-0.24074506],[1.],[-0.97058839],[1.],"(array([0.]), array([0.]), array([0.]))","(array([0.]), array([0.]), array([0.]))","(array([0.]), array([0.]), array([0.]))","(array([0.]), array([0.]), array([0.]))","(array([0.]), array([0.]), array([0.]))","(array([0.]), array([0.]), array([0.]))","(array([0.]), array([0.]), array([0.]))","(array([0.]), array([0.]), array([0.]))","(array([0.]), array([0.]), array([0.]))","(array([0.]), array([0.]), array([0.]))","(array([0.]), array([0.]), array([0.]))"
(0.4999972701249467+0j),[0.07432123],[1.],[-0.99723435],[1.],"(array([0.]), array([0.]), array([0.]))","(array([0.]), array([0.]), array([0.]))","(array([0.]), array([0.]), array([0.]))","(array([0.]), array([0.]), array([0.]))","(array([0.]), array([0.]), array([0.]))","(array([0.]), array([0.]), array([0.]))","(array([0.]), array([0.]), array([0.]))","(array([0.]), array([0.]), array([0.]))","(array([0.]), array([0.]), array([0.]))","(array([0.]), array([0.]), array([0.]))","(array([0.]), array([0.]), array([0.]))"
(0.4999972302355726+0j),[-0.19338145],[1.],[-0.98112365],[1.],"(array([0.]), array([0.]), array([0.]))","(array([0.]), array([0.]), array([0.]))","(array([0.]), array([0.]), array([0.]))","(array([0.]), array([0.]), array([0.]))","(array([0.]), array([0.]), array([0.]))","(array([0.]), array([0.]), array([0.]))","(array([0.]), array([0.]), array([0.]))","(array([0.]), array([0.]), array([0.]))","(array([0.]), array([0.]), array([0.]))","(array([0.]), array([0.]), array([0.]))","(array([0.]), array([0.]), array([0.]))"
(0.49999719099062634+0j),[-0.21765799],[1.],[-0.9760251],[1.],"(array([0.]), array([0.]), array([0.]))","(array([0.]), array([0.]), array([0.]))","(array([0.]), array([0.]), array([0.]))","(array([0.]), array([0.]), array([0.]))","(array([0.]), array([0.]), array([0.]))","(array([0.]), array([0.]), array([0.]))","(array([0.]), array([0.]), array([0.]))","(array([0.]), array([0.]), array([0.]))","(array([0.]), array([0.]), array([0.]))","(array([0.]), array([0.]), array([0.]))","(array([0.]), array([0.]), array([0.]))"
(0.4999971519496223+0j),[-0.49893883],[1.],[-0.8666372],[1.],"(array([0.]), array([0.]), array([0.]))","(array([0.]), array([0.]), array([0.]))","(array([0.]), array([0.]), array([0.]))","(array([0.]), array([0.]), array([0.]))","(array([0.]), array([0.]), array([0.]))","(array([0.]), array([0.]), array([0.]))","(array([0.]), array([0.]), array([0.]))","(array([0.]), array([0.]), array([0.]))","(array([0.]), array([0.]), array([0.]))","(array([0.]), array([0.]), array([0.]))","(array([0.]), array([0.]), array([0.]))"
(0.49999711728413454+0j),[-0.68122133],[1.],[-0.73207752],[1.],"(array([0.]), array([0.]), array([0.]))","(array([0.]), array([0.]), array([0.]))","(array([0.]), array([0.]), array([0.]))","(array([0.]), array([0.]), array([0.]))","(array([0.]), array([0.]), array([0.]))","(array([0.]), array([0.]), array([0.]))","(array([0.]), array([0.]), array([0.]))","(array([0.]), array([0.]), array([0.]))","(array([0.]), array([0.]), array([0.]))","(array([0.]), array([0.]), array([0.]))","(array([0.]), array([0.]), array([0.]))"
(0.4999970880010339+0j),[-0.67522851],[1.],[-0.73760861],[1.],"(array([0.]), array([0.]), array([0.]))","(array([0.]), array([0.]), array([0.]))","(array([0.]), array([0.]), array([0.]))","(array([0.]), array([0.]), array([0.]))","(array([0.]), array([0.]), array([0.]))","(array([0.]), array([0.]), array([0.]))","(array([0.]), array([0.]), array([0.]))","(array([0.]), array([0.]), array([0.]))","(array([0.]), array([0.]), array([0.]))","(array([0.]), array([0.]), array([0.]))","(array([0.]), array([0.]), array([0.]))"
(0.49999705849668924+0j),[-0.69444197],[1.],[-0.71954871],[1.],"(array([0.]), array([0.]), array([0.]))","(array([0.]), array([0.]), array([0.]))","(array([0.]), array([0.]), array([0.]))","(array([0.]), array([0.]), array([0.]))","(array([0.]), array([0.]), array([0.]))","(array([0.]), array([0.]), array([0.]))","(array([0.]), array([0.]), array([0.]))","(array([0.]), array([0.]), array([0.]))","(array([0.]), array([0.]), array([0.]))","(array([0.]), array([0.]), array([0.]))","(array([0.]), array([0.]), array([0.]))"
(0.49999702971474064+0j),[-0.69424159],[1.],[-0.71974205],[1.],"(array([0.]), array([0.]), array([0.]))","(array([0.]), array([0.]), array([0.]))","(array([0.]), array([0.]), array([0.]))","(array([0.]), array([0.]), array([0.]))","(array([0.]), array([0.]), array([0.]))","(array([0.]), array([0.]), array([0.]))","(array([0.]), array([0.]), array([0.]))","(array([0.]), array([0.]), array([0.]))","(array([0.]), array([0.]), array([0.]))","(array([0.]), array([0.]), array([0.]))","(array([0.]), array([0.]), array([0.]))"
(0.49999700092505844+0j),[-0.97431873],[1.],[-0.22517329],[1.],"(array([0.]), array([0.]), array([0.]))","(array([0.]), array([0.]), array([0.]))","(array([0.]), array([0.]), array([0.]))","(array([0.]), array([0.]), array([0.]))","(array([0.]), array([0.]), array([0.]))","(array([0.]), array([0.]), array([0.]))","(array([0.]), array([0.]), array([0.]))","(array([0.]), array([0.]), array([0.]))","(array([0.]), array([0.]), array([0.]))","(array([0.]), array([0.]), array([0.]))","(array([0.]), array([0.]), array([0.]))"
(0.4999969919181266+0j),[-0.99846002],[1.],[-0.05547608],[1.],"(array([0.]), array([0.]), array([0.]))","(array([0.]), array([0.]), array([0.]))","(array([0.]), array([0.]), array([0.]))","(array([0.]), array([0.]), array([0.]))","(array([0.]), array([0.]), array([0.]))","(array([0.]), array([0.]), array([0.]))","(array([0.]), array([0.]), array([0.]))","(array([0.]), array([0.]), array([0.]))","(array([0.]), array([0.]), array([0.]))","(array([0.]), array([0.]), array([0.]))","(array([0.]), array([0.]), array([0.]))"
(0.49999698969908324+0j),[-0.9764529],[1.],[0.21573069],[1.],"(array([0.]), array([0.]), array([0.]))","(array([0.]), array([0.]), array([0.]))","(array([0.]), array([0.]), array([0.]))","(array([0.]), array([0.]), array([0.]))","(array([0.]), array([0.]), array([0.]))","(array([0.]), array([0.]), array([0.]))","(array([0.]), array([0.]), array([0.]))","(array([0.]), array([0.]), array([0.]))","(array([0.]), array([0.]), array([0.]))","(array([0.]), array([0.]), array([0.]))","(array([0.]), array([0.]), array([0.]))"
(0.4999969983283107+0j),[-0.9323756],[1.],[0.361491],[1.],"(array([0.]), array([0.]), array([0.]))","(array([0.]), array([0.]), array([0.]))","(array([0.]), array([0.]), array([0.]))","(array([0.]), array([0.]), array([0.]))","(array([0.]), array([0.]), array([0.]))","(array([0.]), array([0.]), array([0.]))","(array([0.]), array([0.]), array([0.]))","(array([0.]), array([0.]), array([0.]))","(array([0.]), array([0.]), array([0.]))","(array([0.]), array([0.]), array([0.]))","(array([0.]), array([0.]), array([0.]))"
(0.49999701278795033+0j),[-0.99998768],[1.],[-0.00496407],[1.],"(array([0.]), array([0.]), array([0.]))","(array([0.]), array([0.]), array([0.]))","(array([0.]), array([0.]), array([0.]))","(array([0.]), array([0.]), array([0.]))","(array([0.]), array([0.]), array([0.]))","(array([0.]), array([0.]), array([0.]))","(array([0.]), array([0.]), array([0.]))","(array([0.]), array([0.]), array([0.]))","(array([0.]), array([0.]), array([0.]))","(array([0.]), array([0.]), array([0.]))","(array([0.]), array([0.]), array([0.]))"
(0.49999701258938767+0j),[-0.96666532],[1.],[-0.25604329],[1.],"(array([0.]), array([0.]), array([0.]))","(array([0.]), array([0.]), array([0.]))","(array([0.]), array([0.]), array([0.]))","(array([0.]), array([0.]), array([0.]))","(array([0.]), array([0.]), array([0.]))","(array([0.]), array([0.]), array([0.]))","(array([0.]), array([0.]), array([0.]))","(array([0.]), array([0.]), array([0.]))","(array([0.]), array([0.]), array([0.]))","(array([0.]), array([0.]), array([0.]))","(array([0.]), array([0.]), array([0.]))"
(0.4999970023476561+0j),[-0.99905724],[1.],[0.04341238],[1.],"(array([0.]), array([0.]), array([0.]))","(array([0.]), array([0.]), array([0.]))","(array([0.]), array([0.]), array([0.]))","(array([0.]), array([0.]), array([0.]))","(array([0.]), array([0.]), array([0.]))","(array([0.]), array([0.]), array([0.]))","(array([0.]), array([0.]), array([0.]))","(array([0.]), array([0.]), array([0.]))","(array([0.]), array([0.]), array([0.]))","(array([0.]), array([0.]), array([0.]))","(array([0.]), array([0.]), array([0.]))"
(0.49999700408415165+0j),[-0.99631803],[1.],[0.08573436],[1.],"(array([0.]), array([0.]), array([0.]))","(array([0.]), array([0.]), array([0.]))","(array([0.]), array([0.]), array([0.]))","(array([0.]), array([0.]), array([0.]))","(array([0.]), array([0.]), array([0.]))","(array([0.]), array([0.]), array([0.]))","(array([0.]), array([0.]), array([0.]))","(array([0.]), array([0.]), array([0.]))","(array([0.]), array([0.]), array([0.]))","(array([0.]), array([0.]), array([0.]))","(array([0.]), array([0.]), array([0.]))"
(0.499997007513526+0j),[-0.99922855],[1.],[-0.03927213],[1.],"(array([0.]), array([0.]), array([0.]))","(array([0.]), array([0.]), array([0.]))","(array([0.]), array([0.]), array([0.]))","(array([0.]), array([0.]), array([0.]))","(array([0.]), array([0.]), array([0.]))","(array([0.]), array([0.]), array([0.]))","(array([0.]), array([0.]), array([0.]))","(array([0.]), array([0.]), array([0.]))","(array([0.]), array([0.]), array([0.]))","(array([0.]), array([0.]), array([0.]))","(array([0.]), array([0.]), array([0.]))"
(0.4999970059426411+0j),[-0.99695138],[1.],[0.07802535],[1.],"(array([0.]), array([0.]), array([0.]))","(array([0.]), array([0.]), array([0.]))","(array([0.]), array([0.]), array([0.]))","(array([0.]), array([0.]), array([0.]))","(array([0.]), array([0.]), array([0.]))","(array([0.]), array([0.]), array([0.]))","(array([0.]), array([0.]), array([0.]))","(array([0.]), array([0.]), array([0.]))","(array([0.]), array([0.]), array([0.]))","(array([0.]), array([0.]), array([0.]))","(array([0.]), array([0.]), array([0.]))"
(0.499997009063655+0j),[-0.99271185],[1.],[0.12051219],[1.],"(array([0.]), array([0.]), array([0.]))","(array([0.]), array([0.]), array([0.]))","(array([0.]), array([0.]), array([0.]))","(array([0.]), array([0.]), array([0.]))","(array([0.]), array([0.]), array([0.]))","(array([0.]), array([0.]), array([0.]))","(array([0.]), array([0.]), array([0.]))","(array([0.]), array([0.]), array([0.]))","(array([0.]), array([0.]), array([0.]))","(array([0.]), array([0.]), array([0.]))","(array([0.]), array([0.]), array([0.]))"
(0.49999701388414264+0j),[-0.84196366],[1.],[0.53953423],[1.],"(array([0.]), array([0.]), array([0.]))","(array([0.]), array([0.]), array([0.]))","(array([0.]), array([0.]), array([0.]))","(array([0.]), array([0.]), array([0.]))","(array([0.]), array([0.]), array([0.]))","(array([0.]), array([0.]), array([0.]))","(array([0.]), array([0.]), array([0.]))","(array([0.]), array([0.]), array([0.]))","(array([0.]), array([0.]), array([0.]))","(array([0.]), array([0.]), array([0.]))","(array([0.]), array([0.]), array([0.]))"
(0.49999703546551183+0j),[-0.89881709],[1.],[0.43832391],[1.],"(array([0.]), array([0.]), array([0.]))","(array([0.]), array([0.]), array([0.]))","(array([0.]), array([0.]), array([0.]))","(array([0.]), array([0.]), array([0.]))","(array([0.]), array([0.]), array([0.]))","(array([0.]), array([0.]), array([0.]))","(array([0.]), array([0.]), array([0.]))","(array([0.]), array([0.]), array([0.]))","(array([0.]), array([0.]), array([0.]))","(array([0.]), array([0.]), array([0.]))","(array([0.]), array([0.]), array([0.]))"
(0.4999970529984679+0j),[-0.94451048],[1.],[0.32848129],[1.],"(array([0.]), array([0.]), array([0.]))","(array([0.]), array([0.]), array([0.]))","(array([0.]), array([0.]), array([0.]))","(array([0.]), array([0.]), array([0.]))","(array([0.]), array([0.]), array([0.]))","(array([0.]), array([0.]), array([0.]))","(array([0.]), array([0.]), array([0.]))","(array([0.]), array([0.]), array([0.]))","(array([0.]), array([0.]), array([0.]))","(array([0.]), array([0.]), array([0.]))","(array([0.]), array([0.]), array([0.]))"
(0.4999970661377192+0j),[-0.92201488],[1.],[0.38715445],[1.],"(array([0.]), array([0.]), array([0.]))","(array([0.]), array([0.]), array([0.]))","(array([0.]), array([0.]), array([0.]))","(array([0.]), array([0.]), array([0.]))","(array([0.]), array([0.]), array([0.]))","(array([0.]), array([0.]), array([0.]))","(array([0.]), array([0.]), array([0.]))","(array([0.]), array([0.]), array([0.]))","(array([0.]), array([0.]), array([0.]))","(array([0.]), array([0.]), array([0.]))","(array([0.]), array([0.]), array([0.]))"
(0.4999970816238973+0j),[-0.81298428],[1.],[0.58228564],[1.],"(array([0.]), array([0.]), array([0.]))","(array([0.]), array([0.]), array([0.]))","(array([0.]), array([0.]), array([0.]))","(array([0.]), array([0.]), array([0.]))","(array([0.]), array([0.]), array([0.]))","(array([0.]), array([0.]), array([0.]))","(array([0.]), array([0.]), array([0.]))","(array([0.]), array([0.]), array([0.]))","(array([0.]), array([0.]), array([0.]))","(array([0.]), array([0.]), array([0.]))","(array([0.]), array([0.]), array([0.]))"
(0.4999971049153233+0j),[-0.80073479],[1.],[0.59901903],[1.],"(array([0.]), array([0.]), array([0.]))","(array([0.]), array([0.]), array([0.]))","(array([0.]), array([0.]), array([0.]))","(array([0.]), array([0.]), array([0.]))","(array([0.]), array([0.]), array([0.]))","(array([0.]), array([0.]), array([0.]))","(array([0.]), array([0.]), array([0.]))","(array([0.]), array([0.]), array([0.]))","(array([0.]), array([0.]), array([0.]))","(array([0.]), array([0.]), array([0.]))","(array([0.]), array([0.]), array([0.]))"
(0.499997128876085+0j),[-0.70393791],[1.],[0.71026152],[1.],"(array([0.]), array([0.]), array([0.]))","(array([0.]), array([0.]), array([0.]))","(array([0.]), array([0.]), array([0.]))","(array([0.]), array([0.]), array([0.]))","(array([0.]), array([0.]), array([0.]))","(array([0.]), array([0.]), array([0.]))","(array([0.]), array([0.]), array([0.]))","(array([0.]), array([0.]), array([0.]))","(array([0.]), array([0.]), array([0.]))","(array([0.]), array([0.]), array([0.]))","(array([0.]), array([0.]), array([0.]))"
(0.49999715728654553+0j),[-0.71506838],[1.],[0.69905451],[1.],"(array([0.]), array([0.]), array([0.]))","(array([0.]), array([0.]), array([0.]))","(array([0.]), array([0.]), array([0.]))","(array([0.]), array([0.]), array([0.]))","(array([0.]), array([0.]), array([0.]))","(array([0.]), array([0.]), array([0.]))","(array([0.]), array([0.]), array([0.]))","(array([0.]), array([0.]), array([0.]))","(array([0.]), array([0.]), array([0.]))","(array([0.]), array([0.]), array([0.]))","(array([0.]), array([0.]), array([0.]))"
(0.4999971852487262+0j),[-0.72493253],[1.],[0.68881988],[1.],"(array([0.]), array([0.]), array([0.]))","(array([0.]), array([0.]), array([0.]))","(array([0.]), array([0.]), array([0.]))","(array([0.]), array([0.]), array([0.]))","(array([0.]), array([0.]), array([0.]))","(array([0.]), array([0.]), array([0.]))","(array([0.]), array([0.]), array([0.]))","(array([0.]), array([0.]), array([0.]))","(array([0.]), array([0.]), array([0.]))","(array([0.]), array([0.]), array([0.]))","(array([0.]), array([0.]), array([0.]))"
(0.49999721280152143+0j),[-0.74791464],[1.],[0.66379491],[1.],"(array([0.]), array([0.]), array([0.]))","(array([0.]), array([0.]), array([0.]))","(array([0.]), array([0.]), array([0.]))","(array([0.]), array([0.]), array([0.]))","(array([0.]), array([0.]), array([0.]))","(array([0.]), array([0.]), array([0.]))","(array([0.]), array([0.]), array([0.]))","(array([0.]), array([0.]), array([0.]))","(array([0.]), array([0.]), array([0.]))","(array([0.]), array([0.]), array([0.]))","(array([0.]), array([0.]), array([0.]))"
(0.4999972393533178+0j),[-0.79544651],[1.],[0.6060238],[1.],"(array([0.]), array([0.]), array([0.]))","(array([0.]), array([0.]), array([0.]))","(array([0.]), array([0.]), array([0.]))","(array([0.]), array([0.]), array([0.]))","(array([0.]), array([0.]), array([0.]))","(array([0.]), array([0.]), array([0.]))","(array([0.]), array([0.]), array([0.]))","(array([0.]), array([0.]), array([0.]))","(array([0.]), array([0.]), array([0.]))","(array([0.]), array([0.]), array([0.]))","(array([0.]), array([0.]), array([0.]))"
(0.49999726359426994+0j),[-0.67143456],[1.],[0.74106385],[1.],"(array([0.]), array([0.]), array([0.]))","(array([0.]), array([0.]), array([0.]))","(array([0.]), array([0.]), array([0.]))","(array([0.]), array([0.]), array([0.]))","(array([0.]), array([0.]), array([0.]))","(array([0.]), array([0.]), array([0.]))","(array([0.]), array([0.]), array([0.]))","(array([0.]), array([0.]), array([0.]))","(array([0.]), array([0.]), array([0.]))","(array([0.]), array([0.]), array([0.]))","(array([0.]), array([0.]), array([0.]))"
(0.4999972932368236+0j),[-0.73151068],[1.],[0.68182998],[1.],"(array([0.]), array([0.]), array([0.]))","(array([0.]), array([0.]), array([0.]))","(array([0.]), array([0.]), array([0.]))","(array([0.]), array([0.]), array([0.]))","(array([0.]), array([0.]), array([0.]))","(array([0.]), array([0.]), array([0.]))","(array([0.]), array([0.]), array([0.]))","(array([0.]), array([0.]), array([0.]))","(array([0.]), array([0.]), array([0.]))","(array([0.]), array([0.]), array([0.]))","(array([0.]), array([0.]), array([0.]))"
(0.49999732051002244+0j),[-0.56794549],[1.],[0.82306617],[1.],"(array([0.]), array([0.]), array([0.]))","(array([0.]), array([0.]), array([0.]))","(array([0.]), array([0.]), array([0.]))","(array([0.]), array([0.]), array([0.]))","(array([0.]), array([0.]), array([0.]))","(array([0.]), array([0.]), array([0.]))","(array([0.]), array([0.]), array([0.]))","(array([0.]), array([0.]), array([0.]))","(array([0.]), array([0.]), array([0.]))","(array([0.]), array([0.]), array([0.]))","(array([0.]), array([0.]), array([0.]))"
(0.4999973534326695+0j),[-0.79494001],[1.],[0.60668804],[1.],"(array([0.]), array([0.]), array([0.]))","(array([0.]), array([0.]), array([0.]))","(array([0.]), array([0.]), array([0.]))","(array([0.]), array([0.]), array([0.]))","(array([0.]), array([0.]), array([0.]))","(array([0.]), array([0.]), array([0.]))","(array([0.]), array([0.]), array([0.]))","(array([0.]), array([0.]), array([0.]))","(array([0.]), array([0.]), array([0.]))","(array([0.]), array([0.]), array([0.]))","(array([0.]), array([0.]), array([0.]))"
(0.4999973777001909+0j),[-0.97594545],[1.],[0.21801488],[1.],"(array([0.]), array([0.]), array([0.]))","(array([0.]), array([0.]), array([0.]))","(array([0.]), array([0.]), array([0.]))","(array([0.]), array([0.]), array([0.]))","(array([0.]), array([0.]), array([0.]))","(array([0.]), array([0.]), array([0.]))","(array([0.]), array([0.]), array([0.]))","(array([0.]), array([0.]), array([0.]))","(array([0.]), array([0.]), array([0.]))","(array([0.]), array([0.]), array([0.]))","(array([0.]), array([0.]), array([0.]))"
(0.4999973864207859+0j),[-0.7237982],[1.],[0.69001172],[1.],"(array([0.]), array([0.]), array([0.]))","(array([0.]), array([0.]), array([0.]))","(array([0.]), array([0.]), array([0.]))","(array([0.]), array([0.]), array([0.]))","(array([0.]), array([0.]), array([0.]))","(array([0.]), array([0.]), array([0.]))","(array([0.]), array([0.]), array([0.]))","(array([0.]), array([0.]), array([0.]))","(array([0.]), array([0.]), array([0.]))","(array([0.]), array([0.]), array([0.]))","(array([0.]), array([0.]), array([0.]))"
(0.4999974140212547+0j),[-0.86668783],[1.],[0.49885089],[1.],"(array([0.]), array([0.]), array([0.]))","(array([0.]), array([0.]), array([0.]))","(array([0.]), array([0.]), array([0.]))","(array([0.]), array([0.]), array([0.]))","(array([0.]), array([0.]), array([0.]))","(array([0.]), array([0.]), array([0.]))","(array([0.]), array([0.]), array([0.]))","(array([0.]), array([0.]), array([0.]))","(array([0.]), array([0.]), array([0.]))","(array([0.]), array([0.]), array([0.]))","(array([0.]), array([0.]), array([0.]))"
(0.49999743397529006+0j),[-0.76321467],[1.],[0.646145],[1.],"(array([0.]), array([0.]), array([0.]))","(array([0.]), array([0.]), array([0.]))","(array([0.]), array([0.]), array([0.]))","(array([0.]), array([0.]), array([0.]))","(array([0.]), array([0.]), array([0.]))","(array([0.]), array([0.]), array([0.]))","(array([0.]), array([0.]), array([0.]))","(array([0.]), array([0.]), array([0.]))","(array([0.]), array([0.]), array([0.]))","(array([0.]), array([0.]), array([0.]))","(array([0.]), array([0.]), array([0.]))"
(0.4999974598210905+0j),[-0.73963839],[1.],[0.6730045],[1.],"(array([0.]), array([0.]), array([0.]))","(array([0.]), array([0.]), array([0.]))","(array([0.]), array([0.]), array([0.]))","(array([0.]), array([0.]), array([0.]))","(array([0.]), array([0.]), array([0.]))","(array([0.]), array([0.]), array([0.]))","(array([0.]), array([0.]), array([0.]))","(array([0.]), array([0.]), array([0.]))","(array([0.]), array([0.]), array([0.]))","(array([0.]), array([0.]), array([0.]))","(array([0.]), array([0.]), array([0.]))"
(0.4999974867412707+0j),[-0.59757917],[1.],[0.80180992],[1.],"(array([0.]), array([0.]), array([0.]))","(array([0.]), array([0.]), array([0.]))","(array([0.]), array([0.]), array([0.]))","(array([0.]), array([0.]), array([0.]))","(array([0.]), array([0.]), array([0.]))","(array([0.]), array([0.]), array([0.]))","(array([0.]), array([0.]), array([0.]))","(array([0.]), array([0.]), array([0.]))","(array([0.]), array([0.]), array([0.]))","(array([0.]), array([0.]), array([0.]))","(array([0.]), array([0.]), array([0.]))"
(0.49999751881366733+0j),[-0.16478206],[1.],[0.98633],[1.],"(array([0.]), array([0.]), array([0.]))","(array([0.]), array([0.]), array([0.]))","(array([0.]), array([0.]), array([0.]))","(array([0.]), array([0.]), array([0.]))","(array([0.]), array([0.]), array([0.]))","(array([0.]), array([0.]), array([0.]))","(array([0.]), array([0.]), array([0.]))","(array([0.]), array([0.]), array([0.]))","(array([0.]), array([0.]), array([0.]))","(array([0.]), array([0.]), array([0.]))","(array([0.]), array([0.]), array([0.]))"
(0.4999975582668673+0j),[-0.11964381],[1.],[0.99281688],[1.],"(array([0.]), array([0.]), array([0.]))","(array([0.]), array([0.]), array([0.]))","(array([0.]), array([0.]), array([0.]))","(array([0.]), array([0.]), array([0.]))","(array([0.]), array([0.]), array([0.]))","(array([0.]), array([0.]), array([0.]))","(array([0.]), array([0.]), array([0.]))","(array([0.]), array([0.]), array([0.]))","(array([0.]), array([0.]), array([0.]))","(array([0.]), array([0.]), array([0.]))","(array([0.]), array([0.]), array([0.]))"
(0.49999759797954285+0j),[0.04477034],[1.],[0.99899731],[1.],"(array([0.]), array([0.]), array([0.]))","(array([0.]), array([0.]), array([0.]))","(array([0.]), array([0.]), array([0.]))","(array([0.]), array([0.]), array([0.]))","(array([0.]), array([0.]), array([0.]))","(array([0.]), array([0.]), array([0.]))","(array([0.]), array([0.]), array([0.]))","(array([0.]), array([0.]), array([0.]))","(array([0.]), array([0.]), array([0.]))","(array([0.]), array([0.]), array([0.]))","(array([0.]), array([0.]), array([0.]))"
(0.49999763793943497+0j),[-0.02171223],[1.],[0.99976426],[1.],"(array([0.]), array([0.]), array([0.]))","(array([0.]), array([0.]), array([0.]))","(array([0.]), array([0.]), array([0.]))","(array([0.]), array([0.]), array([0.]))","(array([0.]), array([0.]), array([0.]))","(array([0.]), array([0.]), array([0.]))","(array([0.]), array([0.]), array([0.]))","(array([0.]), array([0.]), array([0.]))","(array([0.]), array([0.]), array([0.]))","(array([0.]), array([0.]), array([0.]))","(array([0.]), array([0.]), array([0.]))"
(0.4999976779300052+0j),[0.1049674],[1.],[0.99447566],[1.],"(array([0.]), array([0.]), array([0.]))","(array([0.]), array([0.]), array([0.]))","(array([0.]), array([0.]), array([0.]))","(array([0.]), array([0.]), array([0.]))","(array([0.]), array([0.]), array([0.]))","(array([0.]), array([0.]), array([0.]))","(array([0.]), array([0.]), array([0.]))","(array([0.]), array([0.]), array([0.]))","(array([0.]), array([0.]), array([0.]))","(array([0.]), array([0.]), array([0.]))","(array([0.]), array([0.]), array([0.]))"
(0.49999771770903173+0j),[-0.155826],[1.],[0.98778452],[1.],"(array([0.]), array([0.]), array([0.]))","(array([0.]), array([0.]), array([0.]))","(array([0.]), array([0.]), array([0.]))","(array([0.]), array([0.]), array([0.]))","(array([0.]), array([0.]), array([0.]))","(array([0.]), array([0.]), array([0.]))","(array([0.]), array([0.]), array([0.]))","(array([0.]), array([0.]), array([0.]))","(array([0.]), array([0.]), array([0.]))","(array([0.]), array([0.]), array([0.]))","(array([0.]), array([0.]), array([0.]))"
(0.49999775722041234+0j),[0.13350171],[1.],[0.99104858],[1.],"(array([0.]), array([0.]), array([0.]))","(array([0.]), array([0.]), array([0.]))","(array([0.]), array([0.]), array([0.]))","(array([0.]), array([0.]), array([0.]))","(array([0.]), array([0.]), array([0.]))","(array([0.]), array([0.]), array([0.]))","(array([0.]), array([0.]), array([0.]))","(array([0.]), array([0.]), array([0.]))","(array([0.]), array([0.]), array([0.]))","(array([0.]), array([0.]), array([0.]))","(array([0.]), array([0.]), array([0.]))"
(0.4999977968623556+0j),[0.15236853],[1.],[0.98832375],[1.],"(array([0.]), array([0.]), array([0.]))","(array([0.]), array([0.]), array([0.]))","(array([0.]), array([0.]), array([0.]))","(array([0.]), array([0.]), array([0.]))","(array([0.]), array([0.]), array([0.]))","(array([0.]), array([0.]), array([0.]))","(array([0.]), array([0.]), array([0.]))","(array([0.]), array([0.]), array([0.]))","(array([0.]), array([0.]), array([0.]))","(array([0.]), array([0.]), array([0.]))","(array([0.]), array([0.]), array([0.]))"
(0.4999978363953053+0j),[-0.03862015],[1.],[0.99925396],[1.],"(array([0.]), array([0.]), array([0.]))","(array([0.]), array([0.]), array([0.]))","(array([0.]), array([0.]), array([0.]))","(array([0.]), array([0.]), array([0.]))","(array([0.]), array([0.]), array([0.]))","(array([0.]), array([0.]), array([0.]))","(array([0.]), array([0.]), array([0.]))","(array([0.]), array([0.]), array([0.]))","(array([0.]), array([0.]), array([0.]))","(array([0.]), array([0.]), array([0.]))","(array([0.]), array([0.]), array([0.]))"
(0.4999978763654643+0j),[-0.06251637],[1.],[0.99804394],[1.],"(array([0.]), array([0.]), array([0.]))","(array([0.]), array([0.]), array([0.]))","(array([0.]), array([0.]), array([0.]))","(array([0.]), array([0.]), array([0.]))","(array([0.]), array([0.]), array([0.]))","(array([0.]), array([0.]), array([0.]))","(array([0.]), array([0.]), array([0.]))","(array([0.]), array([0.]), array([0.]))","(array([0.]), array([0.]), array([0.]))","(array([0.]), array([0.]), array([0.]))","(array([0.]), array([0.]), array([0.]))"
(0.49999791628722223+0j),[-0.07944867],[1.],[0.99683896],[1.],"(array([0.]), array([0.]), array([0.]))","(array([0.]), array([0.]), array([0.]))","(array([0.]), array([0.]), array([0.]))","(array([0.]), array([0.]), array([0.]))","(array([0.]), array([0.]), array([0.]))","(array([0.]), array([0.]), array([0.]))","(array([0.]), array([0.]), array([0.]))","(array([0.]), array([0.]), array([0.]))","(array([0.]), array([0.]), array([0.]))","(array([0.]), array([0.]), array([0.]))","(array([0.]), array([0.]), array([0.]))"
(0.4999979561607808+0j),[0.18762508],[1.],[0.98224072],[1.],"(array([0.]), array([0.]), array([0.]))","(array([0.]), array([0.]), array([0.]))","(array([0.]), array([0.]), array([0.]))","(array([0.]), array([0.]), array([0.]))","(array([0.]), array([0.]), array([0.]))","(array([0.]), array([0.]), array([0.]))","(array([0.]), array([0.]), array([0.]))","(array([0.]), array([0.]), array([0.]))","(array([0.]), array([0.]), array([0.]))","(array([0.]), array([0.]), array([0.]))","(array([0.]), array([0.]), array([0.]))"
(0.49999799545040924+0j),[-0.10846382],[1.],[0.9941004],[1.],"(array([0.]), array([0.]), array([0.]))","(array([0.]), array([0.]), array([0.]))","(array([0.]), array([0.]), array([0.]))","(array([0.]), array([0.]), array([0.]))","(array([0.]), array([0.]), array([0.]))","(array([0.]), array([0.]), array([0.]))","(array([0.]), array([0.]), array([0.]))","(array([0.]), array([0.]), array([0.]))","(array([0.]), array([0.]), array([0.]))","(array([0.]), array([0.]), array([0.]))","(array([0.]), array([0.]), array([0.]))"
(0.49999803521442504+0j),[-0.27423841],[1.],[0.96166174],[1.],"(array([0.]), array([0.]), array([0.]))","(array([0.]), array([0.]), array([0.]))","(array([0.]), array([0.]), array([0.]))","(array([0.]), array([0.]), array([0.]))","(array([0.]), array([0.]), array([0.]))","(array([0.]), array([0.]), array([0.]))","(array([0.]), array([0.]), array([0.]))","(array([0.]), array([0.]), array([0.]))","(array([0.]), array([0.]), array([0.]))","(array([0.]), array([0.]), array([0.]))","(array([0.]), array([0.]), array([0.]))"
(0.49999807368089466+0j),[-0.13423606],[1.],[0.99094938],[1.],"(array([0.]), array([0.]), array([0.]))","(array([0.]), array([0.]), array([0.]))","(array([0.]), array([0.]), array([0.]))","(array([0.]), array([0.]), array([0.]))","(array([0.]), array([0.]), array([0.]))","(array([0.]), array([0.]), array([0.]))","(array([0.]), array([0.]), array([0.]))","(array([0.]), array([0.]), array([0.]))","(array([0.]), array([0.]), array([0.]))","(array([0.]), array([0.]), array([0.]))","(array([0.]), array([0.]), array([0.]))"
(0.49999811331887+0j),[-0.23080076],[1.],[0.97300103],[1.],"(array([0.]), array([0.]), array([0.]))","(array([0.]), array([0.]), array([0.]))","(array([0.]), array([0.]), array([0.]))","(array([0.]), array([0.]), array([0.]))","(array([0.]), array([0.]), array([0.]))","(array([0.]), array([0.]), array([0.]))","(array([0.]), array([0.]), array([0.]))","(array([0.]), array([0.]), array([0.]))","(array([0.]), array([0.]), array([0.]))","(array([0.]), array([0.]), array([0.]))","(array([0.]), array([0.]), array([0.]))"
(0.49999815223891114+0j),[-0.22975185],[1.],[0.97324924],[1.],"(array([0.]), array([0.]), array([0.]))","(array([0.]), array([0.]), array([0.]))","(array([0.]), array([0.]), array([0.]))","(array([0.]), array([0.]), array([0.]))","(array([0.]), array([0.]), array([0.]))","(array([0.]), array([0.]), array([0.]))","(array([0.]), array([0.]), array([0.]))","(array([0.]), array([0.]), array([0.]))","(array([0.]), array([0.]), array([0.]))","(array([0.]), array([0.]), array([0.]))","(array([0.]), array([0.]), array([0.]))"
(0.4999981911688809+0j),[-0.12295387],[1.],[0.99241239],[1.],"(array([0.]), array([0.]), array([0.]))","(array([0.]), array([0.]), array([0.]))","(array([0.]), array([0.]), array([0.]))","(array([0.]), array([0.]), array([0.]))","(array([0.]), array([0.]), array([0.]))","(array([0.]), array([0.]), array([0.]))","(array([0.]), array([0.]), array([0.]))","(array([0.]), array([0.]), array([0.]))","(array([0.]), array([0.]), array([0.]))","(array([0.]), array([0.]), array([0.]))","(array([0.]), array([0.]), array([0.]))"
(0.499998230865377+0j),[-0.29575285],[1.],[0.95526449],[1.],"(array([0.]), array([0.]), array([0.]))","(array([0.]), array([0.]), array([0.]))","(array([0.]), array([0.]), array([0.]))","(array([0.]), array([0.]), array([0.]))","(array([0.]), array([0.]), array([0.]))","(array([0.]), array([0.]), array([0.]))","(array([0.]), array([0.]), array([0.]))","(array([0.]), array([0.]), array([0.]))","(array([0.]), array([0.]), array([0.]))","(array([0.]), array([0.]), array([0.]))","(array([0.]), array([0.]), array([0.]))"
(0.4999982690759571+0j),[-0.22449621],[1.],[0.97447496],[1.],"(array([0.]), array([0.]), array([0.]))","(array([0.]), array([0.]), array([0.]))","(array([0.]), array([0.]), array([0.]))","(array([0.]), array([0.]), array([0.]))","(array([0.]), array([0.]), array([0.]))","(array([0.]), array([0.]), array([0.]))","(array([0.]), array([0.]), array([0.]))","(array([0.]), array([0.]), array([0.]))","(array([0.]), array([0.]), array([0.]))","(array([0.]), array([0.]), array([0.]))","(array([0.]), array([0.]), array([0.]))"
(0.499998308054956+0j),[-0.51912426],[1.],[0.85469878],[1.],"(array([0.]), array([0.]), array([0.]))","(array([0.]), array([0.]), array([0.]))","(array([0.]), array([0.]), array([0.]))","(array([0.]), array([0.]), array([0.]))","(array([0.]), array([0.]), array([0.]))","(array([0.]), array([0.]), array([0.]))","(array([0.]), array([0.]), array([0.]))","(array([0.]), array([0.]), array([0.]))","(array([0.]), array([0.]), array([0.]))","(array([0.]), array([0.]), array([0.]))","(array([0.]), array([0.]), array([0.]))"
(0.4999983422429071+0j),[-0.73559498],[1.],[0.6774216],[1.],"(array([0.]), array([0.]), array([0.]))","(array([0.]), array([0.]), array([0.]))","(array([0.]), array([0.]), array([0.]))","(array([0.]), array([0.]), array([0.]))","(array([0.]), array([0.]), array([0.]))","(array([0.]), array([0.]), array([0.]))","(array([0.]), array([0.]), array([0.]))","(array([0.]), array([0.]), array([0.]))","(array([0.]), array([0.]), array([0.]))","(array([0.]), array([0.]), array([0.]))","(array([0.]), array([0.]), array([0.]))"
(0.49999836933977126+0j),[-0.71514007],[1.],[0.69898117],[1.],"(array([0.]), array([0.]), array([0.]))","(array([0.]), array([0.]), array([0.]))","(array([0.]), array([0.]), array([0.]))","(array([0.]), array([0.]), array([0.]))","(array([0.]), array([0.]), array([0.]))","(array([0.]), array([0.]), array([0.]))","(array([0.]), array([0.]), array([0.]))","(array([0.]), array([0.]), array([0.]))","(array([0.]), array([0.]), array([0.]))","(array([0.]), array([0.]), array([0.]))","(array([0.]), array([0.]), array([0.]))"
(0.4999983972990181+0j),[-0.82231478],[1.],[0.56903286],[1.],"(array([0.]), array([0.]), array([0.]))","(array([0.]), array([0.]), array([0.]))","(array([0.]), array([0.]), array([0.]))","(array([0.]), array([0.]), array([0.]))","(array([0.]), array([0.]), array([0.]))","(array([0.]), array([0.]), array([0.]))","(array([0.]), array([0.]), array([0.]))","(array([0.]), array([0.]), array([0.]))","(array([0.]), array([0.]), array([0.]))","(array([0.]), array([0.]), array([0.]))","(array([0.]), array([0.]), array([0.]))"
(0.499998420060333+0j),[-0.90946785],[1.],[0.41577426],[1.],"(array([0.]), array([0.]), array([0.]))","(array([0.]), array([0.]), array([0.]))","(array([0.]), array([0.]), array([0.]))","(array([0.]), array([0.]), array([0.]))","(array([0.]), array([0.]), array([0.]))","(array([0.]), array([0.]), array([0.]))","(array([0.]), array([0.]), array([0.]))","(array([0.]), array([0.]), array([0.]))","(array([0.]), array([0.]), array([0.]))","(array([0.]), array([0.]), array([0.]))","(array([0.]), array([0.]), array([0.]))"
(0.49999843669130334+0j),[-0.9713633],[1.],[0.2375991],[1.],"(array([0.]), array([0.]), array([0.]))","(array([0.]), array([0.]), array([0.]))","(array([0.]), array([0.]), array([0.]))","(array([0.]), array([0.]), array([0.]))","(array([0.]), array([0.]), array([0.]))","(array([0.]), array([0.]), array([0.]))","(array([0.]), array([0.]), array([0.]))","(array([0.]), array([0.]), array([0.]))","(array([0.]), array([0.]), array([0.]))","(array([0.]), array([0.]), array([0.]))","(array([0.]), array([0.]), array([0.]))"
(0.49999844619526745+0j),[-0.96859109],[1.],[0.24865901],[1.],"(array([0.]), array([0.]), array([0.]))","(array([0.]), array([0.]), array([0.]))","(array([0.]), array([0.]), array([0.]))","(array([0.]), array([0.]), array([0.]))","(array([0.]), array([0.]), array([0.]))","(array([0.]), array([0.]), array([0.]))","(array([0.]), array([0.]), array([0.]))","(array([0.]), array([0.]), array([0.]))","(array([0.]), array([0.]), array([0.]))","(array([0.]), array([0.]), array([0.]))","(array([0.]), array([0.]), array([0.]))"
(0.4999984561416282+0j),[-0.98062301],[1.],[0.19590434],[1.],"(array([0.]), array([0.]), array([0.]))","(array([0.]), array([0.]), array([0.]))","(array([0.]), array([0.]), array([0.]))","(array([0.]), array([0.]), array([0.]))","(array([0.]), array([0.]), array([0.]))","(array([0.]), array([0.]), array([0.]))","(array([0.]), array([0.]), array([0.]))","(array([0.]), array([0.]), array([0.]))","(array([0.]), array([0.]), array([0.]))","(array([0.]), array([0.]), array([0.]))","(array([0.]), array([0.]), array([0.]))"
(0.49999846397780207+0j),[-0.97974509],[1.],[0.20024872],[1.],"(array([0.]), array([0.]), array([0.]))","(array([0.]), array([0.]), array([0.]))","(array([0.]), array([0.]), array([0.]))","(array([0.]), array([0.]), array([0.]))","(array([0.]), array([0.]), array([0.]))","(array([0.]), array([0.]), array([0.]))","(array([0.]), array([0.]), array([0.]))","(array([0.]), array([0.]), array([0.]))","(array([0.]), array([0.]), array([0.]))","(array([0.]), array([0.]), array([0.]))","(array([0.]), array([0.]), array([0.]))"
(0.49999847198775016+0j),[-0.94882678],[1.],[0.31579699],[1.],"(array([0.]), array([0.]), array([0.]))","(array([0.]), array([0.]), array([0.]))","(array([0.]), array([0.]), array([0.]))","(array([0.]), array([0.]), array([0.]))","(array([0.]), array([0.]), array([0.]))","(array([0.]), array([0.]), array([0.]))","(array([0.]), array([0.]), array([0.]))","(array([0.]), array([0.]), array([0.]))","(array([0.]), array([0.]), array([0.]))","(array([0.]), array([0.]), array([0.]))","(array([0.]), array([0.]), array([0.]))"
(0.49999848461963015+0j),[-0.76689752],[1.],[0.64176958],[1.],"(array([0.]), array([0.]), array([0.]))","(array([0.]), array([0.]), array([0.]))","(array([0.]), array([0.]), array([0.]))","(array([0.]), array([0.]), array([0.]))","(array([0.]), array([0.]), array([0.]))","(array([0.]), array([0.]), array([0.]))","(array([0.]), array([0.]), array([0.]))","(array([0.]), array([0.]), array([0.]))","(array([0.]), array([0.]), array([0.]))","(array([0.]), array([0.]), array([0.]))","(array([0.]), array([0.]), array([0.]))"
(0.49999851029041364+0j),[-0.80666271],[1.],[0.59101207],[1.],"(array([0.]), array([0.]), array([0.]))","(array([0.]), array([0.]), array([0.]))","(array([0.]), array([0.]), array([0.]))","(array([0.]), array([0.]), array([0.]))","(array([0.]), array([0.]), array([0.]))","(array([0.]), array([0.]), array([0.]))","(array([0.]), array([0.]), array([0.]))","(array([0.]), array([0.]), array([0.]))","(array([0.]), array([0.]), array([0.]))","(array([0.]), array([0.]), array([0.]))","(array([0.]), array([0.]), array([0.]))"
(0.49999853393089644+0j),[-0.63635765],[1.],[0.77139415],[1.],"(array([0.]), array([0.]), array([0.]))","(array([0.]), array([0.]), array([0.]))","(array([0.]), array([0.]), array([0.]))","(array([0.]), array([0.]), array([0.]))","(array([0.]), array([0.]), array([0.]))","(array([0.]), array([0.]), array([0.]))","(array([0.]), array([0.]), array([0.]))","(array([0.]), array([0.]), array([0.]))","(array([0.]), array([0.]), array([0.]))","(array([0.]), array([0.]), array([0.]))","(array([0.]), array([0.]), array([0.]))"
(0.4999985647866623+0j),[-0.68007889],[1.],[0.73313893],[1.],"(array([0.]), array([0.]), array([0.]))","(array([0.]), array([0.]), array([0.]))","(array([0.]), array([0.]), array([0.]))","(array([0.]), array([0.]), array([0.]))","(array([0.]), array([0.]), array([0.]))","(array([0.]), array([0.]), array([0.]))","(array([0.]), array([0.]), array([0.]))","(array([0.]), array([0.]), array([0.]))","(array([0.]), array([0.]), array([0.]))","(array([0.]), array([0.]), array([0.]))","(array([0.]), array([0.]), array([0.]))"
(0.49999859411221953+0j),[-0.81192719],[1.],[0.58375871],[1.],"(array([0.]), array([0.]), array([0.]))","(array([0.]), array([0.]), array([0.]))","(array([0.]), array([0.]), array([0.]))","(array([0.]), array([0.]), array([0.]))","(array([0.]), array([0.]), array([0.]))","(array([0.]), array([0.]), array([0.]))","(array([0.]), array([0.]), array([0.]))","(array([0.]), array([0.]), array([0.]))","(array([0.]), array([0.]), array([0.]))","(array([0.]), array([0.]), array([0.]))","(array([0.]), array([0.]), array([0.]))"
(0.49999861746256785+0j),[-0.76534015],[1.],[0.64362602],[1.],"(array([0.]), array([0.]), array([0.]))","(array([0.]), array([0.]), array([0.]))","(array([0.]), array([0.]), array([0.]))","(array([0.]), array([0.]), array([0.]))","(array([0.]), array([0.]), array([0.]))","(array([0.]), array([0.]), array([0.]))","(array([0.]), array([0.]), array([0.]))","(array([0.]), array([0.]), array([0.]))","(array([0.]), array([0.]), array([0.]))","(array([0.]), array([0.]), array([0.]))","(array([0.]), array([0.]), array([0.]))"
(0.499998643207609+0j),[-0.80403723],[1.],[0.59457896],[1.],"(array([0.]), array([0.]), array([0.]))","(array([0.]), array([0.]), array([0.]))","(array([0.]), array([0.]), array([0.]))","(array([0.]), array([0.]), array([0.]))","(array([0.]), array([0.]), array([0.]))","(array([0.]), array([0.]), array([0.]))","(array([0.]), array([0.]), array([0.]))","(array([0.]), array([0.]), array([0.]))","(array([0.]), array([0.]), array([0.]))","(array([0.]), array([0.]), array([0.]))","(array([0.]), array([0.]), array([0.]))"
(0.49999866699076734+0j),[-0.56438528],[1.],[0.82551151],[1.],"(array([0.]), array([0.]), array([0.]))","(array([0.]), array([0.]), array([0.]))","(array([0.]), array([0.]), array([0.]))","(array([0.]), array([0.]), array([0.]))","(array([0.]), array([0.]), array([0.]))","(array([0.]), array([0.]), array([0.]))","(array([0.]), array([0.]), array([0.]))","(array([0.]), array([0.]), array([0.]))","(array([0.]), array([0.]), array([0.]))","(array([0.]), array([0.]), array([0.]))","(array([0.]), array([0.]), array([0.]))"
(0.49999870001122804+0j),[-0.70702103],[1.],[0.70719252],[1.],"(array([0.]), array([0.]), array([0.]))","(array([0.]), array([0.]), array([0.]))","(array([0.]), array([0.]), array([0.]))","(array([0.]), array([0.]), array([0.]))","(array([0.]), array([0.]), array([0.]))","(array([0.]), array([0.]), array([0.]))","(array([0.]), array([0.]), array([0.]))","(array([0.]), array([0.]), array([0.]))","(array([0.]), array([0.]), array([0.]))","(array([0.]), array([0.]), array([0.]))","(array([0.]), array([0.]), array([0.]))"
(0.4999987282989287+0j),[-0.65270884],[1.],[0.75760885],[1.],"(array([0.]), array([0.]), array([0.]))","(array([0.]), array([0.]), array([0.]))","(array([0.]), array([0.]), array([0.]))","(array([0.]), array([0.]), array([0.]))","(array([0.]), array([0.]), array([0.]))","(array([0.]), array([0.]), array([0.]))","(array([0.]), array([0.]), array([0.]))","(array([0.]), array([0.]), array([0.]))","(array([0.]), array([0.]), array([0.]))","(array([0.]), array([0.]), array([0.]))","(array([0.]), array([0.]), array([0.]))"
(0.4999987586032831+0j),[-0.52395795],[1.],[0.85174413],[1.],"(array([0.]), array([0.]), array([0.]))","(array([0.]), array([0.]), array([0.]))","(array([0.]), array([0.]), array([0.]))","(array([0.]), array([0.]), array([0.]))","(array([0.]), array([0.]), array([0.]))","(array([0.]), array([0.]), array([0.]))","(array([0.]), array([0.]), array([0.]))","(array([0.]), array([0.]), array([0.]))","(array([0.]), array([0.]), array([0.]))","(array([0.]), array([0.]), array([0.]))","(array([0.]), array([0.]), array([0.]))"
(0.4999987926730484+0j),[-0.42372867],[1.],[0.90578917],[1.],"(array([0.]), array([0.]), array([0.]))","(array([0.]), array([0.]), array([0.]))","(array([0.]), array([0.]), array([0.]))","(array([0.]), array([0.]), array([0.]))","(array([0.]), array([0.]), array([0.]))","(array([0.]), array([0.]), array([0.]))","(array([0.]), array([0.]), array([0.]))","(array([0.]), array([0.]), array([0.]))","(array([0.]), array([0.]), array([0.]))","(array([0.]), array([0.]), array([0.]))","(array([0.]), array([0.]), array([0.]))"
(0.4999988289046153+0j),[-0.05170361],[1.],[0.99866247],[1.],"(array([0.]), array([0.]), array([0.]))","(array([0.]), array([0.]), array([0.]))","(array([0.]), array([0.]), array([0.]))","(array([0.]), array([0.]), array([0.]))","(array([0.]), array([0.]), array([0.]))","(array([0.]), array([0.]), array([0.]))","(array([0.]), array([0.]), array([0.]))","(array([0.]), array([0.]), array([0.]))","(array([0.]), array([0.]), array([0.]))","(array([0.]), array([0.]), array([0.]))","(array([0.]), array([0.]), array([0.]))"
(0.4999988688511142+0j),[-0.24691697],[1.],[0.96903664],[1.],"(array([0.]), array([0.]), array([0.]))","(array([0.]), array([0.]), array([0.]))","(array([0.]), array([0.]), array([0.]))","(array([0.]), array([0.]), array([0.]))","(array([0.]), array([0.]), array([0.]))","(array([0.]), array([0.]), array([0.]))","(array([0.]), array([0.]), array([0.]))","(array([0.]), array([0.]), array([0.]))","(array([0.]), array([0.]), array([0.]))","(array([0.]), array([0.]), array([0.]))","(array([0.]), array([0.]), array([0.]))"
(0.49999890761257904+0j),[-0.22390744],[1.],[0.97461041],[1.],"(array([0.]), array([0.]), array([0.]))","(array([0.]), array([0.]), array([0.]))","(array([0.]), array([0.]), array([0.]))","(array([0.]), array([0.]), array([0.]))","(array([0.]), array([0.]), array([0.]))","(array([0.]), array([0.]), array([0.]))","(array([0.]), array([0.]), array([0.]))","(array([0.]), array([0.]), array([0.]))","(array([0.]), array([0.]), array([0.]))","(array([0.]), array([0.]), array([0.]))","(array([0.]), array([0.]), array([0.]))"
(0.4999989465969956+0j),[-0.18229156],[1.],[0.98324452],[1.],"(array([0.]), array([0.]), array([0.]))","(array([0.]), array([0.]), array([0.]))","(array([0.]), array([0.]), array([0.]))","(array([0.]), array([0.]), array([0.]))","(array([0.]), array([0.]), array([0.]))","(array([0.]), array([0.]), array([0.]))","(array([0.]), array([0.]), array([0.]))","(array([0.]), array([0.]), array([0.]))","(array([0.]), array([0.]), array([0.]))","(array([0.]), array([0.]), array([0.]))","(array([0.]), array([0.]), array([0.]))"
(0.4999989859267761+0j),[0.11591597],[1.],[0.99325902],[1.],"(array([0.]), array([0.]), array([0.]))","(array([0.]), array([0.]), array([0.]))","(array([0.]), array([0.]), array([0.]))","(array([0.]), array([0.]), array([0.]))","(array([0.]), array([0.]), array([0.]))","(array([0.]), array([0.]), array([0.]))","(array([0.]), array([0.]), array([0.]))","(array([0.]), array([0.]), array([0.]))","(array([0.]), array([0.]), array([0.]))","(array([0.]), array([0.]), array([0.]))","(array([0.]), array([0.]), array([0.]))"
(0.4999990256571372+0j),[-0.16279492],[1.],[0.98665993],[1.],"(array([0.]), array([0.]), array([0.]))","(array([0.]), array([0.]), array([0.]))","(array([0.]), array([0.]), array([0.]))","(array([0.]), array([0.]), array([0.]))","(array([0.]), array([0.]), array([0.]))","(array([0.]), array([0.]), array([0.]))","(array([0.]), array([0.]), array([0.]))","(array([0.]), array([0.]), array([0.]))","(array([0.]), array([0.]), array([0.]))","(array([0.]), array([0.]), array([0.]))","(array([0.]), array([0.]), array([0.]))"
(0.49999906512353426+0j),[-0.4565945],[1.],[0.88967492],[1.],"(array([0.]), array([0.]), array([0.]))","(array([0.]), array([0.]), array([0.]))","(array([0.]), array([0.]), array([0.]))","(array([0.]), array([0.]), array([0.]))","(array([0.]), array([0.]), array([0.]))","(array([0.]), array([0.]), array([0.]))","(array([0.]), array([0.]), array([0.]))","(array([0.]), array([0.]), array([0.]))","(array([0.]), array([0.]), array([0.]))","(array([0.]), array([0.]), array([0.]))","(array([0.]), array([0.]), array([0.]))"
(0.4999991007105313+0j),[-0.50901939],[1.],[0.86075505],[1.],"(array([0.]), array([0.]), array([0.]))","(array([0.]), array([0.]), array([0.]))","(array([0.]), array([0.]), array([0.]))","(array([0.]), array([0.]), array([0.]))","(array([0.]), array([0.]), array([0.]))","(array([0.]), array([0.]), array([0.]))","(array([0.]), array([0.]), array([0.]))","(array([0.]), array([0.]), array([0.]))","(array([0.]), array([0.]), array([0.]))","(array([0.]), array([0.]), array([0.]))","(array([0.]), array([0.]), array([0.]))"
(0.49999913514073296+0j),[-0.43751177],[1.],[0.89921268],[1.],"(array([0.]), array([0.]), array([0.]))","(array([0.]), array([0.]), array([0.]))","(array([0.]), array([0.]), array([0.]))","(array([0.]), array([0.]), array([0.]))","(array([0.]), array([0.]), array([0.]))","(array([0.]), array([0.]), array([0.]))","(array([0.]), array([0.]), array([0.]))","(array([0.]), array([0.]), array([0.]))","(array([0.]), array([0.]), array([0.]))","(array([0.]), array([0.]), array([0.]))","(array([0.]), array([0.]), array([0.]))"
(0.4999991711092407+0j),[-0.52425812],[1.],[0.85155941],[1.],"(array([0.]), array([0.]), array([0.]))","(array([0.]), array([0.]), array([0.]))","(array([0.]), array([0.]), array([0.]))","(array([0.]), array([0.]), array([0.]))","(array([0.]), array([0.]), array([0.]))","(array([0.]), array([0.]), array([0.]))","(array([0.]), array([0.]), array([0.]))","(array([0.]), array([0.]), array([0.]))","(array([0.]), array([0.]), array([0.]))","(array([0.]), array([0.]), array([0.]))","(array([0.]), array([0.]), array([0.]))"
(0.4999992051716168+0j),[-0.61865347],[1.],[0.78566398],[1.],"(array([0.]), array([0.]), array([0.]))","(array([0.]), array([0.]), array([0.]))","(array([0.]), array([0.]), array([0.]))","(array([0.]), array([0.]), array([0.]))","(array([0.]), array([0.]), array([0.]))","(array([0.]), array([0.]), array([0.]))","(array([0.]), array([0.]), array([0.]))","(array([0.]), array([0.]), array([0.]))","(array([0.]), array([0.]), array([0.]))","(array([0.]), array([0.]), array([0.]))","(array([0.]), array([0.]), array([0.]))"
(0.49999923659817636+0j),[-0.65805819],[1.],[0.75296708],[1.],"(array([0.]), array([0.]), array([0.]))","(array([0.]), array([0.]), array([0.]))","(array([0.]), array([0.]), array([0.]))","(array([0.]), array([0.]), array([0.]))","(array([0.]), array([0.]), array([0.]))","(array([0.]), array([0.]), array([0.]))","(array([0.]), array([0.]), array([0.]))","(array([0.]), array([0.]), array([0.]))","(array([0.]), array([0.]), array([0.]))","(array([0.]), array([0.]), array([0.]))","(array([0.]), array([0.]), array([0.]))"
(0.4999992667168591+0j),[-0.58746473],[1.],[0.80924977],[1.],"(array([0.]), array([0.]), array([0.]))","(array([0.]), array([0.]), array([0.]))","(array([0.]), array([0.]), array([0.]))","(array([0.]), array([0.]), array([0.]))","(array([0.]), array([0.]), array([0.]))","(array([0.]), array([0.]), array([0.]))","(array([0.]), array([0.]), array([0.]))","(array([0.]), array([0.]), array([0.]))","(array([0.]), array([0.]), array([0.]))","(array([0.]), array([0.]), array([0.]))","(array([0.]), array([0.]), array([0.]))"
(0.49999929908685053+0j),[-0.42300216],[1.],[0.90612867],[1.],"(array([0.]), array([0.]), array([0.]))","(array([0.]), array([0.]), array([0.]))","(array([0.]), array([0.]), array([0.]))","(array([0.]), array([0.]), array([0.]))","(array([0.]), array([0.]), array([0.]))","(array([0.]), array([0.]), array([0.]))","(array([0.]), array([0.]), array([0.]))","(array([0.]), array([0.]), array([0.]))","(array([0.]), array([0.]), array([0.]))","(array([0.]), array([0.]), array([0.]))","(array([0.]), array([0.]), array([0.]))"
(0.49999933533199764+0j),[-0.49829672],[1.],[0.86700656],[1.],"(array([0.]), array([0.]), array([0.]))","(array([0.]), array([0.]), array([0.]))","(array([0.]), array([0.]), array([0.]))","(array([0.]), array([0.]), array([0.]))","(array([0.]), array([0.]), array([0.]))","(array([0.]), array([0.]), array([0.]))","(array([0.]), array([0.]), array([0.]))","(array([0.]), array([0.]), array([0.]))","(array([0.]), array([0.]), array([0.]))","(array([0.]), array([0.]), array([0.]))","(array([0.]), array([0.]), array([0.]))"
(0.49999937001226+0j),[-0.66843736],[1.],[0.74376844],[1.],"(array([0.]), array([0.]), array([0.]))","(array([0.]), array([0.]), array([0.]))","(array([0.]), array([0.]), array([0.]))","(array([0.]), array([0.]), array([0.]))","(array([0.]), array([0.]), array([0.]))","(array([0.]), array([0.]), array([0.]))","(array([0.]), array([0.]), array([0.]))","(array([0.]), array([0.]), array([0.]))","(array([0.]), array([0.]), array([0.]))","(array([0.]), array([0.]), array([0.]))","(array([0.]), array([0.]), array([0.]))"
(0.4999993997629977+0j),[-0.58328636],[1.],[0.8122666],[1.],"(array([0.]), array([0.]), array([0.]))","(array([0.]), array([0.]), array([0.]))","(array([0.]), array([0.]), array([0.]))","(array([0.]), array([0.]), array([0.]))","(array([0.]), array([0.]), array([0.]))","(array([0.]), array([0.]), array([0.]))","(array([0.]), array([0.]), array([0.]))","(array([0.]), array([0.]), array([0.]))","(array([0.]), array([0.]), array([0.]))","(array([0.]), array([0.]), array([0.]))","(array([0.]), array([0.]), array([0.]))"
(0.4999994322536616+0j),[-0.69329057],[1.],[0.72065816],[1.],"(array([0.]), array([0.]), array([0.]))","(array([0.]), array([0.]), array([0.]))","(array([0.]), array([0.]), array([0.]))","(array([0.]), array([0.]), array([0.]))","(array([0.]), array([0.]), array([0.]))","(array([0.]), array([0.]), array([0.]))","(array([0.]), array([0.]), array([0.]))","(array([0.]), array([0.]), array([0.]))","(array([0.]), array([0.]), array([0.]))","(array([0.]), array([0.]), array([0.]))","(array([0.]), array([0.]), array([0.]))"
(0.4999994610799886+0j),[-0.38181368],[1.],[0.92423932],[1.],"(array([0.]), array([0.]), array([0.]))","(array([0.]), array([0.]), array([0.]))","(array([0.]), array([0.]), array([0.]))","(array([0.]), array([0.]), array([0.]))","(array([0.]), array([0.]), array([0.]))","(array([0.]), array([0.]), array([0.]))","(array([0.]), array([0.]), array([0.]))","(array([0.]), array([0.]), array([0.]))","(array([0.]), array([0.]), array([0.]))","(array([0.]), array([0.]), array([0.]))","(array([0.]), array([0.]), array([0.]))"
(0.49999949804956123+0j),[-0.39698743],[1.],[0.91782405],[1.],"(array([0.]), array([0.]), array([0.]))","(array([0.]), array([0.]), array([0.]))","(array([0.]), array([0.]), array([0.]))","(array([0.]), array([0.]), array([0.]))","(array([0.]), array([0.]), array([0.]))","(array([0.]), array([0.]), array([0.]))","(array([0.]), array([0.]), array([0.]))","(array([0.]), array([0.]), array([0.]))","(array([0.]), array([0.]), array([0.]))","(array([0.]), array([0.]), array([0.]))","(array([0.]), array([0.]), array([0.]))"
(0.49999953476252307+0j),[-0.28527952],[1.],[0.95844436],[1.],"(array([0.]), array([0.]), array([0.]))","(array([0.]), array([0.]), array([0.]))","(array([0.]), array([0.]), array([0.]))","(array([0.]), array([0.]), array([0.]))","(array([0.]), array([0.]), array([0.]))","(array([0.]), array([0.]), array([0.]))","(array([0.]), array([0.]), array([0.]))","(array([0.]), array([0.]), array([0.]))","(array([0.]), array([0.]), array([0.]))","(array([0.]), array([0.]), array([0.]))","(array([0.]), array([0.]), array([0.]))"
(0.4999995731002975+0j),[-0.45393651],[1.],[0.89103403],[1.],"(array([0.]), array([0.]), array([0.]))","(array([0.]), array([0.]), array([0.]))","(array([0.]), array([0.]), array([0.]))","(array([0.]), array([0.]), array([0.]))","(array([0.]), array([0.]), array([0.]))","(array([0.]), array([0.]), array([0.]))","(array([0.]), array([0.]), array([0.]))","(array([0.]), array([0.]), array([0.]))","(array([0.]), array([0.]), array([0.]))","(array([0.]), array([0.]), array([0.]))","(array([0.]), array([0.]), array([0.]))"
(0.4999996087416584+0j),[-0.36856942],[1.],[0.92960023],[1.],"(array([0.]), array([0.]), array([0.]))","(array([0.]), array([0.]), array([0.]))","(array([0.]), array([0.]), array([0.]))","(array([0.]), array([0.]), array([0.]))","(array([0.]), array([0.]), array([0.]))","(array([0.]), array([0.]), array([0.]))","(array([0.]), array([0.]), array([0.]))","(array([0.]), array([0.]), array([0.]))","(array([0.]), array([0.]), array([0.]))","(array([0.]), array([0.]), array([0.]))","(array([0.]), array([0.]), array([0.]))"
(0.49999964592566715+0j),[-0.45334058],[1.],[0.89133737],[1.],"(array([0.]), array([0.]), array([0.]))","(array([0.]), array([0.]), array([0.]))","(array([0.]), array([0.]), array([0.]))","(array([0.]), array([0.]), array([0.]))","(array([0.]), array([0.]), array([0.]))","(array([0.]), array([0.]), array([0.]))","(array([0.]), array([0.]), array([0.]))","(array([0.]), array([0.]), array([0.]))","(array([0.]), array([0.]), array([0.]))","(array([0.]), array([0.]), array([0.]))","(array([0.]), array([0.]), array([0.]))"
(0.4999996815791619+0j),[-0.54549401],[1.],[0.83811472],[1.],"(array([0.]), array([0.]), array([0.]))","(array([0.]), array([0.]), array([0.]))","(array([0.]), array([0.]), array([0.]))","(array([0.]), array([0.]), array([0.]))","(array([0.]), array([0.]), array([0.]))","(array([0.]), array([0.]), array([0.]))","(array([0.]), array([0.]), array([0.]))","(array([0.]), array([0.]), array([0.]))","(array([0.]), array([0.]), array([0.]))","(array([0.]), array([0.]), array([0.]))","(array([0.]), array([0.]), array([0.]))"
(0.4999997151037505+0j),[-0.50247585],[1.],[0.86459124],[1.],"(array([0.]), array([0.]), array([0.]))","(array([0.]), array([0.]), array([0.]))","(array([0.]), array([0.]), array([0.]))","(array([0.]), array([0.]), array([0.]))","(array([0.]), array([0.]), array([0.]))","(array([0.]), array([0.]), array([0.]))","(array([0.]), array([0.]), array([0.]))","(array([0.]), array([0.]), array([0.]))","(array([0.]), array([0.]), array([0.]))","(array([0.]), array([0.]), array([0.]))","(array([0.]), array([0.]), array([0.]))"
(0.49999974968740063+0j),[-0.50993479],[1.],[0.86021306],[1.],"(array([0.]), array([0.]), array([0.]))","(array([0.]), array([0.]), array([0.]))","(array([0.]), array([0.]), array([0.]))","(array([0.]), array([0.]), array([0.]))","(array([0.]), array([0.]), array([0.]))","(array([0.]), array([0.]), array([0.]))","(array([0.]), array([0.]), array([0.]))","(array([0.]), array([0.]), array([0.]))","(array([0.]), array([0.]), array([0.]))","(array([0.]), array([0.]), array([0.]))","(array([0.]), array([0.]), array([0.]))"
(0.499999784095923+0j),[-0.37112773],[1.],[0.92858183],[1.],"(array([0.]), array([0.]), array([0.]))","(array([0.]), array([0.]), array([0.]))","(array([0.]), array([0.]), array([0.]))","(array([0.]), array([0.]), array([0.]))","(array([0.]), array([0.]), array([0.]))","(array([0.]), array([0.]), array([0.]))","(array([0.]), array([0.]), array([0.]))","(array([0.]), array([0.]), array([0.]))","(array([0.]), array([0.]), array([0.]))","(array([0.]), array([0.]), array([0.]))","(array([0.]), array([0.]), array([0.]))"
(0.4999998212391958+0j),[-0.37351412],[1.],[0.92762449],[1.],"(array([0.]), array([0.]), array([0.]))","(array([0.]), array([0.]), array([0.]))","(array([0.]), array([0.]), array([0.]))","(array([0.]), array([0.]), array([0.]))","(array([0.]), array([0.]), array([0.]))","(array([0.]), array([0.]), array([0.]))","(array([0.]), array([0.]), array([0.]))","(array([0.]), array([0.]), array([0.]))","(array([0.]), array([0.]), array([0.]))","(array([0.]), array([0.]), array([0.]))","(array([0.]), array([0.]), array([0.]))"
(0.4999998583441758+0j),[-0.22405914],[1.],[0.97457555],[1.],"(array([0.]), array([0.]), array([0.]))","(array([0.]), array([0.]), array([0.]))","(array([0.]), array([0.]), array([0.]))","(array([0.]), array([0.]), array([0.]))","(array([0.]), array([0.]), array([0.]))","(array([0.]), array([0.]), array([0.]))","(array([0.]), array([0.]), array([0.]))","(array([0.]), array([0.]), array([0.]))","(array([0.]), array([0.]), array([0.]))","(array([0.]), array([0.]), array([0.]))","(array([0.]), array([0.]), array([0.]))"
(0.49999989732719774+0j),[-0.20210768],[1.],[0.97936331],[1.],"(array([0.]), array([0.]), array([0.]))","(array([0.]), array([0.]), array([0.]))","(array([0.]), array([0.]), array([0.]))","(array([0.]), array([0.]), array([0.]))","(array([0.]), array([0.]), array([0.]))","(array([0.]), array([0.]), array([0.]))","(array([0.]), array([0.]), array([0.]))","(array([0.]), array([0.]), array([0.]))","(array([0.]), array([0.]), array([0.]))","(array([0.]), array([0.]), array([0.]))","(array([0.]), array([0.]), array([0.]))"
(0.4999999365017298+0j),[-0.29854462],[1.],[0.95439568],[1.],"(array([0.]), array([0.]), array([0.]))","(array([0.]), array([0.]), array([0.]))","(array([0.]), array([0.]), array([0.]))","(array([0.]), array([0.]), array([0.]))","(array([0.]), array([0.]), array([0.]))","(array([0.]), array([0.]), array([0.]))","(array([0.]), array([0.]), array([0.]))","(array([0.]), array([0.]), array([0.]))","(array([0.]), array([0.]), array([0.]))","(array([0.]), array([0.]), array([0.]))","(array([0.]), array([0.]), array([0.]))"
(0.49999997467755664+0j),[-0.091168],[1.],[0.99583553],[1.],"(array([0.]), array([0.]), array([0.]))","(array([0.]), array([0.]), array([0.]))","(array([0.]), array([0.]), array([0.]))","(array([0.]), array([0.]), array([0.]))","(array([0.]), array([0.]), array([0.]))","(array([0.]), array([0.]), array([0.]))","(array([0.]), array([0.]), array([0.]))","(array([0.]), array([0.]), array([0.]))","(array([0.]), array([0.]), array([0.]))","(array([0.]), array([0.]), array([0.]))","(array([0.]), array([0.]), array([0.]))"
(0.5000000145109772+0j),[-0.12028881],[1.],[0.99273894],[1.],"(array([0.]), array([0.]), array([0.]))","(array([0.]), array([0.]), array([0.]))","(array([0.]), array([0.]), array([0.]))","(array([0.]), array([0.]), array([0.]))","(array([0.]), array([0.]), array([0.]))","(array([0.]), array([0.]), array([0.]))","(array([0.]), array([0.]), array([0.]))","(array([0.]), array([0.]), array([0.]))","(array([0.]), array([0.]), array([0.]))","(array([0.]), array([0.]), array([0.]))","(array([0.]), array([0.]), array([0.]))"
(0.5000000542205348+0j),[-0.19140348],[1.],[0.98151144],[1.],"(array([0.]), array([0.]), array([0.]))","(array([0.]), array([0.]), array([0.]))","(array([0.]), array([0.]), array([0.]))","(array([0.]), array([0.]), array([0.]))","(array([0.]), array([0.]), array([0.]))","(array([0.]), array([0.]), array([0.]))","(array([0.]), array([0.]), array([0.]))","(array([0.]), array([0.]), array([0.]))","(array([0.]), array([0.]), array([0.]))","(array([0.]), array([0.]), array([0.]))","(array([0.]), array([0.]), array([0.]))"
(0.5000000934809927+0j),[-0.30386361],[1.],[0.95271554],[1.],"(array([0.]), array([0.]), array([0.]))","(array([0.]), array([0.]), array([0.]))","(array([0.]), array([0.]), array([0.]))","(array([0.]), array([0.]), array([0.]))","(array([0.]), array([0.]), array([0.]))","(array([0.]), array([0.]), array([0.]))","(array([0.]), array([0.]), array([0.]))","(array([0.]), array([0.]), array([0.]))","(array([0.]), array([0.]), array([0.]))","(array([0.]), array([0.]), array([0.]))","(array([0.]), array([0.]), array([0.]))"
(0.500000131589614+0j),[-0.18634719],[1.],[0.98248396],[1.],"(array([0.]), array([0.]), array([0.]))","(array([0.]), array([0.]), array([0.]))","(array([0.]), array([0.]), array([0.]))","(array([0.]), array([0.]), array([0.]))","(array([0.]), array([0.]), array([0.]))","(array([0.]), array([0.]), array([0.]))","(array([0.]), array([0.]), array([0.]))","(array([0.]), array([0.]), array([0.]))","(array([0.]), array([0.]), array([0.]))","(array([0.]), array([0.]), array([0.]))","(array([0.]), array([0.]), array([0.]))"
(0.500000170888972+0j),[-0.41229321],[1.],[0.91105121],[1.],"(array([0.]), array([0.]), array([0.]))","(array([0.]), array([0.]), array([0.]))","(array([0.]), array([0.]), array([0.]))","(array([0.]), array([0.]), array([0.]))","(array([0.]), array([0.]), array([0.]))","(array([0.]), array([0.]), array([0.]))","(array([0.]), array([0.]), array([0.]))","(array([0.]), array([0.]), array([0.]))","(array([0.]), array([0.]), array([0.]))","(array([0.]), array([0.]), array([0.]))","(array([0.]), array([0.]), array([0.]))"
(0.5000002073310205+0j),[-0.68941217],[1.],[0.72436928],[1.],"(array([0.]), array([0.]), array([0.]))","(array([0.]), array([0.]), array([0.]))","(array([0.]), array([0.]), array([0.]))","(array([0.]), array([0.]), array([0.]))","(array([0.]), array([0.]), array([0.]))","(array([0.]), array([0.]), array([0.]))","(array([0.]), array([0.]), array([0.]))","(array([0.]), array([0.]), array([0.]))","(array([0.]), array([0.]), array([0.]))","(array([0.]), array([0.]), array([0.]))","(array([0.]), array([0.]), array([0.]))"
(0.500000236305792+0j),[-0.74652294],[1.],[0.66535968],[1.],"(array([0.]), array([0.]), array([0.]))","(array([0.]), array([0.]), array([0.]))","(array([0.]), array([0.]), array([0.]))","(array([0.]), array([0.]), array([0.]))","(array([0.]), array([0.]), array([0.]))","(array([0.]), array([0.]), array([0.]))","(array([0.]), array([0.]), array([0.]))","(array([0.]), array([0.]), array([0.]))","(array([0.]), array([0.]), array([0.]))","(array([0.]), array([0.]), array([0.]))","(array([0.]), array([0.]), array([0.]))"
(0.500000262920179+0j),[-0.82254332],[1.],[0.56870245],[1.],"(array([0.]), array([0.]), array([0.]))","(array([0.]), array([0.]), array([0.]))","(array([0.]), array([0.]), array([0.]))","(array([0.]), array([0.]), array([0.]))","(array([0.]), array([0.]), array([0.]))","(array([0.]), array([0.]), array([0.]))","(array([0.]), array([0.]), array([0.]))","(array([0.]), array([0.]), array([0.]))","(array([0.]), array([0.]), array([0.]))","(array([0.]), array([0.]), array([0.]))","(array([0.]), array([0.]), array([0.]))"
(0.5000002856682773+0j),[-0.87458731],[1.],[0.48486806],[1.],"(array([0.]), array([0.]), array([0.]))","(array([0.]), array([0.]), array([0.]))","(array([0.]), array([0.]), array([0.]))","(array([0.]), array([0.]), array([0.]))","(array([0.]), array([0.]), array([0.]))","(array([0.]), array([0.]), array([0.]))","(array([0.]), array([0.]), array([0.]))","(array([0.]), array([0.]), array([0.]))","(array([0.]), array([0.]), array([0.]))","(array([0.]), array([0.]), array([0.]))","(array([0.]), array([0.]), array([0.]))"
(0.500000305063+0j),[-0.83752947],[1.],[0.54639215],[1.],"(array([0.]), array([0.]), array([0.]))","(array([0.]), array([0.]), array([0.]))","(array([0.]), array([0.]), array([0.]))","(array([0.]), array([0.]), array([0.]))","(array([0.]), array([0.]), array([0.]))","(array([0.]), array([0.]), array([0.]))","(array([0.]), array([0.]), array([0.]))","(array([0.]), array([0.]), array([0.]))","(array([0.]), array([0.]), array([0.]))","(array([0.]), array([0.]), array([0.]))","(array([0.]), array([0.]), array([0.]))"
(0.5000003269186861+0j),[-0.58878901],[1.],[0.80828677],[1.],"(array([0.]), array([0.]), array([0.]))","(array([0.]), array([0.]), array([0.]))","(array([0.]), array([0.]), array([0.]))","(array([0.]), array([0.]), array([0.]))","(array([0.]), array([0.]), array([0.]))","(array([0.]), array([0.]), array([0.]))","(array([0.]), array([0.]), array([0.]))","(array([0.]), array([0.]), array([0.]))","(array([0.]), array([0.]), array([0.]))","(array([0.]), array([0.]), array([0.]))","(array([0.]), array([0.]), array([0.]))"
(0.5000003592501572+0j),[-0.54779223],[1.],[0.83661441],[1.],"(array([0.]), array([0.]), array([0.]))","(array([0.]), array([0.]), array([0.]))","(array([0.]), array([0.]), array([0.]))","(array([0.]), array([0.]), array([0.]))","(array([0.]), array([0.]), array([0.]))","(array([0.]), array([0.]), array([0.]))","(array([0.]), array([0.]), array([0.]))","(array([0.]), array([0.]), array([0.]))","(array([0.]), array([0.]), array([0.]))","(array([0.]), array([0.]), array([0.]))","(array([0.]), array([0.]), array([0.]))"
(0.5000003927147344+0j),[-0.61635393],[1.],[0.78746926],[1.],"(array([0.]), array([0.]), array([0.]))","(array([0.]), array([0.]), array([0.]))","(array([0.]), array([0.]), array([0.]))","(array([0.]), array([0.]), array([0.]))","(array([0.]), array([0.]), array([0.]))","(array([0.]), array([0.]), array([0.]))","(array([0.]), array([0.]), array([0.]))","(array([0.]), array([0.]), array([0.]))","(array([0.]), array([0.]), array([0.]))","(array([0.]), array([0.]), array([0.]))","(array([0.]), array([0.]), array([0.]))"
(0.5000004242135044+0j),[-0.79186286],[1.],[0.61069895],[1.],"(array([0.]), array([0.]), array([0.]))","(array([0.]), array([0.]), array([0.]))","(array([0.]), array([0.]), array([0.]))","(array([0.]), array([0.]), array([0.]))","(array([0.]), array([0.]), array([0.]))","(array([0.]), array([0.]), array([0.]))","(array([0.]), array([0.]), array([0.]))","(array([0.]), array([0.]), array([0.]))","(array([0.]), array([0.]), array([0.]))","(array([0.]), array([0.]), array([0.]))","(array([0.]), array([0.]), array([0.]))"
(0.5000004486414624+0j),[-0.87721794],[1.],[0.48009238],[1.],"(array([0.]), array([0.]), array([0.]))","(array([0.]), array([0.]), array([0.]))","(array([0.]), array([0.]), array([0.]))","(array([0.]), array([0.]), array([0.]))","(array([0.]), array([0.]), array([0.]))","(array([0.]), array([0.]), array([0.]))","(array([0.]), array([0.]), array([0.]))","(array([0.]), array([0.]), array([0.]))","(array([0.]), array([0.]), array([0.]))","(array([0.]), array([0.]), array([0.]))","(array([0.]), array([0.]), array([0.]))"
(0.5000004678451576+0j),[-0.9669557],[1.],[0.25494446],[1.],"(array([0.]), array([0.]), array([0.]))","(array([0.]), array([0.]), array([0.]))","(array([0.]), array([0.]), array([0.]))","(array([0.]), array([0.]), array([0.]))","(array([0.]), array([0.]), array([0.]))","(array([0.]), array([0.]), array([0.]))","(array([0.]), array([0.]), array([0.]))","(array([0.]), array([0.]), array([0.]))","(array([0.]), array([0.]), array([0.]))","(array([0.]), array([0.]), array([0.]))","(array([0.]), array([0.]), array([0.]))"
(0.5000004780429355+0j),[-0.99853563],[1.],[-0.05409796],[1.],"(array([0.]), array([0.]), array([0.]))","(array([0.]), array([0.]), array([0.]))","(array([0.]), array([0.]), array([0.]))","(array([0.]), array([0.]), array([0.]))","(array([0.]), array([0.]), array([0.]))","(array([0.]), array([0.]), array([0.]))","(array([0.]), array([0.]), array([0.]))","(array([0.]), array([0.]), array([0.]))","(array([0.]), array([0.]), array([0.]))","(array([0.]), array([0.]), array([0.]))","(array([0.]), array([0.]), array([0.]))"
(0.5000004758790166+0j),[-0.9897082],[1.],[-0.14310021],[1.],"(array([0.]), array([0.]), array([0.]))","(array([0.]), array([0.]), array([0.]))","(array([0.]), array([0.]), array([0.]))","(array([0.]), array([0.]), array([0.]))","(array([0.]), array([0.]), array([0.]))","(array([0.]), array([0.]), array([0.]))","(array([0.]), array([0.]), array([0.]))","(array([0.]), array([0.]), array([0.]))","(array([0.]), array([0.]), array([0.]))","(array([0.]), array([0.]), array([0.]))","(array([0.]), array([0.]), array([0.]))"
(0.5000004701550081+0j),[-0.99997104],[1.],[0.00761054],[1.],"(array([0.]), array([0.]), array([0.]))","(array([0.]), array([0.]), array([0.]))","(array([0.]), array([0.]), array([0.]))","(array([0.]), array([0.]), array([0.]))","(array([0.]), array([0.]), array([0.]))","(array([0.]), array([0.]), array([0.]))","(array([0.]), array([0.]), array([0.]))","(array([0.]), array([0.]), array([0.]))","(array([0.]), array([0.]), array([0.]))","(array([0.]), array([0.]), array([0.]))","(array([0.]), array([0.]), array([0.]))"
(0.5000004704594301+0j),[-0.99997534],[1.],[0.00702254],[1.],"(array([0.]), array([0.]), array([0.]))","(array([0.]), array([0.]), array([0.]))","(array([0.]), array([0.]), array([0.]))","(array([0.]), array([0.]), array([0.]))","(array([0.]), array([0.]), array([0.]))","(array([0.]), array([0.]), array([0.]))","(array([0.]), array([0.]), array([0.]))","(array([0.]), array([0.]), array([0.]))","(array([0.]), array([0.]), array([0.]))","(array([0.]), array([0.]), array([0.]))","(array([0.]), array([0.]), array([0.]))"
(0.5000004707403322+0j),[-0.99996377],[1.],[0.00851172],[1.],"(array([0.]), array([0.]), array([0.]))","(array([0.]), array([0.]), array([0.]))","(array([0.]), array([0.]), array([0.]))","(array([0.]), array([0.]), array([0.]))","(array([0.]), array([0.]), array([0.]))","(array([0.]), array([0.]), array([0.]))","(array([0.]), array([0.]), array([0.]))","(array([0.]), array([0.]), array([0.]))","(array([0.]), array([0.]), array([0.]))","(array([0.]), array([0.]), array([0.]))","(array([0.]), array([0.]), array([0.]))"
(0.5000004710808008+0j),[-0.9970828],[1.],[-0.07632756],[1.],"(array([0.]), array([0.]), array([0.]))","(array([0.]), array([0.]), array([0.]))","(array([0.]), array([0.]), array([0.]))","(array([0.]), array([0.]), array([0.]))","(array([0.]), array([0.]), array([0.]))","(array([0.]), array([0.]), array([0.]))","(array([0.]), array([0.]), array([0.]))","(array([0.]), array([0.]), array([0.]))","(array([0.]), array([0.]), array([0.]))","(array([0.]), array([0.]), array([0.]))","(array([0.]), array([0.]), array([0.]))"
(0.5000004680276987+0j),[-0.99628598],[1.],[-0.08610602],[1.],"(array([0.]), array([0.]), array([0.]))","(array([0.]), array([0.]), array([0.]))","(array([0.]), array([0.]), array([0.]))","(array([0.]), array([0.]), array([0.]))","(array([0.]), array([0.]), array([0.]))","(array([0.]), array([0.]), array([0.]))","(array([0.]), array([0.]), array([0.]))","(array([0.]), array([0.]), array([0.]))","(array([0.]), array([0.]), array([0.]))","(array([0.]), array([0.]), array([0.]))","(array([0.]), array([0.]), array([0.]))"
(0.5000004645834583+0j),[-0.98857455],[1.],[-0.15073277],[1.],"(array([0.]), array([0.]), array([0.]))","(array([0.]), array([0.]), array([0.]))","(array([0.]), array([0.]), array([0.]))","(array([0.]), array([0.]), array([0.]))","(array([0.]), array([0.]), array([0.]))","(array([0.]), array([0.]), array([0.]))","(array([0.]), array([0.]), array([0.]))","(array([0.]), array([0.]), array([0.]))","(array([0.]), array([0.]), array([0.]))","(array([0.]), array([0.]), array([0.]))","(array([0.]), array([0.]), array([0.]))"
(0.5000004585541477+0j),[-0.9167323],[1.],[-0.39950206],[1.],"(array([0.]), array([0.]), array([0.]))","(array([0.]), array([0.]), array([0.]))","(array([0.]), array([0.]), array([0.]))","(array([0.]), array([0.]), array([0.]))","(array([0.]), array([0.]), array([0.]))","(array([0.]), array([0.]), array([0.]))","(array([0.]), array([0.]), array([0.]))","(array([0.]), array([0.]), array([0.]))","(array([0.]), array([0.]), array([0.]))","(array([0.]), array([0.]), array([0.]))","(array([0.]), array([0.]), array([0.]))"
(0.5000004425740652+0j),[-0.9511267],[1.],[-0.3088009],[1.],"(array([0.]), array([0.]), array([0.]))","(array([0.]), array([0.]), array([0.]))","(array([0.]), array([0.]), array([0.]))","(array([0.]), array([0.]), array([0.]))","(array([0.]), array([0.]), array([0.]))","(array([0.]), array([0.]), array([0.]))","(array([0.]), array([0.]), array([0.]))","(array([0.]), array([0.]), array([0.]))","(array([0.]), array([0.]), array([0.]))","(array([0.]), array([0.]), array([0.]))","(array([0.]), array([0.]), array([0.]))"
(0.5000004302220291+0j),[-0.9236833],[1.],[-0.38315684],[1.],"(array([0.]), array([0.]), array([0.]))","(array([0.]), array([0.]), array([0.]))","(array([0.]), array([0.]), array([0.]))","(array([0.]), array([0.]), array([0.]))","(array([0.]), array([0.]), array([0.]))","(array([0.]), array([0.]), array([0.]))","(array([0.]), array([0.]), array([0.]))","(array([0.]), array([0.]), array([0.]))","(array([0.]), array([0.]), array([0.]))","(array([0.]), array([0.]), array([0.]))","(array([0.]), array([0.]), array([0.]))"
(0.5000004148957552+0j),[-0.9027484],[1.],[-0.43016895],[1.],"(array([0.]), array([0.]), array([0.]))","(array([0.]), array([0.]), array([0.]))","(array([0.]), array([0.]), array([0.]))","(array([0.]), array([0.]), array([0.]))","(array([0.]), array([0.]), array([0.]))","(array([0.]), array([0.]), array([0.]))","(array([0.]), array([0.]), array([0.]))","(array([0.]), array([0.]), array([0.]))","(array([0.]), array([0.]), array([0.]))","(array([0.]), array([0.]), array([0.]))","(array([0.]), array([0.]), array([0.]))"
(0.5000003976889976+0j),[-0.73650318],[1.],[-0.67643408],[1.],"(array([0.]), array([0.]), array([0.]))","(array([0.]), array([0.]), array([0.]))","(array([0.]), array([0.]), array([0.]))","(array([0.]), array([0.]), array([0.]))","(array([0.]), array([0.]), array([0.]))","(array([0.]), array([0.]), array([0.]))","(array([0.]), array([0.]), array([0.]))","(array([0.]), array([0.]), array([0.]))","(array([0.]), array([0.]), array([0.]))","(array([0.]), array([0.]), array([0.]))","(array([0.]), array([0.]), array([0.]))"
(0.5000003706316346+0j),[-0.88395177],[1.],[-0.46757809],[1.],"(array([0.]), array([0.]), array([0.]))","(array([0.]), array([0.]), array([0.]))","(array([0.]), array([0.]), array([0.]))","(array([0.]), array([0.]), array([0.]))","(array([0.]), array([0.]), array([0.]))","(array([0.]), array([0.]), array([0.]))","(array([0.]), array([0.]), array([0.]))","(array([0.]), array([0.]), array([0.]))","(array([0.]), array([0.]), array([0.]))","(array([0.]), array([0.]), array([0.]))","(array([0.]), array([0.]), array([0.]))"
(0.5000003519285106+0j),[-0.97236093],[1.],[-0.23348279],[1.],"(array([0.]), array([0.]), array([0.]))","(array([0.]), array([0.]), array([0.]))","(array([0.]), array([0.]), array([0.]))","(array([0.]), array([0.]), array([0.]))","(array([0.]), array([0.]), array([0.]))","(array([0.]), array([0.]), array([0.]))","(array([0.]), array([0.]), array([0.]))","(array([0.]), array([0.]), array([0.]))","(array([0.]), array([0.]), array([0.]))","(array([0.]), array([0.]), array([0.]))","(array([0.]), array([0.]), array([0.]))"
(0.5000003425891989+0j),[-0.90432821],[1.],[-0.42683778],[1.],"(array([0.]), array([0.]), array([0.]))","(array([0.]), array([0.]), array([0.]))","(array([0.]), array([0.]), array([0.]))","(array([0.]), array([0.]), array([0.]))","(array([0.]), array([0.]), array([0.]))","(array([0.]), array([0.]), array([0.]))","(array([0.]), array([0.]), array([0.]))","(array([0.]), array([0.]), array([0.]))","(array([0.]), array([0.]), array([0.]))","(array([0.]), array([0.]), array([0.]))","(array([0.]), array([0.]), array([0.]))"
(0.5000003255156878+0j),[-0.77013932],[1.],[-0.63787571],[1.],"(array([0.]), array([0.]), array([0.]))","(array([0.]), array([0.]), array([0.]))","(array([0.]), array([0.]), array([0.]))","(array([0.]), array([0.]), array([0.]))","(array([0.]), array([0.]), array([0.]))","(array([0.]), array([0.]), array([0.]))","(array([0.]), array([0.]), array([0.]))","(array([0.]), array([0.]), array([0.]))","(array([0.]), array([0.]), array([0.]))","(array([0.]), array([0.]), array([0.]))","(array([0.]), array([0.]), array([0.]))"
(0.500000300000659+0j),[-0.61829135],[1.],[-0.78594898],[1.],"(array([0.]), array([0.]), array([0.]))","(array([0.]), array([0.]), array([0.]))","(array([0.]), array([0.]), array([0.]))","(array([0.]), array([0.]), array([0.]))","(array([0.]), array([0.]), array([0.]))","(array([0.]), array([0.]), array([0.]))","(array([0.]), array([0.]), array([0.]))","(array([0.]), array([0.]), array([0.]))","(array([0.]), array([0.]), array([0.]))","(array([0.]), array([0.]), array([0.]))","(array([0.]), array([0.]), array([0.]))"
(0.5000002685627+0j),[-0.70589108],[1.],[-0.7083204],[1.],"(array([0.]), array([0.]), array([0.]))","(array([0.]), array([0.]), array([0.]))","(array([0.]), array([0.]), array([0.]))","(array([0.]), array([0.]), array([0.]))","(array([0.]), array([0.]), array([0.]))","(array([0.]), array([0.]), array([0.]))","(array([0.]), array([0.]), array([0.]))","(array([0.]), array([0.]), array([0.]))","(array([0.]), array([0.]), array([0.]))","(array([0.]), array([0.]), array([0.]))","(array([0.]), array([0.]), array([0.]))"
(0.5000002402298835+0j),[-0.85277791],[1.],[-0.52227371],[1.],"(array([0.]), array([0.]), array([0.]))","(array([0.]), array([0.]), array([0.]))","(array([0.]), array([0.]), array([0.]))","(array([0.]), array([0.]), array([0.]))","(array([0.]), array([0.]), array([0.]))","(array([0.]), array([0.]), array([0.]))","(array([0.]), array([0.]), array([0.]))","(array([0.]), array([0.]), array([0.]))","(array([0.]), array([0.]), array([0.]))","(array([0.]), array([0.]), array([0.]))","(array([0.]), array([0.]), array([0.]))"
(0.5000002193389347+0j),[-0.77997903],[1.],[-0.62580565],[1.],"(array([0.]), array([0.]), array([0.]))","(array([0.]), array([0.]), array([0.]))","(array([0.]), array([0.]), array([0.]))","(array([0.]), array([0.]), array([0.]))","(array([0.]), array([0.]), array([0.]))","(array([0.]), array([0.]), array([0.]))","(array([0.]), array([0.]), array([0.]))","(array([0.]), array([0.]), array([0.]))","(array([0.]), array([0.]), array([0.]))","(array([0.]), array([0.]), array([0.]))","(array([0.]), array([0.]), array([0.]))"
(0.5000001943067087+0j),[-0.57141227],[1.],[-0.82066316],[1.],"(array([0.]), array([0.]), array([0.]))","(array([0.]), array([0.]), array([0.]))","(array([0.]), array([0.]), array([0.]))","(array([0.]), array([0.]), array([0.]))","(array([0.]), array([0.]), array([0.]))","(array([0.]), array([0.]), array([0.]))","(array([0.]), array([0.]), array([0.]))","(array([0.]), array([0.]), array([0.]))","(array([0.]), array([0.]), array([0.]))","(array([0.]), array([0.]), array([0.]))","(array([0.]), array([0.]), array([0.]))"
(0.5000001614801824+0j),[-0.36867],[1.],[-0.92956034],[1.],"(array([0.]), array([0.]), array([0.]))","(array([0.]), array([0.]), array([0.]))","(array([0.]), array([0.]), array([0.]))","(array([0.]), array([0.]), array([0.]))","(array([0.]), array([0.]), array([0.]))","(array([0.]), array([0.]), array([0.]))","(array([0.]), array([0.]), array([0.]))","(array([0.]), array([0.]), array([0.]))","(array([0.]), array([0.]), array([0.]))","(array([0.]), array([0.]), array([0.]))","(array([0.]), array([0.]), array([0.]))"
(0.5000001242977686+0j),[-0.43326882],[1.],[-0.90126474],[1.],"(array([0.]), array([0.]), array([0.]))","(array([0.]), array([0.]), array([0.]))","(array([0.]), array([0.]), array([0.]))","(array([0.]), array([0.]), array([0.]))","(array([0.]), array([0.]), array([0.]))","(array([0.]), array([0.]), array([0.]))","(array([0.]), array([0.]), array([0.]))","(array([0.]), array([0.]), array([0.]))","(array([0.]), array([0.]), array([0.]))","(array([0.]), array([0.]), array([0.]))","(array([0.]), array([0.]), array([0.]))"
(0.500000088247179+0j),[-0.43108687],[1.],[-0.90231043],[1.],"(array([0.]), array([0.]), array([0.]))","(array([0.]), array([0.]), array([0.]))","(array([0.]), array([0.]), array([0.]))","(array([0.]), array([0.]), array([0.]))","(array([0.]), array([0.]), array([0.]))","(array([0.]), array([0.]), array([0.]))","(array([0.]), array([0.]), array([0.]))","(array([0.]), array([0.]), array([0.]))","(array([0.]), array([0.]), array([0.]))","(array([0.]), array([0.]), array([0.]))","(array([0.]), array([0.]), array([0.]))"
(0.500000052154762+0j),[-0.32385128],[1.],[-0.946108],[1.],"(array([0.]), array([0.]), array([0.]))","(array([0.]), array([0.]), array([0.]))","(array([0.]), array([0.]), array([0.]))","(array([0.]), array([0.]), array([0.]))","(array([0.]), array([0.]), array([0.]))","(array([0.]), array([0.]), array([0.]))","(array([0.]), array([0.]), array([0.]))","(array([0.]), array([0.]), array([0.]))","(array([0.]), array([0.]), array([0.]))","(array([0.]), array([0.]), array([0.]))","(array([0.]), array([0.]), array([0.]))"
(0.5000000143104415+0j),[-0.12629363],[1.],[-0.9919929],[1.],"(array([0.]), array([0.]), array([0.]))","(array([0.]), array([0.]), array([0.]))","(array([0.]), array([0.]), array([0.]))","(array([0.]), array([0.]), array([0.]))","(array([0.]), array([0.]), array([0.]))","(array([0.]), array([0.]), array([0.]))","(array([0.]), array([0.]), array([0.]))","(array([0.]), array([0.]), array([0.]))","(array([0.]), array([0.]), array([0.]))","(array([0.]), array([0.]), array([0.]))","(array([0.]), array([0.]), array([0.]))"
(0.4999999746307252+0j),[0.15828623],[1.],[-0.98739327],[1.],"(array([0.]), array([0.]), array([0.]))","(array([0.]), array([0.]), array([0.]))","(array([0.]), array([0.]), array([0.]))","(array([0.]), array([0.]), array([0.]))","(array([0.]), array([0.]), array([0.]))","(array([0.]), array([0.]), array([0.]))","(array([0.]), array([0.]), array([0.]))","(array([0.]), array([0.]), array([0.]))","(array([0.]), array([0.]), array([0.]))","(array([0.]), array([0.]), array([0.]))","(array([0.]), array([0.]), array([0.]))"
(0.49999993513499497+0j),[0.14901611],[1.],[-0.98883477],[1.],"(array([0.]), array([0.]), array([0.]))","(array([0.]), array([0.]), array([0.]))","(array([0.]), array([0.]), array([0.]))","(array([0.]), array([0.]), array([0.]))","(array([0.]), array([0.]), array([0.]))","(array([0.]), array([0.]), array([0.]))","(array([0.]), array([0.]), array([0.]))","(array([0.]), array([0.]), array([0.]))","(array([0.]), array([0.]), array([0.]))","(array([0.]), array([0.]), array([0.]))","(array([0.]), array([0.]), array([0.]))"
(0.4999998955816041+0j),[0.08663712],[1.],[-0.99623994],[1.],"(array([0.]), array([0.]), array([0.]))","(array([0.]), array([0.]), array([0.]))","(array([0.]), array([0.]), array([0.]))","(array([0.]), array([0.]), array([0.]))","(array([0.]), array([0.]), array([0.]))","(array([0.]), array([0.]), array([0.]))","(array([0.]), array([0.]), array([0.]))","(array([0.]), array([0.]), array([0.]))","(array([0.]), array([0.]), array([0.]))","(array([0.]), array([0.]), array([0.]))","(array([0.]), array([0.]), array([0.]))"
(0.4999998557320066+0j),[-0.0625593],[1.],[-0.99804125],[1.],"(array([0.]), array([0.]), array([0.]))","(array([0.]), array([0.]), array([0.]))","(array([0.]), array([0.]), array([0.]))","(array([0.]), array([0.]), array([0.]))","(array([0.]), array([0.]), array([0.]))","(array([0.]), array([0.]), array([0.]))","(array([0.]), array([0.]), array([0.]))","(array([0.]), array([0.]), array([0.]))","(array([0.]), array([0.]), array([0.]))","(array([0.]), array([0.]), array([0.]))","(array([0.]), array([0.]), array([0.]))"
(0.4999998158103566+0j),[0.1015961],[1.],[-0.99482573],[1.],"(array([0.]), array([0.]), array([0.]))","(array([0.]), array([0.]), array([0.]))","(array([0.]), array([0.]), array([0.]))","(array([0.]), array([0.]), array([0.]))","(array([0.]), array([0.]), array([0.]))","(array([0.]), array([0.]), array([0.]))","(array([0.]), array([0.]), array([0.]))","(array([0.]), array([0.]), array([0.]))","(array([0.]), array([0.]), array([0.]))","(array([0.]), array([0.]), array([0.]))","(array([0.]), array([0.]), array([0.]))"
(0.49999977601732776+0j),[-0.03086901],[1.],[-0.99952344],[1.],"(array([0.]), array([0.]), array([0.]))","(array([0.]), array([0.]), array([0.]))","(array([0.]), array([0.]), array([0.]))","(array([0.]), array([0.]), array([0.]))","(array([0.]), array([0.]), array([0.]))","(array([0.]), array([0.]), array([0.]))","(array([0.]), array([0.]), array([0.]))","(array([0.]), array([0.]), array([0.]))","(array([0.]), array([0.]), array([0.]))","(array([0.]), array([0.]), array([0.]))","(array([0.]), array([0.]), array([0.]))"
(0.4999997360363904+0j),[0.13710467],[1.],[-0.99055657],[1.],"(array([0.]), array([0.]), array([0.]))","(array([0.]), array([0.]), array([0.]))","(array([0.]), array([0.]), array([0.]))","(array([0.]), array([0.]), array([0.]))","(array([0.]), array([0.]), array([0.]))","(array([0.]), array([0.]), array([0.]))","(array([0.]), array([0.]), array([0.]))","(array([0.]), array([0.]), array([0.]))","(array([0.]), array([0.]), array([0.]))","(array([0.]), array([0.]), array([0.]))","(array([0.]), array([0.]), array([0.]))"
(0.49999969641412745+0j),[0.18794373],[1.],[-0.9821798],[1.],"(array([0.]), array([0.]), array([0.]))","(array([0.]), array([0.]), array([0.]))","(array([0.]), array([0.]), array([0.]))","(array([0.]), array([0.]), array([0.]))","(array([0.]), array([0.]), array([0.]))","(array([0.]), array([0.]), array([0.]))","(array([0.]), array([0.]), array([0.]))","(array([0.]), array([0.]), array([0.]))","(array([0.]), array([0.]), array([0.]))","(array([0.]), array([0.]), array([0.]))","(array([0.]), array([0.]), array([0.]))"
(0.4999996571269354+0j),[-0.19633191],[1.],[-0.9805375],[1.],"(array([0.]), array([0.]), array([0.]))","(array([0.]), array([0.]), array([0.]))","(array([0.]), array([0.]), array([0.]))","(array([0.]), array([0.]), array([0.]))","(array([0.]), array([0.]), array([0.]))","(array([0.]), array([0.]), array([0.]))","(array([0.]), array([0.]), array([0.]))","(array([0.]), array([0.]), array([0.]))","(array([0.]), array([0.]), array([0.]))","(array([0.]), array([0.]), array([0.]))","(array([0.]), array([0.]), array([0.]))"
(0.4999996179054359+0j),[-0.46485862],[1.],[-0.88538492],[1.],"(array([0.]), array([0.]), array([0.]))","(array([0.]), array([0.]), array([0.]))","(array([0.]), array([0.]), array([0.]))","(array([0.]), array([0.]), array([0.]))","(array([0.]), array([0.]), array([0.]))","(array([0.]), array([0.]), array([0.]))","(array([0.]), array([0.]), array([0.]))","(array([0.]), array([0.]), array([0.]))","(array([0.]), array([0.]), array([0.]))","(array([0.]), array([0.]), array([0.]))","(array([0.]), array([0.]), array([0.]))"
(0.49999958249003923+0j),[-0.39975733],[1.],[-0.91662101],[1.],"(array([0.]), array([0.]), array([0.]))","(array([0.]), array([0.]), array([0.]))","(array([0.]), array([0.]), array([0.]))","(array([0.]), array([0.]), array([0.]))","(array([0.]), array([0.]), array([0.]))","(array([0.]), array([0.]), array([0.]))","(array([0.]), array([0.]), array([0.]))","(array([0.]), array([0.]), array([0.]))","(array([0.]), array([0.]), array([0.]))","(array([0.]), array([0.]), array([0.]))","(array([0.]), array([0.]), array([0.]))"
(0.4999995458251992+0j),[-0.74064052],[1.],[-0.6719015],[1.],"(array([0.]), array([0.]), array([0.]))","(array([0.]), array([0.]), array([0.]))","(array([0.]), array([0.]), array([0.]))","(array([0.]), array([0.]), array([0.]))","(array([0.]), array([0.]), array([0.]))","(array([0.]), array([0.]), array([0.]))","(array([0.]), array([0.]), array([0.]))","(array([0.]), array([0.]), array([0.]))","(array([0.]), array([0.]), array([0.]))","(array([0.]), array([0.]), array([0.]))","(array([0.]), array([0.]), array([0.]))"
(0.49999951894913885+0j),[-0.60310455],[1.],[-0.79766215],[1.],"(array([0.]), array([0.]), array([0.]))","(array([0.]), array([0.]), array([0.]))","(array([0.]), array([0.]), array([0.]))","(array([0.]), array([0.]), array([0.]))","(array([0.]), array([0.]), array([0.]))","(array([0.]), array([0.]), array([0.]))","(array([0.]), array([0.]), array([0.]))","(array([0.]), array([0.]), array([0.]))","(array([0.]), array([0.]), array([0.]))","(array([0.]), array([0.]), array([0.]))","(array([0.]), array([0.]), array([0.]))"
(0.4999994870426531+0j),[-0.52827848],[1.],[-0.84907117],[1.],"(array([0.]), array([0.]), array([0.]))","(array([0.]), array([0.]), array([0.]))","(array([0.]), array([0.]), array([0.]))","(array([0.]), array([0.]), array([0.]))","(array([0.]), array([0.]), array([0.]))","(array([0.]), array([0.]), array([0.]))","(array([0.]), array([0.]), array([0.]))","(array([0.]), array([0.]), array([0.]))","(array([0.]), array([0.]), array([0.]))","(array([0.]), array([0.]), array([0.]))","(array([0.]), array([0.]), array([0.]))"
(0.49999945307980687+0j),[-0.17765671],[1.],[-0.98409252],[1.],"(array([0.]), array([0.]), array([0.]))","(array([0.]), array([0.]), array([0.]))","(array([0.]), array([0.]), array([0.]))","(array([0.]), array([0.]), array([0.]))","(array([0.]), array([0.]), array([0.]))","(array([0.]), array([0.]), array([0.]))","(array([0.]), array([0.]), array([0.]))","(array([0.]), array([0.]), array([0.]))","(array([0.]), array([0.]), array([0.]))","(array([0.]), array([0.]), array([0.]))","(array([0.]), array([0.]), array([0.]))"
(0.499999413716106+0j),[-0.08555014],[1.],[-0.99633387],[1.],"(array([0.]), array([0.]), array([0.]))","(array([0.]), array([0.]), array([0.]))","(array([0.]), array([0.]), array([0.]))","(array([0.]), array([0.]), array([0.]))","(array([0.]), array([0.]), array([0.]))","(array([0.]), array([0.]), array([0.]))","(array([0.]), array([0.]), array([0.]))","(array([0.]), array([0.]), array([0.]))","(array([0.]), array([0.]), array([0.]))","(array([0.]), array([0.]), array([0.]))","(array([0.]), array([0.]), array([0.]))"
(0.4999993738627517+0j),[-0.17225808],[1.],[-0.98505185],[1.],"(array([0.]), array([0.]), array([0.]))","(array([0.]), array([0.]), array([0.]))","(array([0.]), array([0.]), array([0.]))","(array([0.]), array([0.]), array([0.]))","(array([0.]), array([0.]), array([0.]))","(array([0.]), array([0.]), array([0.]))","(array([0.]), array([0.]), array([0.]))","(array([0.]), array([0.]), array([0.]))","(array([0.]), array([0.]), array([0.]))","(array([0.]), array([0.]), array([0.]))","(array([0.]), array([0.]), array([0.]))"
(0.4999993344606772+0j),[-0.41142111],[1.],[-0.91144537],[1.],"(array([0.]), array([0.]), array([0.]))","(array([0.]), array([0.]), array([0.]))","(array([0.]), array([0.]), array([0.]))","(array([0.]), array([0.]), array([0.]))","(array([0.]), array([0.]), array([0.]))","(array([0.]), array([0.]), array([0.]))","(array([0.]), array([0.]), array([0.]))","(array([0.]), array([0.]), array([0.]))","(array([0.]), array([0.]), array([0.]))","(array([0.]), array([0.]), array([0.]))","(array([0.]), array([0.]), array([0.]))"
(0.49999929800286197+0j),[-0.66444193],[1.],[-0.74733989],[1.],"(array([0.]), array([0.]), array([0.]))","(array([0.]), array([0.]), array([0.]))","(array([0.]), array([0.]), array([0.]))","(array([0.]), array([0.]), array([0.]))","(array([0.]), array([0.]), array([0.]))","(array([0.]), array([0.]), array([0.]))","(array([0.]), array([0.]), array([0.]))","(array([0.]), array([0.]), array([0.]))","(array([0.]), array([0.]), array([0.]))","(array([0.]), array([0.]), array([0.]))","(array([0.]), array([0.]), array([0.]))"
(0.4999992681092662+0j),[-0.71357619],[1.],[-0.70057763],[1.],"(array([0.]), array([0.]), array([0.]))","(array([0.]), array([0.]), array([0.]))","(array([0.]), array([0.]), array([0.]))","(array([0.]), array([0.]), array([0.]))","(array([0.]), array([0.]), array([0.]))","(array([0.]), array([0.]), array([0.]))","(array([0.]), array([0.]), array([0.]))","(array([0.]), array([0.]), array([0.]))","(array([0.]), array([0.]), array([0.]))","(array([0.]), array([0.]), array([0.]))","(array([0.]), array([0.]), array([0.]))"
(0.49999924008616126+0j),[-0.87138094],[1.],[-0.49060702],[1.],"(array([0.]), array([0.]), array([0.]))","(array([0.]), array([0.]), array([0.]))","(array([0.]), array([0.]), array([0.]))","(array([0.]), array([0.]), array([0.]))","(array([0.]), array([0.]), array([0.]))","(array([0.]), array([0.]), array([0.]))","(array([0.]), array([0.]), array([0.]))","(array([0.]), array([0.]), array([0.]))","(array([0.]), array([0.]), array([0.]))","(array([0.]), array([0.]), array([0.]))","(array([0.]), array([0.]), array([0.]))"
(0.4999992204618803+0j),[-0.66572525],[1.],[-0.74619695],[1.],"(array([0.]), array([0.]), array([0.]))","(array([0.]), array([0.]), array([0.]))","(array([0.]), array([0.]), array([0.]))","(array([0.]), array([0.]), array([0.]))","(array([0.]), array([0.]), array([0.]))","(array([0.]), array([0.]), array([0.]))","(array([0.]), array([0.]), array([0.]))","(array([0.]), array([0.]), array([0.]))","(array([0.]), array([0.]), array([0.]))","(array([0.]), array([0.]), array([0.]))","(array([0.]), array([0.]), array([0.]))"
(0.4999991906140021+0j),[-0.78031123],[1.],[-0.62539139],[1.],"(array([0.]), array([0.]), array([0.]))","(array([0.]), array([0.]), array([0.]))","(array([0.]), array([0.]), array([0.]))","(array([0.]), array([0.]), array([0.]))","(array([0.]), array([0.]), array([0.]))","(array([0.]), array([0.]), array([0.]))","(array([0.]), array([0.]), array([0.]))","(array([0.]), array([0.]), array([0.]))","(array([0.]), array([0.]), array([0.]))","(array([0.]), array([0.]), array([0.]))","(array([0.]), array([0.]), array([0.]))"
(0.49999916559834695+0j),[-0.72599808],[1.],[-0.68769673],[1.],"(array([0.]), array([0.]), array([0.]))","(array([0.]), array([0.]), array([0.]))","(array([0.]), array([0.]), array([0.]))","(array([0.]), array([0.]), array([0.]))","(array([0.]), array([0.]), array([0.]))","(array([0.]), array([0.]), array([0.]))","(array([0.]), array([0.]), array([0.]))","(array([0.]), array([0.]), array([0.]))","(array([0.]), array([0.]), array([0.]))","(array([0.]), array([0.]), array([0.]))","(array([0.]), array([0.]), array([0.]))"
(0.499999138090478+0j),[-0.7355662],[1.],[-0.67745286],[1.],"(array([0.]), array([0.]), array([0.]))","(array([0.]), array([0.]), array([0.]))","(array([0.]), array([0.]), array([0.]))","(array([0.]), array([0.]), array([0.]))","(array([0.]), array([0.]), array([0.]))","(array([0.]), array([0.]), array([0.]))","(array([0.]), array([0.]), array([0.]))","(array([0.]), array([0.]), array([0.]))","(array([0.]), array([0.]), array([0.]))","(array([0.]), array([0.]), array([0.]))","(array([0.]), array([0.]), array([0.]))"
(0.499999110992364+0j),[-0.69293427],[1.],[-0.72100076],[1.],"(array([0.]), array([0.]), array([0.]))","(array([0.]), array([0.]), array([0.]))","(array([0.]), array([0.]), array([0.]))","(array([0.]), array([0.]), array([0.]))","(array([0.]), array([0.]), array([0.]))","(array([0.]), array([0.]), array([0.]))","(array([0.]), array([0.]), array([0.]))","(array([0.]), array([0.]), array([0.]))","(array([0.]), array([0.]), array([0.]))","(array([0.]), array([0.]), array([0.]))","(array([0.]), array([0.]), array([0.]))"
(0.4999990821523335+0j),[-0.62782437],[1.],[-0.77835503],[1.],"(array([0.]), array([0.]), array([0.]))","(array([0.]), array([0.]), array([0.]))","(array([0.]), array([0.]), array([0.]))","(array([0.]), array([0.]), array([0.]))","(array([0.]), array([0.]), array([0.]))","(array([0.]), array([0.]), array([0.]))","(array([0.]), array([0.]), array([0.]))","(array([0.]), array([0.]), array([0.]))","(array([0.]), array([0.]), array([0.]))","(array([0.]), array([0.]), array([0.]))","(array([0.]), array([0.]), array([0.]))"
(0.4999990510181322+0j),[-0.69875738],[1.],[-0.71535874],[1.],"(array([0.]), array([0.]), array([0.]))","(array([0.]), array([0.]), array([0.]))","(array([0.]), array([0.]), array([0.]))","(array([0.]), array([0.]), array([0.]))","(array([0.]), array([0.]), array([0.]))","(array([0.]), array([0.]), array([0.]))","(array([0.]), array([0.]), array([0.]))","(array([0.]), array([0.]), array([0.]))","(array([0.]), array([0.]), array([0.]))","(array([0.]), array([0.]), array([0.]))","(array([0.]), array([0.]), array([0.]))"
(0.49999902240378313+0j),[-0.61135035],[1.],[-0.79136006],[1.],"(array([0.]), array([0.]), array([0.]))","(array([0.]), array([0.]), array([0.]))","(array([0.]), array([0.]), array([0.]))","(array([0.]), array([0.]), array([0.]))","(array([0.]), array([0.]), array([0.]))","(array([0.]), array([0.]), array([0.]))","(array([0.]), array([0.]), array([0.]))","(array([0.]), array([0.]), array([0.]))","(array([0.]), array([0.]), array([0.]))","(array([0.]), array([0.]), array([0.]))","(array([0.]), array([0.]), array([0.]))"
(0.4999989907493802+0j),[-0.63004572],[1.],[-0.77655804],[1.],"(array([0.]), array([0.]), array([0.]))","(array([0.]), array([0.]), array([0.]))","(array([0.]), array([0.]), array([0.]))","(array([0.]), array([0.]), array([0.]))","(array([0.]), array([0.]), array([0.]))","(array([0.]), array([0.]), array([0.]))","(array([0.]), array([0.]), array([0.]))","(array([0.]), array([0.]), array([0.]))","(array([0.]), array([0.]), array([0.]))","(array([0.]), array([0.]), array([0.]))","(array([0.]), array([0.]), array([0.]))"
(0.4999989596870586+0j),[-0.65355176],[1.],[-0.75688183],[1.],"(array([0.]), array([0.]), array([0.]))","(array([0.]), array([0.]), array([0.]))","(array([0.]), array([0.]), array([0.]))","(array([0.]), array([0.]), array([0.]))","(array([0.]), array([0.]), array([0.]))","(array([0.]), array([0.]), array([0.]))","(array([0.]), array([0.]), array([0.]))","(array([0.]), array([0.]), array([0.]))","(array([0.]), array([0.]), array([0.]))","(array([0.]), array([0.]), array([0.]))","(array([0.]), array([0.]), array([0.]))"
(0.4999989294117854+0j),[-0.69032622],[1.],[-0.72349824],[1.],"(array([0.]), array([0.]), array([0.]))","(array([0.]), array([0.]), array([0.]))","(array([0.]), array([0.]), array([0.]))","(array([0.]), array([0.]), array([0.]))","(array([0.]), array([0.]), array([0.]))","(array([0.]), array([0.]), array([0.]))","(array([0.]), array([0.]), array([0.]))","(array([0.]), array([0.]), array([0.]))","(array([0.]), array([0.]), array([0.]))","(array([0.]), array([0.]), array([0.]))","(array([0.]), array([0.]), array([0.]))"
(0.4999989004718559+0j),[-0.8664769],[1.],[-0.49921717],[1.],"(array([0.]), array([0.]), array([0.]))","(array([0.]), array([0.]), array([0.]))","(array([0.]), array([0.]), array([0.]))","(array([0.]), array([0.]), array([0.]))","(array([0.]), array([0.]), array([0.]))","(array([0.]), array([0.]), array([0.]))","(array([0.]), array([0.]), array([0.]))","(array([0.]), array([0.]), array([0.]))","(array([0.]), array([0.]), array([0.]))","(array([0.]), array([0.]), array([0.]))","(array([0.]), array([0.]), array([0.]))"
(0.49999888050316954+0j),[-0.98596947],[1.],[-0.16692575],[1.],"(array([0.]), array([0.]), array([0.]))","(array([0.]), array([0.]), array([0.]))","(array([0.]), array([0.]), array([0.]))","(array([0.]), array([0.]), array([0.]))","(array([0.]), array([0.]), array([0.]))","(array([0.]), array([0.]), array([0.]))","(array([0.]), array([0.]), array([0.]))","(array([0.]), array([0.]), array([0.]))","(array([0.]), array([0.]), array([0.]))","(array([0.]), array([0.]), array([0.]))","(array([0.]), array([0.]), array([0.]))"
(0.4999988738261398+0j),[-0.88741927],[1.],[-0.46096317],[1.],"(array([0.]), array([0.]), array([0.]))","(array([0.]), array([0.]), array([0.]))","(array([0.]), array([0.]), array([0.]))","(array([0.]), array([0.]), array([0.]))","(array([0.]), array([0.]), array([0.]))","(array([0.]), array([0.]), array([0.]))","(array([0.]), array([0.]), array([0.]))","(array([0.]), array([0.]), array([0.]))","(array([0.]), array([0.]), array([0.]))","(array([0.]), array([0.]), array([0.]))","(array([0.]), array([0.]), array([0.]))"
(0.49999885538761285+0j),[-0.96272938],[1.],[-0.27046652],[1.],"(array([0.]), array([0.]), array([0.]))","(array([0.]), array([0.]), array([0.]))","(array([0.]), array([0.]), array([0.]))","(array([0.]), array([0.]), array([0.]))","(array([0.]), array([0.]), array([0.]))","(array([0.]), array([0.]), array([0.]))","(array([0.]), array([0.]), array([0.]))","(array([0.]), array([0.]), array([0.]))","(array([0.]), array([0.]), array([0.]))","(array([0.]), array([0.]), array([0.]))","(array([0.]), array([0.]), array([0.]))"
(0.4999988445689521+0j),[-0.9110635],[1.],[-0.41226606],[1.],"(array([0.]), array([0.]), array([0.]))","(array([0.]), array([0.]), array([0.]))","(array([0.]), array([0.]), array([0.]))","(array([0.]), array([0.]), array([0.]))","(array([0.]), array([0.]), array([0.]))","(array([0.]), array([0.]), array([0.]))","(array([0.]), array([0.]), array([0.]))","(array([0.]), array([0.]), array([0.]))","(array([0.]), array([0.]), array([0.]))","(array([0.]), array([0.]), array([0.]))","(array([0.]), array([0.]), array([0.]))"
(0.49999882807830953+0j),[-0.90692817],[1.],[-0.42128529],[1.],"(array([0.]), array([0.]), array([0.]))","(array([0.]), array([0.]), array([0.]))","(array([0.]), array([0.]), array([0.]))","(array([0.]), array([0.]), array([0.]))","(array([0.]), array([0.]), array([0.]))","(array([0.]), array([0.]), array([0.]))","(array([0.]), array([0.]), array([0.]))","(array([0.]), array([0.]), array([0.]))","(array([0.]), array([0.]), array([0.]))","(array([0.]), array([0.]), array([0.]))","(array([0.]), array([0.]), array([0.]))"
(0.4999988112268982+0j),[-0.97902814],[1.],[-0.20372508],[1.],"(array([0.]), array([0.]), array([0.]))","(array([0.]), array([0.]), array([0.]))","(array([0.]), array([0.]), array([0.]))","(array([0.]), array([0.]), array([0.]))","(array([0.]), array([0.]), array([0.]))","(array([0.]), array([0.]), array([0.]))","(array([0.]), array([0.]), array([0.]))","(array([0.]), array([0.]), array([0.]))","(array([0.]), array([0.]), array([0.]))","(array([0.]), array([0.]), array([0.]))","(array([0.]), array([0.]), array([0.]))"
(0.49999880307789535+0j),[-0.83835189],[1.],[-0.54512944],[1.],"(array([0.]), array([0.]), array([0.]))","(array([0.]), array([0.]), array([0.]))","(array([0.]), array([0.]), array([0.]))","(array([0.]), array([0.]), array([0.]))","(array([0.]), array([0.]), array([0.]))","(array([0.]), array([0.]), array([0.]))","(array([0.]), array([0.]), array([0.]))","(array([0.]), array([0.]), array([0.]))","(array([0.]), array([0.]), array([0.]))","(array([0.]), array([0.]), array([0.]))","(array([0.]), array([0.]), array([0.]))"
(0.49999878127271796+0j),[-0.90037178],[1.],[-0.43512143],[1.],"(array([0.]), array([0.]), array([0.]))","(array([0.]), array([0.]), array([0.]))","(array([0.]), array([0.]), array([0.]))","(array([0.]), array([0.]), array([0.]))","(array([0.]), array([0.]), array([0.]))","(array([0.]), array([0.]), array([0.]))","(array([0.]), array([0.]), array([0.]))","(array([0.]), array([0.]), array([0.]))","(array([0.]), array([0.]), array([0.]))","(array([0.]), array([0.]), array([0.]))","(array([0.]), array([0.]), array([0.]))"
(0.4999987638678603+0j),[-0.87436445],[1.],[-0.48526982],[1.],"(array([0.]), array([0.]), array([0.]))","(array([0.]), array([0.]), array([0.]))","(array([0.]), array([0.]), array([0.]))","(array([0.]), array([0.]), array([0.]))","(array([0.]), array([0.]), array([0.]))","(array([0.]), array([0.]), array([0.]))","(array([0.]), array([0.]), array([0.]))","(array([0.]), array([0.]), array([0.]))","(array([0.]), array([0.]), array([0.]))","(array([0.]), array([0.]), array([0.]))","(array([0.]), array([0.]), array([0.]))"
(0.4999987444570674+0j),[-0.841308],[1.],[-0.54055606],[1.],"(array([0.]), array([0.]), array([0.]))","(array([0.]), array([0.]), array([0.]))","(array([0.]), array([0.]), array([0.]))","(array([0.]), array([0.]), array([0.]))","(array([0.]), array([0.]), array([0.]))","(array([0.]), array([0.]), array([0.]))","(array([0.]), array([0.]), array([0.]))","(array([0.]), array([0.]), array([0.]))","(array([0.]), array([0.]), array([0.]))","(array([0.]), array([0.]), array([0.]))","(array([0.]), array([0.]), array([0.]))"
(0.49999872283482544+0j),[-0.83920547],[1.],[-0.54381447],[1.],"(array([0.]), array([0.]), array([0.]))","(array([0.]), array([0.]), array([0.]))","(array([0.]), array([0.]), array([0.]))","(array([0.]), array([0.]), array([0.]))","(array([0.]), array([0.]), array([0.]))","(array([0.]), array([0.]), array([0.]))","(array([0.]), array([0.]), array([0.]))","(array([0.]), array([0.]), array([0.]))","(array([0.]), array([0.]), array([0.]))","(array([0.]), array([0.]), array([0.]))","(array([0.]), array([0.]), array([0.]))"
(0.49999870108224653+0j),[-0.74556039],[1.],[-0.66643807],[1.],"(array([0.]), array([0.]), array([0.]))","(array([0.]), array([0.]), array([0.]))","(array([0.]), array([0.]), array([0.]))","(array([0.]), array([0.]), array([0.]))","(array([0.]), array([0.]), array([0.]))","(array([0.]), array([0.]), array([0.]))","(array([0.]), array([0.]), array([0.]))","(array([0.]), array([0.]), array([0.]))","(array([0.]), array([0.]), array([0.]))","(array([0.]), array([0.]), array([0.]))","(array([0.]), array([0.]), array([0.]))"
(0.4999986744247233+0j),[-0.56473175],[1.],[-0.82527453],[1.],"(array([0.]), array([0.]), array([0.]))","(array([0.]), array([0.]), array([0.]))","(array([0.]), array([0.]), array([0.]))","(array([0.]), array([0.]), array([0.]))","(array([0.]), array([0.]), array([0.]))","(array([0.]), array([0.]), array([0.]))","(array([0.]), array([0.]), array([0.]))","(array([0.]), array([0.]), array([0.]))","(array([0.]), array([0.]), array([0.]))","(array([0.]), array([0.]), array([0.]))","(array([0.]), array([0.]), array([0.]))"
(0.499998641413742+0j),[-0.48729585],[1.],[-0.87323694],[1.],"(array([0.]), array([0.]), array([0.]))","(array([0.]), array([0.]), array([0.]))","(array([0.]), array([0.]), array([0.]))","(array([0.]), array([0.]), array([0.]))","(array([0.]), array([0.]), array([0.]))","(array([0.]), array([0.]), array([0.]))","(array([0.]), array([0.]), array([0.]))","(array([0.]), array([0.]), array([0.]))","(array([0.]), array([0.]), array([0.]))","(array([0.]), array([0.]), array([0.]))","(array([0.]), array([0.]), array([0.]))"
(0.49999860648426386+0j),[-0.33237409],[1.],[-0.94314764],[1.],"(array([0.]), array([0.]), array([0.]))","(array([0.]), array([0.]), array([0.]))","(array([0.]), array([0.]), array([0.]))","(array([0.]), array([0.]), array([0.]))","(array([0.]), array([0.]), array([0.]))","(array([0.]), array([0.]), array([0.]))","(array([0.]), array([0.]), array([0.]))","(array([0.]), array([0.]), array([0.]))","(array([0.]), array([0.]), array([0.]))","(array([0.]), array([0.]), array([0.]))","(array([0.]), array([0.]), array([0.]))"
(0.4999985687583588+0j),[-0.48502329],[1.],[-0.87450123],[1.],"(array([0.]), array([0.]), array([0.]))","(array([0.]), array([0.]), array([0.]))","(array([0.]), array([0.]), array([0.]))","(array([0.]), array([0.]), array([0.]))","(array([0.]), array([0.]), array([0.]))","(array([0.]), array([0.]), array([0.]))","(array([0.]), array([0.]), array([0.]))","(array([0.]), array([0.]), array([0.]))","(array([0.]), array([0.]), array([0.]))","(array([0.]), array([0.]), array([0.]))","(array([0.]), array([0.]), array([0.]))"
(0.4999985337783099+0j),[-0.33292212],[1.],[-0.94295433],[1.],"(array([0.]), array([0.]), array([0.]))","(array([0.]), array([0.]), array([0.]))","(array([0.]), array([0.]), array([0.]))","(array([0.]), array([0.]), array([0.]))","(array([0.]), array([0.]), array([0.]))","(array([0.]), array([0.]), array([0.]))","(array([0.]), array([0.]), array([0.]))","(array([0.]), array([0.]), array([0.]))","(array([0.]), array([0.]), array([0.]))","(array([0.]), array([0.]), array([0.]))","(array([0.]), array([0.]), array([0.]))"
(0.4999984960601368+0j),[-0.44869563],[1.],[-0.89368464],[1.],"(array([0.]), array([0.]), array([0.]))","(array([0.]), array([0.]), array([0.]))","(array([0.]), array([0.]), array([0.]))","(array([0.]), array([0.]), array([0.]))","(array([0.]), array([0.]), array([0.]))","(array([0.]), array([0.]), array([0.]))","(array([0.]), array([0.]), array([0.]))","(array([0.]), array([0.]), array([0.]))","(array([0.]), array([0.]), array([0.]))","(array([0.]), array([0.]), array([0.]))","(array([0.]), array([0.]), array([0.]))"
(0.4999984603127519+0j),[-0.18998333],[1.],[-0.98178732],[1.],"(array([0.]), array([0.]), array([0.]))","(array([0.]), array([0.]), array([0.]))","(array([0.]), array([0.]), array([0.]))","(array([0.]), array([0.]), array([0.]))","(array([0.]), array([0.]), array([0.]))","(array([0.]), array([0.]), array([0.]))","(array([0.]), array([0.]), array([0.]))","(array([0.]), array([0.]), array([0.]))","(array([0.]), array([0.]), array([0.]))","(array([0.]), array([0.]), array([0.]))","(array([0.]), array([0.]), array([0.]))"
(0.49999842104125924+0j),[-0.27911419],[1.],[-0.96025792],[1.],"(array([0.]), array([0.]), array([0.]))","(array([0.]), array([0.]), array([0.]))","(array([0.]), array([0.]), array([0.]))","(array([0.]), array([0.]), array([0.]))","(array([0.]), array([0.]), array([0.]))","(array([0.]), array([0.]), array([0.]))","(array([0.]), array([0.]), array([0.]))","(array([0.]), array([0.]), array([0.]))","(array([0.]), array([0.]), array([0.]))","(array([0.]), array([0.]), array([0.]))","(array([0.]), array([0.]), array([0.]))"
(0.4999983826309428+0j),[-0.59671024],[1.],[-0.80245679],[1.],"(array([0.]), array([0.]), array([0.]))","(array([0.]), array([0.]), array([0.]))","(array([0.]), array([0.]), array([0.]))","(array([0.]), array([0.]), array([0.]))","(array([0.]), array([0.]), array([0.]))","(array([0.]), array([0.]), array([0.]))","(array([0.]), array([0.]), array([0.]))","(array([0.]), array([0.]), array([0.]))","(array([0.]), array([0.]), array([0.]))","(array([0.]), array([0.]), array([0.]))","(array([0.]), array([0.]), array([0.]))"
(0.4999983505326713+0j),[-0.8039278],[1.],[-0.59472691],[1.],"(array([0.]), array([0.]), array([0.]))","(array([0.]), array([0.]), array([0.]))","(array([0.]), array([0.]), array([0.]))","(array([0.]), array([0.]), array([0.]))","(array([0.]), array([0.]), array([0.]))","(array([0.]), array([0.]), array([0.]))","(array([0.]), array([0.]), array([0.]))","(array([0.]), array([0.]), array([0.]))","(array([0.]), array([0.]), array([0.]))","(array([0.]), array([0.]), array([0.]))","(array([0.]), array([0.]), array([0.]))"
(0.499998326743595+0j),[-0.79788297],[1.],[-0.60281238],[1.],"(array([0.]), array([0.]), array([0.]))","(array([0.]), array([0.]), array([0.]))","(array([0.]), array([0.]), array([0.]))","(array([0.]), array([0.]), array([0.]))","(array([0.]), array([0.]), array([0.]))","(array([0.]), array([0.]), array([0.]))","(array([0.]), array([0.]), array([0.]))","(array([0.]), array([0.]), array([0.]))","(array([0.]), array([0.]), array([0.]))","(array([0.]), array([0.]), array([0.]))","(array([0.]), array([0.]), array([0.]))"
(0.4999983026310998+0j),[-0.96827321],[1.],[-0.24989396],[1.],"(array([0.]), array([0.]), array([0.]))","(array([0.]), array([0.]), array([0.]))","(array([0.]), array([0.]), array([0.]))","(array([0.]), array([0.]), array([0.]))","(array([0.]), array([0.]), array([0.]))","(array([0.]), array([0.]), array([0.]))","(array([0.]), array([0.]), array([0.]))","(array([0.]), array([0.]), array([0.]))","(array([0.]), array([0.]), array([0.]))","(array([0.]), array([0.]), array([0.]))","(array([0.]), array([0.]), array([0.]))"
(0.49999829263534157+0j),[-0.64798395],[1.],[-0.76165399],[1.],"(array([0.]), array([0.]), array([0.]))","(array([0.]), array([0.]), array([0.]))","(array([0.]), array([0.]), array([0.]))","(array([0.]), array([0.]), array([0.]))","(array([0.]), array([0.]), array([0.]))","(array([0.]), array([0.]), array([0.]))","(array([0.]), array([0.]), array([0.]))","(array([0.]), array([0.]), array([0.]))","(array([0.]), array([0.]), array([0.]))","(array([0.]), array([0.]), array([0.]))","(array([0.]), array([0.]), array([0.]))"
(0.49999826216918236+0j),[-0.58429162],[1.],[-0.81154377],[1.],"(array([0.]), array([0.]), array([0.]))","(array([0.]), array([0.]), array([0.]))","(array([0.]), array([0.]), array([0.]))","(array([0.]), array([0.]), array([0.]))","(array([0.]), array([0.]), array([0.]))","(array([0.]), array([0.]), array([0.]))","(array([0.]), array([0.]), array([0.]))","(array([0.]), array([0.]), array([0.]))","(array([0.]), array([0.]), array([0.]))","(array([0.]), array([0.]), array([0.]))","(array([0.]), array([0.]), array([0.]))"
(0.4999982297074318+0j),[-0.25675996],[1.],[-0.96647521],[1.],"(array([0.]), array([0.]), array([0.]))","(array([0.]), array([0.]), array([0.]))","(array([0.]), array([0.]), array([0.]))","(array([0.]), array([0.]), array([0.]))","(array([0.]), array([0.]), array([0.]))","(array([0.]), array([0.]), array([0.]))","(array([0.]), array([0.]), array([0.]))","(array([0.]), array([0.]), array([0.]))","(array([0.]), array([0.]), array([0.]))","(array([0.]), array([0.]), array([0.]))","(array([0.]), array([0.]), array([0.]))"
(0.4999981910484237+0j),[0.04836452],[1.],[-0.99882975],[1.],"(array([0.]), array([0.]), array([0.]))","(array([0.]), array([0.]), array([0.]))","(array([0.]), array([0.]), array([0.]))","(array([0.]), array([0.]), array([0.]))","(array([0.]), array([0.]), array([0.]))","(array([0.]), array([0.]), array([0.]))","(array([0.]), array([0.]), array([0.]))","(array([0.]), array([0.]), array([0.]))","(array([0.]), array([0.]), array([0.]))","(array([0.]), array([0.]), array([0.]))","(array([0.]), array([0.]), array([0.]))"
(0.4999981510952338+0j),[0.35776032],[1.],[-0.93381344],[1.],"(array([0.]), array([0.]), array([0.]))","(array([0.]), array([0.]), array([0.]))","(array([0.]), array([0.]), array([0.]))","(array([0.]), array([0.]), array([0.]))","(array([0.]), array([0.]), array([0.]))","(array([0.]), array([0.]), array([0.]))","(array([0.]), array([0.]), array([0.]))","(array([0.]), array([0.]), array([0.]))","(array([0.]), array([0.]), array([0.]))","(array([0.]), array([0.]), array([0.]))","(array([0.]), array([0.]), array([0.]))"
(0.4999981137426958+0j),[0.59212005],[1.],[-0.80584976],[1.],"(array([0.]), array([0.]), array([0.]))","(array([0.]), array([0.]), array([0.]))","(array([0.]), array([0.]), array([0.]))","(array([0.]), array([0.]), array([0.]))","(array([0.]), array([0.]), array([0.]))","(array([0.]), array([0.]), array([0.]))","(array([0.]), array([0.]), array([0.]))","(array([0.]), array([0.]), array([0.]))","(array([0.]), array([0.]), array([0.]))","(array([0.]), array([0.]), array([0.]))","(array([0.]), array([0.]), array([0.]))"
(0.49999808150870506+0j),[0.74358441],[1.],[-0.66864208],[1.],"(array([0.]), array([0.]), array([0.]))","(array([0.]), array([0.]), array([0.]))","(array([0.]), array([0.]), array([0.]))","(array([0.]), array([0.]), array([0.]))","(array([0.]), array([0.]), array([0.]))","(array([0.]), array([0.]), array([0.]))","(array([0.]), array([0.]), array([0.]))","(array([0.]), array([0.]), array([0.]))","(array([0.]), array([0.]), array([0.]))","(array([0.]), array([0.]), array([0.]))","(array([0.]), array([0.]), array([0.]))"
(0.49999805476302184+0j),[0.77738725],[1.],[-0.62902231],[1.],"(array([0.]), array([0.]), array([0.]))","(array([0.]), array([0.]), array([0.]))","(array([0.]), array([0.]), array([0.]))","(array([0.]), array([0.]), array([0.]))","(array([0.]), array([0.]), array([0.]))","(array([0.]), array([0.]), array([0.]))","(array([0.]), array([0.]), array([0.]))","(array([0.]), array([0.]), array([0.]))","(array([0.]), array([0.]), array([0.]))","(array([0.]), array([0.]), array([0.]))","(array([0.]), array([0.]), array([0.]))"
(0.4999980296021294+0j),[0.61833224],[1.],[-0.78591681],[1.],"(array([0.]), array([0.]), array([0.]))","(array([0.]), array([0.]), array([0.]))","(array([0.]), array([0.]), array([0.]))","(array([0.]), array([0.]), array([0.]))","(array([0.]), array([0.]), array([0.]))","(array([0.]), array([0.]), array([0.]))","(array([0.]), array([0.]), array([0.]))","(array([0.]), array([0.]), array([0.]))","(array([0.]), array([0.]), array([0.]))","(array([0.]), array([0.]), array([0.]))","(array([0.]), array([0.]), array([0.]))"
(0.49999799816545676+0j),[0.52909802],[1.],[-0.84856072],[1.],"(array([0.]), array([0.]), array([0.]))","(array([0.]), array([0.]), array([0.]))","(array([0.]), array([0.]), array([0.]))","(array([0.]), array([0.]), array([0.]))","(array([0.]), array([0.]), array([0.]))","(array([0.]), array([0.]), array([0.]))","(array([0.]), array([0.]), array([0.]))","(array([0.]), array([0.]), array([0.]))","(array([0.]), array([0.]), array([0.]))","(array([0.]), array([0.]), array([0.]))","(array([0.]), array([0.]), array([0.]))"
(0.49999796422302845+0j),[0.59495862],[1.],[-0.80375633],[1.],"(array([0.]), array([0.]), array([0.]))","(array([0.]), array([0.]), array([0.]))","(array([0.]), array([0.]), array([0.]))","(array([0.]), array([0.]), array([0.]))","(array([0.]), array([0.]), array([0.]))","(array([0.]), array([0.]), array([0.]))","(array([0.]), array([0.]), array([0.]))","(array([0.]), array([0.]), array([0.]))","(array([0.]), array([0.]), array([0.]))","(array([0.]), array([0.]), array([0.]))","(array([0.]), array([0.]), array([0.]))"
(0.4999979320727753+0j),[0.71489077],[1.],[-0.69923614],[1.],"(array([0.]), array([0.]), array([0.]))","(array([0.]), array([0.]), array([0.]))","(array([0.]), array([0.]), array([0.]))","(array([0.]), array([0.]), array([0.]))","(array([0.]), array([0.]), array([0.]))","(array([0.]), array([0.]), array([0.]))","(array([0.]), array([0.]), array([0.]))","(array([0.]), array([0.]), array([0.]))","(array([0.]), array([0.]), array([0.]))","(array([0.]), array([0.]), array([0.]))","(array([0.]), array([0.]), array([0.]))"
(0.49999790410333006+0j),[0.77535066],[1.],[-0.63153095],[1.],"(array([0.]), array([0.]), array([0.]))","(array([0.]), array([0.]), array([0.]))","(array([0.]), array([0.]), array([0.]))","(array([0.]), array([0.]), array([0.]))","(array([0.]), array([0.]), array([0.]))","(array([0.]), array([0.]), array([0.]))","(array([0.]), array([0.]), array([0.]))","(array([0.]), array([0.]), array([0.]))","(array([0.]), array([0.]), array([0.]))","(array([0.]), array([0.]), array([0.]))","(array([0.]), array([0.]), array([0.]))"
(0.4999978788420923+0j),[0.37375598],[1.],[-0.92752707],[1.],"(array([0.]), array([0.]), array([0.]))","(array([0.]), array([0.]), array([0.]))","(array([0.]), array([0.]), array([0.]))","(array([0.]), array([0.]), array([0.]))","(array([0.]), array([0.]), array([0.]))","(array([0.]), array([0.]), array([0.]))","(array([0.]), array([0.]), array([0.]))","(array([0.]), array([0.]), array([0.]))","(array([0.]), array([0.]), array([0.]))","(array([0.]), array([0.]), array([0.]))","(array([0.]), array([0.]), array([0.]))"
(0.4999978417410088+0j),[0.65403387],[1.],[-0.75646526],[1.],"(array([0.]), array([0.]), array([0.]))","(array([0.]), array([0.]), array([0.]))","(array([0.]), array([0.]), array([0.]))","(array([0.]), array([0.]), array([0.]))","(array([0.]), array([0.]), array([0.]))","(array([0.]), array([0.]), array([0.]))","(array([0.]), array([0.]), array([0.]))","(array([0.]), array([0.]), array([0.]))","(array([0.]), array([0.]), array([0.]))","(array([0.]), array([0.]), array([0.]))","(array([0.]), array([0.]), array([0.]))"
(0.49999781148239825+0j),[0.39963844],[1.],[-0.91667285],[1.],"(array([0.]), array([0.]), array([0.]))","(array([0.]), array([0.]), array([0.]))","(array([0.]), array([0.]), array([0.]))","(array([0.]), array([0.]), array([0.]))","(array([0.]), array([0.]), array([0.]))","(array([0.]), array([0.]), array([0.]))","(array([0.]), array([0.]), array([0.]))","(array([0.]), array([0.]), array([0.]))","(array([0.]), array([0.]), array([0.]))","(array([0.]), array([0.]), array([0.]))","(array([0.]), array([0.]), array([0.]))"
(0.49999777481548424+0j),[0.33727187],[1.],[-0.94140729],[1.],"(array([0.]), array([0.]), array([0.]))","(array([0.]), array([0.]), array([0.]))","(array([0.]), array([0.]), array([0.]))","(array([0.]), array([0.]), array([0.]))","(array([0.]), array([0.]), array([0.]))","(array([0.]), array([0.]), array([0.]))","(array([0.]), array([0.]), array([0.]))","(array([0.]), array([0.]), array([0.]))","(array([0.]), array([0.]), array([0.]))","(array([0.]), array([0.]), array([0.]))","(array([0.]), array([0.]), array([0.]))"
(0.4999977371591925+0j),[0.33913538],[1.],[-0.94073758],[1.],"(array([0.]), array([0.]), array([0.]))","(array([0.]), array([0.]), array([0.]))","(array([0.]), array([0.]), array([0.]))","(array([0.]), array([0.]), array([0.]))","(array([0.]), array([0.]), array([0.]))","(array([0.]), array([0.]), array([0.]))","(array([0.]), array([0.]), array([0.]))","(array([0.]), array([0.]), array([0.]))","(array([0.]), array([0.]), array([0.]))","(array([0.]), array([0.]), array([0.]))","(array([0.]), array([0.]), array([0.]))"
(0.49999769952968914+0j),[-0.27172192],[1.],[-0.96237581],[1.],"(array([0.]), array([0.]), array([0.]))","(array([0.]), array([0.]), array([0.]))","(array([0.]), array([0.]), array([0.]))","(array([0.]), array([0.]), array([0.]))","(array([0.]), array([0.]), array([0.]))","(array([0.]), array([0.]), array([0.]))","(array([0.]), array([0.]), array([0.]))","(array([0.]), array([0.]), array([0.]))","(array([0.]), array([0.]), array([0.]))","(array([0.]), array([0.]), array([0.]))","(array([0.]), array([0.]), array([0.]))"
(0.49999766103465715+0j),[-0.35245284],[1.],[-0.93582958],[1.],"(array([0.]), array([0.]), array([0.]))","(array([0.]), array([0.]), array([0.]))","(array([0.]), array([0.]), array([0.]))","(array([0.]), array([0.]), array([0.]))","(array([0.]), array([0.]), array([0.]))","(array([0.]), array([0.]), array([0.]))","(array([0.]), array([0.]), array([0.]))","(array([0.]), array([0.]), array([0.]))","(array([0.]), array([0.]), array([0.]))","(array([0.]), array([0.]), array([0.]))","(array([0.]), array([0.]), array([0.]))"
(0.49999762360147415+0j),[-0.21939499],[1.],[-0.97563612],[1.],"(array([0.]), array([0.]), array([0.]))","(array([0.]), array([0.]), array([0.]))","(array([0.]), array([0.]), array([0.]))","(array([0.]), array([0.]), array([0.]))","(array([0.]), array([0.]), array([0.]))","(array([0.]), array([0.]), array([0.]))","(array([0.]), array([0.]), array([0.]))","(array([0.]), array([0.]), array([0.]))","(array([0.]), array([0.]), array([0.]))","(array([0.]), array([0.]), array([0.]))","(array([0.]), array([0.]), array([0.]))"
(0.49999758457602933+0j),[-0.28680936],[1.],[-0.95798768],[1.],"(array([0.]), array([0.]), array([0.]))","(array([0.]), array([0.]), array([0.]))","(array([0.]), array([0.]), array([0.]))","(array([0.]), array([0.]), array([0.]))","(array([0.]), array([0.]), array([0.]))","(array([0.]), array([0.]), array([0.]))","(array([0.]), array([0.]), array([0.]))","(array([0.]), array([0.]), array([0.]))","(array([0.]), array([0.]), array([0.]))","(array([0.]), array([0.]), array([0.]))","(array([0.]), array([0.]), array([0.]))"
(0.4999975462565223+0j),[-0.4832281],[1.],[-0.87549449],[1.],"(array([0.]), array([0.]), array([0.]))","(array([0.]), array([0.]), array([0.]))","(array([0.]), array([0.]), array([0.]))","(array([0.]), array([0.]), array([0.]))","(array([0.]), array([0.]), array([0.]))","(array([0.]), array([0.]), array([0.]))","(array([0.]), array([0.]), array([0.]))","(array([0.]), array([0.]), array([0.]))","(array([0.]), array([0.]), array([0.]))","(array([0.]), array([0.]), array([0.]))","(array([0.]), array([0.]), array([0.]))"
(0.4999975112367423+0j),[-0.61659538],[1.],[-0.78728022],[1.],"(array([0.]), array([0.]), array([0.]))","(array([0.]), array([0.]), array([0.]))","(array([0.]), array([0.]), array([0.]))","(array([0.]), array([0.]), array([0.]))","(array([0.]), array([0.]), array([0.]))","(array([0.]), array([0.]), array([0.]))","(array([0.]), array([0.]), array([0.]))","(array([0.]), array([0.]), array([0.]))","(array([0.]), array([0.]), array([0.]))","(array([0.]), array([0.]), array([0.]))","(array([0.]), array([0.]), array([0.]))"
(0.49999747974553366+0j),[-0.67272819],[1.],[-0.73988971],[1.],"(array([0.]), array([0.]), array([0.]))","(array([0.]), array([0.]), array([0.]))","(array([0.]), array([0.]), array([0.]))","(array([0.]), array([0.]), array([0.]))","(array([0.]), array([0.]), array([0.]))","(array([0.]), array([0.]), array([0.]))","(array([0.]), array([0.]), array([0.]))","(array([0.]), array([0.]), array([0.]))","(array([0.]), array([0.]), array([0.]))","(array([0.]), array([0.]), array([0.]))","(array([0.]), array([0.]), array([0.]))"
(0.499997450149945+0j),[-0.61674307],[1.],[-0.78716453],[1.],"(array([0.]), array([0.]), array([0.]))","(array([0.]), array([0.]), array([0.]))","(array([0.]), array([0.]), array([0.]))","(array([0.]), array([0.]), array([0.]))","(array([0.]), array([0.]), array([0.]))","(array([0.]), array([0.]), array([0.]))","(array([0.]), array([0.]), array([0.]))","(array([0.]), array([0.]), array([0.]))","(array([0.]), array([0.]), array([0.]))","(array([0.]), array([0.]), array([0.]))","(array([0.]), array([0.]), array([0.]))"
(0.49999741866336417+0j),[-0.43732853],[1.],[-0.89930182],[1.],"(array([0.]), array([0.]), array([0.]))","(array([0.]), array([0.]), array([0.]))","(array([0.]), array([0.]), array([0.]))","(array([0.]), array([0.]), array([0.]))","(array([0.]), array([0.]), array([0.]))","(array([0.]), array([0.]), array([0.]))","(array([0.]), array([0.]), array([0.]))","(array([0.]), array([0.]), array([0.]))","(array([0.]), array([0.]), array([0.]))","(array([0.]), array([0.]), array([0.]))","(array([0.]), array([0.]), array([0.]))"
(0.4999973826912911+0j),[-0.48332801],[1.],[-0.87543934],[1.],"(array([0.]), array([0.]), array([0.]))","(array([0.]), array([0.]), array([0.]))","(array([0.]), array([0.]), array([0.]))","(array([0.]), array([0.]), array([0.]))","(array([0.]), array([0.]), array([0.]))","(array([0.]), array([0.]), array([0.]))","(array([0.]), array([0.]), array([0.]))","(array([0.]), array([0.]), array([0.]))","(array([0.]), array([0.]), array([0.]))","(array([0.]), array([0.]), array([0.]))","(array([0.]), array([0.]), array([0.]))"
(0.49999734767371784+0j),[-0.60921126],[1.],[-0.79300797],[1.],"(array([0.]), array([0.]), array([0.]))","(array([0.]), array([0.]), array([0.]))","(array([0.]), array([0.]), array([0.]))","(array([0.]), array([0.]), array([0.]))","(array([0.]), array([0.]), array([0.]))","(array([0.]), array([0.]), array([0.]))","(array([0.]), array([0.]), array([0.]))","(array([0.]), array([0.]), array([0.]))","(array([0.]), array([0.]), array([0.]))","(array([0.]), array([0.]), array([0.]))","(array([0.]), array([0.]), array([0.]))"
(0.4999973159533993+0j),[-0.51485516],[1.],[-0.85727718],[1.],"(array([0.]), array([0.]), array([0.]))","(array([0.]), array([0.]), array([0.]))","(array([0.]), array([0.]), array([0.]))","(array([0.]), array([0.]), array([0.]))","(array([0.]), array([0.]), array([0.]))","(array([0.]), array([0.]), array([0.]))","(array([0.]), array([0.]), array([0.]))","(array([0.]), array([0.]), array([0.]))","(array([0.]), array([0.]), array([0.]))","(array([0.]), array([0.]), array([0.]))","(array([0.]), array([0.]), array([0.]))"
(0.49999728166231183+0j),[-0.28948384],[1.],[-0.9571829],[1.],"(array([0.]), array([0.]), array([0.]))","(array([0.]), array([0.]), array([0.]))","(array([0.]), array([0.]), array([0.]))","(array([0.]), array([0.]), array([0.]))","(array([0.]), array([0.]), array([0.]))","(array([0.]), array([0.]), array([0.]))","(array([0.]), array([0.]), array([0.]))","(array([0.]), array([0.]), array([0.]))","(array([0.]), array([0.]), array([0.]))","(array([0.]), array([0.]), array([0.]))","(array([0.]), array([0.]), array([0.]))"
(0.49999724337499546+0j),[-0.01872621],[1.],[-0.99982465],[1.],"(array([0.]), array([0.]), array([0.]))","(array([0.]), array([0.]), array([0.]))","(array([0.]), array([0.]), array([0.]))","(array([0.]), array([0.]), array([0.]))","(array([0.]), array([0.]), array([0.]))","(array([0.]), array([0.]), array([0.]))","(array([0.]), array([0.]), array([0.]))","(array([0.]), array([0.]), array([0.]))","(array([0.]), array([0.]), array([0.]))","(array([0.]), array([0.]), array([0.]))","(array([0.]), array([0.]), array([0.]))"
(0.4999972033820092+0j),[0.2845207],[1.],[-0.9586699],[1.],"(array([0.]), array([0.]), array([0.]))","(array([0.]), array([0.]), array([0.]))","(array([0.]), array([0.]), array([0.]))","(array([0.]), array([0.]), array([0.]))","(array([0.]), array([0.]), array([0.]))","(array([0.]), array([0.]), array([0.]))","(array([0.]), array([0.]), array([0.]))","(array([0.]), array([0.]), array([0.]))","(array([0.]), array([0.]), array([0.]))","(array([0.]), array([0.]), array([0.]))","(array([0.]), array([0.]), array([0.]))"
(0.4999971650352135+0j),[0.35761495],[1.],[-0.93386913],[1.],"(array([0.]), array([0.]), array([0.]))","(array([0.]), array([0.]), array([0.]))","(array([0.]), array([0.]), array([0.]))","(array([0.]), array([0.]), array([0.]))","(array([0.]), array([0.]), array([0.]))","(array([0.]), array([0.]), array([0.]))","(array([0.]), array([0.]), array([0.]))","(array([0.]), array([0.]), array([0.]))","(array([0.]), array([0.]), array([0.]))","(array([0.]), array([0.]), array([0.]))","(array([0.]), array([0.]), array([0.]))"
(0.4999971276804481+0j),[0.60035483],[1.],[-0.79973376],[1.],"(array([0.]), array([0.]), array([0.]))","(array([0.]), array([0.]), array([0.]))","(array([0.]), array([0.]), array([0.]))","(array([0.]), array([0.]), array([0.]))","(array([0.]), array([0.]), array([0.]))","(array([0.]), array([0.]), array([0.]))","(array([0.]), array([0.]), array([0.]))","(array([0.]), array([0.]), array([0.]))","(array([0.]), array([0.]), array([0.]))","(array([0.]), array([0.]), array([0.]))","(array([0.]), array([0.]), array([0.]))"
(0.49999709569109757+0j),[0.4344132],[1.],[-0.9007137],[1.],"(array([0.]), array([0.]), array([0.]))","(array([0.]), array([0.]), array([0.]))","(array([0.]), array([0.]), array([0.]))","(array([0.]), array([0.]), array([0.]))","(array([0.]), array([0.]), array([0.]))","(array([0.]), array([0.]), array([0.]))","(array([0.]), array([0.]), array([0.]))","(array([0.]), array([0.]), array([0.]))","(array([0.]), array([0.]), array([0.]))","(array([0.]), array([0.]), array([0.]))","(array([0.]), array([0.]), array([0.]))"
(0.4999970596625492+0j),[0.72599399],[1.],[-0.68770105],[1.],"(array([0.]), array([0.]), array([0.]))","(array([0.]), array([0.]), array([0.]))","(array([0.]), array([0.]), array([0.]))","(array([0.]), array([0.]), array([0.]))","(array([0.]), array([0.]), array([0.]))","(array([0.]), array([0.]), array([0.]))","(array([0.]), array([0.]), array([0.]))","(array([0.]), array([0.]), array([0.]))","(array([0.]), array([0.]), array([0.]))","(array([0.]), array([0.]), array([0.]))","(array([0.]), array([0.]), array([0.]))"
(0.4999970321545067+0j),[0.84245994],[1.],[-0.53875899],[1.],"(array([0.]), array([0.]), array([0.]))","(array([0.]), array([0.]), array([0.]))","(array([0.]), array([0.]), array([0.]))","(array([0.]), array([0.]), array([0.]))","(array([0.]), array([0.]), array([0.]))","(array([0.]), array([0.]), array([0.]))","(array([0.]), array([0.]), array([0.]))","(array([0.]), array([0.]), array([0.]))","(array([0.]), array([0.]), array([0.]))","(array([0.]), array([0.]), array([0.]))","(array([0.]), array([0.]), array([0.]))"
(0.4999970106041477+0j),[0.73353945],[1.],[-0.67964688],[1.],"(array([0.]), array([0.]), array([0.]))","(array([0.]), array([0.]), array([0.]))","(array([0.]), array([0.]), array([0.]))","(array([0.]), array([0.]), array([0.]))","(array([0.]), array([0.]), array([0.]))","(array([0.]), array([0.]), array([0.]))","(array([0.]), array([0.]), array([0.]))","(array([0.]), array([0.]), array([0.]))","(array([0.]), array([0.]), array([0.]))","(array([0.]), array([0.]), array([0.]))","(array([0.]), array([0.]), array([0.]))"
(0.49999698341827253+0j),[0.68760895],[1.],[-0.72608122],[1.],"(array([0.]), array([0.]), array([0.]))","(array([0.]), array([0.]), array([0.]))","(array([0.]), array([0.]), array([0.]))","(array([0.]), array([0.]), array([0.]))","(array([0.]), array([0.]), array([0.]))","(array([0.]), array([0.]), array([0.]))","(array([0.]), array([0.]), array([0.]))","(array([0.]), array([0.]), array([0.]))","(array([0.]), array([0.]), array([0.]))","(array([0.]), array([0.]), array([0.]))","(array([0.]), array([0.]), array([0.]))"
(0.49999695437502356+0j),[0.67114533],[1.],[-0.7413258],[1.],"(array([0.]), array([0.]), array([0.]))","(array([0.]), array([0.]), array([0.]))","(array([0.]), array([0.]), array([0.]))","(array([0.]), array([0.]), array([0.]))","(array([0.]), array([0.]), array([0.]))","(array([0.]), array([0.]), array([0.]))","(array([0.]), array([0.]), array([0.]))","(array([0.]), array([0.]), array([0.]))","(array([0.]), array([0.]), array([0.]))","(array([0.]), array([0.]), array([0.]))","(array([0.]), array([0.]), array([0.]))"
(0.4999969247219912+0j),[0.73533116],[1.],[-0.67770796],[1.],"(array([0.]), array([0.]), array([0.]))","(array([0.]), array([0.]), array([0.]))","(array([0.]), array([0.]), array([0.]))","(array([0.]), array([0.]), array([0.]))","(array([0.]), array([0.]), array([0.]))","(array([0.]), array([0.]), array([0.]))","(array([0.]), array([0.]), array([0.]))","(array([0.]), array([0.]), array([0.]))","(array([0.]), array([0.]), array([0.]))","(array([0.]), array([0.]), array([0.]))","(array([0.]), array([0.]), array([0.]))"
(0.49999689761367316+0j),[0.77496217],[1.],[-0.63200762],[1.],"(array([0.]), array([0.]), array([0.]))","(array([0.]), array([0.]), array([0.]))","(array([0.]), array([0.]), array([0.]))","(array([0.]), array([0.]), array([0.]))","(array([0.]), array([0.]), array([0.]))","(array([0.]), array([0.]), array([0.]))","(array([0.]), array([0.]), array([0.]))","(array([0.]), array([0.]), array([0.]))","(array([0.]), array([0.]), array([0.]))","(array([0.]), array([0.]), array([0.]))","(array([0.]), array([0.]), array([0.]))"
(0.4999968723333686+0j),[0.73808123],[1.],[-0.67471186],[1.],"(array([0.]), array([0.]), array([0.]))","(array([0.]), array([0.]), array([0.]))","(array([0.]), array([0.]), array([0.]))","(array([0.]), array([0.]), array([0.]))","(array([0.]), array([0.]), array([0.]))","(array([0.]), array([0.]), array([0.]))","(array([0.]), array([0.]), array([0.]))","(array([0.]), array([0.]), array([0.]))","(array([0.]), array([0.]), array([0.]))","(array([0.]), array([0.]), array([0.]))","(array([0.]), array([0.]), array([0.]))"
(0.4999968453448936+0j),[0.61699736],[1.],[-0.78696522],[1.],"(array([0.]), array([0.]), array([0.]))","(array([0.]), array([0.]), array([0.]))","(array([0.]), array([0.]), array([0.]))","(array([0.]), array([0.]), array([0.]))","(array([0.]), array([0.]), array([0.]))","(array([0.]), array([0.]), array([0.]))","(array([0.]), array([0.]), array([0.]))","(array([0.]), array([0.]), array([0.]))","(array([0.]), array([0.]), array([0.]))","(array([0.]), array([0.]), array([0.]))","(array([0.]), array([0.]), array([0.]))"
(0.499996813866285+0j),[0.60709831],[1.],[-0.79462673],[1.],"(array([0.]), array([0.]), array([0.]))","(array([0.]), array([0.]), array([0.]))","(array([0.]), array([0.]), array([0.]))","(array([0.]), array([0.]), array([0.]))","(array([0.]), array([0.]), array([0.]))","(array([0.]), array([0.]), array([0.]))","(array([0.]), array([0.]), array([0.]))","(array([0.]), array([0.]), array([0.]))","(array([0.]), array([0.]), array([0.]))","(array([0.]), array([0.]), array([0.]))","(array([0.]), array([0.]), array([0.]))"
(0.4999967820812156+0j),[0.5707078],[1.],[-0.82115322],[1.],"(array([0.]), array([0.]), array([0.]))","(array([0.]), array([0.]), array([0.]))","(array([0.]), array([0.]), array([0.]))","(array([0.]), array([0.]), array([0.]))","(array([0.]), array([0.]), array([0.]))","(array([0.]), array([0.]), array([0.]))","(array([0.]), array([0.]), array([0.]))","(array([0.]), array([0.]), array([0.]))","(array([0.]), array([0.]), array([0.]))","(array([0.]), array([0.]), array([0.]))","(array([0.]), array([0.]), array([0.]))"
(0.49999674923508713+0j),[0.76842437],[1.],[-0.63994061],[1.],"(array([0.]), array([0.]), array([0.]))","(array([0.]), array([0.]), array([0.]))","(array([0.]), array([0.]), array([0.]))","(array([0.]), array([0.]), array([0.]))","(array([0.]), array([0.]), array([0.]))","(array([0.]), array([0.]), array([0.]))","(array([0.]), array([0.]), array([0.]))","(array([0.]), array([0.]), array([0.]))","(array([0.]), array([0.]), array([0.]))","(array([0.]), array([0.]), array([0.]))","(array([0.]), array([0.]), array([0.]))"
(0.49999672363746295+0j),[0.67615046],[1.],[-0.73676357],[1.],"(array([0.]), array([0.]), array([0.]))","(array([0.]), array([0.]), array([0.]))","(array([0.]), array([0.]), array([0.]))","(array([0.]), array([0.]), array([0.]))","(array([0.]), array([0.]), array([0.]))","(array([0.]), array([0.]), array([0.]))","(array([0.]), array([0.]), array([0.]))","(array([0.]), array([0.]), array([0.]))","(array([0.]), array([0.]), array([0.]))","(array([0.]), array([0.]), array([0.]))","(array([0.]), array([0.]), array([0.]))"
(0.49999669416692055+0j),[0.35179268],[1.],[-0.93607794],[1.],"(array([0.]), array([0.]), array([0.]))","(array([0.]), array([0.]), array([0.]))","(array([0.]), array([0.]), array([0.]))","(array([0.]), array([0.]), array([0.]))","(array([0.]), array([0.]), array([0.]))","(array([0.]), array([0.]), array([0.]))","(array([0.]), array([0.]), array([0.]))","(array([0.]), array([0.]), array([0.]))","(array([0.]), array([0.]), array([0.]))","(array([0.]), array([0.]), array([0.]))","(array([0.]), array([0.]), array([0.]))"
(0.49999665672380283+0j),[0.46100617],[1.],[-0.88739693],[1.],"(array([0.]), array([0.]), array([0.]))","(array([0.]), array([0.]), array([0.]))","(array([0.]), array([0.]), array([0.]))","(array([0.]), array([0.]), array([0.]))","(array([0.]), array([0.]), array([0.]))","(array([0.]), array([0.]), array([0.]))","(array([0.]), array([0.]), array([0.]))","(array([0.]), array([0.]), array([0.]))","(array([0.]), array([0.]), array([0.]))","(array([0.]), array([0.]), array([0.]))","(array([0.]), array([0.]), array([0.]))"
(0.49999662122792604+0j),[0.39983812],[1.],[-0.91658577],[1.],"(array([0.]), array([0.]), array([0.]))","(array([0.]), array([0.]), array([0.]))","(array([0.]), array([0.]), array([0.]))","(array([0.]), array([0.]), array([0.]))","(array([0.]), array([0.]), array([0.]))","(array([0.]), array([0.]), array([0.]))","(array([0.]), array([0.]), array([0.]))","(array([0.]), array([0.]), array([0.]))","(array([0.]), array([0.]), array([0.]))","(array([0.]), array([0.]), array([0.]))","(array([0.]), array([0.]), array([0.]))"
(0.499996584564495+0j),[0.52632256],[1.],[-0.85028499],[1.],"(array([0.]), array([0.]), array([0.]))","(array([0.]), array([0.]), array([0.]))","(array([0.]), array([0.]), array([0.]))","(array([0.]), array([0.]), array([0.]))","(array([0.]), array([0.]), array([0.]))","(array([0.]), array([0.]), array([0.]))","(array([0.]), array([0.]), array([0.]))","(array([0.]), array([0.]), array([0.]))","(array([0.]), array([0.]), array([0.]))","(array([0.]), array([0.]), array([0.]))","(array([0.]), array([0.]), array([0.]))"
(0.49999655055309516+0j),[0.43667491],[1.],[-0.89961938],[1.],"(array([0.]), array([0.]), array([0.]))","(array([0.]), array([0.]), array([0.]))","(array([0.]), array([0.]), array([0.]))","(array([0.]), array([0.]), array([0.]))","(array([0.]), array([0.]), array([0.]))","(array([0.]), array([0.]), array([0.]))","(array([0.]), array([0.]), array([0.]))","(array([0.]), array([0.]), array([0.]))","(array([0.]), array([0.]), array([0.]))","(array([0.]), array([0.]), array([0.]))","(array([0.]), array([0.]), array([0.]))"
(0.49999651456832017+0j),[0.35391607],[1.],[-0.93527719],[1.],"(array([0.]), array([0.]), array([0.]))","(array([0.]), array([0.]), array([0.]))","(array([0.]), array([0.]), array([0.]))","(array([0.]), array([0.]), array([0.]))","(array([0.]), array([0.]), array([0.]))","(array([0.]), array([0.]), array([0.]))","(array([0.]), array([0.]), array([0.]))","(array([0.]), array([0.]), array([0.]))","(array([0.]), array([0.]), array([0.]))","(array([0.]), array([0.]), array([0.]))","(array([0.]), array([0.]), array([0.]))"
(0.4999964771572328+0j),[0.64881198],[1.],[-0.76094876],[1.],"(array([0.]), array([0.]), array([0.]))","(array([0.]), array([0.]), array([0.]))","(array([0.]), array([0.]), array([0.]))","(array([0.]), array([0.]), array([0.]))","(array([0.]), array([0.]), array([0.]))","(array([0.]), array([0.]), array([0.]))","(array([0.]), array([0.]), array([0.]))","(array([0.]), array([0.]), array([0.]))","(array([0.]), array([0.]), array([0.]))","(array([0.]), array([0.]), array([0.]))","(array([0.]), array([0.]), array([0.]))"
(0.4999964467192822+0j),[0.69503958],[1.],[-0.71897148],[1.],"(array([0.]), array([0.]), array([0.]))","(array([0.]), array([0.]), array([0.]))","(array([0.]), array([0.]), array([0.]))","(array([0.]), array([0.]), array([0.]))","(array([0.]), array([0.]), array([0.]))","(array([0.]), array([0.]), array([0.]))","(array([0.]), array([0.]), array([0.]))","(array([0.]), array([0.]), array([0.]))","(array([0.]), array([0.]), array([0.]))","(array([0.]), array([0.]), array([0.]))","(array([0.]), array([0.]), array([0.]))"
(0.4999964179604235+0j),[0.72646448],[1.],[-0.68720402],[1.],"(array([0.]), array([0.]), array([0.]))","(array([0.]), array([0.]), array([0.]))","(array([0.]), array([0.]), array([0.]))","(array([0.]), array([0.]), array([0.]))","(array([0.]), array([0.]), array([0.]))","(array([0.]), array([0.]), array([0.]))","(array([0.]), array([0.]), array([0.]))","(array([0.]), array([0.]), array([0.]))","(array([0.]), array([0.]), array([0.]))","(array([0.]), array([0.]), array([0.]))","(array([0.]), array([0.]), array([0.]))"
(0.49999639047226285+0j),[0.80375643],[1.],[-0.59495849],[1.],"(array([0.]), array([0.]), array([0.]))","(array([0.]), array([0.]), array([0.]))","(array([0.]), array([0.]), array([0.]))","(array([0.]), array([0.]), array([0.]))","(array([0.]), array([0.]), array([0.]))","(array([0.]), array([0.]), array([0.]))","(array([0.]), array([0.]), array([0.]))","(array([0.]), array([0.]), array([0.]))","(array([0.]), array([0.]), array([0.]))","(array([0.]), array([0.]), array([0.]))","(array([0.]), array([0.]), array([0.]))"
(0.4999963666739238+0j),[0.74727964],[1.],[-0.6645097],[1.],"(array([0.]), array([0.]), array([0.]))","(array([0.]), array([0.]), array([0.]))","(array([0.]), array([0.]), array([0.]))","(array([0.]), array([0.]), array([0.]))","(array([0.]), array([0.]), array([0.]))","(array([0.]), array([0.]), array([0.]))","(array([0.]), array([0.]), array([0.]))","(array([0.]), array([0.]), array([0.]))","(array([0.]), array([0.]), array([0.]))","(array([0.]), array([0.]), array([0.]))","(array([0.]), array([0.]), array([0.]))"
(0.4999963400935363+0j),[0.81662307],[1.],[-0.57717135],[1.],"(array([0.]), array([0.]), array([0.]))","(array([0.]), array([0.]), array([0.]))","(array([0.]), array([0.]), array([0.]))","(array([0.]), array([0.]), array([0.]))","(array([0.]), array([0.]), array([0.]))","(array([0.]), array([0.]), array([0.]))","(array([0.]), array([0.]), array([0.]))","(array([0.]), array([0.]), array([0.]))","(array([0.]), array([0.]), array([0.]))","(array([0.]), array([0.]), array([0.]))","(array([0.]), array([0.]), array([0.]))"
(0.4999963170066822+0j),[0.93751851],[1.],[-0.34793539],[1.],"(array([0.]), array([0.]), array([0.]))","(array([0.]), array([0.]), array([0.]))","(array([0.]), array([0.]), array([0.]))","(array([0.]), array([0.]), array([0.]))","(array([0.]), array([0.]), array([0.]))","(array([0.]), array([0.]), array([0.]))","(array([0.]), array([0.]), array([0.]))","(array([0.]), array([0.]), array([0.]))","(array([0.]), array([0.]), array([0.]))","(array([0.]), array([0.]), array([0.]))","(array([0.]), array([0.]), array([0.]))"
(0.49999630308926635+0j),[0.73335035],[1.],[-0.67985091],[1.],"(array([0.]), array([0.]), array([0.]))","(array([0.]), array([0.]), array([0.]))","(array([0.]), array([0.]), array([0.]))","(array([0.]), array([0.]), array([0.]))","(array([0.]), array([0.]), array([0.]))","(array([0.]), array([0.]), array([0.]))","(array([0.]), array([0.]), array([0.]))","(array([0.]), array([0.]), array([0.]))","(array([0.]), array([0.]), array([0.]))","(array([0.]), array([0.]), array([0.]))","(array([0.]), array([0.]), array([0.]))"
(0.4999962758952292+0j),[0.69341223],[1.],[-0.72054111],[1.],"(array([0.]), array([0.]), array([0.]))","(array([0.]), array([0.]), array([0.]))","(array([0.]), array([0.]), array([0.]))","(array([0.]), array([0.]), array([0.]))","(array([0.]), array([0.]), array([0.]))","(array([0.]), array([0.]), array([0.]))","(array([0.]), array([0.]), array([0.]))","(array([0.]), array([0.]), array([0.]))","(array([0.]), array([0.]), array([0.]))","(array([0.]), array([0.]), array([0.]))","(array([0.]), array([0.]), array([0.]))"
(0.49999624707358536+0j),[0.43289587],[1.],[-0.90144393],[1.],"(array([0.]), array([0.]), array([0.]))","(array([0.]), array([0.]), array([0.]))","(array([0.]), array([0.]), array([0.]))","(array([0.]), array([0.]), array([0.]))","(array([0.]), array([0.]), array([0.]))","(array([0.]), array([0.]), array([0.]))","(array([0.]), array([0.]), array([0.]))","(array([0.]), array([0.]), array([0.]))","(array([0.]), array([0.]), array([0.]))","(array([0.]), array([0.]), array([0.]))","(array([0.]), array([0.]), array([0.]))"
(0.49999621101582786+0j),[0.34789013],[1.],[-0.93753531],[1.],"(array([0.]), array([0.]), array([0.]))","(array([0.]), array([0.]), array([0.]))","(array([0.]), array([0.]), array([0.]))","(array([0.]), array([0.]), array([0.]))","(array([0.]), array([0.]), array([0.]))","(array([0.]), array([0.]), array([0.]))","(array([0.]), array([0.]), array([0.]))","(array([0.]), array([0.]), array([0.]))","(array([0.]), array([0.]), array([0.]))","(array([0.]), array([0.]), array([0.]))","(array([0.]), array([0.]), array([0.]))"
(0.499996173514416+0j),[0.31395411],[1.],[-0.94943816],[1.],"(array([0.]), array([0.]), array([0.]))","(array([0.]), array([0.]), array([0.]))","(array([0.]), array([0.]), array([0.]))","(array([0.]), array([0.]), array([0.]))","(array([0.]), array([0.]), array([0.]))","(array([0.]), array([0.]), array([0.]))","(array([0.]), array([0.]), array([0.]))","(array([0.]), array([0.]), array([0.]))","(array([0.]), array([0.]), array([0.]))","(array([0.]), array([0.]), array([0.]))","(array([0.]), array([0.]), array([0.]))"
(0.4999961355368898+0j),[0.11897097],[1.],[-0.99289773],[1.],"(array([0.]), array([0.]), array([0.]))","(array([0.]), array([0.]), array([0.]))","(array([0.]), array([0.]), array([0.]))","(array([0.]), array([0.]), array([0.]))","(array([0.]), array([0.]), array([0.]))","(array([0.]), array([0.]), array([0.]))","(array([0.]), array([0.]), array([0.]))","(array([0.]), array([0.]), array([0.]))","(array([0.]), array([0.]), array([0.]))","(array([0.]), array([0.]), array([0.]))","(array([0.]), array([0.]), array([0.]))"
(0.49999609582098+0j),[-0.01124658],[1.],[-0.99993676],[1.],"(array([0.]), array([0.]), array([0.]))","(array([0.]), array([0.]), array([0.]))","(array([0.]), array([0.]), array([0.]))","(array([0.]), array([0.]), array([0.]))","(array([0.]), array([0.]), array([0.]))","(array([0.]), array([0.]), array([0.]))","(array([0.]), array([0.]), array([0.]))","(array([0.]), array([0.]), array([0.]))","(array([0.]), array([0.]), array([0.]))","(array([0.]), array([0.]), array([0.]))","(array([0.]), array([0.]), array([0.]))"
(0.49999605582350953+0j),[0.060169],[1.],[-0.9981882],[1.],"(array([0.]), array([0.]), array([0.]))","(array([0.]), array([0.]), array([0.]))","(array([0.]), array([0.]), array([0.]))","(array([0.]), array([0.]), array([0.]))","(array([0.]), array([0.]), array([0.]))","(array([0.]), array([0.]), array([0.]))","(array([0.]), array([0.]), array([0.]))","(array([0.]), array([0.]), array([0.]))","(array([0.]), array([0.]), array([0.]))","(array([0.]), array([0.]), array([0.]))","(array([0.]), array([0.]), array([0.]))"
(0.4999960158959811+0j),[0.03802135],[1.],[-0.99927693],[1.],"(array([0.]), array([0.]), array([0.]))","(array([0.]), array([0.]), array([0.]))","(array([0.]), array([0.]), array([0.]))","(array([0.]), array([0.]), array([0.]))","(array([0.]), array([0.]), array([0.]))","(array([0.]), array([0.]), array([0.]))","(array([0.]), array([0.]), array([0.]))","(array([0.]), array([0.]), array([0.]))","(array([0.]), array([0.]), array([0.]))","(array([0.]), array([0.]), array([0.]))","(array([0.]), array([0.]), array([0.]))"
(0.4999959759249043+0j),[0.13311296],[1.],[-0.99110087],[1.],"(array([0.]), array([0.]), array([0.]))","(array([0.]), array([0.]), array([0.]))","(array([0.]), array([0.]), array([0.]))","(array([0.]), array([0.]), array([0.]))","(array([0.]), array([0.]), array([0.]))","(array([0.]), array([0.]), array([0.]))","(array([0.]), array([0.]), array([0.]))","(array([0.]), array([0.]), array([0.]))","(array([0.]), array([0.]), array([0.]))","(array([0.]), array([0.]), array([0.]))","(array([0.]), array([0.]), array([0.]))"
(0.49999593628086947+0j),[-0.04123806],[1.],[-0.99914935],[1.],"(array([0.]), array([0.]), array([0.]))","(array([0.]), array([0.]), array([0.]))","(array([0.]), array([0.]), array([0.]))","(array([0.]), array([0.]), array([0.]))","(array([0.]), array([0.]), array([0.]))","(array([0.]), array([0.]), array([0.]))","(array([0.]), array([0.]), array([0.]))","(array([0.]), array([0.]), array([0.]))","(array([0.]), array([0.]), array([0.]))","(array([0.]), array([0.]), array([0.]))","(array([0.]), array([0.]), array([0.]))"
(0.4999958963148953+0j),[0.17094148],[1.],[-0.98528118],[1.],"(array([0.]), array([0.]), array([0.]))","(array([0.]), array([0.]), array([0.]))","(array([0.]), array([0.]), array([0.]))","(array([0.]), array([0.]), array([0.]))","(array([0.]), array([0.]), array([0.]))","(array([0.]), array([0.]), array([0.]))","(array([0.]), array([0.]), array([0.]))","(array([0.]), array([0.]), array([0.]))","(array([0.]), array([0.]), array([0.]))","(array([0.]), array([0.]), array([0.]))","(array([0.]), array([0.]), array([0.]))"
(0.4999958569036478+0j),[0.18882345],[1.],[-0.98201105],[1.],"(array([0.]), array([0.]), array([0.]))","(array([0.]), array([0.]), array([0.]))","(array([0.]), array([0.]), array([0.]))","(array([0.]), array([0.]), array([0.]))","(array([0.]), array([0.]), array([0.]))","(array([0.]), array([0.]), array([0.]))","(array([0.]), array([0.]), array([0.]))","(array([0.]), array([0.]), array([0.]))","(array([0.]), array([0.]), array([0.]))","(array([0.]), array([0.]), array([0.]))","(array([0.]), array([0.]), array([0.]))"
(0.4999958176232057+0j),[0.11615303],[1.],[-0.99323133],[1.],"(array([0.]), array([0.]), array([0.]))","(array([0.]), array([0.]), array([0.]))","(array([0.]), array([0.]), array([0.]))","(array([0.]), array([0.]), array([0.]))","(array([0.]), array([0.]), array([0.]))","(array([0.]), array([0.]), array([0.]))","(array([0.]), array([0.]), array([0.]))","(array([0.]), array([0.]), array([0.]))","(array([0.]), array([0.]), array([0.]))","(array([0.]), array([0.]), array([0.]))","(array([0.]), array([0.]), array([0.]))"
(0.49999577789395216+0j),[0.12129356],[1.],[-0.99261668],[1.],"(array([0.]), array([0.]), array([0.]))","(array([0.]), array([0.]), array([0.]))","(array([0.]), array([0.]), array([0.]))","(array([0.]), array([0.]), array([0.]))","(array([0.]), array([0.]), array([0.]))","(array([0.]), array([0.]), array([0.]))","(array([0.]), array([0.]), array([0.]))","(array([0.]), array([0.]), array([0.]))","(array([0.]), array([0.]), array([0.]))","(array([0.]), array([0.]), array([0.]))","(array([0.]), array([0.]), array([0.]))"
(0.49999573818928483+0j),[0.0694123],[1.],[-0.99758806],[1.],"(array([0.]), array([0.]), array([0.]))","(array([0.]), array([0.]), array([0.]))","(array([0.]), array([0.]), array([0.]))","(array([0.]), array([0.]), array([0.]))","(array([0.]), array([0.]), array([0.]))","(array([0.]), array([0.]), array([0.]))","(array([0.]), array([0.]), array([0.]))","(array([0.]), array([0.]), array([0.]))","(array([0.]), array([0.]), array([0.]))","(array([0.]), array([0.]), array([0.]))","(array([0.]), array([0.]), array([0.]))"
(0.4999956982857625+0j),[0.33345816],[1.],[-0.9427649],[1.],"(array([0.]), array([0.]), array([0.]))","(array([0.]), array([0.]), array([0.]))","(array([0.]), array([0.]), array([0.]))","(array([0.]), array([0.]), array([0.]))","(array([0.]), array([0.]), array([0.]))","(array([0.]), array([0.]), array([0.]))","(array([0.]), array([0.]), array([0.]))","(array([0.]), array([0.]), array([0.]))","(array([0.]), array([0.]), array([0.]))","(array([0.]), array([0.]), array([0.]))","(array([0.]), array([0.]), array([0.]))"
(0.4999956605751663+0j),[0.68012844],[1.],[-0.73309297],[1.],"(array([0.]), array([0.]), array([0.]))","(array([0.]), array([0.]), array([0.]))","(array([0.]), array([0.]), array([0.]))","(array([0.]), array([0.]), array([0.]))","(array([0.]), array([0.]), array([0.]))","(array([0.]), array([0.]), array([0.]))","(array([0.]), array([0.]), array([0.]))","(array([0.]), array([0.]), array([0.]))","(array([0.]), array([0.]), array([0.]))","(array([0.]), array([0.]), array([0.]))","(array([0.]), array([0.]), array([0.]))"
(0.49999563125144736+0j),[0.42994117],[1.],[-0.9028569],[1.],"(array([0.]), array([0.]), array([0.]))","(array([0.]), array([0.]), array([0.]))","(array([0.]), array([0.]), array([0.]))","(array([0.]), array([0.]), array([0.]))","(array([0.]), array([0.]), array([0.]))","(array([0.]), array([0.]), array([0.]))","(array([0.]), array([0.]), array([0.]))","(array([0.]), array([0.]), array([0.]))","(array([0.]), array([0.]), array([0.]))","(array([0.]), array([0.]), array([0.]))","(array([0.]), array([0.]), array([0.]))"
(0.49999559513717146+0j),[0.52007752],[1.],[-0.85411906],[1.],"(array([0.]), array([0.]), array([0.]))","(array([0.]), array([0.]), array([0.]))","(array([0.]), array([0.]), array([0.]))","(array([0.]), array([0.]), array([0.]))","(array([0.]), array([0.]), array([0.]))","(array([0.]), array([0.]), array([0.]))","(array([0.]), array([0.]), array([0.]))","(array([0.]), array([0.]), array([0.]))","(array([0.]), array([0.]), array([0.]))","(array([0.]), array([0.]), array([0.]))","(array([0.]), array([0.]), array([0.]))"
(0.4999955609724087+0j),[0.56657888],[1.],[-0.82400751],[1.],"(array([0.]), array([0.]), array([0.]))","(array([0.]), array([0.]), array([0.]))","(array([0.]), array([0.]), array([0.]))","(array([0.]), array([0.]), array([0.]))","(array([0.]), array([0.]), array([0.]))","(array([0.]), array([0.]), array([0.]))","(array([0.]), array([0.]), array([0.]))","(array([0.]), array([0.]), array([0.]))","(array([0.]), array([0.]), array([0.]))","(array([0.]), array([0.]), array([0.]))","(array([0.]), array([0.]), array([0.]))"
(0.4999955280121091+0j),[0.53126234],[1.],[-0.84720737],[1.],"(array([0.]), array([0.]), array([0.]))","(array([0.]), array([0.]), array([0.]))","(array([0.]), array([0.]), array([0.]))","(array([0.]), array([0.]), array([0.]))","(array([0.]), array([0.]), array([0.]))","(array([0.]), array([0.]), array([0.]))","(array([0.]), array([0.]), array([0.]))","(array([0.]), array([0.]), array([0.]))","(array([0.]), array([0.]), array([0.]))","(array([0.]), array([0.]), array([0.]))","(array([0.]), array([0.]), array([0.]))"
(0.4999954941238142+0j),[0.42396561],[1.],[-0.90567829],[1.],"(array([0.]), array([0.]), array([0.]))","(array([0.]), array([0.]), array([0.]))","(array([0.]), array([0.]), array([0.]))","(array([0.]), array([0.]), array([0.]))","(array([0.]), array([0.]), array([0.]))","(array([0.]), array([0.]), array([0.]))","(array([0.]), array([0.]), array([0.]))","(array([0.]), array([0.]), array([0.]))","(array([0.]), array([0.]), array([0.]))","(array([0.]), array([0.]), array([0.]))","(array([0.]), array([0.]), array([0.]))"
(0.4999954578966824+0j),[0.2657781],[1.],[-0.96403423],[1.],"(array([0.]), array([0.]), array([0.]))","(array([0.]), array([0.]), array([0.]))","(array([0.]), array([0.]), array([0.]))","(array([0.]), array([0.]), array([0.]))","(array([0.]), array([0.]), array([0.]))","(array([0.]), array([0.]), array([0.]))","(array([0.]), array([0.]), array([0.]))","(array([0.]), array([0.]), array([0.]))","(array([0.]), array([0.]), array([0.]))","(array([0.]), array([0.]), array([0.]))","(array([0.]), array([0.]), array([0.]))"
(0.4999954193353126+0j),[0.09749122],[1.],[-0.99523639],[1.],"(array([0.]), array([0.]), array([0.]))","(array([0.]), array([0.]), array([0.]))","(array([0.]), array([0.]), array([0.]))","(array([0.]), array([0.]), array([0.]))","(array([0.]), array([0.]), array([0.]))","(array([0.]), array([0.]), array([0.]))","(array([0.]), array([0.]), array([0.]))","(array([0.]), array([0.]), array([0.]))","(array([0.]), array([0.]), array([0.]))","(array([0.]), array([0.]), array([0.]))","(array([0.]), array([0.]), array([0.]))"
(0.49999537952585726+0j),[0.20285005],[1.],[-0.97920981],[1.],"(array([0.]), array([0.]), array([0.]))","(array([0.]), array([0.]), array([0.]))","(array([0.]), array([0.]), array([0.]))","(array([0.]), array([0.]), array([0.]))","(array([0.]), array([0.]), array([0.]))","(array([0.]), array([0.]), array([0.]))","(array([0.]), array([0.]), array([0.]))","(array([0.]), array([0.]), array([0.]))","(array([0.]), array([0.]), array([0.]))","(array([0.]), array([0.]), array([0.]))","(array([0.]), array([0.]), array([0.]))"
(0.4999953403574646+0j),[0.23167347],[1.],[-0.97279361],[1.],"(array([0.]), array([0.]), array([0.]))","(array([0.]), array([0.]), array([0.]))","(array([0.]), array([0.]), array([0.]))","(array([0.]), array([0.]), array([0.]))","(array([0.]), array([0.]), array([0.]))","(array([0.]), array([0.]), array([0.]))","(array([0.]), array([0.]), array([0.]))","(array([0.]), array([0.]), array([0.]))","(array([0.]), array([0.]), array([0.]))","(array([0.]), array([0.]), array([0.]))","(array([0.]), array([0.]), array([0.]))"
(0.4999953014457205+0j),[0.31037981],[1.],[-0.95061263],[1.],"(array([0.]), array([0.]), array([0.]))","(array([0.]), array([0.]), array([0.]))","(array([0.]), array([0.]), array([0.]))","(array([0.]), array([0.]), array([0.]))","(array([0.]), array([0.]), array([0.]))","(array([0.]), array([0.]), array([0.]))","(array([0.]), array([0.]), array([0.]))","(array([0.]), array([0.]), array([0.]))","(array([0.]), array([0.]), array([0.]))","(array([0.]), array([0.]), array([0.]))","(array([0.]), array([0.]), array([0.]))"
(0.4999952634212154+0j),[0.64194325],[1.],[-0.76675215],[1.],"(array([0.]), array([0.]), array([0.]))","(array([0.]), array([0.]), array([0.]))","(array([0.]), array([0.]), array([0.]))","(array([0.]), array([0.]), array([0.]))","(array([0.]), array([0.]), array([0.]))","(array([0.]), array([0.]), array([0.]))","(array([0.]), array([0.]), array([0.]))","(array([0.]), array([0.]), array([0.]))","(array([0.]), array([0.]), array([0.]))","(array([0.]), array([0.]), array([0.]))","(array([0.]), array([0.]), array([0.]))"
(0.4999952327511291+0j),[0.68080304],[1.],[-0.73246653],[1.],"(array([0.]), array([0.]), array([0.]))","(array([0.]), array([0.]), array([0.]))","(array([0.]), array([0.]), array([0.]))","(array([0.]), array([0.]), array([0.]))","(array([0.]), array([0.]), array([0.]))","(array([0.]), array([0.]), array([0.]))","(array([0.]), array([0.]), array([0.]))","(array([0.]), array([0.]), array([0.]))","(array([0.]), array([0.]), array([0.]))","(array([0.]), array([0.]), array([0.]))","(array([0.]), array([0.]), array([0.]))"
(0.4999952034524678+0j),[0.71396839],[1.],[-0.70017794],[1.],"(array([0.]), array([0.]), array([0.]))","(array([0.]), array([0.]), array([0.]))","(array([0.]), array([0.]), array([0.]))","(array([0.]), array([0.]), array([0.]))","(array([0.]), array([0.]), array([0.]))","(array([0.]), array([0.]), array([0.]))","(array([0.]), array([0.]), array([0.]))","(array([0.]), array([0.]), array([0.]))","(array([0.]), array([0.]), array([0.]))","(array([0.]), array([0.]), array([0.]))","(array([0.]), array([0.]), array([0.]))"
(0.4999951754453501+0j),[0.86180124],[1.],[-0.50724612],[1.],"(array([0.]), array([0.]), array([0.]))","(array([0.]), array([0.]), array([0.]))","(array([0.]), array([0.]), array([0.]))","(array([0.]), array([0.]), array([0.]))","(array([0.]), array([0.]), array([0.]))","(array([0.]), array([0.]), array([0.]))","(array([0.]), array([0.]), array([0.]))","(array([0.]), array([0.]), array([0.]))","(array([0.]), array([0.]), array([0.]))","(array([0.]), array([0.]), array([0.]))","(array([0.]), array([0.]), array([0.]))"
(0.4999951551555054+0j),[0.98704073],[1.],[-0.16046993],[1.],"(array([0.]), array([0.]), array([0.]))","(array([0.]), array([0.]), array([0.]))","(array([0.]), array([0.]), array([0.]))","(array([0.]), array([0.]), array([0.]))","(array([0.]), array([0.]), array([0.]))","(array([0.]), array([0.]), array([0.]))","(array([0.]), array([0.]), array([0.]))","(array([0.]), array([0.]), array([0.]))","(array([0.]), array([0.]), array([0.]))","(array([0.]), array([0.]), array([0.]))","(array([0.]), array([0.]), array([0.]))"
(0.49999514873670803+0j),[0.99429113],[1.],[-0.1067012],[1.],"(array([0.]), array([0.]), array([0.]))","(array([0.]), array([0.]), array([0.]))","(array([0.]), array([0.]), array([0.]))","(array([0.]), array([0.]), array([0.]))","(array([0.]), array([0.]), array([0.]))","(array([0.]), array([0.]), array([0.]))","(array([0.]), array([0.]), array([0.]))","(array([0.]), array([0.]), array([0.]))","(array([0.]), array([0.]), array([0.]))","(array([0.]), array([0.]), array([0.]))","(array([0.]), array([0.]), array([0.]))"
(0.4999951444686598+0j),[0.99995701],[1.],[0.00927288],[1.],"(array([0.]), array([0.]), array([0.]))","(array([0.]), array([0.]), array([0.]))","(array([0.]), array([0.]), array([0.]))","(array([0.]), array([0.]), array([0.]))","(array([0.]), array([0.]), array([0.]))","(array([0.]), array([0.]), array([0.]))","(array([0.]), array([0.]), array([0.]))","(array([0.]), array([0.]), array([0.]))","(array([0.]), array([0.]), array([0.]))","(array([0.]), array([0.]), array([0.]))","(array([0.]), array([0.]), array([0.]))"
(0.4999951448395759+0j),[0.99660797],[1.],[0.08229558],[1.],"(array([0.]), array([0.]), array([0.]))","(array([0.]), array([0.]), array([0.]))","(array([0.]), array([0.]), array([0.]))","(array([0.]), array([0.]), array([0.]))","(array([0.]), array([0.]), array([0.]))","(array([0.]), array([0.]), array([0.]))","(array([0.]), array([0.]), array([0.]))","(array([0.]), array([0.]), array([0.]))","(array([0.]), array([0.]), array([0.]))","(array([0.]), array([0.]), array([0.]))","(array([0.]), array([0.]), array([0.]))"
(0.4999951481313993+0j),[0.98236805],[1.],[-0.18695726],[1.],"(array([0.]), array([0.]), array([0.]))","(array([0.]), array([0.]), array([0.]))","(array([0.]), array([0.]), array([0.]))","(array([0.]), array([0.]), array([0.]))","(array([0.]), array([0.]), array([0.]))","(array([0.]), array([0.]), array([0.]))","(array([0.]), array([0.]), array([0.]))","(array([0.]), array([0.]), array([0.]))","(array([0.]), array([0.]), array([0.]))","(array([0.]), array([0.]), array([0.]))","(array([0.]), array([0.]), array([0.]))"
(0.4999951406531085+0j),[0.99016333],[1.],[-0.13991636],[1.],"(array([0.]), array([0.]), array([0.]))","(array([0.]), array([0.]), array([0.]))","(array([0.]), array([0.]), array([0.]))","(array([0.]), array([0.]), array([0.]))","(array([0.]), array([0.]), array([0.]))","(array([0.]), array([0.]), array([0.]))","(array([0.]), array([0.]), array([0.]))","(array([0.]), array([0.]), array([0.]))","(array([0.]), array([0.]), array([0.]))","(array([0.]), array([0.]), array([0.]))","(array([0.]), array([0.]), array([0.]))"
(0.4999951350564536+0j),[0.9967213],[1.],[-0.08091132],[1.],"(array([0.]), array([0.]), array([0.]))","(array([0.]), array([0.]), array([0.]))","(array([0.]), array([0.]), array([0.]))","(array([0.]), array([0.]), array([0.]))","(array([0.]), array([0.]), array([0.]))","(array([0.]), array([0.]), array([0.]))","(array([0.]), array([0.]), array([0.]))","(array([0.]), array([0.]), array([0.]))","(array([0.]), array([0.]), array([0.]))","(array([0.]), array([0.]), array([0.]))","(array([0.]), array([0.]), array([0.]))"
(0.499995131820001+0j),[0.97687941],[1.],[0.21379105],[1.],"(array([0.]), array([0.]), array([0.]))","(array([0.]), array([0.]), array([0.]))","(array([0.]), array([0.]), array([0.]))","(array([0.]), array([0.]), array([0.]))","(array([0.]), array([0.]), array([0.]))","(array([0.]), array([0.]), array([0.]))","(array([0.]), array([0.]), array([0.]))","(array([0.]), array([0.]), array([0.]))","(array([0.]), array([0.]), array([0.]))","(array([0.]), array([0.]), array([0.]))","(array([0.]), array([0.]), array([0.]))"
(0.49999514037164283+0j),[0.96156187],[1.],[0.27458836],[1.],"(array([0.]), array([0.]), array([0.]))","(array([0.]), array([0.]), array([0.]))","(array([0.]), array([0.]), array([0.]))","(array([0.]), array([0.]), array([0.]))","(array([0.]), array([0.]), array([0.]))","(array([0.]), array([0.]), array([0.]))","(array([0.]), array([0.]), array([0.]))","(array([0.]), array([0.]), array([0.]))","(array([0.]), array([0.]), array([0.]))","(array([0.]), array([0.]), array([0.]))","(array([0.]), array([0.]), array([0.]))"
(0.499995151355177+0j),[0.99512694],[1.],[0.09860214],[1.],"(array([0.]), array([0.]), array([0.]))","(array([0.]), array([0.]), array([0.]))","(array([0.]), array([0.]), array([0.]))","(array([0.]), array([0.]), array([0.]))","(array([0.]), array([0.]), array([0.]))","(array([0.]), array([0.]), array([0.]))","(array([0.]), array([0.]), array([0.]))","(array([0.]), array([0.]), array([0.]))","(array([0.]), array([0.]), array([0.]))","(array([0.]), array([0.]), array([0.]))","(array([0.]), array([0.]), array([0.]))"
(0.49999515529926336+0j),[0.99984165],[1.],[-0.01779551],[1.],"(array([0.]), array([0.]), array([0.]))","(array([0.]), array([0.]), array([0.]))","(array([0.]), array([0.]), array([0.]))","(array([0.]), array([0.]), array([0.]))","(array([0.]), array([0.]), array([0.]))","(array([0.]), array([0.]), array([0.]))","(array([0.]), array([0.]), array([0.]))","(array([0.]), array([0.]), array([0.]))","(array([0.]), array([0.]), array([0.]))","(array([0.]), array([0.]), array([0.]))","(array([0.]), array([0.]), array([0.]))"
(0.4999951545874426+0j),[0.99117738],[1.],[0.13254209],[1.],"(array([0.]), array([0.]), array([0.]))","(array([0.]), array([0.]), array([0.]))","(array([0.]), array([0.]), array([0.]))","(array([0.]), array([0.]), array([0.]))","(array([0.]), array([0.]), array([0.]))","(array([0.]), array([0.]), array([0.]))","(array([0.]), array([0.]), array([0.]))","(array([0.]), array([0.]), array([0.]))","(array([0.]), array([0.]), array([0.]))","(array([0.]), array([0.]), array([0.]))","(array([0.]), array([0.]), array([0.]))"
(0.4999951598891259+0j),[0.9995083],[1.],[-0.03135521],[1.],"(array([0.]), array([0.]), array([0.]))","(array([0.]), array([0.]), array([0.]))","(array([0.]), array([0.]), array([0.]))","(array([0.]), array([0.]), array([0.]))","(array([0.]), array([0.]), array([0.]))","(array([0.]), array([0.]), array([0.]))","(array([0.]), array([0.]), array([0.]))","(array([0.]), array([0.]), array([0.]))","(array([0.]), array([0.]), array([0.]))","(array([0.]), array([0.]), array([0.]))","(array([0.]), array([0.]), array([0.]))"
(0.49999515863491817+0j),[0.9066901],[1.],[-0.42179742],[1.],"(array([0.]), array([0.]), array([0.]))","(array([0.]), array([0.]), array([0.]))","(array([0.]), array([0.]), array([0.]))","(array([0.]), array([0.]), array([0.]))","(array([0.]), array([0.]), array([0.]))","(array([0.]), array([0.]), array([0.]))","(array([0.]), array([0.]), array([0.]))","(array([0.]), array([0.]), array([0.]))","(array([0.]), array([0.]), array([0.]))","(array([0.]), array([0.]), array([0.]))","(array([0.]), array([0.]), array([0.]))"
(0.499995141763021+0j),[0.98653288],[1.],[-0.16356308],[1.],"(array([0.]), array([0.]), array([0.]))","(array([0.]), array([0.]), array([0.]))","(array([0.]), array([0.]), array([0.]))","(array([0.]), array([0.]), array([0.]))","(array([0.]), array([0.]), array([0.]))","(array([0.]), array([0.]), array([0.]))","(array([0.]), array([0.]), array([0.]))","(array([0.]), array([0.]), array([0.]))","(array([0.]), array([0.]), array([0.]))","(array([0.]), array([0.]), array([0.]))","(array([0.]), array([0.]), array([0.]))"
(0.49999513522049704+0j),[0.99289144],[1.],[-0.1190235],[1.],"(array([0.]), array([0.]), array([0.]))","(array([0.]), array([0.]), array([0.]))","(array([0.]), array([0.]), array([0.]))","(array([0.]), array([0.]), array([0.]))","(array([0.]), array([0.]), array([0.]))","(array([0.]), array([0.]), array([0.]))","(array([0.]), array([0.]), array([0.]))","(array([0.]), array([0.]), array([0.]))","(array([0.]), array([0.]), array([0.]))","(array([0.]), array([0.]), array([0.]))","(array([0.]), array([0.]), array([0.]))"
(0.4999951304595577+0j),[0.96667165],[1.],[0.25601938],[1.],"(array([0.]), array([0.]), array([0.]))","(array([0.]), array([0.]), array([0.]))","(array([0.]), array([0.]), array([0.]))","(array([0.]), array([0.]), array([0.]))","(array([0.]), array([0.]), array([0.]))","(array([0.]), array([0.]), array([0.]))","(array([0.]), array([0.]), array([0.]))","(array([0.]), array([0.]), array([0.]))","(array([0.]), array([0.]), array([0.]))","(array([0.]), array([0.]), array([0.]))","(array([0.]), array([0.]), array([0.]))"
(0.4999951407003326+0j),[0.99842336],[1.],[-0.05613186],[1.],"(array([0.]), array([0.]), array([0.]))","(array([0.]), array([0.]), array([0.]))","(array([0.]), array([0.]), array([0.]))","(array([0.]), array([0.]), array([0.]))","(array([0.]), array([0.]), array([0.]))","(array([0.]), array([0.]), array([0.]))","(array([0.]), array([0.]), array([0.]))","(array([0.]), array([0.]), array([0.]))","(array([0.]), array([0.]), array([0.]))","(array([0.]), array([0.]), array([0.]))","(array([0.]), array([0.]), array([0.]))"
(0.49999513845505816+0j),[0.96090035],[1.],[0.27689441],[1.],"(array([0.]), array([0.]), array([0.]))","(array([0.]), array([0.]), array([0.]))","(array([0.]), array([0.]), array([0.]))","(array([0.]), array([0.]), array([0.]))","(array([0.]), array([0.]), array([0.]))","(array([0.]), array([0.]), array([0.]))","(array([0.]), array([0.]), array([0.]))","(array([0.]), array([0.]), array([0.]))","(array([0.]), array([0.]), array([0.]))","(array([0.]), array([0.]), array([0.]))","(array([0.]), array([0.]), array([0.]))"
(0.4999951495308349+0j),[0.9746928],[1.],[0.22354852],[1.],"(array([0.]), array([0.]), array([0.]))","(array([0.]), array([0.]), array([0.]))","(array([0.]), array([0.]), array([0.]))","(array([0.]), array([0.]), array([0.]))","(array([0.]), array([0.]), array([0.]))","(array([0.]), array([0.]), array([0.]))","(array([0.]), array([0.]), array([0.]))","(array([0.]), array([0.]), array([0.]))","(array([0.]), array([0.]), array([0.]))","(array([0.]), array([0.]), array([0.]))","(array([0.]), array([0.]), array([0.]))"
(0.49999515847277576+0j),[0.9842339],[1.],[0.17687176],[1.],"(array([0.]), array([0.]), array([0.]))","(array([0.]), array([0.]), array([0.]))","(array([0.]), array([0.]), array([0.]))","(array([0.]), array([0.]), array([0.]))","(array([0.]), array([0.]), array([0.]))","(array([0.]), array([0.]), array([0.]))","(array([0.]), array([0.]), array([0.]))","(array([0.]), array([0.]), array([0.]))","(array([0.]), array([0.]), array([0.]))","(array([0.]), array([0.]), array([0.]))","(array([0.]), array([0.]), array([0.]))"
(0.49999516554764606+0j),[0.99745042],[1.],[-0.07136281],[1.],"(array([0.]), array([0.]), array([0.]))","(array([0.]), array([0.]), array([0.]))","(array([0.]), array([0.]), array([0.]))","(array([0.]), array([0.]), array([0.]))","(array([0.]), array([0.]), array([0.]))","(array([0.]), array([0.]), array([0.]))","(array([0.]), array([0.]), array([0.]))","(array([0.]), array([0.]), array([0.]))","(array([0.]), array([0.]), array([0.]))","(array([0.]), array([0.]), array([0.]))","(array([0.]), array([0.]), array([0.]))"
(0.4999951626931336+0j),[0.99846786],[1.],[-0.0553348],[1.],"(array([0.]), array([0.]), array([0.]))","(array([0.]), array([0.]), array([0.]))","(array([0.]), array([0.]), array([0.]))","(array([0.]), array([0.]), array([0.]))","(array([0.]), array([0.]), array([0.]))","(array([0.]), array([0.]), array([0.]))","(array([0.]), array([0.]), array([0.]))","(array([0.]), array([0.]), array([0.]))","(array([0.]), array([0.]), array([0.]))","(array([0.]), array([0.]), array([0.]))","(array([0.]), array([0.]), array([0.]))"
(0.49999516047974196+0j),[0.99986829],[1.],[0.01622946],[1.],"(array([0.]), array([0.]), array([0.]))","(array([0.]), array([0.]), array([0.]))","(array([0.]), array([0.]), array([0.]))","(array([0.]), array([0.]), array([0.]))","(array([0.]), array([0.]), array([0.]))","(array([0.]), array([0.]), array([0.]))","(array([0.]), array([0.]), array([0.]))","(array([0.]), array([0.]), array([0.]))","(array([0.]), array([0.]), array([0.]))","(array([0.]), array([0.]), array([0.]))","(array([0.]), array([0.]), array([0.]))"
(0.4999951611289201+0j),[0.94518414],[1.],[0.32653782],[1.],"(array([0.]), array([0.]), array([0.]))","(array([0.]), array([0.]), array([0.]))","(array([0.]), array([0.]), array([0.]))","(array([0.]), array([0.]), array([0.]))","(array([0.]), array([0.]), array([0.]))","(array([0.]), array([0.]), array([0.]))","(array([0.]), array([0.]), array([0.]))","(array([0.]), array([0.]), array([0.]))","(array([0.]), array([0.]), array([0.]))","(array([0.]), array([0.]), array([0.]))","(array([0.]), array([0.]), array([0.]))"
(0.4999951741904329+0j),[0.85269393],[1.],[0.52241082],[1.],"(array([0.]), array([0.]), array([0.]))","(array([0.]), array([0.]), array([0.]))","(array([0.]), array([0.]), array([0.]))","(array([0.]), array([0.]), array([0.]))","(array([0.]), array([0.]), array([0.]))","(array([0.]), array([0.]), array([0.]))","(array([0.]), array([0.]), array([0.]))","(array([0.]), array([0.]), array([0.]))","(array([0.]), array([0.]), array([0.]))","(array([0.]), array([0.]), array([0.]))","(array([0.]), array([0.]), array([0.]))"
(0.4999951950868655+0j),[0.83435512],[1.],[0.5512273],[1.],"(array([0.]), array([0.]), array([0.]))","(array([0.]), array([0.]), array([0.]))","(array([0.]), array([0.]), array([0.]))","(array([0.]), array([0.]), array([0.]))","(array([0.]), array([0.]), array([0.]))","(array([0.]), array([0.]), array([0.]))","(array([0.]), array([0.]), array([0.]))","(array([0.]), array([0.]), array([0.]))","(array([0.]), array([0.]), array([0.]))","(array([0.]), array([0.]), array([0.]))","(array([0.]), array([0.]), array([0.]))"
(0.4999952171359582+0j),[0.92202089],[1.],[0.38714012],[1.],"(array([0.]), array([0.]), array([0.]))","(array([0.]), array([0.]), array([0.]))","(array([0.]), array([0.]), array([0.]))","(array([0.]), array([0.]), array([0.]))","(array([0.]), array([0.]), array([0.]))","(array([0.]), array([0.]), array([0.]))","(array([0.]), array([0.]), array([0.]))","(array([0.]), array([0.]), array([0.]))","(array([0.]), array([0.]), array([0.]))","(array([0.]), array([0.]), array([0.]))","(array([0.]), array([0.]), array([0.]))"
(0.4999952326215631+0j),[0.72572159],[1.],[0.6879885],[1.],"(array([0.]), array([0.]), array([0.]))","(array([0.]), array([0.]), array([0.]))","(array([0.]), array([0.]), array([0.]))","(array([0.]), array([0.]), array([0.]))","(array([0.]), array([0.]), array([0.]))","(array([0.]), array([0.]), array([0.]))","(array([0.]), array([0.]), array([0.]))","(array([0.]), array([0.]), array([0.]))","(array([0.]), array([0.]), array([0.]))","(array([0.]), array([0.]), array([0.]))","(array([0.]), array([0.]), array([0.]))"
(0.49999526014110274+0j),[0.83567565],[1.],[0.54922328],[1.],"(array([0.]), array([0.]), array([0.]))","(array([0.]), array([0.]), array([0.]))","(array([0.]), array([0.]), array([0.]))","(array([0.]), array([0.]), array([0.]))","(array([0.]), array([0.]), array([0.]))","(array([0.]), array([0.]), array([0.]))","(array([0.]), array([0.]), array([0.]))","(array([0.]), array([0.]), array([0.]))","(array([0.]), array([0.]), array([0.]))","(array([0.]), array([0.]), array([0.]))","(array([0.]), array([0.]), array([0.]))"
(0.49999528211003397+0j),[0.77368557],[1.],[0.63356976],[1.],"(array([0.]), array([0.]), array([0.]))","(array([0.]), array([0.]), array([0.]))","(array([0.]), array([0.]), array([0.]))","(array([0.]), array([0.]), array([0.]))","(array([0.]), array([0.]), array([0.]))","(array([0.]), array([0.]), array([0.]))","(array([0.]), array([0.]), array([0.]))","(array([0.]), array([0.]), array([0.]))","(array([0.]), array([0.]), array([0.]))","(array([0.]), array([0.]), array([0.]))","(array([0.]), array([0.]), array([0.]))"
(0.49999530745282456+0j),[0.52950281],[1.],[0.84830819],[1.],"(array([0.]), array([0.]), array([0.]))","(array([0.]), array([0.]), array([0.]))","(array([0.]), array([0.]), array([0.]))","(array([0.]), array([0.]), array([0.]))","(array([0.]), array([0.]), array([0.]))","(array([0.]), array([0.]), array([0.]))","(array([0.]), array([0.]), array([0.]))","(array([0.]), array([0.]), array([0.]))","(array([0.]), array([0.]), array([0.]))","(array([0.]), array([0.]), array([0.]))","(array([0.]), array([0.]), array([0.]))"
(0.49999534138515245+0j),[0.59085578],[1.],[0.8067772],[1.],"(array([0.]), array([0.]), array([0.]))","(array([0.]), array([0.]), array([0.]))","(array([0.]), array([0.]), array([0.]))","(array([0.]), array([0.]), array([0.]))","(array([0.]), array([0.]), array([0.]))","(array([0.]), array([0.]), array([0.]))","(array([0.]), array([0.]), array([0.]))","(array([0.]), array([0.]), array([0.]))","(array([0.]), array([0.]), array([0.]))","(array([0.]), array([0.]), array([0.]))","(array([0.]), array([0.]), array([0.]))"
(0.4999953736562405+0j),[0.65751238],[1.],[0.75344374],[1.],"(array([0.]), array([0.]), array([0.]))","(array([0.]), array([0.]), array([0.]))","(array([0.]), array([0.]), array([0.]))","(array([0.]), array([0.]), array([0.]))","(array([0.]), array([0.]), array([0.]))","(array([0.]), array([0.]), array([0.]))","(array([0.]), array([0.]), array([0.]))","(array([0.]), array([0.]), array([0.]))","(array([0.]), array([0.]), array([0.]))","(array([0.]), array([0.]), array([0.]))","(array([0.]), array([0.]), array([0.]))"
(0.4999954037939902+0j),[0.78715258],[1.],[0.61675831],[1.],"(array([0.]), array([0.]), array([0.]))","(array([0.]), array([0.]), array([0.]))","(array([0.]), array([0.]), array([0.]))","(array([0.]), array([0.]), array([0.]))","(array([0.]), array([0.]), array([0.]))","(array([0.]), array([0.]), array([0.]))","(array([0.]), array([0.]), array([0.]))","(array([0.]), array([0.]), array([0.]))","(array([0.]), array([0.]), array([0.]))","(array([0.]), array([0.]), array([0.]))","(array([0.]), array([0.]), array([0.]))"
(0.49999542846432254+0j),[0.8696529],[1.],[0.49366369],[1.],"(array([0.]), array([0.]), array([0.]))","(array([0.]), array([0.]), array([0.]))","(array([0.]), array([0.]), array([0.]))","(array([0.]), array([0.]), array([0.]))","(array([0.]), array([0.]), array([0.]))","(array([0.]), array([0.]), array([0.]))","(array([0.]), array([0.]), array([0.]))","(array([0.]), array([0.]), array([0.]))","(array([0.]), array([0.]), array([0.]))","(array([0.]), array([0.]), array([0.]))","(array([0.]), array([0.]), array([0.]))"
(0.4999954482108706+0j),[0.80063121],[1.],[0.59915747],[1.],"(array([0.]), array([0.]), array([0.]))","(array([0.]), array([0.]), array([0.]))","(array([0.]), array([0.]), array([0.]))","(array([0.]), array([0.]), array([0.]))","(array([0.]), array([0.]), array([0.]))","(array([0.]), array([0.]), array([0.]))","(array([0.]), array([0.]), array([0.]))","(array([0.]), array([0.]), array([0.]))","(array([0.]), array([0.]), array([0.]))","(array([0.]), array([0.]), array([0.]))","(array([0.]), array([0.]), array([0.]))"
(0.4999954721771696+0j),[0.85144745],[1.],[0.52443993],[1.],"(array([0.]), array([0.]), array([0.]))","(array([0.]), array([0.]), array([0.]))","(array([0.]), array([0.]), array([0.]))","(array([0.]), array([0.]), array([0.]))","(array([0.]), array([0.]), array([0.]))","(array([0.]), array([0.]), array([0.]))","(array([0.]), array([0.]), array([0.]))","(array([0.]), array([0.]), array([0.]))","(array([0.]), array([0.]), array([0.]))","(array([0.]), array([0.]), array([0.]))","(array([0.]), array([0.]), array([0.]))"
(0.49999549315476693+0j),[0.84769657],[1.],[0.5304814],[1.],"(array([0.]), array([0.]), array([0.]))","(array([0.]), array([0.]), array([0.]))","(array([0.]), array([0.]), array([0.]))","(array([0.]), array([0.]), array([0.]))","(array([0.]), array([0.]), array([0.]))","(array([0.]), array([0.]), array([0.]))","(array([0.]), array([0.]), array([0.]))","(array([0.]), array([0.]), array([0.]))","(array([0.]), array([0.]), array([0.]))","(array([0.]), array([0.]), array([0.]))","(array([0.]), array([0.]), array([0.]))"
(0.4999955143740232+0j),[0.86552505],[1.],[0.50086563],[1.],"(array([0.]), array([0.]), array([0.]))","(array([0.]), array([0.]), array([0.]))","(array([0.]), array([0.]), array([0.]))","(array([0.]), array([0.]), array([0.]))","(array([0.]), array([0.]), array([0.]))","(array([0.]), array([0.]), array([0.]))","(array([0.]), array([0.]), array([0.]))","(array([0.]), array([0.]), array([0.]))","(array([0.]), array([0.]), array([0.]))","(array([0.]), array([0.]), array([0.]))","(array([0.]), array([0.]), array([0.]))"
(0.4999955344086483+0j),[0.82676534],[1.],[0.56254695],[1.],"(array([0.]), array([0.]), array([0.]))","(array([0.]), array([0.]), array([0.]))","(array([0.]), array([0.]), array([0.]))","(array([0.]), array([0.]), array([0.]))","(array([0.]), array([0.]), array([0.]))","(array([0.]), array([0.]), array([0.]))","(array([0.]), array([0.]), array([0.]))","(array([0.]), array([0.]), array([0.]))","(array([0.]), array([0.]), array([0.]))","(array([0.]), array([0.]), array([0.]))","(array([0.]), array([0.]), array([0.]))"
(0.4999955569105261+0j),[0.70511909],[1.],[0.7090889],[1.],"(array([0.]), array([0.]), array([0.]))","(array([0.]), array([0.]), array([0.]))","(array([0.]), array([0.]), array([0.]))","(array([0.]), array([0.]), array([0.]))","(array([0.]), array([0.]), array([0.]))","(array([0.]), array([0.]), array([0.]))","(array([0.]), array([0.]), array([0.]))","(array([0.]), array([0.]), array([0.]))","(array([0.]), array([0.]), array([0.]))","(array([0.]), array([0.]), array([0.]))","(array([0.]), array([0.]), array([0.]))"
(0.4999955852740821+0j),[0.68350425],[1.],[0.72994653],[1.],"(array([0.]), array([0.]), array([0.]))","(array([0.]), array([0.]), array([0.]))","(array([0.]), array([0.]), array([0.]))","(array([0.]), array([0.]), array([0.]))","(array([0.]), array([0.]), array([0.]))","(array([0.]), array([0.]), array([0.]))","(array([0.]), array([0.]), array([0.]))","(array([0.]), array([0.]), array([0.]))","(array([0.]), array([0.]), array([0.]))","(array([0.]), array([0.]), array([0.]))","(array([0.]), array([0.]), array([0.]))"
(0.4999956144719434+0j),[0.74286337],[1.],[0.66944307],[1.],"(array([0.]), array([0.]), array([0.]))","(array([0.]), array([0.]), array([0.]))","(array([0.]), array([0.]), array([0.]))","(array([0.]), array([0.]), array([0.]))","(array([0.]), array([0.]), array([0.]))","(array([0.]), array([0.]), array([0.]))","(array([0.]), array([0.]), array([0.]))","(array([0.]), array([0.]), array([0.]))","(array([0.]), array([0.]), array([0.]))","(array([0.]), array([0.]), array([0.]))","(array([0.]), array([0.]), array([0.]))"
(0.49999564124966644+0j),[0.56203585],[1.],[0.82711287],[1.],"(array([0.]), array([0.]), array([0.]))","(array([0.]), array([0.]), array([0.]))","(array([0.]), array([0.]), array([0.]))","(array([0.]), array([0.]), array([0.]))","(array([0.]), array([0.]), array([0.]))","(array([0.]), array([0.]), array([0.]))","(array([0.]), array([0.]), array([0.]))","(array([0.]), array([0.]), array([0.]))","(array([0.]), array([0.]), array([0.]))","(array([0.]), array([0.]), array([0.]))","(array([0.]), array([0.]), array([0.]))"
(0.499995674334181+0j),[0.55818669],[1.],[0.82971539],[1.],"(array([0.]), array([0.]), array([0.]))","(array([0.]), array([0.]), array([0.]))","(array([0.]), array([0.]), array([0.]))","(array([0.]), array([0.]), array([0.]))","(array([0.]), array([0.]), array([0.]))","(array([0.]), array([0.]), array([0.]))","(array([0.]), array([0.]), array([0.]))","(array([0.]), array([0.]), array([0.]))","(array([0.]), array([0.]), array([0.]))","(array([0.]), array([0.]), array([0.]))","(array([0.]), array([0.]), array([0.]))"
(0.4999957075227966+0j),[0.40255393],[1.],[0.91539627],[1.],"(array([0.]), array([0.]), array([0.]))","(array([0.]), array([0.]), array([0.]))","(array([0.]), array([0.]), array([0.]))","(array([0.]), array([0.]), array([0.]))","(array([0.]), array([0.]), array([0.]))","(array([0.]), array([0.]), array([0.]))","(array([0.]), array([0.]), array([0.]))","(array([0.]), array([0.]), array([0.]))","(array([0.]), array([0.]), array([0.]))","(array([0.]), array([0.]), array([0.]))","(array([0.]), array([0.]), array([0.]))"
(0.4999957441386478+0j),[0.15298883],[1.],[0.98822792],[1.],"(array([0.]), array([0.]), array([0.]))","(array([0.]), array([0.]), array([0.]))","(array([0.]), array([0.]), array([0.]))","(array([0.]), array([0.]), array([0.]))","(array([0.]), array([0.]), array([0.]))","(array([0.]), array([0.]), array([0.]))","(array([0.]), array([0.]), array([0.]))","(array([0.]), array([0.]), array([0.]))","(array([0.]), array([0.]), array([0.]))","(array([0.]), array([0.]), array([0.]))","(array([0.]), array([0.]), array([0.]))"
(0.49999578366776415+0j),[0.07030137],[1.],[0.9975258],[1.],"(array([0.]), array([0.]), array([0.]))","(array([0.]), array([0.]), array([0.]))","(array([0.]), array([0.]), array([0.]))","(array([0.]), array([0.]), array([0.]))","(array([0.]), array([0.]), array([0.]))","(array([0.]), array([0.]), array([0.]))","(array([0.]), array([0.]), array([0.]))","(array([0.]), array([0.]), array([0.]))","(array([0.]), array([0.]), array([0.]))","(array([0.]), array([0.]), array([0.]))","(array([0.]), array([0.]), array([0.]))"
(0.499995823568796+0j),[0.15823421],[1.],[0.98740161],[1.],"(array([0.]), array([0.]), array([0.]))","(array([0.]), array([0.]), array([0.]))","(array([0.]), array([0.]), array([0.]))","(array([0.]), array([0.]), array([0.]))","(array([0.]), array([0.]), array([0.]))","(array([0.]), array([0.]), array([0.]))","(array([0.]), array([0.]), array([0.]))","(array([0.]), array([0.]), array([0.]))","(array([0.]), array([0.]), array([0.]))","(array([0.]), array([0.]), array([0.]))","(array([0.]), array([0.]), array([0.]))"
(0.49999586306486077+0j),[0.32073329],[1.],[0.94716955],[1.],"(array([0.]), array([0.]), array([0.]))","(array([0.]), array([0.]), array([0.]))","(array([0.]), array([0.]), array([0.]))","(array([0.]), array([0.]), array([0.]))","(array([0.]), array([0.]), array([0.]))","(array([0.]), array([0.]), array([0.]))","(array([0.]), array([0.]), array([0.]))","(array([0.]), array([0.]), array([0.]))","(array([0.]), array([0.]), array([0.]))","(array([0.]), array([0.]), array([0.]))","(array([0.]), array([0.]), array([0.]))"
(0.4999959009516427+0j),[0.15760954],[1.],[0.98750151],[1.],"(array([0.]), array([0.]), array([0.]))","(array([0.]), array([0.]), array([0.]))","(array([0.]), array([0.]), array([0.]))","(array([0.]), array([0.]), array([0.]))","(array([0.]), array([0.]), array([0.]))","(array([0.]), array([0.]), array([0.]))","(array([0.]), array([0.]), array([0.]))","(array([0.]), array([0.]), array([0.]))","(array([0.]), array([0.]), array([0.]))","(array([0.]), array([0.]), array([0.]))","(array([0.]), array([0.]), array([0.]))"
(0.49999594045170376+0j),[0.02876154],[1.],[0.9995863],[1.],"(array([0.]), array([0.]), array([0.]))","(array([0.]), array([0.]), array([0.]))","(array([0.]), array([0.]), array([0.]))","(array([0.]), array([0.]), array([0.]))","(array([0.]), array([0.]), array([0.]))","(array([0.]), array([0.]), array([0.]))","(array([0.]), array([0.]), array([0.]))","(array([0.]), array([0.]), array([0.]))","(array([0.]), array([0.]), array([0.]))","(array([0.]), array([0.]), array([0.]))","(array([0.]), array([0.]), array([0.]))"
(0.4999959804351554+0j),[-0.17101161],[1.],[0.98526901],[1.],"(array([0.]), array([0.]), array([0.]))","(array([0.]), array([0.]), array([0.]))","(array([0.]), array([0.]), array([0.]))","(array([0.]), array([0.]), array([0.]))","(array([0.]), array([0.]), array([0.]))","(array([0.]), array([0.]), array([0.]))","(array([0.]), array([0.]), array([0.]))","(array([0.]), array([0.]), array([0.]))","(array([0.]), array([0.]), array([0.]))","(array([0.]), array([0.]), array([0.]))","(array([0.]), array([0.]), array([0.]))"
(0.4999960198459163+0j),[-0.09856706],[1.],[0.99513041],[1.],"(array([0.]), array([0.]), array([0.]))","(array([0.]), array([0.]), array([0.]))","(array([0.]), array([0.]), array([0.]))","(array([0.]), array([0.]), array([0.]))","(array([0.]), array([0.]), array([0.]))","(array([0.]), array([0.]), array([0.]))","(array([0.]), array([0.]), array([0.]))","(array([0.]), array([0.]), array([0.]))","(array([0.]), array([0.]), array([0.]))","(array([0.]), array([0.]), array([0.]))","(array([0.]), array([0.]), array([0.]))"
(0.499996059651133+0j),[-0.08927956],[1.],[0.99600661],[1.],"(array([0.]), array([0.]), array([0.]))","(array([0.]), array([0.]), array([0.]))","(array([0.]), array([0.]), array([0.]))","(array([0.]), array([0.]), array([0.]))","(array([0.]), array([0.]), array([0.]))","(array([0.]), array([0.]), array([0.]))","(array([0.]), array([0.]), array([0.]))","(array([0.]), array([0.]), array([0.]))","(array([0.]), array([0.]), array([0.]))","(array([0.]), array([0.]), array([0.]))","(array([0.]), array([0.]), array([0.]))"
(0.49999609949139734+0j),[-0.00201409],[1.],[0.99999797],[1.],"(array([0.]), array([0.]), array([0.]))","(array([0.]), array([0.]), array([0.]))","(array([0.]), array([0.]), array([0.]))","(array([0.]), array([0.]), array([0.]))","(array([0.]), array([0.]), array([0.]))","(array([0.]), array([0.]), array([0.]))","(array([0.]), array([0.]), array([0.]))","(array([0.]), array([0.]), array([0.]))","(array([0.]), array([0.]), array([0.]))","(array([0.]), array([0.]), array([0.]))","(array([0.]), array([0.]), array([0.]))"
(0.4999961394913156+0j),[0.26769198],[1.],[0.96350454],[1.],"(array([0.]), array([0.]), array([0.]))","(array([0.]), array([0.]), array([0.]))","(array([0.]), array([0.]), array([0.]))","(array([0.]), array([0.]), array([0.]))","(array([0.]), array([0.]), array([0.]))","(array([0.]), array([0.]), array([0.]))","(array([0.]), array([0.]), array([0.]))","(array([0.]), array([0.]), array([0.]))","(array([0.]), array([0.]), array([0.]))","(array([0.]), array([0.]), array([0.]))","(array([0.]), array([0.]), array([0.]))"
(0.4999961780314975+0j),[0.2094127],[1.],[0.97782735],[1.],"(array([0.]), array([0.]), array([0.]))","(array([0.]), array([0.]), array([0.]))","(array([0.]), array([0.]), array([0.]))","(array([0.]), array([0.]), array([0.]))","(array([0.]), array([0.]), array([0.]))","(array([0.]), array([0.]), array([0.]))","(array([0.]), array([0.]), array([0.]))","(array([0.]), array([0.]), array([0.]))","(array([0.]), array([0.]), array([0.]))","(array([0.]), array([0.]), array([0.]))","(array([0.]), array([0.]), array([0.]))"
(0.49999621714459114+0j),[0.13138721],[1.],[0.99133113],[1.],"(array([0.]), array([0.]), array([0.]))","(array([0.]), array([0.]), array([0.]))","(array([0.]), array([0.]), array([0.]))","(array([0.]), array([0.]), array([0.]))","(array([0.]), array([0.]), array([0.]))","(array([0.]), array([0.]), array([0.]))","(array([0.]), array([0.]), array([0.]))","(array([0.]), array([0.]), array([0.]))","(array([0.]), array([0.]), array([0.]))","(array([0.]), array([0.]), array([0.]))","(array([0.]), array([0.]), array([0.]))"
(0.49999625679783655+0j),[0.32660131],[1.],[0.9451622],[1.],"(array([0.]), array([0.]), array([0.]))","(array([0.]), array([0.]), array([0.]))","(array([0.]), array([0.]), array([0.]))","(array([0.]), array([0.]), array([0.]))","(array([0.]), array([0.]), array([0.]))","(array([0.]), array([0.]), array([0.]))","(array([0.]), array([0.]), array([0.]))","(array([0.]), array([0.]), array([0.]))","(array([0.]), array([0.]), array([0.]))","(array([0.]), array([0.]), array([0.]))","(array([0.]), array([0.]), array([0.]))"
(0.49999629460432443+0j),[0.30297557],[1.],[0.95299832],[1.],"(array([0.]), array([0.]), array([0.]))","(array([0.]), array([0.]), array([0.]))","(array([0.]), array([0.]), array([0.]))","(array([0.]), array([0.]), array([0.]))","(array([0.]), array([0.]), array([0.]))","(array([0.]), array([0.]), array([0.]))","(array([0.]), array([0.]), array([0.]))","(array([0.]), array([0.]), array([0.]))","(array([0.]), array([0.]), array([0.]))","(array([0.]), array([0.]), array([0.]))","(array([0.]), array([0.]), array([0.]))"
(0.4999963327242576+0j),[0.1939484],[1.],[0.98101173],[1.],"(array([0.]), array([0.]), array([0.]))","(array([0.]), array([0.]), array([0.]))","(array([0.]), array([0.]), array([0.]))","(array([0.]), array([0.]), array([0.]))","(array([0.]), array([0.]), array([0.]))","(array([0.]), array([0.]), array([0.]))","(array([0.]), array([0.]), array([0.]))","(array([0.]), array([0.]), array([0.]))","(array([0.]), array([0.]), array([0.]))","(array([0.]), array([0.]), array([0.]))","(array([0.]), array([0.]), array([0.]))"
(0.49999637196472696+0j),[0.35777986],[1.],[0.93380596],[1.],"(array([0.]), array([0.]), array([0.]))","(array([0.]), array([0.]), array([0.]))","(array([0.]), array([0.]), array([0.]))","(array([0.]), array([0.]), array([0.]))","(array([0.]), array([0.]), array([0.]))","(array([0.]), array([0.]), array([0.]))","(array([0.]), array([0.]), array([0.]))","(array([0.]), array([0.]), array([0.]))","(array([0.]), array([0.]), array([0.]))","(array([0.]), array([0.]), array([0.]))","(array([0.]), array([0.]), array([0.]))"
(0.4999964093169655+0j),[0.51664898],[1.],[0.85619731],[1.],"(array([0.]), array([0.]), array([0.]))","(array([0.]), array([0.]), array([0.]))","(array([0.]), array([0.]), array([0.]))","(array([0.]), array([0.]), array([0.]))","(array([0.]), array([0.]), array([0.]))","(array([0.]), array([0.]), array([0.]))","(array([0.]), array([0.]), array([0.]))","(array([0.]), array([0.]), array([0.]))","(array([0.]), array([0.]), array([0.]))","(array([0.]), array([0.]), array([0.]))","(array([0.]), array([0.]), array([0.]))"
(0.49999644356485823+0j),[0.25882082],[1.],[0.96592535],[1.],"(array([0.]), array([0.]), array([0.]))","(array([0.]), array([0.]), array([0.]))","(array([0.]), array([0.]), array([0.]))","(array([0.]), array([0.]), array([0.]))","(array([0.]), array([0.]), array([0.]))","(array([0.]), array([0.]), array([0.]))","(array([0.]), array([0.]), array([0.]))","(array([0.]), array([0.]), array([0.]))","(array([0.]), array([0.]), array([0.]))","(array([0.]), array([0.]), array([0.]))","(array([0.]), array([0.]), array([0.]))"
(0.4999964822018727+0j),[0.05261599],[1.],[0.99861482],[1.],"(array([0.]), array([0.]), array([0.]))","(array([0.]), array([0.]), array([0.]))","(array([0.]), array([0.]), array([0.]))","(array([0.]), array([0.]), array([0.]))","(array([0.]), array([0.]), array([0.]))","(array([0.]), array([0.]), array([0.]))","(array([0.]), array([0.]), array([0.]))","(array([0.]), array([0.]), array([0.]))","(array([0.]), array([0.]), array([0.]))","(array([0.]), array([0.]), array([0.]))","(array([0.]), array([0.]), array([0.]))"
(0.4999965221464655+0j),[0.08604853],[1.],[0.99629095],[1.],"(array([0.]), array([0.]), array([0.]))","(array([0.]), array([0.]), array([0.]))","(array([0.]), array([0.]), array([0.]))","(array([0.]), array([0.]), array([0.]))","(array([0.]), array([0.]), array([0.]))","(array([0.]), array([0.]), array([0.]))","(array([0.]), array([0.]), array([0.]))","(array([0.]), array([0.]), array([0.]))","(array([0.]), array([0.]), array([0.]))","(array([0.]), array([0.]), array([0.]))","(array([0.]), array([0.]), array([0.]))"
(0.49999656199810316+0j),[0.29499968],[1.],[0.95549735],[1.],"(array([0.]), array([0.]), array([0.]))","(array([0.]), array([0.]), array([0.]))","(array([0.]), array([0.]), array([0.]))","(array([0.]), array([0.]), array([0.]))","(array([0.]), array([0.]), array([0.]))","(array([0.]), array([0.]), array([0.]))","(array([0.]), array([0.]), array([0.]))","(array([0.]), array([0.]), array([0.]))","(array([0.]), array([0.]), array([0.]))","(array([0.]), array([0.]), array([0.]))","(array([0.]), array([0.]), array([0.]))"
(0.4999966002179975+0j),[0.43236638],[1.],[0.90169802],[1.],"(array([0.]), array([0.]), array([0.]))","(array([0.]), array([0.]), array([0.]))","(array([0.]), array([0.]), array([0.]))","(array([0.]), array([0.]), array([0.]))","(array([0.]), array([0.]), array([0.]))","(array([0.]), array([0.]), array([0.]))","(array([0.]), array([0.]), array([0.]))","(array([0.]), array([0.]), array([0.]))","(array([0.]), array([0.]), array([0.]))","(array([0.]), array([0.]), array([0.]))","(array([0.]), array([0.]), array([0.]))"
(0.4999966362859182+0j),[0.27605358],[1.],[0.96114225],[1.],"(array([0.]), array([0.]), array([0.]))","(array([0.]), array([0.]), array([0.]))","(array([0.]), array([0.]), array([0.]))","(array([0.]), array([0.]), array([0.]))","(array([0.]), array([0.]), array([0.]))","(array([0.]), array([0.]), array([0.]))","(array([0.]), array([0.]), array([0.]))","(array([0.]), array([0.]), array([0.]))","(array([0.]), array([0.]), array([0.]))","(array([0.]), array([0.]), array([0.]))","(array([0.]), array([0.]), array([0.]))"
(0.4999966747316079+0j),[0.27485468],[1.],[0.96148578],[1.],"(array([0.]), array([0.]), array([0.]))","(array([0.]), array([0.]), array([0.]))","(array([0.]), array([0.]), array([0.]))","(array([0.]), array([0.]), array([0.]))","(array([0.]), array([0.]), array([0.]))","(array([0.]), array([0.]), array([0.]))","(array([0.]), array([0.]), array([0.]))","(array([0.]), array([0.]), array([0.]))","(array([0.]), array([0.]), array([0.]))","(array([0.]), array([0.]), array([0.]))","(array([0.]), array([0.]), array([0.]))"
(0.49999671319103967+0j),[0.06949295],[1.],[0.99758244],[1.],"(array([0.]), array([0.]), array([0.]))","(array([0.]), array([0.]), array([0.]))","(array([0.]), array([0.]), array([0.]))","(array([0.]), array([0.]), array([0.]))","(array([0.]), array([0.]), array([0.]))","(array([0.]), array([0.]), array([0.]))","(array([0.]), array([0.]), array([0.]))","(array([0.]), array([0.]), array([0.]))","(array([0.]), array([0.]), array([0.]))","(array([0.]), array([0.]), array([0.]))","(array([0.]), array([0.]), array([0.]))"
(0.49999675309433755+0j),[0.33651922],[1.],[0.9416766],[1.],"(array([0.]), array([0.]), array([0.]))","(array([0.]), array([0.]), array([0.]))","(array([0.]), array([0.]), array([0.]))","(array([0.]), array([0.]), array([0.]))","(array([0.]), array([0.]), array([0.]))","(array([0.]), array([0.]), array([0.]))","(array([0.]), array([0.]), array([0.]))","(array([0.]), array([0.]), array([0.]))","(array([0.]), array([0.]), array([0.]))","(array([0.]), array([0.]), array([0.]))","(array([0.]), array([0.]), array([0.]))"
(0.4999967907614013+0j),[0.7231448],[1.],[0.69069646],[1.],"(array([0.]), array([0.]), array([0.]))","(array([0.]), array([0.]), array([0.]))","(array([0.]), array([0.]), array([0.]))","(array([0.]), array([0.]), array([0.]))","(array([0.]), array([0.]), array([0.]))","(array([0.]), array([0.]), array([0.]))","(array([0.]), array([0.]), array([0.]))","(array([0.]), array([0.]), array([0.]))","(array([0.]), array([0.]), array([0.]))","(array([0.]), array([0.]), array([0.]))","(array([0.]), array([0.]), array([0.]))"
(0.4999968183892594+0j),[0.5983608],[1.],[0.80122678],[1.],"(array([0.]), array([0.]), array([0.]))","(array([0.]), array([0.]), array([0.]))","(array([0.]), array([0.]), array([0.]))","(array([0.]), array([0.]), array([0.]))","(array([0.]), array([0.]), array([0.]))","(array([0.]), array([0.]), array([0.]))","(array([0.]), array([0.]), array([0.]))","(array([0.]), array([0.]), array([0.]))","(array([0.]), array([0.]), array([0.]))","(array([0.]), array([0.]), array([0.]))","(array([0.]), array([0.]), array([0.]))"
(0.4999968504383311+0j),[0.56402839],[1.],[0.82575539],[1.],"(array([0.]), array([0.]), array([0.]))","(array([0.]), array([0.]), array([0.]))","(array([0.]), array([0.]), array([0.]))","(array([0.]), array([0.]), array([0.]))","(array([0.]), array([0.]), array([0.]))","(array([0.]), array([0.]), array([0.]))","(array([0.]), array([0.]), array([0.]))","(array([0.]), array([0.]), array([0.]))","(array([0.]), array([0.]), array([0.]))","(array([0.]), array([0.]), array([0.]))","(array([0.]), array([0.]), array([0.]))"
(0.49999688346854715+0j),[0.37044245],[1.],[0.92885542],[1.],"(array([0.]), array([0.]), array([0.]))","(array([0.]), array([0.]), array([0.]))","(array([0.]), array([0.]), array([0.]))","(array([0.]), array([0.]), array([0.]))","(array([0.]), array([0.]), array([0.]))","(array([0.]), array([0.]), array([0.]))","(array([0.]), array([0.]), array([0.]))","(array([0.]), array([0.]), array([0.]))","(array([0.]), array([0.]), array([0.]))","(array([0.]), array([0.]), array([0.]))","(array([0.]), array([0.]), array([0.]))"
(0.4999969206227641+0j),[0.4761643],[1.],[0.87935633],[1.],"(array([0.]), array([0.]), array([0.]))","(array([0.]), array([0.]), array([0.]))","(array([0.]), array([0.]), array([0.]))","(array([0.]), array([0.]), array([0.]))","(array([0.]), array([0.]), array([0.]))","(array([0.]), array([0.]), array([0.]))","(array([0.]), array([0.]), array([0.]))","(array([0.]), array([0.]), array([0.]))","(array([0.]), array([0.]), array([0.]))","(array([0.]), array([0.]), array([0.]))","(array([0.]), array([0.]), array([0.]))"
(0.49999695579701775+0j),[0.41361193],[1.],[0.91045328],[1.],"(array([0.]), array([0.]), array([0.]))","(array([0.]), array([0.]), array([0.]))","(array([0.]), array([0.]), array([0.]))","(array([0.]), array([0.]), array([0.]))","(array([0.]), array([0.]), array([0.]))","(array([0.]), array([0.]), array([0.]))","(array([0.]), array([0.]), array([0.]))","(array([0.]), array([0.]), array([0.]))","(array([0.]), array([0.]), array([0.]))","(array([0.]), array([0.]), array([0.]))","(array([0.]), array([0.]), array([0.]))"
(0.4999969922151492+0j),[0.46408545],[1.],[0.88579043],[1.],"(array([0.]), array([0.]), array([0.]))","(array([0.]), array([0.]), array([0.]))","(array([0.]), array([0.]), array([0.]))","(array([0.]), array([0.]), array([0.]))","(array([0.]), array([0.]), array([0.]))","(array([0.]), array([0.]), array([0.]))","(array([0.]), array([0.]), array([0.]))","(array([0.]), array([0.]), array([0.]))","(array([0.]), array([0.]), array([0.]))","(array([0.]), array([0.]), array([0.]))","(array([0.]), array([0.]), array([0.]))"
(0.4999970276467666+0j),[0.36428664],[1.],[0.93128687],[1.],"(array([0.]), array([0.]), array([0.]))","(array([0.]), array([0.]), array([0.]))","(array([0.]), array([0.]), array([0.]))","(array([0.]), array([0.]), array([0.]))","(array([0.]), array([0.]), array([0.]))","(array([0.]), array([0.]), array([0.]))","(array([0.]), array([0.]), array([0.]))","(array([0.]), array([0.]), array([0.]))","(array([0.]), array([0.]), array([0.]))","(array([0.]), array([0.]), array([0.]))","(array([0.]), array([0.]), array([0.]))"
(0.4999970648982414+0j),[0.40629425],[1.],[0.9137423],[1.],"(array([0.]), array([0.]), array([0.]))","(array([0.]), array([0.]), array([0.]))","(array([0.]), array([0.]), array([0.]))","(array([0.]), array([0.]), array([0.]))","(array([0.]), array([0.]), array([0.]))","(array([0.]), array([0.]), array([0.]))","(array([0.]), array([0.]), array([0.]))","(array([0.]), array([0.]), array([0.]))","(array([0.]), array([0.]), array([0.]))","(array([0.]), array([0.]), array([0.]))","(array([0.]), array([0.]), array([0.]))"
(0.49999710144793313+0j),[0.04325946],[1.],[0.99906387],[1.],"(array([0.]), array([0.]), array([0.]))","(array([0.]), array([0.]), array([0.]))","(array([0.]), array([0.]), array([0.]))","(array([0.]), array([0.]), array([0.]))","(array([0.]), array([0.]), array([0.]))","(array([0.]), array([0.]), array([0.]))","(array([0.]), array([0.]), array([0.]))","(array([0.]), array([0.]), array([0.]))","(array([0.]), array([0.]), array([0.]))","(array([0.]), array([0.]), array([0.]))","(array([0.]), array([0.]), array([0.]))"
(0.49999714141048784+0j),[0.13587135],[1.],[0.99072649],[1.],"(array([0.]), array([0.]), array([0.]))","(array([0.]), array([0.]), array([0.]))","(array([0.]), array([0.]), array([0.]))","(array([0.]), array([0.]), array([0.]))","(array([0.]), array([0.]), array([0.]))","(array([0.]), array([0.]), array([0.]))","(array([0.]), array([0.]), array([0.]))","(array([0.]), array([0.]), array([0.]))","(array([0.]), array([0.]), array([0.]))","(array([0.]), array([0.]), array([0.]))","(array([0.]), array([0.]), array([0.]))"
(0.4999971810395474+0j),[-0.22705702],[1.],[0.97388147],[1.],"(array([0.]), array([0.]), array([0.]))","(array([0.]), array([0.]), array([0.]))","(array([0.]), array([0.]), array([0.]))","(array([0.]), array([0.]), array([0.]))","(array([0.]), array([0.]), array([0.]))","(array([0.]), array([0.]), array([0.]))","(array([0.]), array([0.]), array([0.]))","(array([0.]), array([0.]), array([0.]))","(array([0.]), array([0.]), array([0.]))","(array([0.]), array([0.]), array([0.]))","(array([0.]), array([0.]), array([0.]))"
(0.49999721999480606+0j),[-0.09517933],[1.],[0.99546014],[1.],"(array([0.]), array([0.]), array([0.]))","(array([0.]), array([0.]), array([0.]))","(array([0.]), array([0.]), array([0.]))","(array([0.]), array([0.]), array([0.]))","(array([0.]), array([0.]), array([0.]))","(array([0.]), array([0.]), array([0.]))","(array([0.]), array([0.]), array([0.]))","(array([0.]), array([0.]), array([0.]))","(array([0.]), array([0.]), array([0.]))","(array([0.]), array([0.]), array([0.]))","(array([0.]), array([0.]), array([0.]))"
(0.49999725981321164+0j),[0.14245859],[1.],[0.98980076],[1.],"(array([0.]), array([0.]), array([0.]))","(array([0.]), array([0.]), array([0.]))","(array([0.]), array([0.]), array([0.]))","(array([0.]), array([0.]), array([0.]))","(array([0.]), array([0.]), array([0.]))","(array([0.]), array([0.]), array([0.]))","(array([0.]), array([0.]), array([0.]))","(array([0.]), array([0.]), array([0.]))","(array([0.]), array([0.]), array([0.]))","(array([0.]), array([0.]), array([0.]))","(array([0.]), array([0.]), array([0.]))"
(0.49999729940524196+0j),[0.22305209],[1.],[0.97480653],[1.],"(array([0.]), array([0.]), array([0.]))","(array([0.]), array([0.]), array([0.]))","(array([0.]), array([0.]), array([0.]))","(array([0.]), array([0.]), array([0.]))","(array([0.]), array([0.]), array([0.]))","(array([0.]), array([0.]), array([0.]))","(array([0.]), array([0.]), array([0.]))","(array([0.]), array([0.]), array([0.]))","(array([0.]), array([0.]), array([0.]))","(array([0.]), array([0.]), array([0.]))","(array([0.]), array([0.]), array([0.]))"
(0.4999973383975032+0j),[0.36965655],[1.],[0.92916846],[1.],"(array([0.]), array([0.]), array([0.]))","(array([0.]), array([0.]), array([0.]))","(array([0.]), array([0.]), array([0.]))","(array([0.]), array([0.]), array([0.]))","(array([0.]), array([0.]), array([0.]))","(array([0.]), array([0.]), array([0.]))","(array([0.]), array([0.]), array([0.]))","(array([0.]), array([0.]), array([0.]))","(array([0.]), array([0.]), array([0.]))","(array([0.]), array([0.]), array([0.]))","(array([0.]), array([0.]), array([0.]))"
(0.4999973755642418+0j),[0.64612531],[1.],[0.76323134],[1.],"(array([0.]), array([0.]), array([0.]))","(array([0.]), array([0.]), array([0.]))","(array([0.]), array([0.]), array([0.]))","(array([0.]), array([0.]), array([0.]))","(array([0.]), array([0.]), array([0.]))","(array([0.]), array([0.]), array([0.]))","(array([0.]), array([0.]), array([0.]))","(array([0.]), array([0.]), array([0.]))","(array([0.]), array([0.]), array([0.]))","(array([0.]), array([0.]), array([0.]))","(array([0.]), array([0.]), array([0.]))"
(0.4999974060934954+0j),[0.66479217],[1.],[0.74702836],[1.],"(array([0.]), array([0.]), array([0.]))","(array([0.]), array([0.]), array([0.]))","(array([0.]), array([0.]), array([0.]))","(array([0.]), array([0.]), array([0.]))","(array([0.]), array([0.]), array([0.]))","(array([0.]), array([0.]), array([0.]))","(array([0.]), array([0.]), array([0.]))","(array([0.]), array([0.]), array([0.]))","(array([0.]), array([0.]), array([0.]))","(array([0.]), array([0.]), array([0.]))","(array([0.]), array([0.]), array([0.]))"
(0.49999743597462937+0j),[0.52887914],[1.],[0.84869715],[1.],"(array([0.]), array([0.]), array([0.]))","(array([0.]), array([0.]), array([0.]))","(array([0.]), array([0.]), array([0.]))","(array([0.]), array([0.]), array([0.]))","(array([0.]), array([0.]), array([0.]))","(array([0.]), array([0.]), array([0.]))","(array([0.]), array([0.]), array([0.]))","(array([0.]), array([0.]), array([0.]))","(array([0.]), array([0.]), array([0.]))","(array([0.]), array([0.]), array([0.]))","(array([0.]), array([0.]), array([0.]))"
(0.49999746992251554+0j),[0.34957716],[1.],[0.93690758],[1.],"(array([0.]), array([0.]), array([0.]))","(array([0.]), array([0.]), array([0.]))","(array([0.]), array([0.]), array([0.]))","(array([0.]), array([0.]), array([0.]))","(array([0.]), array([0.]), array([0.]))","(array([0.]), array([0.]), array([0.]))","(array([0.]), array([0.]), array([0.]))","(array([0.]), array([0.]), array([0.]))","(array([0.]), array([0.]), array([0.]))","(array([0.]), array([0.]), array([0.]))","(array([0.]), array([0.]), array([0.]))"
(0.4999975073988191+0j),[0.47848586],[1.],[0.87809526],[1.],"(array([0.]), array([0.]), array([0.]))","(array([0.]), array([0.]), array([0.]))","(array([0.]), array([0.]), array([0.]))","(array([0.]), array([0.]), array([0.]))","(array([0.]), array([0.]), array([0.]))","(array([0.]), array([0.]), array([0.]))","(array([0.]), array([0.]), array([0.]))","(array([0.]), array([0.]), array([0.]))","(array([0.]), array([0.]), array([0.]))","(array([0.]), array([0.]), array([0.]))","(array([0.]), array([0.]), array([0.]))"
(0.4999975425226291+0j),[0.06218183],[1.],[0.99806484],[1.],"(array([0.]), array([0.]), array([0.]))","(array([0.]), array([0.]), array([0.]))","(array([0.]), array([0.]), array([0.]))","(array([0.]), array([0.]), array([0.]))","(array([0.]), array([0.]), array([0.]))","(array([0.]), array([0.]), array([0.]))","(array([0.]), array([0.]), array([0.]))","(array([0.]), array([0.]), array([0.]))","(array([0.]), array([0.]), array([0.]))","(array([0.]), array([0.]), array([0.]))","(array([0.]), array([0.]), array([0.]))"
(0.4999975824452225+0j),[-0.00631477],[1.],[0.99998006],[1.],"(array([0.]), array([0.]), array([0.]))","(array([0.]), array([0.]), array([0.]))","(array([0.]), array([0.]), array([0.]))","(array([0.]), array([0.]), array([0.]))","(array([0.]), array([0.]), array([0.]))","(array([0.]), array([0.]), array([0.]))","(array([0.]), array([0.]), array([0.]))","(array([0.]), array([0.]), array([0.]))","(array([0.]), array([0.]), array([0.]))","(array([0.]), array([0.]), array([0.]))","(array([0.]), array([0.]), array([0.]))"
(0.49999762244442497+0j),[-0.16390766],[1.],[0.98647569],[1.],"(array([0.]), array([0.]), array([0.]))","(array([0.]), array([0.]), array([0.]))","(array([0.]), array([0.]), array([0.]))","(array([0.]), array([0.]), array([0.]))","(array([0.]), array([0.]), array([0.]))","(array([0.]), array([0.]), array([0.]))","(array([0.]), array([0.]), array([0.]))","(array([0.]), array([0.]), array([0.]))","(array([0.]), array([0.]), array([0.]))","(array([0.]), array([0.]), array([0.]))","(array([0.]), array([0.]), array([0.]))"
(0.49999766190345246+0j),[-0.19772144],[1.],[0.98025825],[1.],"(array([0.]), array([0.]), array([0.]))","(array([0.]), array([0.]), array([0.]))","(array([0.]), array([0.]), array([0.]))","(array([0.]), array([0.]), array([0.]))","(array([0.]), array([0.]), array([0.]))","(array([0.]), array([0.]), array([0.]))","(array([0.]), array([0.]), array([0.]))","(array([0.]), array([0.]), array([0.]))","(array([0.]), array([0.]), array([0.]))","(array([0.]), array([0.]), array([0.]))","(array([0.]), array([0.]), array([0.]))"
(0.4999977011137823+0j),[-0.25197876],[1.],[0.96773276],[1.],"(array([0.]), array([0.]), array([0.]))","(array([0.]), array([0.]), array([0.]))","(array([0.]), array([0.]), array([0.]))","(array([0.]), array([0.]), array([0.]))","(array([0.]), array([0.]), array([0.]))","(array([0.]), array([0.]), array([0.]))","(array([0.]), array([0.]), array([0.]))","(array([0.]), array([0.]), array([0.]))","(array([0.]), array([0.]), array([0.]))","(array([0.]), array([0.]), array([0.]))","(array([0.]), array([0.]), array([0.]))"
(0.4999977398230927+0j),[-0.45844437],[1.],[0.88872311],[1.],"(array([0.]), array([0.]), array([0.]))","(array([0.]), array([0.]), array([0.]))","(array([0.]), array([0.]), array([0.]))","(array([0.]), array([0.]), array([0.]))","(array([0.]), array([0.]), array([0.]))","(array([0.]), array([0.]), array([0.]))","(array([0.]), array([0.]), array([0.]))","(array([0.]), array([0.]), array([0.]))","(array([0.]), array([0.]), array([0.]))","(array([0.]), array([0.]), array([0.]))","(array([0.]), array([0.]), array([0.]))"
(0.49999777537201723+0j),[-0.25830602],[1.],[0.96606314],[1.],"(array([0.]), array([0.]), array([0.]))","(array([0.]), array([0.]), array([0.]))","(array([0.]), array([0.]), array([0.]))","(array([0.]), array([0.]), array([0.]))","(array([0.]), array([0.]), array([0.]))","(array([0.]), array([0.]), array([0.]))","(array([0.]), array([0.]), array([0.]))","(array([0.]), array([0.]), array([0.]))","(array([0.]), array([0.]), array([0.]))","(array([0.]), array([0.]), array([0.]))","(array([0.]), array([0.]), array([0.]))"
(0.49999781401454296+0j),[-0.06118417],[1.],[0.99812649],[1.],"(array([0.]), array([0.]), array([0.]))","(array([0.]), array([0.]), array([0.]))","(array([0.]), array([0.]), array([0.]))","(array([0.]), array([0.]), array([0.]))","(array([0.]), array([0.]), array([0.]))","(array([0.]), array([0.]), array([0.]))","(array([0.]), array([0.]), array([0.]))","(array([0.]), array([0.]), array([0.]))","(array([0.]), array([0.]), array([0.]))","(array([0.]), array([0.]), array([0.]))","(array([0.]), array([0.]), array([0.]))"
(0.49999785393960267+0j),[-0.38923342],[1.],[0.92113916],[1.],"(array([0.]), array([0.]), array([0.]))","(array([0.]), array([0.]), array([0.]))","(array([0.]), array([0.]), array([0.]))","(array([0.]), array([0.]), array([0.]))","(array([0.]), array([0.]), array([0.]))","(array([0.]), array([0.]), array([0.]))","(array([0.]), array([0.]), array([0.]))","(array([0.]), array([0.]), array([0.]))","(array([0.]), array([0.]), array([0.]))","(array([0.]), array([0.]), array([0.]))","(array([0.]), array([0.]), array([0.]))"
(0.4999978907851684+0j),[-0.34977862],[1.],[0.93683239],[1.],"(array([0.]), array([0.]), array([0.]))","(array([0.]), array([0.]), array([0.]))","(array([0.]), array([0.]), array([0.]))","(array([0.]), array([0.]), array([0.]))","(array([0.]), array([0.]), array([0.]))","(array([0.]), array([0.]), array([0.]))","(array([0.]), array([0.]), array([0.]))","(array([0.]), array([0.]), array([0.]))","(array([0.]), array([0.]), array([0.]))","(array([0.]), array([0.]), array([0.]))","(array([0.]), array([0.]), array([0.]))"
(0.49999792825846345+0j),[-0.33936975],[1.],[0.94065306],[1.],"(array([0.]), array([0.]), array([0.]))","(array([0.]), array([0.]), array([0.]))","(array([0.]), array([0.]), array([0.]))","(array([0.]), array([0.]), array([0.]))","(array([0.]), array([0.]), array([0.]))","(array([0.]), array([0.]), array([0.]))","(array([0.]), array([0.]), array([0.]))","(array([0.]), array([0.]), array([0.]))","(array([0.]), array([0.]), array([0.]))","(array([0.]), array([0.]), array([0.]))","(array([0.]), array([0.]), array([0.]))"
(0.4999979658845858+0j),[-0.69019343],[1.],[0.72362492],[1.],"(array([0.]), array([0.]), array([0.]))","(array([0.]), array([0.]), array([0.]))","(array([0.]), array([0.]), array([0.]))","(array([0.]), array([0.]), array([0.]))","(array([0.]), array([0.]), array([0.]))","(array([0.]), array([0.]), array([0.]))","(array([0.]), array([0.]), array([0.]))","(array([0.]), array([0.]), array([0.]))","(array([0.]), array([0.]), array([0.]))","(array([0.]), array([0.]), array([0.]))","(array([0.]), array([0.]), array([0.]))"
(0.4999979948295827+0j),[-0.72600765],[1.],[0.68768663],[1.],"(array([0.]), array([0.]), array([0.]))","(array([0.]), array([0.]), array([0.]))","(array([0.]), array([0.]), array([0.]))","(array([0.]), array([0.]), array([0.]))","(array([0.]), array([0.]), array([0.]))","(array([0.]), array([0.]), array([0.]))","(array([0.]), array([0.]), array([0.]))","(array([0.]), array([0.]), array([0.]))","(array([0.]), array([0.]), array([0.]))","(array([0.]), array([0.]), array([0.]))","(array([0.]), array([0.]), array([0.]))"
(0.49999802233704804+0j),[-0.68110074],[1.],[0.73218971],[1.],"(array([0.]), array([0.]), array([0.]))","(array([0.]), array([0.]), array([0.]))","(array([0.]), array([0.]), array([0.]))","(array([0.]), array([0.]), array([0.]))","(array([0.]), array([0.]), array([0.]))","(array([0.]), array([0.]), array([0.]))","(array([0.]), array([0.]), array([0.]))","(array([0.]), array([0.]), array([0.]))","(array([0.]), array([0.]), array([0.]))","(array([0.]), array([0.]), array([0.]))","(array([0.]), array([0.]), array([0.]))"
(0.49999805162463673+0j),[-0.7736647],[1.],[0.63359524],[1.],"(array([0.]), array([0.]), array([0.]))","(array([0.]), array([0.]), array([0.]))","(array([0.]), array([0.]), array([0.]))","(array([0.]), array([0.]), array([0.]))","(array([0.]), array([0.]), array([0.]))","(array([0.]), array([0.]), array([0.]))","(array([0.]), array([0.]), array([0.]))","(array([0.]), array([0.]), array([0.]))","(array([0.]), array([0.]), array([0.]))","(array([0.]), array([0.]), array([0.]))","(array([0.]), array([0.]), array([0.]))"
(0.49999807696844606+0j),[-0.77912334],[1.],[0.62687066],[1.],"(array([0.]), array([0.]), array([0.]))","(array([0.]), array([0.]), array([0.]))","(array([0.]), array([0.]), array([0.]))","(array([0.]), array([0.]), array([0.]))","(array([0.]), array([0.]), array([0.]))","(array([0.]), array([0.]), array([0.]))","(array([0.]), array([0.]), array([0.]))","(array([0.]), array([0.]), array([0.]))","(array([0.]), array([0.]), array([0.]))","(array([0.]), array([0.]), array([0.]))","(array([0.]), array([0.]), array([0.]))"
(0.49999810204327194+0j),[-0.67339496],[1.],[0.73928291],[1.],"(array([0.]), array([0.]), array([0.]))","(array([0.]), array([0.]), array([0.]))","(array([0.]), array([0.]), array([0.]))","(array([0.]), array([0.]), array([0.]))","(array([0.]), array([0.]), array([0.]))","(array([0.]), array([0.]), array([0.]))","(array([0.]), array([0.]), array([0.]))","(array([0.]), array([0.]), array([0.]))","(array([0.]), array([0.]), array([0.]))","(array([0.]), array([0.]), array([0.]))","(array([0.]), array([0.]), array([0.]))"
(0.49999813161458867+0j),[-0.72206039],[1.],[0.69183003],[1.],"(array([0.]), array([0.]), array([0.]))","(array([0.]), array([0.]), array([0.]))","(array([0.]), array([0.]), array([0.]))","(array([0.]), array([0.]), array([0.]))","(array([0.]), array([0.]), array([0.]))","(array([0.]), array([0.]), array([0.]))","(array([0.]), array([0.]), array([0.]))","(array([0.]), array([0.]), array([0.]))","(array([0.]), array([0.]), array([0.]))","(array([0.]), array([0.]), array([0.]))","(array([0.]), array([0.]), array([0.]))"
(0.4999981592877903+0j),[-0.76189555],[1.],[0.6476999],[1.],"(array([0.]), array([0.]), array([0.]))","(array([0.]), array([0.]), array([0.]))","(array([0.]), array([0.]), array([0.]))","(array([0.]), array([0.]), array([0.]))","(array([0.]), array([0.]), array([0.]))","(array([0.]), array([0.]), array([0.]))","(array([0.]), array([0.]), array([0.]))","(array([0.]), array([0.]), array([0.]))","(array([0.]), array([0.]), array([0.]))","(array([0.]), array([0.]), array([0.]))","(array([0.]), array([0.]), array([0.]))"
(0.49999818519578576+0j),[-0.79327544],[1.],[0.60886294],[1.],"(array([0.]), array([0.]), array([0.]))","(array([0.]), array([0.]), array([0.]))","(array([0.]), array([0.]), array([0.]))","(array([0.]), array([0.]), array([0.]))","(array([0.]), array([0.]), array([0.]))","(array([0.]), array([0.]), array([0.]))","(array([0.]), array([0.]), array([0.]))","(array([0.]), array([0.]), array([0.]))","(array([0.]), array([0.]), array([0.]))","(array([0.]), array([0.]), array([0.]))","(array([0.]), array([0.]), array([0.]))"
(0.49999820955030316+0j),[-0.88792411],[1.],[0.45998997],[1.],"(array([0.]), array([0.]), array([0.]))","(array([0.]), array([0.]), array([0.]))","(array([0.]), array([0.]), array([0.]))","(array([0.]), array([0.]), array([0.]))","(array([0.]), array([0.]), array([0.]))","(array([0.]), array([0.]), array([0.]))","(array([0.]), array([0.]), array([0.]))","(array([0.]), array([0.]), array([0.]))","(array([0.]), array([0.]), array([0.]))","(array([0.]), array([0.]), array([0.]))","(array([0.]), array([0.]), array([0.]))"
(0.49999822794990184+0j),[-0.92884051],[1.],[0.37047983],[1.],"(array([0.]), array([0.]), array([0.]))","(array([0.]), array([0.]), array([0.]))","(array([0.]), array([0.]), array([0.]))","(array([0.]), array([0.]), array([0.]))","(array([0.]), array([0.]), array([0.]))","(array([0.]), array([0.]), array([0.]))","(array([0.]), array([0.]), array([0.]))","(array([0.]), array([0.]), array([0.]))","(array([0.]), array([0.]), array([0.]))","(array([0.]), array([0.]), array([0.]))","(array([0.]), array([0.]), array([0.]))"
(0.49999824276909544+0j),[-0.87615097],[1.],[0.48203681],[1.],"(array([0.]), array([0.]), array([0.]))","(array([0.]), array([0.]), array([0.]))","(array([0.]), array([0.]), array([0.]))","(array([0.]), array([0.]), array([0.]))","(array([0.]), array([0.]), array([0.]))","(array([0.]), array([0.]), array([0.]))","(array([0.]), array([0.]), array([0.]))","(array([0.]), array([0.]), array([0.]))","(array([0.]), array([0.]), array([0.]))","(array([0.]), array([0.]), array([0.]))","(array([0.]), array([0.]), array([0.]))"
(0.4999982620505678+0j),[-0.88236112],[1.],[0.4705729],[1.],"(array([0.]), array([0.]), array([0.]))","(array([0.]), array([0.]), array([0.]))","(array([0.]), array([0.]), array([0.]))","(array([0.]), array([0.]), array([0.]))","(array([0.]), array([0.]), array([0.]))","(array([0.]), array([0.]), array([0.]))","(array([0.]), array([0.]), array([0.]))","(array([0.]), array([0.]), array([0.]))","(array([0.]), array([0.]), array([0.]))","(array([0.]), array([0.]), array([0.]))","(array([0.]), array([0.]), array([0.]))"
(0.4999982808734836+0j),[-0.97365624],[1.],[0.22802088],[1.],"(array([0.]), array([0.]), array([0.]))","(array([0.]), array([0.]), array([0.]))","(array([0.]), array([0.]), array([0.]))","(array([0.]), array([0.]), array([0.]))","(array([0.]), array([0.]), array([0.]))","(array([0.]), array([0.]), array([0.]))","(array([0.]), array([0.]), array([0.]))","(array([0.]), array([0.]), array([0.]))","(array([0.]), array([0.]), array([0.]))","(array([0.]), array([0.]), array([0.]))","(array([0.]), array([0.]), array([0.]))"
(0.49999828999431895+0j),[-0.98378463],[1.],[0.17935386],[1.],"(array([0.]), array([0.]), array([0.]))","(array([0.]), array([0.]), array([0.]))","(array([0.]), array([0.]), array([0.]))","(array([0.]), array([0.]), array([0.]))","(array([0.]), array([0.]), array([0.]))","(array([0.]), array([0.]), array([0.]))","(array([0.]), array([0.]), array([0.]))","(array([0.]), array([0.]), array([0.]))","(array([0.]), array([0.]), array([0.]))","(array([0.]), array([0.]), array([0.]))","(array([0.]), array([0.]), array([0.]))"
(0.4999982971684734+0j),[-0.98216514],[1.],[0.18802031],[1.],"(array([0.]), array([0.]), array([0.]))","(array([0.]), array([0.]), array([0.]))","(array([0.]), array([0.]), array([0.]))","(array([0.]), array([0.]), array([0.]))","(array([0.]), array([0.]), array([0.]))","(array([0.]), array([0.]), array([0.]))","(array([0.]), array([0.]), array([0.]))","(array([0.]), array([0.]), array([0.]))","(array([0.]), array([0.]), array([0.]))","(array([0.]), array([0.]), array([0.]))","(array([0.]), array([0.]), array([0.]))"
(0.49999830468928513+0j),[-0.9747002],[1.],[0.22351624],[1.],"(array([0.]), array([0.]), array([0.]))","(array([0.]), array([0.]), array([0.]))","(array([0.]), array([0.]), array([0.]))","(array([0.]), array([0.]), array([0.]))","(array([0.]), array([0.]), array([0.]))","(array([0.]), array([0.]), array([0.]))","(array([0.]), array([0.]), array([0.]))","(array([0.]), array([0.]), array([0.]))","(array([0.]), array([0.]), array([0.]))","(array([0.]), array([0.]), array([0.]))","(array([0.]), array([0.]), array([0.]))"
(0.4999983136299345+0j),[-0.96686014],[1.],[0.25530662],[1.],"(array([0.]), array([0.]), array([0.]))","(array([0.]), array([0.]), array([0.]))","(array([0.]), array([0.]), array([0.]))","(array([0.]), array([0.]), array([0.]))","(array([0.]), array([0.]), array([0.]))","(array([0.]), array([0.]), array([0.]))","(array([0.]), array([0.]), array([0.]))","(array([0.]), array([0.]), array([0.]))","(array([0.]), array([0.]), array([0.]))","(array([0.]), array([0.]), array([0.]))","(array([0.]), array([0.]), array([0.]))"
(0.49999832384219917+0j),[-0.98613869],[1.],[0.16592314],[1.],"(array([0.]), array([0.]), array([0.]))","(array([0.]), array([0.]), array([0.]))","(array([0.]), array([0.]), array([0.]))","(array([0.]), array([0.]), array([0.]))","(array([0.]), array([0.]), array([0.]))","(array([0.]), array([0.]), array([0.]))","(array([0.]), array([0.]), array([0.]))","(array([0.]), array([0.]), array([0.]))","(array([0.]), array([0.]), array([0.]))","(array([0.]), array([0.]), array([0.]))","(array([0.]), array([0.]), array([0.]))"
(0.49999833047912456+0j),[-0.99999976],[1.],[0.00069318],[1.],"(array([0.]), array([0.]), array([0.]))","(array([0.]), array([0.]), array([0.]))","(array([0.]), array([0.]), array([0.]))","(array([0.]), array([0.]), array([0.]))","(array([0.]), array([0.]), array([0.]))","(array([0.]), array([0.]), array([0.]))","(array([0.]), array([0.]), array([0.]))","(array([0.]), array([0.]), array([0.]))","(array([0.]), array([0.]), array([0.]))","(array([0.]), array([0.]), array([0.]))","(array([0.]), array([0.]), array([0.]))"
(0.4999983305068524+0j),[-0.99856165],[1.],[0.05361557],[1.],"(array([0.]), array([0.]), array([0.]))","(array([0.]), array([0.]), array([0.]))","(array([0.]), array([0.]), array([0.]))","(array([0.]), array([0.]), array([0.]))","(array([0.]), array([0.]), array([0.]))","(array([0.]), array([0.]), array([0.]))","(array([0.]), array([0.]), array([0.]))","(array([0.]), array([0.]), array([0.]))","(array([0.]), array([0.]), array([0.]))","(array([0.]), array([0.]), array([0.]))","(array([0.]), array([0.]), array([0.]))"
(0.4999983326514758+0j),[-0.99996245],[1.],[0.00866594],[1.],"(array([0.]), array([0.]), array([0.]))","(array([0.]), array([0.]), array([0.]))","(array([0.]), array([0.]), array([0.]))","(array([0.]), array([0.]), array([0.]))","(array([0.]), array([0.]), array([0.]))","(array([0.]), array([0.]), array([0.]))","(array([0.]), array([0.]), array([0.]))","(array([0.]), array([0.]), array([0.]))","(array([0.]), array([0.]), array([0.]))","(array([0.]), array([0.]), array([0.]))","(array([0.]), array([0.]), array([0.]))"
(0.4999983329981136+0j),[-0.98809802],[1.],[0.15382557],[1.],"(array([0.]), array([0.]), array([0.]))","(array([0.]), array([0.]), array([0.]))","(array([0.]), array([0.]), array([0.]))","(array([0.]), array([0.]), array([0.]))","(array([0.]), array([0.]), array([0.]))","(array([0.]), array([0.]), array([0.]))","(array([0.]), array([0.]), array([0.]))","(array([0.]), array([0.]), array([0.]))","(array([0.]), array([0.]), array([0.]))","(array([0.]), array([0.]), array([0.]))","(array([0.]), array([0.]), array([0.]))"
(0.4999983391511369+0j),[-0.99972807],[1.],[-0.02331928],[1.],"(array([0.]), array([0.]), array([0.]))","(array([0.]), array([0.]), array([0.]))","(array([0.]), array([0.]), array([0.]))","(array([0.]), array([0.]), array([0.]))","(array([0.]), array([0.]), array([0.]))","(array([0.]), array([0.]), array([0.]))","(array([0.]), array([0.]), array([0.]))","(array([0.]), array([0.]), array([0.]))","(array([0.]), array([0.]), array([0.]))","(array([0.]), array([0.]), array([0.]))","(array([0.]), array([0.]), array([0.]))"
(0.49999833821836603+0j),[-0.99853103],[1.],[-0.05418282],[1.],"(array([0.]), array([0.]), array([0.]))","(array([0.]), array([0.]), array([0.]))","(array([0.]), array([0.]), array([0.]))","(array([0.]), array([0.]), array([0.]))","(array([0.]), array([0.]), array([0.]))","(array([0.]), array([0.]), array([0.]))","(array([0.]), array([0.]), array([0.]))","(array([0.]), array([0.]), array([0.]))","(array([0.]), array([0.]), array([0.]))","(array([0.]), array([0.]), array([0.]))","(array([0.]), array([0.]), array([0.]))"
(0.4999983360510538+0j),[-0.98074347],[1.],[0.19530041],[1.],"(array([0.]), array([0.]), array([0.]))","(array([0.]), array([0.]), array([0.]))","(array([0.]), array([0.]), array([0.]))","(array([0.]), array([0.]), array([0.]))","(array([0.]), array([0.]), array([0.]))","(array([0.]), array([0.]), array([0.]))","(array([0.]), array([0.]), array([0.]))","(array([0.]), array([0.]), array([0.]))","(array([0.]), array([0.]), array([0.]))","(array([0.]), array([0.]), array([0.]))","(array([0.]), array([0.]), array([0.]))"
(0.49999834386307+0j),[-0.99744535],[1.],[-0.07143364],[1.],"(array([0.]), array([0.]), array([0.]))","(array([0.]), array([0.]), array([0.]))","(array([0.]), array([0.]), array([0.]))","(array([0.]), array([0.]), array([0.]))","(array([0.]), array([0.]), array([0.]))","(array([0.]), array([0.]), array([0.]))","(array([0.]), array([0.]), array([0.]))","(array([0.]), array([0.]), array([0.]))","(array([0.]), array([0.]), array([0.]))","(array([0.]), array([0.]), array([0.]))","(array([0.]), array([0.]), array([0.]))"
(0.4999983410057249+0j),[-0.95577472],[1.],[-0.2940998],[1.],"(array([0.]), array([0.]), array([0.]))","(array([0.]), array([0.]), array([0.]))","(array([0.]), array([0.]), array([0.]))","(array([0.]), array([0.]), array([0.]))","(array([0.]), array([0.]), array([0.]))","(array([0.]), array([0.]), array([0.]))","(array([0.]), array([0.]), array([0.]))","(array([0.]), array([0.]), array([0.]))","(array([0.]), array([0.]), array([0.]))","(array([0.]), array([0.]), array([0.]))","(array([0.]), array([0.]), array([0.]))"
(0.4999983292417323+0j),[-0.97366429],[1.],[-0.22798652],[1.],"(array([0.]), array([0.]), array([0.]))","(array([0.]), array([0.]), array([0.]))","(array([0.]), array([0.]), array([0.]))","(array([0.]), array([0.]), array([0.]))","(array([0.]), array([0.]), array([0.]))","(array([0.]), array([0.]), array([0.]))","(array([0.]), array([0.]), array([0.]))","(array([0.]), array([0.]), array([0.]))","(array([0.]), array([0.]), array([0.]))","(array([0.]), array([0.]), array([0.]))","(array([0.]), array([0.]), array([0.]))"
(0.4999983201222713+0j),[-0.98369917],[1.],[0.17982198],[1.],"(array([0.]), array([0.]), array([0.]))","(array([0.]), array([0.]), array([0.]))","(array([0.]), array([0.]), array([0.]))","(array([0.]), array([0.]), array([0.]))","(array([0.]), array([0.]), array([0.]))","(array([0.]), array([0.]), array([0.]))","(array([0.]), array([0.]), array([0.]))","(array([0.]), array([0.]), array([0.]))","(array([0.]), array([0.]), array([0.]))","(array([0.]), array([0.]), array([0.]))","(array([0.]), array([0.]), array([0.]))"
(0.49999832731515004+0j),[-0.99648103],[1.],[0.08381857],[1.],"(array([0.]), array([0.]), array([0.]))","(array([0.]), array([0.]), array([0.]))","(array([0.]), array([0.]), array([0.]))","(array([0.]), array([0.]), array([0.]))","(array([0.]), array([0.]), array([0.]))","(array([0.]), array([0.]), array([0.]))","(array([0.]), array([0.]), array([0.]))","(array([0.]), array([0.]), array([0.]))","(array([0.]), array([0.]), array([0.]))","(array([0.]), array([0.]), array([0.]))","(array([0.]), array([0.]), array([0.]))"
(0.49999833066789323+0j),[-0.99996559],[1.],[0.00829528],[1.],"(array([0.]), array([0.]), array([0.]))","(array([0.]), array([0.]), array([0.]))","(array([0.]), array([0.]), array([0.]))","(array([0.]), array([0.]), array([0.]))","(array([0.]), array([0.]), array([0.]))","(array([0.]), array([0.]), array([0.]))","(array([0.]), array([0.]), array([0.]))","(array([0.]), array([0.]), array([0.]))","(array([0.]), array([0.]), array([0.]))","(array([0.]), array([0.]), array([0.]))","(array([0.]), array([0.]), array([0.]))"
(0.4999983309997042+0j),[-0.99992662],[1.],[0.01211403],[1.],"(array([0.]), array([0.]), array([0.]))","(array([0.]), array([0.]), array([0.]))","(array([0.]), array([0.]), array([0.]))","(array([0.]), array([0.]), array([0.]))","(array([0.]), array([0.]), array([0.]))","(array([0.]), array([0.]), array([0.]))","(array([0.]), array([0.]), array([0.]))","(array([0.]), array([0.]), array([0.]))","(array([0.]), array([0.]), array([0.]))","(array([0.]), array([0.]), array([0.]))","(array([0.]), array([0.]), array([0.]))"
(0.4999983314842659+0j),[-0.96220772],[1.],[-0.27231654],[1.],"(array([0.]), array([0.]), array([0.]))","(array([0.]), array([0.]), array([0.]))","(array([0.]), array([0.]), array([0.]))","(array([0.]), array([0.]), array([0.]))","(array([0.]), array([0.]), array([0.]))","(array([0.]), array([0.]), array([0.]))","(array([0.]), array([0.]), array([0.]))","(array([0.]), array([0.]), array([0.]))","(array([0.]), array([0.]), array([0.]))","(array([0.]), array([0.]), array([0.]))","(array([0.]), array([0.]), array([0.]))"
(0.4999983205916044+0j),[-0.98795257],[1.],[-0.15475695],[1.],"(array([0.]), array([0.]), array([0.]))","(array([0.]), array([0.]), array([0.]))","(array([0.]), array([0.]), array([0.]))","(array([0.]), array([0.]), array([0.]))","(array([0.]), array([0.]), array([0.]))","(array([0.]), array([0.]), array([0.]))","(array([0.]), array([0.]), array([0.]))","(array([0.]), array([0.]), array([0.]))","(array([0.]), array([0.]), array([0.]))","(array([0.]), array([0.]), array([0.]))","(array([0.]), array([0.]), array([0.]))"
(0.4999983144013262+0j),[-0.9940341],[1.],[-0.10906975],[1.],"(array([0.]), array([0.]), array([0.]))","(array([0.]), array([0.]), array([0.]))","(array([0.]), array([0.]), array([0.]))","(array([0.]), array([0.]), array([0.]))","(array([0.]), array([0.]), array([0.]))","(array([0.]), array([0.]), array([0.]))","(array([0.]), array([0.]), array([0.]))","(array([0.]), array([0.]), array([0.]))","(array([0.]), array([0.]), array([0.]))","(array([0.]), array([0.]), array([0.]))","(array([0.]), array([0.]), array([0.]))"
(0.49999831003853606+0j),[-0.98157378],[1.],[-0.19108354],[1.],"(array([0.]), array([0.]), array([0.]))","(array([0.]), array([0.]), array([0.]))","(array([0.]), array([0.]), array([0.]))","(array([0.]), array([0.]), array([0.]))","(array([0.]), array([0.]), array([0.]))","(array([0.]), array([0.]), array([0.]))","(array([0.]), array([0.]), array([0.]))","(array([0.]), array([0.]), array([0.]))","(array([0.]), array([0.]), array([0.]))","(array([0.]), array([0.]), array([0.]))","(array([0.]), array([0.]), array([0.]))"
(0.4999983023951942+0j),[-0.86817181],[1.],[-0.49626375],[1.],"(array([0.]), array([0.]), array([0.]))","(array([0.]), array([0.]), array([0.]))","(array([0.]), array([0.]), array([0.]))","(array([0.]), array([0.]), array([0.]))","(array([0.]), array([0.]), array([0.]))","(array([0.]), array([0.]), array([0.]))","(array([0.]), array([0.]), array([0.]))","(array([0.]), array([0.]), array([0.]))","(array([0.]), array([0.]), array([0.]))","(array([0.]), array([0.]), array([0.]))","(array([0.]), array([0.]), array([0.]))"
(0.499998282544645+0j),[-0.96403589],[1.],[-0.26577208],[1.],"(array([0.]), array([0.]), array([0.]))","(array([0.]), array([0.]), array([0.]))","(array([0.]), array([0.]), array([0.]))","(array([0.]), array([0.]), array([0.]))","(array([0.]), array([0.]), array([0.]))","(array([0.]), array([0.]), array([0.]))","(array([0.]), array([0.]), array([0.]))","(array([0.]), array([0.]), array([0.]))","(array([0.]), array([0.]), array([0.]))","(array([0.]), array([0.]), array([0.]))","(array([0.]), array([0.]), array([0.]))"
(0.4999982719137619+0j),[-0.98523466],[1.],[-0.17120942],[1.],"(array([0.]), array([0.]), array([0.]))","(array([0.]), array([0.]), array([0.]))","(array([0.]), array([0.]), array([0.]))","(array([0.]), array([0.]), array([0.]))","(array([0.]), array([0.]), array([0.]))","(array([0.]), array([0.]), array([0.]))","(array([0.]), array([0.]), array([0.]))","(array([0.]), array([0.]), array([0.]))","(array([0.]), array([0.]), array([0.]))","(array([0.]), array([0.]), array([0.]))","(array([0.]), array([0.]), array([0.]))"
(0.499998265065385+0j),[-0.99920184],[1.],[-0.03994596],[1.],"(array([0.]), array([0.]), array([0.]))","(array([0.]), array([0.]), array([0.]))","(array([0.]), array([0.]), array([0.]))","(array([0.]), array([0.]), array([0.]))","(array([0.]), array([0.]), array([0.]))","(array([0.]), array([0.]), array([0.]))","(array([0.]), array([0.]), array([0.]))","(array([0.]), array([0.]), array([0.]))","(array([0.]), array([0.]), array([0.]))","(array([0.]), array([0.]), array([0.]))","(array([0.]), array([0.]), array([0.]))"
(0.499998263467547+0j),[-0.993792],[1.],[0.111254],[1.],"(array([0.]), array([0.]), array([0.]))","(array([0.]), array([0.]), array([0.]))","(array([0.]), array([0.]), array([0.]))","(array([0.]), array([0.]), array([0.]))","(array([0.]), array([0.]), array([0.]))","(array([0.]), array([0.]), array([0.]))","(array([0.]), array([0.]), array([0.]))","(array([0.]), array([0.]), array([0.]))","(array([0.]), array([0.]), array([0.]))","(array([0.]), array([0.]), array([0.]))","(array([0.]), array([0.]), array([0.]))"
(0.4999982679177064+0j),[-0.99897033],[1.],[0.04536832],[1.],"(array([0.]), array([0.]), array([0.]))","(array([0.]), array([0.]), array([0.]))","(array([0.]), array([0.]), array([0.]))","(array([0.]), array([0.]), array([0.]))","(array([0.]), array([0.]), array([0.]))","(array([0.]), array([0.]), array([0.]))","(array([0.]), array([0.]), array([0.]))","(array([0.]), array([0.]), array([0.]))","(array([0.]), array([0.]), array([0.]))","(array([0.]), array([0.]), array([0.]))","(array([0.]), array([0.]), array([0.]))"
(0.4999982697324394+0j),[-0.99880963],[1.],[0.04877827],[1.],"(array([0.]), array([0.]), array([0.]))","(array([0.]), array([0.]), array([0.]))","(array([0.]), array([0.]), array([0.]))","(array([0.]), array([0.]), array([0.]))","(array([0.]), array([0.]), array([0.]))","(array([0.]), array([0.]), array([0.]))","(array([0.]), array([0.]), array([0.]))","(array([0.]), array([0.]), array([0.]))","(array([0.]), array([0.]), array([0.]))","(array([0.]), array([0.]), array([0.]))","(array([0.]), array([0.]), array([0.]))"
(0.49999827168357025+0j),[-0.99992337],[1.],[-0.01237936],[1.],"(array([0.]), array([0.]), array([0.]))","(array([0.]), array([0.]), array([0.]))","(array([0.]), array([0.]), array([0.]))","(array([0.]), array([0.]), array([0.]))","(array([0.]), array([0.]), array([0.]))","(array([0.]), array([0.]), array([0.]))","(array([0.]), array([0.]), array([0.]))","(array([0.]), array([0.]), array([0.]))","(array([0.]), array([0.]), array([0.]))","(array([0.]), array([0.]), array([0.]))","(array([0.]), array([0.]), array([0.]))"
(0.49999827118839596+0j),[-0.91314804],[1.],[0.40762808],[1.],"(array([0.]), array([0.]), array([0.]))","(array([0.]), array([0.]), array([0.]))","(array([0.]), array([0.]), array([0.]))","(array([0.]), array([0.]), array([0.]))","(array([0.]), array([0.]), array([0.]))","(array([0.]), array([0.]), array([0.]))","(array([0.]), array([0.]), array([0.]))","(array([0.]), array([0.]), array([0.]))","(array([0.]), array([0.]), array([0.]))","(array([0.]), array([0.]), array([0.]))","(array([0.]), array([0.]), array([0.]))"
(0.4999982874935196+0j),[-0.96718645],[1.],[0.25406765],[1.],"(array([0.]), array([0.]), array([0.]))","(array([0.]), array([0.]), array([0.]))","(array([0.]), array([0.]), array([0.]))","(array([0.]), array([0.]), array([0.]))","(array([0.]), array([0.]), array([0.]))","(array([0.]), array([0.]), array([0.]))","(array([0.]), array([0.]), array([0.]))","(array([0.]), array([0.]), array([0.]))","(array([0.]), array([0.]), array([0.]))","(array([0.]), array([0.]), array([0.]))","(array([0.]), array([0.]), array([0.]))"
(0.4999982976562256+0j),[-0.92336867],[1.],[0.38391445],[1.],"(array([0.]), array([0.]), array([0.]))","(array([0.]), array([0.]), array([0.]))","(array([0.]), array([0.]), array([0.]))","(array([0.]), array([0.]), array([0.]))","(array([0.]), array([0.]), array([0.]))","(array([0.]), array([0.]), array([0.]))","(array([0.]), array([0.]), array([0.]))","(array([0.]), array([0.]), array([0.]))","(array([0.]), array([0.]), array([0.]))","(array([0.]), array([0.]), array([0.]))","(array([0.]), array([0.]), array([0.]))"
(0.49999831301280423+0j),[-0.9869844],[1.],[0.16081605],[1.],"(array([0.]), array([0.]), array([0.]))","(array([0.]), array([0.]), array([0.]))","(array([0.]), array([0.]), array([0.]))","(array([0.]), array([0.]), array([0.]))","(array([0.]), array([0.]), array([0.]))","(array([0.]), array([0.]), array([0.]))","(array([0.]), array([0.]), array([0.]))","(array([0.]), array([0.]), array([0.]))","(array([0.]), array([0.]), array([0.]))","(array([0.]), array([0.]), array([0.]))","(array([0.]), array([0.]), array([0.]))"
(0.4999983194454455+0j),[-0.95460731],[1.],[0.29786724],[1.],"(array([0.]), array([0.]), array([0.]))","(array([0.]), array([0.]), array([0.]))","(array([0.]), array([0.]), array([0.]))","(array([0.]), array([0.]), array([0.]))","(array([0.]), array([0.]), array([0.]))","(array([0.]), array([0.]), array([0.]))","(array([0.]), array([0.]), array([0.]))","(array([0.]), array([0.]), array([0.]))","(array([0.]), array([0.]), array([0.]))","(array([0.]), array([0.]), array([0.]))","(array([0.]), array([0.]), array([0.]))"
(0.4999983313601344+0j),[-0.9992694],[1.],[-0.03821865],[1.],"(array([0.]), array([0.]), array([0.]))","(array([0.]), array([0.]), array([0.]))","(array([0.]), array([0.]), array([0.]))","(array([0.]), array([0.]), array([0.]))","(array([0.]), array([0.]), array([0.]))","(array([0.]), array([0.]), array([0.]))","(array([0.]), array([0.]), array([0.]))","(array([0.]), array([0.]), array([0.]))","(array([0.]), array([0.]), array([0.]))","(array([0.]), array([0.]), array([0.]))","(array([0.]), array([0.]), array([0.]))"
(0.4999983298313882+0j),[-0.97805605],[1.],[-0.20834193],[1.],"(array([0.]), array([0.]), array([0.]))","(array([0.]), array([0.]), array([0.]))","(array([0.]), array([0.]), array([0.]))","(array([0.]), array([0.]), array([0.]))","(array([0.]), array([0.]), array([0.]))","(array([0.]), array([0.]), array([0.]))","(array([0.]), array([0.]), array([0.]))","(array([0.]), array([0.]), array([0.]))","(array([0.]), array([0.]), array([0.]))","(array([0.]), array([0.]), array([0.]))","(array([0.]), array([0.]), array([0.]))"
(0.4999983214977111+0j),[-0.99287154],[1.],[-0.11918933],[1.],"(array([0.]), array([0.]), array([0.]))","(array([0.]), array([0.]), array([0.]))","(array([0.]), array([0.]), array([0.]))","(array([0.]), array([0.]), array([0.]))","(array([0.]), array([0.]), array([0.]))","(array([0.]), array([0.]), array([0.]))","(array([0.]), array([0.]), array([0.]))","(array([0.]), array([0.]), array([0.]))","(array([0.]), array([0.]), array([0.]))","(array([0.]), array([0.]), array([0.]))","(array([0.]), array([0.]), array([0.]))"
(0.4999983167301376+0j),[-0.99534301],[1.],[-0.09639654],[1.],"(array([0.]), array([0.]), array([0.]))","(array([0.]), array([0.]), array([0.]))","(array([0.]), array([0.]), array([0.]))","(array([0.]), array([0.]), array([0.]))","(array([0.]), array([0.]), array([0.]))","(array([0.]), array([0.]), array([0.]))","(array([0.]), array([0.]), array([0.]))","(array([0.]), array([0.]), array([0.]))","(array([0.]), array([0.]), array([0.]))","(array([0.]), array([0.]), array([0.]))","(array([0.]), array([0.]), array([0.]))"
(0.499998312874276+0j),[-0.99872074],[1.],[-0.05056558],[1.],"(array([0.]), array([0.]), array([0.]))","(array([0.]), array([0.]), array([0.]))","(array([0.]), array([0.]), array([0.]))","(array([0.]), array([0.]), array([0.]))","(array([0.]), array([0.]), array([0.]))","(array([0.]), array([0.]), array([0.]))","(array([0.]), array([0.]), array([0.]))","(array([0.]), array([0.]), array([0.]))","(array([0.]), array([0.]), array([0.]))","(array([0.]), array([0.]), array([0.]))","(array([0.]), array([0.]), array([0.]))"
(0.49999831085165297+0j),[-0.98530181],[1.],[-0.17082254],[1.],"(array([0.]), array([0.]), array([0.]))","(array([0.]), array([0.]), array([0.]))","(array([0.]), array([0.]), array([0.]))","(array([0.]), array([0.]), array([0.]))","(array([0.]), array([0.]), array([0.]))","(array([0.]), array([0.]), array([0.]))","(array([0.]), array([0.]), array([0.]))","(array([0.]), array([0.]), array([0.]))","(array([0.]), array([0.]), array([0.]))","(array([0.]), array([0.]), array([0.]))","(array([0.]), array([0.]), array([0.]))"
(0.49999830401875145+0j),[-0.97341838],[1.],[-0.2290342],[1.],"(array([0.]), array([0.]), array([0.]))","(array([0.]), array([0.]), array([0.]))","(array([0.]), array([0.]), array([0.]))","(array([0.]), array([0.]), array([0.]))","(array([0.]), array([0.]), array([0.]))","(array([0.]), array([0.]), array([0.]))","(array([0.]), array([0.]), array([0.]))","(array([0.]), array([0.]), array([0.]))","(array([0.]), array([0.]), array([0.]))","(array([0.]), array([0.]), array([0.]))","(array([0.]), array([0.]), array([0.]))"
(0.49999829485738273+0j),[-0.9862537],[1.],[-0.16523813],[1.],"(array([0.]), array([0.]), array([0.]))","(array([0.]), array([0.]), array([0.]))","(array([0.]), array([0.]), array([0.]))","(array([0.]), array([0.]), array([0.]))","(array([0.]), array([0.]), array([0.]))","(array([0.]), array([0.]), array([0.]))","(array([0.]), array([0.]), array([0.]))","(array([0.]), array([0.]), array([0.]))","(array([0.]), array([0.]), array([0.]))","(array([0.]), array([0.]), array([0.]))","(array([0.]), array([0.]), array([0.]))"
(0.49999828824785764+0j),[-0.99972659],[1.],[0.02338238],[1.],"(array([0.]), array([0.]), array([0.]))","(array([0.]), array([0.]), array([0.]))","(array([0.]), array([0.]), array([0.]))","(array([0.]), array([0.]), array([0.]))","(array([0.]), array([0.]), array([0.]))","(array([0.]), array([0.]), array([0.]))","(array([0.]), array([0.]), array([0.]))","(array([0.]), array([0.]), array([0.]))","(array([0.]), array([0.]), array([0.]))","(array([0.]), array([0.]), array([0.]))","(array([0.]), array([0.]), array([0.]))"
(0.49999828918315276+0j),[-0.99998279],[1.],[0.00586691],[1.],"(array([0.]), array([0.]), array([0.]))","(array([0.]), array([0.]), array([0.]))","(array([0.]), array([0.]), array([0.]))","(array([0.]), array([0.]), array([0.]))","(array([0.]), array([0.]), array([0.]))","(array([0.]), array([0.]), array([0.]))","(array([0.]), array([0.]), array([0.]))","(array([0.]), array([0.]), array([0.]))","(array([0.]), array([0.]), array([0.]))","(array([0.]), array([0.]), array([0.]))","(array([0.]), array([0.]), array([0.]))"
(0.49999828941782903+0j),[-0.99999988],[1.],[0.00048621],[1.],"(array([0.]), array([0.]), array([0.]))","(array([0.]), array([0.]), array([0.]))","(array([0.]), array([0.]), array([0.]))","(array([0.]), array([0.]), array([0.]))","(array([0.]), array([0.]), array([0.]))","(array([0.]), array([0.]), array([0.]))","(array([0.]), array([0.]), array([0.]))","(array([0.]), array([0.]), array([0.]))","(array([0.]), array([0.]), array([0.]))","(array([0.]), array([0.]), array([0.]))","(array([0.]), array([0.]), array([0.]))"
(0.4999982894372778+0j),[-0.9914394],[1.],[-0.1305677],[1.],"(array([0.]), array([0.]), array([0.]))","(array([0.]), array([0.]), array([0.]))","(array([0.]), array([0.]), array([0.]))","(array([0.]), array([0.]), array([0.]))","(array([0.]), array([0.]), array([0.]))","(array([0.]), array([0.]), array([0.]))","(array([0.]), array([0.]), array([0.]))","(array([0.]), array([0.]), array([0.]))","(array([0.]), array([0.]), array([0.]))","(array([0.]), array([0.]), array([0.]))","(array([0.]), array([0.]), array([0.]))"
(0.4999982842145698+0j),[-0.89360238],[1.],[-0.44885942],[1.],"(array([0.]), array([0.]), array([0.]))","(array([0.]), array([0.]), array([0.]))","(array([0.]), array([0.]), array([0.]))","(array([0.]), array([0.]), array([0.]))","(array([0.]), array([0.]), array([0.]))","(array([0.]), array([0.]), array([0.]))","(array([0.]), array([0.]), array([0.]))","(array([0.]), array([0.]), array([0.]))","(array([0.]), array([0.]), array([0.]))","(array([0.]), array([0.]), array([0.]))","(array([0.]), array([0.]), array([0.]))"
(0.4999982662601927+0j),[-0.87853638],[1.],[-0.47767544],[1.],"(array([0.]), array([0.]), array([0.]))","(array([0.]), array([0.]), array([0.]))","(array([0.]), array([0.]), array([0.]))","(array([0.]), array([0.]), array([0.]))","(array([0.]), array([0.]), array([0.]))","(array([0.]), array([0.]), array([0.]))","(array([0.]), array([0.]), array([0.]))","(array([0.]), array([0.]), array([0.]))","(array([0.]), array([0.]), array([0.]))","(array([0.]), array([0.]), array([0.]))","(array([0.]), array([0.]), array([0.]))"
(0.4999982471531749+0j),[-0.86208495],[1.],[-0.5067638],[1.],"(array([0.]), array([0.]), array([0.]))","(array([0.]), array([0.]), array([0.]))","(array([0.]), array([0.]), array([0.]))","(array([0.]), array([0.]), array([0.]))","(array([0.]), array([0.]), array([0.]))","(array([0.]), array([0.]), array([0.]))","(array([0.]), array([0.]), array([0.]))","(array([0.]), array([0.]), array([0.]))","(array([0.]), array([0.]), array([0.]))","(array([0.]), array([0.]), array([0.]))","(array([0.]), array([0.]), array([0.]))"
(0.49999822688262313+0j),[-0.89555419],[1.],[-0.44495247],[1.],"(array([0.]), array([0.]), array([0.]))","(array([0.]), array([0.]), array([0.]))","(array([0.]), array([0.]), array([0.]))","(array([0.]), array([0.]), array([0.]))","(array([0.]), array([0.]), array([0.]))","(array([0.]), array([0.]), array([0.]))","(array([0.]), array([0.]), array([0.]))","(array([0.]), array([0.]), array([0.]))","(array([0.]), array([0.]), array([0.]))","(array([0.]), array([0.]), array([0.]))","(array([0.]), array([0.]), array([0.]))"
(0.49999820908452425+0j),[-0.79054579],[1.],[-0.61240293],[1.],"(array([0.]), array([0.]), array([0.]))","(array([0.]), array([0.]), array([0.]))","(array([0.]), array([0.]), array([0.]))","(array([0.]), array([0.]), array([0.]))","(array([0.]), array([0.]), array([0.]))","(array([0.]), array([0.]), array([0.]))","(array([0.]), array([0.]), array([0.]))","(array([0.]), array([0.]), array([0.]))","(array([0.]), array([0.]), array([0.]))","(array([0.]), array([0.]), array([0.]))","(array([0.]), array([0.]), array([0.]))"
(0.49999818458840684+0j),[-0.67824981],[1.],[-0.7348314],[1.],"(array([0.]), array([0.]), array([0.]))","(array([0.]), array([0.]), array([0.]))","(array([0.]), array([0.]), array([0.]))","(array([0.]), array([0.]), array([0.]))","(array([0.]), array([0.]), array([0.]))","(array([0.]), array([0.]), array([0.]))","(array([0.]), array([0.]), array([0.]))","(array([0.]), array([0.]), array([0.]))","(array([0.]), array([0.]), array([0.]))","(array([0.]), array([0.]), array([0.]))","(array([0.]), array([0.]), array([0.]))"
(0.4999981551951511+0j),[-0.45279947],[1.],[-0.89161238],[1.],"(array([0.]), array([0.]), array([0.]))","(array([0.]), array([0.]), array([0.]))","(array([0.]), array([0.]), array([0.]))","(array([0.]), array([0.]), array([0.]))","(array([0.]), array([0.]), array([0.]))","(array([0.]), array([0.]), array([0.]))","(array([0.]), array([0.]), array([0.]))","(array([0.]), array([0.]), array([0.]))","(array([0.]), array([0.]), array([0.]))","(array([0.]), array([0.]), array([0.]))","(array([0.]), array([0.]), array([0.]))"
(0.4999981195306557+0j),[-0.22750914],[1.],[-0.97377595],[1.],"(array([0.]), array([0.]), array([0.]))","(array([0.]), array([0.]), array([0.]))","(array([0.]), array([0.]), array([0.]))","(array([0.]), array([0.]), array([0.]))","(array([0.]), array([0.]), array([0.]))","(array([0.]), array([0.]), array([0.]))","(array([0.]), array([0.]), array([0.]))","(array([0.]), array([0.]), array([0.]))","(array([0.]), array([0.]), array([0.]))","(array([0.]), array([0.]), array([0.]))","(array([0.]), array([0.]), array([0.]))"
(0.4999980805796177+0j),[-0.11672181],[1.],[-0.99316465],[1.],"(array([0.]), array([0.]), array([0.]))","(array([0.]), array([0.]), array([0.]))","(array([0.]), array([0.]), array([0.]))","(array([0.]), array([0.]), array([0.]))","(array([0.]), array([0.]), array([0.]))","(array([0.]), array([0.]), array([0.]))","(array([0.]), array([0.]), array([0.]))","(array([0.]), array([0.]), array([0.]))","(array([0.]), array([0.]), array([0.]))","(array([0.]), array([0.]), array([0.]))","(array([0.]), array([0.]), array([0.]))"
(0.4999980408530318+0j),[0.10922532],[1.],[-0.99401702],[1.],"(array([0.]), array([0.]), array([0.]))","(array([0.]), array([0.]), array([0.]))","(array([0.]), array([0.]), array([0.]))","(array([0.]), array([0.]), array([0.]))","(array([0.]), array([0.]), array([0.]))","(array([0.]), array([0.]), array([0.]))","(array([0.]), array([0.]), array([0.]))","(array([0.]), array([0.]), array([0.]))","(array([0.]), array([0.]), array([0.]))","(array([0.]), array([0.]), array([0.]))","(array([0.]), array([0.]), array([0.]))"
(0.4999980010923512+0j),[0.43396591],[1.],[-0.90092929],[1.],"(array([0.]), array([0.]), array([0.]))","(array([0.]), array([0.]), array([0.]))","(array([0.]), array([0.]), array([0.]))","(array([0.]), array([0.]), array([0.]))","(array([0.]), array([0.]), array([0.]))","(array([0.]), array([0.]), array([0.]))","(array([0.]), array([0.]), array([0.]))","(array([0.]), array([0.]), array([0.]))","(array([0.]), array([0.]), array([0.]))","(array([0.]), array([0.]), array([0.]))","(array([0.]), array([0.]), array([0.]))"
(0.4999979650551793+0j),[0.61533547],[1.],[-0.78826535],[1.],"(array([0.]), array([0.]), array([0.]))","(array([0.]), array([0.]), array([0.]))","(array([0.]), array([0.]), array([0.]))","(array([0.]), array([0.]), array([0.]))","(array([0.]), array([0.]), array([0.]))","(array([0.]), array([0.]), array([0.]))","(array([0.]), array([0.]), array([0.]))","(array([0.]), array([0.]), array([0.]))","(array([0.]), array([0.]), array([0.]))","(array([0.]), array([0.]), array([0.]))","(array([0.]), array([0.]), array([0.]))"
(0.4999979335245654+0j),[0.85430445],[1.],[-0.51977294],[1.],"(array([0.]), array([0.]), array([0.]))","(array([0.]), array([0.]), array([0.]))","(array([0.]), array([0.]), array([0.]))","(array([0.]), array([0.]), array([0.]))","(array([0.]), array([0.]), array([0.]))","(array([0.]), array([0.]), array([0.]))","(array([0.]), array([0.]), array([0.]))","(array([0.]), array([0.]), array([0.]))","(array([0.]), array([0.]), array([0.]))","(array([0.]), array([0.]), array([0.]))","(array([0.]), array([0.]), array([0.]))"
(0.49999791273364796+0j),[0.90927808],[1.],[-0.4161891],[1.],"(array([0.]), array([0.]), array([0.]))","(array([0.]), array([0.]), array([0.]))","(array([0.]), array([0.]), array([0.]))","(array([0.]), array([0.]), array([0.]))","(array([0.]), array([0.]), array([0.]))","(array([0.]), array([0.]), array([0.]))","(array([0.]), array([0.]), array([0.]))","(array([0.]), array([0.]), array([0.]))","(array([0.]), array([0.]), array([0.]))","(array([0.]), array([0.]), array([0.]))","(array([0.]), array([0.]), array([0.]))"
(0.4999978960860843+0j),[0.9835987],[1.],[-0.1803707],[1.],"(array([0.]), array([0.]), array([0.]))","(array([0.]), array([0.]), array([0.]))","(array([0.]), array([0.]), array([0.]))","(array([0.]), array([0.]), array([0.]))","(array([0.]), array([0.]), array([0.]))","(array([0.]), array([0.]), array([0.]))","(array([0.]), array([0.]), array([0.]))","(array([0.]), array([0.]), array([0.]))","(array([0.]), array([0.]), array([0.]))","(array([0.]), array([0.]), array([0.]))","(array([0.]), array([0.]), array([0.]))"
(0.49999788887125624+0j),[0.9882603],[1.],[-0.1527795],[1.],"(array([0.]), array([0.]), array([0.]))","(array([0.]), array([0.]), array([0.]))","(array([0.]), array([0.]), array([0.]))","(array([0.]), array([0.]), array([0.]))","(array([0.]), array([0.]), array([0.]))","(array([0.]), array([0.]), array([0.]))","(array([0.]), array([0.]), array([0.]))","(array([0.]), array([0.]), array([0.]))","(array([0.]), array([0.]), array([0.]))","(array([0.]), array([0.]), array([0.]))","(array([0.]), array([0.]), array([0.]))"
(0.4999978827600756+0j),[0.98436632],[1.],[0.17613334],[1.],"(array([0.]), array([0.]), array([0.]))","(array([0.]), array([0.]), array([0.]))","(array([0.]), array([0.]), array([0.]))","(array([0.]), array([0.]), array([0.]))","(array([0.]), array([0.]), array([0.]))","(array([0.]), array([0.]), array([0.]))","(array([0.]), array([0.]), array([0.]))","(array([0.]), array([0.]), array([0.]))","(array([0.]), array([0.]), array([0.]))","(array([0.]), array([0.]), array([0.]))","(array([0.]), array([0.]), array([0.]))"
(0.4999978898054096+0j),[0.99924394],[1.],[0.03887874],[1.],"(array([0.]), array([0.]), array([0.]))","(array([0.]), array([0.]), array([0.]))","(array([0.]), array([0.]), array([0.]))","(array([0.]), array([0.]), array([0.]))","(array([0.]), array([0.]), array([0.]))","(array([0.]), array([0.]), array([0.]))","(array([0.]), array([0.]), array([0.]))","(array([0.]), array([0.]), array([0.]))","(array([0.]), array([0.]), array([0.]))","(array([0.]), array([0.]), array([0.]))","(array([0.]), array([0.]), array([0.]))"
(0.4999978913605594+0j),[0.87328668],[1.],[0.48720671],[1.],"(array([0.]), array([0.]), array([0.]))","(array([0.]), array([0.]), array([0.]))","(array([0.]), array([0.]), array([0.]))","(array([0.]), array([0.]), array([0.]))","(array([0.]), array([0.]), array([0.]))","(array([0.]), array([0.]), array([0.]))","(array([0.]), array([0.]), array([0.]))","(array([0.]), array([0.]), array([0.]))","(array([0.]), array([0.]), array([0.]))","(array([0.]), array([0.]), array([0.]))","(array([0.]), array([0.]), array([0.]))"
(0.49999791084882783+0j),[0.99563769],[1.],[0.09330373],[1.],"(array([0.]), array([0.]), array([0.]))","(array([0.]), array([0.]), array([0.]))","(array([0.]), array([0.]), array([0.]))","(array([0.]), array([0.]), array([0.]))","(array([0.]), array([0.]), array([0.]))","(array([0.]), array([0.]), array([0.]))","(array([0.]), array([0.]), array([0.]))","(array([0.]), array([0.]), array([0.]))","(array([0.]), array([0.]), array([0.]))","(array([0.]), array([0.]), array([0.]))","(array([0.]), array([0.]), array([0.]))"
(0.49999791458097737+0j),[0.99419504],[1.],[-0.10759287],[1.],"(array([0.]), array([0.]), array([0.]))","(array([0.]), array([0.]), array([0.]))","(array([0.]), array([0.]), array([0.]))","(array([0.]), array([0.]), array([0.]))","(array([0.]), array([0.]), array([0.]))","(array([0.]), array([0.]), array([0.]))","(array([0.]), array([0.]), array([0.]))","(array([0.]), array([0.]), array([0.]))","(array([0.]), array([0.]), array([0.]))","(array([0.]), array([0.]), array([0.]))","(array([0.]), array([0.]), array([0.]))"
(0.4999979102772628+0j),[0.98892113],[1.],[-0.14844189],[1.],"(array([0.]), array([0.]), array([0.]))","(array([0.]), array([0.]), array([0.]))","(array([0.]), array([0.]), array([0.]))","(array([0.]), array([0.]), array([0.]))","(array([0.]), array([0.]), array([0.]))","(array([0.]), array([0.]), array([0.]))","(array([0.]), array([0.]), array([0.]))","(array([0.]), array([0.]), array([0.]))","(array([0.]), array([0.]), array([0.]))","(array([0.]), array([0.]), array([0.]))","(array([0.]), array([0.]), array([0.]))"
(0.4999979043395869+0j),[0.95379623],[1.],[-0.30045426],[1.],"(array([0.]), array([0.]), array([0.]))","(array([0.]), array([0.]), array([0.]))","(array([0.]), array([0.]), array([0.]))","(array([0.]), array([0.]), array([0.]))","(array([0.]), array([0.]), array([0.]))","(array([0.]), array([0.]), array([0.]))","(array([0.]), array([0.]), array([0.]))","(array([0.]), array([0.]), array([0.]))","(array([0.]), array([0.]), array([0.]))","(array([0.]), array([0.]), array([0.]))","(array([0.]), array([0.]), array([0.]))"
(0.4999978923214159+0j),[0.96790546],[1.],[-0.25131457],[1.],"(array([0.]), array([0.]), array([0.]))","(array([0.]), array([0.]), array([0.]))","(array([0.]), array([0.]), array([0.]))","(array([0.]), array([0.]), array([0.]))","(array([0.]), array([0.]), array([0.]))","(array([0.]), array([0.]), array([0.]))","(array([0.]), array([0.]), array([0.]))","(array([0.]), array([0.]), array([0.]))","(array([0.]), array([0.]), array([0.]))","(array([0.]), array([0.]), array([0.]))","(array([0.]), array([0.]), array([0.]))"
(0.4999978822688337+0j),[0.99942178],[1.],[0.03400155],[1.],"(array([0.]), array([0.]), array([0.]))","(array([0.]), array([0.]), array([0.]))","(array([0.]), array([0.]), array([0.]))","(array([0.]), array([0.]), array([0.]))","(array([0.]), array([0.]), array([0.]))","(array([0.]), array([0.]), array([0.]))","(array([0.]), array([0.]), array([0.]))","(array([0.]), array([0.]), array([0.]))","(array([0.]), array([0.]), array([0.]))","(array([0.]), array([0.]), array([0.]))","(array([0.]), array([0.]), array([0.]))"
(0.4999978836288958+0j),[0.97204289],[1.],[-0.23480337],[1.],"(array([0.]), array([0.]), array([0.]))","(array([0.]), array([0.]), array([0.]))","(array([0.]), array([0.]), array([0.]))","(array([0.]), array([0.]), array([0.]))","(array([0.]), array([0.]), array([0.]))","(array([0.]), array([0.]), array([0.]))","(array([0.]), array([0.]), array([0.]))","(array([0.]), array([0.]), array([0.]))","(array([0.]), array([0.]), array([0.]))","(array([0.]), array([0.]), array([0.]))","(array([0.]), array([0.]), array([0.]))"
(0.49999787423676056+0j),[0.8990748],[1.],[-0.43779504],[1.],"(array([0.]), array([0.]), array([0.]))","(array([0.]), array([0.]), array([0.]))","(array([0.]), array([0.]), array([0.]))","(array([0.]), array([0.]), array([0.]))","(array([0.]), array([0.]), array([0.]))","(array([0.]), array([0.]), array([0.]))","(array([0.]), array([0.]), array([0.]))","(array([0.]), array([0.]), array([0.]))","(array([0.]), array([0.]), array([0.]))","(array([0.]), array([0.]), array([0.]))","(array([0.]), array([0.]), array([0.]))"
(0.49999785672495917+0j),[0.69253119],[1.],[-0.72138794],[1.],"(array([0.]), array([0.]), array([0.]))","(array([0.]), array([0.]), array([0.]))","(array([0.]), array([0.]), array([0.]))","(array([0.]), array([0.]), array([0.]))","(array([0.]), array([0.]), array([0.]))","(array([0.]), array([0.]), array([0.]))","(array([0.]), array([0.]), array([0.]))","(array([0.]), array([0.]), array([0.]))","(array([0.]), array([0.]), array([0.]))","(array([0.]), array([0.]), array([0.]))","(array([0.]), array([0.]), array([0.]))"
(0.4999978278694414+0j),[0.65755539],[1.],[-0.75340621],[1.],"(array([0.]), array([0.]), array([0.]))","(array([0.]), array([0.]), array([0.]))","(array([0.]), array([0.]), array([0.]))","(array([0.]), array([0.]), array([0.]))","(array([0.]), array([0.]), array([0.]))","(array([0.]), array([0.]), array([0.]))","(array([0.]), array([0.]), array([0.]))","(array([0.]), array([0.]), array([0.]))","(array([0.]), array([0.]), array([0.]))","(array([0.]), array([0.]), array([0.]))","(array([0.]), array([0.]), array([0.]))"
(0.4999977977331928+0j),[0.66416446],[1.],[-0.74758649],[1.],"(array([0.]), array([0.]), array([0.]))","(array([0.]), array([0.]), array([0.]))","(array([0.]), array([0.]), array([0.]))","(array([0.]), array([0.]), array([0.]))","(array([0.]), array([0.]), array([0.]))","(array([0.]), array([0.]), array([0.]))","(array([0.]), array([0.]), array([0.]))","(array([0.]), array([0.]), array([0.]))","(array([0.]), array([0.]), array([0.]))","(array([0.]), array([0.]), array([0.]))","(array([0.]), array([0.]), array([0.]))"
(0.4999977678297329+0j),[0.58370754],[1.],[-0.81196398],[1.],"(array([0.]), array([0.]), array([0.]))","(array([0.]), array([0.]), array([0.]))","(array([0.]), array([0.]), array([0.]))","(array([0.]), array([0.]), array([0.]))","(array([0.]), array([0.]), array([0.]))","(array([0.]), array([0.]), array([0.]))","(array([0.]), array([0.]), array([0.]))","(array([0.]), array([0.]), array([0.]))","(array([0.]), array([0.]), array([0.]))","(array([0.]), array([0.]), array([0.]))","(array([0.]), array([0.]), array([0.]))"
(0.49999773535117376+0j),[0.53311431],[1.],[-0.84604322],[1.],"(array([0.]), array([0.]), array([0.]))","(array([0.]), array([0.]), array([0.]))","(array([0.]), array([0.]), array([0.]))","(array([0.]), array([0.]), array([0.]))","(array([0.]), array([0.]), array([0.]))","(array([0.]), array([0.]), array([0.]))","(array([0.]), array([0.]), array([0.]))","(array([0.]), array([0.]), array([0.]))","(array([0.]), array([0.]), array([0.]))","(array([0.]), array([0.]), array([0.]))","(array([0.]), array([0.]), array([0.]))"
(0.49999770150944495+0j),[0.46156771],[1.],[-0.88710498],[1.],"(array([0.]), array([0.]), array([0.]))","(array([0.]), array([0.]), array([0.]))","(array([0.]), array([0.]), array([0.]))","(array([0.]), array([0.]), array([0.]))","(array([0.]), array([0.]), array([0.]))","(array([0.]), array([0.]), array([0.]))","(array([0.]), array([0.]), array([0.]))","(array([0.]), array([0.]), array([0.]))","(array([0.]), array([0.]), array([0.]))","(array([0.]), array([0.]), array([0.]))","(array([0.]), array([0.]), array([0.]))"
(0.4999976660252461+0j),[0.34351602],[1.],[-0.93914682],[1.],"(array([0.]), array([0.]), array([0.]))","(array([0.]), array([0.]), array([0.]))","(array([0.]), array([0.]), array([0.]))","(array([0.]), array([0.]), array([0.]))","(array([0.]), array([0.]), array([0.]))","(array([0.]), array([0.]), array([0.]))","(array([0.]), array([0.]), array([0.]))","(array([0.]), array([0.]), array([0.]))","(array([0.]), array([0.]), array([0.]))","(array([0.]), array([0.]), array([0.]))","(array([0.]), array([0.]), array([0.]))"
(0.49999762845937357+0j),[0.13334391],[1.],[-0.99106983],[1.],"(array([0.]), array([0.]), array([0.]))","(array([0.]), array([0.]), array([0.]))","(array([0.]), array([0.]), array([0.]))","(array([0.]), array([0.]), array([0.]))","(array([0.]), array([0.]), array([0.]))","(array([0.]), array([0.]), array([0.]))","(array([0.]), array([0.]), array([0.]))","(array([0.]), array([0.]), array([0.]))","(array([0.]), array([0.]), array([0.]))","(array([0.]), array([0.]), array([0.]))","(array([0.]), array([0.]), array([0.]))"
(0.4999975888165806+0j),[0.1412834],[1.],[-0.98996919],[1.],"(array([0.]), array([0.]), array([0.]))","(array([0.]), array([0.]), array([0.]))","(array([0.]), array([0.]), array([0.]))","(array([0.]), array([0.]), array([0.]))","(array([0.]), array([0.]), array([0.]))","(array([0.]), array([0.]), array([0.]))","(array([0.]), array([0.]), array([0.]))","(array([0.]), array([0.]), array([0.]))","(array([0.]), array([0.]), array([0.]))","(array([0.]), array([0.]), array([0.]))","(array([0.]), array([0.]), array([0.]))"
(0.49999754921781314+0j),[-0.06708202],[1.],[-0.99774746],[1.],"(array([0.]), array([0.]), array([0.]))","(array([0.]), array([0.]), array([0.]))","(array([0.]), array([0.]), array([0.]))","(array([0.]), array([0.]), array([0.]))","(array([0.]), array([0.]), array([0.]))","(array([0.]), array([0.]), array([0.]))","(array([0.]), array([0.]), array([0.]))","(array([0.]), array([0.]), array([0.]))","(array([0.]), array([0.]), array([0.]))","(array([0.]), array([0.]), array([0.]))","(array([0.]), array([0.]), array([0.]))"
(0.49999750930791426+0j),[0.29253974],[1.],[-0.95625336],[1.],"(array([0.]), array([0.]), array([0.]))","(array([0.]), array([0.]), array([0.]))","(array([0.]), array([0.]), array([0.]))","(array([0.]), array([0.]), array([0.]))","(array([0.]), array([0.]), array([0.]))","(array([0.]), array([0.]), array([0.]))","(array([0.]), array([0.]), array([0.]))","(array([0.]), array([0.]), array([0.]))","(array([0.]), array([0.]), array([0.]))","(array([0.]), array([0.]), array([0.]))","(array([0.]), array([0.]), array([0.]))"
(0.4999974710577796+0j),[0.33017569],[1.],[-0.9439195],[1.],"(array([0.]), array([0.]), array([0.]))","(array([0.]), array([0.]), array([0.]))","(array([0.]), array([0.]), array([0.]))","(array([0.]), array([0.]), array([0.]))","(array([0.]), array([0.]), array([0.]))","(array([0.]), array([0.]), array([0.]))","(array([0.]), array([0.]), array([0.]))","(array([0.]), array([0.]), array([0.]))","(array([0.]), array([0.]), array([0.]))","(array([0.]), array([0.]), array([0.]))","(array([0.]), array([0.]), array([0.]))"
(0.4999974333009995+0j),[-0.08947646],[1.],[-0.99598894],[1.],"(array([0.]), array([0.]), array([0.]))","(array([0.]), array([0.]), array([0.]))","(array([0.]), array([0.]), array([0.]))","(array([0.]), array([0.]), array([0.]))","(array([0.]), array([0.]), array([0.]))","(array([0.]), array([0.]), array([0.]))","(array([0.]), array([0.]), array([0.]))","(array([0.]), array([0.]), array([0.]))","(array([0.]), array([0.]), array([0.]))","(array([0.]), array([0.]), array([0.]))","(array([0.]), array([0.]), array([0.]))"
(0.4999973934614418+0j),[-0.14462041],[1.],[-0.98948721],[1.],"(array([0.]), array([0.]), array([0.]))","(array([0.]), array([0.]), array([0.]))","(array([0.]), array([0.]), array([0.]))","(array([0.]), array([0.]), array([0.]))","(array([0.]), array([0.]), array([0.]))","(array([0.]), array([0.]), array([0.]))","(array([0.]), array([0.]), array([0.]))","(array([0.]), array([0.]), array([0.]))","(array([0.]), array([0.]), array([0.]))","(array([0.]), array([0.]), array([0.]))","(array([0.]), array([0.]), array([0.]))"
(0.49999735388195365+0j),[0.07007317],[1.],[-0.99754185],[1.],"(array([0.]), array([0.]), array([0.]))","(array([0.]), array([0.]), array([0.]))","(array([0.]), array([0.]), array([0.]))","(array([0.]), array([0.]), array([0.]))","(array([0.]), array([0.]), array([0.]))","(array([0.]), array([0.]), array([0.]))","(array([0.]), array([0.]), array([0.]))","(array([0.]), array([0.]), array([0.]))","(array([0.]), array([0.]), array([0.]))","(array([0.]), array([0.]), array([0.]))","(array([0.]), array([0.]), array([0.]))"
(0.4999973139802795+0j),[0.05365714],[1.],[-0.99855942],[1.],"(array([0.]), array([0.]), array([0.]))","(array([0.]), array([0.]), array([0.]))","(array([0.]), array([0.]), array([0.]))","(array([0.]), array([0.]), array([0.]))","(array([0.]), array([0.]), array([0.]))","(array([0.]), array([0.]), array([0.]))","(array([0.]), array([0.]), array([0.]))","(array([0.]), array([0.]), array([0.]))","(array([0.]), array([0.]), array([0.]))","(array([0.]), array([0.]), array([0.]))","(array([0.]), array([0.]), array([0.]))"
(0.4999972740379033+0j),[0.42561862],[1.],[-0.90490264],[1.],"(array([0.]), array([0.]), array([0.]))","(array([0.]), array([0.]), array([0.]))","(array([0.]), array([0.]), array([0.]))","(array([0.]), array([0.]), array([0.]))","(array([0.]), array([0.]), array([0.]))","(array([0.]), array([0.]), array([0.]))","(array([0.]), array([0.]), array([0.]))","(array([0.]), array([0.]), array([0.]))","(array([0.]), array([0.]), array([0.]))","(array([0.]), array([0.]), array([0.]))","(array([0.]), array([0.]), array([0.]))"
(0.49999723784179734+0j),[0.57169932],[1.],[-0.82046321],[1.],"(array([0.]), array([0.]), array([0.]))","(array([0.]), array([0.]), array([0.]))","(array([0.]), array([0.]), array([0.]))","(array([0.]), array([0.]), array([0.]))","(array([0.]), array([0.]), array([0.]))","(array([0.]), array([0.]), array([0.]))","(array([0.]), array([0.]), array([0.]))","(array([0.]), array([0.]), array([0.]))","(array([0.]), array([0.]), array([0.]))","(array([0.]), array([0.]), array([0.]))","(array([0.]), array([0.]), array([0.]))"
(0.49999720502326933+0j),[0.11640431],[1.],[-0.99320191],[1.],"(array([0.]), array([0.]), array([0.]))","(array([0.]), array([0.]), array([0.]))","(array([0.]), array([0.]), array([0.]))","(array([0.]), array([0.]), array([0.]))","(array([0.]), array([0.]), array([0.]))","(array([0.]), array([0.]), array([0.]))","(array([0.]), array([0.]), array([0.]))","(array([0.]), array([0.]), array([0.]))","(array([0.]), array([0.]), array([0.]))","(array([0.]), array([0.]), array([0.]))","(array([0.]), array([0.]), array([0.]))"
(0.49999716529519267+0j),[-0.05238093],[1.],[-0.99862718],[1.],"(array([0.]), array([0.]), array([0.]))","(array([0.]), array([0.]), array([0.]))","(array([0.]), array([0.]), array([0.]))","(array([0.]), array([0.]), array([0.]))","(array([0.]), array([0.]), array([0.]))","(array([0.]), array([0.]), array([0.]))","(array([0.]), array([0.]), array([0.]))","(array([0.]), array([0.]), array([0.]))","(array([0.]), array([0.]), array([0.]))","(array([0.]), array([0.]), array([0.]))","(array([0.]), array([0.]), array([0.]))"
(0.4999971253501056+0j),[-0.0825139],[1.],[-0.99658991],[1.],"(array([0.]), array([0.]), array([0.]))","(array([0.]), array([0.]), array([0.]))","(array([0.]), array([0.]), array([0.]))","(array([0.]), array([0.]), array([0.]))","(array([0.]), array([0.]), array([0.]))","(array([0.]), array([0.]), array([0.]))","(array([0.]), array([0.]), array([0.]))","(array([0.]), array([0.]), array([0.]))","(array([0.]), array([0.]), array([0.]))","(array([0.]), array([0.]), array([0.]))","(array([0.]), array([0.]), array([0.]))"
(0.4999970854865093+0j),[0.05467118],[1.],[-0.99850441],[1.],"(array([0.]), array([0.]), array([0.]))","(array([0.]), array([0.]), array([0.]))","(array([0.]), array([0.]), array([0.]))","(array([0.]), array([0.]), array([0.]))","(array([0.]), array([0.]), array([0.]))","(array([0.]), array([0.]), array([0.]))","(array([0.]), array([0.]), array([0.]))","(array([0.]), array([0.]), array([0.]))","(array([0.]), array([0.]), array([0.]))","(array([0.]), array([0.]), array([0.]))","(array([0.]), array([0.]), array([0.]))"
(0.4999970455463327+0j),[-0.04121539],[1.],[-0.99915028],[1.],"(array([0.]), array([0.]), array([0.]))","(array([0.]), array([0.]), array([0.]))","(array([0.]), array([0.]), array([0.]))","(array([0.]), array([0.]), array([0.]))","(array([0.]), array([0.]), array([0.]))","(array([0.]), array([0.]), array([0.]))","(array([0.]), array([0.]), array([0.]))","(array([0.]), array([0.]), array([0.]))","(array([0.]), array([0.]), array([0.]))","(array([0.]), array([0.]), array([0.]))","(array([0.]), array([0.]), array([0.]))"
(0.49999700558032145+0j),[-0.23411626],[1.],[-0.97220861],[1.],"(array([0.]), array([0.]), array([0.]))","(array([0.]), array([0.]), array([0.]))","(array([0.]), array([0.]), array([0.]))","(array([0.]), array([0.]), array([0.]))","(array([0.]), array([0.]), array([0.]))","(array([0.]), array([0.]), array([0.]))","(array([0.]), array([0.]), array([0.]))","(array([0.]), array([0.]), array([0.]))","(array([0.]), array([0.]), array([0.]))","(array([0.]), array([0.]), array([0.]))","(array([0.]), array([0.]), array([0.]))"
(0.4999969666919767+0j),[-0.21472284],[1.],[-0.97667502],[1.],"(array([0.]), array([0.]), array([0.]))","(array([0.]), array([0.]), array([0.]))","(array([0.]), array([0.]), array([0.]))","(array([0.]), array([0.]), array([0.]))","(array([0.]), array([0.]), array([0.]))","(array([0.]), array([0.]), array([0.]))","(array([0.]), array([0.]), array([0.]))","(array([0.]), array([0.]), array([0.]))","(array([0.]), array([0.]), array([0.]))","(array([0.]), array([0.]), array([0.]))","(array([0.]), array([0.]), array([0.]))"
(0.499996927624976+0j),[-0.35875465],[1.],[-0.93343189],[1.],"(array([0.]), array([0.]), array([0.]))","(array([0.]), array([0.]), array([0.]))","(array([0.]), array([0.]), array([0.]))","(array([0.]), array([0.]), array([0.]))","(array([0.]), array([0.]), array([0.]))","(array([0.]), array([0.]), array([0.]))","(array([0.]), array([0.]), array([0.]))","(array([0.]), array([0.]), array([0.]))","(array([0.]), array([0.]), array([0.]))","(array([0.]), array([0.]), array([0.]))","(array([0.]), array([0.]), array([0.]))"
(0.4999968902877007+0j),[-0.28052022],[1.],[-0.95984812],[1.],"(array([0.]), array([0.]), array([0.]))","(array([0.]), array([0.]), array([0.]))","(array([0.]), array([0.]), array([0.]))","(array([0.]), array([0.]), array([0.]))","(array([0.]), array([0.]), array([0.]))","(array([0.]), array([0.]), array([0.]))","(array([0.]), array([0.]), array([0.]))","(array([0.]), array([0.]), array([0.]))","(array([0.]), array([0.]), array([0.]))","(array([0.]), array([0.]), array([0.]))","(array([0.]), array([0.]), array([0.]))"
(0.499996851893776+0j),[-0.50574088],[1.],[-0.86268544],[1.],"(array([0.]), array([0.]), array([0.]))","(array([0.]), array([0.]), array([0.]))","(array([0.]), array([0.]), array([0.]))","(array([0.]), array([0.]), array([0.]))","(array([0.]), array([0.]), array([0.]))","(array([0.]), array([0.]), array([0.]))","(array([0.]), array([0.]), array([0.]))","(array([0.]), array([0.]), array([0.]))","(array([0.]), array([0.]), array([0.]))","(array([0.]), array([0.]), array([0.]))","(array([0.]), array([0.]), array([0.]))"
(0.4999968173863586+0j),[-0.37375533],[1.],[-0.92752733],[1.],"(array([0.]), array([0.]), array([0.]))","(array([0.]), array([0.]), array([0.]))","(array([0.]), array([0.]), array([0.]))","(array([0.]), array([0.]), array([0.]))","(array([0.]), array([0.]), array([0.]))","(array([0.]), array([0.]), array([0.]))","(array([0.]), array([0.]), array([0.]))","(array([0.]), array([0.]), array([0.]))","(array([0.]), array([0.]), array([0.]))","(array([0.]), array([0.]), array([0.]))","(array([0.]), array([0.]), array([0.]))"
(0.49999678028526484+0j),[-0.15695456],[1.],[-0.98760583],[1.],"(array([0.]), array([0.]), array([0.]))","(array([0.]), array([0.]), array([0.]))","(array([0.]), array([0.]), array([0.]))","(array([0.]), array([0.]), array([0.]))","(array([0.]), array([0.]), array([0.]))","(array([0.]), array([0.]), array([0.]))","(array([0.]), array([0.]), array([0.]))","(array([0.]), array([0.]), array([0.]))","(array([0.]), array([0.]), array([0.]))","(array([0.]), array([0.]), array([0.]))","(array([0.]), array([0.]), array([0.]))"
(0.499996740781032+0j),[0.14304993],[1.],[-0.98971547],[1.],"(array([0.]), array([0.]), array([0.]))","(array([0.]), array([0.]), array([0.]))","(array([0.]), array([0.]), array([0.]))","(array([0.]), array([0.]), array([0.]))","(array([0.]), array([0.]), array([0.]))","(array([0.]), array([0.]), array([0.]))","(array([0.]), array([0.]), array([0.]))","(array([0.]), array([0.]), array([0.]))","(array([0.]), array([0.]), array([0.]))","(array([0.]), array([0.]), array([0.]))","(array([0.]), array([0.]), array([0.]))"
(0.49999670119241324+0j),[0.20753728],[1.],[-0.97822711],[1.],"(array([0.]), array([0.]), array([0.]))","(array([0.]), array([0.]), array([0.]))","(array([0.]), array([0.]), array([0.]))","(array([0.]), array([0.]), array([0.]))","(array([0.]), array([0.]), array([0.]))","(array([0.]), array([0.]), array([0.]))","(array([0.]), array([0.]), array([0.]))","(array([0.]), array([0.]), array([0.]))","(array([0.]), array([0.]), array([0.]))","(array([0.]), array([0.]), array([0.]))","(array([0.]), array([0.]), array([0.]))"
(0.49999666206332866+0j),[0.09124784],[1.],[-0.99582821],[1.],"(array([0.]), array([0.]), array([0.]))","(array([0.]), array([0.]), array([0.]))","(array([0.]), array([0.]), array([0.]))","(array([0.]), array([0.]), array([0.]))","(array([0.]), array([0.]), array([0.]))","(array([0.]), array([0.]), array([0.]))","(array([0.]), array([0.]), array([0.]))","(array([0.]), array([0.]), array([0.]))","(array([0.]), array([0.]), array([0.]))","(array([0.]), array([0.]), array([0.]))","(array([0.]), array([0.]), array([0.]))"
(0.49999662223020014+0j),[-0.11729446],[1.],[-0.99309718],[1.],"(array([0.]), array([0.]), array([0.]))","(array([0.]), array([0.]), array([0.]))","(array([0.]), array([0.]), array([0.]))","(array([0.]), array([0.]), array([0.]))","(array([0.]), array([0.]), array([0.]))","(array([0.]), array([0.]), array([0.]))","(array([0.]), array([0.]), array([0.]))","(array([0.]), array([0.]), array([0.]))","(array([0.]), array([0.]), array([0.]))","(array([0.]), array([0.]), array([0.]))","(array([0.]), array([0.]), array([0.]))"
(0.4999965825063131+0j),[-0.13936289],[1.],[-0.99024138],[1.],"(array([0.]), array([0.]), array([0.]))","(array([0.]), array([0.]), array([0.]))","(array([0.]), array([0.]), array([0.]))","(array([0.]), array([0.]), array([0.]))","(array([0.]), array([0.]), array([0.]))","(array([0.]), array([0.]), array([0.]))","(array([0.]), array([0.]), array([0.]))","(array([0.]), array([0.]), array([0.]))","(array([0.]), array([0.]), array([0.]))","(array([0.]), array([0.]), array([0.]))","(array([0.]), array([0.]), array([0.]))"
(0.49999654289665807+0j),[-0.05082974],[1.],[-0.99870733],[1.],"(array([0.]), array([0.]), array([0.]))","(array([0.]), array([0.]), array([0.]))","(array([0.]), array([0.]), array([0.]))","(array([0.]), array([0.]), array([0.]))","(array([0.]), array([0.]), array([0.]))","(array([0.]), array([0.]), array([0.]))","(array([0.]), array([0.]), array([0.]))","(array([0.]), array([0.]), array([0.]))","(array([0.]), array([0.]), array([0.]))","(array([0.]), array([0.]), array([0.]))","(array([0.]), array([0.]), array([0.]))"
(0.49999650294836506+0j),[-0.00441469],[1.],[-0.99999026],[1.],"(array([0.]), array([0.]), array([0.]))","(array([0.]), array([0.]), array([0.]))","(array([0.]), array([0.]), array([0.]))","(array([0.]), array([0.]), array([0.]))","(array([0.]), array([0.]), array([0.]))","(array([0.]), array([0.]), array([0.]))","(array([0.]), array([0.]), array([0.]))","(array([0.]), array([0.]), array([0.]))","(array([0.]), array([0.]), array([0.]))","(array([0.]), array([0.]), array([0.]))","(array([0.]), array([0.]), array([0.]))"
(0.4999964629487549+0j),[0.09603245],[1.],[-0.9953782],[1.],"(array([0.]), array([0.]), array([0.]))","(array([0.]), array([0.]), array([0.]))","(array([0.]), array([0.]), array([0.]))","(array([0.]), array([0.]), array([0.]))","(array([0.]), array([0.]), array([0.]))","(array([0.]), array([0.]), array([0.]))","(array([0.]), array([0.]), array([0.]))","(array([0.]), array([0.]), array([0.]))","(array([0.]), array([0.]), array([0.]))","(array([0.]), array([0.]), array([0.]))","(array([0.]), array([0.]), array([0.]))"
(0.4999964231336273+0j),[0.07482685],[1.],[-0.99719654],[1.],"(array([0.]), array([0.]), array([0.]))","(array([0.]), array([0.]), array([0.]))","(array([0.]), array([0.]), array([0.]))","(array([0.]), array([0.]), array([0.]))","(array([0.]), array([0.]), array([0.]))","(array([0.]), array([0.]), array([0.]))","(array([0.]), array([0.]), array([0.]))","(array([0.]), array([0.]), array([0.]))","(array([0.]), array([0.]), array([0.]))","(array([0.]), array([0.]), array([0.]))","(array([0.]), array([0.]), array([0.]))"
(0.4999963832457655+0j),[0.08277643],[1.],[-0.99656814],[1.],"(array([0.]), array([0.]), array([0.]))","(array([0.]), array([0.]), array([0.]))","(array([0.]), array([0.]), array([0.]))","(array([0.]), array([0.]), array([0.]))","(array([0.]), array([0.]), array([0.]))","(array([0.]), array([0.]), array([0.]))","(array([0.]), array([0.]), array([0.]))","(array([0.]), array([0.]), array([0.]))","(array([0.]), array([0.]), array([0.]))","(array([0.]), array([0.]), array([0.]))","(array([0.]), array([0.]), array([0.]))"
(0.49999634338303955+0j),[-0.24680555],[1.],[-0.96906502],[1.],"(array([0.]), array([0.]), array([0.]))","(array([0.]), array([0.]), array([0.]))","(array([0.]), array([0.]), array([0.]))","(array([0.]), array([0.]), array([0.]))","(array([0.]), array([0.]), array([0.]))","(array([0.]), array([0.]), array([0.]))","(array([0.]), array([0.]), array([0.]))","(array([0.]), array([0.]), array([0.]))","(array([0.]), array([0.]), array([0.]))","(array([0.]), array([0.]), array([0.]))","(array([0.]), array([0.]), array([0.]))"
(0.4999963046204381+0j),[-0.62368399],[1.],[-0.78167658],[1.],"(array([0.]), array([0.]), array([0.]))","(array([0.]), array([0.]), array([0.]))","(array([0.]), array([0.]), array([0.]))","(array([0.]), array([0.]), array([0.]))","(array([0.]), array([0.]), array([0.]))","(array([0.]), array([0.]), array([0.]))","(array([0.]), array([0.]), array([0.]))","(array([0.]), array([0.]), array([0.]))","(array([0.]), array([0.]), array([0.]))","(array([0.]), array([0.]), array([0.]))","(array([0.]), array([0.]), array([0.]))"
(0.49999627335337476+0j),[-0.42589261],[1.],[-0.90477372],[1.],"(array([0.]), array([0.]), array([0.]))","(array([0.]), array([0.]), array([0.]))","(array([0.]), array([0.]), array([0.]))","(array([0.]), array([0.]), array([0.]))","(array([0.]), array([0.]), array([0.]))","(array([0.]), array([0.]), array([0.]))","(array([0.]), array([0.]), array([0.]))","(array([0.]), array([0.]), array([0.]))","(array([0.]), array([0.]), array([0.]))","(array([0.]), array([0.]), array([0.]))","(array([0.]), array([0.]), array([0.]))"
(0.4999962371624262+0j),[-0.59005149],[1.],[-0.80736561],[1.],"(array([0.]), array([0.]), array([0.]))","(array([0.]), array([0.]), array([0.]))","(array([0.]), array([0.]), array([0.]))","(array([0.]), array([0.]), array([0.]))","(array([0.]), array([0.]), array([0.]))","(array([0.]), array([0.]), array([0.]))","(array([0.]), array([0.]), array([0.]))","(array([0.]), array([0.]), array([0.]))","(array([0.]), array([0.]), array([0.]))","(array([0.]), array([0.]), array([0.]))","(array([0.]), array([0.]), array([0.]))"
(0.4999962048678017+0j),[-0.71181877],[1.],[-0.70236318],[1.],"(array([0.]), array([0.]), array([0.]))","(array([0.]), array([0.]), array([0.]))","(array([0.]), array([0.]), array([0.]))","(array([0.]), array([0.]), array([0.]))","(array([0.]), array([0.]), array([0.]))","(array([0.]), array([0.]), array([0.]))","(array([0.]), array([0.]), array([0.]))","(array([0.]), array([0.]), array([0.]))","(array([0.]), array([0.]), array([0.]))","(array([0.]), array([0.]), array([0.]))","(array([0.]), array([0.]), array([0.]))"
(0.49999617677327457+0j),[-0.55596903],[1.],[-0.83120301],[1.],"(array([0.]), array([0.]), array([0.]))","(array([0.]), array([0.]), array([0.]))","(array([0.]), array([0.]), array([0.]))","(array([0.]), array([0.]), array([0.]))","(array([0.]), array([0.]), array([0.]))","(array([0.]), array([0.]), array([0.]))","(array([0.]), array([0.]), array([0.]))","(array([0.]), array([0.]), array([0.]))","(array([0.]), array([0.]), array([0.]))","(array([0.]), array([0.]), array([0.]))","(array([0.]), array([0.]), array([0.]))"
(0.49999614352515515+0j),[-0.59275469],[1.],[-0.80538306],[1.],"(array([0.]), array([0.]), array([0.]))","(array([0.]), array([0.]), array([0.]))","(array([0.]), array([0.]), array([0.]))","(array([0.]), array([0.]), array([0.]))","(array([0.]), array([0.]), array([0.]))","(array([0.]), array([0.]), array([0.]))","(array([0.]), array([0.]), array([0.]))","(array([0.]), array([0.]), array([0.]))","(array([0.]), array([0.]), array([0.]))","(array([0.]), array([0.]), array([0.]))","(array([0.]), array([0.]), array([0.]))"
(0.49999611130983346+0j),[-0.37583801],[1.],[-0.92668538],[1.],"(array([0.]), array([0.]), array([0.]))","(array([0.]), array([0.]), array([0.]))","(array([0.]), array([0.]), array([0.]))","(array([0.]), array([0.]), array([0.]))","(array([0.]), array([0.]), array([0.]))","(array([0.]), array([0.]), array([0.]))","(array([0.]), array([0.]), array([0.]))","(array([0.]), array([0.]), array([0.]))","(array([0.]), array([0.]), array([0.]))","(array([0.]), array([0.]), array([0.]))","(array([0.]), array([0.]), array([0.]))"
(0.49999607424241843+0j),[-0.09673539],[1.],[-0.99531013],[1.],"(array([0.]), array([0.]), array([0.]))","(array([0.]), array([0.]), array([0.]))","(array([0.]), array([0.]), array([0.]))","(array([0.]), array([0.]), array([0.]))","(array([0.]), array([0.]), array([0.]))","(array([0.]), array([0.]), array([0.]))","(array([0.]), array([0.]), array([0.]))","(array([0.]), array([0.]), array([0.]))","(array([0.]), array([0.]), array([0.]))","(array([0.]), array([0.]), array([0.]))","(array([0.]), array([0.]), array([0.]))"
(0.4999960344300135+0j),[0.01157693],[1.],[-0.99993299],[1.],"(array([0.]), array([0.]), array([0.]))","(array([0.]), array([0.]), array([0.]))","(array([0.]), array([0.]), array([0.]))","(array([0.]), array([0.]), array([0.]))","(array([0.]), array([0.]), array([0.]))","(array([0.]), array([0.]), array([0.]))","(array([0.]), array([0.]), array([0.]))","(array([0.]), array([0.]), array([0.]))","(array([0.]), array([0.]), array([0.]))","(array([0.]), array([0.]), array([0.]))","(array([0.]), array([0.]), array([0.]))"
(0.49999599443269377+0j),[0.0987357],[1.],[-0.99511369],[1.],"(array([0.]), array([0.]), array([0.]))","(array([0.]), array([0.]), array([0.]))","(array([0.]), array([0.]), array([0.]))","(array([0.]), array([0.]), array([0.]))","(array([0.]), array([0.]), array([0.]))","(array([0.]), array([0.]), array([0.]))","(array([0.]), array([0.]), array([0.]))","(array([0.]), array([0.]), array([0.]))","(array([0.]), array([0.]), array([0.]))","(array([0.]), array([0.]), array([0.]))","(array([0.]), array([0.]), array([0.]))"
(0.49999595462814583+0j),[0.12663175],[1.],[-0.9919498],[1.],"(array([0.]), array([0.]), array([0.]))","(array([0.]), array([0.]), array([0.]))","(array([0.]), array([0.]), array([0.]))","(array([0.]), array([0.]), array([0.]))","(array([0.]), array([0.]), array([0.]))","(array([0.]), array([0.]), array([0.]))","(array([0.]), array([0.]), array([0.]))","(array([0.]), array([0.]), array([0.]))","(array([0.]), array([0.]), array([0.]))","(array([0.]), array([0.]), array([0.]))","(array([0.]), array([0.]), array([0.]))"
(0.49999591495015433+0j),[0.35332374],[1.],[-0.93550112],[1.],"(array([0.]), array([0.]), array([0.]))","(array([0.]), array([0.]), array([0.]))","(array([0.]), array([0.]), array([0.]))","(array([0.]), array([0.]), array([0.]))","(array([0.]), array([0.]), array([0.]))","(array([0.]), array([0.]), array([0.]))","(array([0.]), array([0.]), array([0.]))","(array([0.]), array([0.]), array([0.]))","(array([0.]), array([0.]), array([0.]))","(array([0.]), array([0.]), array([0.]))","(array([0.]), array([0.]), array([0.]))"
(0.4999958775301093+0j),[0.29285932],[1.],[-0.95615554],[1.],"(array([0.]), array([0.]), array([0.]))","(array([0.]), array([0.]), array([0.]))","(array([0.]), array([0.]), array([0.]))","(array([0.]), array([0.]), array([0.]))","(array([0.]), array([0.]), array([0.]))","(array([0.]), array([0.]), array([0.]))","(array([0.]), array([0.]), array([0.]))","(array([0.]), array([0.]), array([0.]))","(array([0.]), array([0.]), array([0.]))","(array([0.]), array([0.]), array([0.]))","(array([0.]), array([0.]), array([0.]))"
(0.49999583928388736+0j),[0.24874897],[1.],[-0.96856799],[1.],"(array([0.]), array([0.]), array([0.]))","(array([0.]), array([0.]), array([0.]))","(array([0.]), array([0.]), array([0.]))","(array([0.]), array([0.]), array([0.]))","(array([0.]), array([0.]), array([0.]))","(array([0.]), array([0.]), array([0.]))","(array([0.]), array([0.]), array([0.]))","(array([0.]), array([0.]), array([0.]))","(array([0.]), array([0.]), array([0.]))","(array([0.]), array([0.]), array([0.]))","(array([0.]), array([0.]), array([0.]))"
(0.49999580054116793+0j),[0.20752789],[1.],[-0.9782291],[1.],"(array([0.]), array([0.]), array([0.]))","(array([0.]), array([0.]), array([0.]))","(array([0.]), array([0.]), array([0.]))","(array([0.]), array([0.]), array([0.]))","(array([0.]), array([0.]), array([0.]))","(array([0.]), array([0.]), array([0.]))","(array([0.]), array([0.]), array([0.]))","(array([0.]), array([0.]), array([0.]))","(array([0.]), array([0.]), array([0.]))","(array([0.]), array([0.]), array([0.]))","(array([0.]), array([0.]), array([0.]))"
(0.4999957614120036+0j),[0.28505304],[1.],[-0.95851175],[1.],"(array([0.]), array([0.]), array([0.]))","(array([0.]), array([0.]), array([0.]))","(array([0.]), array([0.]), array([0.]))","(array([0.]), array([0.]), array([0.]))","(array([0.]), array([0.]), array([0.]))","(array([0.]), array([0.]), array([0.]))","(array([0.]), array([0.]), array([0.]))","(array([0.]), array([0.]), array([0.]))","(array([0.]), array([0.]), array([0.]))","(array([0.]), array([0.]), array([0.]))","(array([0.]), array([0.]), array([0.]))"
(0.49999572307153434+0j),[0.13140008],[1.],[-0.99132942],[1.],"(array([0.]), array([0.]), array([0.]))","(array([0.]), array([0.]), array([0.]))","(array([0.]), array([0.]), array([0.]))","(array([0.]), array([0.]), array([0.]))","(array([0.]), array([0.]), array([0.]))","(array([0.]), array([0.]), array([0.]))","(array([0.]), array([0.]), array([0.]))","(array([0.]), array([0.]), array([0.]))","(array([0.]), array([0.]), array([0.]))","(array([0.]), array([0.]), array([0.]))","(array([0.]), array([0.]), array([0.]))"
(0.49999568341835715+0j),[0.17897375],[1.],[-0.98385385],[1.],"(array([0.]), array([0.]), array([0.]))","(array([0.]), array([0.]), array([0.]))","(array([0.]), array([0.]), array([0.]))","(array([0.]), array([0.]), array([0.]))","(array([0.]), array([0.]), array([0.]))","(array([0.]), array([0.]), array([0.]))","(array([0.]), array([0.]), array([0.]))","(array([0.]), array([0.]), array([0.]))","(array([0.]), array([0.]), array([0.]))","(array([0.]), array([0.]), array([0.]))","(array([0.]), array([0.]), array([0.]))"
(0.4999956440642033+0j),[0.16421869],[1.],[-0.98642396],[1.],"(array([0.]), array([0.]), array([0.]))","(array([0.]), array([0.]), array([0.]))","(array([0.]), array([0.]), array([0.]))","(array([0.]), array([0.]), array([0.]))","(array([0.]), array([0.]), array([0.]))","(array([0.]), array([0.]), array([0.]))","(array([0.]), array([0.]), array([0.]))","(array([0.]), array([0.]), array([0.]))","(array([0.]), array([0.]), array([0.]))","(array([0.]), array([0.]), array([0.]))","(array([0.]), array([0.]), array([0.]))"
(0.49999560460724535+0j),[0.23671925],[1.],[-0.9715781],[1.],"(array([0.]), array([0.]), array([0.]))","(array([0.]), array([0.]), array([0.]))","(array([0.]), array([0.]), array([0.]))","(array([0.]), array([0.]), array([0.]))","(array([0.]), array([0.]), array([0.]))","(array([0.]), array([0.]), array([0.]))","(array([0.]), array([0.]), array([0.]))","(array([0.]), array([0.]), array([0.]))","(array([0.]), array([0.]), array([0.]))","(array([0.]), array([0.]), array([0.]))","(array([0.]), array([0.]), array([0.]))"
(0.4999955657441209+0j),[0.76928188],[1.],[-0.63890954],[1.],"(array([0.]), array([0.]), array([0.]))","(array([0.]), array([0.]), array([0.]))","(array([0.]), array([0.]), array([0.]))","(array([0.]), array([0.]), array([0.]))","(array([0.]), array([0.]), array([0.]))","(array([0.]), array([0.]), array([0.]))","(array([0.]), array([0.]), array([0.]))","(array([0.]), array([0.]), array([0.]))","(array([0.]), array([0.]), array([0.]))","(array([0.]), array([0.]), array([0.]))","(array([0.]), array([0.]), array([0.]))"
(0.4999955401877397+0j),[0.5615731],[1.],[-0.82742713],[1.],"(array([0.]), array([0.]), array([0.]))","(array([0.]), array([0.]), array([0.]))","(array([0.]), array([0.]), array([0.]))","(array([0.]), array([0.]), array([0.]))","(array([0.]), array([0.]), array([0.]))","(array([0.]), array([0.]), array([0.]))","(array([0.]), array([0.]), array([0.]))","(array([0.]), array([0.]), array([0.]))","(array([0.]), array([0.]), array([0.]))","(array([0.]), array([0.]), array([0.]))","(array([0.]), array([0.]), array([0.]))"
(0.4999955070906547+0j),[0.72150916],[1.],[-0.69240489],[1.],"(array([0.]), array([0.]), array([0.]))","(array([0.]), array([0.]), array([0.]))","(array([0.]), array([0.]), array([0.]))","(array([0.]), array([0.]), array([0.]))","(array([0.]), array([0.]), array([0.]))","(array([0.]), array([0.]), array([0.]))","(array([0.]), array([0.]), array([0.]))","(array([0.]), array([0.]), array([0.]))","(array([0.]), array([0.]), array([0.]))","(array([0.]), array([0.]), array([0.]))","(array([0.]), array([0.]), array([0.]))"
(0.4999954793944597+0j),[0.67767849],[1.],[-0.73535832],[1.],"(array([0.]), array([0.]), array([0.]))","(array([0.]), array([0.]), array([0.]))","(array([0.]), array([0.]), array([0.]))","(array([0.]), array([0.]), array([0.]))","(array([0.]), array([0.]), array([0.]))","(array([0.]), array([0.]), array([0.]))","(array([0.]), array([0.]), array([0.]))","(array([0.]), array([0.]), array([0.]))","(array([0.]), array([0.]), array([0.]))","(array([0.]), array([0.]), array([0.]))","(array([0.]), array([0.]), array([0.]))"
(0.4999954499801271+0j),[0.59500666],[1.],[-0.80372077],[1.],"(array([0.]), array([0.]), array([0.]))","(array([0.]), array([0.]), array([0.]))","(array([0.]), array([0.]), array([0.]))","(array([0.]), array([0.]), array([0.]))","(array([0.]), array([0.]), array([0.]))","(array([0.]), array([0.]), array([0.]))","(array([0.]), array([0.]), array([0.]))","(array([0.]), array([0.]), array([0.]))","(array([0.]), array([0.]), array([0.]))","(array([0.]), array([0.]), array([0.]))","(array([0.]), array([0.]), array([0.]))"
(0.49999541783129664+0j),[0.69799084],[1.],[-0.71610668],[1.],"(array([0.]), array([0.]), array([0.]))","(array([0.]), array([0.]), array([0.]))","(array([0.]), array([0.]), array([0.]))","(array([0.]), array([0.]), array([0.]))","(array([0.]), array([0.]), array([0.]))","(array([0.]), array([0.]), array([0.]))","(array([0.]), array([0.]), array([0.]))","(array([0.]), array([0.]), array([0.]))","(array([0.]), array([0.]), array([0.]))","(array([0.]), array([0.]), array([0.]))","(array([0.]), array([0.]), array([0.]))"
(0.49999538918702935+0j),[0.77890928],[1.],[-0.62713662],[1.],"(array([0.]), array([0.]), array([0.]))","(array([0.]), array([0.]), array([0.]))","(array([0.]), array([0.]), array([0.]))","(array([0.]), array([0.]), array([0.]))","(array([0.]), array([0.]), array([0.]))","(array([0.]), array([0.]), array([0.]))","(array([0.]), array([0.]), array([0.]))","(array([0.]), array([0.]), array([0.]))","(array([0.]), array([0.]), array([0.]))","(array([0.]), array([0.]), array([0.]))","(array([0.]), array([0.]), array([0.]))"
(0.4999953641015647+0j),[0.71750177],[1.],[-0.69655668],[1.],"(array([0.]), array([0.]), array([0.]))","(array([0.]), array([0.]), array([0.]))","(array([0.]), array([0.]), array([0.]))","(array([0.]), array([0.]), array([0.]))","(array([0.]), array([0.]), array([0.]))","(array([0.]), array([0.]), array([0.]))","(array([0.]), array([0.]), array([0.]))","(array([0.]), array([0.]), array([0.]))","(array([0.]), array([0.]), array([0.]))","(array([0.]), array([0.]), array([0.]))","(array([0.]), array([0.]), array([0.]))"
(0.4999953362392976+0j),[0.83642531],[1.],[-0.54808093],[1.],"(array([0.]), array([0.]), array([0.]))","(array([0.]), array([0.]), array([0.]))","(array([0.]), array([0.]), array([0.]))","(array([0.]), array([0.]), array([0.]))","(array([0.]), array([0.]), array([0.]))","(array([0.]), array([0.]), array([0.]))","(array([0.]), array([0.]), array([0.]))","(array([0.]), array([0.]), array([0.]))","(array([0.]), array([0.]), array([0.]))","(array([0.]), array([0.]), array([0.]))","(array([0.]), array([0.]), array([0.]))"
(0.49999531431606026+0j),[0.39158722],[1.],[-0.92014099],[1.],"(array([0.]), array([0.]), array([0.]))","(array([0.]), array([0.]), array([0.]))","(array([0.]), array([0.]), array([0.]))","(array([0.]), array([0.]), array([0.]))","(array([0.]), array([0.]), array([0.]))","(array([0.]), array([0.]), array([0.]))","(array([0.]), array([0.]), array([0.]))","(array([0.]), array([0.]), array([0.]))","(array([0.]), array([0.]), array([0.]))","(array([0.]), array([0.]), array([0.]))","(array([0.]), array([0.]), array([0.]))"
