Es,Sx,Sxx,Sy,Syy,PQ-10,PQ-9,PQ-8,PQ-7,PQ-6,PQ-5,PQ-4,PQ-3,PQ-2,PQ-1,PQ0
(0.49999999999999983+0j),[-0.99968385],[1.],[0.02514339],[1.],"(array([0.]), array([0.]), array([0.]))","(array([0.]), array([0.]), array([0.]))","(array([0.]), array([0.]), array([0.]))","(array([0.]), array([0.]), array([0.]))","(array([0.]), array([0.]), array([0.]))","(array([0.]), array([0.]), array([0.]))","(array([0.]), array([0.]), array([0.]))","(array([0.]), array([0.]), array([0.]))","(array([0.]), array([0.]), array([0.]))","(array([0.]), array([0.]), array([0.]))","(array([0.]), array([0.]), array([0.]))"
(0.5000000010057352+0j),[-0.99999919],[1.],[-0.00127493],[1.],"(array([0.]), array([0.]), array([0.]))","(array([0.]), array([0.]), array([0.]))","(array([0.]), array([0.]), array([0.]))","(array([0.]), array([0.]), array([0.]))","(array([0.]), array([0.]), array([0.]))","(array([0.]), array([0.]), array([0.]))","(array([0.]), array([0.]), array([0.]))","(array([0.]), array([0.]), array([0.]))","(array([0.]), array([0.]), array([0.]))","(array([0.]), array([0.]), array([0.]))","(array([0.]), array([0.]), array([0.]))"
(0.5000000009547377+0j),[-0.99197043],[1.],[0.12647001],[1.],"(array([0.]), array([0.]), array([0.]))","(array([0.]), array([0.]), array([0.]))","(array([0.]), array([0.]), array([0.]))","(array([0.]), array([0.]), array([0.]))","(array([0.]), array([0.]), array([0.]))","(array([0.]), array([0.]), array([0.]))","(array([0.]), array([0.]), array([0.]))","(array([0.]), array([0.]), array([0.]))","(array([0.]), array([0.]), array([0.]))","(array([0.]), array([0.]), array([0.]))","(array([0.]), array([0.]), array([0.]))"
(0.5000000060135386+0j),[-0.98909898],[1.],[0.14725221],[1.],"(array([0.]), array([0.]), array([0.]))","(array([0.]), array([0.]), array([0.]))","(array([0.]), array([0.]), array([0.]))","(array([0.]), array([0.]), array([0.]))","(array([0.]), array([0.]), array([0.]))","(array([0.]), array([0.]), array([0.]))","(array([0.]), array([0.]), array([0.]))","(array([0.]), array([0.]), array([0.]))","(array([0.]), array([0.]), array([0.]))","(array([0.]), array([0.]), array([0.]))","(array([0.]), array([0.]), array([0.]))"
(0.5000000119036269+0j),[-0.99917367],[1.],[0.04064455],[1.],"(array([0.]), array([0.]), array([0.]))","(array([0.]), array([0.]), array([0.]))","(array([0.]), array([0.]), array([0.]))","(array([0.]), array([0.]), array([0.]))","(array([0.]), array([0.]), array([0.]))","(array([0.]), array([0.]), array([0.]))","(array([0.]), array([0.]), array([0.]))","(array([0.]), array([0.]), array([0.]))","(array([0.]), array([0.]), array([0.]))","(array([0.]), array([0.]), array([0.]))","(array([0.]), array([0.]), array([0.]))"
(0.5000000135294091+0j),[-0.99362514],[1.],[0.11273459],[1.],"(array([0.]), array([0.]), array([0.]))","(array([0.]), array([0.]), array([0.]))","(array([0.]), array([0.]), array([0.]))","(array([0.]), array([0.]), array([0.]))","(array([0.]), array([0.]), array([0.]))","(array([0.]), array([0.]), array([0.]))","(array([0.]), array([0.]), array([0.]))","(array([0.]), array([0.]), array([0.]))","(array([0.]), array([0.]), array([0.]))","(array([0.]), array([0.]), array([0.]))","(array([0.]), array([0.]), array([0.]))"
(0.5000000180387933+0j),[-0.93095569],[1.],[0.36513217],[1.],"(array([0.]), array([0.]), array([0.]))","(array([0.]), array([0.]), array([0.]))","(array([0.]), array([0.]), array([0.]))","(array([0.]), array([0.]), array([0.]))","(array([0.]), array([0.]), array([0.]))","(array([0.]), array([0.]), array([0.]))","(array([0.]), array([0.]), array([0.]))","(array([0.]), array([0.]), array([0.]))","(array([0.]), array([0.]), array([0.]))","(array([0.]), array([0.]), array([0.]))","(array([0.]), array([0.]), array([0.]))"
(0.50000003264408+0j),[-0.8455558],[1.],[0.53388705],[1.],"(array([0.]), array([0.]), array([0.]))","(array([0.]), array([0.]), array([0.]))","(array([0.]), array([0.]), array([0.]))","(array([0.]), array([0.]), array([0.]))","(array([0.]), array([0.]), array([0.]))","(array([0.]), array([0.]), array([0.]))","(array([0.]), array([0.]), array([0.]))","(array([0.]), array([0.]), array([0.]))","(array([0.]), array([0.]), array([0.]))","(array([0.]), array([0.]), array([0.]))","(array([0.]), array([0.]), array([0.]))"
(0.5000000539995622+0j),[-0.91208968],[1.],[0.40999075],[1.],"(array([0.]), array([0.]), array([0.]))","(array([0.]), array([0.]), array([0.]))","(array([0.]), array([0.]), array([0.]))","(array([0.]), array([0.]), array([0.]))","(array([0.]), array([0.]), array([0.]))","(array([0.]), array([0.]), array([0.]))","(array([0.]), array([0.]), array([0.]))","(array([0.]), array([0.]), array([0.]))","(array([0.]), array([0.]), array([0.]))","(array([0.]), array([0.]), array([0.]))","(array([0.]), array([0.]), array([0.]))"
(0.5000000703991918+0j),[-0.98569291],[1.],[0.16855117],[1.],"(array([0.]), array([0.]), array([0.]))","(array([0.]), array([0.]), array([0.]))","(array([0.]), array([0.]), array([0.]))","(array([0.]), array([0.]), array([0.]))","(array([0.]), array([0.]), array([0.]))","(array([0.]), array([0.]), array([0.]))","(array([0.]), array([0.]), array([0.]))","(array([0.]), array([0.]), array([0.]))","(array([0.]), array([0.]), array([0.]))","(array([0.]), array([0.]), array([0.]))","(array([0.]), array([0.]), array([0.]))"
(0.5000000771412385+0j),[-0.99900091],[1.],[0.04468984],[1.],"(array([0.]), array([0.]), array([0.]))","(array([0.]), array([0.]), array([0.]))","(array([0.]), array([0.]), array([0.]))","(array([0.]), array([0.]), array([0.]))","(array([0.]), array([0.]), array([0.]))","(array([0.]), array([0.]), array([0.]))","(array([0.]), array([0.]), array([0.]))","(array([0.]), array([0.]), array([0.]))","(array([0.]), array([0.]), array([0.]))","(array([0.]), array([0.]), array([0.]))","(array([0.]), array([0.]), array([0.]))"
(0.500000078928832+0j),[-0.99859742],[1.],[0.05294516],[1.],"(array([0.]), array([0.]), array([0.]))","(array([0.]), array([0.]), array([0.]))","(array([0.]), array([0.]), array([0.]))","(array([0.]), array([0.]), array([0.]))","(array([0.]), array([0.]), array([0.]))","(array([0.]), array([0.]), array([0.]))","(array([0.]), array([0.]), array([0.]))","(array([0.]), array([0.]), array([0.]))","(array([0.]), array([0.]), array([0.]))","(array([0.]), array([0.]), array([0.]))","(array([0.]), array([0.]), array([0.]))"
(0.5000000810466378+0j),[-0.91630726],[1.],[-0.40047597],[1.],"(array([0.]), array([0.]), array([0.]))","(array([0.]), array([0.]), array([0.]))","(array([0.]), array([0.]), array([0.]))","(array([0.]), array([0.]), array([0.]))","(array([0.]), array([0.]), array([0.]))","(array([0.]), array([0.]), array([0.]))","(array([0.]), array([0.]), array([0.]))","(array([0.]), array([0.]), array([0.]))","(array([0.]), array([0.]), array([0.]))","(array([0.]), array([0.]), array([0.]))","(array([0.]), array([0.]), array([0.]))"
(0.5000000650275992+0j),[-0.89791156],[1.],[-0.4401759],[1.],"(array([0.]), array([0.]), array([0.]))","(array([0.]), array([0.]), array([0.]))","(array([0.]), array([0.]), array([0.]))","(array([0.]), array([0.]), array([0.]))","(array([0.]), array([0.]), array([0.]))","(array([0.]), array([0.]), array([0.]))","(array([0.]), array([0.]), array([0.]))","(array([0.]), array([0.]), array([0.]))","(array([0.]), array([0.]), array([0.]))","(array([0.]), array([0.]), array([0.]))","(array([0.]), array([0.]), array([0.]))"
(0.5000000474205629+0j),[-0.76162662],[1.],[-0.64801612],[1.],"(array([0.]), array([0.]), array([0.]))","(array([0.]), array([0.]), array([0.]))","(array([0.]), array([0.]), array([0.]))","(array([0.]), array([0.]), array([0.]))","(array([0.]), array([0.]), array([0.]))","(array([0.]), array([0.]), array([0.]))","(array([0.]), array([0.]), array([0.]))","(array([0.]), array([0.]), array([0.]))","(array([0.]), array([0.]), array([0.]))","(array([0.]), array([0.]), array([0.]))","(array([0.]), array([0.]), array([0.]))"
(0.5000000214999181+0j),[-0.65890797],[1.],[-0.75222356],[1.],"(array([0.]), array([0.]), array([0.]))","(array([0.]), array([0.]), array([0.]))","(array([0.]), array([0.]), array([0.]))","(array([0.]), array([0.]), array([0.]))","(array([0.]), array([0.]), array([0.]))","(array([0.]), array([0.]), array([0.]))","(array([0.]), array([0.]), array([0.]))","(array([0.]), array([0.]), array([0.]))","(array([0.]), array([0.]), array([0.]))","(array([0.]), array([0.]), array([0.]))","(array([0.]), array([0.]), array([0.]))"
(0.49999999141097556+0j),[-0.57328894],[1.],[-0.81935328],[1.],"(array([0.]), array([0.]), array([0.]))","(array([0.]), array([0.]), array([0.]))","(array([0.]), array([0.]), array([0.]))","(array([0.]), array([0.]), array([0.]))","(array([0.]), array([0.]), array([0.]))","(array([0.]), array([0.]), array([0.]))","(array([0.]), array([0.]), array([0.]))","(array([0.]), array([0.]), array([0.]))","(array([0.]), array([0.]), array([0.]))","(array([0.]), array([0.]), array([0.]))","(array([0.]), array([0.]), array([0.]))"
(0.49999995863684454+0j),[-0.52034446],[1.],[-0.85395646],[1.],"(array([0.]), array([0.]), array([0.]))","(array([0.]), array([0.]), array([0.]))","(array([0.]), array([0.]), array([0.]))","(array([0.]), array([0.]), array([0.]))","(array([0.]), array([0.]), array([0.]))","(array([0.]), array([0.]), array([0.]))","(array([0.]), array([0.]), array([0.]))","(array([0.]), array([0.]), array([0.]))","(array([0.]), array([0.]), array([0.]))","(array([0.]), array([0.]), array([0.]))","(array([0.]), array([0.]), array([0.]))"
(0.4999999244785862+0j),[-0.58880564],[1.],[-0.80827465],[1.],"(array([0.]), array([0.]), array([0.]))","(array([0.]), array([0.]), array([0.]))","(array([0.]), array([0.]), array([0.]))","(array([0.]), array([0.]), array([0.]))","(array([0.]), array([0.]), array([0.]))","(array([0.]), array([0.]), array([0.]))","(array([0.]), array([0.]), array([0.]))","(array([0.]), array([0.]), array([0.]))","(array([0.]), array([0.]), array([0.]))","(array([0.]), array([0.]), array([0.]))","(array([0.]), array([0.]), array([0.]))"
(0.4999998921476001+0j),[-0.74336226],[1.],[-0.66888904],[1.],"(array([0.]), array([0.]), array([0.]))","(array([0.]), array([0.]), array([0.]))","(array([0.]), array([0.]), array([0.]))","(array([0.]), array([0.]), array([0.]))","(array([0.]), array([0.]), array([0.]))","(array([0.]), array([0.]), array([0.]))","(array([0.]), array([0.]), array([0.]))","(array([0.]), array([0.]), array([0.]))","(array([0.]), array([0.]), array([0.]))","(array([0.]), array([0.]), array([0.]))","(array([0.]), array([0.]), array([0.]))"
(0.49999986539203883+0j),[-0.72592346],[1.],[-0.68777549],[1.],"(array([0.]), array([0.]), array([0.]))","(array([0.]), array([0.]), array([0.]))","(array([0.]), array([0.]), array([0.]))","(array([0.]), array([0.]), array([0.]))","(array([0.]), array([0.]), array([0.]))","(array([0.]), array([0.]), array([0.]))","(array([0.]), array([0.]), array([0.]))","(array([0.]), array([0.]), array([0.]))","(array([0.]), array([0.]), array([0.]))","(array([0.]), array([0.]), array([0.]))","(array([0.]), array([0.]), array([0.]))"
(0.49999983788101937+0j),[-0.8846155],[1.],[-0.46632116],[1.],"(array([0.]), array([0.]), array([0.]))","(array([0.]), array([0.]), array([0.]))","(array([0.]), array([0.]), array([0.]))","(array([0.]), array([0.]), array([0.]))","(array([0.]), array([0.]), array([0.]))","(array([0.]), array([0.]), array([0.]))","(array([0.]), array([0.]), array([0.]))","(array([0.]), array([0.]), array([0.]))","(array([0.]), array([0.]), array([0.]))","(array([0.]), array([0.]), array([0.]))","(array([0.]), array([0.]), array([0.]))"
(0.499999819228173+0j),[-0.81494245],[1.],[-0.57954189],[1.],"(array([0.]), array([0.]), array([0.]))","(array([0.]), array([0.]), array([0.]))","(array([0.]), array([0.]), array([0.]))","(array([0.]), array([0.]), array([0.]))","(array([0.]), array([0.]), array([0.]))","(array([0.]), array([0.]), array([0.]))","(array([0.]), array([0.]), array([0.]))","(array([0.]), array([0.]), array([0.]))","(array([0.]), array([0.]), array([0.]))","(array([0.]), array([0.]), array([0.]))","(array([0.]), array([0.]), array([0.]))"
(0.49999979604649764+0j),[-0.85363881],[1.],[-0.52086541],[1.],"(array([0.]), array([0.]), array([0.]))","(array([0.]), array([0.]), array([0.]))","(array([0.]), array([0.]), array([0.]))","(array([0.]), array([0.]), array([0.]))","(array([0.]), array([0.]), array([0.]))","(array([0.]), array([0.]), array([0.]))","(array([0.]), array([0.]), array([0.]))","(array([0.]), array([0.]), array([0.]))","(array([0.]), array([0.]), array([0.]))","(array([0.]), array([0.]), array([0.]))","(array([0.]), array([0.]), array([0.]))"
(0.4999997752118811+0j),[-0.93334684],[1.],[-0.35897587],[1.],"(array([0.]), array([0.]), array([0.]))","(array([0.]), array([0.]), array([0.]))","(array([0.]), array([0.]), array([0.]))","(array([0.]), array([0.]), array([0.]))","(array([0.]), array([0.]), array([0.]))","(array([0.]), array([0.]), array([0.]))","(array([0.]), array([0.]), array([0.]))","(array([0.]), array([0.]), array([0.]))","(array([0.]), array([0.]), array([0.]))","(array([0.]), array([0.]), array([0.]))","(array([0.]), array([0.]), array([0.]))"
(0.4999997608528466+0j),[-0.93993109],[1.],[-0.34136423],[1.],"(array([0.]), array([0.]), array([0.]))","(array([0.]), array([0.]), array([0.]))","(array([0.]), array([0.]), array([0.]))","(array([0.]), array([0.]), array([0.]))","(array([0.]), array([0.]), array([0.]))","(array([0.]), array([0.]), array([0.]))","(array([0.]), array([0.]), array([0.]))","(array([0.]), array([0.]), array([0.]))","(array([0.]), array([0.]), array([0.]))","(array([0.]), array([0.]), array([0.]))","(array([0.]), array([0.]), array([0.]))"
(0.4999997471982772+0j),[-0.87898457],[1.],[-0.47685022],[1.],"(array([0.]), array([0.]), array([0.]))","(array([0.]), array([0.]), array([0.]))","(array([0.]), array([0.]), array([0.]))","(array([0.]), array([0.]), array([0.]))","(array([0.]), array([0.]), array([0.]))","(array([0.]), array([0.]), array([0.]))","(array([0.]), array([0.]), array([0.]))","(array([0.]), array([0.]), array([0.]))","(array([0.]), array([0.]), array([0.]))","(array([0.]), array([0.]), array([0.]))","(array([0.]), array([0.]), array([0.]))"
(0.4999997281242685+0j),[-0.77668355],[1.],[-0.629891],[1.],"(array([0.]), array([0.]), array([0.]))","(array([0.]), array([0.]), array([0.]))","(array([0.]), array([0.]), array([0.]))","(array([0.]), array([0.]), array([0.]))","(array([0.]), array([0.]), array([0.]))","(array([0.]), array([0.]), array([0.]))","(array([0.]), array([0.]), array([0.]))","(array([0.]), array([0.]), array([0.]))","(array([0.]), array([0.]), array([0.]))","(array([0.]), array([0.]), array([0.]))","(array([0.]), array([0.]), array([0.]))"
(0.49999970292862855+0j),[-0.71584835],[1.],[-0.69825579],[1.],"(array([0.]), array([0.]), array([0.]))","(array([0.]), array([0.]), array([0.]))","(array([0.]), array([0.]), array([0.]))","(array([0.]), array([0.]), array([0.]))","(array([0.]), array([0.]), array([0.]))","(array([0.]), array([0.]), array([0.]))","(array([0.]), array([0.]), array([0.]))","(array([0.]), array([0.]), array([0.]))","(array([0.]), array([0.]), array([0.]))","(array([0.]), array([0.]), array([0.]))","(array([0.]), array([0.]), array([0.]))"
(0.49999967499839726+0j),[-0.74589485],[1.],[-0.66606371],[1.],"(array([0.]), array([0.]), array([0.]))","(array([0.]), array([0.]), array([0.]))","(array([0.]), array([0.]), array([0.]))","(array([0.]), array([0.]), array([0.]))","(array([0.]), array([0.]), array([0.]))","(array([0.]), array([0.]), array([0.]))","(array([0.]), array([0.]), array([0.]))","(array([0.]), array([0.]), array([0.]))","(array([0.]), array([0.]), array([0.]))","(array([0.]), array([0.]), array([0.]))","(array([0.]), array([0.]), array([0.]))"
(0.4999996483558482+0j),[-0.5971583],[1.],[-0.80212341],[1.],"(array([0.]), array([0.]), array([0.]))","(array([0.]), array([0.]), array([0.]))","(array([0.]), array([0.]), array([0.]))","(array([0.]), array([0.]), array([0.]))","(array([0.]), array([0.]), array([0.]))","(array([0.]), array([0.]), array([0.]))","(array([0.]), array([0.]), array([0.]))","(array([0.]), array([0.]), array([0.]))","(array([0.]), array([0.]), array([0.]))","(array([0.]), array([0.]), array([0.]))","(array([0.]), array([0.]), array([0.]))"
(0.49999961627091133+0j),[-0.56308867],[1.],[-0.82639649],[1.],"(array([0.]), array([0.]), array([0.]))","(array([0.]), array([0.]), array([0.]))","(array([0.]), array([0.]), array([0.]))","(array([0.]), array([0.]), array([0.]))","(array([0.]), array([0.]), array([0.]))","(array([0.]), array([0.]), array([0.]))","(array([0.]), array([0.]), array([0.]))","(array([0.]), array([0.]), array([0.]))","(array([0.]), array([0.]), array([0.]))","(array([0.]), array([0.]), array([0.]))","(array([0.]), array([0.]), array([0.]))"
(0.4999995832150518+0j),[-0.53649103],[1.],[-0.84390602],[1.],"(array([0.]), array([0.]), array([0.]))","(array([0.]), array([0.]), array([0.]))","(array([0.]), array([0.]), array([0.]))","(array([0.]), array([0.]), array([0.]))","(array([0.]), array([0.]), array([0.]))","(array([0.]), array([0.]), array([0.]))","(array([0.]), array([0.]), array([0.]))","(array([0.]), array([0.]), array([0.]))","(array([0.]), array([0.]), array([0.]))","(array([0.]), array([0.]), array([0.]))","(array([0.]), array([0.]), array([0.]))"
(0.49999954945881075+0j),[-0.62446213],[1.],[-0.78105509],[1.],"(array([0.]), array([0.]), array([0.]))","(array([0.]), array([0.]), array([0.]))","(array([0.]), array([0.]), array([0.]))","(array([0.]), array([0.]), array([0.]))","(array([0.]), array([0.]), array([0.]))","(array([0.]), array([0.]), array([0.]))","(array([0.]), array([0.]), array([0.]))","(array([0.]), array([0.]), array([0.]))","(array([0.]), array([0.]), array([0.]))","(array([0.]), array([0.]), array([0.]))","(array([0.]), array([0.]), array([0.]))"
(0.49999951821660743+0j),[-0.65740855],[1.],[-0.75353434],[1.],"(array([0.]), array([0.]), array([0.]))","(array([0.]), array([0.]), array([0.]))","(array([0.]), array([0.]), array([0.]))","(array([0.]), array([0.]), array([0.]))","(array([0.]), array([0.]), array([0.]))","(array([0.]), array([0.]), array([0.]))","(array([0.]), array([0.]), array([0.]))","(array([0.]), array([0.]), array([0.]))","(array([0.]), array([0.]), array([0.]))","(array([0.]), array([0.]), array([0.]))","(array([0.]), array([0.]), array([0.]))"
(0.4999994880752341+0j),[-0.7092608],[1.],[-0.70494619],[1.],"(array([0.]), array([0.]), array([0.]))","(array([0.]), array([0.]), array([0.]))","(array([0.]), array([0.]), array([0.]))","(array([0.]), array([0.]), array([0.]))","(array([0.]), array([0.]), array([0.]))","(array([0.]), array([0.]), array([0.]))","(array([0.]), array([0.]), array([0.]))","(array([0.]), array([0.]), array([0.]))","(array([0.]), array([0.]), array([0.]))","(array([0.]), array([0.]), array([0.]))","(array([0.]), array([0.]), array([0.]))"
(0.49999945987738653+0j),[-0.61128506],[1.],[-0.7914105],[1.],"(array([0.]), array([0.]), array([0.]))","(array([0.]), array([0.]), array([0.]))","(array([0.]), array([0.]), array([0.]))","(array([0.]), array([0.]), array([0.]))","(array([0.]), array([0.]), array([0.]))","(array([0.]), array([0.]), array([0.]))","(array([0.]), array([0.]), array([0.]))","(array([0.]), array([0.]), array([0.]))","(array([0.]), array([0.]), array([0.]))","(array([0.]), array([0.]), array([0.]))","(array([0.]), array([0.]), array([0.]))"
(0.49999942822096705+0j),[-0.59056646],[1.],[-0.806989],[1.],"(array([0.]), array([0.]), array([0.]))","(array([0.]), array([0.]), array([0.]))","(array([0.]), array([0.]), array([0.]))","(array([0.]), array([0.]), array([0.]))","(array([0.]), array([0.]), array([0.]))","(array([0.]), array([0.]), array([0.]))","(array([0.]), array([0.]), array([0.]))","(array([0.]), array([0.]), array([0.]))","(array([0.]), array([0.]), array([0.]))","(array([0.]), array([0.]), array([0.]))","(array([0.]), array([0.]), array([0.]))"
(0.49999939594140674+0j),[-0.70933597],[1.],[-0.70487054],[1.],"(array([0.]), array([0.]), array([0.]))","(array([0.]), array([0.]), array([0.]))","(array([0.]), array([0.]), array([0.]))","(array([0.]), array([0.]), array([0.]))","(array([0.]), array([0.]), array([0.]))","(array([0.]), array([0.]), array([0.]))","(array([0.]), array([0.]), array([0.]))","(array([0.]), array([0.]), array([0.]))","(array([0.]), array([0.]), array([0.]))","(array([0.]), array([0.]), array([0.]))","(array([0.]), array([0.]), array([0.]))"
(0.49999936774658515+0j),[-0.88534798],[1.],[-0.46492898],[1.],"(array([0.]), array([0.]), array([0.]))","(array([0.]), array([0.]), array([0.]))","(array([0.]), array([0.]), array([0.]))","(array([0.]), array([0.]), array([0.]))","(array([0.]), array([0.]), array([0.]))","(array([0.]), array([0.]), array([0.]))","(array([0.]), array([0.]), array([0.]))","(array([0.]), array([0.]), array([0.]))","(array([0.]), array([0.]), array([0.]))","(array([0.]), array([0.]), array([0.]))","(array([0.]), array([0.]), array([0.]))"
(0.49999934914942573+0j),[-0.74158426],[1.],[-0.67085973],[1.],"(array([0.]), array([0.]), array([0.]))","(array([0.]), array([0.]), array([0.]))","(array([0.]), array([0.]), array([0.]))","(array([0.]), array([0.]), array([0.]))","(array([0.]), array([0.]), array([0.]))","(array([0.]), array([0.]), array([0.]))","(array([0.]), array([0.]), array([0.]))","(array([0.]), array([0.]), array([0.]))","(array([0.]), array([0.]), array([0.]))","(array([0.]), array([0.]), array([0.]))","(array([0.]), array([0.]), array([0.]))"
(0.4999993223150362+0j),[-0.90788605],[1.],[-0.41921704],[1.],"(array([0.]), array([0.]), array([0.]))","(array([0.]), array([0.]), array([0.]))","(array([0.]), array([0.]), array([0.]))","(array([0.]), array([0.]), array([0.]))","(array([0.]), array([0.]), array([0.]))","(array([0.]), array([0.]), array([0.]))","(array([0.]), array([0.]), array([0.]))","(array([0.]), array([0.]), array([0.]))","(array([0.]), array([0.]), array([0.]))","(array([0.]), array([0.]), array([0.]))","(array([0.]), array([0.]), array([0.]))"
(0.49999930554635463+0j),[-0.98667865],[1.],[-0.16268141],[1.],"(array([0.]), array([0.]), array([0.]))","(array([0.]), array([0.]), array([0.]))","(array([0.]), array([0.]), array([0.]))","(array([0.]), array([0.]), array([0.]))","(array([0.]), array([0.]), array([0.]))","(array([0.]), array([0.]), array([0.]))","(array([0.]), array([0.]), array([0.]))","(array([0.]), array([0.]), array([0.]))","(array([0.]), array([0.]), array([0.]))","(array([0.]), array([0.]), array([0.]))","(array([0.]), array([0.]), array([0.]))"
(0.49999929903909784+0j),[-0.99997447],[1.],[-0.00714532],[1.],"(array([0.]), array([0.]), array([0.]))","(array([0.]), array([0.]), array([0.]))","(array([0.]), array([0.]), array([0.]))","(array([0.]), array([0.]), array([0.]))","(array([0.]), array([0.]), array([0.]))","(array([0.]), array([0.]), array([0.]))","(array([0.]), array([0.]), array([0.]))","(array([0.]), array([0.]), array([0.]))","(array([0.]), array([0.]), array([0.]))","(array([0.]), array([0.]), array([0.]))","(array([0.]), array([0.]), array([0.]))"
(0.4999992987532849+0j),[-0.99895385],[1.],[0.04572979],[1.],"(array([0.]), array([0.]), array([0.]))","(array([0.]), array([0.]), array([0.]))","(array([0.]), array([0.]), array([0.]))","(array([0.]), array([0.]), array([0.]))","(array([0.]), array([0.]), array([0.]))","(array([0.]), array([0.]), array([0.]))","(array([0.]), array([0.]), array([0.]))","(array([0.]), array([0.]), array([0.]))","(array([0.]), array([0.]), array([0.]))","(array([0.]), array([0.]), array([0.]))","(array([0.]), array([0.]), array([0.]))"
(0.49999930058247677+0j),[-0.99985484],[1.],[-0.01703799],[1.],"(array([0.]), array([0.]), array([0.]))","(array([0.]), array([0.]), array([0.]))","(array([0.]), array([0.]), array([0.]))","(array([0.]), array([0.]), array([0.]))","(array([0.]), array([0.]), array([0.]))","(array([0.]), array([0.]), array([0.]))","(array([0.]), array([0.]), array([0.]))","(array([0.]), array([0.]), array([0.]))","(array([0.]), array([0.]), array([0.]))","(array([0.]), array([0.]), array([0.]))","(array([0.]), array([0.]), array([0.]))"
(0.49999929990095715+0j),[-0.96254314],[1.],[0.27112856],[1.],"(array([0.]), array([0.]), array([0.]))","(array([0.]), array([0.]), array([0.]))","(array([0.]), array([0.]), array([0.]))","(array([0.]), array([0.]), array([0.]))","(array([0.]), array([0.]), array([0.]))","(array([0.]), array([0.]), array([0.]))","(array([0.]), array([0.]), array([0.]))","(array([0.]), array([0.]), array([0.]))","(array([0.]), array([0.]), array([0.]))","(array([0.]), array([0.]), array([0.]))","(array([0.]), array([0.]), array([0.]))"
(0.4999993107460995+0j),[-0.78591798],[1.],[0.61833076],[1.],"(array([0.]), array([0.]), array([0.]))","(array([0.]), array([0.]), array([0.]))","(array([0.]), array([0.]), array([0.]))","(array([0.]), array([0.]), array([0.]))","(array([0.]), array([0.]), array([0.]))","(array([0.]), array([0.]), array([0.]))","(array([0.]), array([0.]), array([0.]))","(array([0.]), array([0.]), array([0.]))","(array([0.]), array([0.]), array([0.]))","(array([0.]), array([0.]), array([0.]))","(array([0.]), array([0.]), array([0.]))"
(0.49999933547932973+0j),[-0.51743638],[1.],[0.85572168],[1.],"(array([0.]), array([0.]), array([0.]))","(array([0.]), array([0.]), array([0.]))","(array([0.]), array([0.]), array([0.]))","(array([0.]), array([0.]), array([0.]))","(array([0.]), array([0.]), array([0.]))","(array([0.]), array([0.]), array([0.]))","(array([0.]), array([0.]), array([0.]))","(array([0.]), array([0.]), array([0.]))","(array([0.]), array([0.]), array([0.]))","(array([0.]), array([0.]), array([0.]))","(array([0.]), array([0.]), array([0.]))"
(0.49999936970819625+0j),[-0.27715478],[1.],[0.96082528],[1.],"(array([0.]), array([0.]), array([0.]))","(array([0.]), array([0.]), array([0.]))","(array([0.]), array([0.]), array([0.]))","(array([0.]), array([0.]), array([0.]))","(array([0.]), array([0.]), array([0.]))","(array([0.]), array([0.]), array([0.]))","(array([0.]), array([0.]), array([0.]))","(array([0.]), array([0.]), array([0.]))","(array([0.]), array([0.]), array([0.]))","(array([0.]), array([0.]), array([0.]))","(array([0.]), array([0.]), array([0.]))"
(0.4999994081412077+0j),[-0.20782955],[1.],[0.97816506],[1.],"(array([0.]), array([0.]), array([0.]))","(array([0.]), array([0.]), array([0.]))","(array([0.]), array([0.]), array([0.]))","(array([0.]), array([0.]), array([0.]))","(array([0.]), array([0.]), array([0.]))","(array([0.]), array([0.]), array([0.]))","(array([0.]), array([0.]), array([0.]))","(array([0.]), array([0.]), array([0.]))","(array([0.]), array([0.]), array([0.]))","(array([0.]), array([0.]), array([0.]))","(array([0.]), array([0.]), array([0.]))"
(0.49999944726781026+0j),[-0.4358831],[1.],[0.90000329],[1.],"(array([0.]), array([0.]), array([0.]))","(array([0.]), array([0.]), array([0.]))","(array([0.]), array([0.]), array([0.]))","(array([0.]), array([0.]), array([0.]))","(array([0.]), array([0.]), array([0.]))","(array([0.]), array([0.]), array([0.]))","(array([0.]), array([0.]), array([0.]))","(array([0.]), array([0.]), array([0.]))","(array([0.]), array([0.]), array([0.]))","(array([0.]), array([0.]), array([0.]))","(array([0.]), array([0.]), array([0.]))"
(0.4999994832679416+0j),[-0.43668467],[1.],[0.89961464],[1.],"(array([0.]), array([0.]), array([0.]))","(array([0.]), array([0.]), array([0.]))","(array([0.]), array([0.]), array([0.]))","(array([0.]), array([0.]), array([0.]))","(array([0.]), array([0.]), array([0.]))","(array([0.]), array([0.]), array([0.]))","(array([0.]), array([0.]), array([0.]))","(array([0.]), array([0.]), array([0.]))","(array([0.]), array([0.]), array([0.]))","(array([0.]), array([0.]), array([0.]))","(array([0.]), array([0.]), array([0.]))"
(0.4999995192525274+0j),[-0.31515038],[1.],[0.94904175],[1.],"(array([0.]), array([0.]), array([0.]))","(array([0.]), array([0.]), array([0.]))","(array([0.]), array([0.]), array([0.]))","(array([0.]), array([0.]), array([0.]))","(array([0.]), array([0.]), array([0.]))","(array([0.]), array([0.]), array([0.]))","(array([0.]), array([0.]), array([0.]))","(array([0.]), array([0.]), array([0.]))","(array([0.]), array([0.]), array([0.]))","(array([0.]), array([0.]), array([0.]))","(array([0.]), array([0.]), array([0.]))"
(0.49999955721419675+0j),[-0.5465906],[1.],[0.83739997],[1.],"(array([0.]), array([0.]), array([0.]))","(array([0.]), array([0.]), array([0.]))","(array([0.]), array([0.]), array([0.]))","(array([0.]), array([0.]), array([0.]))","(array([0.]), array([0.]), array([0.]))","(array([0.]), array([0.]), array([0.]))","(array([0.]), array([0.]), array([0.]))","(array([0.]), array([0.]), array([0.]))","(array([0.]), array([0.]), array([0.]))","(array([0.]), array([0.]), array([0.]))","(array([0.]), array([0.]), array([0.]))"
(0.4999995907101958+0j),[-0.47877861],[1.],[0.87793567],[1.],"(array([0.]), array([0.]), array([0.]))","(array([0.]), array([0.]), array([0.]))","(array([0.]), array([0.]), array([0.]))","(array([0.]), array([0.]), array([0.]))","(array([0.]), array([0.]), array([0.]))","(array([0.]), array([0.]), array([0.]))","(array([0.]), array([0.]), array([0.]))","(array([0.]), array([0.]), array([0.]))","(array([0.]), array([0.]), array([0.]))","(array([0.]), array([0.]), array([0.]))","(array([0.]), array([0.]), array([0.]))"
(0.4999996258276223+0j),[-0.40162472],[1.],[0.91580434],[1.],"(array([0.]), array([0.]), array([0.]))","(array([0.]), array([0.]), array([0.]))","(array([0.]), array([0.]), array([0.]))","(array([0.]), array([0.]), array([0.]))","(array([0.]), array([0.]), array([0.]))","(array([0.]), array([0.]), array([0.]))","(array([0.]), array([0.]), array([0.]))","(array([0.]), array([0.]), array([0.]))","(array([0.]), array([0.]), array([0.]))","(array([0.]), array([0.]), array([0.]))","(array([0.]), array([0.]), array([0.]))"
(0.49999966245979577+0j),[-0.27066303],[1.],[0.96267415],[1.],"(array([0.]), array([0.]), array([0.]))","(array([0.]), array([0.]), array([0.]))","(array([0.]), array([0.]), array([0.]))","(array([0.]), array([0.]), array([0.]))","(array([0.]), array([0.]), array([0.]))","(array([0.]), array([0.]), array([0.]))","(array([0.]), array([0.]), array([0.]))","(array([0.]), array([0.]), array([0.]))","(array([0.]), array([0.]), array([0.]))","(array([0.]), array([0.]), array([0.]))","(array([0.]), array([0.]), array([0.]))"
(0.49999970096676194+0j),[-0.48896714],[1.],[0.87230221],[1.],"(array([0.]), array([0.]), array([0.]))","(array([0.]), array([0.]), array([0.]))","(array([0.]), array([0.]), array([0.]))","(array([0.]), array([0.]), array([0.]))","(array([0.]), array([0.]), array([0.]))","(array([0.]), array([0.]), array([0.]))","(array([0.]), array([0.]), array([0.]))","(array([0.]), array([0.]), array([0.]))","(array([0.]), array([0.]), array([0.]))","(array([0.]), array([0.]), array([0.]))","(array([0.]), array([0.]), array([0.]))"
(0.4999997358588506+0j),[-0.59979574],[1.],[0.80015316],[1.],"(array([0.]), array([0.]), array([0.]))","(array([0.]), array([0.]), array([0.]))","(array([0.]), array([0.]), array([0.]))","(array([0.]), array([0.]), array([0.]))","(array([0.]), array([0.]), array([0.]))","(array([0.]), array([0.]), array([0.]))","(array([0.]), array([0.]), array([0.]))","(array([0.]), array([0.]), array([0.]))","(array([0.]), array([0.]), array([0.]))","(array([0.]), array([0.]), array([0.]))","(array([0.]), array([0.]), array([0.]))"
(0.4999997678649766+0j),[-0.66726661],[1.],[0.74481895],[1.],"(array([0.]), array([0.]), array([0.]))","(array([0.]), array([0.]), array([0.]))","(array([0.]), array([0.]), array([0.]))","(array([0.]), array([0.]), array([0.]))","(array([0.]), array([0.]), array([0.]))","(array([0.]), array([0.]), array([0.]))","(array([0.]), array([0.]), array([0.]))","(array([0.]), array([0.]), array([0.]))","(array([0.]), array([0.]), array([0.]))","(array([0.]), array([0.]), array([0.]))","(array([0.]), array([0.]), array([0.]))"
(0.49999979765773434+0j),[-0.82176025],[1.],[0.56983339],[1.],"(array([0.]), array([0.]), array([0.]))","(array([0.]), array([0.]), array([0.]))","(array([0.]), array([0.]), array([0.]))","(array([0.]), array([0.]), array([0.]))","(array([0.]), array([0.]), array([0.]))","(array([0.]), array([0.]), array([0.]))","(array([0.]), array([0.]), array([0.]))","(array([0.]), array([0.]), array([0.]))","(array([0.]), array([0.]), array([0.]))","(array([0.]), array([0.]), array([0.]))","(array([0.]), array([0.]), array([0.]))"
(0.4999998204510702+0j),[-0.57828066],[1.],[0.8158379],[1.],"(array([0.]), array([0.]), array([0.]))","(array([0.]), array([0.]), array([0.]))","(array([0.]), array([0.]), array([0.]))","(array([0.]), array([0.]), array([0.]))","(array([0.]), array([0.]), array([0.]))","(array([0.]), array([0.]), array([0.]))","(array([0.]), array([0.]), array([0.]))","(array([0.]), array([0.]), array([0.]))","(array([0.]), array([0.]), array([0.]))","(array([0.]), array([0.]), array([0.]))","(array([0.]), array([0.]), array([0.]))"
(0.49999985308458567+0j),[-0.65622265],[1.],[0.75456732],[1.],"(array([0.]), array([0.]), array([0.]))","(array([0.]), array([0.]), array([0.]))","(array([0.]), array([0.]), array([0.]))","(array([0.]), array([0.]), array([0.]))","(array([0.]), array([0.]), array([0.]))","(array([0.]), array([0.]), array([0.]))","(array([0.]), array([0.]), array([0.]))","(array([0.]), array([0.]), array([0.]))","(array([0.]), array([0.]), array([0.]))","(array([0.]), array([0.]), array([0.]))","(array([0.]), array([0.]), array([0.]))"
(0.4999998832672781+0j),[-0.60519268],[1.],[0.79607903],[1.],"(array([0.]), array([0.]), array([0.]))","(array([0.]), array([0.]), array([0.]))","(array([0.]), array([0.]), array([0.]))","(array([0.]), array([0.]), array([0.]))","(array([0.]), array([0.]), array([0.]))","(array([0.]), array([0.]), array([0.]))","(array([0.]), array([0.]), array([0.]))","(array([0.]), array([0.]), array([0.]))","(array([0.]), array([0.]), array([0.]))","(array([0.]), array([0.]), array([0.]))","(array([0.]), array([0.]), array([0.]))"
(0.49999991511043923+0j),[-0.64553409],[1.],[0.76373146],[1.],"(array([0.]), array([0.]), array([0.]))","(array([0.]), array([0.]), array([0.]))","(array([0.]), array([0.]), array([0.]))","(array([0.]), array([0.]), array([0.]))","(array([0.]), array([0.]), array([0.]))","(array([0.]), array([0.]), array([0.]))","(array([0.]), array([0.]), array([0.]))","(array([0.]), array([0.]), array([0.]))","(array([0.]), array([0.]), array([0.]))","(array([0.]), array([0.]), array([0.]))","(array([0.]), array([0.]), array([0.]))"
(0.49999994565969785+0j),[-0.37558492],[1.],[0.92678799],[1.],"(array([0.]), array([0.]), array([0.]))","(array([0.]), array([0.]), array([0.]))","(array([0.]), array([0.]), array([0.]))","(array([0.]), array([0.]), array([0.]))","(array([0.]), array([0.]), array([0.]))","(array([0.]), array([0.]), array([0.]))","(array([0.]), array([0.]), array([0.]))","(array([0.]), array([0.]), array([0.]))","(array([0.]), array([0.]), array([0.]))","(array([0.]), array([0.]), array([0.]))","(array([0.]), array([0.]), array([0.]))"
(0.4999999827312173+0j),[-0.1206609],[1.],[0.99269378],[1.],"(array([0.]), array([0.]), array([0.]))","(array([0.]), array([0.]), array([0.]))","(array([0.]), array([0.]), array([0.]))","(array([0.]), array([0.]), array([0.]))","(array([0.]), array([0.]), array([0.]))","(array([0.]), array([0.]), array([0.]))","(array([0.]), array([0.]), array([0.]))","(array([0.]), array([0.]), array([0.]))","(array([0.]), array([0.]), array([0.]))","(array([0.]), array([0.]), array([0.]))","(array([0.]), array([0.]), array([0.]))"
(0.5000000224389685+0j),[0.00571488],[1.],[0.99998367],[1.],"(array([0.]), array([0.]), array([0.]))","(array([0.]), array([0.]), array([0.]))","(array([0.]), array([0.]), array([0.]))","(array([0.]), array([0.]), array([0.]))","(array([0.]), array([0.]), array([0.]))","(array([0.]), array([0.]), array([0.]))","(array([0.]), array([0.]), array([0.]))","(array([0.]), array([0.]), array([0.]))","(array([0.]), array([0.]), array([0.]))","(array([0.]), array([0.]), array([0.]))","(array([0.]), array([0.]), array([0.]))"
(0.500000062438315+0j),[-0.42139867],[1.],[0.90687549],[1.],"(array([0.]), array([0.]), array([0.]))","(array([0.]), array([0.]), array([0.]))","(array([0.]), array([0.]), array([0.]))","(array([0.]), array([0.]), array([0.]))","(array([0.]), array([0.]), array([0.]))","(array([0.]), array([0.]), array([0.]))","(array([0.]), array([0.]), array([0.]))","(array([0.]), array([0.]), array([0.]))","(array([0.]), array([0.]), array([0.]))","(array([0.]), array([0.]), array([0.]))","(array([0.]), array([0.]), array([0.]))"
(0.5000000987133346+0j),[-0.41193927],[1.],[0.9112113],[1.],"(array([0.]), array([0.]), array([0.]))","(array([0.]), array([0.]), array([0.]))","(array([0.]), array([0.]), array([0.]))","(array([0.]), array([0.]), array([0.]))","(array([0.]), array([0.]), array([0.]))","(array([0.]), array([0.]), array([0.]))","(array([0.]), array([0.]), array([0.]))","(array([0.]), array([0.]), array([0.]))","(array([0.]), array([0.]), array([0.]))","(array([0.]), array([0.]), array([0.]))","(array([0.]), array([0.]), array([0.]))"
(0.5000001351617869+0j),[-0.28388562],[1.],[0.95885815],[1.],"(array([0.]), array([0.]), array([0.]))","(array([0.]), array([0.]), array([0.]))","(array([0.]), array([0.]), array([0.]))","(array([0.]), array([0.]), array([0.]))","(array([0.]), array([0.]), array([0.]))","(array([0.]), array([0.]), array([0.]))","(array([0.]), array([0.]), array([0.]))","(array([0.]), array([0.]), array([0.]))","(array([0.]), array([0.]), array([0.]))","(array([0.]), array([0.]), array([0.]))","(array([0.]), array([0.]), array([0.]))"
(0.5000001735161133+0j),[-0.08694182],[1.],[0.99621339],[1.],"(array([0.]), array([0.]), array([0.]))","(array([0.]), array([0.]), array([0.]))","(array([0.]), array([0.]), array([0.]))","(array([0.]), array([0.]), array([0.]))","(array([0.]), array([0.]), array([0.]))","(array([0.]), array([0.]), array([0.]))","(array([0.]), array([0.]), array([0.]))","(array([0.]), array([0.]), array([0.]))","(array([0.]), array([0.]), array([0.]))","(array([0.]), array([0.]), array([0.]))","(array([0.]), array([0.]), array([0.]))"
(0.5000002133646486+0j),[-0.20907908],[1.],[0.97789874],[1.],"(array([0.]), array([0.]), array([0.]))","(array([0.]), array([0.]), array([0.]))","(array([0.]), array([0.]), array([0.]))","(array([0.]), array([0.]), array([0.]))","(array([0.]), array([0.]), array([0.]))","(array([0.]), array([0.]), array([0.]))","(array([0.]), array([0.]), array([0.]))","(array([0.]), array([0.]), array([0.]))","(array([0.]), array([0.]), array([0.]))","(array([0.]), array([0.]), array([0.]))","(array([0.]), array([0.]), array([0.]))"
(0.5000002524805981+0j),[0.15316388],[1.],[0.9882008],[1.],"(array([0.]), array([0.]), array([0.]))","(array([0.]), array([0.]), array([0.]))","(array([0.]), array([0.]), array([0.]))","(array([0.]), array([0.]), array([0.]))","(array([0.]), array([0.]), array([0.]))","(array([0.]), array([0.]), array([0.]))","(array([0.]), array([0.]), array([0.]))","(array([0.]), array([0.]), array([0.]))","(array([0.]), array([0.]), array([0.]))","(array([0.]), array([0.]), array([0.]))","(array([0.]), array([0.]), array([0.]))"
(0.5000002920086305+0j),[-0.11009343],[1.],[0.99392124],[1.],"(array([0.]), array([0.]), array([0.]))","(array([0.]), array([0.]), array([0.]))","(array([0.]), array([0.]), array([0.]))","(array([0.]), array([0.]), array([0.]))","(array([0.]), array([0.]), array([0.]))","(array([0.]), array([0.]), array([0.]))","(array([0.]), array([0.]), array([0.]))","(array([0.]), array([0.]), array([0.]))","(array([0.]), array([0.]), array([0.]))","(array([0.]), array([0.]), array([0.]))","(array([0.]), array([0.]), array([0.]))"
(0.50000033176548+0j),[-0.24024929],[1.],[0.97071122],[1.],"(array([0.]), array([0.]), array([0.]))","(array([0.]), array([0.]), array([0.]))","(array([0.]), array([0.]), array([0.]))","(array([0.]), array([0.]), array([0.]))","(array([0.]), array([0.]), array([0.]))","(array([0.]), array([0.]), array([0.]))","(array([0.]), array([0.]), array([0.]))","(array([0.]), array([0.]), array([0.]))","(array([0.]), array([0.]), array([0.]))","(array([0.]), array([0.]), array([0.]))","(array([0.]), array([0.]), array([0.]))"
(0.5000003705939285+0j),[-0.055584],[1.],[0.99845401],[1.],"(array([0.]), array([0.]), array([0.]))","(array([0.]), array([0.]), array([0.]))","(array([0.]), array([0.]), array([0.]))","(array([0.]), array([0.]), array([0.]))","(array([0.]), array([0.]), array([0.]))","(array([0.]), array([0.]), array([0.]))","(array([0.]), array([0.]), array([0.]))","(array([0.]), array([0.]), array([0.]))","(array([0.]), array([0.]), array([0.]))","(array([0.]), array([0.]), array([0.]))","(array([0.]), array([0.]), array([0.]))"
(0.5000004105320892+0j),[-0.04578572],[1.],[0.99895128],[1.],"(array([0.]), array([0.]), array([0.]))","(array([0.]), array([0.]), array([0.]))","(array([0.]), array([0.]), array([0.]))","(array([0.]), array([0.]), array([0.]))","(array([0.]), array([0.]), array([0.]))","(array([0.]), array([0.]), array([0.]))","(array([0.]), array([0.]), array([0.]))","(array([0.]), array([0.]), array([0.]))","(array([0.]), array([0.]), array([0.]))","(array([0.]), array([0.]), array([0.]))","(array([0.]), array([0.]), array([0.]))"
(0.5000004504901402+0j),[0.34728728],[1.],[0.93775879],[1.],"(array([0.]), array([0.]), array([0.]))","(array([0.]), array([0.]), array([0.]))","(array([0.]), array([0.]), array([0.]))","(array([0.]), array([0.]), array([0.]))","(array([0.]), array([0.]), array([0.]))","(array([0.]), array([0.]), array([0.]))","(array([0.]), array([0.]), array([0.]))","(array([0.]), array([0.]), array([0.]))","(array([0.]), array([0.]), array([0.]))","(array([0.]), array([0.]), array([0.]))","(array([0.]), array([0.]), array([0.]))"
(0.5000004880004918+0j),[0.38238919],[1.],[0.92400136],[1.],"(array([0.]), array([0.]), array([0.]))","(array([0.]), array([0.]), array([0.]))","(array([0.]), array([0.]), array([0.]))","(array([0.]), array([0.]), array([0.]))","(array([0.]), array([0.]), array([0.]))","(array([0.]), array([0.]), array([0.]))","(array([0.]), array([0.]), array([0.]))","(array([0.]), array([0.]), array([0.]))","(array([0.]), array([0.]), array([0.]))","(array([0.]), array([0.]), array([0.]))","(array([0.]), array([0.]), array([0.]))"
(0.5000005249605457+0j),[0.2626251],[1.],[0.96489795],[1.],"(array([0.]), array([0.]), array([0.]))","(array([0.]), array([0.]), array([0.]))","(array([0.]), array([0.]), array([0.]))","(array([0.]), array([0.]), array([0.]))","(array([0.]), array([0.]), array([0.]))","(array([0.]), array([0.]), array([0.]))","(array([0.]), array([0.]), array([0.]))","(array([0.]), array([0.]), array([0.]))","(array([0.]), array([0.]), array([0.]))","(array([0.]), array([0.]), array([0.]))","(array([0.]), array([0.]), array([0.]))"
(0.500000563556464+0j),[0.18908387],[1.],[0.98196094],[1.],"(array([0.]), array([0.]), array([0.]))","(array([0.]), array([0.]), array([0.]))","(array([0.]), array([0.]), array([0.]))","(array([0.]), array([0.]), array([0.]))","(array([0.]), array([0.]), array([0.]))","(array([0.]), array([0.]), array([0.]))","(array([0.]), array([0.]), array([0.]))","(array([0.]), array([0.]), array([0.]))","(array([0.]), array([0.]), array([0.]))","(array([0.]), array([0.]), array([0.]))","(array([0.]), array([0.]), array([0.]))"
(0.5000006028349019+0j),[-0.02799646],[1.],[0.99960802],[1.],"(array([0.]), array([0.]), array([0.]))","(array([0.]), array([0.]), array([0.]))","(array([0.]), array([0.]), array([0.]))","(array([0.]), array([0.]), array([0.]))","(array([0.]), array([0.]), array([0.]))","(array([0.]), array([0.]), array([0.]))","(array([0.]), array([0.]), array([0.]))","(array([0.]), array([0.]), array([0.]))","(array([0.]), array([0.]), array([0.]))","(array([0.]), array([0.]), array([0.]))","(array([0.]), array([0.]), array([0.]))"
(0.5000006428192225+0j),[-0.27975236],[1.],[0.96007219],[1.],"(array([0.]), array([0.]), array([0.]))","(array([0.]), array([0.]), array([0.]))","(array([0.]), array([0.]), array([0.]))","(array([0.]), array([0.]), array([0.]))","(array([0.]), array([0.]), array([0.]))","(array([0.]), array([0.]), array([0.]))","(array([0.]), array([0.]), array([0.]))","(array([0.]), array([0.]), array([0.]))","(array([0.]), array([0.]), array([0.]))","(array([0.]), array([0.]), array([0.]))","(array([0.]), array([0.]), array([0.]))"
(0.5000006812221102+0j),[-0.15680407],[1.],[0.98762973],[1.],"(array([0.]), array([0.]), array([0.]))","(array([0.]), array([0.]), array([0.]))","(array([0.]), array([0.]), array([0.]))","(array([0.]), array([0.]), array([0.]))","(array([0.]), array([0.]), array([0.]))","(array([0.]), array([0.]), array([0.]))","(array([0.]), array([0.]), array([0.]))","(array([0.]), array([0.]), array([0.]))","(array([0.]), array([0.]), array([0.]))","(array([0.]), array([0.]), array([0.]))","(array([0.]), array([0.]), array([0.]))"
(0.5000007207272994+0j),[-0.04120902],[1.],[0.99915055],[1.],"(array([0.]), array([0.]), array([0.]))","(array([0.]), array([0.]), array([0.]))","(array([0.]), array([0.]), array([0.]))","(array([0.]), array([0.]), array([0.]))","(array([0.]), array([0.]), array([0.]))","(array([0.]), array([0.]), array([0.]))","(array([0.]), array([0.]), array([0.]))","(array([0.]), array([0.]), array([0.]))","(array([0.]), array([0.]), array([0.]))","(array([0.]), array([0.]), array([0.]))","(array([0.]), array([0.]), array([0.]))"
(0.5000007606933213+0j),[0.21597576],[1.],[0.97639872],[1.],"(array([0.]), array([0.]), array([0.]))","(array([0.]), array([0.]), array([0.]))","(array([0.]), array([0.]), array([0.]))","(array([0.]), array([0.]), array([0.]))","(array([0.]), array([0.]), array([0.]))","(array([0.]), array([0.]), array([0.]))","(array([0.]), array([0.]), array([0.]))","(array([0.]), array([0.]), array([0.]))","(array([0.]), array([0.]), array([0.]))","(array([0.]), array([0.]), array([0.]))","(array([0.]), array([0.]), array([0.]))"
(0.5000007997492704+0j),[0.06672031],[1.],[0.99777172],[1.],"(array([0.]), array([0.]), array([0.]))","(array([0.]), array([0.]), array([0.]))","(array([0.]), array([0.]), array([0.]))","(array([0.]), array([0.]), array([0.]))","(array([0.]), array([0.]), array([0.]))","(array([0.]), array([0.]), array([0.]))","(array([0.]), array([0.]), array([0.]))","(array([0.]), array([0.]), array([0.]))","(array([0.]), array([0.]), array([0.]))","(array([0.]), array([0.]), array([0.]))","(array([0.]), array([0.]), array([0.]))"
(0.5000008396601388+0j),[0.39364318],[1.],[0.91926332],[1.],"(array([0.]), array([0.]), array([0.]))","(array([0.]), array([0.]), array([0.]))","(array([0.]), array([0.]), array([0.]))","(array([0.]), array([0.]), array([0.]))","(array([0.]), array([0.]), array([0.]))","(array([0.]), array([0.]), array([0.]))","(array([0.]), array([0.]), array([0.]))","(array([0.]), array([0.]), array([0.]))","(array([0.]), array([0.]), array([0.]))","(array([0.]), array([0.]), array([0.]))","(array([0.]), array([0.]), array([0.]))"
(0.5000008764306716+0j),[0.34018522],[1.],[0.94035845],[1.],"(array([0.]), array([0.]), array([0.]))","(array([0.]), array([0.]), array([0.]))","(array([0.]), array([0.]), array([0.]))","(array([0.]), array([0.]), array([0.]))","(array([0.]), array([0.]), array([0.]))","(array([0.]), array([0.]), array([0.]))","(array([0.]), array([0.]), array([0.]))","(array([0.]), array([0.]), array([0.]))","(array([0.]), array([0.]), array([0.]))","(array([0.]), array([0.]), array([0.]))","(array([0.]), array([0.]), array([0.]))"
(0.5000009140450097+0j),[0.61469207],[1.],[0.78876718],[1.],"(array([0.]), array([0.]), array([0.]))","(array([0.]), array([0.]), array([0.]))","(array([0.]), array([0.]), array([0.]))","(array([0.]), array([0.]), array([0.]))","(array([0.]), array([0.]), array([0.]))","(array([0.]), array([0.]), array([0.]))","(array([0.]), array([0.]), array([0.]))","(array([0.]), array([0.]), array([0.]))","(array([0.]), array([0.]), array([0.]))","(array([0.]), array([0.]), array([0.]))","(array([0.]), array([0.]), array([0.]))"
(0.500000945595697+0j),[0.54420259],[1.],[0.83895383],[1.],"(array([0.]), array([0.]), array([0.]))","(array([0.]), array([0.]), array([0.]))","(array([0.]), array([0.]), array([0.]))","(array([0.]), array([0.]), array([0.]))","(array([0.]), array([0.]), array([0.]))","(array([0.]), array([0.]), array([0.]))","(array([0.]), array([0.]), array([0.]))","(array([0.]), array([0.]), array([0.]))","(array([0.]), array([0.]), array([0.]))","(array([0.]), array([0.]), array([0.]))","(array([0.]), array([0.]), array([0.]))"
(0.5000009791538506+0j),[0.41536288],[1.],[0.9096558],[1.],"(array([0.]), array([0.]), array([0.]))","(array([0.]), array([0.]), array([0.]))","(array([0.]), array([0.]), array([0.]))","(array([0.]), array([0.]), array([0.]))","(array([0.]), array([0.]), array([0.]))","(array([0.]), array([0.]), array([0.]))","(array([0.]), array([0.]), array([0.]))","(array([0.]), array([0.]), array([0.]))","(array([0.]), array([0.]), array([0.]))","(array([0.]), array([0.]), array([0.]))","(array([0.]), array([0.]), array([0.]))"
(0.5000010155400831+0j),[0.46026952],[1.],[0.88777924],[1.],"(array([0.]), array([0.]), array([0.]))","(array([0.]), array([0.]), array([0.]))","(array([0.]), array([0.]), array([0.]))","(array([0.]), array([0.]), array([0.]))","(array([0.]), array([0.]), array([0.]))","(array([0.]), array([0.]), array([0.]))","(array([0.]), array([0.]), array([0.]))","(array([0.]), array([0.]), array([0.]))","(array([0.]), array([0.]), array([0.]))","(array([0.]), array([0.]), array([0.]))","(array([0.]), array([0.]), array([0.]))"
(0.5000010510512528+0j),[0.63235496],[1.],[0.77467877],[1.],"(array([0.]), array([0.]), array([0.]))","(array([0.]), array([0.]), array([0.]))","(array([0.]), array([0.]), array([0.]))","(array([0.]), array([0.]), array([0.]))","(array([0.]), array([0.]), array([0.]))","(array([0.]), array([0.]), array([0.]))","(array([0.]), array([0.]), array([0.]))","(array([0.]), array([0.]), array([0.]))","(array([0.]), array([0.]), array([0.]))","(array([0.]), array([0.]), array([0.]))","(array([0.]), array([0.]), array([0.]))"
(0.5000010820384034+0j),[0.65696896],[1.],[0.75391763],[1.],"(array([0.]), array([0.]), array([0.]))","(array([0.]), array([0.]), array([0.]))","(array([0.]), array([0.]), array([0.]))","(array([0.]), array([0.]), array([0.]))","(array([0.]), array([0.]), array([0.]))","(array([0.]), array([0.]), array([0.]))","(array([0.]), array([0.]), array([0.]))","(array([0.]), array([0.]), array([0.]))","(array([0.]), array([0.]), array([0.]))","(array([0.]), array([0.]), array([0.]))","(array([0.]), array([0.]), array([0.]))"
(0.500001112195109+0j),[0.5643829],[1.],[0.82551314],[1.],"(array([0.]), array([0.]), array([0.]))","(array([0.]), array([0.]), array([0.]))","(array([0.]), array([0.]), array([0.]))","(array([0.]), array([0.]), array([0.]))","(array([0.]), array([0.]), array([0.]))","(array([0.]), array([0.]), array([0.]))","(array([0.]), array([0.]), array([0.]))","(array([0.]), array([0.]), array([0.]))","(array([0.]), array([0.]), array([0.]))","(array([0.]), array([0.]), array([0.]))","(array([0.]), array([0.]), array([0.]))"
(0.5000011452156339+0j),[0.32540649],[1.],[0.94557422],[1.],"(array([0.]), array([0.]), array([0.]))","(array([0.]), array([0.]), array([0.]))","(array([0.]), array([0.]), array([0.]))","(array([0.]), array([0.]), array([0.]))","(array([0.]), array([0.]), array([0.]))","(array([0.]), array([0.]), array([0.]))","(array([0.]), array([0.]), array([0.]))","(array([0.]), array([0.]), array([0.]))","(array([0.]), array([0.]), array([0.]))","(array([0.]), array([0.]), array([0.]))","(array([0.]), array([0.]), array([0.]))"
(0.500001183038603+0j),[0.05111526],[1.],[0.99869276],[1.],"(array([0.]), array([0.]), array([0.]))","(array([0.]), array([0.]), array([0.]))","(array([0.]), array([0.]), array([0.]))","(array([0.]), array([0.]), array([0.]))","(array([0.]), array([0.]), array([0.]))","(array([0.]), array([0.]), array([0.]))","(array([0.]), array([0.]), array([0.]))","(array([0.]), array([0.]), array([0.]))","(array([0.]), array([0.]), array([0.]))","(array([0.]), array([0.]), array([0.]))","(array([0.]), array([0.]), array([0.]))"
(0.5000012229863134+0j),[0.15109324],[1.],[0.98851952],[1.],"(array([0.]), array([0.]), array([0.]))","(array([0.]), array([0.]), array([0.]))","(array([0.]), array([0.]), array([0.]))","(array([0.]), array([0.]), array([0.]))","(array([0.]), array([0.]), array([0.]))","(array([0.]), array([0.]), array([0.]))","(array([0.]), array([0.]), array([0.]))","(array([0.]), array([0.]), array([0.]))","(array([0.]), array([0.]), array([0.]))","(array([0.]), array([0.]), array([0.]))","(array([0.]), array([0.]), array([0.]))"
(0.5000012625270942+0j),[0.34253774],[1.],[0.93950407],[1.],"(array([0.]), array([0.]), array([0.]))","(array([0.]), array([0.]), array([0.]))","(array([0.]), array([0.]), array([0.]))","(array([0.]), array([0.]), array([0.]))","(array([0.]), array([0.]), array([0.]))","(array([0.]), array([0.]), array([0.]))","(array([0.]), array([0.]), array([0.]))","(array([0.]), array([0.]), array([0.]))","(array([0.]), array([0.]), array([0.]))","(array([0.]), array([0.]), array([0.]))","(array([0.]), array([0.]), array([0.]))"
(0.500001300107257+0j),[0.3114873],[1.],[0.95025031],[1.],"(array([0.]), array([0.]), array([0.]))","(array([0.]), array([0.]), array([0.]))","(array([0.]), array([0.]), array([0.]))","(array([0.]), array([0.]), array([0.]))","(array([0.]), array([0.]), array([0.]))","(array([0.]), array([0.]), array([0.]))","(array([0.]), array([0.]), array([0.]))","(array([0.]), array([0.]), array([0.]))","(array([0.]), array([0.]), array([0.]))","(array([0.]), array([0.]), array([0.]))","(array([0.]), array([0.]), array([0.]))"
(0.5000013381172695+0j),[0.10170865],[1.],[0.99481423],[1.],"(array([0.]), array([0.]), array([0.]))","(array([0.]), array([0.]), array([0.]))","(array([0.]), array([0.]), array([0.]))","(array([0.]), array([0.]), array([0.]))","(array([0.]), array([0.]), array([0.]))","(array([0.]), array([0.]), array([0.]))","(array([0.]), array([0.]), array([0.]))","(array([0.]), array([0.]), array([0.]))","(array([0.]), array([0.]), array([0.]))","(array([0.]), array([0.]), array([0.]))","(array([0.]), array([0.]), array([0.]))"
(0.5000013779098388+0j),[0.27298378],[1.],[0.96201863],[1.],"(array([0.]), array([0.]), array([0.]))","(array([0.]), array([0.]), array([0.]))","(array([0.]), array([0.]), array([0.]))","(array([0.]), array([0.]), array([0.]))","(array([0.]), array([0.]), array([0.]))","(array([0.]), array([0.]), array([0.]))","(array([0.]), array([0.]), array([0.]))","(array([0.]), array([0.]), array([0.]))","(array([0.]), array([0.]), array([0.]))","(array([0.]), array([0.]), array([0.]))","(array([0.]), array([0.]), array([0.]))"
(0.5000014163905843+0j),[0.02041305],[1.],[0.99979163],[1.],"(array([0.]), array([0.]), array([0.]))","(array([0.]), array([0.]), array([0.]))","(array([0.]), array([0.]), array([0.]))","(array([0.]), array([0.]), array([0.]))","(array([0.]), array([0.]), array([0.]))","(array([0.]), array([0.]), array([0.]))","(array([0.]), array([0.]), array([0.]))","(array([0.]), array([0.]), array([0.]))","(array([0.]), array([0.]), array([0.]))","(array([0.]), array([0.]), array([0.]))","(array([0.]), array([0.]), array([0.]))"
(0.5000014563822498+0j),[-0.12189525],[1.],[0.99254297],[1.],"(array([0.]), array([0.]), array([0.]))","(array([0.]), array([0.]), array([0.]))","(array([0.]), array([0.]), array([0.]))","(array([0.]), array([0.]), array([0.]))","(array([0.]), array([0.]), array([0.]))","(array([0.]), array([0.]), array([0.]))","(array([0.]), array([0.]), array([0.]))","(array([0.]), array([0.]), array([0.]))","(array([0.]), array([0.]), array([0.]))","(array([0.]), array([0.]), array([0.]))","(array([0.]), array([0.]), array([0.]))"
(0.5000014960839683+0j),[0.00200442],[1.],[0.99999799],[1.],"(array([0.]), array([0.]), array([0.]))","(array([0.]), array([0.]), array([0.]))","(array([0.]), array([0.]), array([0.]))","(array([0.]), array([0.]), array([0.]))","(array([0.]), array([0.]), array([0.]))","(array([0.]), array([0.]), array([0.]))","(array([0.]), array([0.]), array([0.]))","(array([0.]), array([0.]), array([0.]))","(array([0.]), array([0.]), array([0.]))","(array([0.]), array([0.]), array([0.]))","(array([0.]), array([0.]), array([0.]))"
(0.5000015360838876+0j),[-0.43318523],[1.],[0.90130492],[1.],"(array([0.]), array([0.]), array([0.]))","(array([0.]), array([0.]), array([0.]))","(array([0.]), array([0.]), array([0.]))","(array([0.]), array([0.]), array([0.]))","(array([0.]), array([0.]), array([0.]))","(array([0.]), array([0.]), array([0.]))","(array([0.]), array([0.]), array([0.]))","(array([0.]), array([0.]), array([0.]))","(array([0.]), array([0.]), array([0.]))","(array([0.]), array([0.]), array([0.]))","(array([0.]), array([0.]), array([0.]))"
(0.5000015721360843+0j),[-0.36231448],[1.],[0.93205591],[1.],"(array([0.]), array([0.]), array([0.]))","(array([0.]), array([0.]), array([0.]))","(array([0.]), array([0.]), array([0.]))","(array([0.]), array([0.]), array([0.]))","(array([0.]), array([0.]), array([0.]))","(array([0.]), array([0.]), array([0.]))","(array([0.]), array([0.]), array([0.]))","(array([0.]), array([0.]), array([0.]))","(array([0.]), array([0.]), array([0.]))","(array([0.]), array([0.]), array([0.]))","(array([0.]), array([0.]), array([0.]))"
(0.5000016094183206+0j),[-0.46804576],[1.],[0.88370423],[1.],"(array([0.]), array([0.]), array([0.]))","(array([0.]), array([0.]), array([0.]))","(array([0.]), array([0.]), array([0.]))","(array([0.]), array([0.]), array([0.]))","(array([0.]), array([0.]), array([0.]))","(array([0.]), array([0.]), array([0.]))","(array([0.]), array([0.]), array([0.]))","(array([0.]), array([0.]), array([0.]))","(array([0.]), array([0.]), array([0.]))","(array([0.]), array([0.]), array([0.]))","(array([0.]), array([0.]), array([0.]))"
(0.5000016447664899+0j),[-0.44862133],[1.],[0.89372194],[1.],"(array([0.]), array([0.]), array([0.]))","(array([0.]), array([0.]), array([0.]))","(array([0.]), array([0.]), array([0.]))","(array([0.]), array([0.]), array([0.]))","(array([0.]), array([0.]), array([0.]))","(array([0.]), array([0.]), array([0.]))","(array([0.]), array([0.]), array([0.]))","(array([0.]), array([0.]), array([0.]))","(array([0.]), array([0.]), array([0.]))","(array([0.]), array([0.]), array([0.]))","(array([0.]), array([0.]), array([0.]))"
(0.5000016805153675+0j),[-0.46210061],[1.],[0.8868275],[1.],"(array([0.]), array([0.]), array([0.]))","(array([0.]), array([0.]), array([0.]))","(array([0.]), array([0.]), array([0.]))","(array([0.]), array([0.]), array([0.]))","(array([0.]), array([0.]), array([0.]))","(array([0.]), array([0.]), array([0.]))","(array([0.]), array([0.]), array([0.]))","(array([0.]), array([0.]), array([0.]))","(array([0.]), array([0.]), array([0.]))","(array([0.]), array([0.]), array([0.]))","(array([0.]), array([0.]), array([0.]))"
(0.5000017159884677+0j),[-0.42588477],[1.],[0.90477741],[1.],"(array([0.]), array([0.]), array([0.]))","(array([0.]), array([0.]), array([0.]))","(array([0.]), array([0.]), array([0.]))","(array([0.]), array([0.]), array([0.]))","(array([0.]), array([0.]), array([0.]))","(array([0.]), array([0.]), array([0.]))","(array([0.]), array([0.]), array([0.]))","(array([0.]), array([0.]), array([0.]))","(array([0.]), array([0.]), array([0.]))","(array([0.]), array([0.]), array([0.]))","(array([0.]), array([0.]), array([0.]))"
(0.5000017521795641+0j),[-0.29657582],[1.],[0.95500931],[1.],"(array([0.]), array([0.]), array([0.]))","(array([0.]), array([0.]), array([0.]))","(array([0.]), array([0.]), array([0.]))","(array([0.]), array([0.]), array([0.]))","(array([0.]), array([0.]), array([0.]))","(array([0.]), array([0.]), array([0.]))","(array([0.]), array([0.]), array([0.]))","(array([0.]), array([0.]), array([0.]))","(array([0.]), array([0.]), array([0.]))","(array([0.]), array([0.]), array([0.]))","(array([0.]), array([0.]), array([0.]))"
(0.5000017903799366+0j),[-0.43746629],[1.],[0.89923481],[1.],"(array([0.]), array([0.]), array([0.]))","(array([0.]), array([0.]), array([0.]))","(array([0.]), array([0.]), array([0.]))","(array([0.]), array([0.]), array([0.]))","(array([0.]), array([0.]), array([0.]))","(array([0.]), array([0.]), array([0.]))","(array([0.]), array([0.]), array([0.]))","(array([0.]), array([0.]), array([0.]))","(array([0.]), array([0.]), array([0.]))","(array([0.]), array([0.]), array([0.]))","(array([0.]), array([0.]), array([0.]))"
(0.5000018263493291+0j),[-0.16778532],[1.],[0.98582356],[1.],"(array([0.]), array([0.]), array([0.]))","(array([0.]), array([0.]), array([0.]))","(array([0.]), array([0.]), array([0.]))","(array([0.]), array([0.]), array([0.]))","(array([0.]), array([0.]), array([0.]))","(array([0.]), array([0.]), array([0.]))","(array([0.]), array([0.]), array([0.]))","(array([0.]), array([0.]), array([0.]))","(array([0.]), array([0.]), array([0.]))","(array([0.]), array([0.]), array([0.]))","(array([0.]), array([0.]), array([0.]))"
(0.5000018657822715+0j),[-0.02336182],[1.],[0.99972708],[1.],"(array([0.]), array([0.]), array([0.]))","(array([0.]), array([0.]), array([0.]))","(array([0.]), array([0.]), array([0.]))","(array([0.]), array([0.]), array([0.]))","(array([0.]), array([0.]), array([0.]))","(array([0.]), array([0.]), array([0.]))","(array([0.]), array([0.]), array([0.]))","(array([0.]), array([0.]), array([0.]))","(array([0.]), array([0.]), array([0.]))","(array([0.]), array([0.]), array([0.]))","(array([0.]), array([0.]), array([0.]))"
(0.5000019057713544+0j),[0.14487099],[1.],[0.98945055],[1.],"(array([0.]), array([0.]), array([0.]))","(array([0.]), array([0.]), array([0.]))","(array([0.]), array([0.]), array([0.]))","(array([0.]), array([0.]), array([0.]))","(array([0.]), array([0.]), array([0.]))","(array([0.]), array([0.]), array([0.]))","(array([0.]), array([0.]), array([0.]))","(array([0.]), array([0.]), array([0.]))","(array([0.]), array([0.]), array([0.]))","(array([0.]), array([0.]), array([0.]))","(array([0.]), array([0.]), array([0.]))"
(0.5000019453493765+0j),[0.36939267],[1.],[0.9292734],[1.],"(array([0.]), array([0.]), array([0.]))","(array([0.]), array([0.]), array([0.]))","(array([0.]), array([0.]), array([0.]))","(array([0.]), array([0.]), array([0.]))","(array([0.]), array([0.]), array([0.]))","(array([0.]), array([0.]), array([0.]))","(array([0.]), array([0.]), array([0.]))","(array([0.]), array([0.]), array([0.]))","(array([0.]), array([0.]), array([0.]))","(array([0.]), array([0.]), array([0.]))","(array([0.]), array([0.]), array([0.]))"
(0.5000019825203128+0j),[0.51059188],[1.],[0.8598232],[1.],"(array([0.]), array([0.]), array([0.]))","(array([0.]), array([0.]), array([0.]))","(array([0.]), array([0.]), array([0.]))","(array([0.]), array([0.]), array([0.]))","(array([0.]), array([0.]), array([0.]))","(array([0.]), array([0.]), array([0.]))","(array([0.]), array([0.]), array([0.]))","(array([0.]), array([0.]), array([0.]))","(array([0.]), array([0.]), array([0.]))","(array([0.]), array([0.]), array([0.]))","(array([0.]), array([0.]), array([0.]))"
(0.5000020169132409+0j),[0.64779676],[1.],[0.76181321],[1.],"(array([0.]), array([0.]), array([0.]))","(array([0.]), array([0.]), array([0.]))","(array([0.]), array([0.]), array([0.]))","(array([0.]), array([0.]), array([0.]))","(array([0.]), array([0.]), array([0.]))","(array([0.]), array([0.]), array([0.]))","(array([0.]), array([0.]), array([0.]))","(array([0.]), array([0.]), array([0.]))","(array([0.]), array([0.]), array([0.]))","(array([0.]), array([0.]), array([0.]))","(array([0.]), array([0.]), array([0.]))"
(0.5000020473857689+0j),[0.65923993],[1.],[0.75193266],[1.],"(array([0.]), array([0.]), array([0.]))","(array([0.]), array([0.]), array([0.]))","(array([0.]), array([0.]), array([0.]))","(array([0.]), array([0.]), array([0.]))","(array([0.]), array([0.]), array([0.]))","(array([0.]), array([0.]), array([0.]))","(array([0.]), array([0.]), array([0.]))","(array([0.]), array([0.]), array([0.]))","(array([0.]), array([0.]), array([0.]))","(array([0.]), array([0.]), array([0.]))","(array([0.]), array([0.]), array([0.]))"
(0.5000020774630751+0j),[0.42091402],[1.],[0.90710054],[1.],"(array([0.]), array([0.]), array([0.]))","(array([0.]), array([0.]), array([0.]))","(array([0.]), array([0.]), array([0.]))","(array([0.]), array([0.]), array([0.]))","(array([0.]), array([0.]), array([0.]))","(array([0.]), array([0.]), array([0.]))","(array([0.]), array([0.]), array([0.]))","(array([0.]), array([0.]), array([0.]))","(array([0.]), array([0.]), array([0.]))","(array([0.]), array([0.]), array([0.]))","(array([0.]), array([0.]), array([0.]))"
(0.5000021137470969+0j),[0.39626359],[1.],[0.91813679],[1.],"(array([0.]), array([0.]), array([0.]))","(array([0.]), array([0.]), array([0.]))","(array([0.]), array([0.]), array([0.]))","(array([0.]), array([0.]), array([0.]))","(array([0.]), array([0.]), array([0.]))","(array([0.]), array([0.]), array([0.]))","(array([0.]), array([0.]), array([0.]))","(array([0.]), array([0.]), array([0.]))","(array([0.]), array([0.]), array([0.]))","(array([0.]), array([0.]), array([0.]))","(array([0.]), array([0.]), array([0.]))"
(0.5000021504725684+0j),[0.25083309],[1.],[0.96803035],[1.],"(array([0.]), array([0.]), array([0.]))","(array([0.]), array([0.]), array([0.]))","(array([0.]), array([0.]), array([0.]))","(array([0.]), array([0.]), array([0.]))","(array([0.]), array([0.]), array([0.]))","(array([0.]), array([0.]), array([0.]))","(array([0.]), array([0.]), array([0.]))","(array([0.]), array([0.]), array([0.]))","(array([0.]), array([0.]), array([0.]))","(array([0.]), array([0.]), array([0.]))","(array([0.]), array([0.]), array([0.]))"
(0.5000021891937818+0j),[-0.03100262],[1.],[0.9995193],[1.],"(array([0.]), array([0.]), array([0.]))","(array([0.]), array([0.]), array([0.]))","(array([0.]), array([0.]), array([0.]))","(array([0.]), array([0.]), array([0.]))","(array([0.]), array([0.]), array([0.]))","(array([0.]), array([0.]), array([0.]))","(array([0.]), array([0.]), array([0.]))","(array([0.]), array([0.]), array([0.]))","(array([0.]), array([0.]), array([0.]))","(array([0.]), array([0.]), array([0.]))","(array([0.]), array([0.]), array([0.]))"
(0.5000022291745538+0j),[0.0206815],[1.],[0.99978611],[1.],"(array([0.]), array([0.]), array([0.]))","(array([0.]), array([0.]), array([0.]))","(array([0.]), array([0.]), array([0.]))","(array([0.]), array([0.]), array([0.]))","(array([0.]), array([0.]), array([0.]))","(array([0.]), array([0.]), array([0.]))","(array([0.]), array([0.]), array([0.]))","(array([0.]), array([0.]), array([0.]))","(array([0.]), array([0.]), array([0.]))","(array([0.]), array([0.]), array([0.]))","(array([0.]), array([0.]), array([0.]))"
(0.500002269165999+0j),[-0.0928928],[1.],[0.99567612],[1.],"(array([0.]), array([0.]), array([0.]))","(array([0.]), array([0.]), array([0.]))","(array([0.]), array([0.]), array([0.]))","(array([0.]), array([0.]), array([0.]))","(array([0.]), array([0.]), array([0.]))","(array([0.]), array([0.]), array([0.]))","(array([0.]), array([0.]), array([0.]))","(array([0.]), array([0.]), array([0.]))","(array([0.]), array([0.]), array([0.]))","(array([0.]), array([0.]), array([0.]))","(array([0.]), array([0.]), array([0.]))"
(0.5000023089930438+0j),[-0.29455307],[1.],[0.95563512],[1.],"(array([0.]), array([0.]), array([0.]))","(array([0.]), array([0.]), array([0.]))","(array([0.]), array([0.]), array([0.]))","(array([0.]), array([0.]), array([0.]))","(array([0.]), array([0.]), array([0.]))","(array([0.]), array([0.]), array([0.]))","(array([0.]), array([0.]), array([0.]))","(array([0.]), array([0.]), array([0.]))","(array([0.]), array([0.]), array([0.]))","(array([0.]), array([0.]), array([0.]))","(array([0.]), array([0.]), array([0.]))"
(0.5000023472184486+0j),[-0.48607079],[1.],[0.87391944],[1.],"(array([0.]), array([0.]), array([0.]))","(array([0.]), array([0.]), array([0.]))","(array([0.]), array([0.]), array([0.]))","(array([0.]), array([0.]), array([0.]))","(array([0.]), array([0.]), array([0.]))","(array([0.]), array([0.]), array([0.]))","(array([0.]), array([0.]), array([0.]))","(array([0.]), array([0.]), array([0.]))","(array([0.]), array([0.]), array([0.]))","(array([0.]), array([0.]), array([0.]))","(array([0.]), array([0.]), array([0.]))"
(0.5000023821752261+0j),[-0.4384781],[1.],[0.89874187],[1.],"(array([0.]), array([0.]), array([0.]))","(array([0.]), array([0.]), array([0.]))","(array([0.]), array([0.]), array([0.]))","(array([0.]), array([0.]), array([0.]))","(array([0.]), array([0.]), array([0.]))","(array([0.]), array([0.]), array([0.]))","(array([0.]), array([0.]), array([0.]))","(array([0.]), array([0.]), array([0.]))","(array([0.]), array([0.]), array([0.]))","(array([0.]), array([0.]), array([0.]))","(array([0.]), array([0.]), array([0.]))"
(0.500002418124901+0j),[-0.372935],[1.],[0.92785747],[1.],"(array([0.]), array([0.]), array([0.]))","(array([0.]), array([0.]), array([0.]))","(array([0.]), array([0.]), array([0.]))","(array([0.]), array([0.]), array([0.]))","(array([0.]), array([0.]), array([0.]))","(array([0.]), array([0.]), array([0.]))","(array([0.]), array([0.]), array([0.]))","(array([0.]), array([0.]), array([0.]))","(array([0.]), array([0.]), array([0.]))","(array([0.]), array([0.]), array([0.]))","(array([0.]), array([0.]), array([0.]))"
(0.5000024552391995+0j),[-0.1174073],[1.],[0.99308385],[1.],"(array([0.]), array([0.]), array([0.]))","(array([0.]), array([0.]), array([0.]))","(array([0.]), array([0.]), array([0.]))","(array([0.]), array([0.]), array([0.]))","(array([0.]), array([0.]), array([0.]))","(array([0.]), array([0.]), array([0.]))","(array([0.]), array([0.]), array([0.]))","(array([0.]), array([0.]), array([0.]))","(array([0.]), array([0.]), array([0.]))","(array([0.]), array([0.]), array([0.]))","(array([0.]), array([0.]), array([0.]))"
(0.500002494962553+0j),[-0.12017053],[1.],[0.99275326],[1.],"(array([0.]), array([0.]), array([0.]))","(array([0.]), array([0.]), array([0.]))","(array([0.]), array([0.]), array([0.]))","(array([0.]), array([0.]), array([0.]))","(array([0.]), array([0.]), array([0.]))","(array([0.]), array([0.]), array([0.]))","(array([0.]), array([0.]), array([0.]))","(array([0.]), array([0.]), array([0.]))","(array([0.]), array([0.]), array([0.]))","(array([0.]), array([0.]), array([0.]))","(array([0.]), array([0.]), array([0.]))"
(0.5000025346726843+0j),[0.08779312],[1.],[0.99613873],[1.],"(array([0.]), array([0.]), array([0.]))","(array([0.]), array([0.]), array([0.]))","(array([0.]), array([0.]), array([0.]))","(array([0.]), array([0.]), array([0.]))","(array([0.]), array([0.]), array([0.]))","(array([0.]), array([0.]), array([0.]))","(array([0.]), array([0.]), array([0.]))","(array([0.]), array([0.]), array([0.]))","(array([0.]), array([0.]), array([0.]))","(array([0.]), array([0.]), array([0.]))","(array([0.]), array([0.]), array([0.]))"
(0.5000025745182332+0j),[0.36008524],[1.],[0.93291941],[1.],"(array([0.]), array([0.]), array([0.]))","(array([0.]), array([0.]), array([0.]))","(array([0.]), array([0.]), array([0.]))","(array([0.]), array([0.]), array([0.]))","(array([0.]), array([0.]), array([0.]))","(array([0.]), array([0.]), array([0.]))","(array([0.]), array([0.]), array([0.]))","(array([0.]), array([0.]), array([0.]))","(array([0.]), array([0.]), array([0.]))","(array([0.]), array([0.]), array([0.]))","(array([0.]), array([0.]), array([0.]))"
(0.5000026118350097+0j),[0.56331492],[1.],[0.82624227],[1.],"(array([0.]), array([0.]), array([0.]))","(array([0.]), array([0.]), array([0.]))","(array([0.]), array([0.]), array([0.]))","(array([0.]), array([0.]), array([0.]))","(array([0.]), array([0.]), array([0.]))","(array([0.]), array([0.]), array([0.]))","(array([0.]), array([0.]), array([0.]))","(array([0.]), array([0.]), array([0.]))","(array([0.]), array([0.]), array([0.]))","(array([0.]), array([0.]), array([0.]))","(array([0.]), array([0.]), array([0.]))"
(0.5000026448847005+0j),[0.12500374],[1.],[0.99215627],[1.],"(array([0.]), array([0.]), array([0.]))","(array([0.]), array([0.]), array([0.]))","(array([0.]), array([0.]), array([0.]))","(array([0.]), array([0.]), array([0.]))","(array([0.]), array([0.]), array([0.]))","(array([0.]), array([0.]), array([0.]))","(array([0.]), array([0.]), array([0.]))","(array([0.]), array([0.]), array([0.]))","(array([0.]), array([0.]), array([0.]))","(array([0.]), array([0.]), array([0.]))","(array([0.]), array([0.]), array([0.]))"
(0.5000026845709513+0j),[0.36261128],[1.],[0.93194048],[1.],"(array([0.]), array([0.]), array([0.]))","(array([0.]), array([0.]), array([0.]))","(array([0.]), array([0.]), array([0.]))","(array([0.]), array([0.]), array([0.]))","(array([0.]), array([0.]), array([0.]))","(array([0.]), array([0.]), array([0.]))","(array([0.]), array([0.]), array([0.]))","(array([0.]), array([0.]), array([0.]))","(array([0.]), array([0.]), array([0.]))","(array([0.]), array([0.]), array([0.]))","(array([0.]), array([0.]), array([0.]))"
(0.5000027218485711+0j),[0.42502758],[1.],[0.9051804],[1.],"(array([0.]), array([0.]), array([0.]))","(array([0.]), array([0.]), array([0.]))","(array([0.]), array([0.]), array([0.]))","(array([0.]), array([0.]), array([0.]))","(array([0.]), array([0.]), array([0.]))","(array([0.]), array([0.]), array([0.]))","(array([0.]), array([0.]), array([0.]))","(array([0.]), array([0.]), array([0.]))","(array([0.]), array([0.]), array([0.]))","(array([0.]), array([0.]), array([0.]))","(array([0.]), array([0.]), array([0.]))"
(0.5000027580557869+0j),[0.50012803],[1.],[0.86595147],[1.],"(array([0.]), array([0.]), array([0.]))","(array([0.]), array([0.]), array([0.]))","(array([0.]), array([0.]), array([0.]))","(array([0.]), array([0.]), array([0.]))","(array([0.]), array([0.]), array([0.]))","(array([0.]), array([0.]), array([0.]))","(array([0.]), array([0.]), array([0.]))","(array([0.]), array([0.]), array([0.]))","(array([0.]), array([0.]), array([0.]))","(array([0.]), array([0.]), array([0.]))","(array([0.]), array([0.]), array([0.]))"
(0.5000027926938462+0j),[0.56298415],[1.],[0.82646769],[1.],"(array([0.]), array([0.]), array([0.]))","(array([0.]), array([0.]), array([0.]))","(array([0.]), array([0.]), array([0.]))","(array([0.]), array([0.]), array([0.]))","(array([0.]), array([0.]), array([0.]))","(array([0.]), array([0.]), array([0.]))","(array([0.]), array([0.]), array([0.]))","(array([0.]), array([0.]), array([0.]))","(array([0.]), array([0.]), array([0.]))","(array([0.]), array([0.]), array([0.]))","(array([0.]), array([0.]), array([0.]))"
(0.500002825752554+0j),[0.62454089],[1.],[0.78099211],[1.],"(array([0.]), array([0.]), array([0.]))","(array([0.]), array([0.]), array([0.]))","(array([0.]), array([0.]), array([0.]))","(array([0.]), array([0.]), array([0.]))","(array([0.]), array([0.]), array([0.]))","(array([0.]), array([0.]), array([0.]))","(array([0.]), array([0.]), array([0.]))","(array([0.]), array([0.]), array([0.]))","(array([0.]), array([0.]), array([0.]))","(array([0.]), array([0.]), array([0.]))","(array([0.]), array([0.]), array([0.]))"
(0.5000028569922382+0j),[0.67312501],[1.],[0.73952872],[1.],"(array([0.]), array([0.]), array([0.]))","(array([0.]), array([0.]), array([0.]))","(array([0.]), array([0.]), array([0.]))","(array([0.]), array([0.]), array([0.]))","(array([0.]), array([0.]), array([0.]))","(array([0.]), array([0.]), array([0.]))","(array([0.]), array([0.]), array([0.]))","(array([0.]), array([0.]), array([0.]))","(array([0.]), array([0.]), array([0.]))","(array([0.]), array([0.]), array([0.]))","(array([0.]), array([0.]), array([0.]))"
(0.5000028865733864+0j),[0.61835177],[1.],[0.78590145],[1.],"(array([0.]), array([0.]), array([0.]))","(array([0.]), array([0.]), array([0.]))","(array([0.]), array([0.]), array([0.]))","(array([0.]), array([0.]), array([0.]))","(array([0.]), array([0.]), array([0.]))","(array([0.]), array([0.]), array([0.]))","(array([0.]), array([0.]), array([0.]))","(array([0.]), array([0.]), array([0.]))","(array([0.]), array([0.]), array([0.]))","(array([0.]), array([0.]), array([0.]))","(array([0.]), array([0.]), array([0.]))"
(0.5000029180094443+0j),[0.28242075],[1.],[0.95929063],[1.],"(array([0.]), array([0.]), array([0.]))","(array([0.]), array([0.]), array([0.]))","(array([0.]), array([0.]), array([0.]))","(array([0.]), array([0.]), array([0.]))","(array([0.]), array([0.]), array([0.]))","(array([0.]), array([0.]), array([0.]))","(array([0.]), array([0.]), array([0.]))","(array([0.]), array([0.]), array([0.]))","(array([0.]), array([0.]), array([0.]))","(array([0.]), array([0.]), array([0.]))","(array([0.]), array([0.]), array([0.]))"
(0.50000295638107+0j),[0.26145923],[1.],[0.96521452],[1.],"(array([0.]), array([0.]), array([0.]))","(array([0.]), array([0.]), array([0.]))","(array([0.]), array([0.]), array([0.]))","(array([0.]), array([0.]), array([0.]))","(array([0.]), array([0.]), array([0.]))","(array([0.]), array([0.]), array([0.]))","(array([0.]), array([0.]), array([0.]))","(array([0.]), array([0.]), array([0.]))","(array([0.]), array([0.]), array([0.]))","(array([0.]), array([0.]), array([0.]))","(array([0.]), array([0.]), array([0.]))"
(0.5000029949896506+0j),[0.10360111],[1.],[0.99461893],[1.],"(array([0.]), array([0.]), array([0.]))","(array([0.]), array([0.]), array([0.]))","(array([0.]), array([0.]), array([0.]))","(array([0.]), array([0.]), array([0.]))","(array([0.]), array([0.]), array([0.]))","(array([0.]), array([0.]), array([0.]))","(array([0.]), array([0.]), array([0.]))","(array([0.]), array([0.]), array([0.]))","(array([0.]), array([0.]), array([0.]))","(array([0.]), array([0.]), array([0.]))","(array([0.]), array([0.]), array([0.]))"
(0.5000030347744078+0j),[0.31439572],[1.],[0.94929202],[1.],"(array([0.]), array([0.]), array([0.]))","(array([0.]), array([0.]), array([0.]))","(array([0.]), array([0.]), array([0.]))","(array([0.]), array([0.]), array([0.]))","(array([0.]), array([0.]), array([0.]))","(array([0.]), array([0.]), array([0.]))","(array([0.]), array([0.]), array([0.]))","(array([0.]), array([0.]), array([0.]))","(array([0.]), array([0.]), array([0.]))","(array([0.]), array([0.]), array([0.]))","(array([0.]), array([0.]), array([0.]))"
(0.5000030727460878+0j),[0.25907726],[1.],[0.9658566],[1.],"(array([0.]), array([0.]), array([0.]))","(array([0.]), array([0.]), array([0.]))","(array([0.]), array([0.]), array([0.]))","(array([0.]), array([0.]), array([0.]))","(array([0.]), array([0.]), array([0.]))","(array([0.]), array([0.]), array([0.]))","(array([0.]), array([0.]), array([0.]))","(array([0.]), array([0.]), array([0.]))","(array([0.]), array([0.]), array([0.]))","(array([0.]), array([0.]), array([0.]))","(array([0.]), array([0.]), array([0.]))"
(0.500003111380352+0j),[0.27516546],[1.],[0.96139689],[1.],"(array([0.]), array([0.]), array([0.]))","(array([0.]), array([0.]), array([0.]))","(array([0.]), array([0.]), array([0.]))","(array([0.]), array([0.]), array([0.]))","(array([0.]), array([0.]), array([0.]))","(array([0.]), array([0.]), array([0.]))","(array([0.]), array([0.]), array([0.]))","(array([0.]), array([0.]), array([0.]))","(array([0.]), array([0.]), array([0.]))","(array([0.]), array([0.]), array([0.]))","(array([0.]), array([0.]), array([0.]))"
(0.5000031498362272+0j),[0.10862584],[1.],[0.99408271],[1.],"(array([0.]), array([0.]), array([0.]))","(array([0.]), array([0.]), array([0.]))","(array([0.]), array([0.]), array([0.]))","(array([0.]), array([0.]), array([0.]))","(array([0.]), array([0.]), array([0.]))","(array([0.]), array([0.]), array([0.]))","(array([0.]), array([0.]), array([0.]))","(array([0.]), array([0.]), array([0.]))","(array([0.]), array([0.]), array([0.]))","(array([0.]), array([0.]), array([0.]))","(array([0.]), array([0.]), array([0.]))"
(0.5000031895995354+0j),[0.00671606],[1.],[0.99997745],[1.],"(array([0.]), array([0.]), array([0.]))","(array([0.]), array([0.]), array([0.]))","(array([0.]), array([0.]), array([0.]))","(array([0.]), array([0.]), array([0.]))","(array([0.]), array([0.]), array([0.]))","(array([0.]), array([0.]), array([0.]))","(array([0.]), array([0.]), array([0.]))","(array([0.]), array([0.]), array([0.]))","(array([0.]), array([0.]), array([0.]))","(array([0.]), array([0.]), array([0.]))","(array([0.]), array([0.]), array([0.]))"
(0.5000032295986326+0j),[0.00440949],[1.],[0.99999028],[1.],"(array([0.]), array([0.]), array([0.]))","(array([0.]), array([0.]), array([0.]))","(array([0.]), array([0.]), array([0.]))","(array([0.]), array([0.]), array([0.]))","(array([0.]), array([0.]), array([0.]))","(array([0.]), array([0.]), array([0.]))","(array([0.]), array([0.]), array([0.]))","(array([0.]), array([0.]), array([0.]))","(array([0.]), array([0.]), array([0.]))","(array([0.]), array([0.]), array([0.]))","(array([0.]), array([0.]), array([0.]))"
(0.500003269598244+0j),[-0.28850544],[1.],[0.95747826],[1.],"(array([0.]), array([0.]), array([0.]))","(array([0.]), array([0.]), array([0.]))","(array([0.]), array([0.]), array([0.]))","(array([0.]), array([0.]), array([0.]))","(array([0.]), array([0.]), array([0.]))","(array([0.]), array([0.]), array([0.]))","(array([0.]), array([0.]), array([0.]))","(array([0.]), array([0.]), array([0.]))","(array([0.]), array([0.]), array([0.]))","(array([0.]), array([0.]), array([0.]))","(array([0.]), array([0.]), array([0.]))"
(0.5000033078973738+0j),[-0.23043872],[1.],[0.97308684],[1.],"(array([0.]), array([0.]), array([0.]))","(array([0.]), array([0.]), array([0.]))","(array([0.]), array([0.]), array([0.]))","(array([0.]), array([0.]), array([0.]))","(array([0.]), array([0.]), array([0.]))","(array([0.]), array([0.]), array([0.]))","(array([0.]), array([0.]), array([0.]))","(array([0.]), array([0.]), array([0.]))","(array([0.]), array([0.]), array([0.]))","(array([0.]), array([0.]), array([0.]))","(array([0.]), array([0.]), array([0.]))"
(0.5000033468208473+0j),[-0.25102882],[1.],[0.96797961],[1.],"(array([0.]), array([0.]), array([0.]))","(array([0.]), array([0.]), array([0.]))","(array([0.]), array([0.]), array([0.]))","(array([0.]), array([0.]), array([0.]))","(array([0.]), array([0.]), array([0.]))","(array([0.]), array([0.]), array([0.]))","(array([0.]), array([0.]), array([0.]))","(array([0.]), array([0.]), array([0.]))","(array([0.]), array([0.]), array([0.]))","(array([0.]), array([0.]), array([0.]))","(array([0.]), array([0.]), array([0.]))"
(0.5000033855400319+0j),[-0.47140827],[1.],[0.8819151],[1.],"(array([0.]), array([0.]), array([0.]))","(array([0.]), array([0.]), array([0.]))","(array([0.]), array([0.]), array([0.]))","(array([0.]), array([0.]), array([0.]))","(array([0.]), array([0.]), array([0.]))","(array([0.]), array([0.]), array([0.]))","(array([0.]), array([0.]), array([0.]))","(array([0.]), array([0.]), array([0.]))","(array([0.]), array([0.]), array([0.]))","(array([0.]), array([0.]), array([0.]))","(array([0.]), array([0.]), array([0.]))"
(0.5000034208166357+0j),[-0.82518718],[1.],[0.56485938],[1.],"(array([0.]), array([0.]), array([0.]))","(array([0.]), array([0.]), array([0.]))","(array([0.]), array([0.]), array([0.]))","(array([0.]), array([0.]), array([0.]))","(array([0.]), array([0.]), array([0.]))","(array([0.]), array([0.]), array([0.]))","(array([0.]), array([0.]), array([0.]))","(array([0.]), array([0.]), array([0.]))","(array([0.]), array([0.]), array([0.]))","(array([0.]), array([0.]), array([0.]))","(array([0.]), array([0.]), array([0.]))"
(0.500003443411011+0j),[-0.76298803],[1.],[0.64641261],[1.],"(array([0.]), array([0.]), array([0.]))","(array([0.]), array([0.]), array([0.]))","(array([0.]), array([0.]), array([0.]))","(array([0.]), array([0.]), array([0.]))","(array([0.]), array([0.]), array([0.]))","(array([0.]), array([0.]), array([0.]))","(array([0.]), array([0.]), array([0.]))","(array([0.]), array([0.]), array([0.]))","(array([0.]), array([0.]), array([0.]))","(array([0.]), array([0.]), array([0.]))","(array([0.]), array([0.]), array([0.]))"
(0.500003469267515+0j),[-0.80008679],[1.],[0.59988426],[1.],"(array([0.]), array([0.]), array([0.]))","(array([0.]), array([0.]), array([0.]))","(array([0.]), array([0.]), array([0.]))","(array([0.]), array([0.]), array([0.]))","(array([0.]), array([0.]), array([0.]))","(array([0.]), array([0.]), array([0.]))","(array([0.]), array([0.]), array([0.]))","(array([0.]), array([0.]), array([0.]))","(array([0.]), array([0.]), array([0.]))","(array([0.]), array([0.]), array([0.]))","(array([0.]), array([0.]), array([0.]))"
(0.5000034932628862+0j),[-0.85906569],[1.],[0.51186535],[1.],"(array([0.]), array([0.]), array([0.]))","(array([0.]), array([0.]), array([0.]))","(array([0.]), array([0.]), array([0.]))","(array([0.]), array([0.]), array([0.]))","(array([0.]), array([0.]), array([0.]))","(array([0.]), array([0.]), array([0.]))","(array([0.]), array([0.]), array([0.]))","(array([0.]), array([0.]), array([0.]))","(array([0.]), array([0.]), array([0.]))","(array([0.]), array([0.]), array([0.]))","(array([0.]), array([0.]), array([0.]))"
(0.5000035137375004+0j),[-0.88227457],[1.],[0.47073515],[1.],"(array([0.]), array([0.]), array([0.]))","(array([0.]), array([0.]), array([0.]))","(array([0.]), array([0.]), array([0.]))","(array([0.]), array([0.]), array([0.]))","(array([0.]), array([0.]), array([0.]))","(array([0.]), array([0.]), array([0.]))","(array([0.]), array([0.]), array([0.]))","(array([0.]), array([0.]), array([0.]))","(array([0.]), array([0.]), array([0.]))","(array([0.]), array([0.]), array([0.]))","(array([0.]), array([0.]), array([0.]))"
(0.5000035325669061+0j),[-0.65741065],[1.],[0.75353251],[1.],"(array([0.]), array([0.]), array([0.]))","(array([0.]), array([0.]), array([0.]))","(array([0.]), array([0.]), array([0.]))","(array([0.]), array([0.]), array([0.]))","(array([0.]), array([0.]), array([0.]))","(array([0.]), array([0.]), array([0.]))","(array([0.]), array([0.]), array([0.]))","(array([0.]), array([0.]), array([0.]))","(array([0.]), array([0.]), array([0.]))","(array([0.]), array([0.]), array([0.]))","(array([0.]), array([0.]), array([0.]))"
(0.5000035627082063+0j),[-0.66488324],[1.],[0.7469473],[1.],"(array([0.]), array([0.]), array([0.]))","(array([0.]), array([0.]), array([0.]))","(array([0.]), array([0.]), array([0.]))","(array([0.]), array([0.]), array([0.]))","(array([0.]), array([0.]), array([0.]))","(array([0.]), array([0.]), array([0.]))","(array([0.]), array([0.]), array([0.]))","(array([0.]), array([0.]), array([0.]))","(array([0.]), array([0.]), array([0.]))","(array([0.]), array([0.]), array([0.]))","(array([0.]), array([0.]), array([0.]))"
(0.5000035925860981+0j),[-0.65184412],[1.],[0.75835298],[1.],"(array([0.]), array([0.]), array([0.]))","(array([0.]), array([0.]), array([0.]))","(array([0.]), array([0.]), array([0.]))","(array([0.]), array([0.]), array([0.]))","(array([0.]), array([0.]), array([0.]))","(array([0.]), array([0.]), array([0.]))","(array([0.]), array([0.]), array([0.]))","(array([0.]), array([0.]), array([0.]))","(array([0.]), array([0.]), array([0.]))","(array([0.]), array([0.]), array([0.]))","(array([0.]), array([0.]), array([0.]))"
(0.5000036229202178+0j),[-0.84546121],[1.],[0.53403683],[1.],"(array([0.]), array([0.]), array([0.]))","(array([0.]), array([0.]), array([0.]))","(array([0.]), array([0.]), array([0.]))","(array([0.]), array([0.]), array([0.]))","(array([0.]), array([0.]), array([0.]))","(array([0.]), array([0.]), array([0.]))","(array([0.]), array([0.]), array([0.]))","(array([0.]), array([0.]), array([0.]))","(array([0.]), array([0.]), array([0.]))","(array([0.]), array([0.]), array([0.]))","(array([0.]), array([0.]), array([0.]))"
(0.5000036442816909+0j),[-0.62720578],[1.],[0.77885359],[1.],"(array([0.]), array([0.]), array([0.]))","(array([0.]), array([0.]), array([0.]))","(array([0.]), array([0.]), array([0.]))","(array([0.]), array([0.]), array([0.]))","(array([0.]), array([0.]), array([0.]))","(array([0.]), array([0.]), array([0.]))","(array([0.]), array([0.]), array([0.]))","(array([0.]), array([0.]), array([0.]))","(array([0.]), array([0.]), array([0.]))","(array([0.]), array([0.]), array([0.]))","(array([0.]), array([0.]), array([0.]))"
(0.5000036754358343+0j),[-0.47455887],[1.],[0.88022377],[1.],"(array([0.]), array([0.]), array([0.]))","(array([0.]), array([0.]), array([0.]))","(array([0.]), array([0.]), array([0.]))","(array([0.]), array([0.]), array([0.]))","(array([0.]), array([0.]), array([0.]))","(array([0.]), array([0.]), array([0.]))","(array([0.]), array([0.]), array([0.]))","(array([0.]), array([0.]), array([0.]))","(array([0.]), array([0.]), array([0.]))","(array([0.]), array([0.]), array([0.]))","(array([0.]), array([0.]), array([0.]))"
(0.500003710644785+0j),[-0.27738942],[1.],[0.96075757],[1.],"(array([0.]), array([0.]), array([0.]))","(array([0.]), array([0.]), array([0.]))","(array([0.]), array([0.]), array([0.]))","(array([0.]), array([0.]), array([0.]))","(array([0.]), array([0.]), array([0.]))","(array([0.]), array([0.]), array([0.]))","(array([0.]), array([0.]), array([0.]))","(array([0.]), array([0.]), array([0.]))","(array([0.]), array([0.]), array([0.]))","(array([0.]), array([0.]), array([0.]))","(array([0.]), array([0.]), array([0.]))"
(0.5000037490750876+0j),[-0.26821657],[1.],[0.96335864],[1.],"(array([0.]), array([0.]), array([0.]))","(array([0.]), array([0.]), array([0.]))","(array([0.]), array([0.]), array([0.]))","(array([0.]), array([0.]), array([0.]))","(array([0.]), array([0.]), array([0.]))","(array([0.]), array([0.]), array([0.]))","(array([0.]), array([0.]), array([0.]))","(array([0.]), array([0.]), array([0.]))","(array([0.]), array([0.]), array([0.]))","(array([0.]), array([0.]), array([0.]))","(array([0.]), array([0.]), array([0.]))"
(0.5000037876094334+0j),[-0.08809598],[1.],[0.99611199],[1.],"(array([0.]), array([0.]), array([0.]))","(array([0.]), array([0.]), array([0.]))","(array([0.]), array([0.]), array([0.]))","(array([0.]), array([0.]), array([0.]))","(array([0.]), array([0.]), array([0.]))","(array([0.]), array([0.]), array([0.]))","(array([0.]), array([0.]), array([0.]))","(array([0.]), array([0.]), array([0.]))","(array([0.]), array([0.]), array([0.]))","(array([0.]), array([0.]), array([0.]))","(array([0.]), array([0.]), array([0.]))"
(0.5000038274539131+0j),[-0.0140205],[1.],[0.99990171],[1.],"(array([0.]), array([0.]), array([0.]))","(array([0.]), array([0.]), array([0.]))","(array([0.]), array([0.]), array([0.]))","(array([0.]), array([0.]), array([0.]))","(array([0.]), array([0.]), array([0.]))","(array([0.]), array([0.]), array([0.]))","(array([0.]), array([0.]), array([0.]))","(array([0.]), array([0.]), array([0.]))","(array([0.]), array([0.]), array([0.]))","(array([0.]), array([0.]), array([0.]))","(array([0.]), array([0.]), array([0.]))"
(0.5000038674499815+0j),[0.10840341],[1.],[0.99410699],[1.],"(array([0.]), array([0.]), array([0.]))","(array([0.]), array([0.]), array([0.]))","(array([0.]), array([0.]), array([0.]))","(array([0.]), array([0.]), array([0.]))","(array([0.]), array([0.]), array([0.]))","(array([0.]), array([0.]), array([0.]))","(array([0.]), array([0.]), array([0.]))","(array([0.]), array([0.]), array([0.]))","(array([0.]), array([0.]), array([0.]))","(array([0.]), array([0.]), array([0.]))","(array([0.]), array([0.]), array([0.]))"
(0.500003907214261+0j),[0.07809865],[1.],[0.99694564],[1.],"(array([0.]), array([0.]), array([0.]))","(array([0.]), array([0.]), array([0.]))","(array([0.]), array([0.]), array([0.]))","(array([0.]), array([0.]), array([0.]))","(array([0.]), array([0.]), array([0.]))","(array([0.]), array([0.]), array([0.]))","(array([0.]), array([0.]), array([0.]))","(array([0.]), array([0.]), array([0.]))","(array([0.]), array([0.]), array([0.]))","(array([0.]), array([0.]), array([0.]))","(array([0.]), array([0.]), array([0.]))"
(0.5000039470920861+0j),[-0.21490966],[1.],[0.97663393],[1.],"(array([0.]), array([0.]), array([0.]))","(array([0.]), array([0.]), array([0.]))","(array([0.]), array([0.]), array([0.]))","(array([0.]), array([0.]), array([0.]))","(array([0.]), array([0.]), array([0.]))","(array([0.]), array([0.]), array([0.]))","(array([0.]), array([0.]), array([0.]))","(array([0.]), array([0.]), array([0.]))","(array([0.]), array([0.]), array([0.]))","(array([0.]), array([0.]), array([0.]))","(array([0.]), array([0.]), array([0.]))"
(0.5000039861574433+0j),[-0.01082825],[1.],[0.99994137],[1.],"(array([0.]), array([0.]), array([0.]))","(array([0.]), array([0.]), array([0.]))","(array([0.]), array([0.]), array([0.]))","(array([0.]), array([0.]), array([0.]))","(array([0.]), array([0.]), array([0.]))","(array([0.]), array([0.]), array([0.]))","(array([0.]), array([0.]), array([0.]))","(array([0.]), array([0.]), array([0.]))","(array([0.]), array([0.]), array([0.]))","(array([0.]), array([0.]), array([0.]))","(array([0.]), array([0.]), array([0.]))"
(0.500004026155098+0j),[-0.38740986],[1.],[0.92190759],[1.],"(array([0.]), array([0.]), array([0.]))","(array([0.]), array([0.]), array([0.]))","(array([0.]), array([0.]), array([0.]))","(array([0.]), array([0.]), array([0.]))","(array([0.]), array([0.]), array([0.]))","(array([0.]), array([0.]), array([0.]))","(array([0.]), array([0.]), array([0.]))","(array([0.]), array([0.]), array([0.]))","(array([0.]), array([0.]), array([0.]))","(array([0.]), array([0.]), array([0.]))","(array([0.]), array([0.]), array([0.]))"
(0.5000040630314015+0j),[-0.4311868],[1.],[0.90226268],[1.],"(array([0.]), array([0.]), array([0.]))","(array([0.]), array([0.]), array([0.]))","(array([0.]), array([0.]), array([0.]))","(array([0.]), array([0.]), array([0.]))","(array([0.]), array([0.]), array([0.]))","(array([0.]), array([0.]), array([0.]))","(array([0.]), array([0.]), array([0.]))","(array([0.]), array([0.]), array([0.]))","(array([0.]), array([0.]), array([0.]))","(array([0.]), array([0.]), array([0.]))","(array([0.]), array([0.]), array([0.]))"
(0.5000040991219085+0j),[-0.46772243],[1.],[0.8838754],[1.],"(array([0.]), array([0.]), array([0.]))","(array([0.]), array([0.]), array([0.]))","(array([0.]), array([0.]), array([0.]))","(array([0.]), array([0.]), array([0.]))","(array([0.]), array([0.]), array([0.]))","(array([0.]), array([0.]), array([0.]))","(array([0.]), array([0.]), array([0.]))","(array([0.]), array([0.]), array([0.]))","(array([0.]), array([0.]), array([0.]))","(array([0.]), array([0.]), array([0.]))","(array([0.]), array([0.]), array([0.]))"
(0.5000041344769245+0j),[-0.64060373],[1.],[0.76787164],[1.],"(array([0.]), array([0.]), array([0.]))","(array([0.]), array([0.]), array([0.]))","(array([0.]), array([0.]), array([0.]))","(array([0.]), array([0.]), array([0.]))","(array([0.]), array([0.]), array([0.]))","(array([0.]), array([0.]), array([0.]))","(array([0.]), array([0.]), array([0.]))","(array([0.]), array([0.]), array([0.]))","(array([0.]), array([0.]), array([0.]))","(array([0.]), array([0.]), array([0.]))","(array([0.]), array([0.]), array([0.]))"
(0.5000041651917909+0j),[-0.54186927],[1.],[0.84046278],[1.],"(array([0.]), array([0.]), array([0.]))","(array([0.]), array([0.]), array([0.]))","(array([0.]), array([0.]), array([0.]))","(array([0.]), array([0.]), array([0.]))","(array([0.]), array([0.]), array([0.]))","(array([0.]), array([0.]), array([0.]))","(array([0.]), array([0.]), array([0.]))","(array([0.]), array([0.]), array([0.]))","(array([0.]), array([0.]), array([0.]))","(array([0.]), array([0.]), array([0.]))","(array([0.]), array([0.]), array([0.]))"
(0.5000041988103024+0j),[-0.57509933],[1.],[0.81808359],[1.],"(array([0.]), array([0.]), array([0.]))","(array([0.]), array([0.]), array([0.]))","(array([0.]), array([0.]), array([0.]))","(array([0.]), array([0.]), array([0.]))","(array([0.]), array([0.]), array([0.]))","(array([0.]), array([0.]), array([0.]))","(array([0.]), array([0.]), array([0.]))","(array([0.]), array([0.]), array([0.]))","(array([0.]), array([0.]), array([0.]))","(array([0.]), array([0.]), array([0.]))","(array([0.]), array([0.]), array([0.]))"
(0.5000042315336463+0j),[-0.64429357],[1.],[0.76477826],[1.],"(array([0.]), array([0.]), array([0.]))","(array([0.]), array([0.]), array([0.]))","(array([0.]), array([0.]), array([0.]))","(array([0.]), array([0.]), array([0.]))","(array([0.]), array([0.]), array([0.]))","(array([0.]), array([0.]), array([0.]))","(array([0.]), array([0.]), array([0.]))","(array([0.]), array([0.]), array([0.]))","(array([0.]), array([0.]), array([0.]))","(array([0.]), array([0.]), array([0.]))","(array([0.]), array([0.]), array([0.]))"
(0.5000042621247769+0j),[-0.56144493],[1.],[0.8275141],[1.],"(array([0.]), array([0.]), array([0.]))","(array([0.]), array([0.]), array([0.]))","(array([0.]), array([0.]), array([0.]))","(array([0.]), array([0.]), array([0.]))","(array([0.]), array([0.]), array([0.]))","(array([0.]), array([0.]), array([0.]))","(array([0.]), array([0.]), array([0.]))","(array([0.]), array([0.]), array([0.]))","(array([0.]), array([0.]), array([0.]))","(array([0.]), array([0.]), array([0.]))","(array([0.]), array([0.]), array([0.]))"
(0.5000042952253415+0j),[-0.63765227],[1.],[0.77032434],[1.],"(array([0.]), array([0.]), array([0.]))","(array([0.]), array([0.]), array([0.]))","(array([0.]), array([0.]), array([0.]))","(array([0.]), array([0.]), array([0.]))","(array([0.]), array([0.]), array([0.]))","(array([0.]), array([0.]), array([0.]))","(array([0.]), array([0.]), array([0.]))","(array([0.]), array([0.]), array([0.]))","(array([0.]), array([0.]), array([0.]))","(array([0.]), array([0.]), array([0.]))","(array([0.]), array([0.]), array([0.]))"
(0.5000043260383149+0j),[-0.40195479],[1.],[0.91565952],[1.],"(array([0.]), array([0.]), array([0.]))","(array([0.]), array([0.]), array([0.]))","(array([0.]), array([0.]), array([0.]))","(array([0.]), array([0.]), array([0.]))","(array([0.]), array([0.]), array([0.]))","(array([0.]), array([0.]), array([0.]))","(array([0.]), array([0.]), array([0.]))","(array([0.]), array([0.]), array([0.]))","(array([0.]), array([0.]), array([0.]))","(array([0.]), array([0.]), array([0.]))","(array([0.]), array([0.]), array([0.]))"
(0.5000043626646951+0j),[-0.33665255],[1.],[0.94162894],[1.],"(array([0.]), array([0.]), array([0.]))","(array([0.]), array([0.]), array([0.]))","(array([0.]), array([0.]), array([0.]))","(array([0.]), array([0.]), array([0.]))","(array([0.]), array([0.]), array([0.]))","(array([0.]), array([0.]), array([0.]))","(array([0.]), array([0.]), array([0.]))","(array([0.]), array([0.]), array([0.]))","(array([0.]), array([0.]), array([0.]))","(array([0.]), array([0.]), array([0.]))","(array([0.]), array([0.]), array([0.]))"
(0.5000044003298523+0j),[-0.42433401],[1.],[0.90550574],[1.],"(array([0.]), array([0.]), array([0.]))","(array([0.]), array([0.]), array([0.]))","(array([0.]), array([0.]), array([0.]))","(array([0.]), array([0.]), array([0.]))","(array([0.]), array([0.]), array([0.]))","(array([0.]), array([0.]), array([0.]))","(array([0.]), array([0.]), array([0.]))","(array([0.]), array([0.]), array([0.]))","(array([0.]), array([0.]), array([0.]))","(array([0.]), array([0.]), array([0.]))","(array([0.]), array([0.]), array([0.]))"
(0.5000044365500821+0j),[-0.73595709],[1.],[0.67702818],[1.],"(array([0.]), array([0.]), array([0.]))","(array([0.]), array([0.]), array([0.]))","(array([0.]), array([0.]), array([0.]))","(array([0.]), array([0.]), array([0.]))","(array([0.]), array([0.]), array([0.]))","(array([0.]), array([0.]), array([0.]))","(array([0.]), array([0.]), array([0.]))","(array([0.]), array([0.]), array([0.]))","(array([0.]), array([0.]), array([0.]))","(array([0.]), array([0.]), array([0.]))","(array([0.]), array([0.]), array([0.]))"
(0.500004463631209+0j),[-0.88599243],[1.],[0.46369969],[1.],"(array([0.]), array([0.]), array([0.]))","(array([0.]), array([0.]), array([0.]))","(array([0.]), array([0.]), array([0.]))","(array([0.]), array([0.]), array([0.]))","(array([0.]), array([0.]), array([0.]))","(array([0.]), array([0.]), array([0.]))","(array([0.]), array([0.]), array([0.]))","(array([0.]), array([0.]), array([0.]))","(array([0.]), array([0.]), array([0.]))","(array([0.]), array([0.]), array([0.]))","(array([0.]), array([0.]), array([0.]))"
(0.5000044821791968+0j),[-0.76514323],[1.],[0.64386011],[1.],"(array([0.]), array([0.]), array([0.]))","(array([0.]), array([0.]), array([0.]))","(array([0.]), array([0.]), array([0.]))","(array([0.]), array([0.]), array([0.]))","(array([0.]), array([0.]), array([0.]))","(array([0.]), array([0.]), array([0.]))","(array([0.]), array([0.]), array([0.]))","(array([0.]), array([0.]), array([0.]))","(array([0.]), array([0.]), array([0.]))","(array([0.]), array([0.]), array([0.]))","(array([0.]), array([0.]), array([0.]))"
(0.5000045079336011+0j),[-0.77162032],[1.],[0.6360834],[1.],"(array([0.]), array([0.]), array([0.]))","(array([0.]), array([0.]), array([0.]))","(array([0.]), array([0.]), array([0.]))","(array([0.]), array([0.]), array([0.]))","(array([0.]), array([0.]), array([0.]))","(array([0.]), array([0.]), array([0.]))","(array([0.]), array([0.]), array([0.]))","(array([0.]), array([0.]), array([0.]))","(array([0.]), array([0.]), array([0.]))","(array([0.]), array([0.]), array([0.]))","(array([0.]), array([0.]), array([0.]))"
(0.500004533376937+0j),[-0.80638257],[1.],[0.59139424],[1.],"(array([0.]), array([0.]), array([0.]))","(array([0.]), array([0.]), array([0.]))","(array([0.]), array([0.]), array([0.]))","(array([0.]), array([0.]), array([0.]))","(array([0.]), array([0.]), array([0.]))","(array([0.]), array([0.]), array([0.]))","(array([0.]), array([0.]), array([0.]))","(array([0.]), array([0.]), array([0.]))","(array([0.]), array([0.]), array([0.]))","(array([0.]), array([0.]), array([0.]))","(array([0.]), array([0.]), array([0.]))"
(0.500004557032707+0j),[-0.57234216],[1.],[0.82001491],[1.],"(array([0.]), array([0.]), array([0.]))","(array([0.]), array([0.]), array([0.]))","(array([0.]), array([0.]), array([0.]))","(array([0.]), array([0.]), array([0.]))","(array([0.]), array([0.]), array([0.]))","(array([0.]), array([0.]), array([0.]))","(array([0.]), array([0.]), array([0.]))","(array([0.]), array([0.]), array([0.]))","(array([0.]), array([0.]), array([0.]))","(array([0.]), array([0.]), array([0.]))","(array([0.]), array([0.]), array([0.]))"
(0.500004589833304+0j),[-0.76167167],[1.],[0.64796317],[1.],"(array([0.]), array([0.]), array([0.]))","(array([0.]), array([0.]), array([0.]))","(array([0.]), array([0.]), array([0.]))","(array([0.]), array([0.]), array([0.]))","(array([0.]), array([0.]), array([0.]))","(array([0.]), array([0.]), array([0.]))","(array([0.]), array([0.]), array([0.]))","(array([0.]), array([0.]), array([0.]))","(array([0.]), array([0.]), array([0.]))","(array([0.]), array([0.]), array([0.]))","(array([0.]), array([0.]), array([0.]))"
(0.5000046157518303+0j),[-0.83217616],[1.],[0.55451136],[1.],"(array([0.]), array([0.]), array([0.]))","(array([0.]), array([0.]), array([0.]))","(array([0.]), array([0.]), array([0.]))","(array([0.]), array([0.]), array([0.]))","(array([0.]), array([0.]), array([0.]))","(array([0.]), array([0.]), array([0.]))","(array([0.]), array([0.]), array([0.]))","(array([0.]), array([0.]), array([0.]))","(array([0.]), array([0.]), array([0.]))","(array([0.]), array([0.]), array([0.]))","(array([0.]), array([0.]), array([0.]))"
(0.5000046379322841+0j),[-0.88079482],[1.],[0.47349814],[1.],"(array([0.]), array([0.]), array([0.]))","(array([0.]), array([0.]), array([0.]))","(array([0.]), array([0.]), array([0.]))","(array([0.]), array([0.]), array([0.]))","(array([0.]), array([0.]), array([0.]))","(array([0.]), array([0.]), array([0.]))","(array([0.]), array([0.]), array([0.]))","(array([0.]), array([0.]), array([0.]))","(array([0.]), array([0.]), array([0.]))","(array([0.]), array([0.]), array([0.]))","(array([0.]), array([0.]), array([0.]))"
(0.50000465687221+0j),[-0.81934681],[1.],[0.57329818],[1.],"(array([0.]), array([0.]), array([0.]))","(array([0.]), array([0.]), array([0.]))","(array([0.]), array([0.]), array([0.]))","(array([0.]), array([0.]), array([0.]))","(array([0.]), array([0.]), array([0.]))","(array([0.]), array([0.]), array([0.]))","(array([0.]), array([0.]), array([0.]))","(array([0.]), array([0.]), array([0.]))","(array([0.]), array([0.]), array([0.]))","(array([0.]), array([0.]), array([0.]))","(array([0.]), array([0.]), array([0.]))"
(0.5000046798041369+0j),[-0.88800016],[1.],[0.45984314],[1.],"(array([0.]), array([0.]), array([0.]))","(array([0.]), array([0.]), array([0.]))","(array([0.]), array([0.]), array([0.]))","(array([0.]), array([0.]), array([0.]))","(array([0.]), array([0.]), array([0.]))","(array([0.]), array([0.]), array([0.]))","(array([0.]), array([0.]), array([0.]))","(array([0.]), array([0.]), array([0.]))","(array([0.]), array([0.]), array([0.]))","(array([0.]), array([0.]), array([0.]))","(array([0.]), array([0.]), array([0.]))"
(0.5000046981978621+0j),[-0.93759956],[1.],[0.34771692],[1.],"(array([0.]), array([0.]), array([0.]))","(array([0.]), array([0.]), array([0.]))","(array([0.]), array([0.]), array([0.]))","(array([0.]), array([0.]), array([0.]))","(array([0.]), array([0.]), array([0.]))","(array([0.]), array([0.]), array([0.]))","(array([0.]), array([0.]), array([0.]))","(array([0.]), array([0.]), array([0.]))","(array([0.]), array([0.]), array([0.]))","(array([0.]), array([0.]), array([0.]))","(array([0.]), array([0.]), array([0.]))"
(0.5000047121065392+0j),[-0.99941848],[1.],[0.03409849],[1.],"(array([0.]), array([0.]), array([0.]))","(array([0.]), array([0.]), array([0.]))","(array([0.]), array([0.]), array([0.]))","(array([0.]), array([0.]), array([0.]))","(array([0.]), array([0.]), array([0.]))","(array([0.]), array([0.]), array([0.]))","(array([0.]), array([0.]), array([0.]))","(array([0.]), array([0.]), array([0.]))","(array([0.]), array([0.]), array([0.]))","(array([0.]), array([0.]), array([0.]))","(array([0.]), array([0.]), array([0.]))"
(0.5000047134704787+0j),[-0.98384817],[1.],[0.17900496],[1.],"(array([0.]), array([0.]), array([0.]))","(array([0.]), array([0.]), array([0.]))","(array([0.]), array([0.]), array([0.]))","(array([0.]), array([0.]), array([0.]))","(array([0.]), array([0.]), array([0.]))","(array([0.]), array([0.]), array([0.]))","(array([0.]), array([0.]), array([0.]))","(array([0.]), array([0.]), array([0.]))","(array([0.]), array([0.]), array([0.]))","(array([0.]), array([0.]), array([0.]))","(array([0.]), array([0.]), array([0.]))"
(0.5000047206306767+0j),[-0.94235285],[1.],[0.33462084],[1.],"(array([0.]), array([0.]), array([0.]))","(array([0.]), array([0.]), array([0.]))","(array([0.]), array([0.]), array([0.]))","(array([0.]), array([0.]), array([0.]))","(array([0.]), array([0.]), array([0.]))","(array([0.]), array([0.]), array([0.]))","(array([0.]), array([0.]), array([0.]))","(array([0.]), array([0.]), array([0.]))","(array([0.]), array([0.]), array([0.]))","(array([0.]), array([0.]), array([0.]))","(array([0.]), array([0.]), array([0.]))"
(0.5000047340155105+0j),[-0.96991194],[1.],[0.24345602],[1.],"(array([0.]), array([0.]), array([0.]))","(array([0.]), array([0.]), array([0.]))","(array([0.]), array([0.]), array([0.]))","(array([0.]), array([0.]), array([0.]))","(array([0.]), array([0.]), array([0.]))","(array([0.]), array([0.]), array([0.]))","(array([0.]), array([0.]), array([0.]))","(array([0.]), array([0.]), array([0.]))","(array([0.]), array([0.]), array([0.]))","(array([0.]), array([0.]), array([0.]))","(array([0.]), array([0.]), array([0.]))"
(0.5000047437537518+0j),[-0.96144263],[1.],[0.27500556],[1.],"(array([0.]), array([0.]), array([0.]))","(array([0.]), array([0.]), array([0.]))","(array([0.]), array([0.]), array([0.]))","(array([0.]), array([0.]), array([0.]))","(array([0.]), array([0.]), array([0.]))","(array([0.]), array([0.]), array([0.]))","(array([0.]), array([0.]), array([0.]))","(array([0.]), array([0.]), array([0.]))","(array([0.]), array([0.]), array([0.]))","(array([0.]), array([0.]), array([0.]))","(array([0.]), array([0.]), array([0.]))"
(0.5000047547539743+0j),[-0.99979868],[1.],[0.02006492],[1.],"(array([0.]), array([0.]), array([0.]))","(array([0.]), array([0.]), array([0.]))","(array([0.]), array([0.]), array([0.]))","(array([0.]), array([0.]), array([0.]))","(array([0.]), array([0.]), array([0.]))","(array([0.]), array([0.]), array([0.]))","(array([0.]), array([0.]), array([0.]))","(array([0.]), array([0.]), array([0.]))","(array([0.]), array([0.]), array([0.]))","(array([0.]), array([0.]), array([0.]))","(array([0.]), array([0.]), array([0.]))"
(0.5000047555565709+0j),[-0.99724129],[1.],[-0.07422803],[1.],"(array([0.]), array([0.]), array([0.]))","(array([0.]), array([0.]), array([0.]))","(array([0.]), array([0.]), array([0.]))","(array([0.]), array([0.]), array([0.]))","(array([0.]), array([0.]), array([0.]))","(array([0.]), array([0.]), array([0.]))","(array([0.]), array([0.]), array([0.]))","(array([0.]), array([0.]), array([0.]))","(array([0.]), array([0.]), array([0.]))","(array([0.]), array([0.]), array([0.]))","(array([0.]), array([0.]), array([0.]))"
(0.50000475258745+0j),[-0.97980871],[1.],[0.1999372],[1.],"(array([0.]), array([0.]), array([0.]))","(array([0.]), array([0.]), array([0.]))","(array([0.]), array([0.]), array([0.]))","(array([0.]), array([0.]), array([0.]))","(array([0.]), array([0.]), array([0.]))","(array([0.]), array([0.]), array([0.]))","(array([0.]), array([0.]), array([0.]))","(array([0.]), array([0.]), array([0.]))","(array([0.]), array([0.]), array([0.]))","(array([0.]), array([0.]), array([0.]))","(array([0.]), array([0.]), array([0.]))"
(0.5000047605849371+0j),[-0.97402086],[1.],[0.2264583],[1.],"(array([0.]), array([0.]), array([0.]))","(array([0.]), array([0.]), array([0.]))","(array([0.]), array([0.]), array([0.]))","(array([0.]), array([0.]), array([0.]))","(array([0.]), array([0.]), array([0.]))","(array([0.]), array([0.]), array([0.]))","(array([0.]), array([0.]), array([0.]))","(array([0.]), array([0.]), array([0.]))","(array([0.]), array([0.]), array([0.]))","(array([0.]), array([0.]), array([0.]))","(array([0.]), array([0.]), array([0.]))"
(0.5000047696432691+0j),[-0.77091958],[1.],[0.63693249],[1.],"(array([0.]), array([0.]), array([0.]))","(array([0.]), array([0.]), array([0.]))","(array([0.]), array([0.]), array([0.]))","(array([0.]), array([0.]), array([0.]))","(array([0.]), array([0.]), array([0.]))","(array([0.]), array([0.]), array([0.]))","(array([0.]), array([0.]), array([0.]))","(array([0.]), array([0.]), array([0.]))","(array([0.]), array([0.]), array([0.]))","(array([0.]), array([0.]), array([0.]))","(array([0.]), array([0.]), array([0.]))"
(0.5000047951205691+0j),[-0.86124893],[1.],[0.50818332],[1.],"(array([0.]), array([0.]), array([0.]))","(array([0.]), array([0.]), array([0.]))","(array([0.]), array([0.]), array([0.]))","(array([0.]), array([0.]), array([0.]))","(array([0.]), array([0.]), array([0.]))","(array([0.]), array([0.]), array([0.]))","(array([0.]), array([0.]), array([0.]))","(array([0.]), array([0.]), array([0.]))","(array([0.]), array([0.]), array([0.]))","(array([0.]), array([0.]), array([0.]))","(array([0.]), array([0.]), array([0.]))"
(0.5000048154479015+0j),[-0.7966094],[1.],[0.60449438],[1.],"(array([0.]), array([0.]), array([0.]))","(array([0.]), array([0.]), array([0.]))","(array([0.]), array([0.]), array([0.]))","(array([0.]), array([0.]), array([0.]))","(array([0.]), array([0.]), array([0.]))","(array([0.]), array([0.]), array([0.]))","(array([0.]), array([0.]), array([0.]))","(array([0.]), array([0.]), array([0.]))","(array([0.]), array([0.]), array([0.]))","(array([0.]), array([0.]), array([0.]))","(array([0.]), array([0.]), array([0.]))"
(0.500004839627677+0j),[-0.81963092],[1.],[0.57289192],[1.],"(array([0.]), array([0.]), array([0.]))","(array([0.]), array([0.]), array([0.]))","(array([0.]), array([0.]), array([0.]))","(array([0.]), array([0.]), array([0.]))","(array([0.]), array([0.]), array([0.]))","(array([0.]), array([0.]), array([0.]))","(array([0.]), array([0.]), array([0.]))","(array([0.]), array([0.]), array([0.]))","(array([0.]), array([0.]), array([0.]))","(array([0.]), array([0.]), array([0.]))","(array([0.]), array([0.]), array([0.]))"
(0.5000048625433531+0j),[-0.74969622],[1.],[0.66178213],[1.],"(array([0.]), array([0.]), array([0.]))","(array([0.]), array([0.]), array([0.]))","(array([0.]), array([0.]), array([0.]))","(array([0.]), array([0.]), array([0.]))","(array([0.]), array([0.]), array([0.]))","(array([0.]), array([0.]), array([0.]))","(array([0.]), array([0.]), array([0.]))","(array([0.]), array([0.]), array([0.]))","(array([0.]), array([0.]), array([0.]))","(array([0.]), array([0.]), array([0.]))","(array([0.]), array([0.]), array([0.]))"
(0.500004889014638+0j),[-0.7506499],[1.],[0.66070017],[1.],"(array([0.]), array([0.]), array([0.]))","(array([0.]), array([0.]), array([0.]))","(array([0.]), array([0.]), array([0.]))","(array([0.]), array([0.]), array([0.]))","(array([0.]), array([0.]), array([0.]))","(array([0.]), array([0.]), array([0.]))","(array([0.]), array([0.]), array([0.]))","(array([0.]), array([0.]), array([0.]))","(array([0.]), array([0.]), array([0.]))","(array([0.]), array([0.]), array([0.]))","(array([0.]), array([0.]), array([0.]))"
(0.5000049154426448+0j),[-0.81992776],[1.],[0.572467],[1.],"(array([0.]), array([0.]), array([0.]))","(array([0.]), array([0.]), array([0.]))","(array([0.]), array([0.]), array([0.]))","(array([0.]), array([0.]), array([0.]))","(array([0.]), array([0.]), array([0.]))","(array([0.]), array([0.]), array([0.]))","(array([0.]), array([0.]), array([0.]))","(array([0.]), array([0.]), array([0.]))","(array([0.]), array([0.]), array([0.]))","(array([0.]), array([0.]), array([0.]))","(array([0.]), array([0.]), array([0.]))"
(0.5000049383413253+0j),[-0.90645318],[1.],[0.42230633],[1.],"(array([0.]), array([0.]), array([0.]))","(array([0.]), array([0.]), array([0.]))","(array([0.]), array([0.]), array([0.]))","(array([0.]), array([0.]), array([0.]))","(array([0.]), array([0.]), array([0.]))","(array([0.]), array([0.]), array([0.]))","(array([0.]), array([0.]), array([0.]))","(array([0.]), array([0.]), array([0.]))","(array([0.]), array([0.]), array([0.]))","(array([0.]), array([0.]), array([0.]))","(array([0.]), array([0.]), array([0.]))"
(0.5000049552335784+0j),[-0.49826872],[1.],[0.86702265],[1.],"(array([0.]), array([0.]), array([0.]))","(array([0.]), array([0.]), array([0.]))","(array([0.]), array([0.]), array([0.]))","(array([0.]), array([0.]), array([0.]))","(array([0.]), array([0.]), array([0.]))","(array([0.]), array([0.]), array([0.]))","(array([0.]), array([0.]), array([0.]))","(array([0.]), array([0.]), array([0.]))","(array([0.]), array([0.]), array([0.]))","(array([0.]), array([0.]), array([0.]))","(array([0.]), array([0.]), array([0.]))"
(0.5000049899144845+0j),[-0.51162056],[1.],[0.8592115],[1.],"(array([0.]), array([0.]), array([0.]))","(array([0.]), array([0.]), array([0.]))","(array([0.]), array([0.]), array([0.]))","(array([0.]), array([0.]), array([0.]))","(array([0.]), array([0.]), array([0.]))","(array([0.]), array([0.]), array([0.]))","(array([0.]), array([0.]), array([0.]))","(array([0.]), array([0.]), array([0.]))","(array([0.]), array([0.]), array([0.]))","(array([0.]), array([0.]), array([0.]))","(array([0.]), array([0.]), array([0.]))"
(0.5000050242829447+0j),[-0.80779511],[1.],[0.58946336],[1.],"(array([0.]), array([0.]), array([0.]))","(array([0.]), array([0.]), array([0.]))","(array([0.]), array([0.]), array([0.]))","(array([0.]), array([0.]), array([0.]))","(array([0.]), array([0.]), array([0.]))","(array([0.]), array([0.]), array([0.]))","(array([0.]), array([0.]), array([0.]))","(array([0.]), array([0.]), array([0.]))","(array([0.]), array([0.]), array([0.]))","(array([0.]), array([0.]), array([0.]))","(array([0.]), array([0.]), array([0.]))"
(0.5000050478614794+0j),[-0.87725912],[1.],[0.48001713],[1.],"(array([0.]), array([0.]), array([0.]))","(array([0.]), array([0.]), array([0.]))","(array([0.]), array([0.]), array([0.]))","(array([0.]), array([0.]), array([0.]))","(array([0.]), array([0.]), array([0.]))","(array([0.]), array([0.]), array([0.]))","(array([0.]), array([0.]), array([0.]))","(array([0.]), array([0.]), array([0.]))","(array([0.]), array([0.]), array([0.]))","(array([0.]), array([0.]), array([0.]))","(array([0.]), array([0.]), array([0.]))"
(0.5000050670621642+0j),[-0.80431047],[1.],[0.59420928],[1.],"(array([0.]), array([0.]), array([0.]))","(array([0.]), array([0.]), array([0.]))","(array([0.]), array([0.]), array([0.]))","(array([0.]), array([0.]), array([0.]))","(array([0.]), array([0.]), array([0.]))","(array([0.]), array([0.]), array([0.]))","(array([0.]), array([0.]), array([0.]))","(array([0.]), array([0.]), array([0.]))","(array([0.]), array([0.]), array([0.]))","(array([0.]), array([0.]), array([0.]))","(array([0.]), array([0.]), array([0.]))"
(0.5000050908305351+0j),[-0.85961507],[1.],[0.51094219],[1.],"(array([0.]), array([0.]), array([0.]))","(array([0.]), array([0.]), array([0.]))","(array([0.]), array([0.]), array([0.]))","(array([0.]), array([0.]), array([0.]))","(array([0.]), array([0.]), array([0.]))","(array([0.]), array([0.]), array([0.]))","(array([0.]), array([0.]), array([0.]))","(array([0.]), array([0.]), array([0.]))","(array([0.]), array([0.]), array([0.]))","(array([0.]), array([0.]), array([0.]))","(array([0.]), array([0.]), array([0.]))"
(0.5000051112682227+0j),[-0.6906783],[1.],[0.72316215],[1.],"(array([0.]), array([0.]), array([0.]))","(array([0.]), array([0.]), array([0.]))","(array([0.]), array([0.]), array([0.]))","(array([0.]), array([0.]), array([0.]))","(array([0.]), array([0.]), array([0.]))","(array([0.]), array([0.]), array([0.]))","(array([0.]), array([0.]), array([0.]))","(array([0.]), array([0.]), array([0.]))","(array([0.]), array([0.]), array([0.]))","(array([0.]), array([0.]), array([0.]))","(array([0.]), array([0.]), array([0.]))"
(0.5000051401947088+0j),[-0.53283474],[1.],[0.84621932],[1.],"(array([0.]), array([0.]), array([0.]))","(array([0.]), array([0.]), array([0.]))","(array([0.]), array([0.]), array([0.]))","(array([0.]), array([0.]), array([0.]))","(array([0.]), array([0.]), array([0.]))","(array([0.]), array([0.]), array([0.]))","(array([0.]), array([0.]), array([0.]))","(array([0.]), array([0.]), array([0.]))","(array([0.]), array([0.]), array([0.]))","(array([0.]), array([0.]), array([0.]))","(array([0.]), array([0.]), array([0.]))"
(0.5000051740434823+0j),[-0.55836584],[1.],[0.82959483],[1.],"(array([0.]), array([0.]), array([0.]))","(array([0.]), array([0.]), array([0.]))","(array([0.]), array([0.]), array([0.]))","(array([0.]), array([0.]), array([0.]))","(array([0.]), array([0.]), array([0.]))","(array([0.]), array([0.]), array([0.]))","(array([0.]), array([0.]), array([0.]))","(array([0.]), array([0.]), array([0.]))","(array([0.]), array([0.]), array([0.]))","(array([0.]), array([0.]), array([0.]))","(array([0.]), array([0.]), array([0.]))"
(0.5000052072272759+0j),[-0.63411067],[1.],[0.7732423],[1.],"(array([0.]), array([0.]), array([0.]))","(array([0.]), array([0.]), array([0.]))","(array([0.]), array([0.]), array([0.]))","(array([0.]), array([0.]), array([0.]))","(array([0.]), array([0.]), array([0.]))","(array([0.]), array([0.]), array([0.]))","(array([0.]), array([0.]), array([0.]))","(array([0.]), array([0.]), array([0.]))","(array([0.]), array([0.]), array([0.]))","(array([0.]), array([0.]), array([0.]))","(array([0.]), array([0.]), array([0.]))"
(0.5000052381569676+0j),[-0.77569656],[1.],[0.63110606],[1.],"(array([0.]), array([0.]), array([0.]))","(array([0.]), array([0.]), array([0.]))","(array([0.]), array([0.]), array([0.]))","(array([0.]), array([0.]), array([0.]))","(array([0.]), array([0.]), array([0.]))","(array([0.]), array([0.]), array([0.]))","(array([0.]), array([0.]), array([0.]))","(array([0.]), array([0.]), array([0.]))","(array([0.]), array([0.]), array([0.]))","(array([0.]), array([0.]), array([0.]))","(array([0.]), array([0.]), array([0.]))"
(0.5000052634012098+0j),[-0.85617018],[1.],[0.51669393],[1.],"(array([0.]), array([0.]), array([0.]))","(array([0.]), array([0.]), array([0.]))","(array([0.]), array([0.]), array([0.]))","(array([0.]), array([0.]), array([0.]))","(array([0.]), array([0.]), array([0.]))","(array([0.]), array([0.]), array([0.]))","(array([0.]), array([0.]), array([0.]))","(array([0.]), array([0.]), array([0.]))","(array([0.]), array([0.]), array([0.]))","(array([0.]), array([0.]), array([0.]))","(array([0.]), array([0.]), array([0.]))"
(0.5000052840689664+0j),[-0.96931776],[1.],[0.24581107],[1.],"(array([0.]), array([0.]), array([0.]))","(array([0.]), array([0.]), array([0.]))","(array([0.]), array([0.]), array([0.]))","(array([0.]), array([0.]), array([0.]))","(array([0.]), array([0.]), array([0.]))","(array([0.]), array([0.]), array([0.]))","(array([0.]), array([0.]), array([0.]))","(array([0.]), array([0.]), array([0.]))","(array([0.]), array([0.]), array([0.]))","(array([0.]), array([0.]), array([0.]))","(array([0.]), array([0.]), array([0.]))"
(0.5000052939014099+0j),[-0.88269234],[1.],[0.4699513],[1.],"(array([0.]), array([0.]), array([0.]))","(array([0.]), array([0.]), array([0.]))","(array([0.]), array([0.]), array([0.]))","(array([0.]), array([0.]), array([0.]))","(array([0.]), array([0.]), array([0.]))","(array([0.]), array([0.]), array([0.]))","(array([0.]), array([0.]), array([0.]))","(array([0.]), array([0.]), array([0.]))","(array([0.]), array([0.]), array([0.]))","(array([0.]), array([0.]), array([0.]))","(array([0.]), array([0.]), array([0.]))"
(0.500005312699462+0j),[-0.69139676],[1.],[0.72247528],[1.],"(array([0.]), array([0.]), array([0.]))","(array([0.]), array([0.]), array([0.]))","(array([0.]), array([0.]), array([0.]))","(array([0.]), array([0.]), array([0.]))","(array([0.]), array([0.]), array([0.]))","(array([0.]), array([0.]), array([0.]))","(array([0.]), array([0.]), array([0.]))","(array([0.]), array([0.]), array([0.]))","(array([0.]), array([0.]), array([0.]))","(array([0.]), array([0.]), array([0.]))","(array([0.]), array([0.]), array([0.]))"
(0.5000053415984733+0j),[-0.84929487],[1.],[0.52791877],[1.],"(array([0.]), array([0.]), array([0.]))","(array([0.]), array([0.]), array([0.]))","(array([0.]), array([0.]), array([0.]))","(array([0.]), array([0.]), array([0.]))","(array([0.]), array([0.]), array([0.]))","(array([0.]), array([0.]), array([0.]))","(array([0.]), array([0.]), array([0.]))","(array([0.]), array([0.]), array([0.]))","(array([0.]), array([0.]), array([0.]))","(array([0.]), array([0.]), array([0.]))","(array([0.]), array([0.]), array([0.]))"
(0.5000053627152243+0j),[-0.94929468],[1.],[0.31438768],[1.],"(array([0.]), array([0.]), array([0.]))","(array([0.]), array([0.]), array([0.]))","(array([0.]), array([0.]), array([0.]))","(array([0.]), array([0.]), array([0.]))","(array([0.]), array([0.]), array([0.]))","(array([0.]), array([0.]), array([0.]))","(array([0.]), array([0.]), array([0.]))","(array([0.]), array([0.]), array([0.]))","(array([0.]), array([0.]), array([0.]))","(array([0.]), array([0.]), array([0.]))","(array([0.]), array([0.]), array([0.]))"
(0.5000053752907314+0j),[-0.99942576],[1.],[-0.03388433],[1.],"(array([0.]), array([0.]), array([0.]))","(array([0.]), array([0.]), array([0.]))","(array([0.]), array([0.]), array([0.]))","(array([0.]), array([0.]), array([0.]))","(array([0.]), array([0.]), array([0.]))","(array([0.]), array([0.]), array([0.]))","(array([0.]), array([0.]), array([0.]))","(array([0.]), array([0.]), array([0.]))","(array([0.]), array([0.]), array([0.]))","(array([0.]), array([0.]), array([0.]))","(array([0.]), array([0.]), array([0.]))"
(0.500005373935358+0j),[-0.97442203],[1.],[-0.22472583],[1.],"(array([0.]), array([0.]), array([0.]))","(array([0.]), array([0.]), array([0.]))","(array([0.]), array([0.]), array([0.]))","(array([0.]), array([0.]), array([0.]))","(array([0.]), array([0.]), array([0.]))","(array([0.]), array([0.]), array([0.]))","(array([0.]), array([0.]), array([0.]))","(array([0.]), array([0.]), array([0.]))","(array([0.]), array([0.]), array([0.]))","(array([0.]), array([0.]), array([0.]))","(array([0.]), array([0.]), array([0.]))"
(0.5000053649463245+0j),[-0.66153762],[1.],[-0.74991198],[1.],"(array([0.]), array([0.]), array([0.]))","(array([0.]), array([0.]), array([0.]))","(array([0.]), array([0.]), array([0.]))","(array([0.]), array([0.]), array([0.]))","(array([0.]), array([0.]), array([0.]))","(array([0.]), array([0.]), array([0.]))","(array([0.]), array([0.]), array([0.]))","(array([0.]), array([0.]), array([0.]))","(array([0.]), array([0.]), array([0.]))","(array([0.]), array([0.]), array([0.]))","(array([0.]), array([0.]), array([0.]))"
(0.5000053349498449+0j),[-0.47451372],[1.],[-0.88024811],[1.],"(array([0.]), array([0.]), array([0.]))","(array([0.]), array([0.]), array([0.]))","(array([0.]), array([0.]), array([0.]))","(array([0.]), array([0.]), array([0.]))","(array([0.]), array([0.]), array([0.]))","(array([0.]), array([0.]), array([0.]))","(array([0.]), array([0.]), array([0.]))","(array([0.]), array([0.]), array([0.]))","(array([0.]), array([0.]), array([0.]))","(array([0.]), array([0.]), array([0.]))","(array([0.]), array([0.]), array([0.]))"
(0.5000052997399207+0j),[-0.68441031],[1.],[-0.72909706],[1.],"(array([0.]), array([0.]), array([0.]))","(array([0.]), array([0.]), array([0.]))","(array([0.]), array([0.]), array([0.]))","(array([0.]), array([0.]), array([0.]))","(array([0.]), array([0.]), array([0.]))","(array([0.]), array([0.]), array([0.]))","(array([0.]), array([0.]), array([0.]))","(array([0.]), array([0.]), array([0.]))","(array([0.]), array([0.]), array([0.]))","(array([0.]), array([0.]), array([0.]))","(array([0.]), array([0.]), array([0.]))"
(0.5000052705760383+0j),[-0.63240974],[1.],[-0.77463405],[1.],"(array([0.]), array([0.]), array([0.]))","(array([0.]), array([0.]), array([0.]))","(array([0.]), array([0.]), array([0.]))","(array([0.]), array([0.]), array([0.]))","(array([0.]), array([0.]), array([0.]))","(array([0.]), array([0.]), array([0.]))","(array([0.]), array([0.]), array([0.]))","(array([0.]), array([0.]), array([0.]))","(array([0.]), array([0.]), array([0.]))","(array([0.]), array([0.]), array([0.]))","(array([0.]), array([0.]), array([0.]))"
(0.5000052395906763+0j),[-0.75494939],[1.],[-0.65578306],[1.],"(array([0.]), array([0.]), array([0.]))","(array([0.]), array([0.]), array([0.]))","(array([0.]), array([0.]), array([0.]))","(array([0.]), array([0.]), array([0.]))","(array([0.]), array([0.]), array([0.]))","(array([0.]), array([0.]), array([0.]))","(array([0.]), array([0.]), array([0.]))","(array([0.]), array([0.]), array([0.]))","(array([0.]), array([0.]), array([0.]))","(array([0.]), array([0.]), array([0.]))","(array([0.]), array([0.]), array([0.]))"
(0.5000052133593539+0j),[-0.68731288],[1.],[-0.72636148],[1.],"(array([0.]), array([0.]), array([0.]))","(array([0.]), array([0.]), array([0.]))","(array([0.]), array([0.]), array([0.]))","(array([0.]), array([0.]), array([0.]))","(array([0.]), array([0.]), array([0.]))","(array([0.]), array([0.]), array([0.]))","(array([0.]), array([0.]), array([0.]))","(array([0.]), array([0.]), array([0.]))","(array([0.]), array([0.]), array([0.]))","(array([0.]), array([0.]), array([0.]))","(array([0.]), array([0.]), array([0.]))"
(0.5000051843048947+0j),[-0.89566159],[1.],[-0.44473623],[1.],"(array([0.]), array([0.]), array([0.]))","(array([0.]), array([0.]), array([0.]))","(array([0.]), array([0.]), array([0.]))","(array([0.]), array([0.]), array([0.]))","(array([0.]), array([0.]), array([0.]))","(array([0.]), array([0.]), array([0.]))","(array([0.]), array([0.]), array([0.]))","(array([0.]), array([0.]), array([0.]))","(array([0.]), array([0.]), array([0.]))","(array([0.]), array([0.]), array([0.]))","(array([0.]), array([0.]), array([0.]))"
(0.5000051665154454+0j),[-0.91266595],[1.],[-0.40870633],[1.],"(array([0.]), array([0.]), array([0.]))","(array([0.]), array([0.]), array([0.]))","(array([0.]), array([0.]), array([0.]))","(array([0.]), array([0.]), array([0.]))","(array([0.]), array([0.]), array([0.]))","(array([0.]), array([0.]), array([0.]))","(array([0.]), array([0.]), array([0.]))","(array([0.]), array([0.]), array([0.]))","(array([0.]), array([0.]), array([0.]))","(array([0.]), array([0.]), array([0.]))","(array([0.]), array([0.]), array([0.]))"
(0.5000051501671924+0j),[-0.87880863],[1.],[-0.47717438],[1.],"(array([0.]), array([0.]), array([0.]))","(array([0.]), array([0.]), array([0.]))","(array([0.]), array([0.]), array([0.]))","(array([0.]), array([0.]), array([0.]))","(array([0.]), array([0.]), array([0.]))","(array([0.]), array([0.]), array([0.]))","(array([0.]), array([0.]), array([0.]))","(array([0.]), array([0.]), array([0.]))","(array([0.]), array([0.]), array([0.]))","(array([0.]), array([0.]), array([0.]))","(array([0.]), array([0.]), array([0.]))"
(0.5000051310802177+0j),[-0.99991487],[1.],[0.01304783],[1.],"(array([0.]), array([0.]), array([0.]))","(array([0.]), array([0.]), array([0.]))","(array([0.]), array([0.]), array([0.]))","(array([0.]), array([0.]), array([0.]))","(array([0.]), array([0.]), array([0.]))","(array([0.]), array([0.]), array([0.]))","(array([0.]), array([0.]), array([0.]))","(array([0.]), array([0.]), array([0.]))","(array([0.]), array([0.]), array([0.]))","(array([0.]), array([0.]), array([0.]))","(array([0.]), array([0.]), array([0.]))"
(0.5000051316021307+0j),[-0.99865629],[1.],[-0.05182295],[1.],"(array([0.]), array([0.]), array([0.]))","(array([0.]), array([0.]), array([0.]))","(array([0.]), array([0.]), array([0.]))","(array([0.]), array([0.]), array([0.]))","(array([0.]), array([0.]), array([0.]))","(array([0.]), array([0.]), array([0.]))","(array([0.]), array([0.]), array([0.]))","(array([0.]), array([0.]), array([0.]))","(array([0.]), array([0.]), array([0.]))","(array([0.]), array([0.]), array([0.]))","(array([0.]), array([0.]), array([0.]))"
(0.5000051295292128+0j),[-0.95648442],[1.],[-0.2917834],[1.],"(array([0.]), array([0.]), array([0.]))","(array([0.]), array([0.]), array([0.]))","(array([0.]), array([0.]), array([0.]))","(array([0.]), array([0.]), array([0.]))","(array([0.]), array([0.]), array([0.]))","(array([0.]), array([0.]), array([0.]))","(array([0.]), array([0.]), array([0.]))","(array([0.]), array([0.]), array([0.]))","(array([0.]), array([0.]), array([0.]))","(array([0.]), array([0.]), array([0.]))","(array([0.]), array([0.]), array([0.]))"
(0.5000051178578762+0j),[-0.96748425],[1.],[-0.25293127],[1.],"(array([0.]), array([0.]), array([0.]))","(array([0.]), array([0.]), array([0.]))","(array([0.]), array([0.]), array([0.]))","(array([0.]), array([0.]), array([0.]))","(array([0.]), array([0.]), array([0.]))","(array([0.]), array([0.]), array([0.]))","(array([0.]), array([0.]), array([0.]))","(array([0.]), array([0.]), array([0.]))","(array([0.]), array([0.]), array([0.]))","(array([0.]), array([0.]), array([0.]))","(array([0.]), array([0.]), array([0.]))"
(0.5000051077406255+0j),[-0.96549057],[1.],[-0.26043802],[1.],"(array([0.]), array([0.]), array([0.]))","(array([0.]), array([0.]), array([0.]))","(array([0.]), array([0.]), array([0.]))","(array([0.]), array([0.]), array([0.]))","(array([0.]), array([0.]), array([0.]))","(array([0.]), array([0.]), array([0.]))","(array([0.]), array([0.]), array([0.]))","(array([0.]), array([0.]), array([0.]))","(array([0.]), array([0.]), array([0.]))","(array([0.]), array([0.]), array([0.]))","(array([0.]), array([0.]), array([0.]))"
(0.5000050973231046+0j),[-0.9987397],[1.],[-0.05018984],[1.],"(array([0.]), array([0.]), array([0.]))","(array([0.]), array([0.]), array([0.]))","(array([0.]), array([0.]), array([0.]))","(array([0.]), array([0.]), array([0.]))","(array([0.]), array([0.]), array([0.]))","(array([0.]), array([0.]), array([0.]))","(array([0.]), array([0.]), array([0.]))","(array([0.]), array([0.]), array([0.]))","(array([0.]), array([0.]), array([0.]))","(array([0.]), array([0.]), array([0.]))","(array([0.]), array([0.]), array([0.]))"
(0.5000050953155112+0j),[-0.97262188],[1.],[-0.23239339],[1.],"(array([0.]), array([0.]), array([0.]))","(array([0.]), array([0.]), array([0.]))","(array([0.]), array([0.]), array([0.]))","(array([0.]), array([0.]), array([0.]))","(array([0.]), array([0.]), array([0.]))","(array([0.]), array([0.]), array([0.]))","(array([0.]), array([0.]), array([0.]))","(array([0.]), array([0.]), array([0.]))","(array([0.]), array([0.]), array([0.]))","(array([0.]), array([0.]), array([0.]))","(array([0.]), array([0.]), array([0.]))"
(0.5000050860197752+0j),[-0.99729316],[1.],[-0.07352792],[1.],"(array([0.]), array([0.]), array([0.]))","(array([0.]), array([0.]), array([0.]))","(array([0.]), array([0.]), array([0.]))","(array([0.]), array([0.]), array([0.]))","(array([0.]), array([0.]), array([0.]))","(array([0.]), array([0.]), array([0.]))","(array([0.]), array([0.]), array([0.]))","(array([0.]), array([0.]), array([0.]))","(array([0.]), array([0.]), array([0.]))","(array([0.]), array([0.]), array([0.]))","(array([0.]), array([0.]), array([0.]))"
(0.5000050830786587+0j),[-0.99530351],[1.],[0.09680353],[1.],"(array([0.]), array([0.]), array([0.]))","(array([0.]), array([0.]), array([0.]))","(array([0.]), array([0.]), array([0.]))","(array([0.]), array([0.]), array([0.]))","(array([0.]), array([0.]), array([0.]))","(array([0.]), array([0.]), array([0.]))","(array([0.]), array([0.]), array([0.]))","(array([0.]), array([0.]), array([0.]))","(array([0.]), array([0.]), array([0.]))","(array([0.]), array([0.]), array([0.]))","(array([0.]), array([0.]), array([0.]))"
(0.5000050869507997+0j),[-0.99933095],[1.],[-0.03657394],[1.],"(array([0.]), array([0.]), array([0.]))","(array([0.]), array([0.]), array([0.]))","(array([0.]), array([0.]), array([0.]))","(array([0.]), array([0.]), array([0.]))","(array([0.]), array([0.]), array([0.]))","(array([0.]), array([0.]), array([0.]))","(array([0.]), array([0.]), array([0.]))","(array([0.]), array([0.]), array([0.]))","(array([0.]), array([0.]), array([0.]))","(array([0.]), array([0.]), array([0.]))","(array([0.]), array([0.]), array([0.]))"
(0.500005085487842+0j),[-0.99999226],[1.],[-0.00393329],[1.],"(array([0.]), array([0.]), array([0.]))","(array([0.]), array([0.]), array([0.]))","(array([0.]), array([0.]), array([0.]))","(array([0.]), array([0.]), array([0.]))","(array([0.]), array([0.]), array([0.]))","(array([0.]), array([0.]), array([0.]))","(array([0.]), array([0.]), array([0.]))","(array([0.]), array([0.]), array([0.]))","(array([0.]), array([0.]), array([0.]))","(array([0.]), array([0.]), array([0.]))","(array([0.]), array([0.]), array([0.]))"
(0.5000050853305107+0j),[-0.9855706],[1.],[-0.16926483],[1.],"(array([0.]), array([0.]), array([0.]))","(array([0.]), array([0.]), array([0.]))","(array([0.]), array([0.]), array([0.]))","(array([0.]), array([0.]), array([0.]))","(array([0.]), array([0.]), array([0.]))","(array([0.]), array([0.]), array([0.]))","(array([0.]), array([0.]), array([0.]))","(array([0.]), array([0.]), array([0.]))","(array([0.]), array([0.]), array([0.]))","(array([0.]), array([0.]), array([0.]))","(array([0.]), array([0.]), array([0.]))"
(0.5000050785599168+0j),[-0.95560858],[1.],[0.29463919],[1.],"(array([0.]), array([0.]), array([0.]))","(array([0.]), array([0.]), array([0.]))","(array([0.]), array([0.]), array([0.]))","(array([0.]), array([0.]), array([0.]))","(array([0.]), array([0.]), array([0.]))","(array([0.]), array([0.]), array([0.]))","(array([0.]), array([0.]), array([0.]))","(array([0.]), array([0.]), array([0.]))","(array([0.]), array([0.]), array([0.]))","(array([0.]), array([0.]), array([0.]))","(array([0.]), array([0.]), array([0.]))"
(0.500005090345484+0j),[-0.98750458],[1.],[0.15759033],[1.],"(array([0.]), array([0.]), array([0.]))","(array([0.]), array([0.]), array([0.]))","(array([0.]), array([0.]), array([0.]))","(array([0.]), array([0.]), array([0.]))","(array([0.]), array([0.]), array([0.]))","(array([0.]), array([0.]), array([0.]))","(array([0.]), array([0.]), array([0.]))","(array([0.]), array([0.]), array([0.]))","(array([0.]), array([0.]), array([0.]))","(array([0.]), array([0.]), array([0.]))","(array([0.]), array([0.]), array([0.]))"
(0.500005096649097+0j),[-0.99771362],[1.],[0.06758357],[1.],"(array([0.]), array([0.]), array([0.]))","(array([0.]), array([0.]), array([0.]))","(array([0.]), array([0.]), array([0.]))","(array([0.]), array([0.]), array([0.]))","(array([0.]), array([0.]), array([0.]))","(array([0.]), array([0.]), array([0.]))","(array([0.]), array([0.]), array([0.]))","(array([0.]), array([0.]), array([0.]))","(array([0.]), array([0.]), array([0.]))","(array([0.]), array([0.]), array([0.]))","(array([0.]), array([0.]), array([0.]))"
(0.5000050993524395+0j),[-0.98942883],[1.],[-0.1450193],[1.],"(array([0.]), array([0.]), array([0.]))","(array([0.]), array([0.]), array([0.]))","(array([0.]), array([0.]), array([0.]))","(array([0.]), array([0.]), array([0.]))","(array([0.]), array([0.]), array([0.]))","(array([0.]), array([0.]), array([0.]))","(array([0.]), array([0.]), array([0.]))","(array([0.]), array([0.]), array([0.]))","(array([0.]), array([0.]), array([0.]))","(array([0.]), array([0.]), array([0.]))","(array([0.]), array([0.]), array([0.]))"
(0.5000050935516677+0j),[-0.97702826],[1.],[-0.21310976],[1.],"(array([0.]), array([0.]), array([0.]))","(array([0.]), array([0.]), array([0.]))","(array([0.]), array([0.]), array([0.]))","(array([0.]), array([0.]), array([0.]))","(array([0.]), array([0.]), array([0.]))","(array([0.]), array([0.]), array([0.]))","(array([0.]), array([0.]), array([0.]))","(array([0.]), array([0.]), array([0.]))","(array([0.]), array([0.]), array([0.]))","(array([0.]), array([0.]), array([0.]))","(array([0.]), array([0.]), array([0.]))"
(0.5000050850272765+0j),[-0.97677714],[1.],[-0.21425782],[1.],"(array([0.]), array([0.]), array([0.]))","(array([0.]), array([0.]), array([0.]))","(array([0.]), array([0.]), array([0.]))","(array([0.]), array([0.]), array([0.]))","(array([0.]), array([0.]), array([0.]))","(array([0.]), array([0.]), array([0.]))","(array([0.]), array([0.]), array([0.]))","(array([0.]), array([0.]), array([0.]))","(array([0.]), array([0.]), array([0.]))","(array([0.]), array([0.]), array([0.]))","(array([0.]), array([0.]), array([0.]))"
(0.5000050764569636+0j),[-0.99805537],[1.],[-0.06233368],[1.],"(array([0.]), array([0.]), array([0.]))","(array([0.]), array([0.]), array([0.]))","(array([0.]), array([0.]), array([0.]))","(array([0.]), array([0.]), array([0.]))","(array([0.]), array([0.]), array([0.]))","(array([0.]), array([0.]), array([0.]))","(array([0.]), array([0.]), array([0.]))","(array([0.]), array([0.]), array([0.]))","(array([0.]), array([0.]), array([0.]))","(array([0.]), array([0.]), array([0.]))","(array([0.]), array([0.]), array([0.]))"
(0.5000050739636165+0j),[-0.98303334],[1.],[-0.18342697],[1.],"(array([0.]), array([0.]), array([0.]))","(array([0.]), array([0.]), array([0.]))","(array([0.]), array([0.]), array([0.]))","(array([0.]), array([0.]), array([0.]))","(array([0.]), array([0.]), array([0.]))","(array([0.]), array([0.]), array([0.]))","(array([0.]), array([0.]), array([0.]))","(array([0.]), array([0.]), array([0.]))","(array([0.]), array([0.]), array([0.]))","(array([0.]), array([0.]), array([0.]))","(array([0.]), array([0.]), array([0.]))"
(0.5000050666265377+0j),[-0.97554127],[1.],[-0.21981637],[1.],"(array([0.]), array([0.]), array([0.]))","(array([0.]), array([0.]), array([0.]))","(array([0.]), array([0.]), array([0.]))","(array([0.]), array([0.]), array([0.]))","(array([0.]), array([0.]), array([0.]))","(array([0.]), array([0.]), array([0.]))","(array([0.]), array([0.]), array([0.]))","(array([0.]), array([0.]), array([0.]))","(array([0.]), array([0.]), array([0.]))","(array([0.]), array([0.]), array([0.]))","(array([0.]), array([0.]), array([0.]))"
(0.5000050578338824+0j),[-0.87521119],[1.],[-0.48374102],[1.],"(array([0.]), array([0.]), array([0.]))","(array([0.]), array([0.]), array([0.]))","(array([0.]), array([0.]), array([0.]))","(array([0.]), array([0.]), array([0.]))","(array([0.]), array([0.]), array([0.]))","(array([0.]), array([0.]), array([0.]))","(array([0.]), array([0.]), array([0.]))","(array([0.]), array([0.]), array([0.]))","(array([0.]), array([0.]), array([0.]))","(array([0.]), array([0.]), array([0.]))","(array([0.]), array([0.]), array([0.]))"
(0.5000050384842416+0j),[-0.78357038],[1.],[-0.62130304],[1.],"(array([0.]), array([0.]), array([0.]))","(array([0.]), array([0.]), array([0.]))","(array([0.]), array([0.]), array([0.]))","(array([0.]), array([0.]), array([0.]))","(array([0.]), array([0.]), array([0.]))","(array([0.]), array([0.]), array([0.]))","(array([0.]), array([0.]), array([0.]))","(array([0.]), array([0.]), array([0.]))","(array([0.]), array([0.]), array([0.]))","(array([0.]), array([0.]), array([0.]))","(array([0.]), array([0.]), array([0.]))"
(0.50000501363212+0j),[-0.99289897],[1.],[-0.11896066],[1.],"(array([0.]), array([0.]), array([0.]))","(array([0.]), array([0.]), array([0.]))","(array([0.]), array([0.]), array([0.]))","(array([0.]), array([0.]), array([0.]))","(array([0.]), array([0.]), array([0.]))","(array([0.]), array([0.]), array([0.]))","(array([0.]), array([0.]), array([0.]))","(array([0.]), array([0.]), array([0.]))","(array([0.]), array([0.]), array([0.]))","(array([0.]), array([0.]), array([0.]))","(array([0.]), array([0.]), array([0.]))"
(0.5000050088736937+0j),[-0.99604162],[1.],[0.08888812],[1.],"(array([0.]), array([0.]), array([0.]))","(array([0.]), array([0.]), array([0.]))","(array([0.]), array([0.]), array([0.]))","(array([0.]), array([0.]), array([0.]))","(array([0.]), array([0.]), array([0.]))","(array([0.]), array([0.]), array([0.]))","(array([0.]), array([0.]), array([0.]))","(array([0.]), array([0.]), array([0.]))","(array([0.]), array([0.]), array([0.]))","(array([0.]), array([0.]), array([0.]))","(array([0.]), array([0.]), array([0.]))"
(0.5000050124292184+0j),[-0.99773761],[1.],[-0.06722847],[1.],"(array([0.]), array([0.]), array([0.]))","(array([0.]), array([0.]), array([0.]))","(array([0.]), array([0.]), array([0.]))","(array([0.]), array([0.]), array([0.]))","(array([0.]), array([0.]), array([0.]))","(array([0.]), array([0.]), array([0.]))","(array([0.]), array([0.]), array([0.]))","(array([0.]), array([0.]), array([0.]))","(array([0.]), array([0.]), array([0.]))","(array([0.]), array([0.]), array([0.]))","(array([0.]), array([0.]), array([0.]))"
(0.50000500974008+0j),[-0.94448963],[1.],[-0.32854124],[1.],"(array([0.]), array([0.]), array([0.]))","(array([0.]), array([0.]), array([0.]))","(array([0.]), array([0.]), array([0.]))","(array([0.]), array([0.]), array([0.]))","(array([0.]), array([0.]), array([0.]))","(array([0.]), array([0.]), array([0.]))","(array([0.]), array([0.]), array([0.]))","(array([0.]), array([0.]), array([0.]))","(array([0.]), array([0.]), array([0.]))","(array([0.]), array([0.]), array([0.]))","(array([0.]), array([0.]), array([0.]))"
(0.5000049965984302+0j),[-0.86287014],[1.],[-0.50542568],[1.],"(array([0.]), array([0.]), array([0.]))","(array([0.]), array([0.]), array([0.]))","(array([0.]), array([0.]), array([0.]))","(array([0.]), array([0.]), array([0.]))","(array([0.]), array([0.]), array([0.]))","(array([0.]), array([0.]), array([0.]))","(array([0.]), array([0.]), array([0.]))","(array([0.]), array([0.]), array([0.]))","(array([0.]), array([0.]), array([0.]))","(array([0.]), array([0.]), array([0.]))","(array([0.]), array([0.]), array([0.]))"
(0.5000049763814026+0j),[-0.8606694],[1.],[-0.50916419],[1.],"(array([0.]), array([0.]), array([0.]))","(array([0.]), array([0.]), array([0.]))","(array([0.]), array([0.]), array([0.]))","(array([0.]), array([0.]), array([0.]))","(array([0.]), array([0.]), array([0.]))","(array([0.]), array([0.]), array([0.]))","(array([0.]), array([0.]), array([0.]))","(array([0.]), array([0.]), array([0.]))","(array([0.]), array([0.]), array([0.]))","(array([0.]), array([0.]), array([0.]))","(array([0.]), array([0.]), array([0.]))"
(0.5000049560148345+0j),[-0.86418504],[1.],[-0.50317413],[1.],"(array([0.]), array([0.]), array([0.]))","(array([0.]), array([0.]), array([0.]))","(array([0.]), array([0.]), array([0.]))","(array([0.]), array([0.]), array([0.]))","(array([0.]), array([0.]), array([0.]))","(array([0.]), array([0.]), array([0.]))","(array([0.]), array([0.]), array([0.]))","(array([0.]), array([0.]), array([0.]))","(array([0.]), array([0.]), array([0.]))","(array([0.]), array([0.]), array([0.]))","(array([0.]), array([0.]), array([0.]))"
(0.5000049358878692+0j),[-0.77999408],[1.],[-0.62578689],[1.],"(array([0.]), array([0.]), array([0.]))","(array([0.]), array([0.]), array([0.]))","(array([0.]), array([0.]), array([0.]))","(array([0.]), array([0.]), array([0.]))","(array([0.]), array([0.]), array([0.]))","(array([0.]), array([0.]), array([0.]))","(array([0.]), array([0.]), array([0.]))","(array([0.]), array([0.]), array([0.]))","(array([0.]), array([0.]), array([0.]))","(array([0.]), array([0.]), array([0.]))","(array([0.]), array([0.]), array([0.]))"
(0.5000049108563934+0j),[-0.59506094],[1.],[-0.80368058],[1.],"(array([0.]), array([0.]), array([0.]))","(array([0.]), array([0.]), array([0.]))","(array([0.]), array([0.]), array([0.]))","(array([0.]), array([0.]), array([0.]))","(array([0.]), array([0.]), array([0.]))","(array([0.]), array([0.]), array([0.]))","(array([0.]), array([0.]), array([0.]))","(array([0.]), array([0.]), array([0.]))","(array([0.]), array([0.]), array([0.]))","(array([0.]), array([0.]), array([0.]))","(array([0.]), array([0.]), array([0.]))"
(0.5000048787091708+0j),[-0.79670118],[1.],[-0.60437341],[1.],"(array([0.]), array([0.]), array([0.]))","(array([0.]), array([0.]), array([0.]))","(array([0.]), array([0.]), array([0.]))","(array([0.]), array([0.]), array([0.]))","(array([0.]), array([0.]), array([0.]))","(array([0.]), array([0.]), array([0.]))","(array([0.]), array([0.]), array([0.]))","(array([0.]), array([0.]), array([0.]))","(array([0.]), array([0.]), array([0.]))","(array([0.]), array([0.]), array([0.]))","(array([0.]), array([0.]), array([0.]))"
(0.5000048545342346+0j),[-0.84797565],[1.],[-0.53003519],[1.],"(array([0.]), array([0.]), array([0.]))","(array([0.]), array([0.]), array([0.]))","(array([0.]), array([0.]), array([0.]))","(array([0.]), array([0.]), array([0.]))","(array([0.]), array([0.]), array([0.]))","(array([0.]), array([0.]), array([0.]))","(array([0.]), array([0.]), array([0.]))","(array([0.]), array([0.]), array([0.]))","(array([0.]), array([0.]), array([0.]))","(array([0.]), array([0.]), array([0.]))","(array([0.]), array([0.]), array([0.]))"
(0.5000048333328269+0j),[-0.8059276],[1.],[-0.59201411],[1.],"(array([0.]), array([0.]), array([0.]))","(array([0.]), array([0.]), array([0.]))","(array([0.]), array([0.]), array([0.]))","(array([0.]), array([0.]), array([0.]))","(array([0.]), array([0.]), array([0.]))","(array([0.]), array([0.]), array([0.]))","(array([0.]), array([0.]), array([0.]))","(array([0.]), array([0.]), array([0.]))","(array([0.]), array([0.]), array([0.]))","(array([0.]), array([0.]), array([0.]))","(array([0.]), array([0.]), array([0.]))"
(0.5000048096522628+0j),[-0.77902446],[1.],[-0.62699353],[1.],"(array([0.]), array([0.]), array([0.]))","(array([0.]), array([0.]), array([0.]))","(array([0.]), array([0.]), array([0.]))","(array([0.]), array([0.]), array([0.]))","(array([0.]), array([0.]), array([0.]))","(array([0.]), array([0.]), array([0.]))","(array([0.]), array([0.]), array([0.]))","(array([0.]), array([0.]), array([0.]))","(array([0.]), array([0.]), array([0.]))","(array([0.]), array([0.]), array([0.]))","(array([0.]), array([0.]), array([0.]))"
(0.5000047845725218+0j),[-0.70838136],[1.],[-0.7058299],[1.],"(array([0.]), array([0.]), array([0.]))","(array([0.]), array([0.]), array([0.]))","(array([0.]), array([0.]), array([0.]))","(array([0.]), array([0.]), array([0.]))","(array([0.]), array([0.]), array([0.]))","(array([0.]), array([0.]), array([0.]))","(array([0.]), array([0.]), array([0.]))","(array([0.]), array([0.]), array([0.]))","(array([0.]), array([0.]), array([0.]))","(array([0.]), array([0.]), array([0.]))","(array([0.]), array([0.]), array([0.]))"
(0.5000047563393257+0j),[-0.1986627],[1.],[-0.98006792],[1.],"(array([0.]), array([0.]), array([0.]))","(array([0.]), array([0.]), array([0.]))","(array([0.]), array([0.]), array([0.]))","(array([0.]), array([0.]), array([0.]))","(array([0.]), array([0.]), array([0.]))","(array([0.]), array([0.]), array([0.]))","(array([0.]), array([0.]), array([0.]))","(array([0.]), array([0.]), array([0.]))","(array([0.]), array([0.]), array([0.]))","(array([0.]), array([0.]), array([0.]))","(array([0.]), array([0.]), array([0.]))"
(0.5000047171366093+0j),[-0.22127882],[1.],[-0.97521058],[1.],"(array([0.]), array([0.]), array([0.]))","(array([0.]), array([0.]), array([0.]))","(array([0.]), array([0.]), array([0.]))","(array([0.]), array([0.]), array([0.]))","(array([0.]), array([0.]), array([0.]))","(array([0.]), array([0.]), array([0.]))","(array([0.]), array([0.]), array([0.]))","(array([0.]), array([0.]), array([0.]))","(array([0.]), array([0.]), array([0.]))","(array([0.]), array([0.]), array([0.]))","(array([0.]), array([0.]), array([0.]))"
(0.500004678128186+0j),[-0.0090166],[1.],[-0.99995935],[1.],"(array([0.]), array([0.]), array([0.]))","(array([0.]), array([0.]), array([0.]))","(array([0.]), array([0.]), array([0.]))","(array([0.]), array([0.]), array([0.]))","(array([0.]), array([0.]), array([0.]))","(array([0.]), array([0.]), array([0.]))","(array([0.]), array([0.]), array([0.]))","(array([0.]), array([0.]), array([0.]))","(array([0.]), array([0.]), array([0.]))","(array([0.]), array([0.]), array([0.]))","(array([0.]), array([0.]), array([0.]))"
(0.5000046381298122+0j),[0.19035146],[1.],[-0.98171601],[1.],"(array([0.]), array([0.]), array([0.]))","(array([0.]), array([0.]), array([0.]))","(array([0.]), array([0.]), array([0.]))","(array([0.]), array([0.]), array([0.]))","(array([0.]), array([0.]), array([0.]))","(array([0.]), array([0.]), array([0.]))","(array([0.]), array([0.]), array([0.]))","(array([0.]), array([0.]), array([0.]))","(array([0.]), array([0.]), array([0.]))","(array([0.]), array([0.]), array([0.]))","(array([0.]), array([0.]), array([0.]))"
(0.5000045988611722+0j),[0.31416085],[1.],[-0.94936977],[1.],"(array([0.]), array([0.]), array([0.]))","(array([0.]), array([0.]), array([0.]))","(array([0.]), array([0.]), array([0.]))","(array([0.]), array([0.]), array([0.]))","(array([0.]), array([0.]), array([0.]))","(array([0.]), array([0.]), array([0.]))","(array([0.]), array([0.]), array([0.]))","(array([0.]), array([0.]), array([0.]))","(array([0.]), array([0.]), array([0.]))","(array([0.]), array([0.]), array([0.]))","(array([0.]), array([0.]), array([0.]))"
(0.5000045608863812+0j),[0.17224894],[1.],[-0.98505345],[1.],"(array([0.]), array([0.]), array([0.]))","(array([0.]), array([0.]), array([0.]))","(array([0.]), array([0.]), array([0.]))","(array([0.]), array([0.]), array([0.]))","(array([0.]), array([0.]), array([0.]))","(array([0.]), array([0.]), array([0.]))","(array([0.]), array([0.]), array([0.]))","(array([0.]), array([0.]), array([0.]))","(array([0.]), array([0.]), array([0.]))","(array([0.]), array([0.]), array([0.]))","(array([0.]), array([0.]), array([0.]))"
(0.5000045214842432+0j),[0.39605676],[1.],[-0.91822603],[1.],"(array([0.]), array([0.]), array([0.]))","(array([0.]), array([0.]), array([0.]))","(array([0.]), array([0.]), array([0.]))","(array([0.]), array([0.]), array([0.]))","(array([0.]), array([0.]), array([0.]))","(array([0.]), array([0.]), array([0.]))","(array([0.]), array([0.]), array([0.]))","(array([0.]), array([0.]), array([0.]))","(array([0.]), array([0.]), array([0.]))","(array([0.]), array([0.]), array([0.]))","(array([0.]), array([0.]), array([0.]))"
(0.5000044847552022+0j),[0.63967451],[1.],[-0.7686459],[1.],"(array([0.]), array([0.]), array([0.]))","(array([0.]), array([0.]), array([0.]))","(array([0.]), array([0.]), array([0.]))","(array([0.]), array([0.]), array([0.]))","(array([0.]), array([0.]), array([0.]))","(array([0.]), array([0.]), array([0.]))","(array([0.]), array([0.]), array([0.]))","(array([0.]), array([0.]), array([0.]))","(array([0.]), array([0.]), array([0.]))","(array([0.]), array([0.]), array([0.]))","(array([0.]), array([0.]), array([0.]))"
(0.5000044540093663+0j),[0.53634818],[1.],[-0.84399682],[1.],"(array([0.]), array([0.]), array([0.]))","(array([0.]), array([0.]), array([0.]))","(array([0.]), array([0.]), array([0.]))","(array([0.]), array([0.]), array([0.]))","(array([0.]), array([0.]), array([0.]))","(array([0.]), array([0.]), array([0.]))","(array([0.]), array([0.]), array([0.]))","(array([0.]), array([0.]), array([0.]))","(array([0.]), array([0.]), array([0.]))","(array([0.]), array([0.]), array([0.]))","(array([0.]), array([0.]), array([0.]))"
(0.5000044202494941+0j),[0.40340089],[1.],[-0.91502335],[1.],"(array([0.]), array([0.]), array([0.]))","(array([0.]), array([0.]), array([0.]))","(array([0.]), array([0.]), array([0.]))","(array([0.]), array([0.]), array([0.]))","(array([0.]), array([0.]), array([0.]))","(array([0.]), array([0.]), array([0.]))","(array([0.]), array([0.]), array([0.]))","(array([0.]), array([0.]), array([0.]))","(array([0.]), array([0.]), array([0.]))","(array([0.]), array([0.]), array([0.]))","(array([0.]), array([0.]), array([0.]))"
(0.5000043836485603+0j),[0.57042013],[1.],[-0.82135307],[1.],"(array([0.]), array([0.]), array([0.]))","(array([0.]), array([0.]), array([0.]))","(array([0.]), array([0.]), array([0.]))","(array([0.]), array([0.]), array([0.]))","(array([0.]), array([0.]), array([0.]))","(array([0.]), array([0.]), array([0.]))","(array([0.]), array([0.]), array([0.]))","(array([0.]), array([0.]), array([0.]))","(array([0.]), array([0.]), array([0.]))","(array([0.]), array([0.]), array([0.]))","(array([0.]), array([0.]), array([0.]))"
(0.5000043507944377+0j),[0.47462483],[1.],[-0.8801882],[1.],"(array([0.]), array([0.]), array([0.]))","(array([0.]), array([0.]), array([0.]))","(array([0.]), array([0.]), array([0.]))","(array([0.]), array([0.]), array([0.]))","(array([0.]), array([0.]), array([0.]))","(array([0.]), array([0.]), array([0.]))","(array([0.]), array([0.]), array([0.]))","(array([0.]), array([0.]), array([0.]))","(array([0.]), array([0.]), array([0.]))","(array([0.]), array([0.]), array([0.]))","(array([0.]), array([0.]), array([0.]))"
(0.5000043155869092+0j),[0.52512691],[1.],[-0.85102393],[1.],"(array([0.]), array([0.]), array([0.]))","(array([0.]), array([0.]), array([0.]))","(array([0.]), array([0.]), array([0.]))","(array([0.]), array([0.]), array([0.]))","(array([0.]), array([0.]), array([0.]))","(array([0.]), array([0.]), array([0.]))","(array([0.]), array([0.]), array([0.]))","(array([0.]), array([0.]), array([0.]))","(array([0.]), array([0.]), array([0.]))","(array([0.]), array([0.]), array([0.]))","(array([0.]), array([0.]), array([0.]))"
(0.5000042815459524+0j),[0.47292347],[1.],[-0.88110351],[1.],"(array([0.]), array([0.]), array([0.]))","(array([0.]), array([0.]), array([0.]))","(array([0.]), array([0.]), array([0.]))","(array([0.]), array([0.]), array([0.]))","(array([0.]), array([0.]), array([0.]))","(array([0.]), array([0.]), array([0.]))","(array([0.]), array([0.]), array([0.]))","(array([0.]), array([0.]), array([0.]))","(array([0.]), array([0.]), array([0.]))","(array([0.]), array([0.]), array([0.]))","(array([0.]), array([0.]), array([0.]))"
(0.500004246301812+0j),[0.6778232],[1.],[-0.73522494],[1.],"(array([0.]), array([0.]), array([0.]))","(array([0.]), array([0.]), array([0.]))","(array([0.]), array([0.]), array([0.]))","(array([0.]), array([0.]), array([0.]))","(array([0.]), array([0.]), array([0.]))","(array([0.]), array([0.]), array([0.]))","(array([0.]), array([0.]), array([0.]))","(array([0.]), array([0.]), array([0.]))","(array([0.]), array([0.]), array([0.]))","(array([0.]), array([0.]), array([0.]))","(array([0.]), array([0.]), array([0.]))"
(0.5000042168928144+0j),[0.54653329],[1.],[-0.83743738],[1.],"(array([0.]), array([0.]), array([0.]))","(array([0.]), array([0.]), array([0.]))","(array([0.]), array([0.]), array([0.]))","(array([0.]), array([0.]), array([0.]))","(array([0.]), array([0.]), array([0.]))","(array([0.]), array([0.]), array([0.]))","(array([0.]), array([0.]), array([0.]))","(array([0.]), array([0.]), array([0.]))","(array([0.]), array([0.]), array([0.]))","(array([0.]), array([0.]), array([0.]))","(array([0.]), array([0.]), array([0.]))"
(0.5000041833953196+0j),[0.33119254],[1.],[-0.94356319],[1.],"(array([0.]), array([0.]), array([0.]))","(array([0.]), array([0.]), array([0.]))","(array([0.]), array([0.]), array([0.]))","(array([0.]), array([0.]), array([0.]))","(array([0.]), array([0.]), array([0.]))","(array([0.]), array([0.]), array([0.]))","(array([0.]), array([0.]), array([0.]))","(array([0.]), array([0.]), array([0.]))","(array([0.]), array([0.]), array([0.]))","(array([0.]), array([0.]), array([0.]))","(array([0.]), array([0.]), array([0.]))"
(0.5000041456527922+0j),[0.20860907],[1.],[-0.97799911],[1.],"(array([0.]), array([0.]), array([0.]))","(array([0.]), array([0.]), array([0.]))","(array([0.]), array([0.]), array([0.]))","(array([0.]), array([0.]), array([0.]))","(array([0.]), array([0.]), array([0.]))","(array([0.]), array([0.]), array([0.]))","(array([0.]), array([0.]), array([0.]))","(array([0.]), array([0.]), array([0.]))","(array([0.]), array([0.]), array([0.]))","(array([0.]), array([0.]), array([0.]))","(array([0.]), array([0.]), array([0.]))"
(0.5000041065328276+0j),[0.0983254],[1.],[-0.99515432],[1.],"(array([0.]), array([0.]), array([0.]))","(array([0.]), array([0.]), array([0.]))","(array([0.]), array([0.]), array([0.]))","(array([0.]), array([0.]), array([0.]))","(array([0.]), array([0.]), array([0.]))","(array([0.]), array([0.]), array([0.]))","(array([0.]), array([0.]), array([0.]))","(array([0.]), array([0.]), array([0.]))","(array([0.]), array([0.]), array([0.]))","(array([0.]), array([0.]), array([0.]))","(array([0.]), array([0.]), array([0.]))"
(0.5000040667266552+0j),[0.75321722],[1.],[-0.65777186],[1.],"(array([0.]), array([0.]), array([0.]))","(array([0.]), array([0.]), array([0.]))","(array([0.]), array([0.]), array([0.]))","(array([0.]), array([0.]), array([0.]))","(array([0.]), array([0.]), array([0.]))","(array([0.]), array([0.]), array([0.]))","(array([0.]), array([0.]), array([0.]))","(array([0.]), array([0.]), array([0.]))","(array([0.]), array([0.]), array([0.]))","(array([0.]), array([0.]), array([0.]))","(array([0.]), array([0.]), array([0.]))"
(0.5000040404157806+0j),[0.7179227],[1.],[-0.69612283],[1.],"(array([0.]), array([0.]), array([0.]))","(array([0.]), array([0.]), array([0.]))","(array([0.]), array([0.]), array([0.]))","(array([0.]), array([0.]), array([0.]))","(array([0.]), array([0.]), array([0.]))","(array([0.]), array([0.]), array([0.]))","(array([0.]), array([0.]), array([0.]))","(array([0.]), array([0.]), array([0.]))","(array([0.]), array([0.]), array([0.]))","(array([0.]), array([0.]), array([0.]))","(array([0.]), array([0.]), array([0.]))"
(0.5000040125708679+0j),[0.721456],[1.],[-0.69246028],[1.],"(array([0.]), array([0.]), array([0.]))","(array([0.]), array([0.]), array([0.]))","(array([0.]), array([0.]), array([0.]))","(array([0.]), array([0.]), array([0.]))","(array([0.]), array([0.]), array([0.]))","(array([0.]), array([0.]), array([0.]))","(array([0.]), array([0.]), array([0.]))","(array([0.]), array([0.]), array([0.]))","(array([0.]), array([0.]), array([0.]))","(array([0.]), array([0.]), array([0.]))","(array([0.]), array([0.]), array([0.]))"
(0.5000039848724568+0j),[0.74150573],[1.],[-0.67094653],[1.],"(array([0.]), array([0.]), array([0.]))","(array([0.]), array([0.]), array([0.]))","(array([0.]), array([0.]), array([0.]))","(array([0.]), array([0.]), array([0.]))","(array([0.]), array([0.]), array([0.]))","(array([0.]), array([0.]), array([0.]))","(array([0.]), array([0.]), array([0.]))","(array([0.]), array([0.]), array([0.]))","(array([0.]), array([0.]), array([0.]))","(array([0.]), array([0.]), array([0.]))","(array([0.]), array([0.]), array([0.]))"
(0.5000039580345953+0j),[0.82000936],[1.],[-0.57235011],[1.],"(array([0.]), array([0.]), array([0.]))","(array([0.]), array([0.]), array([0.]))","(array([0.]), array([0.]), array([0.]))","(array([0.]), array([0.]), array([0.]))","(array([0.]), array([0.]), array([0.]))","(array([0.]), array([0.]), array([0.]))","(array([0.]), array([0.]), array([0.]))","(array([0.]), array([0.]), array([0.]))","(array([0.]), array([0.]), array([0.]))","(array([0.]), array([0.]), array([0.]))","(array([0.]), array([0.]), array([0.]))"
(0.5000039351405907+0j),[0.81362159],[1.],[-0.5813948],[1.],"(array([0.]), array([0.]), array([0.]))","(array([0.]), array([0.]), array([0.]))","(array([0.]), array([0.]), array([0.]))","(array([0.]), array([0.]), array([0.]))","(array([0.]), array([0.]), array([0.]))","(array([0.]), array([0.]), array([0.]))","(array([0.]), array([0.]), array([0.]))","(array([0.]), array([0.]), array([0.]))","(array([0.]), array([0.]), array([0.]))","(array([0.]), array([0.]), array([0.]))","(array([0.]), array([0.]), array([0.]))"
(0.500003911884799+0j),[0.76299309],[1.],[-0.64640664],[1.],"(array([0.]), array([0.]), array([0.]))","(array([0.]), array([0.]), array([0.]))","(array([0.]), array([0.]), array([0.]))","(array([0.]), array([0.]), array([0.]))","(array([0.]), array([0.]), array([0.]))","(array([0.]), array([0.]), array([0.]))","(array([0.]), array([0.]), array([0.]))","(array([0.]), array([0.]), array([0.]))","(array([0.]), array([0.]), array([0.]))","(array([0.]), array([0.]), array([0.]))","(array([0.]), array([0.]), array([0.]))"
(0.5000038860285332+0j),[0.79601856],[1.],[-0.60527222],[1.],"(array([0.]), array([0.]), array([0.]))","(array([0.]), array([0.]), array([0.]))","(array([0.]), array([0.]), array([0.]))","(array([0.]), array([0.]), array([0.]))","(array([0.]), array([0.]), array([0.]))","(array([0.]), array([0.]), array([0.]))","(array([0.]), array([0.]), array([0.]))","(array([0.]), array([0.]), array([0.]))","(array([0.]), array([0.]), array([0.]))","(array([0.]), array([0.]), array([0.]))","(array([0.]), array([0.]), array([0.]))"
(0.5000038618176446+0j),[0.8486106],[1.],[-0.52901801],[1.],"(array([0.]), array([0.]), array([0.]))","(array([0.]), array([0.]), array([0.]))","(array([0.]), array([0.]), array([0.]))","(array([0.]), array([0.]), array([0.]))","(array([0.]), array([0.]), array([0.]))","(array([0.]), array([0.]), array([0.]))","(array([0.]), array([0.]), array([0.]))","(array([0.]), array([0.]), array([0.]))","(array([0.]), array([0.]), array([0.]))","(array([0.]), array([0.]), array([0.]))","(array([0.]), array([0.]), array([0.]))"
(0.500003840656925+0j),[0.69426819],[1.],[-0.71971639],[1.],"(array([0.]), array([0.]), array([0.]))","(array([0.]), array([0.]), array([0.]))","(array([0.]), array([0.]), array([0.]))","(array([0.]), array([0.]), array([0.]))","(array([0.]), array([0.]), array([0.]))","(array([0.]), array([0.]), array([0.]))","(array([0.]), array([0.]), array([0.]))","(array([0.]), array([0.]), array([0.]))","(array([0.]), array([0.]), array([0.]))","(array([0.]), array([0.]), array([0.]))","(array([0.]), array([0.]), array([0.]))"
(0.5000038118682691+0j),[0.83518881],[1.],[-0.54996331],[1.],"(array([0.]), array([0.]), array([0.]))","(array([0.]), array([0.]), array([0.]))","(array([0.]), array([0.]), array([0.]))","(array([0.]), array([0.]), array([0.]))","(array([0.]), array([0.]), array([0.]))","(array([0.]), array([0.]), array([0.]))","(array([0.]), array([0.]), array([0.]))","(array([0.]), array([0.]), array([0.]))","(array([0.]), array([0.]), array([0.]))","(array([0.]), array([0.]), array([0.]))","(array([0.]), array([0.]), array([0.]))"
(0.5000037898697368+0j),[0.70501548],[1.],[-0.70919191],[1.],"(array([0.]), array([0.]), array([0.]))","(array([0.]), array([0.]), array([0.]))","(array([0.]), array([0.]), array([0.]))","(array([0.]), array([0.]), array([0.]))","(array([0.]), array([0.]), array([0.]))","(array([0.]), array([0.]), array([0.]))","(array([0.]), array([0.]), array([0.]))","(array([0.]), array([0.]), array([0.]))","(array([0.]), array([0.]), array([0.]))","(array([0.]), array([0.]), array([0.]))","(array([0.]), array([0.]), array([0.]))"
(0.5000037615020606+0j),[0.67950115],[1.],[-0.73367444],[1.],"(array([0.]), array([0.]), array([0.]))","(array([0.]), array([0.]), array([0.]))","(array([0.]), array([0.]), array([0.]))","(array([0.]), array([0.]), array([0.]))","(array([0.]), array([0.]), array([0.]))","(array([0.]), array([0.]), array([0.]))","(array([0.]), array([0.]), array([0.]))","(array([0.]), array([0.]), array([0.]))","(array([0.]), array([0.]), array([0.]))","(array([0.]), array([0.]), array([0.]))","(array([0.]), array([0.]), array([0.]))"
(0.5000037321550826+0j),[0.78823997],[1.],[-0.61536798],[1.],"(array([0.]), array([0.]), array([0.]))","(array([0.]), array([0.]), array([0.]))","(array([0.]), array([0.]), array([0.]))","(array([0.]), array([0.]), array([0.]))","(array([0.]), array([0.]), array([0.]))","(array([0.]), array([0.]), array([0.]))","(array([0.]), array([0.]), array([0.]))","(array([0.]), array([0.]), array([0.]))","(array([0.]), array([0.]), array([0.]))","(array([0.]), array([0.]), array([0.]))","(array([0.]), array([0.]), array([0.]))"
(0.5000037075403637+0j),[0.8225838],[1.],[-0.5686439],[1.],"(array([0.]), array([0.]), array([0.]))","(array([0.]), array([0.]), array([0.]))","(array([0.]), array([0.]), array([0.]))","(array([0.]), array([0.]), array([0.]))","(array([0.]), array([0.]), array([0.]))","(array([0.]), array([0.]), array([0.]))","(array([0.]), array([0.]), array([0.]))","(array([0.]), array([0.]), array([0.]))","(array([0.]), array([0.]), array([0.]))","(array([0.]), array([0.]), array([0.]))","(array([0.]), array([0.]), array([0.]))"
(0.5000036847946078+0j),[0.9127389],[1.],[-0.40854338],[1.],"(array([0.]), array([0.]), array([0.]))","(array([0.]), array([0.]), array([0.]))","(array([0.]), array([0.]), array([0.]))","(array([0.]), array([0.]), array([0.]))","(array([0.]), array([0.]), array([0.]))","(array([0.]), array([0.]), array([0.]))","(array([0.]), array([0.]), array([0.]))","(array([0.]), array([0.]), array([0.]))","(array([0.]), array([0.]), array([0.]))","(array([0.]), array([0.]), array([0.]))","(array([0.]), array([0.]), array([0.]))"
(0.5000036684528725+0j),[0.84944141],[1.],[-0.52768295],[1.],"(array([0.]), array([0.]), array([0.]))","(array([0.]), array([0.]), array([0.]))","(array([0.]), array([0.]), array([0.]))","(array([0.]), array([0.]), array([0.]))","(array([0.]), array([0.]), array([0.]))","(array([0.]), array([0.]), array([0.]))","(array([0.]), array([0.]), array([0.]))","(array([0.]), array([0.]), array([0.]))","(array([0.]), array([0.]), array([0.]))","(array([0.]), array([0.]), array([0.]))","(array([0.]), array([0.]), array([0.]))"
(0.5000036473455547+0j),[0.81069923],[1.],[-0.58546285],[1.],"(array([0.]), array([0.]), array([0.]))","(array([0.]), array([0.]), array([0.]))","(array([0.]), array([0.]), array([0.]))","(array([0.]), array([0.]), array([0.]))","(array([0.]), array([0.]), array([0.]))","(array([0.]), array([0.]), array([0.]))","(array([0.]), array([0.]), array([0.]))","(array([0.]), array([0.]), array([0.]))","(array([0.]), array([0.]), array([0.]))","(array([0.]), array([0.]), array([0.]))","(array([0.]), array([0.]), array([0.]))"
(0.5000036239270405+0j),[0.87073976],[1.],[-0.4917441],[1.],"(array([0.]), array([0.]), array([0.]))","(array([0.]), array([0.]), array([0.]))","(array([0.]), array([0.]), array([0.]))","(array([0.]), array([0.]), array([0.]))","(array([0.]), array([0.]), array([0.]))","(array([0.]), array([0.]), array([0.]))","(array([0.]), array([0.]), array([0.]))","(array([0.]), array([0.]), array([0.]))","(array([0.]), array([0.]), array([0.]))","(array([0.]), array([0.]), array([0.]))","(array([0.]), array([0.]), array([0.]))"
(0.5000036042572762+0j),[0.95719436],[1.],[-0.28944596],[1.],"(array([0.]), array([0.]), array([0.]))","(array([0.]), array([0.]), array([0.]))","(array([0.]), array([0.]), array([0.]))","(array([0.]), array([0.]), array([0.]))","(array([0.]), array([0.]), array([0.]))","(array([0.]), array([0.]), array([0.]))","(array([0.]), array([0.]), array([0.]))","(array([0.]), array([0.]), array([0.]))","(array([0.]), array([0.]), array([0.]))","(array([0.]), array([0.]), array([0.]))","(array([0.]), array([0.]), array([0.]))"
(0.5000035926794374+0j),[0.93799666],[1.],[-0.34664428],[1.],"(array([0.]), array([0.]), array([0.]))","(array([0.]), array([0.]), array([0.]))","(array([0.]), array([0.]), array([0.]))","(array([0.]), array([0.]), array([0.]))","(array([0.]), array([0.]), array([0.]))","(array([0.]), array([0.]), array([0.]))","(array([0.]), array([0.]), array([0.]))","(array([0.]), array([0.]), array([0.]))","(array([0.]), array([0.]), array([0.]))","(array([0.]), array([0.]), array([0.]))","(array([0.]), array([0.]), array([0.]))"
(0.5000035788136661+0j),[0.85488441],[1.],[-0.5188185],[1.],"(array([0.]), array([0.]), array([0.]))","(array([0.]), array([0.]), array([0.]))","(array([0.]), array([0.]), array([0.]))","(array([0.]), array([0.]), array([0.]))","(array([0.]), array([0.]), array([0.]))","(array([0.]), array([0.]), array([0.]))","(array([0.]), array([0.]), array([0.]))","(array([0.]), array([0.]), array([0.]))","(array([0.]), array([0.]), array([0.]))","(array([0.]), array([0.]), array([0.]))","(array([0.]), array([0.]), array([0.]))"
(0.5000035580609263+0j),[0.86647392],[1.],[-0.49922234],[1.],"(array([0.]), array([0.]), array([0.]))","(array([0.]), array([0.]), array([0.]))","(array([0.]), array([0.]), array([0.]))","(array([0.]), array([0.]), array([0.]))","(array([0.]), array([0.]), array([0.]))","(array([0.]), array([0.]), array([0.]))","(array([0.]), array([0.]), array([0.]))","(array([0.]), array([0.]), array([0.]))","(array([0.]), array([0.]), array([0.]))","(array([0.]), array([0.]), array([0.]))","(array([0.]), array([0.]), array([0.]))"
(0.5000035380920329+0j),[0.82172124],[1.],[-0.56988964],[1.],"(array([0.]), array([0.]), array([0.]))","(array([0.]), array([0.]), array([0.]))","(array([0.]), array([0.]), array([0.]))","(array([0.]), array([0.]), array([0.]))","(array([0.]), array([0.]), array([0.]))","(array([0.]), array([0.]), array([0.]))","(array([0.]), array([0.]), array([0.]))","(array([0.]), array([0.]), array([0.]))","(array([0.]), array([0.]), array([0.]))","(array([0.]), array([0.]), array([0.]))","(array([0.]), array([0.]), array([0.]))"
(0.5000035152964477+0j),[0.86221697],[1.],[-0.50653913],[1.],"(array([0.]), array([0.]), array([0.]))","(array([0.]), array([0.]), array([0.]))","(array([0.]), array([0.]), array([0.]))","(array([0.]), array([0.]), array([0.]))","(array([0.]), array([0.]), array([0.]))","(array([0.]), array([0.]), array([0.]))","(array([0.]), array([0.]), array([0.]))","(array([0.]), array([0.]), array([0.]))","(array([0.]), array([0.]), array([0.]))","(array([0.]), array([0.]), array([0.]))","(array([0.]), array([0.]), array([0.]))"
(0.5000034950348822+0j),[0.85529316],[1.],[-0.51814439],[1.],"(array([0.]), array([0.]), array([0.]))","(array([0.]), array([0.]), array([0.]))","(array([0.]), array([0.]), array([0.]))","(array([0.]), array([0.]), array([0.]))","(array([0.]), array([0.]), array([0.]))","(array([0.]), array([0.]), array([0.]))","(array([0.]), array([0.]), array([0.]))","(array([0.]), array([0.]), array([0.]))","(array([0.]), array([0.]), array([0.]))","(array([0.]), array([0.]), array([0.]))","(array([0.]), array([0.]), array([0.]))"
(0.500003474309107+0j),[0.88401046],[1.],[-0.46746711],[1.],"(array([0.]), array([0.]), array([0.]))","(array([0.]), array([0.]), array([0.]))","(array([0.]), array([0.]), array([0.]))","(array([0.]), array([0.]), array([0.]))","(array([0.]), array([0.]), array([0.]))","(array([0.]), array([0.]), array([0.]))","(array([0.]), array([0.]), array([0.]))","(array([0.]), array([0.]), array([0.]))","(array([0.]), array([0.]), array([0.]))","(array([0.]), array([0.]), array([0.]))","(array([0.]), array([0.]), array([0.]))"
(0.5000034556104227+0j),[0.8550071],[1.],[-0.5186163],[1.],"(array([0.]), array([0.]), array([0.]))","(array([0.]), array([0.]), array([0.]))","(array([0.]), array([0.]), array([0.]))","(array([0.]), array([0.]), array([0.]))","(array([0.]), array([0.]), array([0.]))","(array([0.]), array([0.]), array([0.]))","(array([0.]), array([0.]), array([0.]))","(array([0.]), array([0.]), array([0.]))","(array([0.]), array([0.]), array([0.]))","(array([0.]), array([0.]), array([0.]))","(array([0.]), array([0.]), array([0.]))"
(0.5000034348657708+0j),[0.97055374],[1.],[-0.24088471],[1.],"(array([0.]), array([0.]), array([0.]))","(array([0.]), array([0.]), array([0.]))","(array([0.]), array([0.]), array([0.]))","(array([0.]), array([0.]), array([0.]))","(array([0.]), array([0.]), array([0.]))","(array([0.]), array([0.]), array([0.]))","(array([0.]), array([0.]), array([0.]))","(array([0.]), array([0.]), array([0.]))","(array([0.]), array([0.]), array([0.]))","(array([0.]), array([0.]), array([0.]))","(array([0.]), array([0.]), array([0.]))"
(0.5000034252303819+0j),[0.9315603],[1.],[-0.36358687],[1.],"(array([0.]), array([0.]), array([0.]))","(array([0.]), array([0.]), array([0.]))","(array([0.]), array([0.]), array([0.]))","(array([0.]), array([0.]), array([0.]))","(array([0.]), array([0.]), array([0.]))","(array([0.]), array([0.]), array([0.]))","(array([0.]), array([0.]), array([0.]))","(array([0.]), array([0.]), array([0.]))","(array([0.]), array([0.]), array([0.]))","(array([0.]), array([0.]), array([0.]))","(array([0.]), array([0.]), array([0.]))"
(0.5000034106869071+0j),[0.94728965],[1.],[-0.32037839],[1.],"(array([0.]), array([0.]), array([0.]))","(array([0.]), array([0.]), array([0.]))","(array([0.]), array([0.]), array([0.]))","(array([0.]), array([0.]), array([0.]))","(array([0.]), array([0.]), array([0.]))","(array([0.]), array([0.]), array([0.]))","(array([0.]), array([0.]), array([0.]))","(array([0.]), array([0.]), array([0.]))","(array([0.]), array([0.]), array([0.]))","(array([0.]), array([0.]), array([0.]))","(array([0.]), array([0.]), array([0.]))"
(0.5000033978717718+0j),[0.92189591],[1.],[-0.38743764],[1.],"(array([0.]), array([0.]), array([0.]))","(array([0.]), array([0.]), array([0.]))","(array([0.]), array([0.]), array([0.]))","(array([0.]), array([0.]), array([0.]))","(array([0.]), array([0.]), array([0.]))","(array([0.]), array([0.]), array([0.]))","(array([0.]), array([0.]), array([0.]))","(array([0.]), array([0.]), array([0.]))","(array([0.]), array([0.]), array([0.]))","(array([0.]), array([0.]), array([0.]))","(array([0.]), array([0.]), array([0.]))"
(0.5000033823742656+0j),[0.94611086],[1.],[-0.32384293],[1.],"(array([0.]), array([0.]), array([0.]))","(array([0.]), array([0.]), array([0.]))","(array([0.]), array([0.]), array([0.]))","(array([0.]), array([0.]), array([0.]))","(array([0.]), array([0.]), array([0.]))","(array([0.]), array([0.]), array([0.]))","(array([0.]), array([0.]), array([0.]))","(array([0.]), array([0.]), array([0.]))","(array([0.]), array([0.]), array([0.]))","(array([0.]), array([0.]), array([0.]))","(array([0.]), array([0.]), array([0.]))"
(0.500003369420548+0j),[0.92343436],[1.],[-0.3837564],[1.],"(array([0.]), array([0.]), array([0.]))","(array([0.]), array([0.]), array([0.]))","(array([0.]), array([0.]), array([0.]))","(array([0.]), array([0.]), array([0.]))","(array([0.]), array([0.]), array([0.]))","(array([0.]), array([0.]), array([0.]))","(array([0.]), array([0.]), array([0.]))","(array([0.]), array([0.]), array([0.]))","(array([0.]), array([0.]), array([0.]))","(array([0.]), array([0.]), array([0.]))","(array([0.]), array([0.]), array([0.]))"
(0.5000033540702923+0j),[0.98396018],[1.],[-0.17838824],[1.],"(array([0.]), array([0.]), array([0.]))","(array([0.]), array([0.]), array([0.]))","(array([0.]), array([0.]), array([0.]))","(array([0.]), array([0.]), array([0.]))","(array([0.]), array([0.]), array([0.]))","(array([0.]), array([0.]), array([0.]))","(array([0.]), array([0.]), array([0.]))","(array([0.]), array([0.]), array([0.]))","(array([0.]), array([0.]), array([0.]))","(array([0.]), array([0.]), array([0.]))","(array([0.]), array([0.]), array([0.]))"
(0.5000033469347628+0j),[0.91423558],[1.],[-0.40518306],[1.],"(array([0.]), array([0.]), array([0.]))","(array([0.]), array([0.]), array([0.]))","(array([0.]), array([0.]), array([0.]))","(array([0.]), array([0.]), array([0.]))","(array([0.]), array([0.]), array([0.]))","(array([0.]), array([0.]), array([0.]))","(array([0.]), array([0.]), array([0.]))","(array([0.]), array([0.]), array([0.]))","(array([0.]), array([0.]), array([0.]))","(array([0.]), array([0.]), array([0.]))","(array([0.]), array([0.]), array([0.]))"
(0.5000033307274403+0j),[0.99707758],[1.],[-0.07639563],[1.],"(array([0.]), array([0.]), array([0.]))","(array([0.]), array([0.]), array([0.]))","(array([0.]), array([0.]), array([0.]))","(array([0.]), array([0.]), array([0.]))","(array([0.]), array([0.]), array([0.]))","(array([0.]), array([0.]), array([0.]))","(array([0.]), array([0.]), array([0.]))","(array([0.]), array([0.]), array([0.]))","(array([0.]), array([0.]), array([0.]))","(array([0.]), array([0.]), array([0.]))","(array([0.]), array([0.]), array([0.]))"
(0.5000033276716154+0j),[0.99138237],[1.],[0.13100002],[1.],"(array([0.]), array([0.]), array([0.]))","(array([0.]), array([0.]), array([0.]))","(array([0.]), array([0.]), array([0.]))","(array([0.]), array([0.]), array([0.]))","(array([0.]), array([0.]), array([0.]))","(array([0.]), array([0.]), array([0.]))","(array([0.]), array([0.]), array([0.]))","(array([0.]), array([0.]), array([0.]))","(array([0.]), array([0.]), array([0.]))","(array([0.]), array([0.]), array([0.]))","(array([0.]), array([0.]), array([0.]))"
(0.5000033329116166+0j),[0.99645354],[1.],[0.0841448],[1.],"(array([0.]), array([0.]), array([0.]))","(array([0.]), array([0.]), array([0.]))","(array([0.]), array([0.]), array([0.]))","(array([0.]), array([0.]), array([0.]))","(array([0.]), array([0.]), array([0.]))","(array([0.]), array([0.]), array([0.]))","(array([0.]), array([0.]), array([0.]))","(array([0.]), array([0.]), array([0.]))","(array([0.]), array([0.]), array([0.]))","(array([0.]), array([0.]), array([0.]))","(array([0.]), array([0.]), array([0.]))"
(0.500003336277408+0j),[0.97837891],[1.],[-0.20682047],[1.],"(array([0.]), array([0.]), array([0.]))","(array([0.]), array([0.]), array([0.]))","(array([0.]), array([0.]), array([0.]))","(array([0.]), array([0.]), array([0.]))","(array([0.]), array([0.]), array([0.]))","(array([0.]), array([0.]), array([0.]))","(array([0.]), array([0.]), array([0.]))","(array([0.]), array([0.]), array([0.]))","(array([0.]), array([0.]), array([0.]))","(array([0.]), array([0.]), array([0.]))","(array([0.]), array([0.]), array([0.]))"
(0.5000033280045888+0j),[0.96536715],[1.],[-0.26089511],[1.],"(array([0.]), array([0.]), array([0.]))","(array([0.]), array([0.]), array([0.]))","(array([0.]), array([0.]), array([0.]))","(array([0.]), array([0.]), array([0.]))","(array([0.]), array([0.]), array([0.]))","(array([0.]), array([0.]), array([0.]))","(array([0.]), array([0.]), array([0.]))","(array([0.]), array([0.]), array([0.]))","(array([0.]), array([0.]), array([0.]))","(array([0.]), array([0.]), array([0.]))","(array([0.]), array([0.]), array([0.]))"
(0.5000033175687841+0j),[0.97711112],[1.],[-0.21272956],[1.],"(array([0.]), array([0.]), array([0.]))","(array([0.]), array([0.]), array([0.]))","(array([0.]), array([0.]), array([0.]))","(array([0.]), array([0.]), array([0.]))","(array([0.]), array([0.]), array([0.]))","(array([0.]), array([0.]), array([0.]))","(array([0.]), array([0.]), array([0.]))","(array([0.]), array([0.]), array([0.]))","(array([0.]), array([0.]), array([0.]))","(array([0.]), array([0.]), array([0.]))","(array([0.]), array([0.]), array([0.]))"
(0.500003309059602+0j),[0.9975053],[1.],[0.07059165],[1.],"(array([0.]), array([0.]), array([0.]))","(array([0.]), array([0.]), array([0.]))","(array([0.]), array([0.]), array([0.]))","(array([0.]), array([0.]), array([0.]))","(array([0.]), array([0.]), array([0.]))","(array([0.]), array([0.]), array([0.]))","(array([0.]), array([0.]), array([0.]))","(array([0.]), array([0.]), array([0.]))","(array([0.]), array([0.]), array([0.]))","(array([0.]), array([0.]), array([0.]))","(array([0.]), array([0.]), array([0.]))"
(0.5000033118832679+0j),[0.99407563],[1.],[0.1086906],[1.],"(array([0.]), array([0.]), array([0.]))","(array([0.]), array([0.]), array([0.]))","(array([0.]), array([0.]), array([0.]))","(array([0.]), array([0.]), array([0.]))","(array([0.]), array([0.]), array([0.]))","(array([0.]), array([0.]), array([0.]))","(array([0.]), array([0.]), array([0.]))","(array([0.]), array([0.]), array([0.]))","(array([0.]), array([0.]), array([0.]))","(array([0.]), array([0.]), array([0.]))","(array([0.]), array([0.]), array([0.]))"
(0.5000033162308919+0j),[0.99363569],[1.],[0.11264158],[1.],"(array([0.]), array([0.]), array([0.]))","(array([0.]), array([0.]), array([0.]))","(array([0.]), array([0.]), array([0.]))","(array([0.]), array([0.]), array([0.]))","(array([0.]), array([0.]), array([0.]))","(array([0.]), array([0.]), array([0.]))","(array([0.]), array([0.]), array([0.]))","(array([0.]), array([0.]), array([0.]))","(array([0.]), array([0.]), array([0.]))","(array([0.]), array([0.]), array([0.]))","(array([0.]), array([0.]), array([0.]))"
(0.5000033207365554+0j),[0.97474219],[1.],[-0.22333307],[1.],"(array([0.]), array([0.]), array([0.]))","(array([0.]), array([0.]), array([0.]))","(array([0.]), array([0.]), array([0.]))","(array([0.]), array([0.]), array([0.]))","(array([0.]), array([0.]), array([0.]))","(array([0.]), array([0.]), array([0.]))","(array([0.]), array([0.]), array([0.]))","(array([0.]), array([0.]), array([0.]))","(array([0.]), array([0.]), array([0.]))","(array([0.]), array([0.]), array([0.]))","(array([0.]), array([0.]), array([0.]))"
(0.5000033118032321+0j),[0.93949006],[1.],[-0.34257617],[1.],"(array([0.]), array([0.]), array([0.]))","(array([0.]), array([0.]), array([0.]))","(array([0.]), array([0.]), array([0.]))","(array([0.]), array([0.]), array([0.]))","(array([0.]), array([0.]), array([0.]))","(array([0.]), array([0.]), array([0.]))","(array([0.]), array([0.]), array([0.]))","(array([0.]), array([0.]), array([0.]))","(array([0.]), array([0.]), array([0.]))","(array([0.]), array([0.]), array([0.]))","(array([0.]), array([0.]), array([0.]))"
(0.5000032981001854+0j),[0.99903922],[1.],[-0.04382501],[1.],"(array([0.]), array([0.]), array([0.]))","(array([0.]), array([0.]), array([0.]))","(array([0.]), array([0.]), array([0.]))","(array([0.]), array([0.]), array([0.]))","(array([0.]), array([0.]), array([0.]))","(array([0.]), array([0.]), array([0.]))","(array([0.]), array([0.]), array([0.]))","(array([0.]), array([0.]), array([0.]))","(array([0.]), array([0.]), array([0.]))","(array([0.]), array([0.]), array([0.]))","(array([0.]), array([0.]), array([0.]))"
(0.5000032963471848+0j),[0.90079701],[1.],[-0.43424042],[1.],"(array([0.]), array([0.]), array([0.]))","(array([0.]), array([0.]), array([0.]))","(array([0.]), array([0.]), array([0.]))","(array([0.]), array([0.]), array([0.]))","(array([0.]), array([0.]), array([0.]))","(array([0.]), array([0.]), array([0.]))","(array([0.]), array([0.]), array([0.]))","(array([0.]), array([0.]), array([0.]))","(array([0.]), array([0.]), array([0.]))","(array([0.]), array([0.]), array([0.]))","(array([0.]), array([0.]), array([0.]))"
(0.5000032789775679+0j),[0.93225757],[1.],[-0.36179527],[1.],"(array([0.]), array([0.]), array([0.]))","(array([0.]), array([0.]), array([0.]))","(array([0.]), array([0.]), array([0.]))","(array([0.]), array([0.]), array([0.]))","(array([0.]), array([0.]), array([0.]))","(array([0.]), array([0.]), array([0.]))","(array([0.]), array([0.]), array([0.]))","(array([0.]), array([0.]), array([0.]))","(array([0.]), array([0.]), array([0.]))","(array([0.]), array([0.]), array([0.]))","(array([0.]), array([0.]), array([0.]))"
(0.5000032645057574+0j),[0.98118288],[1.],[-0.19308069],[1.],"(array([0.]), array([0.]), array([0.]))","(array([0.]), array([0.]), array([0.]))","(array([0.]), array([0.]), array([0.]))","(array([0.]), array([0.]), array([0.]))","(array([0.]), array([0.]), array([0.]))","(array([0.]), array([0.]), array([0.]))","(array([0.]), array([0.]), array([0.]))","(array([0.]), array([0.]), array([0.]))","(array([0.]), array([0.]), array([0.]))","(array([0.]), array([0.]), array([0.]))","(array([0.]), array([0.]), array([0.]))"
(0.5000032567825295+0j),[0.8826783],[1.],[-0.46997767],[1.],"(array([0.]), array([0.]), array([0.]))","(array([0.]), array([0.]), array([0.]))","(array([0.]), array([0.]), array([0.]))","(array([0.]), array([0.]), array([0.]))","(array([0.]), array([0.]), array([0.]))","(array([0.]), array([0.]), array([0.]))","(array([0.]), array([0.]), array([0.]))","(array([0.]), array([0.]), array([0.]))","(array([0.]), array([0.]), array([0.]))","(array([0.]), array([0.]), array([0.]))","(array([0.]), array([0.]), array([0.]))"
(0.5000032379834226+0j),[0.88731134],[1.],[-0.46117088],[1.],"(array([0.]), array([0.]), array([0.]))","(array([0.]), array([0.]), array([0.]))","(array([0.]), array([0.]), array([0.]))","(array([0.]), array([0.]), array([0.]))","(array([0.]), array([0.]), array([0.]))","(array([0.]), array([0.]), array([0.]))","(array([0.]), array([0.]), array([0.]))","(array([0.]), array([0.]), array([0.]))","(array([0.]), array([0.]), array([0.]))","(array([0.]), array([0.]), array([0.]))","(array([0.]), array([0.]), array([0.]))"
(0.500003219536587+0j),[0.91877354],[1.],[-0.39478498],[1.],"(array([0.]), array([0.]), array([0.]))","(array([0.]), array([0.]), array([0.]))","(array([0.]), array([0.]), array([0.]))","(array([0.]), array([0.]), array([0.]))","(array([0.]), array([0.]), array([0.]))","(array([0.]), array([0.]), array([0.]))","(array([0.]), array([0.]), array([0.]))","(array([0.]), array([0.]), array([0.]))","(array([0.]), array([0.]), array([0.]))","(array([0.]), array([0.]), array([0.]))","(array([0.]), array([0.]), array([0.]))"
(0.5000032037451881+0j),[0.90062492],[1.],[-0.43459722],[1.],"(array([0.]), array([0.]), array([0.]))","(array([0.]), array([0.]), array([0.]))","(array([0.]), array([0.]), array([0.]))","(array([0.]), array([0.]), array([0.]))","(array([0.]), array([0.]), array([0.]))","(array([0.]), array([0.]), array([0.]))","(array([0.]), array([0.]), array([0.]))","(array([0.]), array([0.]), array([0.]))","(array([0.]), array([0.]), array([0.]))","(array([0.]), array([0.]), array([0.]))","(array([0.]), array([0.]), array([0.]))"
(0.5000031863612998+0j),[0.81470922],[1.],[-0.57986971],[1.],"(array([0.]), array([0.]), array([0.]))","(array([0.]), array([0.]), array([0.]))","(array([0.]), array([0.]), array([0.]))","(array([0.]), array([0.]), array([0.]))","(array([0.]), array([0.]), array([0.]))","(array([0.]), array([0.]), array([0.]))","(array([0.]), array([0.]), array([0.]))","(array([0.]), array([0.]), array([0.]))","(array([0.]), array([0.]), array([0.]))","(array([0.]), array([0.]), array([0.]))","(array([0.]), array([0.]), array([0.]))"
(0.5000031631665115+0j),[0.68423948],[1.],[-0.72925738],[1.],"(array([0.]), array([0.]), array([0.]))","(array([0.]), array([0.]), array([0.]))","(array([0.]), array([0.]), array([0.]))","(array([0.]), array([0.]), array([0.]))","(array([0.]), array([0.]), array([0.]))","(array([0.]), array([0.]), array([0.]))","(array([0.]), array([0.]), array([0.]))","(array([0.]), array([0.]), array([0.]))","(array([0.]), array([0.]), array([0.]))","(array([0.]), array([0.]), array([0.]))","(array([0.]), array([0.]), array([0.]))"
(0.5000031339962164+0j),[0.85657782],[1.],[-0.51601787],[1.],"(array([0.]), array([0.]), array([0.]))","(array([0.]), array([0.]), array([0.]))","(array([0.]), array([0.]), array([0.]))","(array([0.]), array([0.]), array([0.]))","(array([0.]), array([0.]), array([0.]))","(array([0.]), array([0.]), array([0.]))","(array([0.]), array([0.]), array([0.]))","(array([0.]), array([0.]), array([0.]))","(array([0.]), array([0.]), array([0.]))","(array([0.]), array([0.]), array([0.]))","(array([0.]), array([0.]), array([0.]))"
(0.5000031133555018+0j),[0.58825922],[1.],[-0.80867243],[1.],"(array([0.]), array([0.]), array([0.]))","(array([0.]), array([0.]), array([0.]))","(array([0.]), array([0.]), array([0.]))","(array([0.]), array([0.]), array([0.]))","(array([0.]), array([0.]), array([0.]))","(array([0.]), array([0.]), array([0.]))","(array([0.]), array([0.]), array([0.]))","(array([0.]), array([0.]), array([0.]))","(array([0.]), array([0.]), array([0.]))","(array([0.]), array([0.]), array([0.]))","(array([0.]), array([0.]), array([0.]))"
(0.5000030810086051+0j),[0.42551617],[1.],[-0.90495082],[1.],"(array([0.]), array([0.]), array([0.]))","(array([0.]), array([0.]), array([0.]))","(array([0.]), array([0.]), array([0.]))","(array([0.]), array([0.]), array([0.]))","(array([0.]), array([0.]), array([0.]))","(array([0.]), array([0.]), array([0.]))","(array([0.]), array([0.]), array([0.]))","(array([0.]), array([0.]), array([0.]))","(array([0.]), array([0.]), array([0.]))","(array([0.]), array([0.]), array([0.]))","(array([0.]), array([0.]), array([0.]))"
(0.5000030448105725+0j),[0.49285891],[1.],[-0.87010924],[1.],"(array([0.]), array([0.]), array([0.]))","(array([0.]), array([0.]), array([0.]))","(array([0.]), array([0.]), array([0.]))","(array([0.]), array([0.]), array([0.]))","(array([0.]), array([0.]), array([0.]))","(array([0.]), array([0.]), array([0.]))","(array([0.]), array([0.]), array([0.]))","(array([0.]), array([0.]), array([0.]))","(array([0.]), array([0.]), array([0.]))","(array([0.]), array([0.]), array([0.]))","(array([0.]), array([0.]), array([0.]))"
(0.5000030100062036+0j),[0.62809636],[1.],[-0.77813557],[1.],"(array([0.]), array([0.]), array([0.]))","(array([0.]), array([0.]), array([0.]))","(array([0.]), array([0.]), array([0.]))","(array([0.]), array([0.]), array([0.]))","(array([0.]), array([0.]), array([0.]))","(array([0.]), array([0.]), array([0.]))","(array([0.]), array([0.]), array([0.]))","(array([0.]), array([0.]), array([0.]))","(array([0.]), array([0.]), array([0.]))","(array([0.]), array([0.]), array([0.]))","(array([0.]), array([0.]), array([0.]))"
(0.5000029788807806+0j),[0.76620013],[1.],[-0.64260203],[1.],"(array([0.]), array([0.]), array([0.]))","(array([0.]), array([0.]), array([0.]))","(array([0.]), array([0.]), array([0.]))","(array([0.]), array([0.]), array([0.]))","(array([0.]), array([0.]), array([0.]))","(array([0.]), array([0.]), array([0.]))","(array([0.]), array([0.]), array([0.]))","(array([0.]), array([0.]), array([0.]))","(array([0.]), array([0.]), array([0.]))","(array([0.]), array([0.]), array([0.]))","(array([0.]), array([0.]), array([0.]))"
(0.5000029531766993+0j),[0.75011183],[1.],[-0.661311],[1.],"(array([0.]), array([0.]), array([0.]))","(array([0.]), array([0.]), array([0.]))","(array([0.]), array([0.]), array([0.]))","(array([0.]), array([0.]), array([0.]))","(array([0.]), array([0.]), array([0.]))","(array([0.]), array([0.]), array([0.]))","(array([0.]), array([0.]), array([0.]))","(array([0.]), array([0.]), array([0.]))","(array([0.]), array([0.]), array([0.]))","(array([0.]), array([0.]), array([0.]))","(array([0.]), array([0.]), array([0.]))"
(0.5000029267242592+0j),[0.82928915],[1.],[-0.55881974],[1.],"(array([0.]), array([0.]), array([0.]))","(array([0.]), array([0.]), array([0.]))","(array([0.]), array([0.]), array([0.]))","(array([0.]), array([0.]), array([0.]))","(array([0.]), array([0.]), array([0.]))","(array([0.]), array([0.]), array([0.]))","(array([0.]), array([0.]), array([0.]))","(array([0.]), array([0.]), array([0.]))","(array([0.]), array([0.]), array([0.]))","(array([0.]), array([0.]), array([0.]))","(array([0.]), array([0.]), array([0.]))"
(0.5000029043714698+0j),[0.90475716],[1.],[-0.4259278],[1.],"(array([0.]), array([0.]), array([0.]))","(array([0.]), array([0.]), array([0.]))","(array([0.]), array([0.]), array([0.]))","(array([0.]), array([0.]), array([0.]))","(array([0.]), array([0.]), array([0.]))","(array([0.]), array([0.]), array([0.]))","(array([0.]), array([0.]), array([0.]))","(array([0.]), array([0.]), array([0.]))","(array([0.]), array([0.]), array([0.]))","(array([0.]), array([0.]), array([0.]))","(array([0.]), array([0.]), array([0.]))"
(0.5000028873343576+0j),[0.82406989],[1.],[-0.56648815],[1.],"(array([0.]), array([0.]), array([0.]))","(array([0.]), array([0.]), array([0.]))","(array([0.]), array([0.]), array([0.]))","(array([0.]), array([0.]), array([0.]))","(array([0.]), array([0.]), array([0.]))","(array([0.]), array([0.]), array([0.]))","(array([0.]), array([0.]), array([0.]))","(array([0.]), array([0.]), array([0.]))","(array([0.]), array([0.]), array([0.]))","(array([0.]), array([0.]), array([0.]))","(array([0.]), array([0.]), array([0.]))"
(0.5000028646748319+0j),[0.7806123],[1.],[-0.62501555],[1.],"(array([0.]), array([0.]), array([0.]))","(array([0.]), array([0.]), array([0.]))","(array([0.]), array([0.]), array([0.]))","(array([0.]), array([0.]), array([0.]))","(array([0.]), array([0.]), array([0.]))","(array([0.]), array([0.]), array([0.]))","(array([0.]), array([0.]), array([0.]))","(array([0.]), array([0.]), array([0.]))","(array([0.]), array([0.]), array([0.]))","(array([0.]), array([0.]), array([0.]))","(array([0.]), array([0.]), array([0.]))"
(0.5000028396742103+0j),[0.8274544],[1.],[-0.56153291],[1.],"(array([0.]), array([0.]), array([0.]))","(array([0.]), array([0.]), array([0.]))","(array([0.]), array([0.]), array([0.]))","(array([0.]), array([0.]), array([0.]))","(array([0.]), array([0.]), array([0.]))","(array([0.]), array([0.]), array([0.]))","(array([0.]), array([0.]), array([0.]))","(array([0.]), array([0.]), array([0.]))","(array([0.]), array([0.]), array([0.]))","(array([0.]), array([0.]), array([0.]))","(array([0.]), array([0.]), array([0.]))"
(0.5000028172128937+0j),[0.73638371],[1.],[-0.67656414],[1.],"(array([0.]), array([0.]), array([0.]))","(array([0.]), array([0.]), array([0.]))","(array([0.]), array([0.]), array([0.]))","(array([0.]), array([0.]), array([0.]))","(array([0.]), array([0.]), array([0.]))","(array([0.]), array([0.]), array([0.]))","(array([0.]), array([0.]), array([0.]))","(array([0.]), array([0.]), array([0.]))","(array([0.]), array([0.]), array([0.]))","(array([0.]), array([0.]), array([0.]))","(array([0.]), array([0.]), array([0.]))"
(0.5000027901503282+0j),[0.52629202],[1.],[-0.85030389],[1.],"(array([0.]), array([0.]), array([0.]))","(array([0.]), array([0.]), array([0.]))","(array([0.]), array([0.]), array([0.]))","(array([0.]), array([0.]), array([0.]))","(array([0.]), array([0.]), array([0.]))","(array([0.]), array([0.]), array([0.]))","(array([0.]), array([0.]), array([0.]))","(array([0.]), array([0.]), array([0.]))","(array([0.]), array([0.]), array([0.]))","(array([0.]), array([0.]), array([0.]))","(array([0.]), array([0.]), array([0.]))"
(0.5000027561381728+0j),[0.69838114],[1.],[-0.71572606],[1.],"(array([0.]), array([0.]), array([0.]))","(array([0.]), array([0.]), array([0.]))","(array([0.]), array([0.]), array([0.]))","(array([0.]), array([0.]), array([0.]))","(array([0.]), array([0.]), array([0.]))","(array([0.]), array([0.]), array([0.]))","(array([0.]), array([0.]), array([0.]))","(array([0.]), array([0.]), array([0.]))","(array([0.]), array([0.]), array([0.]))","(array([0.]), array([0.]), array([0.]))","(array([0.]), array([0.]), array([0.]))"
(0.5000027275091309+0j),[0.77945259],[1.],[-0.62646123],[1.],"(array([0.]), array([0.]), array([0.]))","(array([0.]), array([0.]), array([0.]))","(array([0.]), array([0.]), array([0.]))","(array([0.]), array([0.]), array([0.]))","(array([0.]), array([0.]), array([0.]))","(array([0.]), array([0.]), array([0.]))","(array([0.]), array([0.]), array([0.]))","(array([0.]), array([0.]), array([0.]))","(array([0.]), array([0.]), array([0.]))","(array([0.]), array([0.]), array([0.]))","(array([0.]), array([0.]), array([0.]))"
(0.5000027024506821+0j),[0.64823727],[1.],[-0.7614384],[1.],"(array([0.]), array([0.]), array([0.]))","(array([0.]), array([0.]), array([0.]))","(array([0.]), array([0.]), array([0.]))","(array([0.]), array([0.]), array([0.]))","(array([0.]), array([0.]), array([0.]))","(array([0.]), array([0.]), array([0.]))","(array([0.]), array([0.]), array([0.]))","(array([0.]), array([0.]), array([0.]))","(array([0.]), array([0.]), array([0.]))","(array([0.]), array([0.]), array([0.]))","(array([0.]), array([0.]), array([0.]))"
(0.5000026719931463+0j),[0.53243874],[1.],[-0.84646854],[1.],"(array([0.]), array([0.]), array([0.]))","(array([0.]), array([0.]), array([0.]))","(array([0.]), array([0.]), array([0.]))","(array([0.]), array([0.]), array([0.]))","(array([0.]), array([0.]), array([0.]))","(array([0.]), array([0.]), array([0.]))","(array([0.]), array([0.]), array([0.]))","(array([0.]), array([0.]), array([0.]))","(array([0.]), array([0.]), array([0.]))","(array([0.]), array([0.]), array([0.]))","(array([0.]), array([0.]), array([0.]))"
(0.5000026381344052+0j),[0.49352603],[1.],[-0.86973103],[1.],"(array([0.]), array([0.]), array([0.]))","(array([0.]), array([0.]), array([0.]))","(array([0.]), array([0.]), array([0.]))","(array([0.]), array([0.]), array([0.]))","(array([0.]), array([0.]), array([0.]))","(array([0.]), array([0.]), array([0.]))","(array([0.]), array([0.]), array([0.]))","(array([0.]), array([0.]), array([0.]))","(array([0.]), array([0.]), array([0.]))","(array([0.]), array([0.]), array([0.]))","(array([0.]), array([0.]), array([0.]))"
(0.500002603345164+0j),[0.27986648],[1.],[-0.96003893],[1.],"(array([0.]), array([0.]), array([0.]))","(array([0.]), array([0.]), array([0.]))","(array([0.]), array([0.]), array([0.]))","(array([0.]), array([0.]), array([0.]))","(array([0.]), array([0.]), array([0.]))","(array([0.]), array([0.]), array([0.]))","(array([0.]), array([0.]), array([0.]))","(array([0.]), array([0.]), array([0.]))","(array([0.]), array([0.]), array([0.]))","(array([0.]), array([0.]), array([0.]))","(array([0.]), array([0.]), array([0.]))"
(0.500002564943607+0j),[0.48056369],[1.],[-0.87695983],[1.],"(array([0.]), array([0.]), array([0.]))","(array([0.]), array([0.]), array([0.]))","(array([0.]), array([0.]), array([0.]))","(array([0.]), array([0.]), array([0.]))","(array([0.]), array([0.]), array([0.]))","(array([0.]), array([0.]), array([0.]))","(array([0.]), array([0.]), array([0.]))","(array([0.]), array([0.]), array([0.]))","(array([0.]), array([0.]), array([0.]))","(array([0.]), array([0.]), array([0.]))","(array([0.]), array([0.]), array([0.]))"
(0.5000025298652139+0j),[0.71535006],[1.],[-0.69876627],[1.],"(array([0.]), array([0.]), array([0.]))","(array([0.]), array([0.]), array([0.]))","(array([0.]), array([0.]), array([0.]))","(array([0.]), array([0.]), array([0.]))","(array([0.]), array([0.]), array([0.]))","(array([0.]), array([0.]), array([0.]))","(array([0.]), array([0.]), array([0.]))","(array([0.]), array([0.]), array([0.]))","(array([0.]), array([0.]), array([0.]))","(array([0.]), array([0.]), array([0.]))","(array([0.]), array([0.]), array([0.]))"
(0.5000025019145636+0j),[0.82512669],[1.],[-0.56494774],[1.],"(array([0.]), array([0.]), array([0.]))","(array([0.]), array([0.]), array([0.]))","(array([0.]), array([0.]), array([0.]))","(array([0.]), array([0.]), array([0.]))","(array([0.]), array([0.]), array([0.]))","(array([0.]), array([0.]), array([0.]))","(array([0.]), array([0.]), array([0.]))","(array([0.]), array([0.]), array([0.]))","(array([0.]), array([0.]), array([0.]))","(array([0.]), array([0.]), array([0.]))","(array([0.]), array([0.]), array([0.]))"
(0.5000024793166542+0j),[0.81103407],[1.],[-0.58499892],[1.],"(array([0.]), array([0.]), array([0.]))","(array([0.]), array([0.]), array([0.]))","(array([0.]), array([0.]), array([0.]))","(array([0.]), array([0.]), array([0.]))","(array([0.]), array([0.]), array([0.]))","(array([0.]), array([0.]), array([0.]))","(array([0.]), array([0.]), array([0.]))","(array([0.]), array([0.]), array([0.]))","(array([0.]), array([0.]), array([0.]))","(array([0.]), array([0.]), array([0.]))","(array([0.]), array([0.]), array([0.]))"
(0.5000024559166969+0j),[0.89352479],[1.],[-0.44901386],[1.],"(array([0.]), array([0.]), array([0.]))","(array([0.]), array([0.]), array([0.]))","(array([0.]), array([0.]), array([0.]))","(array([0.]), array([0.]), array([0.]))","(array([0.]), array([0.]), array([0.]))","(array([0.]), array([0.]), array([0.]))","(array([0.]), array([0.]), array([0.]))","(array([0.]), array([0.]), array([0.]))","(array([0.]), array([0.]), array([0.]))","(array([0.]), array([0.]), array([0.]))","(array([0.]), array([0.]), array([0.]))"
(0.5000024379561427+0j),[0.93297036],[1.],[-0.35995321],[1.],"(array([0.]), array([0.]), array([0.]))","(array([0.]), array([0.]), array([0.]))","(array([0.]), array([0.]), array([0.]))","(array([0.]), array([0.]), array([0.]))","(array([0.]), array([0.]), array([0.]))","(array([0.]), array([0.]), array([0.]))","(array([0.]), array([0.]), array([0.]))","(array([0.]), array([0.]), array([0.]))","(array([0.]), array([0.]), array([0.]))","(array([0.]), array([0.]), array([0.]))","(array([0.]), array([0.]), array([0.]))"
(0.5000024235580137+0j),[0.98503528],[1.],[-0.1723528],[1.],"(array([0.]), array([0.]), array([0.]))","(array([0.]), array([0.]), array([0.]))","(array([0.]), array([0.]), array([0.]))","(array([0.]), array([0.]), array([0.]))","(array([0.]), array([0.]), array([0.]))","(array([0.]), array([0.]), array([0.]))","(array([0.]), array([0.]), array([0.]))","(array([0.]), array([0.]), array([0.]))","(array([0.]), array([0.]), array([0.]))","(array([0.]), array([0.]), array([0.]))","(array([0.]), array([0.]), array([0.]))"
(0.5000024166639017+0j),[0.99879327],[1.],[-0.04911213],[1.],"(array([0.]), array([0.]), array([0.]))","(array([0.]), array([0.]), array([0.]))","(array([0.]), array([0.]), array([0.]))","(array([0.]), array([0.]), array([0.]))","(array([0.]), array([0.]), array([0.]))","(array([0.]), array([0.]), array([0.]))","(array([0.]), array([0.]), array([0.]))","(array([0.]), array([0.]), array([0.]))","(array([0.]), array([0.]), array([0.]))","(array([0.]), array([0.]), array([0.]))","(array([0.]), array([0.]), array([0.]))"
(0.5000024146994165+0j),[0.98849662],[1.],[0.15124294],[1.],"(array([0.]), array([0.]), array([0.]))","(array([0.]), array([0.]), array([0.]))","(array([0.]), array([0.]), array([0.]))","(array([0.]), array([0.]), array([0.]))","(array([0.]), array([0.]), array([0.]))","(array([0.]), array([0.]), array([0.]))","(array([0.]), array([0.]), array([0.]))","(array([0.]), array([0.]), array([0.]))","(array([0.]), array([0.]), array([0.]))","(array([0.]), array([0.]), array([0.]))","(array([0.]), array([0.]), array([0.]))"
(0.5000024207491334+0j),[0.99693359],[1.],[0.07825223],[1.],"(array([0.]), array([0.]), array([0.]))","(array([0.]), array([0.]), array([0.]))","(array([0.]), array([0.]), array([0.]))","(array([0.]), array([0.]), array([0.]))","(array([0.]), array([0.]), array([0.]))","(array([0.]), array([0.]), array([0.]))","(array([0.]), array([0.]), array([0.]))","(array([0.]), array([0.]), array([0.]))","(array([0.]), array([0.]), array([0.]))","(array([0.]), array([0.]), array([0.]))","(array([0.]), array([0.]), array([0.]))"
(0.5000024238792226+0j),[0.99674988],[1.],[-0.08055851],[1.],"(array([0.]), array([0.]), array([0.]))","(array([0.]), array([0.]), array([0.]))","(array([0.]), array([0.]), array([0.]))","(array([0.]), array([0.]), array([0.]))","(array([0.]), array([0.]), array([0.]))","(array([0.]), array([0.]), array([0.]))","(array([0.]), array([0.]), array([0.]))","(array([0.]), array([0.]), array([0.]))","(array([0.]), array([0.]), array([0.]))","(array([0.]), array([0.]), array([0.]))","(array([0.]), array([0.]), array([0.]))"
(0.5000024206568818+0j),[0.99988075],[1.],[0.01544267],[1.],"(array([0.]), array([0.]), array([0.]))","(array([0.]), array([0.]), array([0.]))","(array([0.]), array([0.]), array([0.]))","(array([0.]), array([0.]), array([0.]))","(array([0.]), array([0.]), array([0.]))","(array([0.]), array([0.]), array([0.]))","(array([0.]), array([0.]), array([0.]))","(array([0.]), array([0.]), array([0.]))","(array([0.]), array([0.]), array([0.]))","(array([0.]), array([0.]), array([0.]))","(array([0.]), array([0.]), array([0.]))"
(0.5000024212745888+0j),[0.99838183],[1.],[0.05686575],[1.],"(array([0.]), array([0.]), array([0.]))","(array([0.]), array([0.]), array([0.]))","(array([0.]), array([0.]), array([0.]))","(array([0.]), array([0.]), array([0.]))","(array([0.]), array([0.]), array([0.]))","(array([0.]), array([0.]), array([0.]))","(array([0.]), array([0.]), array([0.]))","(array([0.]), array([0.]), array([0.]))","(array([0.]), array([0.]), array([0.]))","(array([0.]), array([0.]), array([0.]))","(array([0.]), array([0.]), array([0.]))"
(0.5000024235492183+0j),[0.98505506],[1.],[0.17223976],[1.],"(array([0.]), array([0.]), array([0.]))","(array([0.]), array([0.]), array([0.]))","(array([0.]), array([0.]), array([0.]))","(array([0.]), array([0.]), array([0.]))","(array([0.]), array([0.]), array([0.]))","(array([0.]), array([0.]), array([0.]))","(array([0.]), array([0.]), array([0.]))","(array([0.]), array([0.]), array([0.]))","(array([0.]), array([0.]), array([0.]))","(array([0.]), array([0.]), array([0.]))","(array([0.]), array([0.]), array([0.]))"
(0.5000024304388089+0j),[0.99776619],[1.],[0.06680293],[1.],"(array([0.]), array([0.]), array([0.]))","(array([0.]), array([0.]), array([0.]))","(array([0.]), array([0.]), array([0.]))","(array([0.]), array([0.]), array([0.]))","(array([0.]), array([0.]), array([0.]))","(array([0.]), array([0.]), array([0.]))","(array([0.]), array([0.]), array([0.]))","(array([0.]), array([0.]), array([0.]))","(array([0.]), array([0.]), array([0.]))","(array([0.]), array([0.]), array([0.]))","(array([0.]), array([0.]), array([0.]))"
(0.5000024331109258+0j),[0.99879771],[1.],[0.04902185],[1.],"(array([0.]), array([0.]), array([0.]))","(array([0.]), array([0.]), array([0.]))","(array([0.]), array([0.]), array([0.]))","(array([0.]), array([0.]), array([0.]))","(array([0.]), array([0.]), array([0.]))","(array([0.]), array([0.]), array([0.]))","(array([0.]), array([0.]), array([0.]))","(array([0.]), array([0.]), array([0.]))","(array([0.]), array([0.]), array([0.]))","(array([0.]), array([0.]), array([0.]))","(array([0.]), array([0.]), array([0.]))"
(0.5000024350718002+0j),[0.96382692],[1.],[-0.26652892],[1.],"(array([0.]), array([0.]), array([0.]))","(array([0.]), array([0.]), array([0.]))","(array([0.]), array([0.]), array([0.]))","(array([0.]), array([0.]), array([0.]))","(array([0.]), array([0.]), array([0.]))","(array([0.]), array([0.]), array([0.]))","(array([0.]), array([0.]), array([0.]))","(array([0.]), array([0.]), array([0.]))","(array([0.]), array([0.]), array([0.]))","(array([0.]), array([0.]), array([0.]))","(array([0.]), array([0.]), array([0.]))"
(0.5000024244106435+0j),[0.99871526],[1.],[-0.05067375],[1.],"(array([0.]), array([0.]), array([0.]))","(array([0.]), array([0.]), array([0.]))","(array([0.]), array([0.]), array([0.]))","(array([0.]), array([0.]), array([0.]))","(array([0.]), array([0.]), array([0.]))","(array([0.]), array([0.]), array([0.]))","(array([0.]), array([0.]), array([0.]))","(array([0.]), array([0.]), array([0.]))","(array([0.]), array([0.]), array([0.]))","(array([0.]), array([0.]), array([0.]))","(array([0.]), array([0.]), array([0.]))"
(0.5000024223836935+0j),[0.99242097],[1.],[-0.12288457],[1.],"(array([0.]), array([0.]), array([0.]))","(array([0.]), array([0.]), array([0.]))","(array([0.]), array([0.]), array([0.]))","(array([0.]), array([0.]), array([0.]))","(array([0.]), array([0.]), array([0.]))","(array([0.]), array([0.]), array([0.]))","(array([0.]), array([0.]), array([0.]))","(array([0.]), array([0.]), array([0.]))","(array([0.]), array([0.]), array([0.]))","(array([0.]), array([0.]), array([0.]))","(array([0.]), array([0.]), array([0.]))"
(0.5000024174683112+0j),[0.97761325],[1.],[-0.21040992],[1.],"(array([0.]), array([0.]), array([0.]))","(array([0.]), array([0.]), array([0.]))","(array([0.]), array([0.]), array([0.]))","(array([0.]), array([0.]), array([0.]))","(array([0.]), array([0.]), array([0.]))","(array([0.]), array([0.]), array([0.]))","(array([0.]), array([0.]), array([0.]))","(array([0.]), array([0.]), array([0.]))","(array([0.]), array([0.]), array([0.]))","(array([0.]), array([0.]), array([0.]))","(array([0.]), array([0.]), array([0.]))"
(0.5000024090519143+0j),[0.99022908],[1.],[-0.13945024],[1.],"(array([0.]), array([0.]), array([0.]))","(array([0.]), array([0.]), array([0.]))","(array([0.]), array([0.]), array([0.]))","(array([0.]), array([0.]), array([0.]))","(array([0.]), array([0.]), array([0.]))","(array([0.]), array([0.]), array([0.]))","(array([0.]), array([0.]), array([0.]))","(array([0.]), array([0.]), array([0.]))","(array([0.]), array([0.]), array([0.]))","(array([0.]), array([0.]), array([0.]))","(array([0.]), array([0.]), array([0.]))"
(0.5000024034739043+0j),[0.96725516],[1.],[-0.25380596],[1.],"(array([0.]), array([0.]), array([0.]))","(array([0.]), array([0.]), array([0.]))","(array([0.]), array([0.]), array([0.]))","(array([0.]), array([0.]), array([0.]))","(array([0.]), array([0.]), array([0.]))","(array([0.]), array([0.]), array([0.]))","(array([0.]), array([0.]), array([0.]))","(array([0.]), array([0.]), array([0.]))","(array([0.]), array([0.]), array([0.]))","(array([0.]), array([0.]), array([0.]))","(array([0.]), array([0.]), array([0.]))"
(0.5000023933216662+0j),[0.9995167],[1.],[0.03108648],[1.],"(array([0.]), array([0.]), array([0.]))","(array([0.]), array([0.]), array([0.]))","(array([0.]), array([0.]), array([0.]))","(array([0.]), array([0.]), array([0.]))","(array([0.]), array([0.]), array([0.]))","(array([0.]), array([0.]), array([0.]))","(array([0.]), array([0.]), array([0.]))","(array([0.]), array([0.]), array([0.]))","(array([0.]), array([0.]), array([0.]))","(array([0.]), array([0.]), array([0.]))","(array([0.]), array([0.]), array([0.]))"
(0.5000023945651257+0j),[0.923891],[1.],[-0.38265574],[1.],"(array([0.]), array([0.]), array([0.]))","(array([0.]), array([0.]), array([0.]))","(array([0.]), array([0.]), array([0.]))","(array([0.]), array([0.]), array([0.]))","(array([0.]), array([0.]), array([0.]))","(array([0.]), array([0.]), array([0.]))","(array([0.]), array([0.]), array([0.]))","(array([0.]), array([0.]), array([0.]))","(array([0.]), array([0.]), array([0.]))","(array([0.]), array([0.]), array([0.]))","(array([0.]), array([0.]), array([0.]))"
(0.5000023792588961+0j),[0.99228963],[1.],[-0.12394069],[1.],"(array([0.]), array([0.]), array([0.]))","(array([0.]), array([0.]), array([0.]))","(array([0.]), array([0.]), array([0.]))","(array([0.]), array([0.]), array([0.]))","(array([0.]), array([0.]), array([0.]))","(array([0.]), array([0.]), array([0.]))","(array([0.]), array([0.]), array([0.]))","(array([0.]), array([0.]), array([0.]))","(array([0.]), array([0.]), array([0.]))","(array([0.]), array([0.]), array([0.]))","(array([0.]), array([0.]), array([0.]))"
(0.5000023743012678+0j),[0.95287456],[1.],[-0.3033646],[1.],"(array([0.]), array([0.]), array([0.]))","(array([0.]), array([0.]), array([0.]))","(array([0.]), array([0.]), array([0.]))","(array([0.]), array([0.]), array([0.]))","(array([0.]), array([0.]), array([0.]))","(array([0.]), array([0.]), array([0.]))","(array([0.]), array([0.]), array([0.]))","(array([0.]), array([0.]), array([0.]))","(array([0.]), array([0.]), array([0.]))","(array([0.]), array([0.]), array([0.]))","(array([0.]), array([0.]), array([0.]))"
(0.500002362166684+0j),[0.99647431],[1.],[-0.0838984],[1.],"(array([0.]), array([0.]), array([0.]))","(array([0.]), array([0.]), array([0.]))","(array([0.]), array([0.]), array([0.]))","(array([0.]), array([0.]), array([0.]))","(array([0.]), array([0.]), array([0.]))","(array([0.]), array([0.]), array([0.]))","(array([0.]), array([0.]), array([0.]))","(array([0.]), array([0.]), array([0.]))","(array([0.]), array([0.]), array([0.]))","(array([0.]), array([0.]), array([0.]))","(array([0.]), array([0.]), array([0.]))"
(0.5000023588107482+0j),[0.95105204],[1.],[-0.30903076],[1.],"(array([0.]), array([0.]), array([0.]))","(array([0.]), array([0.]), array([0.]))","(array([0.]), array([0.]), array([0.]))","(array([0.]), array([0.]), array([0.]))","(array([0.]), array([0.]), array([0.]))","(array([0.]), array([0.]), array([0.]))","(array([0.]), array([0.]), array([0.]))","(array([0.]), array([0.]), array([0.]))","(array([0.]), array([0.]), array([0.]))","(array([0.]), array([0.]), array([0.]))","(array([0.]), array([0.]), array([0.]))"
(0.5000023464495176+0j),[0.97199528],[1.],[-0.23500036],[1.],"(array([0.]), array([0.]), array([0.]))","(array([0.]), array([0.]), array([0.]))","(array([0.]), array([0.]), array([0.]))","(array([0.]), array([0.]), array([0.]))","(array([0.]), array([0.]), array([0.]))","(array([0.]), array([0.]), array([0.]))","(array([0.]), array([0.]), array([0.]))","(array([0.]), array([0.]), array([0.]))","(array([0.]), array([0.]), array([0.]))","(array([0.]), array([0.]), array([0.]))","(array([0.]), array([0.]), array([0.]))"
(0.500002337049503+0j),[0.96406278],[1.],[-0.26567452],[1.],"(array([0.]), array([0.]), array([0.]))","(array([0.]), array([0.]), array([0.]))","(array([0.]), array([0.]), array([0.]))","(array([0.]), array([0.]), array([0.]))","(array([0.]), array([0.]), array([0.]))","(array([0.]), array([0.]), array([0.]))","(array([0.]), array([0.]), array([0.]))","(array([0.]), array([0.]), array([0.]))","(array([0.]), array([0.]), array([0.]))","(array([0.]), array([0.]), array([0.]))","(array([0.]), array([0.]), array([0.]))"
(0.5000023264225217+0j),[0.96117356],[1.],[-0.27594455],[1.],"(array([0.]), array([0.]), array([0.]))","(array([0.]), array([0.]), array([0.]))","(array([0.]), array([0.]), array([0.]))","(array([0.]), array([0.]), array([0.]))","(array([0.]), array([0.]), array([0.]))","(array([0.]), array([0.]), array([0.]))","(array([0.]), array([0.]), array([0.]))","(array([0.]), array([0.]), array([0.]))","(array([0.]), array([0.]), array([0.]))","(array([0.]), array([0.]), array([0.]))","(array([0.]), array([0.]), array([0.]))"
(0.5000023153847399+0j),[0.8777172],[1.],[-0.479179],[1.],"(array([0.]), array([0.]), array([0.]))","(array([0.]), array([0.]), array([0.]))","(array([0.]), array([0.]), array([0.]))","(array([0.]), array([0.]), array([0.]))","(array([0.]), array([0.]), array([0.]))","(array([0.]), array([0.]), array([0.]))","(array([0.]), array([0.]), array([0.]))","(array([0.]), array([0.]), array([0.]))","(array([0.]), array([0.]), array([0.]))","(array([0.]), array([0.]), array([0.]))","(array([0.]), array([0.]), array([0.]))"
(0.5000022962175805+0j),[0.90669736],[1.],[-0.42178182],[1.],"(array([0.]), array([0.]), array([0.]))","(array([0.]), array([0.]), array([0.]))","(array([0.]), array([0.]), array([0.]))","(array([0.]), array([0.]), array([0.]))","(array([0.]), array([0.]), array([0.]))","(array([0.]), array([0.]), array([0.]))","(array([0.]), array([0.]), array([0.]))","(array([0.]), array([0.]), array([0.]))","(array([0.]), array([0.]), array([0.]))","(array([0.]), array([0.]), array([0.]))","(array([0.]), array([0.]), array([0.]))"
(0.5000022793463076+0j),[0.98753967],[1.],[0.15737024],[1.],"(array([0.]), array([0.]), array([0.]))","(array([0.]), array([0.]), array([0.]))","(array([0.]), array([0.]), array([0.]))","(array([0.]), array([0.]), array([0.]))","(array([0.]), array([0.]), array([0.]))","(array([0.]), array([0.]), array([0.]))","(array([0.]), array([0.]), array([0.]))","(array([0.]), array([0.]), array([0.]))","(array([0.]), array([0.]), array([0.]))","(array([0.]), array([0.]), array([0.]))","(array([0.]), array([0.]), array([0.]))"
(0.5000022856411173+0j),[0.9523217],[1.],[0.30509568],[1.],"(array([0.]), array([0.]), array([0.]))","(array([0.]), array([0.]), array([0.]))","(array([0.]), array([0.]), array([0.]))","(array([0.]), array([0.]), array([0.]))","(array([0.]), array([0.]), array([0.]))","(array([0.]), array([0.]), array([0.]))","(array([0.]), array([0.]), array([0.]))","(array([0.]), array([0.]), array([0.]))","(array([0.]), array([0.]), array([0.]))","(array([0.]), array([0.]), array([0.]))","(array([0.]), array([0.]), array([0.]))"
(0.5000022978449444+0j),[0.9628864],[1.],[0.26990699],[1.],"(array([0.]), array([0.]), array([0.]))","(array([0.]), array([0.]), array([0.]))","(array([0.]), array([0.]), array([0.]))","(array([0.]), array([0.]), array([0.]))","(array([0.]), array([0.]), array([0.]))","(array([0.]), array([0.]), array([0.]))","(array([0.]), array([0.]), array([0.]))","(array([0.]), array([0.]), array([0.]))","(array([0.]), array([0.]), array([0.]))","(array([0.]), array([0.]), array([0.]))","(array([0.]), array([0.]), array([0.]))"
(0.500002308641224+0j),[0.93540623],[1.],[0.35357486],[1.],"(array([0.]), array([0.]), array([0.]))","(array([0.]), array([0.]), array([0.]))","(array([0.]), array([0.]), array([0.]))","(array([0.]), array([0.]), array([0.]))","(array([0.]), array([0.]), array([0.]))","(array([0.]), array([0.]), array([0.]))","(array([0.]), array([0.]), array([0.]))","(array([0.]), array([0.]), array([0.]))","(array([0.]), array([0.]), array([0.]))","(array([0.]), array([0.]), array([0.]))","(array([0.]), array([0.]), array([0.]))"
(0.5000023227842185+0j),[0.97856427],[1.],[0.20594167],[1.],"(array([0.]), array([0.]), array([0.]))","(array([0.]), array([0.]), array([0.]))","(array([0.]), array([0.]), array([0.]))","(array([0.]), array([0.]), array([0.]))","(array([0.]), array([0.]), array([0.]))","(array([0.]), array([0.]), array([0.]))","(array([0.]), array([0.]), array([0.]))","(array([0.]), array([0.]), array([0.]))","(array([0.]), array([0.]), array([0.]))","(array([0.]), array([0.]), array([0.]))","(array([0.]), array([0.]), array([0.]))"
(0.5000023310218854+0j),[0.99999049],[1.],[0.00436049],[1.],"(array([0.]), array([0.]), array([0.]))","(array([0.]), array([0.]), array([0.]))","(array([0.]), array([0.]), array([0.]))","(array([0.]), array([0.]), array([0.]))","(array([0.]), array([0.]), array([0.]))","(array([0.]), array([0.]), array([0.]))","(array([0.]), array([0.]), array([0.]))","(array([0.]), array([0.]), array([0.]))","(array([0.]), array([0.]), array([0.]))","(array([0.]), array([0.]), array([0.]))","(array([0.]), array([0.]), array([0.]))"
(0.5000023311963054+0j),[0.99942495],[1.],[0.03390837],[1.],"(array([0.]), array([0.]), array([0.]))","(array([0.]), array([0.]), array([0.]))","(array([0.]), array([0.]), array([0.]))","(array([0.]), array([0.]), array([0.]))","(array([0.]), array([0.]), array([0.]))","(array([0.]), array([0.]), array([0.]))","(array([0.]), array([0.]), array([0.]))","(array([0.]), array([0.]), array([0.]))","(array([0.]), array([0.]), array([0.]))","(array([0.]), array([0.]), array([0.]))","(array([0.]), array([0.]), array([0.]))"
(0.5000023325526403+0j),[0.94544322],[1.],[0.32578693],[1.],"(array([0.]), array([0.]), array([0.]))","(array([0.]), array([0.]), array([0.]))","(array([0.]), array([0.]), array([0.]))","(array([0.]), array([0.]), array([0.]))","(array([0.]), array([0.]), array([0.]))","(array([0.]), array([0.]), array([0.]))","(array([0.]), array([0.]), array([0.]))","(array([0.]), array([0.]), array([0.]))","(array([0.]), array([0.]), array([0.]))","(array([0.]), array([0.]), array([0.]))","(array([0.]), array([0.]), array([0.]))"
(0.500002345584117+0j),[0.99848728],[1.],[0.05498318],[1.],"(array([0.]), array([0.]), array([0.]))","(array([0.]), array([0.]), array([0.]))","(array([0.]), array([0.]), array([0.]))","(array([0.]), array([0.]), array([0.]))","(array([0.]), array([0.]), array([0.]))","(array([0.]), array([0.]), array([0.]))","(array([0.]), array([0.]), array([0.]))","(array([0.]), array([0.]), array([0.]))","(array([0.]), array([0.]), array([0.]))","(array([0.]), array([0.]), array([0.]))","(array([0.]), array([0.]), array([0.]))"
(0.5000023477834448+0j),[0.98697115],[1.],[-0.16089734],[1.],"(array([0.]), array([0.]), array([0.]))","(array([0.]), array([0.]), array([0.]))","(array([0.]), array([0.]), array([0.]))","(array([0.]), array([0.]), array([0.]))","(array([0.]), array([0.]), array([0.]))","(array([0.]), array([0.]), array([0.]))","(array([0.]), array([0.]), array([0.]))","(array([0.]), array([0.]), array([0.]))","(array([0.]), array([0.]), array([0.]))","(array([0.]), array([0.]), array([0.]))","(array([0.]), array([0.]), array([0.]))"
(0.500002341347551+0j),[0.99482676],[1.],[-0.10158601],[1.],"(array([0.]), array([0.]), array([0.]))","(array([0.]), array([0.]), array([0.]))","(array([0.]), array([0.]), array([0.]))","(array([0.]), array([0.]), array([0.]))","(array([0.]), array([0.]), array([0.]))","(array([0.]), array([0.]), array([0.]))","(array([0.]), array([0.]), array([0.]))","(array([0.]), array([0.]), array([0.]))","(array([0.]), array([0.]), array([0.]))","(array([0.]), array([0.]), array([0.]))","(array([0.]), array([0.]), array([0.]))"
(0.5000023372841107+0j),[0.86611516],[1.],[-0.4998445],[1.],"(array([0.]), array([0.]), array([0.]))","(array([0.]), array([0.]), array([0.]))","(array([0.]), array([0.]), array([0.]))","(array([0.]), array([0.]), array([0.]))","(array([0.]), array([0.]), array([0.]))","(array([0.]), array([0.]), array([0.]))","(array([0.]), array([0.]), array([0.]))","(array([0.]), array([0.]), array([0.]))","(array([0.]), array([0.]), array([0.]))","(array([0.]), array([0.]), array([0.]))","(array([0.]), array([0.]), array([0.]))"
(0.5000023172903305+0j),[0.89885605],[1.],[-0.43824399],[1.],"(array([0.]), array([0.]), array([0.]))","(array([0.]), array([0.]), array([0.]))","(array([0.]), array([0.]), array([0.]))","(array([0.]), array([0.]), array([0.]))","(array([0.]), array([0.]), array([0.]))","(array([0.]), array([0.]), array([0.]))","(array([0.]), array([0.]), array([0.]))","(array([0.]), array([0.]), array([0.]))","(array([0.]), array([0.]), array([0.]))","(array([0.]), array([0.]), array([0.]))","(array([0.]), array([0.]), array([0.]))"
(0.5000022997605709+0j),[0.97452115],[1.],[-0.22429563],[1.],"(array([0.]), array([0.]), array([0.]))","(array([0.]), array([0.]), array([0.]))","(array([0.]), array([0.]), array([0.]))","(array([0.]), array([0.]), array([0.]))","(array([0.]), array([0.]), array([0.]))","(array([0.]), array([0.]), array([0.]))","(array([0.]), array([0.]), array([0.]))","(array([0.]), array([0.]), array([0.]))","(array([0.]), array([0.]), array([0.]))","(array([0.]), array([0.]), array([0.]))","(array([0.]), array([0.]), array([0.]))"
(0.5000022907887451+0j),[0.98103885],[1.],[-0.19381118],[1.],"(array([0.]), array([0.]), array([0.]))","(array([0.]), array([0.]), array([0.]))","(array([0.]), array([0.]), array([0.]))","(array([0.]), array([0.]), array([0.]))","(array([0.]), array([0.]), array([0.]))","(array([0.]), array([0.]), array([0.]))","(array([0.]), array([0.]), array([0.]))","(array([0.]), array([0.]), array([0.]))","(array([0.]), array([0.]), array([0.]))","(array([0.]), array([0.]), array([0.]))","(array([0.]), array([0.]), array([0.]))"
(0.5000022830362976+0j),[0.9168766],[1.],[-0.39917076],[1.],"(array([0.]), array([0.]), array([0.]))","(array([0.]), array([0.]), array([0.]))","(array([0.]), array([0.]), array([0.]))","(array([0.]), array([0.]), array([0.]))","(array([0.]), array([0.]), array([0.]))","(array([0.]), array([0.]), array([0.]))","(array([0.]), array([0.]), array([0.]))","(array([0.]), array([0.]), array([0.]))","(array([0.]), array([0.]), array([0.]))","(array([0.]), array([0.]), array([0.]))","(array([0.]), array([0.]), array([0.]))"
(0.5000022670694669+0j),[0.97521148],[1.],[-0.22127488],[1.],"(array([0.]), array([0.]), array([0.]))","(array([0.]), array([0.]), array([0.]))","(array([0.]), array([0.]), array([0.]))","(array([0.]), array([0.]), array([0.]))","(array([0.]), array([0.]), array([0.]))","(array([0.]), array([0.]), array([0.]))","(array([0.]), array([0.]), array([0.]))","(array([0.]), array([0.]), array([0.]))","(array([0.]), array([0.]), array([0.]))","(array([0.]), array([0.]), array([0.]))","(array([0.]), array([0.]), array([0.]))"
(0.5000022582184717+0j),[0.81771477],[1.],[-0.57562362],[1.],"(array([0.]), array([0.]), array([0.]))","(array([0.]), array([0.]), array([0.]))","(array([0.]), array([0.]), array([0.]))","(array([0.]), array([0.]), array([0.]))","(array([0.]), array([0.]), array([0.]))","(array([0.]), array([0.]), array([0.]))","(array([0.]), array([0.]), array([0.]))","(array([0.]), array([0.]), array([0.]))","(array([0.]), array([0.]), array([0.]))","(array([0.]), array([0.]), array([0.]))","(array([0.]), array([0.]), array([0.]))"
(0.5000022351935273+0j),[0.90726521],[1.],[-0.42055897],[1.],"(array([0.]), array([0.]), array([0.]))","(array([0.]), array([0.]), array([0.]))","(array([0.]), array([0.]), array([0.]))","(array([0.]), array([0.]), array([0.]))","(array([0.]), array([0.]), array([0.]))","(array([0.]), array([0.]), array([0.]))","(array([0.]), array([0.]), array([0.]))","(array([0.]), array([0.]), array([0.]))","(array([0.]), array([0.]), array([0.]))","(array([0.]), array([0.]), array([0.]))","(array([0.]), array([0.]), array([0.]))"
(0.5000022183711684+0j),[0.81099484],[1.],[-0.58505331],[1.],"(array([0.]), array([0.]), array([0.]))","(array([0.]), array([0.]), array([0.]))","(array([0.]), array([0.]), array([0.]))","(array([0.]), array([0.]), array([0.]))","(array([0.]), array([0.]), array([0.]))","(array([0.]), array([0.]), array([0.]))","(array([0.]), array([0.]), array([0.]))","(array([0.]), array([0.]), array([0.]))","(array([0.]), array([0.]), array([0.]))","(array([0.]), array([0.]), array([0.]))","(array([0.]), array([0.]), array([0.]))"
(0.5000021949690362+0j),[0.7426093],[1.],[-0.66972489],[1.],"(array([0.]), array([0.]), array([0.]))","(array([0.]), array([0.]), array([0.]))","(array([0.]), array([0.]), array([0.]))","(array([0.]), array([0.]), array([0.]))","(array([0.]), array([0.]), array([0.]))","(array([0.]), array([0.]), array([0.]))","(array([0.]), array([0.]), array([0.]))","(array([0.]), array([0.]), array([0.]))","(array([0.]), array([0.]), array([0.]))","(array([0.]), array([0.]), array([0.]))","(array([0.]), array([0.]), array([0.]))"
(0.5000021681800406+0j),[0.76288873],[1.],[-0.6465298],[1.],"(array([0.]), array([0.]), array([0.]))","(array([0.]), array([0.]), array([0.]))","(array([0.]), array([0.]), array([0.]))","(array([0.]), array([0.]), array([0.]))","(array([0.]), array([0.]), array([0.]))","(array([0.]), array([0.]), array([0.]))","(array([0.]), array([0.]), array([0.]))","(array([0.]), array([0.]), array([0.]))","(array([0.]), array([0.]), array([0.]))","(array([0.]), array([0.]), array([0.]))","(array([0.]), array([0.]), array([0.]))"
(0.5000021423188488+0j),[0.60650936],[1.],[-0.79507635],[1.],"(array([0.]), array([0.]), array([0.]))","(array([0.]), array([0.]), array([0.]))","(array([0.]), array([0.]), array([0.]))","(array([0.]), array([0.]), array([0.]))","(array([0.]), array([0.]), array([0.]))","(array([0.]), array([0.]), array([0.]))","(array([0.]), array([0.]), array([0.]))","(array([0.]), array([0.]), array([0.]))","(array([0.]), array([0.]), array([0.]))","(array([0.]), array([0.]), array([0.]))","(array([0.]), array([0.]), array([0.]))"
(0.500002110515795+0j),[0.81435829],[1.],[-0.58036245],[1.],"(array([0.]), array([0.]), array([0.]))","(array([0.]), array([0.]), array([0.]))","(array([0.]), array([0.]), array([0.]))","(array([0.]), array([0.]), array([0.]))","(array([0.]), array([0.]), array([0.]))","(array([0.]), array([0.]), array([0.]))","(array([0.]), array([0.]), array([0.]))","(array([0.]), array([0.]), array([0.]))","(array([0.]), array([0.]), array([0.]))","(array([0.]), array([0.]), array([0.]))","(array([0.]), array([0.]), array([0.]))"
(0.5000020873012975+0j),[0.62887721],[1.],[-0.77750463],[1.],"(array([0.]), array([0.]), array([0.]))","(array([0.]), array([0.]), array([0.]))","(array([0.]), array([0.]), array([0.]))","(array([0.]), array([0.]), array([0.]))","(array([0.]), array([0.]), array([0.]))","(array([0.]), array([0.]), array([0.]))","(array([0.]), array([0.]), array([0.]))","(array([0.]), array([0.]), array([0.]))","(array([0.]), array([0.]), array([0.]))","(array([0.]), array([0.]), array([0.]))","(array([0.]), array([0.]), array([0.]))"
(0.5000020562011122+0j),[0.63872886],[1.],[-0.76943189],[1.],"(array([0.]), array([0.]), array([0.]))","(array([0.]), array([0.]), array([0.]))","(array([0.]), array([0.]), array([0.]))","(array([0.]), array([0.]), array([0.]))","(array([0.]), array([0.]), array([0.]))","(array([0.]), array([0.]), array([0.]))","(array([0.]), array([0.]), array([0.]))","(array([0.]), array([0.]), array([0.]))","(array([0.]), array([0.]), array([0.]))","(array([0.]), array([0.]), array([0.]))","(array([0.]), array([0.]), array([0.]))"
(0.5000020254238366+0j),[0.71828356],[1.],[-0.69575048],[1.],"(array([0.]), array([0.]), array([0.]))","(array([0.]), array([0.]), array([0.]))","(array([0.]), array([0.]), array([0.]))","(array([0.]), array([0.]), array([0.]))","(array([0.]), array([0.]), array([0.]))","(array([0.]), array([0.]), array([0.]))","(array([0.]), array([0.]), array([0.]))","(array([0.]), array([0.]), array([0.]))","(array([0.]), array([0.]), array([0.]))","(array([0.]), array([0.]), array([0.]))","(array([0.]), array([0.]), array([0.]))"
(0.5000019975938179+0j),[0.60637772],[1.],[-0.79517675],[1.],"(array([0.]), array([0.]), array([0.]))","(array([0.]), array([0.]), array([0.]))","(array([0.]), array([0.]), array([0.]))","(array([0.]), array([0.]), array([0.]))","(array([0.]), array([0.]), array([0.]))","(array([0.]), array([0.]), array([0.]))","(array([0.]), array([0.]), array([0.]))","(array([0.]), array([0.]), array([0.]))","(array([0.]), array([0.]), array([0.]))","(array([0.]), array([0.]), array([0.]))","(array([0.]), array([0.]), array([0.]))"
(0.5000019657867486+0j),[0.42550289],[1.],[-0.90495706],[1.],"(array([0.]), array([0.]), array([0.]))","(array([0.]), array([0.]), array([0.]))","(array([0.]), array([0.]), array([0.]))","(array([0.]), array([0.]), array([0.]))","(array([0.]), array([0.]), array([0.]))","(array([0.]), array([0.]), array([0.]))","(array([0.]), array([0.]), array([0.]))","(array([0.]), array([0.]), array([0.]))","(array([0.]), array([0.]), array([0.]))","(array([0.]), array([0.]), array([0.]))","(array([0.]), array([0.]), array([0.]))"
(0.5000019295884661+0j),[0.28169332],[1.],[-0.95950449],[1.],"(array([0.]), array([0.]), array([0.]))","(array([0.]), array([0.]), array([0.]))","(array([0.]), array([0.]), array([0.]))","(array([0.]), array([0.]), array([0.]))","(array([0.]), array([0.]), array([0.]))","(array([0.]), array([0.]), array([0.]))","(array([0.]), array([0.]), array([0.]))","(array([0.]), array([0.]), array([0.]))","(array([0.]), array([0.]), array([0.]))","(array([0.]), array([0.]), array([0.]))","(array([0.]), array([0.]), array([0.]))"
(0.5000018912082864+0j),[-0.11409334],[1.],[-0.99347004],[1.],"(array([0.]), array([0.]), array([0.]))","(array([0.]), array([0.]), array([0.]))","(array([0.]), array([0.]), array([0.]))","(array([0.]), array([0.]), array([0.]))","(array([0.]), array([0.]), array([0.]))","(array([0.]), array([0.]), array([0.]))","(array([0.]), array([0.]), array([0.]))","(array([0.]), array([0.]), array([0.]))","(array([0.]), array([0.]), array([0.]))","(array([0.]), array([0.]), array([0.]))","(array([0.]), array([0.]), array([0.]))"
(0.5000018514694853+0j),[-0.32450423],[1.],[-0.94588425],[1.],"(array([0.]), array([0.]), array([0.]))","(array([0.]), array([0.]), array([0.]))","(array([0.]), array([0.]), array([0.]))","(array([0.]), array([0.]), array([0.]))","(array([0.]), array([0.]), array([0.]))","(array([0.]), array([0.]), array([0.]))","(array([0.]), array([0.]), array([0.]))","(array([0.]), array([0.]), array([0.]))","(array([0.]), array([0.]), array([0.]))","(array([0.]), array([0.]), array([0.]))","(array([0.]), array([0.]), array([0.]))"
(0.5000018136341154+0j),[-0.55402295],[1.],[-0.8325014],[1.],"(array([0.]), array([0.]), array([0.]))","(array([0.]), array([0.]), array([0.]))","(array([0.]), array([0.]), array([0.]))","(array([0.]), array([0.]), array([0.]))","(array([0.]), array([0.]), array([0.]))","(array([0.]), array([0.]), array([0.]))","(array([0.]), array([0.]), array([0.]))","(array([0.]), array([0.]), array([0.]))","(array([0.]), array([0.]), array([0.]))","(array([0.]), array([0.]), array([0.]))","(array([0.]), array([0.]), array([0.]))"
(0.5000017803340597+0j),[-0.4610837],[1.],[-0.88735665],[1.],"(array([0.]), array([0.]), array([0.]))","(array([0.]), array([0.]), array([0.]))","(array([0.]), array([0.]), array([0.]))","(array([0.]), array([0.]), array([0.]))","(array([0.]), array([0.]), array([0.]))","(array([0.]), array([0.]), array([0.]))","(array([0.]), array([0.]), array([0.]))","(array([0.]), array([0.]), array([0.]))","(array([0.]), array([0.]), array([0.]))","(array([0.]), array([0.]), array([0.]))","(array([0.]), array([0.]), array([0.]))"
(0.500001744839794+0j),[-0.47988255],[1.],[-0.87733274],[1.],"(array([0.]), array([0.]), array([0.]))","(array([0.]), array([0.]), array([0.]))","(array([0.]), array([0.]), array([0.]))","(array([0.]), array([0.]), array([0.]))","(array([0.]), array([0.]), array([0.]))","(array([0.]), array([0.]), array([0.]))","(array([0.]), array([0.]), array([0.]))","(array([0.]), array([0.]), array([0.]))","(array([0.]), array([0.]), array([0.]))","(array([0.]), array([0.]), array([0.]))","(array([0.]), array([0.]), array([0.]))"
(0.5000017097464843+0j),[-0.57541981],[1.],[-0.81785821],[1.],"(array([0.]), array([0.]), array([0.]))","(array([0.]), array([0.]), array([0.]))","(array([0.]), array([0.]), array([0.]))","(array([0.]), array([0.]), array([0.]))","(array([0.]), array([0.]), array([0.]))","(array([0.]), array([0.]), array([0.]))","(array([0.]), array([0.]), array([0.]))","(array([0.]), array([0.]), array([0.]))","(array([0.]), array([0.]), array([0.]))","(array([0.]), array([0.]), array([0.]))","(array([0.]), array([0.]), array([0.]))"
(0.5000016770321563+0j),[-0.57251406],[1.],[-0.8198949],[1.],"(array([0.]), array([0.]), array([0.]))","(array([0.]), array([0.]), array([0.]))","(array([0.]), array([0.]), array([0.]))","(array([0.]), array([0.]), array([0.]))","(array([0.]), array([0.]), array([0.]))","(array([0.]), array([0.]), array([0.]))","(array([0.]), array([0.]), array([0.]))","(array([0.]), array([0.]), array([0.]))","(array([0.]), array([0.]), array([0.]))","(array([0.]), array([0.]), array([0.]))","(array([0.]), array([0.]), array([0.]))"
(0.5000016442363604+0j),[-0.62090443],[1.],[-0.78388627],[1.],"(array([0.]), array([0.]), array([0.]))","(array([0.]), array([0.]), array([0.]))","(array([0.]), array([0.]), array([0.]))","(array([0.]), array([0.]), array([0.]))","(array([0.]), array([0.]), array([0.]))","(array([0.]), array([0.]), array([0.]))","(array([0.]), array([0.]), array([0.]))","(array([0.]), array([0.]), array([0.]))","(array([0.]), array([0.]), array([0.]))","(array([0.]), array([0.]), array([0.]))","(array([0.]), array([0.]), array([0.]))"
(0.5000016128809098+0j),[-0.6853738],[1.],[-0.72819142],[1.],"(array([0.]), array([0.]), array([0.]))","(array([0.]), array([0.]), array([0.]))","(array([0.]), array([0.]), array([0.]))","(array([0.]), array([0.]), array([0.]))","(array([0.]), array([0.]), array([0.]))","(array([0.]), array([0.]), array([0.]))","(array([0.]), array([0.]), array([0.]))","(array([0.]), array([0.]), array([0.]))","(array([0.]), array([0.]), array([0.]))","(array([0.]), array([0.]), array([0.]))","(array([0.]), array([0.]), array([0.]))"
(0.5000015837532523+0j),[-0.79799785],[1.],[-0.60266029],[1.],"(array([0.]), array([0.]), array([0.]))","(array([0.]), array([0.]), array([0.]))","(array([0.]), array([0.]), array([0.]))","(array([0.]), array([0.]), array([0.]))","(array([0.]), array([0.]), array([0.]))","(array([0.]), array([0.]), array([0.]))","(array([0.]), array([0.]), array([0.]))","(array([0.]), array([0.]), array([0.]))","(array([0.]), array([0.]), array([0.]))","(array([0.]), array([0.]), array([0.]))","(array([0.]), array([0.]), array([0.]))"
(0.5000015596468411+0j),[-0.7855868],[1.],[-0.61875147],[1.],"(array([0.]), array([0.]), array([0.]))","(array([0.]), array([0.]), array([0.]))","(array([0.]), array([0.]), array([0.]))","(array([0.]), array([0.]), array([0.]))","(array([0.]), array([0.]), array([0.]))","(array([0.]), array([0.]), array([0.]))","(array([0.]), array([0.]), array([0.]))","(array([0.]), array([0.]), array([0.]))","(array([0.]), array([0.]), array([0.]))","(array([0.]), array([0.]), array([0.]))","(array([0.]), array([0.]), array([0.]))"
(0.500001534896782+0j),[-0.74041265],[1.],[-0.6721526],[1.],"(array([0.]), array([0.]), array([0.]))","(array([0.]), array([0.]), array([0.]))","(array([0.]), array([0.]), array([0.]))","(array([0.]), array([0.]), array([0.]))","(array([0.]), array([0.]), array([0.]))","(array([0.]), array([0.]), array([0.]))","(array([0.]), array([0.]), array([0.]))","(array([0.]), array([0.]), array([0.]))","(array([0.]), array([0.]), array([0.]))","(array([0.]), array([0.]), array([0.]))","(array([0.]), array([0.]), array([0.]))"
(0.5000015080106784+0j),[-0.61943354],[1.],[-0.7850491],[1.],"(array([0.]), array([0.]), array([0.]))","(array([0.]), array([0.]), array([0.]))","(array([0.]), array([0.]), array([0.]))","(array([0.]), array([0.]), array([0.]))","(array([0.]), array([0.]), array([0.]))","(array([0.]), array([0.]), array([0.]))","(array([0.]), array([0.]), array([0.]))","(array([0.]), array([0.]), array([0.]))","(array([0.]), array([0.]), array([0.]))","(array([0.]), array([0.]), array([0.]))","(array([0.]), array([0.]), array([0.]))"
(0.5000014766087143+0j),[-0.47033864],[1.],[-0.88248601],[1.],"(array([0.]), array([0.]), array([0.]))","(array([0.]), array([0.]), array([0.]))","(array([0.]), array([0.]), array([0.]))","(array([0.]), array([0.]), array([0.]))","(array([0.]), array([0.]), array([0.]))","(array([0.]), array([0.]), array([0.]))","(array([0.]), array([0.]), array([0.]))","(array([0.]), array([0.]), array([0.]))","(array([0.]), array([0.]), array([0.]))","(array([0.]), array([0.]), array([0.]))","(array([0.]), array([0.]), array([0.]))"
(0.5000014413092737+0j),[-0.66251],[1.],[-0.74905307],[1.],"(array([0.]), array([0.]), array([0.]))","(array([0.]), array([0.]), array([0.]))","(array([0.]), array([0.]), array([0.]))","(array([0.]), array([0.]), array([0.]))","(array([0.]), array([0.]), array([0.]))","(array([0.]), array([0.]), array([0.]))","(array([0.]), array([0.]), array([0.]))","(array([0.]), array([0.]), array([0.]))","(array([0.]), array([0.]), array([0.]))","(array([0.]), array([0.]), array([0.]))","(array([0.]), array([0.]), array([0.]))"
(0.5000014113471509+0j),[-0.64975374],[1.],[-0.76014478],[1.],"(array([0.]), array([0.]), array([0.]))","(array([0.]), array([0.]), array([0.]))","(array([0.]), array([0.]), array([0.]))","(array([0.]), array([0.]), array([0.]))","(array([0.]), array([0.]), array([0.]))","(array([0.]), array([0.]), array([0.]))","(array([0.]), array([0.]), array([0.]))","(array([0.]), array([0.]), array([0.]))","(array([0.]), array([0.]), array([0.]))","(array([0.]), array([0.]), array([0.]))","(array([0.]), array([0.]), array([0.]))"
(0.5000013809413598+0j),[-0.76086774],[1.],[-0.64890699],[1.],"(array([0.]), array([0.]), array([0.]))","(array([0.]), array([0.]), array([0.]))","(array([0.]), array([0.]), array([0.]))","(array([0.]), array([0.]), array([0.]))","(array([0.]), array([0.]), array([0.]))","(array([0.]), array([0.]), array([0.]))","(array([0.]), array([0.]), array([0.]))","(array([0.]), array([0.]), array([0.]))","(array([0.]), array([0.]), array([0.]))","(array([0.]), array([0.]), array([0.]))","(array([0.]), array([0.]), array([0.]))"
(0.5000013549850805+0j),[-0.56890726],[1.],[-0.82240168],[1.],"(array([0.]), array([0.]), array([0.]))","(array([0.]), array([0.]), array([0.]))","(array([0.]), array([0.]), array([0.]))","(array([0.]), array([0.]), array([0.]))","(array([0.]), array([0.]), array([0.]))","(array([0.]), array([0.]), array([0.]))","(array([0.]), array([0.]), array([0.]))","(array([0.]), array([0.]), array([0.]))","(array([0.]), array([0.]), array([0.]))","(array([0.]), array([0.]), array([0.]))","(array([0.]), array([0.]), array([0.]))"
(0.5000013220890132+0j),[-0.2158311],[1.],[-0.97643071],[1.],"(array([0.]), array([0.]), array([0.]))","(array([0.]), array([0.]), array([0.]))","(array([0.]), array([0.]), array([0.]))","(array([0.]), array([0.]), array([0.]))","(array([0.]), array([0.]), array([0.]))","(array([0.]), array([0.]), array([0.]))","(array([0.]), array([0.]), array([0.]))","(array([0.]), array([0.]), array([0.]))","(array([0.]), array([0.]), array([0.]))","(array([0.]), array([0.]), array([0.]))","(array([0.]), array([0.]), array([0.]))"
(0.5000012830317846+0j),[-0.00772458],[1.],[-0.99997016],[1.],"(array([0.]), array([0.]), array([0.]))","(array([0.]), array([0.]), array([0.]))","(array([0.]), array([0.]), array([0.]))","(array([0.]), array([0.]), array([0.]))","(array([0.]), array([0.]), array([0.]))","(array([0.]), array([0.]), array([0.]))","(array([0.]), array([0.]), array([0.]))","(array([0.]), array([0.]), array([0.]))","(array([0.]), array([0.]), array([0.]))","(array([0.]), array([0.]), array([0.]))","(array([0.]), array([0.]), array([0.]))"
(0.5000012430329779+0j),[-0.2348362],[1.],[-0.97203496],[1.],"(array([0.]), array([0.]), array([0.]))","(array([0.]), array([0.]), array([0.]))","(array([0.]), array([0.]), array([0.]))","(array([0.]), array([0.]), array([0.]))","(array([0.]), array([0.]), array([0.]))","(array([0.]), array([0.]), array([0.]))","(array([0.]), array([0.]), array([0.]))","(array([0.]), array([0.]), array([0.]))","(array([0.]), array([0.]), array([0.]))","(array([0.]), array([0.]), array([0.]))","(array([0.]), array([0.]), array([0.]))"
(0.5000012041515798+0j),[-0.43556472],[1.],[-0.90015741],[1.],"(array([0.]), array([0.]), array([0.]))","(array([0.]), array([0.]), array([0.]))","(array([0.]), array([0.]), array([0.]))","(array([0.]), array([0.]), array([0.]))","(array([0.]), array([0.]), array([0.]))","(array([0.]), array([0.]), array([0.]))","(array([0.]), array([0.]), array([0.]))","(array([0.]), array([0.]), array([0.]))","(array([0.]), array([0.]), array([0.]))","(array([0.]), array([0.]), array([0.]))","(array([0.]), array([0.]), array([0.]))"
(0.5000011681452835+0j),[-0.49433814],[1.],[-0.8692697],[1.],"(array([0.]), array([0.]), array([0.]))","(array([0.]), array([0.]), array([0.]))","(array([0.]), array([0.]), array([0.]))","(array([0.]), array([0.]), array([0.]))","(array([0.]), array([0.]), array([0.]))","(array([0.]), array([0.]), array([0.]))","(array([0.]), array([0.]), array([0.]))","(array([0.]), array([0.]), array([0.]))","(array([0.]), array([0.]), array([0.]))","(array([0.]), array([0.]), array([0.]))","(array([0.]), array([0.]), array([0.]))"
(0.5000011333744958+0j),[-0.34912692],[1.],[-0.93707545],[1.],"(array([0.]), array([0.]), array([0.]))","(array([0.]), array([0.]), array([0.]))","(array([0.]), array([0.]), array([0.]))","(array([0.]), array([0.]), array([0.]))","(array([0.]), array([0.]), array([0.]))","(array([0.]), array([0.]), array([0.]))","(array([0.]), array([0.]), array([0.]))","(array([0.]), array([0.]), array([0.]))","(array([0.]), array([0.]), array([0.]))","(array([0.]), array([0.]), array([0.]))","(array([0.]), array([0.]), array([0.]))"
(0.5000010958914779+0j),[-0.32449587],[1.],[-0.94588711],[1.],"(array([0.]), array([0.]), array([0.]))","(array([0.]), array([0.]), array([0.]))","(array([0.]), array([0.]), array([0.]))","(array([0.]), array([0.]), array([0.]))","(array([0.]), array([0.]), array([0.]))","(array([0.]), array([0.]), array([0.]))","(array([0.]), array([0.]), array([0.]))","(array([0.]), array([0.]), array([0.]))","(array([0.]), array([0.]), array([0.]))","(array([0.]), array([0.]), array([0.]))","(array([0.]), array([0.]), array([0.]))"
(0.5000010580559932+0j),[-0.26762436],[1.],[-0.96352333],[1.],"(array([0.]), array([0.]), array([0.]))","(array([0.]), array([0.]), array([0.]))","(array([0.]), array([0.]), array([0.]))","(array([0.]), array([0.]), array([0.]))","(array([0.]), array([0.]), array([0.]))","(array([0.]), array([0.]), array([0.]))","(array([0.]), array([0.]), array([0.]))","(array([0.]), array([0.]), array([0.]))","(array([0.]), array([0.]), array([0.]))","(array([0.]), array([0.]), array([0.]))","(array([0.]), array([0.]), array([0.]))"
(0.5000010195150597+0j),[-0.20056239],[1.],[-0.97968093],[1.],"(array([0.]), array([0.]), array([0.]))","(array([0.]), array([0.]), array([0.]))","(array([0.]), array([0.]), array([0.]))","(array([0.]), array([0.]), array([0.]))","(array([0.]), array([0.]), array([0.]))","(array([0.]), array([0.]), array([0.]))","(array([0.]), array([0.]), array([0.]))","(array([0.]), array([0.]), array([0.]))","(array([0.]), array([0.]), array([0.]))","(array([0.]), array([0.]), array([0.]))","(array([0.]), array([0.]), array([0.]))"
(0.5000009803278227+0j),[0.29483422],[1.],[-0.95554842],[1.],"(array([0.]), array([0.]), array([0.]))","(array([0.]), array([0.]), array([0.]))","(array([0.]), array([0.]), array([0.]))","(array([0.]), array([0.]), array([0.]))","(array([0.]), array([0.]), array([0.]))","(array([0.]), array([0.]), array([0.]))","(array([0.]), array([0.]), array([0.]))","(array([0.]), array([0.]), array([0.]))","(array([0.]), array([0.]), array([0.]))","(array([0.]), array([0.]), array([0.]))","(array([0.]), array([0.]), array([0.]))"
(0.5000009421058862+0j),[0.45365938],[1.],[-0.89117516],[1.],"(array([0.]), array([0.]), array([0.]))","(array([0.]), array([0.]), array([0.]))","(array([0.]), array([0.]), array([0.]))","(array([0.]), array([0.]), array([0.]))","(array([0.]), array([0.]), array([0.]))","(array([0.]), array([0.]), array([0.]))","(array([0.]), array([0.]), array([0.]))","(array([0.]), array([0.]), array([0.]))","(array([0.]), array([0.]), array([0.]))","(array([0.]), array([0.]), array([0.]))","(array([0.]), array([0.]), array([0.]))"
(0.5000009064588797+0j),[0.4872074],[1.],[-0.8732863],[1.],"(array([0.]), array([0.]), array([0.]))","(array([0.]), array([0.]), array([0.]))","(array([0.]), array([0.]), array([0.]))","(array([0.]), array([0.]), array([0.]))","(array([0.]), array([0.]), array([0.]))","(array([0.]), array([0.]), array([0.]))","(array([0.]), array([0.]), array([0.]))","(array([0.]), array([0.]), array([0.]))","(array([0.]), array([0.]), array([0.]))","(array([0.]), array([0.]), array([0.]))","(array([0.]), array([0.]), array([0.]))"
(0.5000008715274282+0j),[0.20415801],[1.],[-0.97893795],[1.],"(array([0.]), array([0.]), array([0.]))","(array([0.]), array([0.]), array([0.]))","(array([0.]), array([0.]), array([0.]))","(array([0.]), array([0.]), array([0.]))","(array([0.]), array([0.]), array([0.]))","(array([0.]), array([0.]), array([0.]))","(array([0.]), array([0.]), array([0.]))","(array([0.]), array([0.]), array([0.]))","(array([0.]), array([0.]), array([0.]))","(array([0.]), array([0.]), array([0.]))","(array([0.]), array([0.]), array([0.]))"
(0.5000008323699102+0j),[0.17258644],[1.],[-0.98499438],[1.],"(array([0.]), array([0.]), array([0.]))","(array([0.]), array([0.]), array([0.]))","(array([0.]), array([0.]), array([0.]))","(array([0.]), array([0.]), array([0.]))","(array([0.]), array([0.]), array([0.]))","(array([0.]), array([0.]), array([0.]))","(array([0.]), array([0.]), array([0.]))","(array([0.]), array([0.]), array([0.]))","(array([0.]), array([0.]), array([0.]))","(array([0.]), array([0.]), array([0.]))","(array([0.]), array([0.]), array([0.]))"
(0.5000007929701351+0j),[-0.10652027],[1.],[-0.99431053],[1.],"(array([0.]), array([0.]), array([0.]))","(array([0.]), array([0.]), array([0.]))","(array([0.]), array([0.]), array([0.]))","(array([0.]), array([0.]), array([0.]))","(array([0.]), array([0.]), array([0.]))","(array([0.]), array([0.]), array([0.]))","(array([0.]), array([0.]), array([0.]))","(array([0.]), array([0.]), array([0.]))","(array([0.]), array([0.]), array([0.]))","(array([0.]), array([0.]), array([0.]))","(array([0.]), array([0.]), array([0.]))"
(0.5000007531977135+0j),[-0.02797771],[1.],[-0.99960855],[1.],"(array([0.]), array([0.]), array([0.]))","(array([0.]), array([0.]), array([0.]))","(array([0.]), array([0.]), array([0.]))","(array([0.]), array([0.]), array([0.]))","(array([0.]), array([0.]), array([0.]))","(array([0.]), array([0.]), array([0.]))","(array([0.]), array([0.]), array([0.]))","(array([0.]), array([0.]), array([0.]))","(array([0.]), array([0.]), array([0.]))","(array([0.]), array([0.]), array([0.]))","(array([0.]), array([0.]), array([0.]))"
(0.5000007132133717+0j),[0.02255444],[1.],[-0.99974562],[1.],"(array([0.]), array([0.]), array([0.]))","(array([0.]), array([0.]), array([0.]))","(array([0.]), array([0.]), array([0.]))","(array([0.]), array([0.]), array([0.]))","(array([0.]), array([0.]), array([0.]))","(array([0.]), array([0.]), array([0.]))","(array([0.]), array([0.]), array([0.]))","(array([0.]), array([0.]), array([0.]))","(array([0.]), array([0.]), array([0.]))","(array([0.]), array([0.]), array([0.]))","(array([0.]), array([0.]), array([0.]))"
(0.5000006732235466+0j),[0.7190544],[1.],[-0.69495379],[1.],"(array([0.]), array([0.]), array([0.]))","(array([0.]), array([0.]), array([0.]))","(array([0.]), array([0.]), array([0.]))","(array([0.]), array([0.]), array([0.]))","(array([0.]), array([0.]), array([0.]))","(array([0.]), array([0.]), array([0.]))","(array([0.]), array([0.]), array([0.]))","(array([0.]), array([0.]), array([0.]))","(array([0.]), array([0.]), array([0.]))","(array([0.]), array([0.]), array([0.]))","(array([0.]), array([0.]), array([0.]))"
(0.5000006454253945+0j),[0.65166284],[1.],[-0.75850876],[1.],"(array([0.]), array([0.]), array([0.]))","(array([0.]), array([0.]), array([0.]))","(array([0.]), array([0.]), array([0.]))","(array([0.]), array([0.]), array([0.]))","(array([0.]), array([0.]), array([0.]))","(array([0.]), array([0.]), array([0.]))","(array([0.]), array([0.]), array([0.]))","(array([0.]), array([0.]), array([0.]))","(array([0.]), array([0.]), array([0.]))","(array([0.]), array([0.]), array([0.]))","(array([0.]), array([0.]), array([0.]))"
(0.5000006150850442+0j),[0.56493584],[1.],[-0.82513483],[1.],"(array([0.]), array([0.]), array([0.]))","(array([0.]), array([0.]), array([0.]))","(array([0.]), array([0.]), array([0.]))","(array([0.]), array([0.]), array([0.]))","(array([0.]), array([0.]), array([0.]))","(array([0.]), array([0.]), array([0.]))","(array([0.]), array([0.]), array([0.]))","(array([0.]), array([0.]), array([0.]))","(array([0.]), array([0.]), array([0.]))","(array([0.]), array([0.]), array([0.]))","(array([0.]), array([0.]), array([0.]))"
(0.5000005820796509+0j),[0.24508143],[1.],[-0.9695025],[1.],"(array([0.]), array([0.]), array([0.]))","(array([0.]), array([0.]), array([0.]))","(array([0.]), array([0.]), array([0.]))","(array([0.]), array([0.]), array([0.]))","(array([0.]), array([0.]), array([0.]))","(array([0.]), array([0.]), array([0.]))","(array([0.]), array([0.]), array([0.]))","(array([0.]), array([0.]), array([0.]))","(array([0.]), array([0.]), array([0.]))","(array([0.]), array([0.]), array([0.]))","(array([0.]), array([0.]), array([0.]))"
(0.5000005432995512+0j),[0.3381552],[1.],[-0.94109036],[1.],"(array([0.]), array([0.]), array([0.]))","(array([0.]), array([0.]), array([0.]))","(array([0.]), array([0.]), array([0.]))","(array([0.]), array([0.]), array([0.]))","(array([0.]), array([0.]), array([0.]))","(array([0.]), array([0.]), array([0.]))","(array([0.]), array([0.]), array([0.]))","(array([0.]), array([0.]), array([0.]))","(array([0.]), array([0.]), array([0.]))","(array([0.]), array([0.]), array([0.]))","(array([0.]), array([0.]), array([0.]))"
(0.5000005056559367+0j),[0.32037478],[1.],[-0.94729087],[1.],"(array([0.]), array([0.]), array([0.]))","(array([0.]), array([0.]), array([0.]))","(array([0.]), array([0.]), array([0.]))","(array([0.]), array([0.]), array([0.]))","(array([0.]), array([0.]), array([0.]))","(array([0.]), array([0.]), array([0.]))","(array([0.]), array([0.]), array([0.]))","(array([0.]), array([0.]), array([0.]))","(array([0.]), array([0.]), array([0.]))","(array([0.]), array([0.]), array([0.]))","(array([0.]), array([0.]), array([0.]))"
(0.5000004677643012+0j),[0.45041552],[1.],[-0.89281905],[1.],"(array([0.]), array([0.]), array([0.]))","(array([0.]), array([0.]), array([0.]))","(array([0.]), array([0.]), array([0.]))","(array([0.]), array([0.]), array([0.]))","(array([0.]), array([0.]), array([0.]))","(array([0.]), array([0.]), array([0.]))","(array([0.]), array([0.]), array([0.]))","(array([0.]), array([0.]), array([0.]))","(array([0.]), array([0.]), array([0.]))","(array([0.]), array([0.]), array([0.]))","(array([0.]), array([0.]), array([0.]))"
(0.5000004320515394+0j),[0.64611411],[1.],[-0.76324082],[1.],"(array([0.]), array([0.]), array([0.]))","(array([0.]), array([0.]), array([0.]))","(array([0.]), array([0.]), array([0.]))","(array([0.]), array([0.]), array([0.]))","(array([0.]), array([0.]), array([0.]))","(array([0.]), array([0.]), array([0.]))","(array([0.]), array([0.]), array([0.]))","(array([0.]), array([0.]), array([0.]))","(array([0.]), array([0.]), array([0.]))","(array([0.]), array([0.]), array([0.]))","(array([0.]), array([0.]), array([0.]))"
(0.5000004015219061+0j),[0.74803993],[1.],[-0.66365372],[1.],"(array([0.]), array([0.]), array([0.]))","(array([0.]), array([0.]), array([0.]))","(array([0.]), array([0.]), array([0.]))","(array([0.]), array([0.]), array([0.]))","(array([0.]), array([0.]), array([0.]))","(array([0.]), array([0.]), array([0.]))","(array([0.]), array([0.]), array([0.]))","(array([0.]), array([0.]), array([0.]))","(array([0.]), array([0.]), array([0.]))","(array([0.]), array([0.]), array([0.]))","(array([0.]), array([0.]), array([0.]))"
(0.5000003749757571+0j),[0.79201553],[1.],[-0.61050095],[1.],"(array([0.]), array([0.]), array([0.]))","(array([0.]), array([0.]), array([0.]))","(array([0.]), array([0.]), array([0.]))","(array([0.]), array([0.]), array([0.]))","(array([0.]), array([0.]), array([0.]))","(array([0.]), array([0.]), array([0.]))","(array([0.]), array([0.]), array([0.]))","(array([0.]), array([0.]), array([0.]))","(array([0.]), array([0.]), array([0.]))","(array([0.]), array([0.]), array([0.]))","(array([0.]), array([0.]), array([0.]))"
(0.5000003505557196+0j),[0.59961167],[1.],[-0.8002911],[1.],"(array([0.]), array([0.]), array([0.]))","(array([0.]), array([0.]), array([0.]))","(array([0.]), array([0.]), array([0.]))","(array([0.]), array([0.]), array([0.]))","(array([0.]), array([0.]), array([0.]))","(array([0.]), array([0.]), array([0.]))","(array([0.]), array([0.]), array([0.]))","(array([0.]), array([0.]), array([0.]))","(array([0.]), array([0.]), array([0.]))","(array([0.]), array([0.]), array([0.]))","(array([0.]), array([0.]), array([0.]))"
(0.500000318544076+0j),[0.59925763],[1.],[-0.80055624],[1.],"(array([0.]), array([0.]), array([0.]))","(array([0.]), array([0.]), array([0.]))","(array([0.]), array([0.]), array([0.]))","(array([0.]), array([0.]), array([0.]))","(array([0.]), array([0.]), array([0.]))","(array([0.]), array([0.]), array([0.]))","(array([0.]), array([0.]), array([0.]))","(array([0.]), array([0.]), array([0.]))","(array([0.]), array([0.]), array([0.]))","(array([0.]), array([0.]), array([0.]))","(array([0.]), array([0.]), array([0.]))"
(0.5000002865218266+0j),[0.71783138],[1.],[-0.696217],[1.],"(array([0.]), array([0.]), array([0.]))","(array([0.]), array([0.]), array([0.]))","(array([0.]), array([0.]), array([0.]))","(array([0.]), array([0.]), array([0.]))","(array([0.]), array([0.]), array([0.]))","(array([0.]), array([0.]), array([0.]))","(array([0.]), array([0.]), array([0.]))","(array([0.]), array([0.]), array([0.]))","(array([0.]), array([0.]), array([0.]))","(array([0.]), array([0.]), array([0.]))","(array([0.]), array([0.]), array([0.]))"
(0.5000002586731466+0j),[0.69778951],[1.],[-0.71630287],[1.],"(array([0.]), array([0.]), array([0.]))","(array([0.]), array([0.]), array([0.]))","(array([0.]), array([0.]), array([0.]))","(array([0.]), array([0.]), array([0.]))","(array([0.]), array([0.]), array([0.]))","(array([0.]), array([0.]), array([0.]))","(array([0.]), array([0.]), array([0.]))","(array([0.]), array([0.]), array([0.]))","(array([0.]), array([0.]), array([0.]))","(array([0.]), array([0.]), array([0.]))","(array([0.]), array([0.]), array([0.]))"
(0.5000002300210318+0j),[0.66596942],[1.],[-0.74597904],[1.],"(array([0.]), array([0.]), array([0.]))","(array([0.]), array([0.]), array([0.]))","(array([0.]), array([0.]), array([0.]))","(array([0.]), array([0.]), array([0.]))","(array([0.]), array([0.]), array([0.]))","(array([0.]), array([0.]), array([0.]))","(array([0.]), array([0.]), array([0.]))","(array([0.]), array([0.]), array([0.]))","(array([0.]), array([0.]), array([0.]))","(array([0.]), array([0.]), array([0.]))","(array([0.]), array([0.]), array([0.]))"
(0.5000002001818704+0j),[0.76047157],[1.],[-0.64937122],[1.],"(array([0.]), array([0.]), array([0.]))","(array([0.]), array([0.]), array([0.]))","(array([0.]), array([0.]), array([0.]))","(array([0.]), array([0.]), array([0.]))","(array([0.]), array([0.]), array([0.]))","(array([0.]), array([0.]), array([0.]))","(array([0.]), array([0.]), array([0.]))","(array([0.]), array([0.]), array([0.]))","(array([0.]), array([0.]), array([0.]))","(array([0.]), array([0.]), array([0.]))","(array([0.]), array([0.]), array([0.]))"
(0.5000001742070214+0j),[0.59349328],[1.],[-0.80483894],[1.],"(array([0.]), array([0.]), array([0.]))","(array([0.]), array([0.]), array([0.]))","(array([0.]), array([0.]), array([0.]))","(array([0.]), array([0.]), array([0.]))","(array([0.]), array([0.]), array([0.]))","(array([0.]), array([0.]), array([0.]))","(array([0.]), array([0.]), array([0.]))","(array([0.]), array([0.]), array([0.]))","(array([0.]), array([0.]), array([0.]))","(array([0.]), array([0.]), array([0.]))","(array([0.]), array([0.]), array([0.]))"
(0.5000001420134638+0j),[0.84845646],[1.],[-0.52926518],[1.],"(array([0.]), array([0.]), array([0.]))","(array([0.]), array([0.]), array([0.]))","(array([0.]), array([0.]), array([0.]))","(array([0.]), array([0.]), array([0.]))","(array([0.]), array([0.]), array([0.]))","(array([0.]), array([0.]), array([0.]))","(array([0.]), array([0.]), array([0.]))","(array([0.]), array([0.]), array([0.]))","(array([0.]), array([0.]), array([0.]))","(array([0.]), array([0.]), array([0.]))","(array([0.]), array([0.]), array([0.]))"
(0.5000001208428563+0j),[0.87028024],[1.],[-0.4925569],[1.],"(array([0.]), array([0.]), array([0.]))","(array([0.]), array([0.]), array([0.]))","(array([0.]), array([0.]), array([0.]))","(array([0.]), array([0.]), array([0.]))","(array([0.]), array([0.]), array([0.]))","(array([0.]), array([0.]), array([0.]))","(array([0.]), array([0.]), array([0.]))","(array([0.]), array([0.]), array([0.]))","(array([0.]), array([0.]), array([0.]))","(array([0.]), array([0.]), array([0.]))","(array([0.]), array([0.]), array([0.]))"
(0.5000001011405804+0j),[0.79726931],[1.],[-0.60362377],[1.],"(array([0.]), array([0.]), array([0.]))","(array([0.]), array([0.]), array([0.]))","(array([0.]), array([0.]), array([0.]))","(array([0.]), array([0.]), array([0.]))","(array([0.]), array([0.]), array([0.]))","(array([0.]), array([0.]), array([0.]))","(array([0.]), array([0.]), array([0.]))","(array([0.]), array([0.]), array([0.]))","(array([0.]), array([0.]), array([0.]))","(array([0.]), array([0.]), array([0.]))","(array([0.]), array([0.]), array([0.]))"
(0.5000000769956298+0j),[0.92853399],[1.],[-0.37124738],[1.],"(array([0.]), array([0.]), array([0.]))","(array([0.]), array([0.]), array([0.]))","(array([0.]), array([0.]), array([0.]))","(array([0.]), array([0.]), array([0.]))","(array([0.]), array([0.]), array([0.]))","(array([0.]), array([0.]), array([0.]))","(array([0.]), array([0.]), array([0.]))","(array([0.]), array([0.]), array([0.]))","(array([0.]), array([0.]), array([0.]))","(array([0.]), array([0.]), array([0.]))","(array([0.]), array([0.]), array([0.]))"
(0.5000000621457342+0j),[0.89931192],[1.],[-0.43730774],[1.],"(array([0.]), array([0.]), array([0.]))","(array([0.]), array([0.]), array([0.]))","(array([0.]), array([0.]), array([0.]))","(array([0.]), array([0.]), array([0.]))","(array([0.]), array([0.]), array([0.]))","(array([0.]), array([0.]), array([0.]))","(array([0.]), array([0.]), array([0.]))","(array([0.]), array([0.]), array([0.]))","(array([0.]), array([0.]), array([0.]))","(array([0.]), array([0.]), array([0.]))","(array([0.]), array([0.]), array([0.]))"
(0.5000000446534243+0j),[0.75759126],[1.],[-0.65272925],[1.],"(array([0.]), array([0.]), array([0.]))","(array([0.]), array([0.]), array([0.]))","(array([0.]), array([0.]), array([0.]))","(array([0.]), array([0.]), array([0.]))","(array([0.]), array([0.]), array([0.]))","(array([0.]), array([0.]), array([0.]))","(array([0.]), array([0.]), array([0.]))","(array([0.]), array([0.]), array([0.]))","(array([0.]), array([0.]), array([0.]))","(array([0.]), array([0.]), array([0.]))","(array([0.]), array([0.]), array([0.]))"
(0.5000000185442539+0j),[0.69533122],[1.],[-0.71868943],[1.],"(array([0.]), array([0.]), array([0.]))","(array([0.]), array([0.]), array([0.]))","(array([0.]), array([0.]), array([0.]))","(array([0.]), array([0.]), array([0.]))","(array([0.]), array([0.]), array([0.]))","(array([0.]), array([0.]), array([0.]))","(array([0.]), array([0.]), array([0.]))","(array([0.]), array([0.]), array([0.]))","(array([0.]), array([0.]), array([0.]))","(array([0.]), array([0.]), array([0.]))","(array([0.]), array([0.]), array([0.]))"
(0.49999998979667687+0j),[0.89432159],[1.],[-0.44742473],[1.],"(array([0.]), array([0.]), array([0.]))","(array([0.]), array([0.]), array([0.]))","(array([0.]), array([0.]), array([0.]))","(array([0.]), array([0.]), array([0.]))","(array([0.]), array([0.]), array([0.]))","(array([0.]), array([0.]), array([0.]))","(array([0.]), array([0.]), array([0.]))","(array([0.]), array([0.]), array([0.]))","(array([0.]), array([0.]), array([0.]))","(array([0.]), array([0.]), array([0.]))","(array([0.]), array([0.]), array([0.]))"
(0.4999999718996881+0j),[0.94978612],[1.],[-0.31289986],[1.],"(array([0.]), array([0.]), array([0.]))","(array([0.]), array([0.]), array([0.]))","(array([0.]), array([0.]), array([0.]))","(array([0.]), array([0.]), array([0.]))","(array([0.]), array([0.]), array([0.]))","(array([0.]), array([0.]), array([0.]))","(array([0.]), array([0.]), array([0.]))","(array([0.]), array([0.]), array([0.]))","(array([0.]), array([0.]), array([0.]))","(array([0.]), array([0.]), array([0.]))","(array([0.]), array([0.]), array([0.]))"
(0.4999999593836934+0j),[0.84474632],[1.],[-0.53516694],[1.],"(array([0.]), array([0.]), array([0.]))","(array([0.]), array([0.]), array([0.]))","(array([0.]), array([0.]), array([0.]))","(array([0.]), array([0.]), array([0.]))","(array([0.]), array([0.]), array([0.]))","(array([0.]), array([0.]), array([0.]))","(array([0.]), array([0.]), array([0.]))","(array([0.]), array([0.]), array([0.]))","(array([0.]), array([0.]), array([0.]))","(array([0.]), array([0.]), array([0.]))","(array([0.]), array([0.]), array([0.]))"
(0.499999937977016+0j),[0.81133017],[1.],[-0.5845882],[1.],"(array([0.]), array([0.]), array([0.]))","(array([0.]), array([0.]), array([0.]))","(array([0.]), array([0.]), array([0.]))","(array([0.]), array([0.]), array([0.]))","(array([0.]), array([0.]), array([0.]))","(array([0.]), array([0.]), array([0.]))","(array([0.]), array([0.]), array([0.]))","(array([0.]), array([0.]), array([0.]))","(array([0.]), array([0.]), array([0.]))","(array([0.]), array([0.]), array([0.]))","(array([0.]), array([0.]), array([0.]))"
(0.49999991459348836+0j),[0.81248127],[1.],[-0.58298729],[1.],"(array([0.]), array([0.]), array([0.]))","(array([0.]), array([0.]), array([0.]))","(array([0.]), array([0.]), array([0.]))","(array([0.]), array([0.]), array([0.]))","(array([0.]), array([0.]), array([0.]))","(array([0.]), array([0.]), array([0.]))","(array([0.]), array([0.]), array([0.]))","(array([0.]), array([0.]), array([0.]))","(array([0.]), array([0.]), array([0.]))","(array([0.]), array([0.]), array([0.]))","(array([0.]), array([0.]), array([0.]))"
(0.49999989127399663+0j),[0.75794407],[1.],[-0.65231954],[1.],"(array([0.]), array([0.]), array([0.]))","(array([0.]), array([0.]), array([0.]))","(array([0.]), array([0.]), array([0.]))","(array([0.]), array([0.]), array([0.]))","(array([0.]), array([0.]), array([0.]))","(array([0.]), array([0.]), array([0.]))","(array([0.]), array([0.]), array([0.]))","(array([0.]), array([0.]), array([0.]))","(array([0.]), array([0.]), array([0.]))","(array([0.]), array([0.]), array([0.]))","(array([0.]), array([0.]), array([0.]))"
(0.49999986518121525+0j),[0.65633129],[1.],[-0.75447282],[1.],"(array([0.]), array([0.]), array([0.]))","(array([0.]), array([0.]), array([0.]))","(array([0.]), array([0.]), array([0.]))","(array([0.]), array([0.]), array([0.]))","(array([0.]), array([0.]), array([0.]))","(array([0.]), array([0.]), array([0.]))","(array([0.]), array([0.]), array([0.]))","(array([0.]), array([0.]), array([0.]))","(array([0.]), array([0.]), array([0.]))","(array([0.]), array([0.]), array([0.]))","(array([0.]), array([0.]), array([0.]))"
(0.49999983500230255+0j),[0.75629995],[1.],[-0.65422503],[1.],"(array([0.]), array([0.]), array([0.]))","(array([0.]), array([0.]), array([0.]))","(array([0.]), array([0.]), array([0.]))","(array([0.]), array([0.]), array([0.]))","(array([0.]), array([0.]), array([0.]))","(array([0.]), array([0.]), array([0.]))","(array([0.]), array([0.]), array([0.]))","(array([0.]), array([0.]), array([0.]))","(array([0.]), array([0.]), array([0.]))","(array([0.]), array([0.]), array([0.]))","(array([0.]), array([0.]), array([0.]))"
(0.4999998088333016+0j),[0.79300074],[1.],[-0.60922067],[1.],"(array([0.]), array([0.]), array([0.]))","(array([0.]), array([0.]), array([0.]))","(array([0.]), array([0.]), array([0.]))","(array([0.]), array([0.]), array([0.]))","(array([0.]), array([0.]), array([0.]))","(array([0.]), array([0.]), array([0.]))","(array([0.]), array([0.]), array([0.]))","(array([0.]), array([0.]), array([0.]))","(array([0.]), array([0.]), array([0.]))","(array([0.]), array([0.]), array([0.]))","(array([0.]), array([0.]), array([0.]))"
(0.499999784464475+0j),[0.77526601],[1.],[-0.63163487],[1.],"(array([0.]), array([0.]), array([0.]))","(array([0.]), array([0.]), array([0.]))","(array([0.]), array([0.]), array([0.]))","(array([0.]), array([0.]), array([0.]))","(array([0.]), array([0.]), array([0.]))","(array([0.]), array([0.]), array([0.]))","(array([0.]), array([0.]), array([0.]))","(array([0.]), array([0.]), array([0.]))","(array([0.]), array([0.]), array([0.]))","(array([0.]), array([0.]), array([0.]))","(array([0.]), array([0.]), array([0.]))"
(0.4999997591990805+0j),[0.83926373],[1.],[-0.54372455],[1.],"(array([0.]), array([0.]), array([0.]))","(array([0.]), array([0.]), array([0.]))","(array([0.]), array([0.]), array([0.]))","(array([0.]), array([0.]), array([0.]))","(array([0.]), array([0.]), array([0.]))","(array([0.]), array([0.]), array([0.]))","(array([0.]), array([0.]), array([0.]))","(array([0.]), array([0.]), array([0.]))","(array([0.]), array([0.]), array([0.]))","(array([0.]), array([0.]), array([0.]))","(array([0.]), array([0.]), array([0.]))"
(0.49999973745009896+0j),[0.85347527],[1.],[-0.52113335],[1.],"(array([0.]), array([0.]), array([0.]))","(array([0.]), array([0.]), array([0.]))","(array([0.]), array([0.]), array([0.]))","(array([0.]), array([0.]), array([0.]))","(array([0.]), array([0.]), array([0.]))","(array([0.]), array([0.]), array([0.]))","(array([0.]), array([0.]), array([0.]))","(array([0.]), array([0.]), array([0.]))","(array([0.]), array([0.]), array([0.]))","(array([0.]), array([0.]), array([0.]))","(array([0.]), array([0.]), array([0.]))"
(0.4999997166047652+0j),[0.69112439],[1.],[-0.72273583],[1.],"(array([0.]), array([0.]), array([0.]))","(array([0.]), array([0.]), array([0.]))","(array([0.]), array([0.]), array([0.]))","(array([0.]), array([0.]), array([0.]))","(array([0.]), array([0.]), array([0.]))","(array([0.]), array([0.]), array([0.]))","(array([0.]), array([0.]), array([0.]))","(array([0.]), array([0.]), array([0.]))","(array([0.]), array([0.]), array([0.]))","(array([0.]), array([0.]), array([0.]))","(array([0.]), array([0.]), array([0.]))"
(0.49999968769533265+0j),[0.81724126],[1.],[-0.57629569],[1.],"(array([0.]), array([0.]), array([0.]))","(array([0.]), array([0.]), array([0.]))","(array([0.]), array([0.]), array([0.]))","(array([0.]), array([0.]), array([0.]))","(array([0.]), array([0.]), array([0.]))","(array([0.]), array([0.]), array([0.]))","(array([0.]), array([0.]), array([0.]))","(array([0.]), array([0.]), array([0.]))","(array([0.]), array([0.]), array([0.]))","(array([0.]), array([0.]), array([0.]))","(array([0.]), array([0.]), array([0.]))"
(0.49999966464350504+0j),[0.5407051],[1.],[-0.84121222],[1.],"(array([0.]), array([0.]), array([0.]))","(array([0.]), array([0.]), array([0.]))","(array([0.]), array([0.]), array([0.]))","(array([0.]), array([0.]), array([0.]))","(array([0.]), array([0.]), array([0.]))","(array([0.]), array([0.]), array([0.]))","(array([0.]), array([0.]), array([0.]))","(array([0.]), array([0.]), array([0.]))","(array([0.]), array([0.]), array([0.]))","(array([0.]), array([0.]), array([0.]))","(array([0.]), array([0.]), array([0.]))"
(0.4999996309950168+0j),[0.19416502],[1.],[-0.98096888],[1.],"(array([0.]), array([0.]), array([0.]))","(array([0.]), array([0.]), array([0.]))","(array([0.]), array([0.]), array([0.]))","(array([0.]), array([0.]), array([0.]))","(array([0.]), array([0.]), array([0.]))","(array([0.]), array([0.]), array([0.]))","(array([0.]), array([0.]), array([0.]))","(array([0.]), array([0.]), array([0.]))","(array([0.]), array([0.]), array([0.]))","(array([0.]), array([0.]), array([0.]))","(array([0.]), array([0.]), array([0.]))"
(0.49999959175626185+0j),[0.51250034],[1.],[-0.85868702],[1.],"(array([0.]), array([0.]), array([0.]))","(array([0.]), array([0.]), array([0.]))","(array([0.]), array([0.]), array([0.]))","(array([0.]), array([0.]), array([0.]))","(array([0.]), array([0.]), array([0.]))","(array([0.]), array([0.]), array([0.]))","(array([0.]), array([0.]), array([0.]))","(array([0.]), array([0.]), array([0.]))","(array([0.]), array([0.]), array([0.]))","(array([0.]), array([0.]), array([0.]))","(array([0.]), array([0.]), array([0.]))"
(0.49999955740878116+0j),[0.53651216],[1.],[-0.84389259],[1.],"(array([0.]), array([0.]), array([0.]))","(array([0.]), array([0.]), array([0.]))","(array([0.]), array([0.]), array([0.]))","(array([0.]), array([0.]), array([0.]))","(array([0.]), array([0.]), array([0.]))","(array([0.]), array([0.]), array([0.]))","(array([0.]), array([0.]), array([0.]))","(array([0.]), array([0.]), array([0.]))","(array([0.]), array([0.]), array([0.]))","(array([0.]), array([0.]), array([0.]))","(array([0.]), array([0.]), array([0.]))"
(0.49999952365307765+0j),[0.47745882],[1.],[-0.87865413],[1.],"(array([0.]), array([0.]), array([0.]))","(array([0.]), array([0.]), array([0.]))","(array([0.]), array([0.]), array([0.]))","(array([0.]), array([0.]), array([0.]))","(array([0.]), array([0.]), array([0.]))","(array([0.]), array([0.]), array([0.]))","(array([0.]), array([0.]), array([0.]))","(array([0.]), array([0.]), array([0.]))","(array([0.]), array([0.]), array([0.]))","(array([0.]), array([0.]), array([0.]))","(array([0.]), array([0.]), array([0.]))"
(0.4999994885069127+0j),[0.60513428],[1.],[-0.79612342],[1.],"(array([0.]), array([0.]), array([0.]))","(array([0.]), array([0.]), array([0.]))","(array([0.]), array([0.]), array([0.]))","(array([0.]), array([0.]), array([0.]))","(array([0.]), array([0.]), array([0.]))","(array([0.]), array([0.]), array([0.]))","(array([0.]), array([0.]), array([0.]))","(array([0.]), array([0.]), array([0.]))","(array([0.]), array([0.]), array([0.]))","(array([0.]), array([0.]), array([0.]))","(array([0.]), array([0.]), array([0.]))"
(0.4999994566619761+0j),[0.71606639],[1.],[-0.69803218],[1.],"(array([0.]), array([0.]), array([0.]))","(array([0.]), array([0.]), array([0.]))","(array([0.]), array([0.]), array([0.]))","(array([0.]), array([0.]), array([0.]))","(array([0.]), array([0.]), array([0.]))","(array([0.]), array([0.]), array([0.]))","(array([0.]), array([0.]), array([0.]))","(array([0.]), array([0.]), array([0.]))","(array([0.]), array([0.]), array([0.]))","(array([0.]), array([0.]), array([0.]))","(array([0.]), array([0.]), array([0.]))"
(0.4999994287406885+0j),[0.74839161],[1.],[-0.66325711],[1.],"(array([0.]), array([0.]), array([0.]))","(array([0.]), array([0.]), array([0.]))","(array([0.]), array([0.]), array([0.]))","(array([0.]), array([0.]), array([0.]))","(array([0.]), array([0.]), array([0.]))","(array([0.]), array([0.]), array([0.]))","(array([0.]), array([0.]), array([0.]))","(array([0.]), array([0.]), array([0.]))","(array([0.]), array([0.]), array([0.]))","(array([0.]), array([0.]), array([0.]))","(array([0.]), array([0.]), array([0.]))"
(0.4999994022104037+0j),[0.64253206],[1.],[-0.76625881],[1.],"(array([0.]), array([0.]), array([0.]))","(array([0.]), array([0.]), array([0.]))","(array([0.]), array([0.]), array([0.]))","(array([0.]), array([0.]), array([0.]))","(array([0.]), array([0.]), array([0.]))","(array([0.]), array([0.]), array([0.]))","(array([0.]), array([0.]), array([0.]))","(array([0.]), array([0.]), array([0.]))","(array([0.]), array([0.]), array([0.]))","(array([0.]), array([0.]), array([0.]))","(array([0.]), array([0.]), array([0.]))"
(0.4999993715600513+0j),[0.71740131],[1.],[-0.69666014],[1.],"(array([0.]), array([0.]), array([0.]))","(array([0.]), array([0.]), array([0.]))","(array([0.]), array([0.]), array([0.]))","(array([0.]), array([0.]), array([0.]))","(array([0.]), array([0.]), array([0.]))","(array([0.]), array([0.]), array([0.]))","(array([0.]), array([0.]), array([0.]))","(array([0.]), array([0.]), array([0.]))","(array([0.]), array([0.]), array([0.]))","(array([0.]), array([0.]), array([0.]))","(array([0.]), array([0.]), array([0.]))"
(0.4999993436936457+0j),[0.42116204],[1.],[-0.90698541],[1.],"(array([0.]), array([0.]), array([0.]))","(array([0.]), array([0.]), array([0.]))","(array([0.]), array([0.]), array([0.]))","(array([0.]), array([0.]), array([0.]))","(array([0.]), array([0.]), array([0.]))","(array([0.]), array([0.]), array([0.]))","(array([0.]), array([0.]), array([0.]))","(array([0.]), array([0.]), array([0.]))","(array([0.]), array([0.]), array([0.]))","(array([0.]), array([0.]), array([0.]))","(array([0.]), array([0.]), array([0.]))"
(0.4999993074142294+0j),[0.36788301],[1.],[-0.92987208],[1.],"(array([0.]), array([0.]), array([0.]))","(array([0.]), array([0.]), array([0.]))","(array([0.]), array([0.]), array([0.]))","(array([0.]), array([0.]), array([0.]))","(array([0.]), array([0.]), array([0.]))","(array([0.]), array([0.]), array([0.]))","(array([0.]), array([0.]), array([0.]))","(array([0.]), array([0.]), array([0.]))","(array([0.]), array([0.]), array([0.]))","(array([0.]), array([0.]), array([0.]))","(array([0.]), array([0.]), array([0.]))"
(0.49999927021934576+0j),[0.38688064],[1.],[-0.9221298],[1.],"(array([0.]), array([0.]), array([0.]))","(array([0.]), array([0.]), array([0.]))","(array([0.]), array([0.]), array([0.]))","(array([0.]), array([0.]), array([0.]))","(array([0.]), array([0.]), array([0.]))","(array([0.]), array([0.]), array([0.]))","(array([0.]), array([0.]), array([0.]))","(array([0.]), array([0.]), array([0.]))","(array([0.]), array([0.]), array([0.]))","(array([0.]), array([0.]), array([0.]))","(array([0.]), array([0.]), array([0.]))"
(0.49999923333415397+0j),[0.10718815],[1.],[-0.99423875],[1.],"(array([0.]), array([0.]), array([0.]))","(array([0.]), array([0.]), array([0.]))","(array([0.]), array([0.]), array([0.]))","(array([0.]), array([0.]), array([0.]))","(array([0.]), array([0.]), array([0.]))","(array([0.]), array([0.]), array([0.]))","(array([0.]), array([0.]), array([0.]))","(array([0.]), array([0.]), array([0.]))","(array([0.]), array([0.]), array([0.]))","(array([0.]), array([0.]), array([0.]))","(array([0.]), array([0.]), array([0.]))"
(0.49999919356460387+0j),[-0.01786082],[1.],[-0.99984048],[1.],"(array([0.]), array([0.]), array([0.]))","(array([0.]), array([0.]), array([0.]))","(array([0.]), array([0.]), array([0.]))","(array([0.]), array([0.]), array([0.]))","(array([0.]), array([0.]), array([0.]))","(array([0.]), array([0.]), array([0.]))","(array([0.]), array([0.]), array([0.]))","(array([0.]), array([0.]), array([0.]))","(array([0.]), array([0.]), array([0.]))","(array([0.]), array([0.]), array([0.]))","(array([0.]), array([0.]), array([0.]))"
(0.4999991535709847+0j),[-0.09159058],[1.],[-0.99579675],[1.],"(array([0.]), array([0.]), array([0.]))","(array([0.]), array([0.]), array([0.]))","(array([0.]), array([0.]), array([0.]))","(array([0.]), array([0.]), array([0.]))","(array([0.]), array([0.]), array([0.]))","(array([0.]), array([0.]), array([0.]))","(array([0.]), array([0.]), array([0.]))","(array([0.]), array([0.]), array([0.]))","(array([0.]), array([0.]), array([0.]))","(array([0.]), array([0.]), array([0.]))","(array([0.]), array([0.]), array([0.]))"
(0.49999911373911476+0j),[-0.02548829],[1.],[-0.99967512],[1.],"(array([0.]), array([0.]), array([0.]))","(array([0.]), array([0.]), array([0.]))","(array([0.]), array([0.]), array([0.]))","(array([0.]), array([0.]), array([0.]))","(array([0.]), array([0.]), array([0.]))","(array([0.]), array([0.]), array([0.]))","(array([0.]), array([0.]), array([0.]))","(array([0.]), array([0.]), array([0.]))","(array([0.]), array([0.]), array([0.]))","(array([0.]), array([0.]), array([0.]))","(array([0.]), array([0.]), array([0.]))"
(0.49999907375211056+0j),[-0.37860457],[1.],[-0.92555852],[1.],"(array([0.]), array([0.]), array([0.]))","(array([0.]), array([0.]), array([0.]))","(array([0.]), array([0.]), array([0.]))","(array([0.]), array([0.]), array([0.]))","(array([0.]), array([0.]), array([0.]))","(array([0.]), array([0.]), array([0.]))","(array([0.]), array([0.]), array([0.]))","(array([0.]), array([0.]), array([0.]))","(array([0.]), array([0.]), array([0.]))","(array([0.]), array([0.]), array([0.]))","(array([0.]), array([0.]), array([0.]))"
(0.4999990367297701+0j),[-0.52324338],[1.],[-0.85218329],[1.],"(array([0.]), array([0.]), array([0.]))","(array([0.]), array([0.]), array([0.]))","(array([0.]), array([0.]), array([0.]))","(array([0.]), array([0.]), array([0.]))","(array([0.]), array([0.]), array([0.]))","(array([0.]), array([0.]), array([0.]))","(array([0.]), array([0.]), array([0.]))","(array([0.]), array([0.]), array([0.]))","(array([0.]), array([0.]), array([0.]))","(array([0.]), array([0.]), array([0.]))","(array([0.]), array([0.]), array([0.]))"
(0.49999900264243863+0j),[-0.48815126],[1.],[-0.87275904],[1.],"(array([0.]), array([0.]), array([0.]))","(array([0.]), array([0.]), array([0.]))","(array([0.]), array([0.]), array([0.]))","(array([0.]), array([0.]), array([0.]))","(array([0.]), array([0.]), array([0.]))","(array([0.]), array([0.]), array([0.]))","(array([0.]), array([0.]), array([0.]))","(array([0.]), array([0.]), array([0.]))","(array([0.]), array([0.]), array([0.]))","(array([0.]), array([0.]), array([0.]))","(array([0.]), array([0.]), array([0.]))"
(0.49999896773207664+0j),[-0.1933058],[1.],[-0.98113856],[1.],"(array([0.]), array([0.]), array([0.]))","(array([0.]), array([0.]), array([0.]))","(array([0.]), array([0.]), array([0.]))","(array([0.]), array([0.]), array([0.]))","(array([0.]), array([0.]), array([0.]))","(array([0.]), array([0.]), array([0.]))","(array([0.]), array([0.]), array([0.]))","(array([0.]), array([0.]), array([0.]))","(array([0.]), array([0.]), array([0.]))","(array([0.]), array([0.]), array([0.]))","(array([0.]), array([0.]), array([0.]))"
(0.49999892848653493+0j),[-0.26588389],[1.],[-0.96400506],[1.],"(array([0.]), array([0.]), array([0.]))","(array([0.]), array([0.]), array([0.]))","(array([0.]), array([0.]), array([0.]))","(array([0.]), array([0.]), array([0.]))","(array([0.]), array([0.]), array([0.]))","(array([0.]), array([0.]), array([0.]))","(array([0.]), array([0.]), array([0.]))","(array([0.]), array([0.]), array([0.]))","(array([0.]), array([0.]), array([0.]))","(array([0.]), array([0.]), array([0.]))","(array([0.]), array([0.]), array([0.]))"
(0.49999888992633246+0j),[-0.04036171],[1.],[-0.99918513],[1.],"(array([0.]), array([0.]), array([0.]))","(array([0.]), array([0.]), array([0.]))","(array([0.]), array([0.]), array([0.]))","(array([0.]), array([0.]), array([0.]))","(array([0.]), array([0.]), array([0.]))","(array([0.]), array([0.]), array([0.]))","(array([0.]), array([0.]), array([0.]))","(array([0.]), array([0.]), array([0.]))","(array([0.]), array([0.]), array([0.]))","(array([0.]), array([0.]), array([0.]))","(array([0.]), array([0.]), array([0.]))"
(0.49999884995892724+0j),[0.29820975],[1.],[-0.95450037],[1.],"(array([0.]), array([0.]), array([0.]))","(array([0.]), array([0.]), array([0.]))","(array([0.]), array([0.]), array([0.]))","(array([0.]), array([0.]), array([0.]))","(array([0.]), array([0.]), array([0.]))","(array([0.]), array([0.]), array([0.]))","(array([0.]), array([0.]), array([0.]))","(array([0.]), array([0.]), array([0.]))","(array([0.]), array([0.]), array([0.]))","(array([0.]), array([0.]), array([0.]))","(array([0.]), array([0.]), array([0.]))"
(0.49999881177891276+0j),[0.35100747],[1.],[-0.93637266],[1.],"(array([0.]), array([0.]), array([0.]))","(array([0.]), array([0.]), array([0.]))","(array([0.]), array([0.]), array([0.]))","(array([0.]), array([0.]), array([0.]))","(array([0.]), array([0.]), array([0.]))","(array([0.]), array([0.]), array([0.]))","(array([0.]), array([0.]), array([0.]))","(array([0.]), array([0.]), array([0.]))","(array([0.]), array([0.]), array([0.]))","(array([0.]), array([0.]), array([0.]))","(array([0.]), array([0.]), array([0.]))"
(0.4999987743240064+0j),[0.2977669],[1.],[-0.95463861],[1.],"(array([0.]), array([0.]), array([0.]))","(array([0.]), array([0.]), array([0.]))","(array([0.]), array([0.]), array([0.]))","(array([0.]), array([0.]), array([0.]))","(array([0.]), array([0.]), array([0.]))","(array([0.]), array([0.]), array([0.]))","(array([0.]), array([0.]), array([0.]))","(array([0.]), array([0.]), array([0.]))","(array([0.]), array([0.]), array([0.]))","(array([0.]), array([0.]), array([0.]))","(array([0.]), array([0.]), array([0.]))"
(0.4999987361384621+0j),[0.04584027],[1.],[-0.99894878],[1.],"(array([0.]), array([0.]), array([0.]))","(array([0.]), array([0.]), array([0.]))","(array([0.]), array([0.]), array([0.]))","(array([0.]), array([0.]), array([0.]))","(array([0.]), array([0.]), array([0.]))","(array([0.]), array([0.]), array([0.]))","(array([0.]), array([0.]), array([0.]))","(array([0.]), array([0.]), array([0.]))","(array([0.]), array([0.]), array([0.]))","(array([0.]), array([0.]), array([0.]))","(array([0.]), array([0.]), array([0.]))"
(0.4999986961805102+0j),[-0.01063382],[1.],[-0.99994346],[1.],"(array([0.]), array([0.]), array([0.]))","(array([0.]), array([0.]), array([0.]))","(array([0.]), array([0.]), array([0.]))","(array([0.]), array([0.]), array([0.]))","(array([0.]), array([0.]), array([0.]))","(array([0.]), array([0.]), array([0.]))","(array([0.]), array([0.]), array([0.]))","(array([0.]), array([0.]), array([0.]))","(array([0.]), array([0.]), array([0.]))","(array([0.]), array([0.]), array([0.]))","(array([0.]), array([0.]), array([0.]))"
(0.49999865618277173+0j),[-0.1709935],[1.],[-0.98527216],[1.],"(array([0.]), array([0.]), array([0.]))","(array([0.]), array([0.]), array([0.]))","(array([0.]), array([0.]), array([0.]))","(array([0.]), array([0.]), array([0.]))","(array([0.]), array([0.]), array([0.]))","(array([0.]), array([0.]), array([0.]))","(array([0.]), array([0.]), array([0.]))","(array([0.]), array([0.]), array([0.]))","(array([0.]), array([0.]), array([0.]))","(array([0.]), array([0.]), array([0.]))","(array([0.]), array([0.]), array([0.]))"
(0.4999986167718857+0j),[0.07327289],[1.],[-0.99731193],[1.],"(array([0.]), array([0.]), array([0.]))","(array([0.]), array([0.]), array([0.]))","(array([0.]), array([0.]), array([0.]))","(array([0.]), array([0.]), array([0.]))","(array([0.]), array([0.]), array([0.]))","(array([0.]), array([0.]), array([0.]))","(array([0.]), array([0.]), array([0.]))","(array([0.]), array([0.]), array([0.]))","(array([0.]), array([0.]), array([0.]))","(array([0.]), array([0.]), array([0.]))","(array([0.]), array([0.]), array([0.]))"
(0.4999985768794085+0j),[0.07776645],[1.],[-0.9969716],[1.],"(array([0.]), array([0.]), array([0.]))","(array([0.]), array([0.]), array([0.]))","(array([0.]), array([0.]), array([0.]))","(array([0.]), array([0.]), array([0.]))","(array([0.]), array([0.]), array([0.]))","(array([0.]), array([0.]), array([0.]))","(array([0.]), array([0.]), array([0.]))","(array([0.]), array([0.]), array([0.]))","(array([0.]), array([0.]), array([0.]))","(array([0.]), array([0.]), array([0.]))","(array([0.]), array([0.]), array([0.]))"
(0.49999853700054436+0j),[0.05297797],[1.],[-0.99859568],[1.],"(array([0.]), array([0.]), array([0.]))","(array([0.]), array([0.]), array([0.]))","(array([0.]), array([0.]), array([0.]))","(array([0.]), array([0.]), array([0.]))","(array([0.]), array([0.]), array([0.]))","(array([0.]), array([0.]), array([0.]))","(array([0.]), array([0.]), array([0.]))","(array([0.]), array([0.]), array([0.]))","(array([0.]), array([0.]), array([0.]))","(array([0.]), array([0.]), array([0.]))","(array([0.]), array([0.]), array([0.]))"
(0.49999849705671695+0j),[-0.11916262],[1.],[-0.99287475],[1.],"(array([0.]), array([0.]), array([0.]))","(array([0.]), array([0.]), array([0.]))","(array([0.]), array([0.]), array([0.]))","(array([0.]), array([0.]), array([0.]))","(array([0.]), array([0.]), array([0.]))","(array([0.]), array([0.]), array([0.]))","(array([0.]), array([0.]), array([0.]))","(array([0.]), array([0.]), array([0.]))","(array([0.]), array([0.]), array([0.]))","(array([0.]), array([0.]), array([0.]))","(array([0.]), array([0.]), array([0.]))"
(0.4999984573417271+0j),[-0.14217519],[1.],[-0.98984151],[1.],"(array([0.]), array([0.]), array([0.]))","(array([0.]), array([0.]), array([0.]))","(array([0.]), array([0.]), array([0.]))","(array([0.]), array([0.]), array([0.]))","(array([0.]), array([0.]), array([0.]))","(array([0.]), array([0.]), array([0.]))","(array([0.]), array([0.]), array([0.]))","(array([0.]), array([0.]), array([0.]))","(array([0.]), array([0.]), array([0.]))","(array([0.]), array([0.]), array([0.]))","(array([0.]), array([0.]), array([0.]))"
(0.4999984177480671+0j),[-0.29883762],[1.],[-0.95430398],[1.],"(array([0.]), array([0.]), array([0.]))","(array([0.]), array([0.]), array([0.]))","(array([0.]), array([0.]), array([0.]))","(array([0.]), array([0.]), array([0.]))","(array([0.]), array([0.]), array([0.]))","(array([0.]), array([0.]), array([0.]))","(array([0.]), array([0.]), array([0.]))","(array([0.]), array([0.]), array([0.]))","(array([0.]), array([0.]), array([0.]))","(array([0.]), array([0.]), array([0.]))","(array([0.]), array([0.]), array([0.]))"
(0.49999837957590826+0j),[-0.20125065],[1.],[-0.97953978],[1.],"(array([0.]), array([0.]), array([0.]))","(array([0.]), array([0.]), array([0.]))","(array([0.]), array([0.]), array([0.]))","(array([0.]), array([0.]), array([0.]))","(array([0.]), array([0.]), array([0.]))","(array([0.]), array([0.]), array([0.]))","(array([0.]), array([0.]), array([0.]))","(array([0.]), array([0.]), array([0.]))","(array([0.]), array([0.]), array([0.]))","(array([0.]), array([0.]), array([0.]))","(array([0.]), array([0.]), array([0.]))"
(0.4999983403943174+0j),[-0.27080147],[1.],[-0.96263522],[1.],"(array([0.]), array([0.]), array([0.]))","(array([0.]), array([0.]), array([0.]))","(array([0.]), array([0.]), array([0.]))","(array([0.]), array([0.]), array([0.]))","(array([0.]), array([0.]), array([0.]))","(array([0.]), array([0.]), array([0.]))","(array([0.]), array([0.]), array([0.]))","(array([0.]), array([0.]), array([0.]))","(array([0.]), array([0.]), array([0.]))","(array([0.]), array([0.]), array([0.]))","(array([0.]), array([0.]), array([0.]))"
(0.4999983018889089+0j),[-0.34965121],[1.],[-0.93687994],[1.],"(array([0.]), array([0.]), array([0.]))","(array([0.]), array([0.]), array([0.]))","(array([0.]), array([0.]), array([0.]))","(array([0.]), array([0.]), array([0.]))","(array([0.]), array([0.]), array([0.]))","(array([0.]), array([0.]), array([0.]))","(array([0.]), array([0.]), array([0.]))","(array([0.]), array([0.]), array([0.]))","(array([0.]), array([0.]), array([0.]))","(array([0.]), array([0.]), array([0.]))","(array([0.]), array([0.]), array([0.]))"
(0.4999982644137106+0j),[-0.10703819],[1.],[-0.99425491],[1.],"(array([0.]), array([0.]), array([0.]))","(array([0.]), array([0.]), array([0.]))","(array([0.]), array([0.]), array([0.]))","(array([0.]), array([0.]), array([0.]))","(array([0.]), array([0.]), array([0.]))","(array([0.]), array([0.]), array([0.]))","(array([0.]), array([0.]), array([0.]))","(array([0.]), array([0.]), array([0.]))","(array([0.]), array([0.]), array([0.]))","(array([0.]), array([0.]), array([0.]))","(array([0.]), array([0.]), array([0.]))"
(0.4999982246435137+0j),[-0.14187109],[1.],[-0.98988514],[1.],"(array([0.]), array([0.]), array([0.]))","(array([0.]), array([0.]), array([0.]))","(array([0.]), array([0.]), array([0.]))","(array([0.]), array([0.]), array([0.]))","(array([0.]), array([0.]), array([0.]))","(array([0.]), array([0.]), array([0.]))","(array([0.]), array([0.]), array([0.]))","(array([0.]), array([0.]), array([0.]))","(array([0.]), array([0.]), array([0.]))","(array([0.]), array([0.]), array([0.]))","(array([0.]), array([0.]), array([0.]))"
(0.49999818504810806+0j),[-0.07819895],[1.],[-0.99693777],[1.],"(array([0.]), array([0.]), array([0.]))","(array([0.]), array([0.]), array([0.]))","(array([0.]), array([0.]), array([0.]))","(array([0.]), array([0.]), array([0.]))","(array([0.]), array([0.]), array([0.]))","(array([0.]), array([0.]), array([0.]))","(array([0.]), array([0.]), array([0.]))","(array([0.]), array([0.]), array([0.]))","(array([0.]), array([0.]), array([0.]))","(array([0.]), array([0.]), array([0.]))","(array([0.]), array([0.]), array([0.]))"
(0.49999814517059693+0j),[0.29794459],[1.],[-0.95458317],[1.],"(array([0.]), array([0.]), array([0.]))","(array([0.]), array([0.]), array([0.]))","(array([0.]), array([0.]), array([0.]))","(array([0.]), array([0.]), array([0.]))","(array([0.]), array([0.]), array([0.]))","(array([0.]), array([0.]), array([0.]))","(array([0.]), array([0.]), array([0.]))","(array([0.]), array([0.]), array([0.]))","(array([0.]), array([0.]), array([0.]))","(array([0.]), array([0.]), array([0.]))","(array([0.]), array([0.]), array([0.]))"
(0.49999810698727015+0j),[0.11063047],[1.],[-0.99386161],[1.],"(array([0.]), array([0.]), array([0.]))","(array([0.]), array([0.]), array([0.]))","(array([0.]), array([0.]), array([0.]))","(array([0.]), array([0.]), array([0.]))","(array([0.]), array([0.]), array([0.]))","(array([0.]), array([0.]), array([0.]))","(array([0.]), array([0.]), array([0.]))","(array([0.]), array([0.]), array([0.]))","(array([0.]), array([0.]), array([0.]))","(array([0.]), array([0.]), array([0.]))","(array([0.]), array([0.]), array([0.]))"
(0.49999806723280577+0j),[0.18220559],[1.],[-0.98326046],[1.],"(array([0.]), array([0.]), array([0.]))","(array([0.]), array([0.]), array([0.]))","(array([0.]), array([0.]), array([0.]))","(array([0.]), array([0.]), array([0.]))","(array([0.]), array([0.]), array([0.]))","(array([0.]), array([0.]), array([0.]))","(array([0.]), array([0.]), array([0.]))","(array([0.]), array([0.]), array([0.]))","(array([0.]), array([0.]), array([0.]))","(array([0.]), array([0.]), array([0.]))","(array([0.]), array([0.]), array([0.]))"
(0.499998027902388+0j),[0.34637783],[1.],[-0.93809509],[1.],"(array([0.]), array([0.]), array([0.]))","(array([0.]), array([0.]), array([0.]))","(array([0.]), array([0.]), array([0.]))","(array([0.]), array([0.]), array([0.]))","(array([0.]), array([0.]), array([0.]))","(array([0.]), array([0.]), array([0.]))","(array([0.]), array([0.]), array([0.]))","(array([0.]), array([0.]), array([0.]))","(array([0.]), array([0.]), array([0.]))","(array([0.]), array([0.]), array([0.]))","(array([0.]), array([0.]), array([0.]))"
(0.4999979903785842+0j),[0.41611666],[1.],[-0.90931124],[1.],"(array([0.]), array([0.]), array([0.]))","(array([0.]), array([0.]), array([0.]))","(array([0.]), array([0.]), array([0.]))","(array([0.]), array([0.]), array([0.]))","(array([0.]), array([0.]), array([0.]))","(array([0.]), array([0.]), array([0.]))","(array([0.]), array([0.]), array([0.]))","(array([0.]), array([0.]), array([0.]))","(array([0.]), array([0.]), array([0.]))","(array([0.]), array([0.]), array([0.]))","(array([0.]), array([0.]), array([0.]))"
(0.4999979540061351+0j),[0.3908275],[1.],[-0.92046394],[1.],"(array([0.]), array([0.]), array([0.]))","(array([0.]), array([0.]), array([0.]))","(array([0.]), array([0.]), array([0.]))","(array([0.]), array([0.]), array([0.]))","(array([0.]), array([0.]), array([0.]))","(array([0.]), array([0.]), array([0.]))","(array([0.]), array([0.]), array([0.]))","(array([0.]), array([0.]), array([0.]))","(array([0.]), array([0.]), array([0.]))","(array([0.]), array([0.]), array([0.]))","(array([0.]), array([0.]), array([0.]))"
(0.49999791718757697+0j),[0.0997822],[1.],[-0.9950093],[1.],"(array([0.]), array([0.]), array([0.]))","(array([0.]), array([0.]), array([0.]))","(array([0.]), array([0.]), array([0.]))","(array([0.]), array([0.]), array([0.]))","(array([0.]), array([0.]), array([0.]))","(array([0.]), array([0.]), array([0.]))","(array([0.]), array([0.]), array([0.]))","(array([0.]), array([0.]), array([0.]))","(array([0.]), array([0.]), array([0.]))","(array([0.]), array([0.]), array([0.]))","(array([0.]), array([0.]), array([0.]))"
(0.4999978773872051+0j),[0.13274221],[1.],[-0.9911506],[1.],"(array([0.]), array([0.]), array([0.]))","(array([0.]), array([0.]), array([0.]))","(array([0.]), array([0.]), array([0.]))","(array([0.]), array([0.]), array([0.]))","(array([0.]), array([0.]), array([0.]))","(array([0.]), array([0.]), array([0.]))","(array([0.]), array([0.]), array([0.]))","(array([0.]), array([0.]), array([0.]))","(array([0.]), array([0.]), array([0.]))","(array([0.]), array([0.]), array([0.]))","(array([0.]), array([0.]), array([0.]))"
(0.4999978377411814+0j),[0.03864404],[1.],[-0.99925304],[1.],"(array([0.]), array([0.]), array([0.]))","(array([0.]), array([0.]), array([0.]))","(array([0.]), array([0.]), array([0.]))","(array([0.]), array([0.]), array([0.]))","(array([0.]), array([0.]), array([0.]))","(array([0.]), array([0.]), array([0.]))","(array([0.]), array([0.]), array([0.]))","(array([0.]), array([0.]), array([0.]))","(array([0.]), array([0.]), array([0.]))","(array([0.]), array([0.]), array([0.]))","(array([0.]), array([0.]), array([0.]))"
(0.49999779777105957+0j),[-0.23387587],[1.],[-0.97226647],[1.],"(array([0.]), array([0.]), array([0.]))","(array([0.]), array([0.]), array([0.]))","(array([0.]), array([0.]), array([0.]))","(array([0.]), array([0.]), array([0.]))","(array([0.]), array([0.]), array([0.]))","(array([0.]), array([0.]), array([0.]))","(array([0.]), array([0.]), array([0.]))","(array([0.]), array([0.]), array([0.]))","(array([0.]), array([0.]), array([0.]))","(array([0.]), array([0.]), array([0.]))","(array([0.]), array([0.]), array([0.]))"
(0.49999775888040104+0j),[-0.33609942],[1.],[-0.94182651],[1.],"(array([0.]), array([0.]), array([0.]))","(array([0.]), array([0.]), array([0.]))","(array([0.]), array([0.]), array([0.]))","(array([0.]), array([0.]), array([0.]))","(array([0.]), array([0.]), array([0.]))","(array([0.]), array([0.]), array([0.]))","(array([0.]), array([0.]), array([0.]))","(array([0.]), array([0.]), array([0.]))","(array([0.]), array([0.]), array([0.]))","(array([0.]), array([0.]), array([0.]))","(array([0.]), array([0.]), array([0.]))"
(0.49999772120734043+0j),[-0.52820494],[1.],[-0.84911692],[1.],"(array([0.]), array([0.]), array([0.]))","(array([0.]), array([0.]), array([0.]))","(array([0.]), array([0.]), array([0.]))","(array([0.]), array([0.]), array([0.]))","(array([0.]), array([0.]), array([0.]))","(array([0.]), array([0.]), array([0.]))","(array([0.]), array([0.]), array([0.]))","(array([0.]), array([0.]), array([0.]))","(array([0.]), array([0.]), array([0.]))","(array([0.]), array([0.]), array([0.]))","(array([0.]), array([0.]), array([0.]))"
(0.49999768724266375+0j),[-0.44500798],[1.],[-0.8955266],[1.],"(array([0.]), array([0.]), array([0.]))","(array([0.]), array([0.]), array([0.]))","(array([0.]), array([0.]), array([0.]))","(array([0.]), array([0.]), array([0.]))","(array([0.]), array([0.]), array([0.]))","(array([0.]), array([0.]), array([0.]))","(array([0.]), array([0.]), array([0.]))","(array([0.]), array([0.]), array([0.]))","(array([0.]), array([0.]), array([0.]))","(array([0.]), array([0.]), array([0.]))","(array([0.]), array([0.]), array([0.]))"
(0.49999765142160013+0j),[-0.5772795],[1.],[-0.81654662],[1.],"(array([0.]), array([0.]), array([0.]))","(array([0.]), array([0.]), array([0.]))","(array([0.]), array([0.]), array([0.]))","(array([0.]), array([0.]), array([0.]))","(array([0.]), array([0.]), array([0.]))","(array([0.]), array([0.]), array([0.]))","(array([0.]), array([0.]), array([0.]))","(array([0.]), array([0.]), array([0.]))","(array([0.]), array([0.]), array([0.]))","(array([0.]), array([0.]), array([0.]))","(array([0.]), array([0.]), array([0.]))"
(0.49999761875973586+0j),[-0.56777288],[1.],[-0.82318525],[1.],"(array([0.]), array([0.]), array([0.]))","(array([0.]), array([0.]), array([0.]))","(array([0.]), array([0.]), array([0.]))","(array([0.]), array([0.]), array([0.]))","(array([0.]), array([0.]), array([0.]))","(array([0.]), array([0.]), array([0.]))","(array([0.]), array([0.]), array([0.]))","(array([0.]), array([0.]), array([0.]))","(array([0.]), array([0.]), array([0.]))","(array([0.]), array([0.]), array([0.]))","(array([0.]), array([0.]), array([0.]))"
(0.4999975858323263+0j),[-0.73024472],[1.],[-0.68318566],[1.],"(array([0.]), array([0.]), array([0.]))","(array([0.]), array([0.]), array([0.]))","(array([0.]), array([0.]), array([0.]))","(array([0.]), array([0.]), array([0.]))","(array([0.]), array([0.]), array([0.]))","(array([0.]), array([0.]), array([0.]))","(array([0.]), array([0.]), array([0.]))","(array([0.]), array([0.]), array([0.]))","(array([0.]), array([0.]), array([0.]))","(array([0.]), array([0.]), array([0.]))","(array([0.]), array([0.]), array([0.]))"
(0.4999975585048995+0j),[-0.5793803],[1.],[-0.81505734],[1.],"(array([0.]), array([0.]), array([0.]))","(array([0.]), array([0.]), array([0.]))","(array([0.]), array([0.]), array([0.]))","(array([0.]), array([0.]), array([0.]))","(array([0.]), array([0.]), array([0.]))","(array([0.]), array([0.]), array([0.]))","(array([0.]), array([0.]), array([0.]))","(array([0.]), array([0.]), array([0.]))","(array([0.]), array([0.]), array([0.]))","(array([0.]), array([0.]), array([0.]))","(array([0.]), array([0.]), array([0.]))"
(0.49999752590260615+0j),[-0.44579001],[1.],[-0.89513757],[1.],"(array([0.]), array([0.]), array([0.]))","(array([0.]), array([0.]), array([0.]))","(array([0.]), array([0.]), array([0.]))","(array([0.]), array([0.]), array([0.]))","(array([0.]), array([0.]), array([0.]))","(array([0.]), array([0.]), array([0.]))","(array([0.]), array([0.]), array([0.]))","(array([0.]), array([0.]), array([0.]))","(array([0.]), array([0.]), array([0.]))","(array([0.]), array([0.]), array([0.]))","(array([0.]), array([0.]), array([0.]))"
(0.4999974900971038+0j),[-0.6562235],[1.],[-0.75456658],[1.],"(array([0.]), array([0.]), array([0.]))","(array([0.]), array([0.]), array([0.]))","(array([0.]), array([0.]), array([0.]))","(array([0.]), array([0.]), array([0.]))","(array([0.]), array([0.]), array([0.]))","(array([0.]), array([0.]), array([0.]))","(array([0.]), array([0.]), array([0.]))","(array([0.]), array([0.]), array([0.]))","(array([0.]), array([0.]), array([0.]))","(array([0.]), array([0.]), array([0.]))","(array([0.]), array([0.]), array([0.]))"
(0.4999974599144403+0j),[-0.62613484],[1.],[-0.77971479],[1.],"(array([0.]), array([0.]), array([0.]))","(array([0.]), array([0.]), array([0.]))","(array([0.]), array([0.]), array([0.]))","(array([0.]), array([0.]), array([0.]))","(array([0.]), array([0.]), array([0.]))","(array([0.]), array([0.]), array([0.]))","(array([0.]), array([0.]), array([0.]))","(array([0.]), array([0.]), array([0.]))","(array([0.]), array([0.]), array([0.]))","(array([0.]), array([0.]), array([0.]))","(array([0.]), array([0.]), array([0.]))"
(0.4999974287258486+0j),[-0.56859264],[1.],[-0.82261924],[1.],"(array([0.]), array([0.]), array([0.]))","(array([0.]), array([0.]), array([0.]))","(array([0.]), array([0.]), array([0.]))","(array([0.]), array([0.]), array([0.]))","(array([0.]), array([0.]), array([0.]))","(array([0.]), array([0.]), array([0.]))","(array([0.]), array([0.]), array([0.]))","(array([0.]), array([0.]), array([0.]))","(array([0.]), array([0.]), array([0.]))","(array([0.]), array([0.]), array([0.]))","(array([0.]), array([0.]), array([0.]))"
(0.4999973958210798+0j),[-0.58128621],[1.],[-0.81369917],[1.],"(array([0.]), array([0.]), array([0.]))","(array([0.]), array([0.]), array([0.]))","(array([0.]), array([0.]), array([0.]))","(array([0.]), array([0.]), array([0.]))","(array([0.]), array([0.]), array([0.]))","(array([0.]), array([0.]), array([0.]))","(array([0.]), array([0.]), array([0.]))","(array([0.]), array([0.]), array([0.]))","(array([0.]), array([0.]), array([0.]))","(array([0.]), array([0.]), array([0.]))","(array([0.]), array([0.]), array([0.]))"
(0.4999973632731128+0j),[-0.46391461],[1.],[-0.88587992],[1.],"(array([0.]), array([0.]), array([0.]))","(array([0.]), array([0.]), array([0.]))","(array([0.]), array([0.]), array([0.]))","(array([0.]), array([0.]), array([0.]))","(array([0.]), array([0.]), array([0.]))","(array([0.]), array([0.]), array([0.]))","(array([0.]), array([0.]), array([0.]))","(array([0.]), array([0.]), array([0.]))","(array([0.]), array([0.]), array([0.]))","(array([0.]), array([0.]), array([0.]))","(array([0.]), array([0.]), array([0.]))"
(0.49999732783791606+0j),[-0.68075825],[1.],[-0.73250816],[1.],"(array([0.]), array([0.]), array([0.]))","(array([0.]), array([0.]), array([0.]))","(array([0.]), array([0.]), array([0.]))","(array([0.]), array([0.]), array([0.]))","(array([0.]), array([0.]), array([0.]))","(array([0.]), array([0.]), array([0.]))","(array([0.]), array([0.]), array([0.]))","(array([0.]), array([0.]), array([0.]))","(array([0.]), array([0.]), array([0.]))","(array([0.]), array([0.]), array([0.]))","(array([0.]), array([0.]), array([0.]))"
(0.49999729853758995+0j),[-0.47851676],[1.],[-0.87807842],[1.],"(array([0.]), array([0.]), array([0.]))","(array([0.]), array([0.]), array([0.]))","(array([0.]), array([0.]), array([0.]))","(array([0.]), array([0.]), array([0.]))","(array([0.]), array([0.]), array([0.]))","(array([0.]), array([0.]), array([0.]))","(array([0.]), array([0.]), array([0.]))","(array([0.]), array([0.]), array([0.]))","(array([0.]), array([0.]), array([0.]))","(array([0.]), array([0.]), array([0.]))","(array([0.]), array([0.]), array([0.]))"
(0.49999726341445355+0j),[-0.45185635],[1.],[-0.89209071],[1.],"(array([0.]), array([0.]), array([0.]))","(array([0.]), array([0.]), array([0.]))","(array([0.]), array([0.]), array([0.]))","(array([0.]), array([0.]), array([0.]))","(array([0.]), array([0.]), array([0.]))","(array([0.]), array([0.]), array([0.]))","(array([0.]), array([0.]), array([0.]))","(array([0.]), array([0.]), array([0.]))","(array([0.]), array([0.]), array([0.]))","(array([0.]), array([0.]), array([0.]))","(array([0.]), array([0.]), array([0.]))"
(0.49999722773082517+0j),[-0.51262194],[1.],[-0.85861443],[1.],"(array([0.]), array([0.]), array([0.]))","(array([0.]), array([0.]), array([0.]))","(array([0.]), array([0.]), array([0.]))","(array([0.]), array([0.]), array([0.]))","(array([0.]), array([0.]), array([0.]))","(array([0.]), array([0.]), array([0.]))","(array([0.]), array([0.]), array([0.]))","(array([0.]), array([0.]), array([0.]))","(array([0.]), array([0.]), array([0.]))","(array([0.]), array([0.]), array([0.]))","(array([0.]), array([0.]), array([0.]))"
(0.49999719338624765+0j),[-0.49457545],[1.],[-0.8691347],[1.],"(array([0.]), array([0.]), array([0.]))","(array([0.]), array([0.]), array([0.]))","(array([0.]), array([0.]), array([0.]))","(array([0.]), array([0.]), array([0.]))","(array([0.]), array([0.]), array([0.]))","(array([0.]), array([0.]), array([0.]))","(array([0.]), array([0.]), array([0.]))","(array([0.]), array([0.]), array([0.]))","(array([0.]), array([0.]), array([0.]))","(array([0.]), array([0.]), array([0.]))","(array([0.]), array([0.]), array([0.]))"
(0.49999715862085975+0j),[-0.34936075],[1.],[-0.93698829],[1.],"(array([0.]), array([0.]), array([0.]))","(array([0.]), array([0.]), array([0.]))","(array([0.]), array([0.]), array([0.]))","(array([0.]), array([0.]), array([0.]))","(array([0.]), array([0.]), array([0.]))","(array([0.]), array([0.]), array([0.]))","(array([0.]), array([0.]), array([0.]))","(array([0.]), array([0.]), array([0.]))","(array([0.]), array([0.]), array([0.]))","(array([0.]), array([0.]), array([0.]))","(array([0.]), array([0.]), array([0.]))"
(0.4999971211413282+0j),[-0.18218771],[1.],[-0.98326377],[1.],"(array([0.]), array([0.]), array([0.]))","(array([0.]), array([0.]), array([0.]))","(array([0.]), array([0.]), array([0.]))","(array([0.]), array([0.]), array([0.]))","(array([0.]), array([0.]), array([0.]))","(array([0.]), array([0.]), array([0.]))","(array([0.]), array([0.]), array([0.]))","(array([0.]), array([0.]), array([0.]))","(array([0.]), array([0.]), array([0.]))","(array([0.]), array([0.]), array([0.]))","(array([0.]), array([0.]), array([0.]))"
(0.49999708181077773+0j),[-0.26508283],[1.],[-0.96422564],[1.],"(array([0.]), array([0.]), array([0.]))","(array([0.]), array([0.]), array([0.]))","(array([0.]), array([0.]), array([0.]))","(array([0.]), array([0.]), array([0.]))","(array([0.]), array([0.]), array([0.]))","(array([0.]), array([0.]), array([0.]))","(array([0.]), array([0.]), array([0.]))","(array([0.]), array([0.]), array([0.]))","(array([0.]), array([0.]), array([0.]))","(array([0.]), array([0.]), array([0.]))","(array([0.]), array([0.]), array([0.]))"
(0.4999970432417522+0j),[-0.06215365],[1.],[-0.99806659],[1.],"(array([0.]), array([0.]), array([0.]))","(array([0.]), array([0.]), array([0.]))","(array([0.]), array([0.]), array([0.]))","(array([0.]), array([0.]), array([0.]))","(array([0.]), array([0.]), array([0.]))","(array([0.]), array([0.]), array([0.]))","(array([0.]), array([0.]), array([0.]))","(array([0.]), array([0.]), array([0.]))","(array([0.]), array([0.]), array([0.]))","(array([0.]), array([0.]), array([0.]))","(array([0.]), array([0.]), array([0.]))"
(0.49999700331908803+0j),[-0.19027502],[1.],[-0.98173083],[1.],"(array([0.]), array([0.]), array([0.]))","(array([0.]), array([0.]), array([0.]))","(array([0.]), array([0.]), array([0.]))","(array([0.]), array([0.]), array([0.]))","(array([0.]), array([0.]), array([0.]))","(array([0.]), array([0.]), array([0.]))","(array([0.]), array([0.]), array([0.]))","(array([0.]), array([0.]), array([0.]))","(array([0.]), array([0.]), array([0.]))","(array([0.]), array([0.]), array([0.]))","(array([0.]), array([0.]), array([0.]))"
(0.49999696404985494+0j),[0.11314459],[1.],[-0.99357853],[1.],"(array([0.]), array([0.]), array([0.]))","(array([0.]), array([0.]), array([0.]))","(array([0.]), array([0.]), array([0.]))","(array([0.]), array([0.]), array([0.]))","(array([0.]), array([0.]), array([0.]))","(array([0.]), array([0.]), array([0.]))","(array([0.]), array([0.]), array([0.]))","(array([0.]), array([0.]), array([0.]))","(array([0.]), array([0.]), array([0.]))","(array([0.]), array([0.]), array([0.]))","(array([0.]), array([0.]), array([0.]))"
(0.4999969243067134+0j),[0.22250586],[1.],[-0.97493135],[1.],"(array([0.]), array([0.]), array([0.]))","(array([0.]), array([0.]), array([0.]))","(array([0.]), array([0.]), array([0.]))","(array([0.]), array([0.]), array([0.]))","(array([0.]), array([0.]), array([0.]))","(array([0.]), array([0.]), array([0.]))","(array([0.]), array([0.]), array([0.]))","(array([0.]), array([0.]), array([0.]))","(array([0.]), array([0.]), array([0.]))","(array([0.]), array([0.]), array([0.]))","(array([0.]), array([0.]), array([0.]))"
(0.4999968853094591+0j),[0.21542088],[1.],[-0.9765213],[1.],"(array([0.]), array([0.]), array([0.]))","(array([0.]), array([0.]), array([0.]))","(array([0.]), array([0.]), array([0.]))","(array([0.]), array([0.]), array([0.]))","(array([0.]), array([0.]), array([0.]))","(array([0.]), array([0.]), array([0.]))","(array([0.]), array([0.]), array([0.]))","(array([0.]), array([0.]), array([0.]))","(array([0.]), array([0.]), array([0.]))","(array([0.]), array([0.]), array([0.]))","(array([0.]), array([0.]), array([0.]))"
(0.49999684624860724+0j),[0.45070344],[1.],[-0.89267374],[1.],"(array([0.]), array([0.]), array([0.]))","(array([0.]), array([0.]), array([0.]))","(array([0.]), array([0.]), array([0.]))","(array([0.]), array([0.]), array([0.]))","(array([0.]), array([0.]), array([0.]))","(array([0.]), array([0.]), array([0.]))","(array([0.]), array([0.]), array([0.]))","(array([0.]), array([0.]), array([0.]))","(array([0.]), array([0.]), array([0.]))","(array([0.]), array([0.]), array([0.]))","(array([0.]), array([0.]), array([0.]))"
(0.499996810541658+0j),[0.33079986],[1.],[-0.94370093],[1.],"(array([0.]), array([0.]), array([0.]))","(array([0.]), array([0.]), array([0.]))","(array([0.]), array([0.]), array([0.]))","(array([0.]), array([0.]), array([0.]))","(array([0.]), array([0.]), array([0.]))","(array([0.]), array([0.]), array([0.]))","(array([0.]), array([0.]), array([0.]))","(array([0.]), array([0.]), array([0.]))","(array([0.]), array([0.]), array([0.]))","(array([0.]), array([0.]), array([0.]))","(array([0.]), array([0.]), array([0.]))"
(0.4999967727936205+0j),[0.3342966],[1.],[-0.94246792],[1.],"(array([0.]), array([0.]), array([0.]))","(array([0.]), array([0.]), array([0.]))","(array([0.]), array([0.]), array([0.]))","(array([0.]), array([0.]), array([0.]))","(array([0.]), array([0.]), array([0.]))","(array([0.]), array([0.]), array([0.]))","(array([0.]), array([0.]), array([0.]))","(array([0.]), array([0.]), array([0.]))","(array([0.]), array([0.]), array([0.]))","(array([0.]), array([0.]), array([0.]))","(array([0.]), array([0.]), array([0.]))"
(0.4999967350949036+0j),[0.52104389],[1.],[-0.85352988],[1.],"(array([0.]), array([0.]), array([0.]))","(array([0.]), array([0.]), array([0.]))","(array([0.]), array([0.]), array([0.]))","(array([0.]), array([0.]), array([0.]))","(array([0.]), array([0.]), array([0.]))","(array([0.]), array([0.]), array([0.]))","(array([0.]), array([0.]), array([0.]))","(array([0.]), array([0.]), array([0.]))","(array([0.]), array([0.]), array([0.]))","(array([0.]), array([0.]), array([0.]))","(array([0.]), array([0.]), array([0.]))"
(0.4999967009537078+0j),[0.75250086],[1.],[-0.65859127],[1.],"(array([0.]), array([0.]), array([0.]))","(array([0.]), array([0.]), array([0.]))","(array([0.]), array([0.]), array([0.]))","(array([0.]), array([0.]), array([0.]))","(array([0.]), array([0.]), array([0.]))","(array([0.]), array([0.]), array([0.]))","(array([0.]), array([0.]), array([0.]))","(array([0.]), array([0.]), array([0.]))","(array([0.]), array([0.]), array([0.]))","(array([0.]), array([0.]), array([0.]))","(array([0.]), array([0.]), array([0.]))"
(0.4999966746100577+0j),[0.91877612],[1.],[-0.39477898],[1.],"(array([0.]), array([0.]), array([0.]))","(array([0.]), array([0.]), array([0.]))","(array([0.]), array([0.]), array([0.]))","(array([0.]), array([0.]), array([0.]))","(array([0.]), array([0.]), array([0.]))","(array([0.]), array([0.]), array([0.]))","(array([0.]), array([0.]), array([0.]))","(array([0.]), array([0.]), array([0.]))","(array([0.]), array([0.]), array([0.]))","(array([0.]), array([0.]), array([0.]))","(array([0.]), array([0.]), array([0.]))"
(0.4999966588188986+0j),[0.9146989],[1.],[-0.40413601],[1.],"(array([0.]), array([0.]), array([0.]))","(array([0.]), array([0.]), array([0.]))","(array([0.]), array([0.]), array([0.]))","(array([0.]), array([0.]), array([0.]))","(array([0.]), array([0.]), array([0.]))","(array([0.]), array([0.]), array([0.]))","(array([0.]), array([0.]), array([0.]))","(array([0.]), array([0.]), array([0.]))","(array([0.]), array([0.]), array([0.]))","(array([0.]), array([0.]), array([0.]))","(array([0.]), array([0.]), array([0.]))"
(0.4999966426534581+0j),[0.98299726],[1.],[-0.18362024],[1.],"(array([0.]), array([0.]), array([0.]))","(array([0.]), array([0.]), array([0.]))","(array([0.]), array([0.]), array([0.]))","(array([0.]), array([0.]), array([0.]))","(array([0.]), array([0.]), array([0.]))","(array([0.]), array([0.]), array([0.]))","(array([0.]), array([0.]), array([0.]))","(array([0.]), array([0.]), array([0.]))","(array([0.]), array([0.]), array([0.]))","(array([0.]), array([0.]), array([0.]))","(array([0.]), array([0.]), array([0.]))"
(0.4999966353086486+0j),[0.99610339],[1.],[0.08819314],[1.],"(array([0.]), array([0.]), array([0.]))","(array([0.]), array([0.]), array([0.]))","(array([0.]), array([0.]), array([0.]))","(array([0.]), array([0.]), array([0.]))","(array([0.]), array([0.]), array([0.]))","(array([0.]), array([0.]), array([0.]))","(array([0.]), array([0.]), array([0.]))","(array([0.]), array([0.]), array([0.]))","(array([0.]), array([0.]), array([0.]))","(array([0.]), array([0.]), array([0.]))","(array([0.]), array([0.]), array([0.]))"
(0.4999966388363739+0j),[0.99096139],[1.],[0.13414742],[1.],"(array([0.]), array([0.]), array([0.]))","(array([0.]), array([0.]), array([0.]))","(array([0.]), array([0.]), array([0.]))","(array([0.]), array([0.]), array([0.]))","(array([0.]), array([0.]), array([0.]))","(array([0.]), array([0.]), array([0.]))","(array([0.]), array([0.]), array([0.]))","(array([0.]), array([0.]), array([0.]))","(array([0.]), array([0.]), array([0.]))","(array([0.]), array([0.]), array([0.]))","(array([0.]), array([0.]), array([0.]))"
(0.4999966442022711+0j),[0.94893708],[1.],[-0.31546539],[1.],"(array([0.]), array([0.]), array([0.]))","(array([0.]), array([0.]), array([0.]))","(array([0.]), array([0.]), array([0.]))","(array([0.]), array([0.]), array([0.]))","(array([0.]), array([0.]), array([0.]))","(array([0.]), array([0.]), array([0.]))","(array([0.]), array([0.]), array([0.]))","(array([0.]), array([0.]), array([0.]))","(array([0.]), array([0.]), array([0.]))","(array([0.]), array([0.]), array([0.]))","(array([0.]), array([0.]), array([0.]))"
(0.4999966315836553+0j),[0.92997367],[1.],[-0.36762614],[1.],"(array([0.]), array([0.]), array([0.]))","(array([0.]), array([0.]), array([0.]))","(array([0.]), array([0.]), array([0.]))","(array([0.]), array([0.]), array([0.]))","(array([0.]), array([0.]), array([0.]))","(array([0.]), array([0.]), array([0.]))","(array([0.]), array([0.]), array([0.]))","(array([0.]), array([0.]), array([0.]))","(array([0.]), array([0.]), array([0.]))","(array([0.]), array([0.]), array([0.]))","(array([0.]), array([0.]), array([0.]))"
(0.49999661687861+0j),[0.86329255],[1.],[-0.50470385],[1.],"(array([0.]), array([0.]), array([0.]))","(array([0.]), array([0.]), array([0.]))","(array([0.]), array([0.]), array([0.]))","(array([0.]), array([0.]), array([0.]))","(array([0.]), array([0.]), array([0.]))","(array([0.]), array([0.]), array([0.]))","(array([0.]), array([0.]), array([0.]))","(array([0.]), array([0.]), array([0.]))","(array([0.]), array([0.]), array([0.]))","(array([0.]), array([0.]), array([0.]))","(array([0.]), array([0.]), array([0.]))"
(0.4999965966904555+0j),[0.84104592],[1.],[-0.54096373],[1.],"(array([0.]), array([0.]), array([0.]))","(array([0.]), array([0.]), array([0.]))","(array([0.]), array([0.]), array([0.]))","(array([0.]), array([0.]), array([0.]))","(array([0.]), array([0.]), array([0.]))","(array([0.]), array([0.]), array([0.]))","(array([0.]), array([0.]), array([0.]))","(array([0.]), array([0.]), array([0.]))","(array([0.]), array([0.]), array([0.]))","(array([0.]), array([0.]), array([0.]))","(array([0.]), array([0.]), array([0.]))"
(0.4999965750519061+0j),[0.74638754],[1.],[-0.66551156],[1.],"(array([0.]), array([0.]), array([0.]))","(array([0.]), array([0.]), array([0.]))","(array([0.]), array([0.]), array([0.]))","(array([0.]), array([0.]), array([0.]))","(array([0.]), array([0.]), array([0.]))","(array([0.]), array([0.]), array([0.]))","(array([0.]), array([0.]), array([0.]))","(array([0.]), array([0.]), array([0.]))","(array([0.]), array([0.]), array([0.]))","(array([0.]), array([0.]), array([0.]))","(array([0.]), array([0.]), array([0.]))"
(0.49999654843144375+0j),[0.89624719],[1.],[-0.44355493],[1.],"(array([0.]), array([0.]), array([0.]))","(array([0.]), array([0.]), array([0.]))","(array([0.]), array([0.]), array([0.]))","(array([0.]), array([0.]), array([0.]))","(array([0.]), array([0.]), array([0.]))","(array([0.]), array([0.]), array([0.]))","(array([0.]), array([0.]), array([0.]))","(array([0.]), array([0.]), array([0.]))","(array([0.]), array([0.]), array([0.]))","(array([0.]), array([0.]), array([0.]))","(array([0.]), array([0.]), array([0.]))"
(0.49999653068924677+0j),[0.93107099],[1.],[-0.36483806],[1.],"(array([0.]), array([0.]), array([0.]))","(array([0.]), array([0.]), array([0.]))","(array([0.]), array([0.]), array([0.]))","(array([0.]), array([0.]), array([0.]))","(array([0.]), array([0.]), array([0.]))","(array([0.]), array([0.]), array([0.]))","(array([0.]), array([0.]), array([0.]))","(array([0.]), array([0.]), array([0.]))","(array([0.]), array([0.]), array([0.]))","(array([0.]), array([0.]), array([0.]))","(array([0.]), array([0.]), array([0.]))"
(0.4999965160957241+0j),[0.91073789],[1.],[-0.41298485],[1.],"(array([0.]), array([0.]), array([0.]))","(array([0.]), array([0.]), array([0.]))","(array([0.]), array([0.]), array([0.]))","(array([0.]), array([0.]), array([0.]))","(array([0.]), array([0.]), array([0.]))","(array([0.]), array([0.]), array([0.]))","(array([0.]), array([0.]), array([0.]))","(array([0.]), array([0.]), array([0.]))","(array([0.]), array([0.]), array([0.]))","(array([0.]), array([0.]), array([0.]))","(array([0.]), array([0.]), array([0.]))"
(0.49999649957632997+0j),[0.91221192],[1.],[-0.4097187],[1.],"(array([0.]), array([0.]), array([0.]))","(array([0.]), array([0.]), array([0.]))","(array([0.]), array([0.]), array([0.]))","(array([0.]), array([0.]), array([0.]))","(array([0.]), array([0.]), array([0.]))","(array([0.]), array([0.]), array([0.]))","(array([0.]), array([0.]), array([0.]))","(array([0.]), array([0.]), array([0.]))","(array([0.]), array([0.]), array([0.]))","(array([0.]), array([0.]), array([0.]))","(array([0.]), array([0.]), array([0.]))"
(0.4999964831875818+0j),[0.92726827],[1.],[-0.37439759],[1.],"(array([0.]), array([0.]), array([0.]))","(array([0.]), array([0.]), array([0.]))","(array([0.]), array([0.]), array([0.]))","(array([0.]), array([0.]), array([0.]))","(array([0.]), array([0.]), array([0.]))","(array([0.]), array([0.]), array([0.]))","(array([0.]), array([0.]), array([0.]))","(array([0.]), array([0.]), array([0.]))","(array([0.]), array([0.]), array([0.]))","(array([0.]), array([0.]), array([0.]))","(array([0.]), array([0.]), array([0.]))"
(0.4999964682116787+0j),[0.9687708],[1.],[-0.24795795],[1.],"(array([0.]), array([0.]), array([0.]))","(array([0.]), array([0.]), array([0.]))","(array([0.]), array([0.]), array([0.]))","(array([0.]), array([0.]), array([0.]))","(array([0.]), array([0.]), array([0.]))","(array([0.]), array([0.]), array([0.]))","(array([0.]), array([0.]), array([0.]))","(array([0.]), array([0.]), array([0.]))","(array([0.]), array([0.]), array([0.]))","(array([0.]), array([0.]), array([0.]))","(array([0.]), array([0.]), array([0.]))"
(0.49999645829336037+0j),[0.98028547],[1.],[-0.19758642],[1.],"(array([0.]), array([0.]), array([0.]))","(array([0.]), array([0.]), array([0.]))","(array([0.]), array([0.]), array([0.]))","(array([0.]), array([0.]), array([0.]))","(array([0.]), array([0.]), array([0.]))","(array([0.]), array([0.]), array([0.]))","(array([0.]), array([0.]), array([0.]))","(array([0.]), array([0.]), array([0.]))","(array([0.]), array([0.]), array([0.]))","(array([0.]), array([0.]), array([0.]))","(array([0.]), array([0.]), array([0.]))"
(0.4999964503899035+0j),[0.99902971],[1.],[-0.04404138],[1.],"(array([0.]), array([0.]), array([0.]))","(array([0.]), array([0.]), array([0.]))","(array([0.]), array([0.]), array([0.]))","(array([0.]), array([0.]), array([0.]))","(array([0.]), array([0.]), array([0.]))","(array([0.]), array([0.]), array([0.]))","(array([0.]), array([0.]), array([0.]))","(array([0.]), array([0.]), array([0.]))","(array([0.]), array([0.]), array([0.]))","(array([0.]), array([0.]), array([0.]))","(array([0.]), array([0.]), array([0.]))"
(0.49999644862824827+0j),[0.90461916],[1.],[0.4262208],[1.],"(array([0.]), array([0.]), array([0.]))","(array([0.]), array([0.]), array([0.]))","(array([0.]), array([0.]), array([0.]))","(array([0.]), array([0.]), array([0.]))","(array([0.]), array([0.]), array([0.]))","(array([0.]), array([0.]), array([0.]))","(array([0.]), array([0.]), array([0.]))","(array([0.]), array([0.]), array([0.]))","(array([0.]), array([0.]), array([0.]))","(array([0.]), array([0.]), array([0.]))","(array([0.]), array([0.]), array([0.]))"
(0.4999964656770802+0j),[0.77806755],[1.],[0.62818062],[1.],"(array([0.]), array([0.]), array([0.]))","(array([0.]), array([0.]), array([0.]))","(array([0.]), array([0.]), array([0.]))","(array([0.]), array([0.]), array([0.]))","(array([0.]), array([0.]), array([0.]))","(array([0.]), array([0.]), array([0.]))","(array([0.]), array([0.]), array([0.]))","(array([0.]), array([0.]), array([0.]))","(array([0.]), array([0.]), array([0.]))","(array([0.]), array([0.]), array([0.]))","(array([0.]), array([0.]), array([0.]))"
(0.4999964908043049+0j),[0.83421861],[1.],[0.55143387],[1.],"(array([0.]), array([0.]), array([0.]))","(array([0.]), array([0.]), array([0.]))","(array([0.]), array([0.]), array([0.]))","(array([0.]), array([0.]), array([0.]))","(array([0.]), array([0.]), array([0.]))","(array([0.]), array([0.]), array([0.]))","(array([0.]), array([0.]), array([0.]))","(array([0.]), array([0.]), array([0.]))","(array([0.]), array([0.]), array([0.]))","(array([0.]), array([0.]), array([0.]))","(array([0.]), array([0.]), array([0.]))"
(0.4999965128616595+0j),[0.96305624],[1.],[0.26930037],[1.],"(array([0.]), array([0.]), array([0.]))","(array([0.]), array([0.]), array([0.]))","(array([0.]), array([0.]), array([0.]))","(array([0.]), array([0.]), array([0.]))","(array([0.]), array([0.]), array([0.]))","(array([0.]), array([0.]), array([0.]))","(array([0.]), array([0.]), array([0.]))","(array([0.]), array([0.]), array([0.]))","(array([0.]), array([0.]), array([0.]))","(array([0.]), array([0.]), array([0.]))","(array([0.]), array([0.]), array([0.]))"
(0.4999965236336744+0j),[0.99594828],[1.],[-0.0899279],[1.],"(array([0.]), array([0.]), array([0.]))","(array([0.]), array([0.]), array([0.]))","(array([0.]), array([0.]), array([0.]))","(array([0.]), array([0.]), array([0.]))","(array([0.]), array([0.]), array([0.]))","(array([0.]), array([0.]), array([0.]))","(array([0.]), array([0.]), array([0.]))","(array([0.]), array([0.]), array([0.]))","(array([0.]), array([0.]), array([0.]))","(array([0.]), array([0.]), array([0.]))","(array([0.]), array([0.]), array([0.]))"
(0.49999652003655864+0j),[0.9940218],[1.],[-0.1091818],[1.],"(array([0.]), array([0.]), array([0.]))","(array([0.]), array([0.]), array([0.]))","(array([0.]), array([0.]), array([0.]))","(array([0.]), array([0.]), array([0.]))","(array([0.]), array([0.]), array([0.]))","(array([0.]), array([0.]), array([0.]))","(array([0.]), array([0.]), array([0.]))","(array([0.]), array([0.]), array([0.]))","(array([0.]), array([0.]), array([0.]))","(array([0.]), array([0.]), array([0.]))","(array([0.]), array([0.]), array([0.]))"
(0.49999651566928666+0j),[0.9587921],[1.],[-0.28410863],[1.],"(array([0.]), array([0.]), array([0.]))","(array([0.]), array([0.]), array([0.]))","(array([0.]), array([0.]), array([0.]))","(array([0.]), array([0.]), array([0.]))","(array([0.]), array([0.]), array([0.]))","(array([0.]), array([0.]), array([0.]))","(array([0.]), array([0.]), array([0.]))","(array([0.]), array([0.]), array([0.]))","(array([0.]), array([0.]), array([0.]))","(array([0.]), array([0.]), array([0.]))","(array([0.]), array([0.]), array([0.]))"
(0.49999650430494114+0j),[0.8917167],[1.],[-0.45259401],[1.],"(array([0.]), array([0.]), array([0.]))","(array([0.]), array([0.]), array([0.]))","(array([0.]), array([0.]), array([0.]))","(array([0.]), array([0.]), array([0.]))","(array([0.]), array([0.]), array([0.]))","(array([0.]), array([0.]), array([0.]))","(array([0.]), array([0.]), array([0.]))","(array([0.]), array([0.]), array([0.]))","(array([0.]), array([0.]), array([0.]))","(array([0.]), array([0.]), array([0.]))","(array([0.]), array([0.]), array([0.]))"
(0.4999964862011809+0j),[0.94564619],[1.],[-0.3251973],[1.],"(array([0.]), array([0.]), array([0.]))","(array([0.]), array([0.]), array([0.]))","(array([0.]), array([0.]), array([0.]))","(array([0.]), array([0.]), array([0.]))","(array([0.]), array([0.]), array([0.]))","(array([0.]), array([0.]), array([0.]))","(array([0.]), array([0.]), array([0.]))","(array([0.]), array([0.]), array([0.]))","(array([0.]), array([0.]), array([0.]))","(array([0.]), array([0.]), array([0.]))","(array([0.]), array([0.]), array([0.]))"
(0.4999964731932885+0j),[0.99996499],[1.],[0.0083675],[1.],"(array([0.]), array([0.]), array([0.]))","(array([0.]), array([0.]), array([0.]))","(array([0.]), array([0.]), array([0.]))","(array([0.]), array([0.]), array([0.]))","(array([0.]), array([0.]), array([0.]))","(array([0.]), array([0.]), array([0.]))","(array([0.]), array([0.]), array([0.]))","(array([0.]), array([0.]), array([0.]))","(array([0.]), array([0.]), array([0.]))","(array([0.]), array([0.]), array([0.]))","(array([0.]), array([0.]), array([0.]))"
(0.4999964735279887+0j),[0.9999976],[1.],[0.00219013],[1.],"(array([0.]), array([0.]), array([0.]))","(array([0.]), array([0.]), array([0.]))","(array([0.]), array([0.]), array([0.]))","(array([0.]), array([0.]), array([0.]))","(array([0.]), array([0.]), array([0.]))","(array([0.]), array([0.]), array([0.]))","(array([0.]), array([0.]), array([0.]))","(array([0.]), array([0.]), array([0.]))","(array([0.]), array([0.]), array([0.]))","(array([0.]), array([0.]), array([0.]))","(array([0.]), array([0.]), array([0.]))"
(0.49999647361559424+0j),[0.93777492],[1.],[0.34724373],[1.],"(array([0.]), array([0.]), array([0.]))","(array([0.]), array([0.]), array([0.]))","(array([0.]), array([0.]), array([0.]))","(array([0.]), array([0.]), array([0.]))","(array([0.]), array([0.]), array([0.]))","(array([0.]), array([0.]), array([0.]))","(array([0.]), array([0.]), array([0.]))","(array([0.]), array([0.]), array([0.]))","(array([0.]), array([0.]), array([0.]))","(array([0.]), array([0.]), array([0.]))","(array([0.]), array([0.]), array([0.]))"
(0.4999964875053435+0j),[0.9136523],[1.],[0.40649658],[1.],"(array([0.]), array([0.]), array([0.]))","(array([0.]), array([0.]), array([0.]))","(array([0.]), array([0.]), array([0.]))","(array([0.]), array([0.]), array([0.]))","(array([0.]), array([0.]), array([0.]))","(array([0.]), array([0.]), array([0.]))","(array([0.]), array([0.]), array([0.]))","(array([0.]), array([0.]), array([0.]))","(array([0.]), array([0.]), array([0.]))","(array([0.]), array([0.]), array([0.]))","(array([0.]), array([0.]), array([0.]))"
(0.49999650376520705+0j),[0.95622084],[1.],[0.29264603],[1.],"(array([0.]), array([0.]), array([0.]))","(array([0.]), array([0.]), array([0.]))","(array([0.]), array([0.]), array([0.]))","(array([0.]), array([0.]), array([0.]))","(array([0.]), array([0.]), array([0.]))","(array([0.]), array([0.]), array([0.]))","(array([0.]), array([0.]), array([0.]))","(array([0.]), array([0.]), array([0.]))","(array([0.]), array([0.]), array([0.]))","(array([0.]), array([0.]), array([0.]))","(array([0.]), array([0.]), array([0.]))"
(0.49999651547104806+0j),[0.83591051],[1.],[0.54886576],[1.],"(array([0.]), array([0.]), array([0.]))","(array([0.]), array([0.]), array([0.]))","(array([0.]), array([0.]), array([0.]))","(array([0.]), array([0.]), array([0.]))","(array([0.]), array([0.]), array([0.]))","(array([0.]), array([0.]), array([0.]))","(array([0.]), array([0.]), array([0.]))","(array([0.]), array([0.]), array([0.]))","(array([0.]), array([0.]), array([0.]))","(array([0.]), array([0.]), array([0.]))","(array([0.]), array([0.]), array([0.]))"
(0.4999965374256782+0j),[0.83943821],[1.],[0.54345514],[1.],"(array([0.]), array([0.]), array([0.]))","(array([0.]), array([0.]), array([0.]))","(array([0.]), array([0.]), array([0.]))","(array([0.]), array([0.]), array([0.]))","(array([0.]), array([0.]), array([0.]))","(array([0.]), array([0.]), array([0.]))","(array([0.]), array([0.]), array([0.]))","(array([0.]), array([0.]), array([0.]))","(array([0.]), array([0.]), array([0.]))","(array([0.]), array([0.]), array([0.]))","(array([0.]), array([0.]), array([0.]))"
(0.49999655916388375+0j),[0.94715657],[1.],[0.32077161],[1.],"(array([0.]), array([0.]), array([0.]))","(array([0.]), array([0.]), array([0.]))","(array([0.]), array([0.]), array([0.]))","(array([0.]), array([0.]), array([0.]))","(array([0.]), array([0.]), array([0.]))","(array([0.]), array([0.]), array([0.]))","(array([0.]), array([0.]), array([0.]))","(array([0.]), array([0.]), array([0.]))","(array([0.]), array([0.]), array([0.]))","(array([0.]), array([0.]), array([0.]))","(array([0.]), array([0.]), array([0.]))"
(0.49999657199474806+0j),[0.96785433],[1.],[0.25151141],[1.],"(array([0.]), array([0.]), array([0.]))","(array([0.]), array([0.]), array([0.]))","(array([0.]), array([0.]), array([0.]))","(array([0.]), array([0.]), array([0.]))","(array([0.]), array([0.]), array([0.]))","(array([0.]), array([0.]), array([0.]))","(array([0.]), array([0.]), array([0.]))","(array([0.]), array([0.]), array([0.]))","(array([0.]), array([0.]), array([0.]))","(array([0.]), array([0.]), array([0.]))","(array([0.]), array([0.]), array([0.]))"
(0.49999658205520425+0j),[0.98880435],[1.],[0.14921783],[1.],"(array([0.]), array([0.]), array([0.]))","(array([0.]), array([0.]), array([0.]))","(array([0.]), array([0.]), array([0.]))","(array([0.]), array([0.]), array([0.]))","(array([0.]), array([0.]), array([0.]))","(array([0.]), array([0.]), array([0.]))","(array([0.]), array([0.]), array([0.]))","(array([0.]), array([0.]), array([0.]))","(array([0.]), array([0.]), array([0.]))","(array([0.]), array([0.]), array([0.]))","(array([0.]), array([0.]), array([0.]))"
(0.49999658802391733+0j),[0.99950168],[1.],[-0.03156564],[1.],"(array([0.]), array([0.]), array([0.]))","(array([0.]), array([0.]), array([0.]))","(array([0.]), array([0.]), array([0.]))","(array([0.]), array([0.]), array([0.]))","(array([0.]), array([0.]), array([0.]))","(array([0.]), array([0.]), array([0.]))","(array([0.]), array([0.]), array([0.]))","(array([0.]), array([0.]), array([0.]))","(array([0.]), array([0.]), array([0.]))","(array([0.]), array([0.]), array([0.]))","(array([0.]), array([0.]), array([0.]))"
(0.49999658676129216+0j),[0.92934427],[1.],[-0.36921435],[1.],"(array([0.]), array([0.]), array([0.]))","(array([0.]), array([0.]), array([0.]))","(array([0.]), array([0.]), array([0.]))","(array([0.]), array([0.]), array([0.]))","(array([0.]), array([0.]), array([0.]))","(array([0.]), array([0.]), array([0.]))","(array([0.]), array([0.]), array([0.]))","(array([0.]), array([0.]), array([0.]))","(array([0.]), array([0.]), array([0.]))","(array([0.]), array([0.]), array([0.]))","(array([0.]), array([0.]), array([0.]))"
(0.499996571992719+0j),[0.91773832],[1.],[-0.39718558],[1.],"(array([0.]), array([0.]), array([0.]))","(array([0.]), array([0.]), array([0.]))","(array([0.]), array([0.]), array([0.]))","(array([0.]), array([0.]), array([0.]))","(array([0.]), array([0.]), array([0.]))","(array([0.]), array([0.]), array([0.]))","(array([0.]), array([0.]), array([0.]))","(array([0.]), array([0.]), array([0.]))","(array([0.]), array([0.]), array([0.]))","(array([0.]), array([0.]), array([0.]))","(array([0.]), array([0.]), array([0.]))"
(0.49999655610529614+0j),[0.79344476],[1.],[-0.60864227],[1.],"(array([0.]), array([0.]), array([0.]))","(array([0.]), array([0.]), array([0.]))","(array([0.]), array([0.]), array([0.]))","(array([0.]), array([0.]), array([0.]))","(array([0.]), array([0.]), array([0.]))","(array([0.]), array([0.]), array([0.]))","(array([0.]), array([0.]), array([0.]))","(array([0.]), array([0.]), array([0.]))","(array([0.]), array([0.]), array([0.]))","(array([0.]), array([0.]), array([0.]))","(array([0.]), array([0.]), array([0.]))"
(0.4999965317596058+0j),[0.80119042],[1.],[-0.59840948],[1.],"(array([0.]), array([0.]), array([0.]))","(array([0.]), array([0.]), array([0.]))","(array([0.]), array([0.]), array([0.]))","(array([0.]), array([0.]), array([0.]))","(array([0.]), array([0.]), array([0.]))","(array([0.]), array([0.]), array([0.]))","(array([0.]), array([0.]), array([0.]))","(array([0.]), array([0.]), array([0.]))","(array([0.]), array([0.]), array([0.]))","(array([0.]), array([0.]), array([0.]))","(array([0.]), array([0.]), array([0.]))"
(0.4999965078232263+0j),[0.86165187],[1.],[-0.50749981],[1.],"(array([0.]), array([0.]), array([0.]))","(array([0.]), array([0.]), array([0.]))","(array([0.]), array([0.]), array([0.]))","(array([0.]), array([0.]), array([0.]))","(array([0.]), array([0.]), array([0.]))","(array([0.]), array([0.]), array([0.]))","(array([0.]), array([0.]), array([0.]))","(array([0.]), array([0.]), array([0.]))","(array([0.]), array([0.]), array([0.]))","(array([0.]), array([0.]), array([0.]))","(array([0.]), array([0.]), array([0.]))"
(0.49999648752323383+0j),[0.82801122],[1.],[-0.56071153],[1.],"(array([0.]), array([0.]), array([0.]))","(array([0.]), array([0.]), array([0.]))","(array([0.]), array([0.]), array([0.]))","(array([0.]), array([0.]), array([0.]))","(array([0.]), array([0.]), array([0.]))","(array([0.]), array([0.]), array([0.]))","(array([0.]), array([0.]), array([0.]))","(array([0.]), array([0.]), array([0.]))","(array([0.]), array([0.]), array([0.]))","(array([0.]), array([0.]), array([0.]))","(array([0.]), array([0.]), array([0.]))"
(0.49999646509477264+0j),[0.88971205],[1.],[-0.45652215],[1.],"(array([0.]), array([0.]), array([0.]))","(array([0.]), array([0.]), array([0.]))","(array([0.]), array([0.]), array([0.]))","(array([0.]), array([0.]), array([0.]))","(array([0.]), array([0.]), array([0.]))","(array([0.]), array([0.]), array([0.]))","(array([0.]), array([0.]), array([0.]))","(array([0.]), array([0.]), array([0.]))","(array([0.]), array([0.]), array([0.]))","(array([0.]), array([0.]), array([0.]))","(array([0.]), array([0.]), array([0.]))"
(0.49999644683388694+0j),[0.93608816],[1.],[-0.35176548],[1.],"(array([0.]), array([0.]), array([0.]))","(array([0.]), array([0.]), array([0.]))","(array([0.]), array([0.]), array([0.]))","(array([0.]), array([0.]), array([0.]))","(array([0.]), array([0.]), array([0.]))","(array([0.]), array([0.]), array([0.]))","(array([0.]), array([0.]), array([0.]))","(array([0.]), array([0.]), array([0.]))","(array([0.]), array([0.]), array([0.]))","(array([0.]), array([0.]), array([0.]))","(array([0.]), array([0.]), array([0.]))"
(0.4999964327632678+0j),[0.97183304],[1.],[-0.23567039],[1.],"(array([0.]), array([0.]), array([0.]))","(array([0.]), array([0.]), array([0.]))","(array([0.]), array([0.]), array([0.]))","(array([0.]), array([0.]), array([0.]))","(array([0.]), array([0.]), array([0.]))","(array([0.]), array([0.]), array([0.]))","(array([0.]), array([0.]), array([0.]))","(array([0.]), array([0.]), array([0.]))","(array([0.]), array([0.]), array([0.]))","(array([0.]), array([0.]), array([0.]))","(array([0.]), array([0.]), array([0.]))"
(0.4999964233364516+0j),[0.97564003],[1.],[0.21937762],[1.],"(array([0.]), array([0.]), array([0.]))","(array([0.]), array([0.]), array([0.]))","(array([0.]), array([0.]), array([0.]))","(array([0.]), array([0.]), array([0.]))","(array([0.]), array([0.]), array([0.]))","(array([0.]), array([0.]), array([0.]))","(array([0.]), array([0.]), array([0.]))","(array([0.]), array([0.]), array([0.]))","(array([0.]), array([0.]), array([0.]))","(array([0.]), array([0.]), array([0.]))","(array([0.]), array([0.]), array([0.]))"
(0.49999643211155614+0j),[0.98005135],[1.],[0.19874442],[1.],"(array([0.]), array([0.]), array([0.]))","(array([0.]), array([0.]), array([0.]))","(array([0.]), array([0.]), array([0.]))","(array([0.]), array([0.]), array([0.]))","(array([0.]), array([0.]), array([0.]))","(array([0.]), array([0.]), array([0.]))","(array([0.]), array([0.]), array([0.]))","(array([0.]), array([0.]), array([0.]))","(array([0.]), array([0.]), array([0.]))","(array([0.]), array([0.]), array([0.]))","(array([0.]), array([0.]), array([0.]))"
(0.49999644006133276+0j),[0.89920656],[1.],[0.43752436],[1.],"(array([0.]), array([0.]), array([0.]))","(array([0.]), array([0.]), array([0.]))","(array([0.]), array([0.]), array([0.]))","(array([0.]), array([0.]), array([0.]))","(array([0.]), array([0.]), array([0.]))","(array([0.]), array([0.]), array([0.]))","(array([0.]), array([0.]), array([0.]))","(array([0.]), array([0.]), array([0.]))","(array([0.]), array([0.]), array([0.]))","(array([0.]), array([0.]), array([0.]))","(array([0.]), array([0.]), array([0.]))"
(0.49999645756230693+0j),[0.88961378],[1.],[0.45671361],[1.],"(array([0.]), array([0.]), array([0.]))","(array([0.]), array([0.]), array([0.]))","(array([0.]), array([0.]), array([0.]))","(array([0.]), array([0.]), array([0.]))","(array([0.]), array([0.]), array([0.]))","(array([0.]), array([0.]), array([0.]))","(array([0.]), array([0.]), array([0.]))","(array([0.]), array([0.]), array([0.]))","(array([0.]), array([0.]), array([0.]))","(array([0.]), array([0.]), array([0.]))","(array([0.]), array([0.]), array([0.]))"
(0.4999964758308519+0j),[0.98306408],[1.],[0.18326212],[1.],"(array([0.]), array([0.]), array([0.]))","(array([0.]), array([0.]), array([0.]))","(array([0.]), array([0.]), array([0.]))","(array([0.]), array([0.]), array([0.]))","(array([0.]), array([0.]), array([0.]))","(array([0.]), array([0.]), array([0.]))","(array([0.]), array([0.]), array([0.]))","(array([0.]), array([0.]), array([0.]))","(array([0.]), array([0.]), array([0.]))","(array([0.]), array([0.]), array([0.]))","(array([0.]), array([0.]), array([0.]))"
(0.4999964831613363+0j),[0.95867064],[1.],[0.2845182],[1.],"(array([0.]), array([0.]), array([0.]))","(array([0.]), array([0.]), array([0.]))","(array([0.]), array([0.]), array([0.]))","(array([0.]), array([0.]), array([0.]))","(array([0.]), array([0.]), array([0.]))","(array([0.]), array([0.]), array([0.]))","(array([0.]), array([0.]), array([0.]))","(array([0.]), array([0.]), array([0.]))","(array([0.]), array([0.]), array([0.]))","(array([0.]), array([0.]), array([0.]))","(array([0.]), array([0.]), array([0.]))"
(0.49999649454206385+0j),[0.92226158],[1.],[0.3865664],[1.],"(array([0.]), array([0.]), array([0.]))","(array([0.]), array([0.]), array([0.]))","(array([0.]), array([0.]), array([0.]))","(array([0.]), array([0.]), array([0.]))","(array([0.]), array([0.]), array([0.]))","(array([0.]), array([0.]), array([0.]))","(array([0.]), array([0.]), array([0.]))","(array([0.]), array([0.]), array([0.]))","(array([0.]), array([0.]), array([0.]))","(array([0.]), array([0.]), array([0.]))","(array([0.]), array([0.]), array([0.]))"
(0.4999965100047197+0j),[0.99230653],[1.],[0.12380529],[1.],"(array([0.]), array([0.]), array([0.]))","(array([0.]), array([0.]), array([0.]))","(array([0.]), array([0.]), array([0.]))","(array([0.]), array([0.]), array([0.]))","(array([0.]), array([0.]), array([0.]))","(array([0.]), array([0.]), array([0.]))","(array([0.]), array([0.]), array([0.]))","(array([0.]), array([0.]), array([0.]))","(array([0.]), array([0.]), array([0.]))","(array([0.]), array([0.]), array([0.]))","(array([0.]), array([0.]), array([0.]))"
(0.4999965149569314+0j),[0.99988955],[1.],[0.01486207],[1.],"(array([0.]), array([0.]), array([0.]))","(array([0.]), array([0.]), array([0.]))","(array([0.]), array([0.]), array([0.]))","(array([0.]), array([0.]), array([0.]))","(array([0.]), array([0.]), array([0.]))","(array([0.]), array([0.]), array([0.]))","(array([0.]), array([0.]), array([0.]))","(array([0.]), array([0.]), array([0.]))","(array([0.]), array([0.]), array([0.]))","(array([0.]), array([0.]), array([0.]))","(array([0.]), array([0.]), array([0.]))"
(0.4999965155514145+0j),[0.98376432],[1.],[-0.1794652],[1.],"(array([0.]), array([0.]), array([0.]))","(array([0.]), array([0.]), array([0.]))","(array([0.]), array([0.]), array([0.]))","(array([0.]), array([0.]), array([0.]))","(array([0.]), array([0.]), array([0.]))","(array([0.]), array([0.]), array([0.]))","(array([0.]), array([0.]), array([0.]))","(array([0.]), array([0.]), array([0.]))","(array([0.]), array([0.]), array([0.]))","(array([0.]), array([0.]), array([0.]))","(array([0.]), array([0.]), array([0.]))"
(0.49999650837280657+0j),[0.99402347],[1.],[-0.10916655],[1.],"(array([0.]), array([0.]), array([0.]))","(array([0.]), array([0.]), array([0.]))","(array([0.]), array([0.]), array([0.]))","(array([0.]), array([0.]), array([0.]))","(array([0.]), array([0.]), array([0.]))","(array([0.]), array([0.]), array([0.]))","(array([0.]), array([0.]), array([0.]))","(array([0.]), array([0.]), array([0.]))","(array([0.]), array([0.]), array([0.]))","(array([0.]), array([0.]), array([0.]))","(array([0.]), array([0.]), array([0.]))"
(0.4999965040061444+0j),[0.96664627],[1.],[-0.25611519],[1.],"(array([0.]), array([0.]), array([0.]))","(array([0.]), array([0.]), array([0.]))","(array([0.]), array([0.]), array([0.]))","(array([0.]), array([0.]), array([0.]))","(array([0.]), array([0.]), array([0.]))","(array([0.]), array([0.]), array([0.]))","(array([0.]), array([0.]), array([0.]))","(array([0.]), array([0.]), array([0.]))","(array([0.]), array([0.]), array([0.]))","(array([0.]), array([0.]), array([0.]))","(array([0.]), array([0.]), array([0.]))"
(0.499996493761537+0j),[0.9925955],[1.],[-0.12146679],[1.],"(array([0.]), array([0.]), array([0.]))","(array([0.]), array([0.]), array([0.]))","(array([0.]), array([0.]), array([0.]))","(array([0.]), array([0.]), array([0.]))","(array([0.]), array([0.]), array([0.]))","(array([0.]), array([0.]), array([0.]))","(array([0.]), array([0.]), array([0.]))","(array([0.]), array([0.]), array([0.]))","(array([0.]), array([0.]), array([0.]))","(array([0.]), array([0.]), array([0.]))","(array([0.]), array([0.]), array([0.]))"
(0.49999648890286585+0j),[0.99990978],[1.],[0.01343246],[1.],"(array([0.]), array([0.]), array([0.]))","(array([0.]), array([0.]), array([0.]))","(array([0.]), array([0.]), array([0.]))","(array([0.]), array([0.]), array([0.]))","(array([0.]), array([0.]), array([0.]))","(array([0.]), array([0.]), array([0.]))","(array([0.]), array([0.]), array([0.]))","(array([0.]), array([0.]), array([0.]))","(array([0.]), array([0.]), array([0.]))","(array([0.]), array([0.]), array([0.]))","(array([0.]), array([0.]), array([0.]))"
(0.4999964894401645+0j),[0.99440671],[1.],[-0.10561863],[1.],"(array([0.]), array([0.]), array([0.]))","(array([0.]), array([0.]), array([0.]))","(array([0.]), array([0.]), array([0.]))","(array([0.]), array([0.]), array([0.]))","(array([0.]), array([0.]), array([0.]))","(array([0.]), array([0.]), array([0.]))","(array([0.]), array([0.]), array([0.]))","(array([0.]), array([0.]), array([0.]))","(array([0.]), array([0.]), array([0.]))","(array([0.]), array([0.]), array([0.]))","(array([0.]), array([0.]), array([0.]))"
(0.4999964852154197+0j),[0.99990397],[1.],[0.0138582],[1.],"(array([0.]), array([0.]), array([0.]))","(array([0.]), array([0.]), array([0.]))","(array([0.]), array([0.]), array([0.]))","(array([0.]), array([0.]), array([0.]))","(array([0.]), array([0.]), array([0.]))","(array([0.]), array([0.]), array([0.]))","(array([0.]), array([0.]), array([0.]))","(array([0.]), array([0.]), array([0.]))","(array([0.]), array([0.]), array([0.]))","(array([0.]), array([0.]), array([0.]))","(array([0.]), array([0.]), array([0.]))"
(0.499996485769748+0j),[0.99027659],[1.],[-0.13911242],[1.],"(array([0.]), array([0.]), array([0.]))","(array([0.]), array([0.]), array([0.]))","(array([0.]), array([0.]), array([0.]))","(array([0.]), array([0.]), array([0.]))","(array([0.]), array([0.]), array([0.]))","(array([0.]), array([0.]), array([0.]))","(array([0.]), array([0.]), array([0.]))","(array([0.]), array([0.]), array([0.]))","(array([0.]), array([0.]), array([0.]))","(array([0.]), array([0.]), array([0.]))","(array([0.]), array([0.]), array([0.]))"
(0.49999648020525134+0j),[0.81509569],[1.],[-0.57932634],[1.],"(array([0.]), array([0.]), array([0.]))","(array([0.]), array([0.]), array([0.]))","(array([0.]), array([0.]), array([0.]))","(array([0.]), array([0.]), array([0.]))","(array([0.]), array([0.]), array([0.]))","(array([0.]), array([0.]), array([0.]))","(array([0.]), array([0.]), array([0.]))","(array([0.]), array([0.]), array([0.]))","(array([0.]), array([0.]), array([0.]))","(array([0.]), array([0.]), array([0.]))","(array([0.]), array([0.]), array([0.]))"
(0.49999645703219747+0j),[0.96086966],[1.],[-0.2770009],[1.],"(array([0.]), array([0.]), array([0.]))","(array([0.]), array([0.]), array([0.]))","(array([0.]), array([0.]), array([0.]))","(array([0.]), array([0.]), array([0.]))","(array([0.]), array([0.]), array([0.]))","(array([0.]), array([0.]), array([0.]))","(array([0.]), array([0.]), array([0.]))","(array([0.]), array([0.]), array([0.]))","(array([0.]), array([0.]), array([0.]))","(array([0.]), array([0.]), array([0.]))","(array([0.]), array([0.]), array([0.]))"
(0.49999644595216164+0j),[0.99153198],[1.],[-0.12986278],[1.],"(array([0.]), array([0.]), array([0.]))","(array([0.]), array([0.]), array([0.]))","(array([0.]), array([0.]), array([0.]))","(array([0.]), array([0.]), array([0.]))","(array([0.]), array([0.]), array([0.]))","(array([0.]), array([0.]), array([0.]))","(array([0.]), array([0.]), array([0.]))","(array([0.]), array([0.]), array([0.]))","(array([0.]), array([0.]), array([0.]))","(array([0.]), array([0.]), array([0.]))","(array([0.]), array([0.]), array([0.]))"
(0.4999964407576505+0j),[0.93790351],[1.],[-0.34689625],[1.],"(array([0.]), array([0.]), array([0.]))","(array([0.]), array([0.]), array([0.]))","(array([0.]), array([0.]), array([0.]))","(array([0.]), array([0.]), array([0.]))","(array([0.]), array([0.]), array([0.]))","(array([0.]), array([0.]), array([0.]))","(array([0.]), array([0.]), array([0.]))","(array([0.]), array([0.]), array([0.]))","(array([0.]), array([0.]), array([0.]))","(array([0.]), array([0.]), array([0.]))","(array([0.]), array([0.]), array([0.]))"
(0.49999642688179985+0j),[0.94757273],[1.],[-0.31954018],[1.],"(array([0.]), array([0.]), array([0.]))","(array([0.]), array([0.]), array([0.]))","(array([0.]), array([0.]), array([0.]))","(array([0.]), array([0.]), array([0.]))","(array([0.]), array([0.]), array([0.]))","(array([0.]), array([0.]), array([0.]))","(array([0.]), array([0.]), array([0.]))","(array([0.]), array([0.]), array([0.]))","(array([0.]), array([0.]), array([0.]))","(array([0.]), array([0.]), array([0.]))","(array([0.]), array([0.]), array([0.]))"
(0.4999964141001928+0j),[0.84860045],[1.],[-0.52903429],[1.],"(array([0.]), array([0.]), array([0.]))","(array([0.]), array([0.]), array([0.]))","(array([0.]), array([0.]), array([0.]))","(array([0.]), array([0.]), array([0.]))","(array([0.]), array([0.]), array([0.]))","(array([0.]), array([0.]), array([0.]))","(array([0.]), array([0.]), array([0.]))","(array([0.]), array([0.]), array([0.]))","(array([0.]), array([0.]), array([0.]))","(array([0.]), array([0.]), array([0.]))","(array([0.]), array([0.]), array([0.]))"
(0.49999639293882137+0j),[0.93749022],[1.],[-0.34801162],[1.],"(array([0.]), array([0.]), array([0.]))","(array([0.]), array([0.]), array([0.]))","(array([0.]), array([0.]), array([0.]))","(array([0.]), array([0.]), array([0.]))","(array([0.]), array([0.]), array([0.]))","(array([0.]), array([0.]), array([0.]))","(array([0.]), array([0.]), array([0.]))","(array([0.]), array([0.]), array([0.]))","(array([0.]), array([0.]), array([0.]))","(array([0.]), array([0.]), array([0.]))","(array([0.]), array([0.]), array([0.]))"
(0.49999637901835653+0j),[0.912387],[1.],[-0.40932867],[1.],"(array([0.]), array([0.]), array([0.]))","(array([0.]), array([0.]), array([0.]))","(array([0.]), array([0.]), array([0.]))","(array([0.]), array([0.]), array([0.]))","(array([0.]), array([0.]), array([0.]))","(array([0.]), array([0.]), array([0.]))","(array([0.]), array([0.]), array([0.]))","(array([0.]), array([0.]), array([0.]))","(array([0.]), array([0.]), array([0.]))","(array([0.]), array([0.]), array([0.]))","(array([0.]), array([0.]), array([0.]))"
(0.49999636264520964+0j),[0.92429695],[1.],[-0.38167414],[1.],"(array([0.]), array([0.]), array([0.]))","(array([0.]), array([0.]), array([0.]))","(array([0.]), array([0.]), array([0.]))","(array([0.]), array([0.]), array([0.]))","(array([0.]), array([0.]), array([0.]))","(array([0.]), array([0.]), array([0.]))","(array([0.]), array([0.]), array([0.]))","(array([0.]), array([0.]), array([0.]))","(array([0.]), array([0.]), array([0.]))","(array([0.]), array([0.]), array([0.]))","(array([0.]), array([0.]), array([0.]))"
(0.49999634737824394+0j),[0.91321896],[1.],[-0.40746918],[1.],"(array([0.]), array([0.]), array([0.]))","(array([0.]), array([0.]), array([0.]))","(array([0.]), array([0.]), array([0.]))","(array([0.]), array([0.]), array([0.]))","(array([0.]), array([0.]), array([0.]))","(array([0.]), array([0.]), array([0.]))","(array([0.]), array([0.]), array([0.]))","(array([0.]), array([0.]), array([0.]))","(array([0.]), array([0.]), array([0.]))","(array([0.]), array([0.]), array([0.]))","(array([0.]), array([0.]), array([0.]))"
(0.49999633107947644+0j),[0.88425303],[1.],[-0.46700812],[1.],"(array([0.]), array([0.]), array([0.]))","(array([0.]), array([0.]), array([0.]))","(array([0.]), array([0.]), array([0.]))","(array([0.]), array([0.]), array([0.]))","(array([0.]), array([0.]), array([0.]))","(array([0.]), array([0.]), array([0.]))","(array([0.]), array([0.]), array([0.]))","(array([0.]), array([0.]), array([0.]))","(array([0.]), array([0.]), array([0.]))","(array([0.]), array([0.]), array([0.]))","(array([0.]), array([0.]), array([0.]))"
(0.4999963123991521+0j),[0.97088388],[1.],[-0.23955061],[1.],"(array([0.]), array([0.]), array([0.]))","(array([0.]), array([0.]), array([0.]))","(array([0.]), array([0.]), array([0.]))","(array([0.]), array([0.]), array([0.]))","(array([0.]), array([0.]), array([0.]))","(array([0.]), array([0.]), array([0.]))","(array([0.]), array([0.]), array([0.]))","(array([0.]), array([0.]), array([0.]))","(array([0.]), array([0.]), array([0.]))","(array([0.]), array([0.]), array([0.]))","(array([0.]), array([0.]), array([0.]))"
(0.49999630281712754+0j),[0.99963348],[1.],[-0.02707215],[1.],"(array([0.]), array([0.]), array([0.]))","(array([0.]), array([0.]), array([0.]))","(array([0.]), array([0.]), array([0.]))","(array([0.]), array([0.]), array([0.]))","(array([0.]), array([0.]), array([0.]))","(array([0.]), array([0.]), array([0.]))","(array([0.]), array([0.]), array([0.]))","(array([0.]), array([0.]), array([0.]))","(array([0.]), array([0.]), array([0.]))","(array([0.]), array([0.]), array([0.]))","(array([0.]), array([0.]), array([0.]))"
(0.4999963017342415+0j),[0.95326735],[1.],[-0.30212807],[1.],"(array([0.]), array([0.]), array([0.]))","(array([0.]), array([0.]), array([0.]))","(array([0.]), array([0.]), array([0.]))","(array([0.]), array([0.]), array([0.]))","(array([0.]), array([0.]), array([0.]))","(array([0.]), array([0.]), array([0.]))","(array([0.]), array([0.]), array([0.]))","(array([0.]), array([0.]), array([0.]))","(array([0.]), array([0.]), array([0.]))","(array([0.]), array([0.]), array([0.]))","(array([0.]), array([0.]), array([0.]))"
(0.4999962896491188+0j),[0.93392122],[1.],[-0.35747889],[1.],"(array([0.]), array([0.]), array([0.]))","(array([0.]), array([0.]), array([0.]))","(array([0.]), array([0.]), array([0.]))","(array([0.]), array([0.]), array([0.]))","(array([0.]), array([0.]), array([0.]))","(array([0.]), array([0.]), array([0.]))","(array([0.]), array([0.]), array([0.]))","(array([0.]), array([0.]), array([0.]))","(array([0.]), array([0.]), array([0.]))","(array([0.]), array([0.]), array([0.]))","(array([0.]), array([0.]), array([0.]))"
(0.4999962753499635+0j),[0.92610724],[1.],[-0.37726035],[1.],"(array([0.]), array([0.]), array([0.]))","(array([0.]), array([0.]), array([0.]))","(array([0.]), array([0.]), array([0.]))","(array([0.]), array([0.]), array([0.]))","(array([0.]), array([0.]), array([0.]))","(array([0.]), array([0.]), array([0.]))","(array([0.]), array([0.]), array([0.]))","(array([0.]), array([0.]), array([0.]))","(array([0.]), array([0.]), array([0.]))","(array([0.]), array([0.]), array([0.]))","(array([0.]), array([0.]), array([0.]))"
(0.49999626025954924+0j),[0.92939675],[1.],[-0.36908222],[1.],"(array([0.]), array([0.]), array([0.]))","(array([0.]), array([0.]), array([0.]))","(array([0.]), array([0.]), array([0.]))","(array([0.]), array([0.]), array([0.]))","(array([0.]), array([0.]), array([0.]))","(array([0.]), array([0.]), array([0.]))","(array([0.]), array([0.]), array([0.]))","(array([0.]), array([0.]), array([0.]))","(array([0.]), array([0.]), array([0.]))","(array([0.]), array([0.]), array([0.]))","(array([0.]), array([0.]), array([0.]))"
(0.49999624549626065+0j),[0.9007384],[1.],[-0.43436198],[1.],"(array([0.]), array([0.]), array([0.]))","(array([0.]), array([0.]), array([0.]))","(array([0.]), array([0.]), array([0.]))","(array([0.]), array([0.]), array([0.]))","(array([0.]), array([0.]), array([0.]))","(array([0.]), array([0.]), array([0.]))","(array([0.]), array([0.]), array([0.]))","(array([0.]), array([0.]), array([0.]))","(array([0.]), array([0.]), array([0.]))","(array([0.]), array([0.]), array([0.]))","(array([0.]), array([0.]), array([0.]))"
(0.4999962281217822+0j),[0.97630113],[1.],[-0.21641649],[1.],"(array([0.]), array([0.]), array([0.]))","(array([0.]), array([0.]), array([0.]))","(array([0.]), array([0.]), array([0.]))","(array([0.]), array([0.]), array([0.]))","(array([0.]), array([0.]), array([0.]))","(array([0.]), array([0.]), array([0.]))","(array([0.]), array([0.]), array([0.]))","(array([0.]), array([0.]), array([0.]))","(array([0.]), array([0.]), array([0.]))","(array([0.]), array([0.]), array([0.]))","(array([0.]), array([0.]), array([0.]))"
(0.49999621946512207+0j),[0.99983188],[1.],[-0.01833598],[1.],"(array([0.]), array([0.]), array([0.]))","(array([0.]), array([0.]), array([0.]))","(array([0.]), array([0.]), array([0.]))","(array([0.]), array([0.]), array([0.]))","(array([0.]), array([0.]), array([0.]))","(array([0.]), array([0.]), array([0.]))","(array([0.]), array([0.]), array([0.]))","(array([0.]), array([0.]), array([0.]))","(array([0.]), array([0.]), array([0.]))","(array([0.]), array([0.]), array([0.]))","(array([0.]), array([0.]), array([0.]))"
(0.4999962187316831+0j),[0.96126556],[1.],[-0.27562388],[1.],"(array([0.]), array([0.]), array([0.]))","(array([0.]), array([0.]), array([0.]))","(array([0.]), array([0.]), array([0.]))","(array([0.]), array([0.]), array([0.]))","(array([0.]), array([0.]), array([0.]))","(array([0.]), array([0.]), array([0.]))","(array([0.]), array([0.]), array([0.]))","(array([0.]), array([0.]), array([0.]))","(array([0.]), array([0.]), array([0.]))","(array([0.]), array([0.]), array([0.]))","(array([0.]), array([0.]), array([0.]))"
(0.4999962077067279+0j),[0.9524879],[1.],[-0.30457643],[1.],"(array([0.]), array([0.]), array([0.]))","(array([0.]), array([0.]), array([0.]))","(array([0.]), array([0.]), array([0.]))","(array([0.]), array([0.]), array([0.]))","(array([0.]), array([0.]), array([0.]))","(array([0.]), array([0.]), array([0.]))","(array([0.]), array([0.]), array([0.]))","(array([0.]), array([0.]), array([0.]))","(array([0.]), array([0.]), array([0.]))","(array([0.]), array([0.]), array([0.]))","(array([0.]), array([0.]), array([0.]))"
(0.49999619552367064+0j),[0.88720084],[1.],[-0.46138342],[1.],"(array([0.]), array([0.]), array([0.]))","(array([0.]), array([0.]), array([0.]))","(array([0.]), array([0.]), array([0.]))","(array([0.]), array([0.]), array([0.]))","(array([0.]), array([0.]), array([0.]))","(array([0.]), array([0.]), array([0.]))","(array([0.]), array([0.]), array([0.]))","(array([0.]), array([0.]), array([0.]))","(array([0.]), array([0.]), array([0.]))","(array([0.]), array([0.]), array([0.]))","(array([0.]), array([0.]), array([0.]))"
(0.49999617706833355+0j),[0.93645187],[1.],[-0.35079608],[1.],"(array([0.]), array([0.]), array([0.]))","(array([0.]), array([0.]), array([0.]))","(array([0.]), array([0.]), array([0.]))","(array([0.]), array([0.]), array([0.]))","(array([0.]), array([0.]), array([0.]))","(array([0.]), array([0.]), array([0.]))","(array([0.]), array([0.]), array([0.]))","(array([0.]), array([0.]), array([0.]))","(array([0.]), array([0.]), array([0.]))","(array([0.]), array([0.]), array([0.]))","(array([0.]), array([0.]), array([0.]))"
(0.49999616303648975+0j),[0.80580297],[1.],[-0.59218373],[1.],"(array([0.]), array([0.]), array([0.]))","(array([0.]), array([0.]), array([0.]))","(array([0.]), array([0.]), array([0.]))","(array([0.]), array([0.]), array([0.]))","(array([0.]), array([0.]), array([0.]))","(array([0.]), array([0.]), array([0.]))","(array([0.]), array([0.]), array([0.]))","(array([0.]), array([0.]), array([0.]))","(array([0.]), array([0.]), array([0.]))","(array([0.]), array([0.]), array([0.]))","(array([0.]), array([0.]), array([0.]))"
(0.4999961393491411+0j),[0.76302127],[1.],[-0.64637338],[1.],"(array([0.]), array([0.]), array([0.]))","(array([0.]), array([0.]), array([0.]))","(array([0.]), array([0.]), array([0.]))","(array([0.]), array([0.]), array([0.]))","(array([0.]), array([0.]), array([0.]))","(array([0.]), array([0.]), array([0.]))","(array([0.]), array([0.]), array([0.]))","(array([0.]), array([0.]), array([0.]))","(array([0.]), array([0.]), array([0.]))","(array([0.]), array([0.]), array([0.]))","(array([0.]), array([0.]), array([0.]))"
(0.4999961134942061+0j),[0.69737284],[1.],[-0.71670854],[1.],"(array([0.]), array([0.]), array([0.]))","(array([0.]), array([0.]), array([0.]))","(array([0.]), array([0.]), array([0.]))","(array([0.]), array([0.]), array([0.]))","(array([0.]), array([0.]), array([0.]))","(array([0.]), array([0.]), array([0.]))","(array([0.]), array([0.]), array([0.]))","(array([0.]), array([0.]), array([0.]))","(array([0.]), array([0.]), array([0.]))","(array([0.]), array([0.]), array([0.]))","(array([0.]), array([0.]), array([0.]))"
(0.49999608482586483+0j),[0.61467941],[1.],[-0.78877704],[1.],"(array([0.]), array([0.]), array([0.]))","(array([0.]), array([0.]), array([0.]))","(array([0.]), array([0.]), array([0.]))","(array([0.]), array([0.]), array([0.]))","(array([0.]), array([0.]), array([0.]))","(array([0.]), array([0.]), array([0.]))","(array([0.]), array([0.]), array([0.]))","(array([0.]), array([0.]), array([0.]))","(array([0.]), array([0.]), array([0.]))","(array([0.]), array([0.]), array([0.]))","(array([0.]), array([0.]), array([0.]))"
(0.49999605327478297+0j),[0.73208749],[1.],[-0.68121062],[1.],"(array([0.]), array([0.]), array([0.]))","(array([0.]), array([0.]), array([0.]))","(array([0.]), array([0.]), array([0.]))","(array([0.]), array([0.]), array([0.]))","(array([0.]), array([0.]), array([0.]))","(array([0.]), array([0.]), array([0.]))","(array([0.]), array([0.]), array([0.]))","(array([0.]), array([0.]), array([0.]))","(array([0.]), array([0.]), array([0.]))","(array([0.]), array([0.]), array([0.]))","(array([0.]), array([0.]), array([0.]))"
(0.4999960260263582+0j),[0.9300414],[1.],[-0.36745476],[1.],"(array([0.]), array([0.]), array([0.]))","(array([0.]), array([0.]), array([0.]))","(array([0.]), array([0.]), array([0.]))","(array([0.]), array([0.]), array([0.]))","(array([0.]), array([0.]), array([0.]))","(array([0.]), array([0.]), array([0.]))","(array([0.]), array([0.]), array([0.]))","(array([0.]), array([0.]), array([0.]))","(array([0.]), array([0.]), array([0.]))","(array([0.]), array([0.]), array([0.]))","(array([0.]), array([0.]), array([0.]))"
(0.4999960113281676+0j),[0.98701768],[1.],[-0.16061164],[1.],"(array([0.]), array([0.]), array([0.]))","(array([0.]), array([0.]), array([0.]))","(array([0.]), array([0.]), array([0.]))","(array([0.]), array([0.]), array([0.]))","(array([0.]), array([0.]), array([0.]))","(array([0.]), array([0.]), array([0.]))","(array([0.]), array([0.]), array([0.]))","(array([0.]), array([0.]), array([0.]))","(array([0.]), array([0.]), array([0.]))","(array([0.]), array([0.]), array([0.]))","(array([0.]), array([0.]), array([0.]))"
(0.49999600490370133+0j),[0.88354653],[1.],[-0.46834338],[1.],"(array([0.]), array([0.]), array([0.]))","(array([0.]), array([0.]), array([0.]))","(array([0.]), array([0.]), array([0.]))","(array([0.]), array([0.]), array([0.]))","(array([0.]), array([0.]), array([0.]))","(array([0.]), array([0.]), array([0.]))","(array([0.]), array([0.]), array([0.]))","(array([0.]), array([0.]), array([0.]))","(array([0.]), array([0.]), array([0.]))","(array([0.]), array([0.]), array([0.]))","(array([0.]), array([0.]), array([0.]))"
(0.49999598616996643+0j),[0.73335555],[1.],[-0.67984531],[1.],"(array([0.]), array([0.]), array([0.]))","(array([0.]), array([0.]), array([0.]))","(array([0.]), array([0.]), array([0.]))","(array([0.]), array([0.]), array([0.]))","(array([0.]), array([0.]), array([0.]))","(array([0.]), array([0.]), array([0.]))","(array([0.]), array([0.]), array([0.]))","(array([0.]), array([0.]), array([0.]))","(array([0.]), array([0.]), array([0.]))","(array([0.]), array([0.]), array([0.]))","(array([0.]), array([0.]), array([0.]))"
(0.4999959589761542+0j),[0.77872374],[1.],[-0.62736699],[1.],"(array([0.]), array([0.]), array([0.]))","(array([0.]), array([0.]), array([0.]))","(array([0.]), array([0.]), array([0.]))","(array([0.]), array([0.]), array([0.]))","(array([0.]), array([0.]), array([0.]))","(array([0.]), array([0.]), array([0.]))","(array([0.]), array([0.]), array([0.]))","(array([0.]), array([0.]), array([0.]))","(array([0.]), array([0.]), array([0.]))","(array([0.]), array([0.]), array([0.]))","(array([0.]), array([0.]), array([0.]))"
(0.4999959338814744+0j),[0.81513615],[1.],[-0.57926942],[1.],"(array([0.]), array([0.]), array([0.]))","(array([0.]), array([0.]), array([0.]))","(array([0.]), array([0.]), array([0.]))","(array([0.]), array([0.]), array([0.]))","(array([0.]), array([0.]), array([0.]))","(array([0.]), array([0.]), array([0.]))","(array([0.]), array([0.]), array([0.]))","(array([0.]), array([0.]), array([0.]))","(array([0.]), array([0.]), array([0.]))","(array([0.]), array([0.]), array([0.]))","(array([0.]), array([0.]), array([0.]))"
(0.4999959107106975+0j),[0.67844434],[1.],[-0.7346518],[1.],"(array([0.]), array([0.]), array([0.]))","(array([0.]), array([0.]), array([0.]))","(array([0.]), array([0.]), array([0.]))","(array([0.]), array([0.]), array([0.]))","(array([0.]), array([0.]), array([0.]))","(array([0.]), array([0.]), array([0.]))","(array([0.]), array([0.]), array([0.]))","(array([0.]), array([0.]), array([0.]))","(array([0.]), array([0.]), array([0.]))","(array([0.]), array([0.]), array([0.]))","(array([0.]), array([0.]), array([0.]))"
(0.4999958813246253+0j),[0.70279938],[1.],[-0.7113881],[1.],"(array([0.]), array([0.]), array([0.]))","(array([0.]), array([0.]), array([0.]))","(array([0.]), array([0.]), array([0.]))","(array([0.]), array([0.]), array([0.]))","(array([0.]), array([0.]), array([0.]))","(array([0.]), array([0.]), array([0.]))","(array([0.]), array([0.]), array([0.]))","(array([0.]), array([0.]), array([0.]))","(array([0.]), array([0.]), array([0.]))","(array([0.]), array([0.]), array([0.]))","(array([0.]), array([0.]), array([0.]))"
(0.4999958528691018+0j),[0.8619873],[1.],[-0.50692988],[1.],"(array([0.]), array([0.]), array([0.]))","(array([0.]), array([0.]), array([0.]))","(array([0.]), array([0.]), array([0.]))","(array([0.]), array([0.]), array([0.]))","(array([0.]), array([0.]), array([0.]))","(array([0.]), array([0.]), array([0.]))","(array([0.]), array([0.]), array([0.]))","(array([0.]), array([0.]), array([0.]))","(array([0.]), array([0.]), array([0.]))","(array([0.]), array([0.]), array([0.]))","(array([0.]), array([0.]), array([0.]))"
(0.4999958325919062+0j),[0.70758051],[1.],[-0.70663273],[1.],"(array([0.]), array([0.]), array([0.]))","(array([0.]), array([0.]), array([0.]))","(array([0.]), array([0.]), array([0.]))","(array([0.]), array([0.]), array([0.]))","(array([0.]), array([0.]), array([0.]))","(array([0.]), array([0.]), array([0.]))","(array([0.]), array([0.]), array([0.]))","(array([0.]), array([0.]), array([0.]))","(array([0.]), array([0.]), array([0.]))","(array([0.]), array([0.]), array([0.]))","(array([0.]), array([0.]), array([0.]))"
(0.49999580432659685+0j),[0.63702497],[1.],[-0.77084317],[1.],"(array([0.]), array([0.]), array([0.]))","(array([0.]), array([0.]), array([0.]))","(array([0.]), array([0.]), array([0.]))","(array([0.]), array([0.]), array([0.]))","(array([0.]), array([0.]), array([0.]))","(array([0.]), array([0.]), array([0.]))","(array([0.]), array([0.]), array([0.]))","(array([0.]), array([0.]), array([0.]))","(array([0.]), array([0.]), array([0.]))","(array([0.]), array([0.]), array([0.]))","(array([0.]), array([0.]), array([0.]))"
(0.4999957734928699+0j),[0.92981159],[1.],[-0.36803588],[1.],"(array([0.]), array([0.]), array([0.]))","(array([0.]), array([0.]), array([0.]))","(array([0.]), array([0.]), array([0.]))","(array([0.]), array([0.]), array([0.]))","(array([0.]), array([0.]), array([0.]))","(array([0.]), array([0.]), array([0.]))","(array([0.]), array([0.]), array([0.]))","(array([0.]), array([0.]), array([0.]))","(array([0.]), array([0.]), array([0.]))","(array([0.]), array([0.]), array([0.]))","(array([0.]), array([0.]), array([0.]))"
(0.49999575877143515+0j),[0.95102608],[1.],[-0.30911064],[1.],"(array([0.]), array([0.]), array([0.]))","(array([0.]), array([0.]), array([0.]))","(array([0.]), array([0.]), array([0.]))","(array([0.]), array([0.]), array([0.]))","(array([0.]), array([0.]), array([0.]))","(array([0.]), array([0.]), array([0.]))","(array([0.]), array([0.]), array([0.]))","(array([0.]), array([0.]), array([0.]))","(array([0.]), array([0.]), array([0.]))","(array([0.]), array([0.]), array([0.]))","(array([0.]), array([0.]), array([0.]))"
(0.4999957464070095+0j),[0.94175273],[1.],[-0.3363061],[1.],"(array([0.]), array([0.]), array([0.]))","(array([0.]), array([0.]), array([0.]))","(array([0.]), array([0.]), array([0.]))","(array([0.]), array([0.]), array([0.]))","(array([0.]), array([0.]), array([0.]))","(array([0.]), array([0.]), array([0.]))","(array([0.]), array([0.]), array([0.]))","(array([0.]), array([0.]), array([0.]))","(array([0.]), array([0.]), array([0.]))","(array([0.]), array([0.]), array([0.]))","(array([0.]), array([0.]), array([0.]))"
(0.499995732954765+0j),[0.90507463],[1.],[-0.42525276],[1.],"(array([0.]), array([0.]), array([0.]))","(array([0.]), array([0.]), array([0.]))","(array([0.]), array([0.]), array([0.]))","(array([0.]), array([0.]), array([0.]))","(array([0.]), array([0.]), array([0.]))","(array([0.]), array([0.]), array([0.]))","(array([0.]), array([0.]), array([0.]))","(array([0.]), array([0.]), array([0.]))","(array([0.]), array([0.]), array([0.]))","(array([0.]), array([0.]), array([0.]))","(array([0.]), array([0.]), array([0.]))"
(0.4999957159446544+0j),[0.89171707],[1.],[-0.45259327],[1.],"(array([0.]), array([0.]), array([0.]))","(array([0.]), array([0.]), array([0.]))","(array([0.]), array([0.]), array([0.]))","(array([0.]), array([0.]), array([0.]))","(array([0.]), array([0.]), array([0.]))","(array([0.]), array([0.]), array([0.]))","(array([0.]), array([0.]), array([0.]))","(array([0.]), array([0.]), array([0.]))","(array([0.]), array([0.]), array([0.]))","(array([0.]), array([0.]), array([0.]))","(array([0.]), array([0.]), array([0.]))"
(0.4999956978409239+0j),[0.94191027],[1.],[-0.33586461],[1.],"(array([0.]), array([0.]), array([0.]))","(array([0.]), array([0.]), array([0.]))","(array([0.]), array([0.]), array([0.]))","(array([0.]), array([0.]), array([0.]))","(array([0.]), array([0.]), array([0.]))","(array([0.]), array([0.]), array([0.]))","(array([0.]), array([0.]), array([0.]))","(array([0.]), array([0.]), array([0.]))","(array([0.]), array([0.]), array([0.]))","(array([0.]), array([0.]), array([0.]))","(array([0.]), array([0.]), array([0.]))"
(0.49999568440633907+0j),[0.94943303],[1.],[-0.31396963],[1.],"(array([0.]), array([0.]), array([0.]))","(array([0.]), array([0.]), array([0.]))","(array([0.]), array([0.]), array([0.]))","(array([0.]), array([0.]), array([0.]))","(array([0.]), array([0.]), array([0.]))","(array([0.]), array([0.]), array([0.]))","(array([0.]), array([0.]), array([0.]))","(array([0.]), array([0.]), array([0.]))","(array([0.]), array([0.]), array([0.]))","(array([0.]), array([0.]), array([0.]))","(array([0.]), array([0.]), array([0.]))"
(0.49999567184755384+0j),[0.92928231],[1.],[-0.36937027],[1.],"(array([0.]), array([0.]), array([0.]))","(array([0.]), array([0.]), array([0.]))","(array([0.]), array([0.]), array([0.]))","(array([0.]), array([0.]), array([0.]))","(array([0.]), array([0.]), array([0.]))","(array([0.]), array([0.]), array([0.]))","(array([0.]), array([0.]), array([0.]))","(array([0.]), array([0.]), array([0.]))","(array([0.]), array([0.]), array([0.]))","(array([0.]), array([0.]), array([0.]))","(array([0.]), array([0.]), array([0.]))"
(0.49999565707274346+0j),[0.94773676],[1.],[-0.31905334],[1.],"(array([0.]), array([0.]), array([0.]))","(array([0.]), array([0.]), array([0.]))","(array([0.]), array([0.]), array([0.]))","(array([0.]), array([0.]), array([0.]))","(array([0.]), array([0.]), array([0.]))","(array([0.]), array([0.]), array([0.]))","(array([0.]), array([0.]), array([0.]))","(array([0.]), array([0.]), array([0.]))","(array([0.]), array([0.]), array([0.]))","(array([0.]), array([0.]), array([0.]))","(array([0.]), array([0.]), array([0.]))"
(0.4999956443106098+0j),[0.96882569],[1.],[-0.24774337],[1.],"(array([0.]), array([0.]), array([0.]))","(array([0.]), array([0.]), array([0.]))","(array([0.]), array([0.]), array([0.]))","(array([0.]), array([0.]), array([0.]))","(array([0.]), array([0.]), array([0.]))","(array([0.]), array([0.]), array([0.]))","(array([0.]), array([0.]), array([0.]))","(array([0.]), array([0.]), array([0.]))","(array([0.]), array([0.]), array([0.]))","(array([0.]), array([0.]), array([0.]))","(array([0.]), array([0.]), array([0.]))"
(0.4999956344008754+0j),[0.87721454],[1.],[-0.48009859],[1.],"(array([0.]), array([0.]), array([0.]))","(array([0.]), array([0.]), array([0.]))","(array([0.]), array([0.]), array([0.]))","(array([0.]), array([0.]), array([0.]))","(array([0.]), array([0.]), array([0.]))","(array([0.]), array([0.]), array([0.]))","(array([0.]), array([0.]), array([0.]))","(array([0.]), array([0.]), array([0.]))","(array([0.]), array([0.]), array([0.]))","(array([0.]), array([0.]), array([0.]))","(array([0.]), array([0.]), array([0.]))"
(0.499995615196932+0j),[0.95189159],[1.],[-0.30643497],[1.],"(array([0.]), array([0.]), array([0.]))","(array([0.]), array([0.]), array([0.]))","(array([0.]), array([0.]), array([0.]))","(array([0.]), array([0.]), array([0.]))","(array([0.]), array([0.]), array([0.]))","(array([0.]), array([0.]), array([0.]))","(array([0.]), array([0.]), array([0.]))","(array([0.]), array([0.]), array([0.]))","(array([0.]), array([0.]), array([0.]))","(array([0.]), array([0.]), array([0.]))","(array([0.]), array([0.]), array([0.]))"
(0.49999560293953293+0j),[0.97096768],[1.],[-0.2392107],[1.],"(array([0.]), array([0.]), array([0.]))","(array([0.]), array([0.]), array([0.]))","(array([0.]), array([0.]), array([0.]))","(array([0.]), array([0.]), array([0.]))","(array([0.]), array([0.]), array([0.]))","(array([0.]), array([0.]), array([0.]))","(array([0.]), array([0.]), array([0.]))","(array([0.]), array([0.]), array([0.]))","(array([0.]), array([0.]), array([0.]))","(array([0.]), array([0.]), array([0.]))","(array([0.]), array([0.]), array([0.]))"
(0.4999955933711053+0j),[0.98646743],[1.],[0.16395732],[1.],"(array([0.]), array([0.]), array([0.]))","(array([0.]), array([0.]), array([0.]))","(array([0.]), array([0.]), array([0.]))","(array([0.]), array([0.]), array([0.]))","(array([0.]), array([0.]), array([0.]))","(array([0.]), array([0.]), array([0.]))","(array([0.]), array([0.]), array([0.]))","(array([0.]), array([0.]), array([0.]))","(array([0.]), array([0.]), array([0.]))","(array([0.]), array([0.]), array([0.]))","(array([0.]), array([0.]), array([0.]))"
(0.499995599929398+0j),[0.99840391],[1.],[0.05647688],[1.],"(array([0.]), array([0.]), array([0.]))","(array([0.]), array([0.]), array([0.]))","(array([0.]), array([0.]), array([0.]))","(array([0.]), array([0.]), array([0.]))","(array([0.]), array([0.]), array([0.]))","(array([0.]), array([0.]), array([0.]))","(array([0.]), array([0.]), array([0.]))","(array([0.]), array([0.]), array([0.]))","(array([0.]), array([0.]), array([0.]))","(array([0.]), array([0.]), array([0.]))","(array([0.]), array([0.]), array([0.]))"
(0.49999560218847344+0j),[0.99404949],[1.],[-0.10892937],[1.],"(array([0.]), array([0.]), array([0.]))","(array([0.]), array([0.]), array([0.]))","(array([0.]), array([0.]), array([0.]))","(array([0.]), array([0.]), array([0.]))","(array([0.]), array([0.]), array([0.]))","(array([0.]), array([0.]), array([0.]))","(array([0.]), array([0.]), array([0.]))","(array([0.]), array([0.]), array([0.]))","(array([0.]), array([0.]), array([0.]))","(array([0.]), array([0.]), array([0.]))","(array([0.]), array([0.]), array([0.]))"
(0.4999955978312985+0j),[0.97614922],[1.],[-0.21710067],[1.],"(array([0.]), array([0.]), array([0.]))","(array([0.]), array([0.]), array([0.]))","(array([0.]), array([0.]), array([0.]))","(array([0.]), array([0.]), array([0.]))","(array([0.]), array([0.]), array([0.]))","(array([0.]), array([0.]), array([0.]))","(array([0.]), array([0.]), array([0.]))","(array([0.]), array([0.]), array([0.]))","(array([0.]), array([0.]), array([0.]))","(array([0.]), array([0.]), array([0.]))","(array([0.]), array([0.]), array([0.]))"
(0.4999955891472715+0j),[0.92013243],[1.],[-0.39160735],[1.],"(array([0.]), array([0.]), array([0.]))","(array([0.]), array([0.]), array([0.]))","(array([0.]), array([0.]), array([0.]))","(array([0.]), array([0.]), array([0.]))","(array([0.]), array([0.]), array([0.]))","(array([0.]), array([0.]), array([0.]))","(array([0.]), array([0.]), array([0.]))","(array([0.]), array([0.]), array([0.]))","(array([0.]), array([0.]), array([0.]))","(array([0.]), array([0.]), array([0.]))","(array([0.]), array([0.]), array([0.]))"
(0.49999557348297696+0j),[0.88208841],[1.],[-0.4710839],[1.],"(array([0.]), array([0.]), array([0.]))","(array([0.]), array([0.]), array([0.]))","(array([0.]), array([0.]), array([0.]))","(array([0.]), array([0.]), array([0.]))","(array([0.]), array([0.]), array([0.]))","(array([0.]), array([0.]), array([0.]))","(array([0.]), array([0.]), array([0.]))","(array([0.]), array([0.]), array([0.]))","(array([0.]), array([0.]), array([0.]))","(array([0.]), array([0.]), array([0.]))","(array([0.]), array([0.]), array([0.]))"
(0.4999955546396212+0j),[0.84777408],[1.],[-0.53035753],[1.],"(array([0.]), array([0.]), array([0.]))","(array([0.]), array([0.]), array([0.]))","(array([0.]), array([0.]), array([0.]))","(array([0.]), array([0.]), array([0.]))","(array([0.]), array([0.]), array([0.]))","(array([0.]), array([0.]), array([0.]))","(array([0.]), array([0.]), array([0.]))","(array([0.]), array([0.]), array([0.]))","(array([0.]), array([0.]), array([0.]))","(array([0.]), array([0.]), array([0.]))","(array([0.]), array([0.]), array([0.]))"
(0.4999955334253199+0j),[0.79377126],[1.],[-0.6082164],[1.],"(array([0.]), array([0.]), array([0.]))","(array([0.]), array([0.]), array([0.]))","(array([0.]), array([0.]), array([0.]))","(array([0.]), array([0.]), array([0.]))","(array([0.]), array([0.]), array([0.]))","(array([0.]), array([0.]), array([0.]))","(array([0.]), array([0.]), array([0.]))","(array([0.]), array([0.]), array([0.]))","(array([0.]), array([0.]), array([0.]))","(array([0.]), array([0.]), array([0.]))","(array([0.]), array([0.]), array([0.]))"
(0.4999955090966642+0j),[0.82513796],[1.],[-0.56493128],[1.],"(array([0.]), array([0.]), array([0.]))","(array([0.]), array([0.]), array([0.]))","(array([0.]), array([0.]), array([0.]))","(array([0.]), array([0.]), array([0.]))","(array([0.]), array([0.]), array([0.]))","(array([0.]), array([0.]), array([0.]))","(array([0.]), array([0.]), array([0.]))","(array([0.]), array([0.]), array([0.]))","(array([0.]), array([0.]), array([0.]))","(array([0.]), array([0.]), array([0.]))","(array([0.]), array([0.]), array([0.]))"
(0.499995486499413+0j),[0.66893922],[1.],[-0.7433171],[1.],"(array([0.]), array([0.]), array([0.]))","(array([0.]), array([0.]), array([0.]))","(array([0.]), array([0.]), array([0.]))","(array([0.]), array([0.]), array([0.]))","(array([0.]), array([0.]), array([0.]))","(array([0.]), array([0.]), array([0.]))","(array([0.]), array([0.]), array([0.]))","(array([0.]), array([0.]), array([0.]))","(array([0.]), array([0.]), array([0.]))","(array([0.]), array([0.]), array([0.]))","(array([0.]), array([0.]), array([0.]))"
(0.4999954567667289+0j),[0.71909228],[1.],[-0.6949146],[1.],"(array([0.]), array([0.]), array([0.]))","(array([0.]), array([0.]), array([0.]))","(array([0.]), array([0.]), array([0.]))","(array([0.]), array([0.]), array([0.]))","(array([0.]), array([0.]), array([0.]))","(array([0.]), array([0.]), array([0.]))","(array([0.]), array([0.]), array([0.]))","(array([0.]), array([0.]), array([0.]))","(array([0.]), array([0.]), array([0.]))","(array([0.]), array([0.]), array([0.]))","(array([0.]), array([0.]), array([0.]))"
(0.49999542897014504+0j),[0.88891248],[1.],[-0.45807706],[1.],"(array([0.]), array([0.]), array([0.]))","(array([0.]), array([0.]), array([0.]))","(array([0.]), array([0.]), array([0.]))","(array([0.]), array([0.]), array([0.]))","(array([0.]), array([0.]), array([0.]))","(array([0.]), array([0.]), array([0.]))","(array([0.]), array([0.]), array([0.]))","(array([0.]), array([0.]), array([0.]))","(array([0.]), array([0.]), array([0.]))","(array([0.]), array([0.]), array([0.]))","(array([0.]), array([0.]), array([0.]))"
(0.49999541064706277+0j),[0.7986261],[1.],[-0.60182752],[1.],"(array([0.]), array([0.]), array([0.]))","(array([0.]), array([0.]), array([0.]))","(array([0.]), array([0.]), array([0.]))","(array([0.]), array([0.]), array([0.]))","(array([0.]), array([0.]), array([0.]))","(array([0.]), array([0.]), array([0.]))","(array([0.]), array([0.]), array([0.]))","(array([0.]), array([0.]), array([0.]))","(array([0.]), array([0.]), array([0.]))","(array([0.]), array([0.]), array([0.]))","(array([0.]), array([0.]), array([0.]))"
(0.4999953865739621+0j),[0.52683137],[1.],[-0.84996983],[1.],"(array([0.]), array([0.]), array([0.]))","(array([0.]), array([0.]), array([0.]))","(array([0.]), array([0.]), array([0.]))","(array([0.]), array([0.]), array([0.]))","(array([0.]), array([0.]), array([0.]))","(array([0.]), array([0.]), array([0.]))","(array([0.]), array([0.]), array([0.]))","(array([0.]), array([0.]), array([0.]))","(array([0.]), array([0.]), array([0.]))","(array([0.]), array([0.]), array([0.]))","(array([0.]), array([0.]), array([0.]))"
(0.4999953525751689+0j),[0.67936617],[1.],[-0.73379943],[1.],"(array([0.]), array([0.]), array([0.]))","(array([0.]), array([0.]), array([0.]))","(array([0.]), array([0.]), array([0.]))","(array([0.]), array([0.]), array([0.]))","(array([0.]), array([0.]), array([0.]))","(array([0.]), array([0.]), array([0.]))","(array([0.]), array([0.]), array([0.]))","(array([0.]), array([0.]), array([0.]))","(array([0.]), array([0.]), array([0.]))","(array([0.]), array([0.]), array([0.]))","(array([0.]), array([0.]), array([0.]))"
(0.4999953232231921+0j),[0.69414018],[1.],[-0.71983985],[1.],"(array([0.]), array([0.]), array([0.]))","(array([0.]), array([0.]), array([0.]))","(array([0.]), array([0.]), array([0.]))","(array([0.]), array([0.]), array([0.]))","(array([0.]), array([0.]), array([0.]))","(array([0.]), array([0.]), array([0.]))","(array([0.]), array([0.]), array([0.]))","(array([0.]), array([0.]), array([0.]))","(array([0.]), array([0.]), array([0.]))","(array([0.]), array([0.]), array([0.]))","(array([0.]), array([0.]), array([0.]))"
(0.49999529442959795+0j),[0.78600072],[1.],[-0.61822558],[1.],"(array([0.]), array([0.]), array([0.]))","(array([0.]), array([0.]), array([0.]))","(array([0.]), array([0.]), array([0.]))","(array([0.]), array([0.]), array([0.]))","(array([0.]), array([0.]), array([0.]))","(array([0.]), array([0.]), array([0.]))","(array([0.]), array([0.]), array([0.]))","(array([0.]), array([0.]), array([0.]))","(array([0.]), array([0.]), array([0.]))","(array([0.]), array([0.]), array([0.]))","(array([0.]), array([0.]), array([0.]))"
(0.49999526970057445+0j),[0.83073671],[1.],[-0.55666554],[1.],"(array([0.]), array([0.]), array([0.]))","(array([0.]), array([0.]), array([0.]))","(array([0.]), array([0.]), array([0.]))","(array([0.]), array([0.]), array([0.]))","(array([0.]), array([0.]), array([0.]))","(array([0.]), array([0.]), array([0.]))","(array([0.]), array([0.]), array([0.]))","(array([0.]), array([0.]), array([0.]))","(array([0.]), array([0.]), array([0.]))","(array([0.]), array([0.]), array([0.]))","(array([0.]), array([0.]), array([0.]))"
(0.49999524743395296+0j),[0.82556981],[1.],[-0.5643],[1.],"(array([0.]), array([0.]), array([0.]))","(array([0.]), array([0.]), array([0.]))","(array([0.]), array([0.]), array([0.]))","(array([0.]), array([0.]), array([0.]))","(array([0.]), array([0.]), array([0.]))","(array([0.]), array([0.]), array([0.]))","(array([0.]), array([0.]), array([0.]))","(array([0.]), array([0.]), array([0.]))","(array([0.]), array([0.]), array([0.]))","(array([0.]), array([0.]), array([0.]))","(array([0.]), array([0.]), array([0.]))"
(0.4999952248619528+0j),[0.9389525],[1.],[-0.3440468],[1.],"(array([0.]), array([0.]), array([0.]))","(array([0.]), array([0.]), array([0.]))","(array([0.]), array([0.]), array([0.]))","(array([0.]), array([0.]), array([0.]))","(array([0.]), array([0.]), array([0.]))","(array([0.]), array([0.]), array([0.]))","(array([0.]), array([0.]), array([0.]))","(array([0.]), array([0.]), array([0.]))","(array([0.]), array([0.]), array([0.]))","(array([0.]), array([0.]), array([0.]))","(array([0.]), array([0.]), array([0.]))"
(0.49999521110008066+0j),[0.95660052],[1.],[-0.29140255],[1.],"(array([0.]), array([0.]), array([0.]))","(array([0.]), array([0.]), array([0.]))","(array([0.]), array([0.]), array([0.]))","(array([0.]), array([0.]), array([0.]))","(array([0.]), array([0.]), array([0.]))","(array([0.]), array([0.]), array([0.]))","(array([0.]), array([0.]), array([0.]))","(array([0.]), array([0.]), array([0.]))","(array([0.]), array([0.]), array([0.]))","(array([0.]), array([0.]), array([0.]))","(array([0.]), array([0.]), array([0.]))"
(0.49999519944397885+0j),[0.99999688],[1.],[-0.00249921],[1.],"(array([0.]), array([0.]), array([0.]))","(array([0.]), array([0.]), array([0.]))","(array([0.]), array([0.]), array([0.]))","(array([0.]), array([0.]), array([0.]))","(array([0.]), array([0.]), array([0.]))","(array([0.]), array([0.]), array([0.]))","(array([0.]), array([0.]), array([0.]))","(array([0.]), array([0.]), array([0.]))","(array([0.]), array([0.]), array([0.]))","(array([0.]), array([0.]), array([0.]))","(array([0.]), array([0.]), array([0.]))"
(0.4999951993440104+0j),[0.9938296],[1.],[0.11091762],[1.],"(array([0.]), array([0.]), array([0.]))","(array([0.]), array([0.]), array([0.]))","(array([0.]), array([0.]), array([0.]))","(array([0.]), array([0.]), array([0.]))","(array([0.]), array([0.]), array([0.]))","(array([0.]), array([0.]), array([0.]))","(array([0.]), array([0.]), array([0.]))","(array([0.]), array([0.]), array([0.]))","(array([0.]), array([0.]), array([0.]))","(array([0.]), array([0.]), array([0.]))","(array([0.]), array([0.]), array([0.]))"
(0.49999520378071455+0j),[0.93993372],[1.],[0.34135701],[1.],"(array([0.]), array([0.]), array([0.]))","(array([0.]), array([0.]), array([0.]))","(array([0.]), array([0.]), array([0.]))","(array([0.]), array([0.]), array([0.]))","(array([0.]), array([0.]), array([0.]))","(array([0.]), array([0.]), array([0.]))","(array([0.]), array([0.]), array([0.]))","(array([0.]), array([0.]), array([0.]))","(array([0.]), array([0.]), array([0.]))","(array([0.]), array([0.]), array([0.]))","(array([0.]), array([0.]), array([0.]))"
(0.4999952174349945+0j),[0.84716353],[1.],[0.53133225],[1.],"(array([0.]), array([0.]), array([0.]))","(array([0.]), array([0.]), array([0.]))","(array([0.]), array([0.]), array([0.]))","(array([0.]), array([0.]), array([0.]))","(array([0.]), array([0.]), array([0.]))","(array([0.]), array([0.]), array([0.]))","(array([0.]), array([0.]), array([0.]))","(array([0.]), array([0.]), array([0.]))","(array([0.]), array([0.]), array([0.]))","(array([0.]), array([0.]), array([0.]))","(array([0.]), array([0.]), array([0.]))"
(0.4999952386882842+0j),[0.61835026],[1.],[0.78590263],[1.],"(array([0.]), array([0.]), array([0.]))","(array([0.]), array([0.]), array([0.]))","(array([0.]), array([0.]), array([0.]))","(array([0.]), array([0.]), array([0.]))","(array([0.]), array([0.]), array([0.]))","(array([0.]), array([0.]), array([0.]))","(array([0.]), array([0.]), array([0.]))","(array([0.]), array([0.]), array([0.]))","(array([0.]), array([0.]), array([0.]))","(array([0.]), array([0.]), array([0.]))","(array([0.]), array([0.]), array([0.]))"
(0.49999527012438943+0j),[0.78981832],[1.],[0.61334087],[1.],"(array([0.]), array([0.]), array([0.]))","(array([0.]), array([0.]), array([0.]))","(array([0.]), array([0.]), array([0.]))","(array([0.]), array([0.]), array([0.]))","(array([0.]), array([0.]), array([0.]))","(array([0.]), array([0.]), array([0.]))","(array([0.]), array([0.]), array([0.]))","(array([0.]), array([0.]), array([0.]))","(array([0.]), array([0.]), array([0.]))","(array([0.]), array([0.]), array([0.]))","(array([0.]), array([0.]), array([0.]))"
(0.49999529465802456+0j),[0.84806589],[1.],[0.52989079],[1.],"(array([0.]), array([0.]), array([0.]))","(array([0.]), array([0.]), array([0.]))","(array([0.]), array([0.]), array([0.]))","(array([0.]), array([0.]), array([0.]))","(array([0.]), array([0.]), array([0.]))","(array([0.]), array([0.]), array([0.]))","(array([0.]), array([0.]), array([0.]))","(array([0.]), array([0.]), array([0.]))","(array([0.]), array([0.]), array([0.]))","(array([0.]), array([0.]), array([0.]))","(array([0.]), array([0.]), array([0.]))"
(0.499995315853656+0j),[0.58820036],[1.],[0.80871524],[1.],"(array([0.]), array([0.]), array([0.]))","(array([0.]), array([0.]), array([0.]))","(array([0.]), array([0.]), array([0.]))","(array([0.]), array([0.]), array([0.]))","(array([0.]), array([0.]), array([0.]))","(array([0.]), array([0.]), array([0.]))","(array([0.]), array([0.]), array([0.]))","(array([0.]), array([0.]), array([0.]))","(array([0.]), array([0.]), array([0.]))","(array([0.]), array([0.]), array([0.]))","(array([0.]), array([0.]), array([0.]))"
(0.49999534820226554+0j),[0.48771132],[1.],[0.87300497],[1.],"(array([0.]), array([0.]), array([0.]))","(array([0.]), array([0.]), array([0.]))","(array([0.]), array([0.]), array([0.]))","(array([0.]), array([0.]), array([0.]))","(array([0.]), array([0.]), array([0.]))","(array([0.]), array([0.]), array([0.]))","(array([0.]), array([0.]), array([0.]))","(array([0.]), array([0.]), array([0.]))","(array([0.]), array([0.]), array([0.]))","(array([0.]), array([0.]), array([0.]))","(array([0.]), array([0.]), array([0.]))"
(0.49999538312246394+0j),[0.36662469],[1.],[0.93036892],[1.],"(array([0.]), array([0.]), array([0.]))","(array([0.]), array([0.]), array([0.]))","(array([0.]), array([0.]), array([0.]))","(array([0.]), array([0.]), array([0.]))","(array([0.]), array([0.]), array([0.]))","(array([0.]), array([0.]), array([0.]))","(array([0.]), array([0.]), array([0.]))","(array([0.]), array([0.]), array([0.]))","(array([0.]), array([0.]), array([0.]))","(array([0.]), array([0.]), array([0.]))","(array([0.]), array([0.]), array([0.]))"
(0.49999542033722083+0j),[0.23497191],[1.],[0.97200216],[1.],"(array([0.]), array([0.]), array([0.]))","(array([0.]), array([0.]), array([0.]))","(array([0.]), array([0.]), array([0.]))","(array([0.]), array([0.]), array([0.]))","(array([0.]), array([0.]), array([0.]))","(array([0.]), array([0.]), array([0.]))","(array([0.]), array([0.]), array([0.]))","(array([0.]), array([0.]), array([0.]))","(array([0.]), array([0.]), array([0.]))","(array([0.]), array([0.]), array([0.]))","(array([0.]), array([0.]), array([0.]))"
(0.49999545921730704+0j),[-0.05216335],[1.],[0.99863857],[1.],"(array([0.]), array([0.]), array([0.]))","(array([0.]), array([0.]), array([0.]))","(array([0.]), array([0.]), array([0.]))","(array([0.]), array([0.]), array([0.]))","(array([0.]), array([0.]), array([0.]))","(array([0.]), array([0.]), array([0.]))","(array([0.]), array([0.]), array([0.]))","(array([0.]), array([0.]), array([0.]))","(array([0.]), array([0.]), array([0.]))","(array([0.]), array([0.]), array([0.]))","(array([0.]), array([0.]), array([0.]))"
(0.4999954991628495+0j),[0.09852998],[1.],[0.99513408],[1.],"(array([0.]), array([0.]), array([0.]))","(array([0.]), array([0.]), array([0.]))","(array([0.]), array([0.]), array([0.]))","(array([0.]), array([0.]), array([0.]))","(array([0.]), array([0.]), array([0.]))","(array([0.]), array([0.]), array([0.]))","(array([0.]), array([0.]), array([0.]))","(array([0.]), array([0.]), array([0.]))","(array([0.]), array([0.]), array([0.]))","(array([0.]), array([0.]), array([0.]))","(array([0.]), array([0.]), array([0.]))"
(0.4999955389682125+0j),[0.01951611],[1.],[0.99980954],[1.],"(array([0.]), array([0.]), array([0.]))","(array([0.]), array([0.]), array([0.]))","(array([0.]), array([0.]), array([0.]))","(array([0.]), array([0.]), array([0.]))","(array([0.]), array([0.]), array([0.]))","(array([0.]), array([0.]), array([0.]))","(array([0.]), array([0.]), array([0.]))","(array([0.]), array([0.]), array([0.]))","(array([0.]), array([0.]), array([0.]))","(array([0.]), array([0.]), array([0.]))","(array([0.]), array([0.]), array([0.]))"
(0.49999557896059404+0j),[0.11290586],[1.],[0.99360569],[1.],"(array([0.]), array([0.]), array([0.]))","(array([0.]), array([0.]), array([0.]))","(array([0.]), array([0.]), array([0.]))","(array([0.]), array([0.]), array([0.]))","(array([0.]), array([0.]), array([0.]))","(array([0.]), array([0.]), array([0.]))","(array([0.]), array([0.]), array([0.]))","(array([0.]), array([0.]), array([0.]))","(array([0.]), array([0.]), array([0.]))","(array([0.]), array([0.]), array([0.]))","(array([0.]), array([0.]), array([0.]))"
(0.4999956187048209+0j),[0.21676386],[1.],[0.97622407],[1.],"(array([0.]), array([0.]), array([0.]))","(array([0.]), array([0.]), array([0.]))","(array([0.]), array([0.]), array([0.]))","(array([0.]), array([0.]), array([0.]))","(array([0.]), array([0.]), array([0.]))","(array([0.]), array([0.]), array([0.]))","(array([0.]), array([0.]), array([0.]))","(array([0.]), array([0.]), array([0.]))","(array([0.]), array([0.]), array([0.]))","(array([0.]), array([0.]), array([0.]))","(array([0.]), array([0.]), array([0.]))"
(0.499995657753784+0j),[0.47378809],[1.],[0.88063889],[1.],"(array([0.]), array([0.]), array([0.]))","(array([0.]), array([0.]), array([0.]))","(array([0.]), array([0.]), array([0.]))","(array([0.]), array([0.]), array([0.]))","(array([0.]), array([0.]), array([0.]))","(array([0.]), array([0.]), array([0.]))","(array([0.]), array([0.]), array([0.]))","(array([0.]), array([0.]), array([0.]))","(array([0.]), array([0.]), array([0.]))","(array([0.]), array([0.]), array([0.]))","(array([0.]), array([0.]), array([0.]))"
(0.4999956929793399+0j),[0.13024184],[1.],[0.99148226],[1.],"(array([0.]), array([0.]), array([0.]))","(array([0.]), array([0.]), array([0.]))","(array([0.]), array([0.]), array([0.]))","(array([0.]), array([0.]), array([0.]))","(array([0.]), array([0.]), array([0.]))","(array([0.]), array([0.]), array([0.]))","(array([0.]), array([0.]), array([0.]))","(array([0.]), array([0.]), array([0.]))","(array([0.]), array([0.]), array([0.]))","(array([0.]), array([0.]), array([0.]))","(array([0.]), array([0.]), array([0.]))"
(0.4999957326386304+0j),[0.46030019],[1.],[0.88776333],[1.],"(array([0.]), array([0.]), array([0.]))","(array([0.]), array([0.]), array([0.]))","(array([0.]), array([0.]), array([0.]))","(array([0.]), array([0.]), array([0.]))","(array([0.]), array([0.]), array([0.]))","(array([0.]), array([0.]), array([0.]))","(array([0.]), array([0.]), array([0.]))","(array([0.]), array([0.]), array([0.]))","(array([0.]), array([0.]), array([0.]))","(array([0.]), array([0.]), array([0.]))","(array([0.]), array([0.]), array([0.]))"
(0.4999957681491637+0j),[0.66843033],[1.],[0.74377476],[1.],"(array([0.]), array([0.]), array([0.]))","(array([0.]), array([0.]), array([0.]))","(array([0.]), array([0.]), array([0.]))","(array([0.]), array([0.]), array([0.]))","(array([0.]), array([0.]), array([0.]))","(array([0.]), array([0.]), array([0.]))","(array([0.]), array([0.]), array([0.]))","(array([0.]), array([0.]), array([0.]))","(array([0.]), array([0.]), array([0.]))","(array([0.]), array([0.]), array([0.]))","(array([0.]), array([0.]), array([0.]))"
(0.499995797900154+0j),[0.74910471],[1.],[0.66245161],[1.],"(array([0.]), array([0.]), array([0.]))","(array([0.]), array([0.]), array([0.]))","(array([0.]), array([0.]), array([0.]))","(array([0.]), array([0.]), array([0.]))","(array([0.]), array([0.]), array([0.]))","(array([0.]), array([0.]), array([0.]))","(array([0.]), array([0.]), array([0.]))","(array([0.]), array([0.]), array([0.]))","(array([0.]), array([0.]), array([0.]))","(array([0.]), array([0.]), array([0.]))","(array([0.]), array([0.]), array([0.]))"
(0.4999958243982183+0j),[0.96956016],[1.],[0.24485323],[1.],"(array([0.]), array([0.]), array([0.]))","(array([0.]), array([0.]), array([0.]))","(array([0.]), array([0.]), array([0.]))","(array([0.]), array([0.]), array([0.]))","(array([0.]), array([0.]), array([0.]))","(array([0.]), array([0.]), array([0.]))","(array([0.]), array([0.]), array([0.]))","(array([0.]), array([0.]), array([0.]))","(array([0.]), array([0.]), array([0.]))","(array([0.]), array([0.]), array([0.]))","(array([0.]), array([0.]), array([0.]))"
(0.49999583419234733+0j),[0.97878065],[1.],[0.20491082],[1.],"(array([0.]), array([0.]), array([0.]))","(array([0.]), array([0.]), array([0.]))","(array([0.]), array([0.]), array([0.]))","(array([0.]), array([0.]), array([0.]))","(array([0.]), array([0.]), array([0.]))","(array([0.]), array([0.]), array([0.]))","(array([0.]), array([0.]), array([0.]))","(array([0.]), array([0.]), array([0.]))","(array([0.]), array([0.]), array([0.]))","(array([0.]), array([0.]), array([0.]))","(array([0.]), array([0.]), array([0.]))"
(0.4999958423887802+0j),[0.9991149],[1.],[0.0420644],[1.],"(array([0.]), array([0.]), array([0.]))","(array([0.]), array([0.]), array([0.]))","(array([0.]), array([0.]), array([0.]))","(array([0.]), array([0.]), array([0.]))","(array([0.]), array([0.]), array([0.]))","(array([0.]), array([0.]), array([0.]))","(array([0.]), array([0.]), array([0.]))","(array([0.]), array([0.]), array([0.]))","(array([0.]), array([0.]), array([0.]))","(array([0.]), array([0.]), array([0.]))","(array([0.]), array([0.]), array([0.]))"
(0.4999958440713564+0j),[0.98204961],[1.],[0.18862282],[1.],"(array([0.]), array([0.]), array([0.]))","(array([0.]), array([0.]), array([0.]))","(array([0.]), array([0.]), array([0.]))","(array([0.]), array([0.]), array([0.]))","(array([0.]), array([0.]), array([0.]))","(array([0.]), array([0.]), array([0.]))","(array([0.]), array([0.]), array([0.]))","(array([0.]), array([0.]), array([0.]))","(array([0.]), array([0.]), array([0.]))","(array([0.]), array([0.]), array([0.]))","(array([0.]), array([0.]), array([0.]))"
(0.49999585161626936+0j),[0.99931143],[1.],[-0.03710336],[1.],"(array([0.]), array([0.]), array([0.]))","(array([0.]), array([0.]), array([0.]))","(array([0.]), array([0.]), array([0.]))","(array([0.]), array([0.]), array([0.]))","(array([0.]), array([0.]), array([0.]))","(array([0.]), array([0.]), array([0.]))","(array([0.]), array([0.]), array([0.]))","(array([0.]), array([0.]), array([0.]))","(array([0.]), array([0.]), array([0.]))","(array([0.]), array([0.]), array([0.]))","(array([0.]), array([0.]), array([0.]))"
(0.49999585013213477+0j),[0.99750342],[1.],[-0.07061824],[1.],"(array([0.]), array([0.]), array([0.]))","(array([0.]), array([0.]), array([0.]))","(array([0.]), array([0.]), array([0.]))","(array([0.]), array([0.]), array([0.]))","(array([0.]), array([0.]), array([0.]))","(array([0.]), array([0.]), array([0.]))","(array([0.]), array([0.]), array([0.]))","(array([0.]), array([0.]), array([0.]))","(array([0.]), array([0.]), array([0.]))","(array([0.]), array([0.]), array([0.]))","(array([0.]), array([0.]), array([0.]))"
(0.49999584730740526+0j),[0.99980865],[1.],[0.01956171],[1.],"(array([0.]), array([0.]), array([0.]))","(array([0.]), array([0.]), array([0.]))","(array([0.]), array([0.]), array([0.]))","(array([0.]), array([0.]), array([0.]))","(array([0.]), array([0.]), array([0.]))","(array([0.]), array([0.]), array([0.]))","(array([0.]), array([0.]), array([0.]))","(array([0.]), array([0.]), array([0.]))","(array([0.]), array([0.]), array([0.]))","(array([0.]), array([0.]), array([0.]))","(array([0.]), array([0.]), array([0.]))"
(0.49999584808987385+0j),[0.91956478],[1.],[-0.39293843],[1.],"(array([0.]), array([0.]), array([0.]))","(array([0.]), array([0.]), array([0.]))","(array([0.]), array([0.]), array([0.]))","(array([0.]), array([0.]), array([0.]))","(array([0.]), array([0.]), array([0.]))","(array([0.]), array([0.]), array([0.]))","(array([0.]), array([0.]), array([0.]))","(array([0.]), array([0.]), array([0.]))","(array([0.]), array([0.]), array([0.]))","(array([0.]), array([0.]), array([0.]))","(array([0.]), array([0.]), array([0.]))"
(0.499995832372336+0j),[0.94179538],[1.],[-0.33618666],[1.],"(array([0.]), array([0.]), array([0.]))","(array([0.]), array([0.]), array([0.]))","(array([0.]), array([0.]), array([0.]))","(array([0.]), array([0.]), array([0.]))","(array([0.]), array([0.]), array([0.]))","(array([0.]), array([0.]), array([0.]))","(array([0.]), array([0.]), array([0.]))","(array([0.]), array([0.]), array([0.]))","(array([0.]), array([0.]), array([0.]))","(array([0.]), array([0.]), array([0.]))","(array([0.]), array([0.]), array([0.]))"
(0.4999958189248695+0j),[0.94119808],[1.],[-0.33785524],[1.],"(array([0.]), array([0.]), array([0.]))","(array([0.]), array([0.]), array([0.]))","(array([0.]), array([0.]), array([0.]))","(array([0.]), array([0.]), array([0.]))","(array([0.]), array([0.]), array([0.]))","(array([0.]), array([0.]), array([0.]))","(array([0.]), array([0.]), array([0.]))","(array([0.]), array([0.]), array([0.]))","(array([0.]), array([0.]), array([0.]))","(array([0.]), array([0.]), array([0.]))","(array([0.]), array([0.]), array([0.]))"
(0.49999580541065997+0j),[0.95379252],[1.],[-0.30046603],[1.],"(array([0.]), array([0.]), array([0.]))","(array([0.]), array([0.]), array([0.]))","(array([0.]), array([0.]), array([0.]))","(array([0.]), array([0.]), array([0.]))","(array([0.]), array([0.]), array([0.]))","(array([0.]), array([0.]), array([0.]))","(array([0.]), array([0.]), array([0.]))","(array([0.]), array([0.]), array([0.]))","(array([0.]), array([0.]), array([0.]))","(array([0.]), array([0.]), array([0.]))","(array([0.]), array([0.]), array([0.]))"
(0.4999957933920192+0j),[0.9881582],[1.],[-0.15343849],[1.],"(array([0.]), array([0.]), array([0.]))","(array([0.]), array([0.]), array([0.]))","(array([0.]), array([0.]), array([0.]))","(array([0.]), array([0.]), array([0.]))","(array([0.]), array([0.]), array([0.]))","(array([0.]), array([0.]), array([0.]))","(array([0.]), array([0.]), array([0.]))","(array([0.]), array([0.]), array([0.]))","(array([0.]), array([0.]), array([0.]))","(array([0.]), array([0.]), array([0.]))","(array([0.]), array([0.]), array([0.]))"
(0.4999957872544794+0j),[0.96631242],[1.],[-0.25737192],[1.],"(array([0.]), array([0.]), array([0.]))","(array([0.]), array([0.]), array([0.]))","(array([0.]), array([0.]), array([0.]))","(array([0.]), array([0.]), array([0.]))","(array([0.]), array([0.]), array([0.]))","(array([0.]), array([0.]), array([0.]))","(array([0.]), array([0.]), array([0.]))","(array([0.]), array([0.]), array([0.]))","(array([0.]), array([0.]), array([0.]))","(array([0.]), array([0.]), array([0.]))","(array([0.]), array([0.]), array([0.]))"
(0.49999577695960234+0j),[0.91792278],[1.],[-0.39675909],[1.],"(array([0.]), array([0.]), array([0.]))","(array([0.]), array([0.]), array([0.]))","(array([0.]), array([0.]), array([0.]))","(array([0.]), array([0.]), array([0.]))","(array([0.]), array([0.]), array([0.]))","(array([0.]), array([0.]), array([0.]))","(array([0.]), array([0.]), array([0.]))","(array([0.]), array([0.]), array([0.]))","(array([0.]), array([0.]), array([0.]))","(array([0.]), array([0.]), array([0.]))","(array([0.]), array([0.]), array([0.]))"
(0.49999576108923893+0j),[0.88752172],[1.],[-0.46076588],[1.],"(array([0.]), array([0.]), array([0.]))","(array([0.]), array([0.]), array([0.]))","(array([0.]), array([0.]), array([0.]))","(array([0.]), array([0.]), array([0.]))","(array([0.]), array([0.]), array([0.]))","(array([0.]), array([0.]), array([0.]))","(array([0.]), array([0.]), array([0.]))","(array([0.]), array([0.]), array([0.]))","(array([0.]), array([0.]), array([0.]))","(array([0.]), array([0.]), array([0.]))","(array([0.]), array([0.]), array([0.]))"
(0.4999957426586043+0j),[0.99997727],[1.],[-0.00674224],[1.],"(array([0.]), array([0.]), array([0.]))","(array([0.]), array([0.]), array([0.]))","(array([0.]), array([0.]), array([0.]))","(array([0.]), array([0.]), array([0.]))","(array([0.]), array([0.]), array([0.]))","(array([0.]), array([0.]), array([0.]))","(array([0.]), array([0.]), array([0.]))","(array([0.]), array([0.]), array([0.]))","(array([0.]), array([0.]), array([0.]))","(array([0.]), array([0.]), array([0.]))","(array([0.]), array([0.]), array([0.]))"
(0.49999574238891453+0j),[0.97837526],[1.],[-0.20683774],[1.],"(array([0.]), array([0.]), array([0.]))","(array([0.]), array([0.]), array([0.]))","(array([0.]), array([0.]), array([0.]))","(array([0.]), array([0.]), array([0.]))","(array([0.]), array([0.]), array([0.]))","(array([0.]), array([0.]), array([0.]))","(array([0.]), array([0.]), array([0.]))","(array([0.]), array([0.]), array([0.]))","(array([0.]), array([0.]), array([0.]))","(array([0.]), array([0.]), array([0.]))","(array([0.]), array([0.]), array([0.]))"
(0.4999957341154048+0j),[0.99045261],[1.],[-0.13785363],[1.],"(array([0.]), array([0.]), array([0.]))","(array([0.]), array([0.]), array([0.]))","(array([0.]), array([0.]), array([0.]))","(array([0.]), array([0.]), array([0.]))","(array([0.]), array([0.]), array([0.]))","(array([0.]), array([0.]), array([0.]))","(array([0.]), array([0.]), array([0.]))","(array([0.]), array([0.]), array([0.]))","(array([0.]), array([0.]), array([0.]))","(array([0.]), array([0.]), array([0.]))","(array([0.]), array([0.]), array([0.]))"
(0.49999572860125957+0j),[0.99449564],[1.],[0.10477799],[1.],"(array([0.]), array([0.]), array([0.]))","(array([0.]), array([0.]), array([0.]))","(array([0.]), array([0.]), array([0.]))","(array([0.]), array([0.]), array([0.]))","(array([0.]), array([0.]), array([0.]))","(array([0.]), array([0.]), array([0.]))","(array([0.]), array([0.]), array([0.]))","(array([0.]), array([0.]), array([0.]))","(array([0.]), array([0.]), array([0.]))","(array([0.]), array([0.]), array([0.]))","(array([0.]), array([0.]), array([0.]))"
(0.49999573279237947+0j),[0.99987698],[1.],[-0.01568489],[1.],"(array([0.]), array([0.]), array([0.]))","(array([0.]), array([0.]), array([0.]))","(array([0.]), array([0.]), array([0.]))","(array([0.]), array([0.]), array([0.]))","(array([0.]), array([0.]), array([0.]))","(array([0.]), array([0.]), array([0.]))","(array([0.]), array([0.]), array([0.]))","(array([0.]), array([0.]), array([0.]))","(array([0.]), array([0.]), array([0.]))","(array([0.]), array([0.]), array([0.]))","(array([0.]), array([0.]), array([0.]))"
(0.4999957321649838+0j),[0.99178654],[1.],[-0.12790408],[1.],"(array([0.]), array([0.]), array([0.]))","(array([0.]), array([0.]), array([0.]))","(array([0.]), array([0.]), array([0.]))","(array([0.]), array([0.]), array([0.]))","(array([0.]), array([0.]), array([0.]))","(array([0.]), array([0.]), array([0.]))","(array([0.]), array([0.]), array([0.]))","(array([0.]), array([0.]), array([0.]))","(array([0.]), array([0.]), array([0.]))","(array([0.]), array([0.]), array([0.]))","(array([0.]), array([0.]), array([0.]))"
(0.4999957270488206+0j),[0.99677293],[1.],[0.08027286],[1.],"(array([0.]), array([0.]), array([0.]))","(array([0.]), array([0.]), array([0.]))","(array([0.]), array([0.]), array([0.]))","(array([0.]), array([0.]), array([0.]))","(array([0.]), array([0.]), array([0.]))","(array([0.]), array([0.]), array([0.]))","(array([0.]), array([0.]), array([0.]))","(array([0.]), array([0.]), array([0.]))","(array([0.]), array([0.]), array([0.]))","(array([0.]), array([0.]), array([0.]))","(array([0.]), array([0.]), array([0.]))"
(0.499995730259735+0j),[0.91546763],[1.],[-0.40239162],[1.],"(array([0.]), array([0.]), array([0.]))","(array([0.]), array([0.]), array([0.]))","(array([0.]), array([0.]), array([0.]))","(array([0.]), array([0.]), array([0.]))","(array([0.]), array([0.]), array([0.]))","(array([0.]), array([0.]), array([0.]))","(array([0.]), array([0.]), array([0.]))","(array([0.]), array([0.]), array([0.]))","(array([0.]), array([0.]), array([0.]))","(array([0.]), array([0.]), array([0.]))","(array([0.]), array([0.]), array([0.]))"
(0.49999571416407035+0j),[0.98520975],[1.],[-0.17135269],[1.],"(array([0.]), array([0.]), array([0.]))","(array([0.]), array([0.]), array([0.]))","(array([0.]), array([0.]), array([0.]))","(array([0.]), array([0.]), array([0.]))","(array([0.]), array([0.]), array([0.]))","(array([0.]), array([0.]), array([0.]))","(array([0.]), array([0.]), array([0.]))","(array([0.]), array([0.]), array([0.]))","(array([0.]), array([0.]), array([0.]))","(array([0.]), array([0.]), array([0.]))","(array([0.]), array([0.]), array([0.]))"
(0.4999957073099627+0j),[0.98483117],[1.],[0.17351534],[1.],"(array([0.]), array([0.]), array([0.]))","(array([0.]), array([0.]), array([0.]))","(array([0.]), array([0.]), array([0.]))","(array([0.]), array([0.]), array([0.]))","(array([0.]), array([0.]), array([0.]))","(array([0.]), array([0.]), array([0.]))","(array([0.]), array([0.]), array([0.]))","(array([0.]), array([0.]), array([0.]))","(array([0.]), array([0.]), array([0.]))","(array([0.]), array([0.]), array([0.]))","(array([0.]), array([0.]), array([0.]))"
(0.49999571425057593+0j),[0.91901083],[1.],[0.39423228],[1.],"(array([0.]), array([0.]), array([0.]))","(array([0.]), array([0.]), array([0.]))","(array([0.]), array([0.]), array([0.]))","(array([0.]), array([0.]), array([0.]))","(array([0.]), array([0.]), array([0.]))","(array([0.]), array([0.]), array([0.]))","(array([0.]), array([0.]), array([0.]))","(array([0.]), array([0.]), array([0.]))","(array([0.]), array([0.]), array([0.]))","(array([0.]), array([0.]), array([0.]))","(array([0.]), array([0.]), array([0.]))"
(0.49999573001986736+0j),[0.99267969],[1.],[0.12077678],[1.],"(array([0.]), array([0.]), array([0.]))","(array([0.]), array([0.]), array([0.]))","(array([0.]), array([0.]), array([0.]))","(array([0.]), array([0.]), array([0.]))","(array([0.]), array([0.]), array([0.]))","(array([0.]), array([0.]), array([0.]))","(array([0.]), array([0.]), array([0.]))","(array([0.]), array([0.]), array([0.]))","(array([0.]), array([0.]), array([0.]))","(array([0.]), array([0.]), array([0.]))","(array([0.]), array([0.]), array([0.]))"
(0.49999573485093857+0j),[0.98781876],[1.],[0.15560877],[1.],"(array([0.]), array([0.]), array([0.]))","(array([0.]), array([0.]), array([0.]))","(array([0.]), array([0.]), array([0.]))","(array([0.]), array([0.]), array([0.]))","(array([0.]), array([0.]), array([0.]))","(array([0.]), array([0.]), array([0.]))","(array([0.]), array([0.]), array([0.]))","(array([0.]), array([0.]), array([0.]))","(array([0.]), array([0.]), array([0.]))","(array([0.]), array([0.]), array([0.]))","(array([0.]), array([0.]), array([0.]))"
(0.49999574107528943+0j),[0.97351685],[1.],[0.22861526],[1.],"(array([0.]), array([0.]), array([0.]))","(array([0.]), array([0.]), array([0.]))","(array([0.]), array([0.]), array([0.]))","(array([0.]), array([0.]), array([0.]))","(array([0.]), array([0.]), array([0.]))","(array([0.]), array([0.]), array([0.]))","(array([0.]), array([0.]), array([0.]))","(array([0.]), array([0.]), array([0.]))","(array([0.]), array([0.]), array([0.]))","(array([0.]), array([0.]), array([0.]))","(array([0.]), array([0.]), array([0.]))"
(0.4999957502199005+0j),[0.97059966],[1.],[0.2406996],[1.],"(array([0.]), array([0.]), array([0.]))","(array([0.]), array([0.]), array([0.]))","(array([0.]), array([0.]), array([0.]))","(array([0.]), array([0.]), array([0.]))","(array([0.]), array([0.]), array([0.]))","(array([0.]), array([0.]), array([0.]))","(array([0.]), array([0.]), array([0.]))","(array([0.]), array([0.]), array([0.]))","(array([0.]), array([0.]), array([0.]))","(array([0.]), array([0.]), array([0.]))","(array([0.]), array([0.]), array([0.]))"
(0.4999957598478843+0j),[0.93504535],[1.],[0.35452813],[1.],"(array([0.]), array([0.]), array([0.]))","(array([0.]), array([0.]), array([0.]))","(array([0.]), array([0.]), array([0.]))","(array([0.]), array([0.]), array([0.]))","(array([0.]), array([0.]), array([0.]))","(array([0.]), array([0.]), array([0.]))","(array([0.]), array([0.]), array([0.]))","(array([0.]), array([0.]), array([0.]))","(array([0.]), array([0.]), array([0.]))","(array([0.]), array([0.]), array([0.]))","(array([0.]), array([0.]), array([0.]))"
(0.4999957740290091+0j),[0.87736095],[1.],[0.47983097],[1.],"(array([0.]), array([0.]), array([0.]))","(array([0.]), array([0.]), array([0.]))","(array([0.]), array([0.]), array([0.]))","(array([0.]), array([0.]), array([0.]))","(array([0.]), array([0.]), array([0.]))","(array([0.]), array([0.]), array([0.]))","(array([0.]), array([0.]), array([0.]))","(array([0.]), array([0.]), array([0.]))","(array([0.]), array([0.]), array([0.]))","(array([0.]), array([0.]), array([0.]))","(array([0.]), array([0.]), array([0.]))"
(0.4999957932222478+0j),[0.80878969],[1.],[0.58809799],[1.],"(array([0.]), array([0.]), array([0.]))","(array([0.]), array([0.]), array([0.]))","(array([0.]), array([0.]), array([0.]))","(array([0.]), array([0.]), array([0.]))","(array([0.]), array([0.]), array([0.]))","(array([0.]), array([0.]), array([0.]))","(array([0.]), array([0.]), array([0.]))","(array([0.]), array([0.]), array([0.]))","(array([0.]), array([0.]), array([0.]))","(array([0.]), array([0.]), array([0.]))","(array([0.]), array([0.]), array([0.]))"
(0.49999581674616694+0j),[0.88368739],[1.],[0.46807756],[1.],"(array([0.]), array([0.]), array([0.]))","(array([0.]), array([0.]), array([0.]))","(array([0.]), array([0.]), array([0.]))","(array([0.]), array([0.]), array([0.]))","(array([0.]), array([0.]), array([0.]))","(array([0.]), array([0.]), array([0.]))","(array([0.]), array([0.]), array([0.]))","(array([0.]), array([0.]), array([0.]))","(array([0.]), array([0.]), array([0.]))","(array([0.]), array([0.]), array([0.]))","(array([0.]), array([0.]), array([0.]))"
(0.49999583546926935+0j),[0.96021566],[1.],[0.27925952],[1.],"(array([0.]), array([0.]), array([0.]))","(array([0.]), array([0.]), array([0.]))","(array([0.]), array([0.]), array([0.]))","(array([0.]), array([0.]), array([0.]))","(array([0.]), array([0.]), array([0.]))","(array([0.]), array([0.]), array([0.]))","(array([0.]), array([0.]), array([0.]))","(array([0.]), array([0.]), array([0.]))","(array([0.]), array([0.]), array([0.]))","(array([0.]), array([0.]), array([0.]))","(array([0.]), array([0.]), array([0.]))"
(0.4999958466396502+0j),[0.88042368],[1.],[0.47418787],[1.],"(array([0.]), array([0.]), array([0.]))","(array([0.]), array([0.]), array([0.]))","(array([0.]), array([0.]), array([0.]))","(array([0.]), array([0.]), array([0.]))","(array([0.]), array([0.]), array([0.]))","(array([0.]), array([0.]), array([0.]))","(array([0.]), array([0.]), array([0.]))","(array([0.]), array([0.]), array([0.]))","(array([0.]), array([0.]), array([0.]))","(array([0.]), array([0.]), array([0.]))","(array([0.]), array([0.]), array([0.]))"
(0.4999958656071657+0j),[0.90209529],[1.],[0.4315369],[1.],"(array([0.]), array([0.]), array([0.]))","(array([0.]), array([0.]), array([0.]))","(array([0.]), array([0.]), array([0.]))","(array([0.]), array([0.]), array([0.]))","(array([0.]), array([0.]), array([0.]))","(array([0.]), array([0.]), array([0.]))","(array([0.]), array([0.]), array([0.]))","(array([0.]), array([0.]), array([0.]))","(array([0.]), array([0.]), array([0.]))","(array([0.]), array([0.]), array([0.]))","(array([0.]), array([0.]), array([0.]))"
(0.4999958828686418+0j),[0.95865627],[1.],[0.28456663],[1.],"(array([0.]), array([0.]), array([0.]))","(array([0.]), array([0.]), array([0.]))","(array([0.]), array([0.]), array([0.]))","(array([0.]), array([0.]), array([0.]))","(array([0.]), array([0.]), array([0.]))","(array([0.]), array([0.]), array([0.]))","(array([0.]), array([0.]), array([0.]))","(array([0.]), array([0.]), array([0.]))","(array([0.]), array([0.]), array([0.]))","(array([0.]), array([0.]), array([0.]))","(array([0.]), array([0.]), array([0.]))"
(0.4999958942513072+0j),[0.87522057],[1.],[0.48372405],[1.],"(array([0.]), array([0.]), array([0.]))","(array([0.]), array([0.]), array([0.]))","(array([0.]), array([0.]), array([0.]))","(array([0.]), array([0.]), array([0.]))","(array([0.]), array([0.]), array([0.]))","(array([0.]), array([0.]), array([0.]))","(array([0.]), array([0.]), array([0.]))","(array([0.]), array([0.]), array([0.]))","(array([0.]), array([0.]), array([0.]))","(array([0.]), array([0.]), array([0.]))","(array([0.]), array([0.]), array([0.]))"
(0.4999959136002694+0j),[0.82226426],[1.],[0.56910587],[1.],"(array([0.]), array([0.]), array([0.]))","(array([0.]), array([0.]), array([0.]))","(array([0.]), array([0.]), array([0.]))","(array([0.]), array([0.]), array([0.]))","(array([0.]), array([0.]), array([0.]))","(array([0.]), array([0.]), array([0.]))","(array([0.]), array([0.]), array([0.]))","(array([0.]), array([0.]), array([0.]))","(array([0.]), array([0.]), array([0.]))","(array([0.]), array([0.]), array([0.]))","(array([0.]), array([0.]), array([0.]))"
(0.49999593636450396+0j),[0.68730005],[1.],[0.72637363],[1.],"(array([0.]), array([0.]), array([0.]))","(array([0.]), array([0.]), array([0.]))","(array([0.]), array([0.]), array([0.]))","(array([0.]), array([0.]), array([0.]))","(array([0.]), array([0.]), array([0.]))","(array([0.]), array([0.]), array([0.]))","(array([0.]), array([0.]), array([0.]))","(array([0.]), array([0.]), array([0.]))","(array([0.]), array([0.]), array([0.]))","(array([0.]), array([0.]), array([0.]))","(array([0.]), array([0.]), array([0.]))"
(0.49999596541944896+0j),[0.47903913],[1.],[0.87779355],[1.],"(array([0.]), array([0.]), array([0.]))","(array([0.]), array([0.]), array([0.]))","(array([0.]), array([0.]), array([0.]))","(array([0.]), array([0.]), array([0.]))","(array([0.]), array([0.]), array([0.]))","(array([0.]), array([0.]), array([0.]))","(array([0.]), array([0.]), array([0.]))","(array([0.]), array([0.]), array([0.]))","(array([0.]), array([0.]), array([0.]))","(array([0.]), array([0.]), array([0.]))","(array([0.]), array([0.]), array([0.]))"
(0.4999960005311914+0j),[0.4968214],[1.],[0.86785281],[1.],"(array([0.]), array([0.]), array([0.]))","(array([0.]), array([0.]), array([0.]))","(array([0.]), array([0.]), array([0.]))","(array([0.]), array([0.]), array([0.]))","(array([0.]), array([0.]), array([0.]))","(array([0.]), array([0.]), array([0.]))","(array([0.]), array([0.]), array([0.]))","(array([0.]), array([0.]), array([0.]))","(array([0.]), array([0.]), array([0.]))","(array([0.]), array([0.]), array([0.]))","(array([0.]), array([0.]), array([0.]))"
(0.4999960352453039+0j),[0.36413684],[1.],[0.93134546],[1.],"(array([0.]), array([0.]), array([0.]))","(array([0.]), array([0.]), array([0.]))","(array([0.]), array([0.]), array([0.]))","(array([0.]), array([0.]), array([0.]))","(array([0.]), array([0.]), array([0.]))","(array([0.]), array([0.]), array([0.]))","(array([0.]), array([0.]), array([0.]))","(array([0.]), array([0.]), array([0.]))","(array([0.]), array([0.]), array([0.]))","(array([0.]), array([0.]), array([0.]))","(array([0.]), array([0.]), array([0.]))"
(0.49999607249912253+0j),[0.47848771],[1.],[0.87809425],[1.],"(array([0.]), array([0.]), array([0.]))","(array([0.]), array([0.]), array([0.]))","(array([0.]), array([0.]), array([0.]))","(array([0.]), array([0.]), array([0.]))","(array([0.]), array([0.]), array([0.]))","(array([0.]), array([0.]), array([0.]))","(array([0.]), array([0.]), array([0.]))","(array([0.]), array([0.]), array([0.]))","(array([0.]), array([0.]), array([0.]))","(array([0.]), array([0.]), array([0.]))","(array([0.]), array([0.]), array([0.]))"
(0.4999961076228924+0j),[0.47331241],[1.],[0.88089464],[1.],"(array([0.]), array([0.]), array([0.]))","(array([0.]), array([0.]), array([0.]))","(array([0.]), array([0.]), array([0.]))","(array([0.]), array([0.]), array([0.]))","(array([0.]), array([0.]), array([0.]))","(array([0.]), array([0.]), array([0.]))","(array([0.]), array([0.]), array([0.]))","(array([0.]), array([0.]), array([0.]))","(array([0.]), array([0.]), array([0.]))","(array([0.]), array([0.]), array([0.]))","(array([0.]), array([0.]), array([0.]))"
(0.4999961428586778+0j),[0.54431535],[1.],[0.83888068],[1.],"(array([0.]), array([0.]), array([0.]))","(array([0.]), array([0.]), array([0.]))","(array([0.]), array([0.]), array([0.]))","(array([0.]), array([0.]), array([0.]))","(array([0.]), array([0.]), array([0.]))","(array([0.]), array([0.]), array([0.]))","(array([0.]), array([0.]), array([0.]))","(array([0.]), array([0.]), array([0.]))","(array([0.]), array([0.]), array([0.]))","(array([0.]), array([0.]), array([0.]))","(array([0.]), array([0.]), array([0.]))"
(0.4999961764139059+0j),[0.49437543],[1.],[0.86924849],[1.],"(array([0.]), array([0.]), array([0.]))","(array([0.]), array([0.]), array([0.]))","(array([0.]), array([0.]), array([0.]))","(array([0.]), array([0.]), array([0.]))","(array([0.]), array([0.]), array([0.]))","(array([0.]), array([0.]), array([0.]))","(array([0.]), array([0.]), array([0.]))","(array([0.]), array([0.]), array([0.]))","(array([0.]), array([0.]), array([0.]))","(array([0.]), array([0.]), array([0.]))","(array([0.]), array([0.]), array([0.]))"
(0.4999962111838455+0j),[0.38029634],[1.],[0.92486469],[1.],"(array([0.]), array([0.]), array([0.]))","(array([0.]), array([0.]), array([0.]))","(array([0.]), array([0.]), array([0.]))","(array([0.]), array([0.]), array([0.]))","(array([0.]), array([0.]), array([0.]))","(array([0.]), array([0.]), array([0.]))","(array([0.]), array([0.]), array([0.]))","(array([0.]), array([0.]), array([0.]))","(array([0.]), array([0.]), array([0.]))","(array([0.]), array([0.]), array([0.]))","(array([0.]), array([0.]), array([0.]))"
(0.49999624817843347+0j),[0.36346265],[1.],[0.93160877],[1.],"(array([0.]), array([0.]), array([0.]))","(array([0.]), array([0.]), array([0.]))","(array([0.]), array([0.]), array([0.]))","(array([0.]), array([0.]), array([0.]))","(array([0.]), array([0.]), array([0.]))","(array([0.]), array([0.]), array([0.]))","(array([0.]), array([0.]), array([0.]))","(array([0.]), array([0.]), array([0.]))","(array([0.]), array([0.]), array([0.]))","(array([0.]), array([0.]), array([0.]))","(array([0.]), array([0.]), array([0.]))"
(0.4999962854427838+0j),[0.36253158],[1.],[0.93197149],[1.],"(array([0.]), array([0.]), array([0.]))","(array([0.]), array([0.]), array([0.]))","(array([0.]), array([0.]), array([0.]))","(array([0.]), array([0.]), array([0.]))","(array([0.]), array([0.]), array([0.]))","(array([0.]), array([0.]), array([0.]))","(array([0.]), array([0.]), array([0.]))","(array([0.]), array([0.]), array([0.]))","(array([0.]), array([0.]), array([0.]))","(array([0.]), array([0.]), array([0.]))","(array([0.]), array([0.]), array([0.]))"
(0.49999632272164307+0j),[0.22779421],[1.],[0.9737093],[1.],"(array([0.]), array([0.]), array([0.]))","(array([0.]), array([0.]), array([0.]))","(array([0.]), array([0.]), array([0.]))","(array([0.]), array([0.]), array([0.]))","(array([0.]), array([0.]), array([0.]))","(array([0.]), array([0.]), array([0.]))","(array([0.]), array([0.]), array([0.]))","(array([0.]), array([0.]), array([0.]))","(array([0.]), array([0.]), array([0.]))","(array([0.]), array([0.]), array([0.]))","(array([0.]), array([0.]), array([0.]))"
(0.49999636167001454+0j),[0.30994086],[1.],[0.95075584],[1.],"(array([0.]), array([0.]), array([0.]))","(array([0.]), array([0.]), array([0.]))","(array([0.]), array([0.]), array([0.]))","(array([0.]), array([0.]), array([0.]))","(array([0.]), array([0.]), array([0.]))","(array([0.]), array([0.]), array([0.]))","(array([0.]), array([0.]), array([0.]))","(array([0.]), array([0.]), array([0.]))","(array([0.]), array([0.]), array([0.]))","(array([0.]), array([0.]), array([0.]))","(array([0.]), array([0.]), array([0.]))"
(0.49999639970024795+0j),[0.44793095],[1.],[0.89406815],[1.],"(array([0.]), array([0.]), array([0.]))","(array([0.]), array([0.]), array([0.]))","(array([0.]), array([0.]), array([0.]))","(array([0.]), array([0.]), array([0.]))","(array([0.]), array([0.]), array([0.]))","(array([0.]), array([0.]), array([0.]))","(array([0.]), array([0.]), array([0.]))","(array([0.]), array([0.]), array([0.]))","(array([0.]), array([0.]), array([0.]))","(array([0.]), array([0.]), array([0.]))","(array([0.]), array([0.]), array([0.]))"
(0.4999964354629738+0j),[0.47596973],[1.],[0.87946166],[1.],"(array([0.]), array([0.]), array([0.]))","(array([0.]), array([0.]), array([0.]))","(array([0.]), array([0.]), array([0.]))","(array([0.]), array([0.]), array([0.]))","(array([0.]), array([0.]), array([0.]))","(array([0.]), array([0.]), array([0.]))","(array([0.]), array([0.]), array([0.]))","(array([0.]), array([0.]), array([0.]))","(array([0.]), array([0.]), array([0.]))","(array([0.]), array([0.]), array([0.]))","(array([0.]), array([0.]), array([0.]))"
(0.4999964706414403+0j),[0.74381791],[1.],[0.66838231],[1.],"(array([0.]), array([0.]), array([0.]))","(array([0.]), array([0.]), array([0.]))","(array([0.]), array([0.]), array([0.]))","(array([0.]), array([0.]), array([0.]))","(array([0.]), array([0.]), array([0.]))","(array([0.]), array([0.]), array([0.]))","(array([0.]), array([0.]), array([0.]))","(array([0.]), array([0.]), array([0.]))","(array([0.]), array([0.]), array([0.]))","(array([0.]), array([0.]), array([0.]))","(array([0.]), array([0.]), array([0.]))"
(0.49999649737673263+0j),[0.65357379],[1.],[0.7568628],[1.],"(array([0.]), array([0.]), array([0.]))","(array([0.]), array([0.]), array([0.]))","(array([0.]), array([0.]), array([0.]))","(array([0.]), array([0.]), array([0.]))","(array([0.]), array([0.]), array([0.]))","(array([0.]), array([0.]), array([0.]))","(array([0.]), array([0.]), array([0.]))","(array([0.]), array([0.]), array([0.]))","(array([0.]), array([0.]), array([0.]))","(array([0.]), array([0.]), array([0.]))","(array([0.]), array([0.]), array([0.]))"
(0.49999652765124497+0j),[0.72869606],[1.],[0.68483725],[1.],"(array([0.]), array([0.]), array([0.]))","(array([0.]), array([0.]), array([0.]))","(array([0.]), array([0.]), array([0.]))","(array([0.]), array([0.]), array([0.]))","(array([0.]), array([0.]), array([0.]))","(array([0.]), array([0.]), array([0.]))","(array([0.]), array([0.]), array([0.]))","(array([0.]), array([0.]), array([0.]))","(array([0.]), array([0.]), array([0.]))","(array([0.]), array([0.]), array([0.]))","(array([0.]), array([0.]), array([0.]))"
(0.4999965550447346+0j),[0.6703416],[1.],[0.74205265],[1.],"(array([0.]), array([0.]), array([0.]))","(array([0.]), array([0.]), array([0.]))","(array([0.]), array([0.]), array([0.]))","(array([0.]), array([0.]), array([0.]))","(array([0.]), array([0.]), array([0.]))","(array([0.]), array([0.]), array([0.]))","(array([0.]), array([0.]), array([0.]))","(array([0.]), array([0.]), array([0.]))","(array([0.]), array([0.]), array([0.]))","(array([0.]), array([0.]), array([0.]))","(array([0.]), array([0.]), array([0.]))"
(0.4999965847268402+0j),[0.70441239],[1.],[0.70979095],[1.],"(array([0.]), array([0.]), array([0.]))","(array([0.]), array([0.]), array([0.]))","(array([0.]), array([0.]), array([0.]))","(array([0.]), array([0.]), array([0.]))","(array([0.]), array([0.]), array([0.]))","(array([0.]), array([0.]), array([0.]))","(array([0.]), array([0.]), array([0.]))","(array([0.]), array([0.]), array([0.]))","(array([0.]), array([0.]), array([0.]))","(array([0.]), array([0.]), array([0.]))","(array([0.]), array([0.]), array([0.]))"
(0.49999661311847843+0j),[0.57745262],[1.],[0.8164242],[1.],"(array([0.]), array([0.]), array([0.]))","(array([0.]), array([0.]), array([0.]))","(array([0.]), array([0.]), array([0.]))","(array([0.]), array([0.]), array([0.]))","(array([0.]), array([0.]), array([0.]))","(array([0.]), array([0.]), array([0.]))","(array([0.]), array([0.]), array([0.]))","(array([0.]), array([0.]), array([0.]))","(array([0.]), array([0.]), array([0.]))","(array([0.]), array([0.]), array([0.]))","(array([0.]), array([0.]), array([0.]))"
(0.49999664577544634+0j),[0.74372783],[1.],[0.66848255],[1.],"(array([0.]), array([0.]), array([0.]))","(array([0.]), array([0.]), array([0.]))","(array([0.]), array([0.]), array([0.]))","(array([0.]), array([0.]), array([0.]))","(array([0.]), array([0.]), array([0.]))","(array([0.]), array([0.]), array([0.]))","(array([0.]), array([0.]), array([0.]))","(array([0.]), array([0.]), array([0.]))","(array([0.]), array([0.]), array([0.]))","(array([0.]), array([0.]), array([0.]))","(array([0.]), array([0.]), array([0.]))"
(0.49999667251474794+0j),[0.76679553],[1.],[0.64189143],[1.],"(array([0.]), array([0.]), array([0.]))","(array([0.]), array([0.]), array([0.]))","(array([0.]), array([0.]), array([0.]))","(array([0.]), array([0.]), array([0.]))","(array([0.]), array([0.]), array([0.]))","(array([0.]), array([0.]), array([0.]))","(array([0.]), array([0.]), array([0.]))","(array([0.]), array([0.]), array([0.]))","(array([0.]), array([0.]), array([0.]))","(array([0.]), array([0.]), array([0.]))","(array([0.]), array([0.]), array([0.]))"
(0.4999966981904053+0j),[0.89671144],[1.],[0.44261563],[1.],"(array([0.]), array([0.]), array([0.]))","(array([0.]), array([0.]), array([0.]))","(array([0.]), array([0.]), array([0.]))","(array([0.]), array([0.]), array([0.]))","(array([0.]), array([0.]), array([0.]))","(array([0.]), array([0.]), array([0.]))","(array([0.]), array([0.]), array([0.]))","(array([0.]), array([0.]), array([0.]))","(array([0.]), array([0.]), array([0.]))","(array([0.]), array([0.]), array([0.]))","(array([0.]), array([0.]), array([0.]))"
(0.49999671589503064+0j),[0.75723136],[1.],[0.65314674],[1.],"(array([0.]), array([0.]), array([0.]))","(array([0.]), array([0.]), array([0.]))","(array([0.]), array([0.]), array([0.]))","(array([0.]), array([0.]), array([0.]))","(array([0.]), array([0.]), array([0.]))","(array([0.]), array([0.]), array([0.]))","(array([0.]), array([0.]), array([0.]))","(array([0.]), array([0.]), array([0.]))","(array([0.]), array([0.]), array([0.]))","(array([0.]), array([0.]), array([0.]))","(array([0.]), array([0.]), array([0.]))"
(0.4999967420209005+0j),[0.68918283],[1.],[0.72458749],[1.],"(array([0.]), array([0.]), array([0.]))","(array([0.]), array([0.]), array([0.]))","(array([0.]), array([0.]), array([0.]))","(array([0.]), array([0.]), array([0.]))","(array([0.]), array([0.]), array([0.]))","(array([0.]), array([0.]), array([0.]))","(array([0.]), array([0.]), array([0.]))","(array([0.]), array([0.]), array([0.]))","(array([0.]), array([0.]), array([0.]))","(array([0.]), array([0.]), array([0.]))","(array([0.]), array([0.]), array([0.]))"
(0.4999967710043995+0j),[0.54956837],[1.],[0.83544874],[1.],"(array([0.]), array([0.]), array([0.]))","(array([0.]), array([0.]), array([0.]))","(array([0.]), array([0.]), array([0.]))","(array([0.]), array([0.]), array([0.]))","(array([0.]), array([0.]), array([0.]))","(array([0.]), array([0.]), array([0.]))","(array([0.]), array([0.]), array([0.]))","(array([0.]), array([0.]), array([0.]))","(array([0.]), array([0.]), array([0.]))","(array([0.]), array([0.]), array([0.]))","(array([0.]), array([0.]), array([0.]))"
(0.4999968044223493+0j),[0.45774671],[1.],[0.88908265],[1.],"(array([0.]), array([0.]), array([0.]))","(array([0.]), array([0.]), array([0.]))","(array([0.]), array([0.]), array([0.]))","(array([0.]), array([0.]), array([0.]))","(array([0.]), array([0.]), array([0.]))","(array([0.]), array([0.]), array([0.]))","(array([0.]), array([0.]), array([0.]))","(array([0.]), array([0.]), array([0.]))","(array([0.]), array([0.]), array([0.]))","(array([0.]), array([0.]), array([0.]))","(array([0.]), array([0.]), array([0.]))"
(0.4999968399856556+0j),[0.33059806],[1.],[0.94377165],[1.],"(array([0.]), array([0.]), array([0.]))","(array([0.]), array([0.]), array([0.]))","(array([0.]), array([0.]), array([0.]))","(array([0.]), array([0.]), array([0.]))","(array([0.]), array([0.]), array([0.]))","(array([0.]), array([0.]), array([0.]))","(array([0.]), array([0.]), array([0.]))","(array([0.]), array([0.]), array([0.]))","(array([0.]), array([0.]), array([0.]))","(array([0.]), array([0.]), array([0.]))","(array([0.]), array([0.]), array([0.]))"
(0.499996877736521+0j),[0.30775157],[1.],[0.95146675],[1.],"(array([0.]), array([0.]), array([0.]))","(array([0.]), array([0.]), array([0.]))","(array([0.]), array([0.]), array([0.]))","(array([0.]), array([0.]), array([0.]))","(array([0.]), array([0.]), array([0.]))","(array([0.]), array([0.]), array([0.]))","(array([0.]), array([0.]), array([0.]))","(array([0.]), array([0.]), array([0.]))","(array([0.]), array([0.]), array([0.]))","(array([0.]), array([0.]), array([0.]))","(array([0.]), array([0.]), array([0.]))"
(0.49999691579519095+0j),[0.30446773],[1.],[0.95252265],[1.],"(array([0.]), array([0.]), array([0.]))","(array([0.]), array([0.]), array([0.]))","(array([0.]), array([0.]), array([0.]))","(array([0.]), array([0.]), array([0.]))","(array([0.]), array([0.]), array([0.]))","(array([0.]), array([0.]), array([0.]))","(array([0.]), array([0.]), array([0.]))","(array([0.]), array([0.]), array([0.]))","(array([0.]), array([0.]), array([0.]))","(array([0.]), array([0.]), array([0.]))","(array([0.]), array([0.]), array([0.]))"
(0.49999695389609694+0j),[0.29664979],[1.],[0.95498634],[1.],"(array([0.]), array([0.]), array([0.]))","(array([0.]), array([0.]), array([0.]))","(array([0.]), array([0.]), array([0.]))","(array([0.]), array([0.]), array([0.]))","(array([0.]), array([0.]), array([0.]))","(array([0.]), array([0.]), array([0.]))","(array([0.]), array([0.]), array([0.]))","(array([0.]), array([0.]), array([0.]))","(array([0.]), array([0.]), array([0.]))","(array([0.]), array([0.]), array([0.]))","(array([0.]), array([0.]), array([0.]))"
(0.49999699209555015+0j),[0.18893533],[1.],[0.98198953],[1.],"(array([0.]), array([0.]), array([0.]))","(array([0.]), array([0.]), array([0.]))","(array([0.]), array([0.]), array([0.]))","(array([0.]), array([0.]), array([0.]))","(array([0.]), array([0.]), array([0.]))","(array([0.]), array([0.]), array([0.]))","(array([0.]), array([0.]), array([0.]))","(array([0.]), array([0.]), array([0.]))","(array([0.]), array([0.]), array([0.]))","(array([0.]), array([0.]), array([0.]))","(array([0.]), array([0.]), array([0.]))"
(0.4999970313751314+0j),[0.2256039],[1.],[0.97421911],[1.],"(array([0.]), array([0.]), array([0.]))","(array([0.]), array([0.]), array([0.]))","(array([0.]), array([0.]), array([0.]))","(array([0.]), array([0.]), array([0.]))","(array([0.]), array([0.]), array([0.]))","(array([0.]), array([0.]), array([0.]))","(array([0.]), array([0.]), array([0.]))","(array([0.]), array([0.]), array([0.]))","(array([0.]), array([0.]), array([0.]))","(array([0.]), array([0.]), array([0.]))","(array([0.]), array([0.]), array([0.]))"
(0.49999707034389596+0j),[0.39189088],[1.],[0.92001171],[1.],"(array([0.]), array([0.]), array([0.]))","(array([0.]), array([0.]), array([0.]))","(array([0.]), array([0.]), array([0.]))","(array([0.]), array([0.]), array([0.]))","(array([0.]), array([0.]), array([0.]))","(array([0.]), array([0.]), array([0.]))","(array([0.]), array([0.]), array([0.]))","(array([0.]), array([0.]), array([0.]))","(array([0.]), array([0.]), array([0.]))","(array([0.]), array([0.]), array([0.]))","(array([0.]), array([0.]), array([0.]))"
(0.49999710714436424+0j),[0.22040617],[1.],[0.97540818],[1.],"(array([0.]), array([0.]), array([0.]))","(array([0.]), array([0.]), array([0.]))","(array([0.]), array([0.]), array([0.]))","(array([0.]), array([0.]), array([0.]))","(array([0.]), array([0.]), array([0.]))","(array([0.]), array([0.]), array([0.]))","(array([0.]), array([0.]), array([0.]))","(array([0.]), array([0.]), array([0.]))","(array([0.]), array([0.]), array([0.]))","(array([0.]), array([0.]), array([0.]))","(array([0.]), array([0.]), array([0.]))"
(0.4999971461606915+0j),[0.22057952],[1.],[0.975369],[1.],"(array([0.]), array([0.]), array([0.]))","(array([0.]), array([0.]), array([0.]))","(array([0.]), array([0.]), array([0.]))","(array([0.]), array([0.]), array([0.]))","(array([0.]), array([0.]), array([0.]))","(array([0.]), array([0.]), array([0.]))","(array([0.]), array([0.]), array([0.]))","(array([0.]), array([0.]), array([0.]))","(array([0.]), array([0.]), array([0.]))","(array([0.]), array([0.]), array([0.]))","(array([0.]), array([0.]), array([0.]))"
(0.4999971851754511+0j),[0.20610655],[1.],[0.97852955],[1.],"(array([0.]), array([0.]), array([0.]))","(array([0.]), array([0.]), array([0.]))","(array([0.]), array([0.]), array([0.]))","(array([0.]), array([0.]), array([0.]))","(array([0.]), array([0.]), array([0.]))","(array([0.]), array([0.]), array([0.]))","(array([0.]), array([0.]), array([0.]))","(array([0.]), array([0.]), array([0.]))","(array([0.]), array([0.]), array([0.]))","(array([0.]), array([0.]), array([0.]))","(array([0.]), array([0.]), array([0.]))"
(0.4999972243166333+0j),[0.29672879],[1.],[0.95496179],[1.],"(array([0.]), array([0.]), array([0.]))","(array([0.]), array([0.]), array([0.]))","(array([0.]), array([0.]), array([0.]))","(array([0.]), array([0.]), array([0.]))","(array([0.]), array([0.]), array([0.]))","(array([0.]), array([0.]), array([0.]))","(array([0.]), array([0.]), array([0.]))","(array([0.]), array([0.]), array([0.]))","(array([0.]), array([0.]), array([0.]))","(array([0.]), array([0.]), array([0.]))","(array([0.]), array([0.]), array([0.]))"
(0.499997262515105+0j),[0.28450842],[1.],[0.95867354],[1.],"(array([0.]), array([0.]), array([0.]))","(array([0.]), array([0.]), array([0.]))","(array([0.]), array([0.]), array([0.]))","(array([0.]), array([0.]), array([0.]))","(array([0.]), array([0.]), array([0.]))","(array([0.]), array([0.]), array([0.]))","(array([0.]), array([0.]), array([0.]))","(array([0.]), array([0.]), array([0.]))","(array([0.]), array([0.]), array([0.]))","(array([0.]), array([0.]), array([0.]))","(array([0.]), array([0.]), array([0.]))"
(0.4999973008620469+0j),[0.28150354],[1.],[0.95956019],[1.],"(array([0.]), array([0.]), array([0.]))","(array([0.]), array([0.]), array([0.]))","(array([0.]), array([0.]), array([0.]))","(array([0.]), array([0.]), array([0.]))","(array([0.]), array([0.]), array([0.]))","(array([0.]), array([0.]), array([0.]))","(array([0.]), array([0.]), array([0.]))","(array([0.]), array([0.]), array([0.]))","(array([0.]), array([0.]), array([0.]))","(array([0.]), array([0.]), array([0.]))","(array([0.]), array([0.]), array([0.]))"
(0.4999973392444545+0j),[0.08703125],[1.],[0.99620558],[1.],"(array([0.]), array([0.]), array([0.]))","(array([0.]), array([0.]), array([0.]))","(array([0.]), array([0.]), array([0.]))","(array([0.]), array([0.]), array([0.]))","(array([0.]), array([0.]), array([0.]))","(array([0.]), array([0.]), array([0.]))","(array([0.]), array([0.]), array([0.]))","(array([0.]), array([0.]), array([0.]))","(array([0.]), array([0.]), array([0.]))","(array([0.]), array([0.]), array([0.]))","(array([0.]), array([0.]), array([0.]))"
(0.4999973790926777+0j),[0.09135472],[1.],[0.99581842],[1.],"(array([0.]), array([0.]), array([0.]))","(array([0.]), array([0.]), array([0.]))","(array([0.]), array([0.]), array([0.]))","(array([0.]), array([0.]), array([0.]))","(array([0.]), array([0.]), array([0.]))","(array([0.]), array([0.]), array([0.]))","(array([0.]), array([0.]), array([0.]))","(array([0.]), array([0.]), array([0.]))","(array([0.]), array([0.]), array([0.]))","(array([0.]), array([0.]), array([0.]))","(array([0.]), array([0.]), array([0.]))"
(0.4999974189254142+0j),[-0.09276109],[1.],[0.9956884],[1.],"(array([0.]), array([0.]), array([0.]))","(array([0.]), array([0.]), array([0.]))","(array([0.]), array([0.]), array([0.]))","(array([0.]), array([0.]), array([0.]))","(array([0.]), array([0.]), array([0.]))","(array([0.]), array([0.]), array([0.]))","(array([0.]), array([0.]), array([0.]))","(array([0.]), array([0.]), array([0.]))","(array([0.]), array([0.]), array([0.]))","(array([0.]), array([0.]), array([0.]))","(array([0.]), array([0.]), array([0.]))"
(0.49999745875294993+0j),[0.01024604],[1.],[0.99994751],[1.],"(array([0.]), array([0.]), array([0.]))","(array([0.]), array([0.]), array([0.]))","(array([0.]), array([0.]), array([0.]))","(array([0.]), array([0.]), array([0.]))","(array([0.]), array([0.]), array([0.]))","(array([0.]), array([0.]), array([0.]))","(array([0.]), array([0.]), array([0.]))","(array([0.]), array([0.]), array([0.]))","(array([0.]), array([0.]), array([0.]))","(array([0.]), array([0.]), array([0.]))","(array([0.]), array([0.]), array([0.]))"
(0.49999749875085064+0j),[-0.01039738],[1.],[0.99994595],[1.],"(array([0.]), array([0.]), array([0.]))","(array([0.]), array([0.]), array([0.]))","(array([0.]), array([0.]), array([0.]))","(array([0.]), array([0.]), array([0.]))","(array([0.]), array([0.]), array([0.]))","(array([0.]), array([0.]), array([0.]))","(array([0.]), array([0.]), array([0.]))","(array([0.]), array([0.]), array([0.]))","(array([0.]), array([0.]), array([0.]))","(array([0.]), array([0.]), array([0.]))","(array([0.]), array([0.]), array([0.]))"
(0.49999753874868863+0j),[-0.00242588],[1.],[0.99999706],[1.],"(array([0.]), array([0.]), array([0.]))","(array([0.]), array([0.]), array([0.]))","(array([0.]), array([0.]), array([0.]))","(array([0.]), array([0.]), array([0.]))","(array([0.]), array([0.]), array([0.]))","(array([0.]), array([0.]), array([0.]))","(array([0.]), array([0.]), array([0.]))","(array([0.]), array([0.]), array([0.]))","(array([0.]), array([0.]), array([0.]))","(array([0.]), array([0.]), array([0.]))","(array([0.]), array([0.]), array([0.]))"
(0.4999975787485713+0j),[-0.17968277],[1.],[0.98372461],[1.],"(array([0.]), array([0.]), array([0.]))","(array([0.]), array([0.]), array([0.]))","(array([0.]), array([0.]), array([0.]))","(array([0.]), array([0.]), array([0.]))","(array([0.]), array([0.]), array([0.]))","(array([0.]), array([0.]), array([0.]))","(array([0.]), array([0.]), array([0.]))","(array([0.]), array([0.]), array([0.]))","(array([0.]), array([0.]), array([0.]))","(array([0.]), array([0.]), array([0.]))","(array([0.]), array([0.]), array([0.]))"
(0.4999976180975556+0j),[-0.01991113],[1.],[0.99980175],[1.],"(array([0.]), array([0.]), array([0.]))","(array([0.]), array([0.]), array([0.]))","(array([0.]), array([0.]), array([0.]))","(array([0.]), array([0.]), array([0.]))","(array([0.]), array([0.]), array([0.]))","(array([0.]), array([0.]), array([0.]))","(array([0.]), array([0.]), array([0.]))","(array([0.]), array([0.]), array([0.]))","(array([0.]), array([0.]), array([0.]))","(array([0.]), array([0.]), array([0.]))","(array([0.]), array([0.]), array([0.]))"
(0.49999765808962565+0j),[0.11827284],[1.],[0.99298113],[1.],"(array([0.]), array([0.]), array([0.]))","(array([0.]), array([0.]), array([0.]))","(array([0.]), array([0.]), array([0.]))","(array([0.]), array([0.]), array([0.]))","(array([0.]), array([0.]), array([0.]))","(array([0.]), array([0.]), array([0.]))","(array([0.]), array([0.]), array([0.]))","(array([0.]), array([0.]), array([0.]))","(array([0.]), array([0.]), array([0.]))","(array([0.]), array([0.]), array([0.]))","(array([0.]), array([0.]), array([0.]))"
(0.4999976978088714+0j),[0.28677154],[1.],[0.957999],[1.],"(array([0.]), array([0.]), array([0.]))","(array([0.]), array([0.]), array([0.]))","(array([0.]), array([0.]), array([0.]))","(array([0.]), array([0.]), array([0.]))","(array([0.]), array([0.]), array([0.]))","(array([0.]), array([0.]), array([0.]))","(array([0.]), array([0.]), array([0.]))","(array([0.]), array([0.]), array([0.]))","(array([0.]), array([0.]), array([0.]))","(array([0.]), array([0.]), array([0.]))","(array([0.]), array([0.]), array([0.]))"
(0.4999977361288313+0j),[0.67157493],[1.],[0.74093665],[1.],"(array([0.]), array([0.]), array([0.]))","(array([0.]), array([0.]), array([0.]))","(array([0.]), array([0.]), array([0.]))","(array([0.]), array([0.]), array([0.]))","(array([0.]), array([0.]), array([0.]))","(array([0.]), array([0.]), array([0.]))","(array([0.]), array([0.]), array([0.]))","(array([0.]), array([0.]), array([0.]))","(array([0.]), array([0.]), array([0.]))","(array([0.]), array([0.]), array([0.]))","(array([0.]), array([0.]), array([0.]))"
(0.4999977657662968+0j),[0.66375532],[1.],[0.74794978],[1.],"(array([0.]), array([0.]), array([0.]))","(array([0.]), array([0.]), array([0.]))","(array([0.]), array([0.]), array([0.]))","(array([0.]), array([0.]), array([0.]))","(array([0.]), array([0.]), array([0.]))","(array([0.]), array([0.]), array([0.]))","(array([0.]), array([0.]), array([0.]))","(array([0.]), array([0.]), array([0.]))","(array([0.]), array([0.]), array([0.]))","(array([0.]), array([0.]), array([0.]))","(array([0.]), array([0.]), array([0.]))"
(0.49999779568428804+0j),[0.82290725],[1.],[0.56817573],[1.],"(array([0.]), array([0.]), array([0.]))","(array([0.]), array([0.]), array([0.]))","(array([0.]), array([0.]), array([0.]))","(array([0.]), array([0.]), array([0.]))","(array([0.]), array([0.]), array([0.]))","(array([0.]), array([0.]), array([0.]))","(array([0.]), array([0.]), array([0.]))","(array([0.]), array([0.]), array([0.]))","(array([0.]), array([0.]), array([0.]))","(array([0.]), array([0.]), array([0.]))","(array([0.]), array([0.]), array([0.]))"
(0.49999781841131724+0j),[0.80858515],[1.],[0.58837918],[1.],"(array([0.]), array([0.]), array([0.]))","(array([0.]), array([0.]), array([0.]))","(array([0.]), array([0.]), array([0.]))","(array([0.]), array([0.]), array([0.]))","(array([0.]), array([0.]), array([0.]))","(array([0.]), array([0.]), array([0.]))","(array([0.]), array([0.]), array([0.]))","(array([0.]), array([0.]), array([0.]))","(array([0.]), array([0.]), array([0.]))","(array([0.]), array([0.]), array([0.]))","(array([0.]), array([0.]), array([0.]))"
(0.49999784194648494+0j),[0.85240146],[1.],[0.5228879],[1.],"(array([0.]), array([0.]), array([0.]))","(array([0.]), array([0.]), array([0.]))","(array([0.]), array([0.]), array([0.]))","(array([0.]), array([0.]), array([0.]))","(array([0.]), array([0.]), array([0.]))","(array([0.]), array([0.]), array([0.]))","(array([0.]), array([0.]), array([0.]))","(array([0.]), array([0.]), array([0.]))","(array([0.]), array([0.]), array([0.]))","(array([0.]), array([0.]), array([0.]))","(array([0.]), array([0.]), array([0.]))"
(0.49999786286200093+0j),[0.88829916],[1.],[0.45926528],[1.],"(array([0.]), array([0.]), array([0.]))","(array([0.]), array([0.]), array([0.]))","(array([0.]), array([0.]), array([0.]))","(array([0.]), array([0.]), array([0.]))","(array([0.]), array([0.]), array([0.]))","(array([0.]), array([0.]), array([0.]))","(array([0.]), array([0.]), array([0.]))","(array([0.]), array([0.]), array([0.]))","(array([0.]), array([0.]), array([0.]))","(array([0.]), array([0.]), array([0.]))","(array([0.]), array([0.]), array([0.]))"
(0.49999788123261246+0j),[0.9113479],[1.],[0.41163699],[1.],"(array([0.]), array([0.]), array([0.]))","(array([0.]), array([0.]), array([0.]))","(array([0.]), array([0.]), array([0.]))","(array([0.]), array([0.]), array([0.]))","(array([0.]), array([0.]), array([0.]))","(array([0.]), array([0.]), array([0.]))","(array([0.]), array([0.]), array([0.]))","(array([0.]), array([0.]), array([0.]))","(array([0.]), array([0.]), array([0.]))","(array([0.]), array([0.]), array([0.]))","(array([0.]), array([0.]), array([0.]))"
(0.4999978976980914+0j),[0.95749764],[1.],[0.28844109],[1.],"(array([0.]), array([0.]), array([0.]))","(array([0.]), array([0.]), array([0.]))","(array([0.]), array([0.]), array([0.]))","(array([0.]), array([0.]), array([0.]))","(array([0.]), array([0.]), array([0.]))","(array([0.]), array([0.]), array([0.]))","(array([0.]), array([0.]), array([0.]))","(array([0.]), array([0.]), array([0.]))","(array([0.]), array([0.]), array([0.]))","(array([0.]), array([0.]), array([0.]))","(array([0.]), array([0.]), array([0.]))"
(0.49999790923573445+0j),[0.93820642],[1.],[0.34607618],[1.],"(array([0.]), array([0.]), array([0.]))","(array([0.]), array([0.]), array([0.]))","(array([0.]), array([0.]), array([0.]))","(array([0.]), array([0.]), array([0.]))","(array([0.]), array([0.]), array([0.]))","(array([0.]), array([0.]), array([0.]))","(array([0.]), array([0.]), array([0.]))","(array([0.]), array([0.]), array([0.]))","(array([0.]), array([0.]), array([0.]))","(array([0.]), array([0.]), array([0.]))","(array([0.]), array([0.]), array([0.]))"
(0.4999979230787811+0j),[0.94100808],[1.],[0.33838408],[1.],"(array([0.]), array([0.]), array([0.]))","(array([0.]), array([0.]), array([0.]))","(array([0.]), array([0.]), array([0.]))","(array([0.]), array([0.]), array([0.]))","(array([0.]), array([0.]), array([0.]))","(array([0.]), array([0.]), array([0.]))","(array([0.]), array([0.]), array([0.]))","(array([0.]), array([0.]), array([0.]))","(array([0.]), array([0.]), array([0.]))","(array([0.]), array([0.]), array([0.]))","(array([0.]), array([0.]), array([0.]))"
(0.4999979366141443+0j),[0.97177908],[1.],[0.23589282],[1.],"(array([0.]), array([0.]), array([0.]))","(array([0.]), array([0.]), array([0.]))","(array([0.]), array([0.]), array([0.]))","(array([0.]), array([0.]), array([0.]))","(array([0.]), array([0.]), array([0.]))","(array([0.]), array([0.]), array([0.]))","(array([0.]), array([0.]), array([0.]))","(array([0.]), array([0.]), array([0.]))","(array([0.]), array([0.]), array([0.]))","(array([0.]), array([0.]), array([0.]))","(array([0.]), array([0.]), array([0.]))"
(0.4999979460498569+0j),[0.9937977],[1.],[-0.11120309],[1.],"(array([0.]), array([0.]), array([0.]))","(array([0.]), array([0.]), array([0.]))","(array([0.]), array([0.]), array([0.]))","(array([0.]), array([0.]), array([0.]))","(array([0.]), array([0.]), array([0.]))","(array([0.]), array([0.]), array([0.]))","(array([0.]), array([0.]), array([0.]))","(array([0.]), array([0.]), array([0.]))","(array([0.]), array([0.]), array([0.]))","(array([0.]), array([0.]), array([0.]))","(array([0.]), array([0.]), array([0.]))"
(0.4999979416017337+0j),[0.99837379],[1.],[0.05700685],[1.],"(array([0.]), array([0.]), array([0.]))","(array([0.]), array([0.]), array([0.]))","(array([0.]), array([0.]), array([0.]))","(array([0.]), array([0.]), array([0.]))","(array([0.]), array([0.]), array([0.]))","(array([0.]), array([0.]), array([0.]))","(array([0.]), array([0.]), array([0.]))","(array([0.]), array([0.]), array([0.]))","(array([0.]), array([0.]), array([0.]))","(array([0.]), array([0.]), array([0.]))","(array([0.]), array([0.]), array([0.]))"
(0.4999979438820073+0j),[0.91379532],[1.],[0.40617499],[1.],"(array([0.]), array([0.]), array([0.]))","(array([0.]), array([0.]), array([0.]))","(array([0.]), array([0.]), array([0.]))","(array([0.]), array([0.]), array([0.]))","(array([0.]), array([0.]), array([0.]))","(array([0.]), array([0.]), array([0.]))","(array([0.]), array([0.]), array([0.]))","(array([0.]), array([0.]), array([0.]))","(array([0.]), array([0.]), array([0.]))","(array([0.]), array([0.]), array([0.]))","(array([0.]), array([0.]), array([0.]))"
(0.49999796012900655+0j),[0.87025263],[1.],[0.49260568],[1.],"(array([0.]), array([0.]), array([0.]))","(array([0.]), array([0.]), array([0.]))","(array([0.]), array([0.]), array([0.]))","(array([0.]), array([0.]), array([0.]))","(array([0.]), array([0.]), array([0.]))","(array([0.]), array([0.]), array([0.]))","(array([0.]), array([0.]), array([0.]))","(array([0.]), array([0.]), array([0.]))","(array([0.]), array([0.]), array([0.]))","(array([0.]), array([0.]), array([0.]))","(array([0.]), array([0.]), array([0.]))"
(0.4999979798332343+0j),[0.87897125],[1.],[0.47687476],[1.],"(array([0.]), array([0.]), array([0.]))","(array([0.]), array([0.]), array([0.]))","(array([0.]), array([0.]), array([0.]))","(array([0.]), array([0.]), array([0.]))","(array([0.]), array([0.]), array([0.]))","(array([0.]), array([0.]), array([0.]))","(array([0.]), array([0.]), array([0.]))","(array([0.]), array([0.]), array([0.]))","(array([0.]), array([0.]), array([0.]))","(array([0.]), array([0.]), array([0.]))","(array([0.]), array([0.]), array([0.]))"
(0.49999799890822477+0j),[0.8951181],[1.],[0.44582909],[1.],"(array([0.]), array([0.]), array([0.]))","(array([0.]), array([0.]), array([0.]))","(array([0.]), array([0.]), array([0.]))","(array([0.]), array([0.]), array([0.]))","(array([0.]), array([0.]), array([0.]))","(array([0.]), array([0.]), array([0.]))","(array([0.]), array([0.]), array([0.]))","(array([0.]), array([0.]), array([0.]))","(array([0.]), array([0.]), array([0.]))","(array([0.]), array([0.]), array([0.]))","(array([0.]), array([0.]), array([0.]))"
(0.4999980167413885+0j),[0.90318807],[1.],[0.42924504],[1.],"(array([0.]), array([0.]), array([0.]))","(array([0.]), array([0.]), array([0.]))","(array([0.]), array([0.]), array([0.]))","(array([0.]), array([0.]), array([0.]))","(array([0.]), array([0.]), array([0.]))","(array([0.]), array([0.]), array([0.]))","(array([0.]), array([0.]), array([0.]))","(array([0.]), array([0.]), array([0.]))","(array([0.]), array([0.]), array([0.]))","(array([0.]), array([0.]), array([0.]))","(array([0.]), array([0.]), array([0.]))"
(0.49999803391119013+0j),[0.9786316],[1.],[0.20562147],[1.],"(array([0.]), array([0.]), array([0.]))","(array([0.]), array([0.]), array([0.]))","(array([0.]), array([0.]), array([0.]))","(array([0.]), array([0.]), array([0.]))","(array([0.]), array([0.]), array([0.]))","(array([0.]), array([0.]), array([0.]))","(array([0.]), array([0.]), array([0.]))","(array([0.]), array([0.]), array([0.]))","(array([0.]), array([0.]), array([0.]))","(array([0.]), array([0.]), array([0.]))","(array([0.]), array([0.]), array([0.]))"
(0.4999980421360486+0j),[0.99992933],[1.],[0.01188847],[1.],"(array([0.]), array([0.]), array([0.]))","(array([0.]), array([0.]), array([0.]))","(array([0.]), array([0.]), array([0.]))","(array([0.]), array([0.]), array([0.]))","(array([0.]), array([0.]), array([0.]))","(array([0.]), array([0.]), array([0.]))","(array([0.]), array([0.]), array([0.]))","(array([0.]), array([0.]), array([0.]))","(array([0.]), array([0.]), array([0.]))","(array([0.]), array([0.]), array([0.]))","(array([0.]), array([0.]), array([0.]))"
(0.4999980426115872+0j),[0.99976364],[1.],[0.02174061],[1.],"(array([0.]), array([0.]), array([0.]))","(array([0.]), array([0.]), array([0.]))","(array([0.]), array([0.]), array([0.]))","(array([0.]), array([0.]), array([0.]))","(array([0.]), array([0.]), array([0.]))","(array([0.]), array([0.]), array([0.]))","(array([0.]), array([0.]), array([0.]))","(array([0.]), array([0.]), array([0.]))","(array([0.]), array([0.]), array([0.]))","(array([0.]), array([0.]), array([0.]))","(array([0.]), array([0.]), array([0.]))"
(0.4999980434812116+0j),[0.99331979],[1.],[0.11539411],[1.],"(array([0.]), array([0.]), array([0.]))","(array([0.]), array([0.]), array([0.]))","(array([0.]), array([0.]), array([0.]))","(array([0.]), array([0.]), array([0.]))","(array([0.]), array([0.]), array([0.]))","(array([0.]), array([0.]), array([0.]))","(array([0.]), array([0.]), array([0.]))","(array([0.]), array([0.]), array([0.]))","(array([0.]), array([0.]), array([0.]))","(array([0.]), array([0.]), array([0.]))","(array([0.]), array([0.]), array([0.]))"
(0.49999804809697596+0j),[0.98296318],[1.],[0.18380256],[1.],"(array([0.]), array([0.]), array([0.]))","(array([0.]), array([0.]), array([0.]))","(array([0.]), array([0.]), array([0.]))","(array([0.]), array([0.]), array([0.]))","(array([0.]), array([0.]), array([0.]))","(array([0.]), array([0.]), array([0.]))","(array([0.]), array([0.]), array([0.]))","(array([0.]), array([0.]), array([0.]))","(array([0.]), array([0.]), array([0.]))","(array([0.]), array([0.]), array([0.]))","(array([0.]), array([0.]), array([0.]))"
(0.49999805544907827+0j),[0.9673816],[1.],[0.25332358],[1.],"(array([0.]), array([0.]), array([0.]))","(array([0.]), array([0.]), array([0.]))","(array([0.]), array([0.]), array([0.]))","(array([0.]), array([0.]), array([0.]))","(array([0.]), array([0.]), array([0.]))","(array([0.]), array([0.]), array([0.]))","(array([0.]), array([0.]), array([0.]))","(array([0.]), array([0.]), array([0.]))","(array([0.]), array([0.]), array([0.]))","(array([0.]), array([0.]), array([0.]))","(array([0.]), array([0.]), array([0.]))"
(0.4999980655820215+0j),[0.95497101],[1.],[0.29669911],[1.],"(array([0.]), array([0.]), array([0.]))","(array([0.]), array([0.]), array([0.]))","(array([0.]), array([0.]), array([0.]))","(array([0.]), array([0.]), array([0.]))","(array([0.]), array([0.]), array([0.]))","(array([0.]), array([0.]), array([0.]))","(array([0.]), array([0.]), array([0.]))","(array([0.]), array([0.]), array([0.]))","(array([0.]), array([0.]), array([0.]))","(array([0.]), array([0.]), array([0.]))","(array([0.]), array([0.]), array([0.]))"
(0.4999980774499858+0j),[0.8163322],[1.],[0.57758267],[1.],"(array([0.]), array([0.]), array([0.]))","(array([0.]), array([0.]), array([0.]))","(array([0.]), array([0.]), array([0.]))","(array([0.]), array([0.]), array([0.]))","(array([0.]), array([0.]), array([0.]))","(array([0.]), array([0.]), array([0.]))","(array([0.]), array([0.]), array([0.]))","(array([0.]), array([0.]), array([0.]))","(array([0.]), array([0.]), array([0.]))","(array([0.]), array([0.]), array([0.]))","(array([0.]), array([0.]), array([0.]))"
(0.4999981005532925+0j),[0.7596819],[1.],[0.65029486],[1.],"(array([0.]), array([0.]), array([0.]))","(array([0.]), array([0.]), array([0.]))","(array([0.]), array([0.]), array([0.]))","(array([0.]), array([0.]), array([0.]))","(array([0.]), array([0.]), array([0.]))","(array([0.]), array([0.]), array([0.]))","(array([0.]), array([0.]), array([0.]))","(array([0.]), array([0.]), array([0.]))","(array([0.]), array([0.]), array([0.]))","(array([0.]), array([0.]), array([0.]))","(array([0.]), array([0.]), array([0.]))"
(0.4999981265650869+0j),[0.70174777],[1.],[0.71242548],[1.],"(array([0.]), array([0.]), array([0.]))","(array([0.]), array([0.]), array([0.]))","(array([0.]), array([0.]), array([0.]))","(array([0.]), array([0.]), array([0.]))","(array([0.]), array([0.]), array([0.]))","(array([0.]), array([0.]), array([0.]))","(array([0.]), array([0.]), array([0.]))","(array([0.]), array([0.]), array([0.]))","(array([0.]), array([0.]), array([0.]))","(array([0.]), array([0.]), array([0.]))","(array([0.]), array([0.]), array([0.]))"
(0.49999815506210593+0j),[0.67434088],[1.],[0.73842019],[1.],"(array([0.]), array([0.]), array([0.]))","(array([0.]), array([0.]), array([0.]))","(array([0.]), array([0.]), array([0.]))","(array([0.]), array([0.]), array([0.]))","(array([0.]), array([0.]), array([0.]))","(array([0.]), array([0.]), array([0.]))","(array([0.]), array([0.]), array([0.]))","(array([0.]), array([0.]), array([0.]))","(array([0.]), array([0.]), array([0.]))","(array([0.]), array([0.]), array([0.]))","(array([0.]), array([0.]), array([0.]))"
(0.4999981845989137+0j),[0.63592903],[1.],[0.77174754],[1.],"(array([0.]), array([0.]), array([0.]))","(array([0.]), array([0.]), array([0.]))","(array([0.]), array([0.]), array([0.]))","(array([0.]), array([0.]), array([0.]))","(array([0.]), array([0.]), array([0.]))","(array([0.]), array([0.]), array([0.]))","(array([0.]), array([0.]), array([0.]))","(array([0.]), array([0.]), array([0.]))","(array([0.]), array([0.]), array([0.]))","(array([0.]), array([0.]), array([0.]))","(array([0.]), array([0.]), array([0.]))"
(0.4999982154688151+0j),[0.73360602],[1.],[0.67957502],[1.],"(array([0.]), array([0.]), array([0.]))","(array([0.]), array([0.]), array([0.]))","(array([0.]), array([0.]), array([0.]))","(array([0.]), array([0.]), array([0.]))","(array([0.]), array([0.]), array([0.]))","(array([0.]), array([0.]), array([0.]))","(array([0.]), array([0.]), array([0.]))","(array([0.]), array([0.]), array([0.]))","(array([0.]), array([0.]), array([0.]))","(array([0.]), array([0.]), array([0.]))","(array([0.]), array([0.]), array([0.]))"
(0.49999824265181586+0j),[0.65729549],[1.],[0.75363296],[1.],"(array([0.]), array([0.]), array([0.]))","(array([0.]), array([0.]), array([0.]))","(array([0.]), array([0.]), array([0.]))","(array([0.]), array([0.]), array([0.]))","(array([0.]), array([0.]), array([0.]))","(array([0.]), array([0.]), array([0.]))","(array([0.]), array([0.]), array([0.]))","(array([0.]), array([0.]), array([0.]))","(array([0.]), array([0.]), array([0.]))","(array([0.]), array([0.]), array([0.]))","(array([0.]), array([0.]), array([0.]))"
(0.4999982727971343+0j),[0.5887479],[1.],[0.80831671],[1.],"(array([0.]), array([0.]), array([0.]))","(array([0.]), array([0.]), array([0.]))","(array([0.]), array([0.]), array([0.]))","(array([0.]), array([0.]), array([0.]))","(array([0.]), array([0.]), array([0.]))","(array([0.]), array([0.]), array([0.]))","(array([0.]), array([0.]), array([0.]))","(array([0.]), array([0.]), array([0.]))","(array([0.]), array([0.]), array([0.]))","(array([0.]), array([0.]), array([0.]))","(array([0.]), array([0.]), array([0.]))"
(0.4999983051298029+0j),[0.6727332],[1.],[0.73988516],[1.],"(array([0.]), array([0.]), array([0.]))","(array([0.]), array([0.]), array([0.]))","(array([0.]), array([0.]), array([0.]))","(array([0.]), array([0.]), array([0.]))","(array([0.]), array([0.]), array([0.]))","(array([0.]), array([0.]), array([0.]))","(array([0.]), array([0.]), array([0.]))","(array([0.]), array([0.]), array([0.]))","(array([0.]), array([0.]), array([0.]))","(array([0.]), array([0.]), array([0.]))","(array([0.]), array([0.]), array([0.]))"
(0.4999983347252091+0j),[0.63717997],[1.],[0.77071505],[1.],"(array([0.]), array([0.]), array([0.]))","(array([0.]), array([0.]), array([0.]))","(array([0.]), array([0.]), array([0.]))","(array([0.]), array([0.]), array([0.]))","(array([0.]), array([0.]), array([0.]))","(array([0.]), array([0.]), array([0.]))","(array([0.]), array([0.]), array([0.]))","(array([0.]), array([0.]), array([0.]))","(array([0.]), array([0.]), array([0.]))","(array([0.]), array([0.]), array([0.]))","(array([0.]), array([0.]), array([0.]))"
(0.49999836555381133+0j),[0.66993755],[1.],[0.74241745],[1.],"(array([0.]), array([0.]), array([0.]))","(array([0.]), array([0.]), array([0.]))","(array([0.]), array([0.]), array([0.]))","(array([0.]), array([0.]), array([0.]))","(array([0.]), array([0.]), array([0.]))","(array([0.]), array([0.]), array([0.]))","(array([0.]), array([0.]), array([0.]))","(array([0.]), array([0.]), array([0.]))","(array([0.]), array([0.]), array([0.]))","(array([0.]), array([0.]), array([0.]))","(array([0.]), array([0.]), array([0.]))"
(0.49999839525050926+0j),[0.76303246],[1.],[0.64636016],[1.],"(array([0.]), array([0.]), array([0.]))","(array([0.]), array([0.]), array([0.]))","(array([0.]), array([0.]), array([0.]))","(array([0.]), array([0.]), array([0.]))","(array([0.]), array([0.]), array([0.]))","(array([0.]), array([0.]), array([0.]))","(array([0.]), array([0.]), array([0.]))","(array([0.]), array([0.]), array([0.]))","(array([0.]), array([0.]), array([0.]))","(array([0.]), array([0.]), array([0.]))","(array([0.]), array([0.]), array([0.]))"
(0.4999984211049156+0j),[0.81480092],[1.],[0.57974086],[1.],"(array([0.]), array([0.]), array([0.]))","(array([0.]), array([0.]), array([0.]))","(array([0.]), array([0.]), array([0.]))","(array([0.]), array([0.]), array([0.]))","(array([0.]), array([0.]), array([0.]))","(array([0.]), array([0.]), array([0.]))","(array([0.]), array([0.]), array([0.]))","(array([0.]), array([0.]), array([0.]))","(array([0.]), array([0.]), array([0.]))","(array([0.]), array([0.]), array([0.]))","(array([0.]), array([0.]), array([0.]))"
(0.49999844429455026+0j),[0.84277508],[1.],[0.53826588],[1.],"(array([0.]), array([0.]), array([0.]))","(array([0.]), array([0.]), array([0.]))","(array([0.]), array([0.]), array([0.]))","(array([0.]), array([0.]), array([0.]))","(array([0.]), array([0.]), array([0.]))","(array([0.]), array([0.]), array([0.]))","(array([0.]), array([0.]), array([0.]))","(array([0.]), array([0.]), array([0.]))","(array([0.]), array([0.]), array([0.]))","(array([0.]), array([0.]), array([0.]))","(array([0.]), array([0.]), array([0.]))"
(0.4999984658251861+0j),[0.82098261],[1.],[0.5709532],[1.],"(array([0.]), array([0.]), array([0.]))","(array([0.]), array([0.]), array([0.]))","(array([0.]), array([0.]), array([0.]))","(array([0.]), array([0.]), array([0.]))","(array([0.]), array([0.]), array([0.]))","(array([0.]), array([0.]), array([0.]))","(array([0.]), array([0.]), array([0.]))","(array([0.]), array([0.]), array([0.]))","(array([0.]), array([0.]), array([0.]))","(array([0.]), array([0.]), array([0.]))","(array([0.]), array([0.]), array([0.]))"
(0.49999848866331426+0j),[0.89098441],[1.],[0.45403391],[1.],"(array([0.]), array([0.]), array([0.]))","(array([0.]), array([0.]), array([0.]))","(array([0.]), array([0.]), array([0.]))","(array([0.]), array([0.]), array([0.]))","(array([0.]), array([0.]), array([0.]))","(array([0.]), array([0.]), array([0.]))","(array([0.]), array([0.]), array([0.]))","(array([0.]), array([0.]), array([0.]))","(array([0.]), array([0.]), array([0.]))","(array([0.]), array([0.]), array([0.]))","(array([0.]), array([0.]), array([0.]))"
(0.4999985068246706+0j),[0.90637315],[1.],[0.42247807],[1.],"(array([0.]), array([0.]), array([0.]))","(array([0.]), array([0.]), array([0.]))","(array([0.]), array([0.]), array([0.]))","(array([0.]), array([0.]), array([0.]))","(array([0.]), array([0.]), array([0.]))","(array([0.]), array([0.]), array([0.]))","(array([0.]), array([0.]), array([0.]))","(array([0.]), array([0.]), array([0.]))","(array([0.]), array([0.]), array([0.]))","(array([0.]), array([0.]), array([0.]))","(array([0.]), array([0.]), array([0.]))"
(0.4999985237237934+0j),[0.85917142],[1.],[0.51168787],[1.],"(array([0.]), array([0.]), array([0.]))","(array([0.]), array([0.]), array([0.]))","(array([0.]), array([0.]), array([0.]))","(array([0.]), array([0.]), array([0.]))","(array([0.]), array([0.]), array([0.]))","(array([0.]), array([0.]), array([0.]))","(array([0.]), array([0.]), array([0.]))","(array([0.]), array([0.]), array([0.]))","(array([0.]), array([0.]), array([0.]))","(array([0.]), array([0.]), array([0.]))","(array([0.]), array([0.]), array([0.]))"
(0.4999985441913079+0j),[0.84334953],[1.],[0.5373654],[1.],"(array([0.]), array([0.]), array([0.]))","(array([0.]), array([0.]), array([0.]))","(array([0.]), array([0.]), array([0.]))","(array([0.]), array([0.]), array([0.]))","(array([0.]), array([0.]), array([0.]))","(array([0.]), array([0.]), array([0.]))","(array([0.]), array([0.]), array([0.]))","(array([0.]), array([0.]), array([0.]))","(array([0.]), array([0.]), array([0.]))","(array([0.]), array([0.]), array([0.]))","(array([0.]), array([0.]), array([0.]))"
(0.49999856568592427+0j),[0.68882028],[1.],[0.72493215],[1.],"(array([0.]), array([0.]), array([0.]))","(array([0.]), array([0.]), array([0.]))","(array([0.]), array([0.]), array([0.]))","(array([0.]), array([0.]), array([0.]))","(array([0.]), array([0.]), array([0.]))","(array([0.]), array([0.]), array([0.]))","(array([0.]), array([0.]), array([0.]))","(array([0.]), array([0.]), array([0.]))","(array([0.]), array([0.]), array([0.]))","(array([0.]), array([0.]), array([0.]))","(array([0.]), array([0.]), array([0.]))"
(0.49999859468321+0j),[0.53756713],[1.],[0.84322095],[1.],"(array([0.]), array([0.]), array([0.]))","(array([0.]), array([0.]), array([0.]))","(array([0.]), array([0.]), array([0.]))","(array([0.]), array([0.]), array([0.]))","(array([0.]), array([0.]), array([0.]))","(array([0.]), array([0.]), array([0.]))","(array([0.]), array([0.]), array([0.]))","(array([0.]), array([0.]), array([0.]))","(array([0.]), array([0.]), array([0.]))","(array([0.]), array([0.]), array([0.]))","(array([0.]), array([0.]), array([0.]))"
(0.49999862841204873+0j),[0.18980903],[1.],[0.98182103],[1.],"(array([0.]), array([0.]), array([0.]))","(array([0.]), array([0.]), array([0.]))","(array([0.]), array([0.]), array([0.]))","(array([0.]), array([0.]), array([0.]))","(array([0.]), array([0.]), array([0.]))","(array([0.]), array([0.]), array([0.]))","(array([0.]), array([0.]), array([0.]))","(array([0.]), array([0.]), array([0.]))","(array([0.]), array([0.]), array([0.]))","(array([0.]), array([0.]), array([0.]))","(array([0.]), array([0.]), array([0.]))"
(0.49999866768489+0j),[0.05495366],[1.],[0.99848891],[1.],"(array([0.]), array([0.]), array([0.]))","(array([0.]), array([0.]), array([0.]))","(array([0.]), array([0.]), array([0.]))","(array([0.]), array([0.]), array([0.]))","(array([0.]), array([0.]), array([0.]))","(array([0.]), array([0.]), array([0.]))","(array([0.]), array([0.]), array([0.]))","(array([0.]), array([0.]), array([0.]))","(array([0.]), array([0.]), array([0.]))","(array([0.]), array([0.]), array([0.]))","(array([0.]), array([0.]), array([0.]))"
(0.4999987076244466+0j),[0.31655019],[1.],[0.94857576],[1.],"(array([0.]), array([0.]), array([0.]))","(array([0.]), array([0.]), array([0.]))","(array([0.]), array([0.]), array([0.]))","(array([0.]), array([0.]), array([0.]))","(array([0.]), array([0.]), array([0.]))","(array([0.]), array([0.]), array([0.]))","(array([0.]), array([0.]), array([0.]))","(array([0.]), array([0.]), array([0.]))","(array([0.]), array([0.]), array([0.]))","(array([0.]), array([0.]), array([0.]))","(array([0.]), array([0.]), array([0.]))"
(0.4999987455674772+0j),[0.20923509],[1.],[0.97786537],[1.],"(array([0.]), array([0.]), array([0.]))","(array([0.]), array([0.]), array([0.]))","(array([0.]), array([0.]), array([0.]))","(array([0.]), array([0.]), array([0.]))","(array([0.]), array([0.]), array([0.]))","(array([0.]), array([0.]), array([0.]))","(array([0.]), array([0.]), array([0.]))","(array([0.]), array([0.]), array([0.]))","(array([0.]), array([0.]), array([0.]))","(array([0.]), array([0.]), array([0.]))","(array([0.]), array([0.]), array([0.]))"
(0.4999987846820913+0j),[0.36003073],[1.],[0.93294044],[1.],"(array([0.]), array([0.]), array([0.]))","(array([0.]), array([0.]), array([0.]))","(array([0.]), array([0.]), array([0.]))","(array([0.]), array([0.]), array([0.]))","(array([0.]), array([0.]), array([0.]))","(array([0.]), array([0.]), array([0.]))","(array([0.]), array([0.]), array([0.]))","(array([0.]), array([0.]), array([0.]))","(array([0.]), array([0.]), array([0.]))","(array([0.]), array([0.]), array([0.]))","(array([0.]), array([0.]), array([0.]))"
(0.4999988219997095+0j),[0.35938695],[1.],[0.93318863],[1.],"(array([0.]), array([0.]), array([0.]))","(array([0.]), array([0.]), array([0.]))","(array([0.]), array([0.]), array([0.]))","(array([0.]), array([0.]), array([0.]))","(array([0.]), array([0.]), array([0.]))","(array([0.]), array([0.]), array([0.]))","(array([0.]), array([0.]), array([0.]))","(array([0.]), array([0.]), array([0.]))","(array([0.]), array([0.]), array([0.]))","(array([0.]), array([0.]), array([0.]))","(array([0.]), array([0.]), array([0.]))"
