Es,Sx,Sxx,Sy,Syy,PQ-10,PQ-9,PQ-8,PQ-7,PQ-6,PQ-5,PQ-4,PQ-3,PQ-2,PQ-1,PQ0
(0.49999999999999983+0j),[-0.93623472],[1.],[-0.35137523],[1.],"(array([0.]), array([0.]), array([0.]))","(array([0.]), array([0.]), array([0.]))","(array([0.]), array([0.]), array([0.]))","(array([0.]), array([0.]), array([0.]))","(array([0.]), array([0.]), array([0.]))","(array([0.]), array([0.]), array([0.]))","(array([0.]), array([0.]), array([0.]))","(array([0.]), array([0.]), array([0.]))","(array([0.]), array([0.]), array([0.]))","(array([0.]), array([0.]), array([0.]))","(array([0.]), array([0.]), array([0.]))"
(0.4999999859449909+0j),[-0.968805],[1.],[-0.24782426],[1.],"(array([0.]), array([0.]), array([0.]))","(array([0.]), array([0.]), array([0.]))","(array([0.]), array([0.]), array([0.]))","(array([0.]), array([0.]), array([0.]))","(array([0.]), array([0.]), array([0.]))","(array([0.]), array([0.]), array([0.]))","(array([0.]), array([0.]), array([0.]))","(array([0.]), array([0.]), array([0.]))","(array([0.]), array([0.]), array([0.]))","(array([0.]), array([0.]), array([0.]))","(array([0.]), array([0.]), array([0.]))"
(0.4999999760320205+0j),[-0.54770798],[1.],[-0.83666957],[1.],"(array([0.]), array([0.]), array([0.]))","(array([0.]), array([0.]), array([0.]))","(array([0.]), array([0.]), array([0.]))","(array([0.]), array([0.]), array([0.]))","(array([0.]), array([0.]), array([0.]))","(array([0.]), array([0.]), array([0.]))","(array([0.]), array([0.]), array([0.]))","(array([0.]), array([0.]), array([0.]))","(array([0.]), array([0.]), array([0.]))","(array([0.]), array([0.]), array([0.]))","(array([0.]), array([0.]), array([0.]))"
(0.49999994256523816+0j),[-0.76628654],[1.],[-0.64249898],[1.],"(array([0.]), array([0.]), array([0.]))","(array([0.]), array([0.]), array([0.]))","(array([0.]), array([0.]), array([0.]))","(array([0.]), array([0.]), array([0.]))","(array([0.]), array([0.]), array([0.]))","(array([0.]), array([0.]), array([0.]))","(array([0.]), array([0.]), array([0.]))","(array([0.]), array([0.]), array([0.]))","(array([0.]), array([0.]), array([0.]))","(array([0.]), array([0.]), array([0.]))","(array([0.]), array([0.]), array([0.]))"
(0.4999999168652788+0j),[-0.98268013],[1.],[-0.18530993],[1.],"(array([0.]), array([0.]), array([0.]))","(array([0.]), array([0.]), array([0.]))","(array([0.]), array([0.]), array([0.]))","(array([0.]), array([0.]), array([0.]))","(array([0.]), array([0.]), array([0.]))","(array([0.]), array([0.]), array([0.]))","(array([0.]), array([0.]), array([0.]))","(array([0.]), array([0.]), array([0.]))","(array([0.]), array([0.]), array([0.]))","(array([0.]), array([0.]), array([0.]))","(array([0.]), array([0.]), array([0.]))"
(0.49999990945288153+0j),[-0.92536423],[1.],[-0.37907921],[1.],"(array([0.]), array([0.]), array([0.]))","(array([0.]), array([0.]), array([0.]))","(array([0.]), array([0.]), array([0.]))","(array([0.]), array([0.]), array([0.]))","(array([0.]), array([0.]), array([0.]))","(array([0.]), array([0.]), array([0.]))","(array([0.]), array([0.]), array([0.]))","(array([0.]), array([0.]), array([0.]))","(array([0.]), array([0.]), array([0.]))","(array([0.]), array([0.]), array([0.]))","(array([0.]), array([0.]), array([0.]))"
(0.4999998942897128+0j),[-0.98079846],[1.],[-0.19502404],[1.],"(array([0.]), array([0.]), array([0.]))","(array([0.]), array([0.]), array([0.]))","(array([0.]), array([0.]), array([0.]))","(array([0.]), array([0.]), array([0.]))","(array([0.]), array([0.]), array([0.]))","(array([0.]), array([0.]), array([0.]))","(array([0.]), array([0.]), array([0.]))","(array([0.]), array([0.]), array([0.]))","(array([0.]), array([0.]), array([0.]))","(array([0.]), array([0.]), array([0.]))","(array([0.]), array([0.]), array([0.]))"
(0.49999988648875104+0j),[-0.99646891],[1.],[-0.08396254],[1.],"(array([0.]), array([0.]), array([0.]))","(array([0.]), array([0.]), array([0.]))","(array([0.]), array([0.]), array([0.]))","(array([0.]), array([0.]), array([0.]))","(array([0.]), array([0.]), array([0.]))","(array([0.]), array([0.]), array([0.]))","(array([0.]), array([0.]), array([0.]))","(array([0.]), array([0.]), array([0.]))","(array([0.]), array([0.]), array([0.]))","(array([0.]), array([0.]), array([0.]))","(array([0.]), array([0.]), array([0.]))"
(0.49999988313024885+0j),[-0.96628163],[1.],[-0.25748748],[1.],"(array([0.]), array([0.]), array([0.]))","(array([0.]), array([0.]), array([0.]))","(array([0.]), array([0.]), array([0.]))","(array([0.]), array([0.]), array([0.]))","(array([0.]), array([0.]), array([0.]))","(array([0.]), array([0.]), array([0.]))","(array([0.]), array([0.]), array([0.]))","(array([0.]), array([0.]), array([0.]))","(array([0.]), array([0.]), array([0.]))","(array([0.]), array([0.]), array([0.]))","(array([0.]), array([0.]), array([0.]))"
(0.4999998728307499+0j),[-0.79843779],[1.],[-0.60207731],[1.],"(array([0.]), array([0.]), array([0.]))","(array([0.]), array([0.]), array([0.]))","(array([0.]), array([0.]), array([0.]))","(array([0.]), array([0.]), array([0.]))","(array([0.]), array([0.]), array([0.]))","(array([0.]), array([0.]), array([0.]))","(array([0.]), array([0.]), array([0.]))","(array([0.]), array([0.]), array([0.]))","(array([0.]), array([0.]), array([0.]))","(array([0.]), array([0.]), array([0.]))","(array([0.]), array([0.]), array([0.]))"
(0.4999998487476577+0j),[-0.01571031],[1.],[-0.99987659],[1.],"(array([0.]), array([0.]), array([0.]))","(array([0.]), array([0.]), array([0.]))","(array([0.]), array([0.]), array([0.]))","(array([0.]), array([0.]), array([0.]))","(array([0.]), array([0.]), array([0.]))","(array([0.]), array([0.]), array([0.]))","(array([0.]), array([0.]), array([0.]))","(array([0.]), array([0.]), array([0.]))","(array([0.]), array([0.]), array([0.]))","(array([0.]), array([0.]), array([0.]))","(array([0.]), array([0.]), array([0.]))"
(0.49999980875259414+0j),[-0.60237368],[1.],[-0.79821423],[1.],"(array([0.]), array([0.]), array([0.]))","(array([0.]), array([0.]), array([0.]))","(array([0.]), array([0.]), array([0.]))","(array([0.]), array([0.]), array([0.]))","(array([0.]), array([0.]), array([0.]))","(array([0.]), array([0.]), array([0.]))","(array([0.]), array([0.]), array([0.]))","(array([0.]), array([0.]), array([0.]))","(array([0.]), array([0.]), array([0.]))","(array([0.]), array([0.]), array([0.]))","(array([0.]), array([0.]), array([0.]))"
(0.49999977682402535+0j),[-0.58523491],[1.],[-0.8108638],[1.],"(array([0.]), array([0.]), array([0.]))","(array([0.]), array([0.]), array([0.]))","(array([0.]), array([0.]), array([0.]))","(array([0.]), array([0.]), array([0.]))","(array([0.]), array([0.]), array([0.]))","(array([0.]), array([0.]), array([0.]))","(array([0.]), array([0.]), array([0.]))","(array([0.]), array([0.]), array([0.]))","(array([0.]), array([0.]), array([0.]))","(array([0.]), array([0.]), array([0.]))","(array([0.]), array([0.]), array([0.]))"
(0.4999997443894738+0j),[-0.98341255],[1.],[0.18138292],[1.],"(array([0.]), array([0.]), array([0.]))","(array([0.]), array([0.]), array([0.]))","(array([0.]), array([0.]), array([0.]))","(array([0.]), array([0.]), array([0.]))","(array([0.]), array([0.]), array([0.]))","(array([0.]), array([0.]), array([0.]))","(array([0.]), array([0.]), array([0.]))","(array([0.]), array([0.]), array([0.]))","(array([0.]), array([0.]), array([0.]))","(array([0.]), array([0.]), array([0.]))","(array([0.]), array([0.]), array([0.]))"
(0.4999997516447906+0j),[-0.85153588],[1.],[0.52429633],[1.],"(array([0.]), array([0.]), array([0.]))","(array([0.]), array([0.]), array([0.]))","(array([0.]), array([0.]), array([0.]))","(array([0.]), array([0.]), array([0.]))","(array([0.]), array([0.]), array([0.]))","(array([0.]), array([0.]), array([0.]))","(array([0.]), array([0.]), array([0.]))","(array([0.]), array([0.]), array([0.]))","(array([0.]), array([0.]), array([0.]))","(array([0.]), array([0.]), array([0.]))","(array([0.]), array([0.]), array([0.]))"
(0.4999997726166444+0j),[-0.78000922],[1.],[0.62576802],[1.],"(array([0.]), array([0.]), array([0.]))","(array([0.]), array([0.]), array([0.]))","(array([0.]), array([0.]), array([0.]))","(array([0.]), array([0.]), array([0.]))","(array([0.]), array([0.]), array([0.]))","(array([0.]), array([0.]), array([0.]))","(array([0.]), array([0.]), array([0.]))","(array([0.]), array([0.]), array([0.]))","(array([0.]), array([0.]), array([0.]))","(array([0.]), array([0.]), array([0.]))","(array([0.]), array([0.]), array([0.]))"
(0.49999979764736546+0j),[-0.92788229],[1.],[0.37287325],[1.],"(array([0.]), array([0.]), array([0.]))","(array([0.]), array([0.]), array([0.]))","(array([0.]), array([0.]), array([0.]))","(array([0.]), array([0.]), array([0.]))","(array([0.]), array([0.]), array([0.]))","(array([0.]), array([0.]), array([0.]))","(array([0.]), array([0.]), array([0.]))","(array([0.]), array([0.]), array([0.]))","(array([0.]), array([0.]), array([0.]))","(array([0.]), array([0.]), array([0.]))","(array([0.]), array([0.]), array([0.]))"
(0.49999981256229564+0j),[-0.53622764],[1.],[0.84407341],[1.],"(array([0.]), array([0.]), array([0.]))","(array([0.]), array([0.]), array([0.]))","(array([0.]), array([0.]), array([0.]))","(array([0.]), array([0.]), array([0.]))","(array([0.]), array([0.]), array([0.]))","(array([0.]), array([0.]), array([0.]))","(array([0.]), array([0.]), array([0.]))","(array([0.]), array([0.]), array([0.]))","(array([0.]), array([0.]), array([0.]))","(array([0.]), array([0.]), array([0.]))","(array([0.]), array([0.]), array([0.]))"
(0.4999998463252323+0j),[-0.71202702],[1.],[0.70215206],[1.],"(array([0.]), array([0.]), array([0.]))","(array([0.]), array([0.]), array([0.]))","(array([0.]), array([0.]), array([0.]))","(array([0.]), array([0.]), array([0.]))","(array([0.]), array([0.]), array([0.]))","(array([0.]), array([0.]), array([0.]))","(array([0.]), array([0.]), array([0.]))","(array([0.]), array([0.]), array([0.]))","(array([0.]), array([0.]), array([0.]))","(array([0.]), array([0.]), array([0.]))","(array([0.]), array([0.]), array([0.]))"
(0.49999987441131466+0j),[-0.09015569],[1.],[0.99592768],[1.],"(array([0.]), array([0.]), array([0.]))","(array([0.]), array([0.]), array([0.]))","(array([0.]), array([0.]), array([0.]))","(array([0.]), array([0.]), array([0.]))","(array([0.]), array([0.]), array([0.]))","(array([0.]), array([0.]), array([0.]))","(array([0.]), array([0.]), array([0.]))","(array([0.]), array([0.]), array([0.]))","(array([0.]), array([0.]), array([0.]))","(array([0.]), array([0.]), array([0.]))","(array([0.]), array([0.]), array([0.]))"
(0.49999991424842166+0j),[-0.26521881],[1.],[0.96418825],[1.],"(array([0.]), array([0.]), array([0.]))","(array([0.]), array([0.]), array([0.]))","(array([0.]), array([0.]), array([0.]))","(array([0.]), array([0.]), array([0.]))","(array([0.]), array([0.]), array([0.]))","(array([0.]), array([0.]), array([0.]))","(array([0.]), array([0.]), array([0.]))","(array([0.]), array([0.]), array([0.]))","(array([0.]), array([0.]), array([0.]))","(array([0.]), array([0.]), array([0.]))","(array([0.]), array([0.]), array([0.]))"
(0.4999999528159516+0j),[-0.18421165],[1.],[0.9828866],[1.],"(array([0.]), array([0.]), array([0.]))","(array([0.]), array([0.]), array([0.]))","(array([0.]), array([0.]), array([0.]))","(array([0.]), array([0.]), array([0.]))","(array([0.]), array([0.]), array([0.]))","(array([0.]), array([0.]), array([0.]))","(array([0.]), array([0.]), array([0.]))","(array([0.]), array([0.]), array([0.]))","(array([0.]), array([0.]), array([0.]))","(array([0.]), array([0.]), array([0.]))","(array([0.]), array([0.]), array([0.]))"
(0.4999999921314154+0j),[-0.76189163],[1.],[0.64770452],[1.],"(array([0.]), array([0.]), array([0.]))","(array([0.]), array([0.]), array([0.]))","(array([0.]), array([0.]), array([0.]))","(array([0.]), array([0.]), array([0.]))","(array([0.]), array([0.]), array([0.]))","(array([0.]), array([0.]), array([0.]))","(array([0.]), array([0.]), array([0.]))","(array([0.]), array([0.]), array([0.]))","(array([0.]), array([0.]), array([0.]))","(array([0.]), array([0.]), array([0.]))","(array([0.]), array([0.]), array([0.]))"
(0.5000000180395963+0j),[0.18069864],[1.],[0.98353851],[1.],"(array([0.]), array([0.]), array([0.]))","(array([0.]), array([0.]), array([0.]))","(array([0.]), array([0.]), array([0.]))","(array([0.]), array([0.]), array([0.]))","(array([0.]), array([0.]), array([0.]))","(array([0.]), array([0.]), array([0.]))","(array([0.]), array([0.]), array([0.]))","(array([0.]), array([0.]), array([0.]))","(array([0.]), array([0.]), array([0.]))","(array([0.]), array([0.]), array([0.]))","(array([0.]), array([0.]), array([0.]))"
(0.5000000573811364+0j),[0.13919367],[1.],[0.99026518],[1.],"(array([0.]), array([0.]), array([0.]))","(array([0.]), array([0.]), array([0.]))","(array([0.]), array([0.]), array([0.]))","(array([0.]), array([0.]), array([0.]))","(array([0.]), array([0.]), array([0.]))","(array([0.]), array([0.]), array([0.]))","(array([0.]), array([0.]), array([0.]))","(array([0.]), array([0.]), array([0.]))","(array([0.]), array([0.]), array([0.]))","(array([0.]), array([0.]), array([0.]))","(array([0.]), array([0.]), array([0.]))"
(0.5000000969917435+0j),[-0.03257516],[1.],[0.99946929],[1.],"(array([0.]), array([0.]), array([0.]))","(array([0.]), array([0.]), array([0.]))","(array([0.]), array([0.]), array([0.]))","(array([0.]), array([0.]), array([0.]))","(array([0.]), array([0.]), array([0.]))","(array([0.]), array([0.]), array([0.]))","(array([0.]), array([0.]), array([0.]))","(array([0.]), array([0.]), array([0.]))","(array([0.]), array([0.]), array([0.]))","(array([0.]), array([0.]), array([0.]))","(array([0.]), array([0.]), array([0.]))"
(0.5000001369705152+0j),[0.32408197],[1.],[0.946029],[1.],"(array([0.]), array([0.]), array([0.]))","(array([0.]), array([0.]), array([0.]))","(array([0.]), array([0.]), array([0.]))","(array([0.]), array([0.]), array([0.]))","(array([0.]), array([0.]), array([0.]))","(array([0.]), array([0.]), array([0.]))","(array([0.]), array([0.]), array([0.]))","(array([0.]), array([0.]), array([0.]))","(array([0.]), array([0.]), array([0.]))","(array([0.]), array([0.]), array([0.]))","(array([0.]), array([0.]), array([0.]))"
(0.5000001748116754+0j),[-0.06853866],[1.],[0.99764846],[1.],"(array([0.]), array([0.]), array([0.]))","(array([0.]), array([0.]), array([0.]))","(array([0.]), array([0.]), array([0.]))","(array([0.]), array([0.]), array([0.]))","(array([0.]), array([0.]), array([0.]))","(array([0.]), array([0.]), array([0.]))","(array([0.]), array([0.]), array([0.]))","(array([0.]), array([0.]), array([0.]))","(array([0.]), array([0.]), array([0.]))","(array([0.]), array([0.]), array([0.]))","(array([0.]), array([0.]), array([0.]))"
(0.5000002147176136+0j),[0.27125047],[1.],[0.9625088],[1.],"(array([0.]), array([0.]), array([0.]))","(array([0.]), array([0.]), array([0.]))","(array([0.]), array([0.]), array([0.]))","(array([0.]), array([0.]), array([0.]))","(array([0.]), array([0.]), array([0.]))","(array([0.]), array([0.]), array([0.]))","(array([0.]), array([0.]), array([0.]))","(array([0.]), array([0.]), array([0.]))","(array([0.]), array([0.]), array([0.]))","(array([0.]), array([0.]), array([0.]))","(array([0.]), array([0.]), array([0.]))"
(0.5000002532179654+0j),[-0.24653442],[1.],[0.96913404],[1.],"(array([0.]), array([0.]), array([0.]))","(array([0.]), array([0.]), array([0.]))","(array([0.]), array([0.]), array([0.]))","(array([0.]), array([0.]), array([0.]))","(array([0.]), array([0.]), array([0.]))","(array([0.]), array([0.]), array([0.]))","(array([0.]), array([0.]), array([0.]))","(array([0.]), array([0.]), array([0.]))","(array([0.]), array([0.]), array([0.]))","(array([0.]), array([0.]), array([0.]))","(array([0.]), array([0.]), array([0.]))"
(0.5000002919833273+0j),[-0.0052631],[1.],[0.99998615],[1.],"(array([0.]), array([0.]), array([0.]))","(array([0.]), array([0.]), array([0.]))","(array([0.]), array([0.]), array([0.]))","(array([0.]), array([0.]), array([0.]))","(array([0.]), array([0.]), array([0.]))","(array([0.]), array([0.]), array([0.]))","(array([0.]), array([0.]), array([0.]))","(array([0.]), array([0.]), array([0.]))","(array([0.]), array([0.]), array([0.]))","(array([0.]), array([0.]), array([0.]))","(array([0.]), array([0.]), array([0.]))"
(0.5000003319827732+0j),[-0.45485606],[1.],[0.89056497],[1.],"(array([0.]), array([0.]), array([0.]))","(array([0.]), array([0.]), array([0.]))","(array([0.]), array([0.]), array([0.]))","(array([0.]), array([0.]), array([0.]))","(array([0.]), array([0.]), array([0.]))","(array([0.]), array([0.]), array([0.]))","(array([0.]), array([0.]), array([0.]))","(array([0.]), array([0.]), array([0.]))","(array([0.]), array([0.]), array([0.]))","(array([0.]), array([0.]), array([0.]))","(array([0.]), array([0.]), array([0.]))"
(0.5000003676053725+0j),[-0.96187364],[1.],[0.27349425],[1.],"(array([0.]), array([0.]), array([0.]))","(array([0.]), array([0.]), array([0.]))","(array([0.]), array([0.]), array([0.]))","(array([0.]), array([0.]), array([0.]))","(array([0.]), array([0.]), array([0.]))","(array([0.]), array([0.]), array([0.]))","(array([0.]), array([0.]), array([0.]))","(array([0.]), array([0.]), array([0.]))","(array([0.]), array([0.]), array([0.]))","(array([0.]), array([0.]), array([0.]))","(array([0.]), array([0.]), array([0.]))"
(0.5000003785451425+0j),[-0.99993407],[1.],[0.01148273],[1.],"(array([0.]), array([0.]), array([0.]))","(array([0.]), array([0.]), array([0.]))","(array([0.]), array([0.]), array([0.]))","(array([0.]), array([0.]), array([0.]))","(array([0.]), array([0.]), array([0.]))","(array([0.]), array([0.]), array([0.]))","(array([0.]), array([0.]), array([0.]))","(array([0.]), array([0.]), array([0.]))","(array([0.]), array([0.]), array([0.]))","(array([0.]), array([0.]), array([0.]))","(array([0.]), array([0.]), array([0.]))"
(0.5000003790044515+0j),[-0.80018096],[1.],[-0.59975865],[1.],"(array([0.]), array([0.]), array([0.]))","(array([0.]), array([0.]), array([0.]))","(array([0.]), array([0.]), array([0.]))","(array([0.]), array([0.]), array([0.]))","(array([0.]), array([0.]), array([0.]))","(array([0.]), array([0.]), array([0.]))","(array([0.]), array([0.]), array([0.]))","(array([0.]), array([0.]), array([0.]))","(array([0.]), array([0.]), array([0.]))","(array([0.]), array([0.]), array([0.]))","(array([0.]), array([0.]), array([0.]))"
(0.5000003550141056+0j),[-0.92270157],[1.],[-0.385515],[1.],"(array([0.]), array([0.]), array([0.]))","(array([0.]), array([0.]), array([0.]))","(array([0.]), array([0.]), array([0.]))","(array([0.]), array([0.]), array([0.]))","(array([0.]), array([0.]), array([0.]))","(array([0.]), array([0.]), array([0.]))","(array([0.]), array([0.]), array([0.]))","(array([0.]), array([0.]), array([0.]))","(array([0.]), array([0.]), array([0.]))","(array([0.]), array([0.]), array([0.]))","(array([0.]), array([0.]), array([0.]))"
(0.500000339593506+0j),[-0.92639444],[1.],[-0.37655457],[1.],"(array([0.]), array([0.]), array([0.]))","(array([0.]), array([0.]), array([0.]))","(array([0.]), array([0.]), array([0.]))","(array([0.]), array([0.]), array([0.]))","(array([0.]), array([0.]), array([0.]))","(array([0.]), array([0.]), array([0.]))","(array([0.]), array([0.]), array([0.]))","(array([0.]), array([0.]), array([0.]))","(array([0.]), array([0.]), array([0.]))","(array([0.]), array([0.]), array([0.]))","(array([0.]), array([0.]), array([0.]))"
(0.5000003245313233+0j),[-0.9875057],[1.],[-0.15758329],[1.],"(array([0.]), array([0.]), array([0.]))","(array([0.]), array([0.]), array([0.]))","(array([0.]), array([0.]), array([0.]))","(array([0.]), array([0.]), array([0.]))","(array([0.]), array([0.]), array([0.]))","(array([0.]), array([0.]), array([0.]))","(array([0.]), array([0.]), array([0.]))","(array([0.]), array([0.]), array([0.]))","(array([0.]), array([0.]), array([0.]))","(array([0.]), array([0.]), array([0.]))","(array([0.]), array([0.]), array([0.]))"
(0.5000003182279915+0j),[-0.99311524],[1.],[-0.11714145],[1.],"(array([0.]), array([0.]), array([0.]))","(array([0.]), array([0.]), array([0.]))","(array([0.]), array([0.]), array([0.]))","(array([0.]), array([0.]), array([0.]))","(array([0.]), array([0.]), array([0.]))","(array([0.]), array([0.]), array([0.]))","(array([0.]), array([0.]), array([0.]))","(array([0.]), array([0.]), array([0.]))","(array([0.]), array([0.]), array([0.]))","(array([0.]), array([0.]), array([0.]))","(array([0.]), array([0.]), array([0.]))"
(0.5000003135423339+0j),[-0.96224533],[1.],[-0.27218361],[1.],"(array([0.]), array([0.]), array([0.]))","(array([0.]), array([0.]), array([0.]))","(array([0.]), array([0.]), array([0.]))","(array([0.]), array([0.]), array([0.]))","(array([0.]), array([0.]), array([0.]))","(array([0.]), array([0.]), array([0.]))","(array([0.]), array([0.]), array([0.]))","(array([0.]), array([0.]), array([0.]))","(array([0.]), array([0.]), array([0.]))","(array([0.]), array([0.]), array([0.]))","(array([0.]), array([0.]), array([0.]))"
(0.5000003026549895+0j),[-0.96559313],[1.],[-0.26005752],[1.],"(array([0.]), array([0.]), array([0.]))","(array([0.]), array([0.]), array([0.]))","(array([0.]), array([0.]), array([0.]))","(array([0.]), array([0.]), array([0.]))","(array([0.]), array([0.]), array([0.]))","(array([0.]), array([0.]), array([0.]))","(array([0.]), array([0.]), array([0.]))","(array([0.]), array([0.]), array([0.]))","(array([0.]), array([0.]), array([0.]))","(array([0.]), array([0.]), array([0.]))","(array([0.]), array([0.]), array([0.]))"
(0.5000002922526887+0j),[-0.97852723],[1.],[0.20611756],[1.],"(array([0.]), array([0.]), array([0.]))","(array([0.]), array([0.]), array([0.]))","(array([0.]), array([0.]), array([0.]))","(array([0.]), array([0.]), array([0.]))","(array([0.]), array([0.]), array([0.]))","(array([0.]), array([0.]), array([0.]))","(array([0.]), array([0.]), array([0.]))","(array([0.]), array([0.]), array([0.]))","(array([0.]), array([0.]), array([0.]))","(array([0.]), array([0.]), array([0.]))","(array([0.]), array([0.]), array([0.]))"
(0.5000003004973909+0j),[-0.99210927],[1.],[0.12537624],[1.],"(array([0.]), array([0.]), array([0.]))","(array([0.]), array([0.]), array([0.]))","(array([0.]), array([0.]), array([0.]))","(array([0.]), array([0.]), array([0.]))","(array([0.]), array([0.]), array([0.]))","(array([0.]), array([0.]), array([0.]))","(array([0.]), array([0.]), array([0.]))","(array([0.]), array([0.]), array([0.]))","(array([0.]), array([0.]), array([0.]))","(array([0.]), array([0.]), array([0.]))","(array([0.]), array([0.]), array([0.]))"
(0.5000003055124406+0j),[-0.97695702],[1.],[-0.21343615],[1.],"(array([0.]), array([0.]), array([0.]))","(array([0.]), array([0.]), array([0.]))","(array([0.]), array([0.]), array([0.]))","(array([0.]), array([0.]), array([0.]))","(array([0.]), array([0.]), array([0.]))","(array([0.]), array([0.]), array([0.]))","(array([0.]), array([0.]), array([0.]))","(array([0.]), array([0.]), array([0.]))","(array([0.]), array([0.]), array([0.]))","(array([0.]), array([0.]), array([0.]))","(array([0.]), array([0.]), array([0.]))"
(0.5000002969749945+0j),[-0.79678286],[1.],[-0.60426573],[1.],"(array([0.]), array([0.]), array([0.]))","(array([0.]), array([0.]), array([0.]))","(array([0.]), array([0.]), array([0.]))","(array([0.]), array([0.]), array([0.]))","(array([0.]), array([0.]), array([0.]))","(array([0.]), array([0.]), array([0.]))","(array([0.]), array([0.]), array([0.]))","(array([0.]), array([0.]), array([0.]))","(array([0.]), array([0.]), array([0.]))","(array([0.]), array([0.]), array([0.]))","(array([0.]), array([0.]), array([0.]))"
(0.500000272804365+0j),[-0.73304867],[1.],[-0.68017618],[1.],"(array([0.]), array([0.]), array([0.]))","(array([0.]), array([0.]), array([0.]))","(array([0.]), array([0.]), array([0.]))","(array([0.]), array([0.]), array([0.]))","(array([0.]), array([0.]), array([0.]))","(array([0.]), array([0.]), array([0.]))","(array([0.]), array([0.]), array([0.]))","(array([0.]), array([0.]), array([0.]))","(array([0.]), array([0.]), array([0.]))","(array([0.]), array([0.]), array([0.]))","(array([0.]), array([0.]), array([0.]))"
(0.5000002455973175+0j),[-0.46841838],[1.],[-0.88350677],[1.],"(array([0.]), array([0.]), array([0.]))","(array([0.]), array([0.]), array([0.]))","(array([0.]), array([0.]), array([0.]))","(array([0.]), array([0.]), array([0.]))","(array([0.]), array([0.]), array([0.]))","(array([0.]), array([0.]), array([0.]))","(array([0.]), array([0.]), array([0.]))","(array([0.]), array([0.]), array([0.]))","(array([0.]), array([0.]), array([0.]))","(array([0.]), array([0.]), array([0.]))","(array([0.]), array([0.]), array([0.]))"
(0.5000002102570466+0j),[-0.97080015],[1.],[-0.2398897],[1.],"(array([0.]), array([0.]), array([0.]))","(array([0.]), array([0.]), array([0.]))","(array([0.]), array([0.]), array([0.]))","(array([0.]), array([0.]), array([0.]))","(array([0.]), array([0.]), array([0.]))","(array([0.]), array([0.]), array([0.]))","(array([0.]), array([0.]), array([0.]))","(array([0.]), array([0.]), array([0.]))","(array([0.]), array([0.]), array([0.]))","(array([0.]), array([0.]), array([0.]))","(array([0.]), array([0.]), array([0.]))"
(0.5000002006614576+0j),[-0.7183823],[1.],[-0.69564853],[1.],"(array([0.]), array([0.]), array([0.]))","(array([0.]), array([0.]), array([0.]))","(array([0.]), array([0.]), array([0.]))","(array([0.]), array([0.]), array([0.]))","(array([0.]), array([0.]), array([0.]))","(array([0.]), array([0.]), array([0.]))","(array([0.]), array([0.]), array([0.]))","(array([0.]), array([0.]), array([0.]))","(array([0.]), array([0.]), array([0.]))","(array([0.]), array([0.]), array([0.]))","(array([0.]), array([0.]), array([0.]))"
(0.5000001728355165+0j),[-0.3124471],[1.],[-0.94993516],[1.],"(array([0.]), array([0.]), array([0.]))","(array([0.]), array([0.]), array([0.]))","(array([0.]), array([0.]), array([0.]))","(array([0.]), array([0.]), array([0.]))","(array([0.]), array([0.]), array([0.]))","(array([0.]), array([0.]), array([0.]))","(array([0.]), array([0.]), array([0.]))","(array([0.]), array([0.]), array([0.]))","(array([0.]), array([0.]), array([0.]))","(array([0.]), array([0.]), array([0.]))","(array([0.]), array([0.]), array([0.]))"
(0.5000001348381098+0j),[-0.17998265],[1.],[-0.98366978],[1.],"(array([0.]), array([0.]), array([0.]))","(array([0.]), array([0.]), array([0.]))","(array([0.]), array([0.]), array([0.]))","(array([0.]), array([0.]), array([0.]))","(array([0.]), array([0.]), array([0.]))","(array([0.]), array([0.]), array([0.]))","(array([0.]), array([0.]), array([0.]))","(array([0.]), array([0.]), array([0.]))","(array([0.]), array([0.]), array([0.]))","(array([0.]), array([0.]), array([0.]))","(array([0.]), array([0.]), array([0.]))"
(0.5000000954913183+0j),[-0.45436905],[1.],[-0.89081354],[1.],"(array([0.]), array([0.]), array([0.]))","(array([0.]), array([0.]), array([0.]))","(array([0.]), array([0.]), array([0.]))","(array([0.]), array([0.]), array([0.]))","(array([0.]), array([0.]), array([0.]))","(array([0.]), array([0.]), array([0.]))","(array([0.]), array([0.]), array([0.]))","(array([0.]), array([0.]), array([0.]))","(array([0.]), array([0.]), array([0.]))","(array([0.]), array([0.]), array([0.]))","(array([0.]), array([0.]), array([0.]))"
(0.5000000598587767+0j),[-0.34455686],[1.],[-0.93876545],[1.],"(array([0.]), array([0.]), array([0.]))","(array([0.]), array([0.]), array([0.]))","(array([0.]), array([0.]), array([0.]))","(array([0.]), array([0.]), array([0.]))","(array([0.]), array([0.]), array([0.]))","(array([0.]), array([0.]), array([0.]))","(array([0.]), array([0.]), array([0.]))","(array([0.]), array([0.]), array([0.]))","(array([0.]), array([0.]), array([0.]))","(array([0.]), array([0.]), array([0.]))","(array([0.]), array([0.]), array([0.]))"
(0.5000000223081588+0j),[0.07654788],[1.],[-0.99706591],[1.],"(array([0.]), array([0.]), array([0.]))","(array([0.]), array([0.]), array([0.]))","(array([0.]), array([0.]), array([0.]))","(array([0.]), array([0.]), array([0.]))","(array([0.]), array([0.]), array([0.]))","(array([0.]), array([0.]), array([0.]))","(array([0.]), array([0.]), array([0.]))","(array([0.]), array([0.]), array([0.]))","(array([0.]), array([0.]), array([0.]))","(array([0.]), array([0.]), array([0.]))","(array([0.]), array([0.]), array([0.]))"
(0.49999998242552285+0j),[0.42365783],[1.],[-0.9058223],[1.],"(array([0.]), array([0.]), array([0.]))","(array([0.]), array([0.]), array([0.]))","(array([0.]), array([0.]), array([0.]))","(array([0.]), array([0.]), array([0.]))","(array([0.]), array([0.]), array([0.]))","(array([0.]), array([0.]), array([0.]))","(array([0.]), array([0.]), array([0.]))","(array([0.]), array([0.]), array([0.]))","(array([0.]), array([0.]), array([0.]))","(array([0.]), array([0.]), array([0.]))","(array([0.]), array([0.]), array([0.]))"
(0.4999999461926307+0j),[0.55997748],[1.],[-0.82850783],[1.],"(array([0.]), array([0.]), array([0.]))","(array([0.]), array([0.]), array([0.]))","(array([0.]), array([0.]), array([0.]))","(array([0.]), array([0.]), array([0.]))","(array([0.]), array([0.]), array([0.]))","(array([0.]), array([0.]), array([0.]))","(array([0.]), array([0.]), array([0.]))","(array([0.]), array([0.]), array([0.]))","(array([0.]), array([0.]), array([0.]))","(array([0.]), array([0.]), array([0.]))","(array([0.]), array([0.]), array([0.]))"
(0.49999991305231756+0j),[0.15838775],[1.],[-0.98737699],[1.],"(array([0.]), array([0.]), array([0.]))","(array([0.]), array([0.]), array([0.]))","(array([0.]), array([0.]), array([0.]))","(array([0.]), array([0.]), array([0.]))","(array([0.]), array([0.]), array([0.]))","(array([0.]), array([0.]), array([0.]))","(array([0.]), array([0.]), array([0.]))","(array([0.]), array([0.]), array([0.]))","(array([0.]), array([0.]), array([0.]))","(array([0.]), array([0.]), array([0.]))","(array([0.]), array([0.]), array([0.]))"
(0.49999987355723763+0j),[0.5616878],[1.],[-0.82734927],[1.],"(array([0.]), array([0.]), array([0.]))","(array([0.]), array([0.]), array([0.]))","(array([0.]), array([0.]), array([0.]))","(array([0.]), array([0.]), array([0.]))","(array([0.]), array([0.]), array([0.]))","(array([0.]), array([0.]), array([0.]))","(array([0.]), array([0.]), array([0.]))","(array([0.]), array([0.]), array([0.]))","(array([0.]), array([0.]), array([0.]))","(array([0.]), array([0.]), array([0.]))","(array([0.]), array([0.]), array([0.]))"
(0.4999998404632671+0j),[0.59500142],[1.],[-0.80372465],[1.],"(array([0.]), array([0.]), array([0.]))","(array([0.]), array([0.]), array([0.]))","(array([0.]), array([0.]), array([0.]))","(array([0.]), array([0.]), array([0.]))","(array([0.]), array([0.]), array([0.]))","(array([0.]), array([0.]), array([0.]))","(array([0.]), array([0.]), array([0.]))","(array([0.]), array([0.]), array([0.]))","(array([0.]), array([0.]), array([0.]))","(array([0.]), array([0.]), array([0.]))","(array([0.]), array([0.]), array([0.]))"
(0.4999998083142813+0j),[0.79038271],[1.],[-0.61261339],[1.],"(array([0.]), array([0.]), array([0.]))","(array([0.]), array([0.]), array([0.]))","(array([0.]), array([0.]), array([0.]))","(array([0.]), array([0.]), array([0.]))","(array([0.]), array([0.]), array([0.]))","(array([0.]), array([0.]), array([0.]))","(array([0.]), array([0.]), array([0.]))","(array([0.]), array([0.]), array([0.]))","(array([0.]), array([0.]), array([0.]))","(array([0.]), array([0.]), array([0.]))","(array([0.]), array([0.]), array([0.]))"
(0.4999997838097462+0j),[0.69344465],[1.],[-0.7205099],[1.],"(array([0.]), array([0.]), array([0.]))","(array([0.]), array([0.]), array([0.]))","(array([0.]), array([0.]), array([0.]))","(array([0.]), array([0.]), array([0.]))","(array([0.]), array([0.]), array([0.]))","(array([0.]), array([0.]), array([0.]))","(array([0.]), array([0.]), array([0.]))","(array([0.]), array([0.]), array([0.]))","(array([0.]), array([0.]), array([0.]))","(array([0.]), array([0.]), array([0.]))","(array([0.]), array([0.]), array([0.]))"
(0.4999997549893498+0j),[0.55524245],[1.],[-0.83168854],[1.],"(array([0.]), array([0.]), array([0.]))","(array([0.]), array([0.]), array([0.]))","(array([0.]), array([0.]), array([0.]))","(array([0.]), array([0.]), array([0.]))","(array([0.]), array([0.]), array([0.]))","(array([0.]), array([0.]), array([0.]))","(array([0.]), array([0.]), array([0.]))","(array([0.]), array([0.]), array([0.]))","(array([0.]), array([0.]), array([0.]))","(array([0.]), array([0.]), array([0.]))","(array([0.]), array([0.]), array([0.]))"
(0.49999972172180845+0j),[0.94705384],[1.],[-0.32107479],[1.],"(array([0.]), array([0.]), array([0.]))","(array([0.]), array([0.]), array([0.]))","(array([0.]), array([0.]), array([0.]))","(array([0.]), array([0.]), array([0.]))","(array([0.]), array([0.]), array([0.]))","(array([0.]), array([0.]), array([0.]))","(array([0.]), array([0.]), array([0.]))","(array([0.]), array([0.]), array([0.]))","(array([0.]), array([0.]), array([0.]))","(array([0.]), array([0.]), array([0.]))","(array([0.]), array([0.]), array([0.]))"
(0.4999997088788166+0j),[0.17558],[1.],[-0.98446517],[1.],"(array([0.]), array([0.]), array([0.]))","(array([0.]), array([0.]), array([0.]))","(array([0.]), array([0.]), array([0.]))","(array([0.]), array([0.]), array([0.]))","(array([0.]), array([0.]), array([0.]))","(array([0.]), array([0.]), array([0.]))","(array([0.]), array([0.]), array([0.]))","(array([0.]), array([0.]), array([0.]))","(array([0.]), array([0.]), array([0.]))","(array([0.]), array([0.]), array([0.]))","(array([0.]), array([0.]), array([0.]))"
(0.4999996695002098+0j),[0.09157321],[1.],[-0.99579835],[1.],"(array([0.]), array([0.]), array([0.]))","(array([0.]), array([0.]), array([0.]))","(array([0.]), array([0.]), array([0.]))","(array([0.]), array([0.]), array([0.]))","(array([0.]), array([0.]), array([0.]))","(array([0.]), array([0.]), array([0.]))","(array([0.]), array([0.]), array([0.]))","(array([0.]), array([0.]), array([0.]))","(array([0.]), array([0.]), array([0.]))","(array([0.]), array([0.]), array([0.]))","(array([0.]), array([0.]), array([0.]))"
(0.49999962966827577+0j),[0.31407476],[1.],[-0.94939825],[1.],"(array([0.]), array([0.]), array([0.]))","(array([0.]), array([0.]), array([0.]))","(array([0.]), array([0.]), array([0.]))","(array([0.]), array([0.]), array([0.]))","(array([0.]), array([0.]), array([0.]))","(array([0.]), array([0.]), array([0.]))","(array([0.]), array([0.]), array([0.]))","(array([0.]), array([0.]), array([0.]))","(array([0.]), array([0.]), array([0.]))","(array([0.]), array([0.]), array([0.]))","(array([0.]), array([0.]), array([0.]))"
(0.49999959169234587+0j),[0.6588482],[1.],[-0.75227591],[1.],"(array([0.]), array([0.]), array([0.]))","(array([0.]), array([0.]), array([0.]))","(array([0.]), array([0.]), array([0.]))","(array([0.]), array([0.]), array([0.]))","(array([0.]), array([0.]), array([0.]))","(array([0.]), array([0.]), array([0.]))","(array([0.]), array([0.]), array([0.]))","(array([0.]), array([0.]), array([0.]))","(array([0.]), array([0.]), array([0.]))","(array([0.]), array([0.]), array([0.]))","(array([0.]), array([0.]), array([0.]))"
(0.4999995616013095+0j),[0.74152679],[1.],[-0.67092326],[1.],"(array([0.]), array([0.]), array([0.]))","(array([0.]), array([0.]), array([0.]))","(array([0.]), array([0.]), array([0.]))","(array([0.]), array([0.]), array([0.]))","(array([0.]), array([0.]), array([0.]))","(array([0.]), array([0.]), array([0.]))","(array([0.]), array([0.]), array([0.]))","(array([0.]), array([0.]), array([0.]))","(array([0.]), array([0.]), array([0.]))","(array([0.]), array([0.]), array([0.]))","(array([0.]), array([0.]), array([0.]))"
(0.49999953476437947+0j),[0.73190556],[1.],[-0.68140608],[1.],"(array([0.]), array([0.]), array([0.]))","(array([0.]), array([0.]), array([0.]))","(array([0.]), array([0.]), array([0.]))","(array([0.]), array([0.]), array([0.]))","(array([0.]), array([0.]), array([0.]))","(array([0.]), array([0.]), array([0.]))","(array([0.]), array([0.]), array([0.]))","(array([0.]), array([0.]), array([0.]))","(array([0.]), array([0.]), array([0.]))","(array([0.]), array([0.]), array([0.]))","(array([0.]), array([0.]), array([0.]))"
(0.4999995075081362+0j),[0.52690196],[1.],[-0.84992607],[1.],"(array([0.]), array([0.]), array([0.]))","(array([0.]), array([0.]), array([0.]))","(array([0.]), array([0.]), array([0.]))","(array([0.]), array([0.]), array([0.]))","(array([0.]), array([0.]), array([0.]))","(array([0.]), array([0.]), array([0.]))","(array([0.]), array([0.]), array([0.]))","(array([0.]), array([0.]), array([0.]))","(array([0.]), array([0.]), array([0.]))","(array([0.]), array([0.]), array([0.]))","(array([0.]), array([0.]), array([0.]))"
(0.4999994735110936+0j),[0.52476373],[1.],[-0.85124792],[1.],"(array([0.]), array([0.]), array([0.]))","(array([0.]), array([0.]), array([0.]))","(array([0.]), array([0.]), array([0.]))","(array([0.]), array([0.]), array([0.]))","(array([0.]), array([0.]), array([0.]))","(array([0.]), array([0.]), array([0.]))","(array([0.]), array([0.]), array([0.]))","(array([0.]), array([0.]), array([0.]))","(array([0.]), array([0.]), array([0.]))","(array([0.]), array([0.]), array([0.]))","(array([0.]), array([0.]), array([0.]))"
(0.4999994394611771+0j),[0.32972191],[1.],[-0.9440781],[1.],"(array([0.]), array([0.]), array([0.]))","(array([0.]), array([0.]), array([0.]))","(array([0.]), array([0.]), array([0.]))","(array([0.]), array([0.]), array([0.]))","(array([0.]), array([0.]), array([0.]))","(array([0.]), array([0.]), array([0.]))","(array([0.]), array([0.]), array([0.]))","(array([0.]), array([0.]), array([0.]))","(array([0.]), array([0.]), array([0.]))","(array([0.]), array([0.]), array([0.]))","(array([0.]), array([0.]), array([0.]))"
(0.49999940169805324+0j),[0.87039355],[1.],[-0.49235666],[1.],"(array([0.]), array([0.]), array([0.]))","(array([0.]), array([0.]), array([0.]))","(array([0.]), array([0.]), array([0.]))","(array([0.]), array([0.]), array([0.]))","(array([0.]), array([0.]), array([0.]))","(array([0.]), array([0.]), array([0.]))","(array([0.]), array([0.]), array([0.]))","(array([0.]), array([0.]), array([0.]))","(array([0.]), array([0.]), array([0.]))","(array([0.]), array([0.]), array([0.]))","(array([0.]), array([0.]), array([0.]))"
(0.49999938200378724+0j),[0.98414327],[1.],[-0.17737535],[1.],"(array([0.]), array([0.]), array([0.]))","(array([0.]), array([0.]), array([0.]))","(array([0.]), array([0.]), array([0.]))","(array([0.]), array([0.]), array([0.]))","(array([0.]), array([0.]), array([0.]))","(array([0.]), array([0.]), array([0.]))","(array([0.]), array([0.]), array([0.]))","(array([0.]), array([0.]), array([0.]))","(array([0.]), array([0.]), array([0.]))","(array([0.]), array([0.]), array([0.]))","(array([0.]), array([0.]), array([0.]))"
(0.49999937490877244+0j),[0.96328187],[1.],[0.26849217],[1.],"(array([0.]), array([0.]), array([0.]))","(array([0.]), array([0.]), array([0.]))","(array([0.]), array([0.]), array([0.]))","(array([0.]), array([0.]), array([0.]))","(array([0.]), array([0.]), array([0.]))","(array([0.]), array([0.]), array([0.]))","(array([0.]), array([0.]), array([0.]))","(array([0.]), array([0.]), array([0.]))","(array([0.]), array([0.]), array([0.]))","(array([0.]), array([0.]), array([0.]))","(array([0.]), array([0.]), array([0.]))"
(0.4999993856484597+0j),[0.98041828],[1.],[0.1969264],[1.],"(array([0.]), array([0.]), array([0.]))","(array([0.]), array([0.]), array([0.]))","(array([0.]), array([0.]), array([0.]))","(array([0.]), array([0.]), array([0.]))","(array([0.]), array([0.]), array([0.]))","(array([0.]), array([0.]), array([0.]))","(array([0.]), array([0.]), array([0.]))","(array([0.]), array([0.]), array([0.]))","(array([0.]), array([0.]), array([0.]))","(array([0.]), array([0.]), array([0.]))","(array([0.]), array([0.]), array([0.]))"
(0.499999393525515+0j),[0.99997821],[1.],[-0.00660143],[1.],"(array([0.]), array([0.]), array([0.]))","(array([0.]), array([0.]), array([0.]))","(array([0.]), array([0.]), array([0.]))","(array([0.]), array([0.]), array([0.]))","(array([0.]), array([0.]), array([0.]))","(array([0.]), array([0.]), array([0.]))","(array([0.]), array([0.]), array([0.]))","(array([0.]), array([0.]), array([0.]))","(array([0.]), array([0.]), array([0.]))","(array([0.]), array([0.]), array([0.]))","(array([0.]), array([0.]), array([0.]))"
(0.49999939326145737+0j),[0.79665701],[1.],[0.60443164],[1.],"(array([0.]), array([0.]), array([0.]))","(array([0.]), array([0.]), array([0.]))","(array([0.]), array([0.]), array([0.]))","(array([0.]), array([0.]), array([0.]))","(array([0.]), array([0.]), array([0.]))","(array([0.]), array([0.]), array([0.]))","(array([0.]), array([0.]), array([0.]))","(array([0.]), array([0.]), array([0.]))","(array([0.]), array([0.]), array([0.]))","(array([0.]), array([0.]), array([0.]))","(array([0.]), array([0.]), array([0.]))"
(0.499999417438723+0j),[0.74906135],[1.],[0.66250064],[1.],"(array([0.]), array([0.]), array([0.]))","(array([0.]), array([0.]), array([0.]))","(array([0.]), array([0.]), array([0.]))","(array([0.]), array([0.]), array([0.]))","(array([0.]), array([0.]), array([0.]))","(array([0.]), array([0.]), array([0.]))","(array([0.]), array([0.]), array([0.]))","(array([0.]), array([0.]), array([0.]))","(array([0.]), array([0.]), array([0.]))","(array([0.]), array([0.]), array([0.]))","(array([0.]), array([0.]), array([0.]))"
(0.49999944393874884+0j),[0.92117143],[1.],[0.38915704],[1.],"(array([0.]), array([0.]), array([0.]))","(array([0.]), array([0.]), array([0.]))","(array([0.]), array([0.]), array([0.]))","(array([0.]), array([0.]), array([0.]))","(array([0.]), array([0.]), array([0.]))","(array([0.]), array([0.]), array([0.]))","(array([0.]), array([0.]), array([0.]))","(array([0.]), array([0.]), array([0.]))","(array([0.]), array([0.]), array([0.]))","(array([0.]), array([0.]), array([0.]))","(array([0.]), array([0.]), array([0.]))"
(0.4999994595050302+0j),[0.99995469],[1.],[-0.00951885],[1.],"(array([0.]), array([0.]), array([0.]))","(array([0.]), array([0.]), array([0.]))","(array([0.]), array([0.]), array([0.]))","(array([0.]), array([0.]), array([0.]))","(array([0.]), array([0.]), array([0.]))","(array([0.]), array([0.]), array([0.]))","(array([0.]), array([0.]), array([0.]))","(array([0.]), array([0.]), array([0.]))","(array([0.]), array([0.]), array([0.]))","(array([0.]), array([0.]), array([0.]))","(array([0.]), array([0.]), array([0.]))"
(0.4999994591242759+0j),[0.88266244],[1.],[0.47000746],[1.],"(array([0.]), array([0.]), array([0.]))","(array([0.]), array([0.]), array([0.]))","(array([0.]), array([0.]), array([0.]))","(array([0.]), array([0.]), array([0.]))","(array([0.]), array([0.]), array([0.]))","(array([0.]), array([0.]), array([0.]))","(array([0.]), array([0.]), array([0.]))","(array([0.]), array([0.]), array([0.]))","(array([0.]), array([0.]), array([0.]))","(array([0.]), array([0.]), array([0.]))","(array([0.]), array([0.]), array([0.]))"
(0.4999994779245739+0j),[0.97191686],[1.],[0.2353245],[1.],"(array([0.]), array([0.]), array([0.]))","(array([0.]), array([0.]), array([0.]))","(array([0.]), array([0.]), array([0.]))","(array([0.]), array([0.]), array([0.]))","(array([0.]), array([0.]), array([0.]))","(array([0.]), array([0.]), array([0.]))","(array([0.]), array([0.]), array([0.]))","(array([0.]), array([0.]), array([0.]))","(array([0.]), array([0.]), array([0.]))","(array([0.]), array([0.]), array([0.]))","(array([0.]), array([0.]), array([0.]))"
(0.4999994873375543+0j),[0.99628496],[1.],[0.08611783],[1.],"(array([0.]), array([0.]), array([0.]))","(array([0.]), array([0.]), array([0.]))","(array([0.]), array([0.]), array([0.]))","(array([0.]), array([0.]), array([0.]))","(array([0.]), array([0.]), array([0.]))","(array([0.]), array([0.]), array([0.]))","(array([0.]), array([0.]), array([0.]))","(array([0.]), array([0.]), array([0.]))","(array([0.]), array([0.]), array([0.]))","(array([0.]), array([0.]), array([0.]))","(array([0.]), array([0.]), array([0.]))"
(0.4999994907822674+0j),[0.96072968],[1.],[0.27748602],[1.],"(array([0.]), array([0.]), array([0.]))","(array([0.]), array([0.]), array([0.]))","(array([0.]), array([0.]), array([0.]))","(array([0.]), array([0.]), array([0.]))","(array([0.]), array([0.]), array([0.]))","(array([0.]), array([0.]), array([0.]))","(array([0.]), array([0.]), array([0.]))","(array([0.]), array([0.]), array([0.]))","(array([0.]), array([0.]), array([0.]))","(array([0.]), array([0.]), array([0.]))","(array([0.]), array([0.]), array([0.]))"
(0.4999995018817084+0j),[0.8271862],[1.],[-0.56192792],[1.],"(array([0.]), array([0.]), array([0.]))","(array([0.]), array([0.]), array([0.]))","(array([0.]), array([0.]), array([0.]))","(array([0.]), array([0.]), array([0.]))","(array([0.]), array([0.]), array([0.]))","(array([0.]), array([0.]), array([0.]))","(array([0.]), array([0.]), array([0.]))","(array([0.]), array([0.]), array([0.]))","(array([0.]), array([0.]), array([0.]))","(array([0.]), array([0.]), array([0.]))","(array([0.]), array([0.]), array([0.]))"
(0.49999947940459166+0j),[0.99535629],[1.],[-0.09625936],[1.],"(array([0.]), array([0.]), array([0.]))","(array([0.]), array([0.]), array([0.]))","(array([0.]), array([0.]), array([0.]))","(array([0.]), array([0.]), array([0.]))","(array([0.]), array([0.]), array([0.]))","(array([0.]), array([0.]), array([0.]))","(array([0.]), array([0.]), array([0.]))","(array([0.]), array([0.]), array([0.]))","(array([0.]), array([0.]), array([0.]))","(array([0.]), array([0.]), array([0.]))","(array([0.]), array([0.]), array([0.]))"
(0.4999994755542171+0j),[0.99961813],[1.],[0.02763313],[1.],"(array([0.]), array([0.]), array([0.]))","(array([0.]), array([0.]), array([0.]))","(array([0.]), array([0.]), array([0.]))","(array([0.]), array([0.]), array([0.]))","(array([0.]), array([0.]), array([0.]))","(array([0.]), array([0.]), array([0.]))","(array([0.]), array([0.]), array([0.]))","(array([0.]), array([0.]), array([0.]))","(array([0.]), array([0.]), array([0.]))","(array([0.]), array([0.]), array([0.]))","(array([0.]), array([0.]), array([0.]))"
(0.4999994766595425+0j),[0.98459483],[1.],[-0.17485145],[1.],"(array([0.]), array([0.]), array([0.]))","(array([0.]), array([0.]), array([0.]))","(array([0.]), array([0.]), array([0.]))","(array([0.]), array([0.]), array([0.]))","(array([0.]), array([0.]), array([0.]))","(array([0.]), array([0.]), array([0.]))","(array([0.]), array([0.]), array([0.]))","(array([0.]), array([0.]), array([0.]))","(array([0.]), array([0.]), array([0.]))","(array([0.]), array([0.]), array([0.]))","(array([0.]), array([0.]), array([0.]))"
(0.49999946966548486+0j),[0.9598079],[1.],[-0.28065779],[1.],"(array([0.]), array([0.]), array([0.]))","(array([0.]), array([0.]), array([0.]))","(array([0.]), array([0.]), array([0.]))","(array([0.]), array([0.]), array([0.]))","(array([0.]), array([0.]), array([0.]))","(array([0.]), array([0.]), array([0.]))","(array([0.]), array([0.]), array([0.]))","(array([0.]), array([0.]), array([0.]))","(array([0.]), array([0.]), array([0.]))","(array([0.]), array([0.]), array([0.]))","(array([0.]), array([0.]), array([0.]))"
(0.49999945843917365+0j),[0.97846708],[1.],[-0.20640295],[1.],"(array([0.]), array([0.]), array([0.]))","(array([0.]), array([0.]), array([0.]))","(array([0.]), array([0.]), array([0.]))","(array([0.]), array([0.]), array([0.]))","(array([0.]), array([0.]), array([0.]))","(array([0.]), array([0.]), array([0.]))","(array([0.]), array([0.]), array([0.]))","(array([0.]), array([0.]), array([0.]))","(array([0.]), array([0.]), array([0.]))","(array([0.]), array([0.]), array([0.]))","(array([0.]), array([0.]), array([0.]))"
(0.49999945018305547+0j),[0.67953997],[1.],[-0.73363849],[1.],"(array([0.]), array([0.]), array([0.]))","(array([0.]), array([0.]), array([0.]))","(array([0.]), array([0.]), array([0.]))","(array([0.]), array([0.]), array([0.]))","(array([0.]), array([0.]), array([0.]))","(array([0.]), array([0.]), array([0.]))","(array([0.]), array([0.]), array([0.]))","(array([0.]), array([0.]), array([0.]))","(array([0.]), array([0.]), array([0.]))","(array([0.]), array([0.]), array([0.]))","(array([0.]), array([0.]), array([0.]))"
(0.4999994208375158+0j),[0.10058711],[1.],[-0.99492826],[1.],"(array([0.]), array([0.]), array([0.]))","(array([0.]), array([0.]), array([0.]))","(array([0.]), array([0.]), array([0.]))","(array([0.]), array([0.]), array([0.]))","(array([0.]), array([0.]), array([0.]))","(array([0.]), array([0.]), array([0.]))","(array([0.]), array([0.]), array([0.]))","(array([0.]), array([0.]), array([0.]))","(array([0.]), array([0.]), array([0.]))","(array([0.]), array([0.]), array([0.]))","(array([0.]), array([0.]), array([0.]))"
(0.4999993810403852+0j),[-0.30258375],[1.],[-0.9531228],[1.],"(array([0.]), array([0.]), array([0.]))","(array([0.]), array([0.]), array([0.]))","(array([0.]), array([0.]), array([0.]))","(array([0.]), array([0.]), array([0.]))","(array([0.]), array([0.]), array([0.]))","(array([0.]), array([0.]), array([0.]))","(array([0.]), array([0.]), array([0.]))","(array([0.]), array([0.]), array([0.]))","(array([0.]), array([0.]), array([0.]))","(array([0.]), array([0.]), array([0.]))","(array([0.]), array([0.]), array([0.]))"
(0.499999342915473+0j),[-0.68554484],[1.],[-0.7280304],[1.],"(array([0.]), array([0.]), array([0.]))","(array([0.]), array([0.]), array([0.]))","(array([0.]), array([0.]), array([0.]))","(array([0.]), array([0.]), array([0.]))","(array([0.]), array([0.]), array([0.]))","(array([0.]), array([0.]), array([0.]))","(array([0.]), array([0.]), array([0.]))","(array([0.]), array([0.]), array([0.]))","(array([0.]), array([0.]), array([0.]))","(array([0.]), array([0.]), array([0.]))","(array([0.]), array([0.]), array([0.]))"
(0.49999931379425716+0j),[-0.66745489],[1.],[-0.74465023],[1.],"(array([0.]), array([0.]), array([0.]))","(array([0.]), array([0.]), array([0.]))","(array([0.]), array([0.]), array([0.]))","(array([0.]), array([0.]), array([0.]))","(array([0.]), array([0.]), array([0.]))","(array([0.]), array([0.]), array([0.]))","(array([0.]), array([0.]), array([0.]))","(array([0.]), array([0.]), array([0.]))","(array([0.]), array([0.]), array([0.]))","(array([0.]), array([0.]), array([0.]))","(array([0.]), array([0.]), array([0.]))"
(0.4999992840082477+0j),[-0.20833594],[1.],[-0.97805733],[1.],"(array([0.]), array([0.]), array([0.]))","(array([0.]), array([0.]), array([0.]))","(array([0.]), array([0.]), array([0.]))","(array([0.]), array([0.]), array([0.]))","(array([0.]), array([0.]), array([0.]))","(array([0.]), array([0.]), array([0.]))","(array([0.]), array([0.]), array([0.]))","(array([0.]), array([0.]), array([0.]))","(array([0.]), array([0.]), array([0.]))","(array([0.]), array([0.]), array([0.]))","(array([0.]), array([0.]), array([0.]))"
(0.49999924488595465+0j),[-0.92772787],[1.],[-0.37325729],[1.],"(array([0.]), array([0.]), array([0.]))","(array([0.]), array([0.]), array([0.]))","(array([0.]), array([0.]), array([0.]))","(array([0.]), array([0.]), array([0.]))","(array([0.]), array([0.]), array([0.]))","(array([0.]), array([0.]), array([0.]))","(array([0.]), array([0.]), array([0.]))","(array([0.]), array([0.]), array([0.]))","(array([0.]), array([0.]), array([0.]))","(array([0.]), array([0.]), array([0.]))","(array([0.]), array([0.]), array([0.]))"
(0.4999992299556628+0j),[-0.68896633],[1.],[-0.72479335],[1.],"(array([0.]), array([0.]), array([0.]))","(array([0.]), array([0.]), array([0.]))","(array([0.]), array([0.]), array([0.]))","(array([0.]), array([0.]), array([0.]))","(array([0.]), array([0.]), array([0.]))","(array([0.]), array([0.]), array([0.]))","(array([0.]), array([0.]), array([0.]))","(array([0.]), array([0.]), array([0.]))","(array([0.]), array([0.]), array([0.]))","(array([0.]), array([0.]), array([0.]))","(array([0.]), array([0.]), array([0.]))"
(0.49999920096392875+0j),[-0.98270976],[1.],[0.18515269],[1.],"(array([0.]), array([0.]), array([0.]))","(array([0.]), array([0.]), array([0.]))","(array([0.]), array([0.]), array([0.]))","(array([0.]), array([0.]), array([0.]))","(array([0.]), array([0.]), array([0.]))","(array([0.]), array([0.]), array([0.]))","(array([0.]), array([0.]), array([0.]))","(array([0.]), array([0.]), array([0.]))","(array([0.]), array([0.]), array([0.]))","(array([0.]), array([0.]), array([0.]))","(array([0.]), array([0.]), array([0.]))"
(0.49999920837003575+0j),[-0.9916416],[1.],[0.12902304],[1.],"(array([0.]), array([0.]), array([0.]))","(array([0.]), array([0.]), array([0.]))","(array([0.]), array([0.]), array([0.]))","(array([0.]), array([0.]), array([0.]))","(array([0.]), array([0.]), array([0.]))","(array([0.]), array([0.]), array([0.]))","(array([0.]), array([0.]), array([0.]))","(array([0.]), array([0.]), array([0.]))","(array([0.]), array([0.]), array([0.]))","(array([0.]), array([0.]), array([0.]))","(array([0.]), array([0.]), array([0.]))"
(0.4999992135309578+0j),[-0.97296576],[1.],[0.2309494],[1.],"(array([0.]), array([0.]), array([0.]))","(array([0.]), array([0.]), array([0.]))","(array([0.]), array([0.]), array([0.]))","(array([0.]), array([0.]), array([0.]))","(array([0.]), array([0.]), array([0.]))","(array([0.]), array([0.]), array([0.]))","(array([0.]), array([0.]), array([0.]))","(array([0.]), array([0.]), array([0.]))","(array([0.]), array([0.]), array([0.]))","(array([0.]), array([0.]), array([0.]))","(array([0.]), array([0.]), array([0.]))"
(0.4999992227689336+0j),[-0.98763727],[1.],[0.15675655],[1.],"(array([0.]), array([0.]), array([0.]))","(array([0.]), array([0.]), array([0.]))","(array([0.]), array([0.]), array([0.]))","(array([0.]), array([0.]), array([0.]))","(array([0.]), array([0.]), array([0.]))","(array([0.]), array([0.]), array([0.]))","(array([0.]), array([0.]), array([0.]))","(array([0.]), array([0.]), array([0.]))","(array([0.]), array([0.]), array([0.]))","(array([0.]), array([0.]), array([0.]))","(array([0.]), array([0.]), array([0.]))"
(0.49999922903919564+0j),[-0.83322128],[1.],[0.55293968],[1.],"(array([0.]), array([0.]), array([0.]))","(array([0.]), array([0.]), array([0.]))","(array([0.]), array([0.]), array([0.]))","(array([0.]), array([0.]), array([0.]))","(array([0.]), array([0.]), array([0.]))","(array([0.]), array([0.]), array([0.]))","(array([0.]), array([0.]), array([0.]))","(array([0.]), array([0.]), array([0.]))","(array([0.]), array([0.]), array([0.]))","(array([0.]), array([0.]), array([0.]))","(array([0.]), array([0.]), array([0.]))"
(0.49999925115678323+0j),[-0.93636496],[1.],[0.351028],[1.],"(array([0.]), array([0.]), array([0.]))","(array([0.]), array([0.]), array([0.]))","(array([0.]), array([0.]), array([0.]))","(array([0.]), array([0.]), array([0.]))","(array([0.]), array([0.]), array([0.]))","(array([0.]), array([0.]), array([0.]))","(array([0.]), array([0.]), array([0.]))","(array([0.]), array([0.]), array([0.]))","(array([0.]), array([0.]), array([0.]))","(array([0.]), array([0.]), array([0.]))","(array([0.]), array([0.]), array([0.]))"
(0.4999992651979024+0j),[-0.37817295],[1.],[0.92573496],[1.],"(array([0.]), array([0.]), array([0.]))","(array([0.]), array([0.]), array([0.]))","(array([0.]), array([0.]), array([0.]))","(array([0.]), array([0.]), array([0.]))","(array([0.]), array([0.]), array([0.]))","(array([0.]), array([0.]), array([0.]))","(array([0.]), array([0.]), array([0.]))","(array([0.]), array([0.]), array([0.]))","(array([0.]), array([0.]), array([0.]))","(array([0.]), array([0.]), array([0.]))","(array([0.]), array([0.]), array([0.]))"
(0.4999993022273009+0j),[-0.14800417],[1.],[0.98898674],[1.],"(array([0.]), array([0.]), array([0.]))","(array([0.]), array([0.]), array([0.]))","(array([0.]), array([0.]), array([0.]))","(array([0.]), array([0.]), array([0.]))","(array([0.]), array([0.]), array([0.]))","(array([0.]), array([0.]), array([0.]))","(array([0.]), array([0.]), array([0.]))","(array([0.]), array([0.]), array([0.]))","(array([0.]), array([0.]), array([0.]))","(array([0.]), array([0.]), array([0.]))","(array([0.]), array([0.]), array([0.]))"
(0.4999993417867705+0j),[-0.07039659],[1.],[0.99751908],[1.],"(array([0.]), array([0.]), array([0.]))","(array([0.]), array([0.]), array([0.]))","(array([0.]), array([0.]), array([0.]))","(array([0.]), array([0.]), array([0.]))","(array([0.]), array([0.]), array([0.]))","(array([0.]), array([0.]), array([0.]))","(array([0.]), array([0.]), array([0.]))","(array([0.]), array([0.]), array([0.]))","(array([0.]), array([0.]), array([0.]))","(array([0.]), array([0.]), array([0.]))","(array([0.]), array([0.]), array([0.]))"
(0.49999938168753433+0j),[-0.31968665],[1.],[0.94752332],[1.],"(array([0.]), array([0.]), array([0.]))","(array([0.]), array([0.]), array([0.]))","(array([0.]), array([0.]), array([0.]))","(array([0.]), array([0.]), array([0.]))","(array([0.]), array([0.]), array([0.]))","(array([0.]), array([0.]), array([0.]))","(array([0.]), array([0.]), array([0.]))","(array([0.]), array([0.]), array([0.]))","(array([0.]), array([0.]), array([0.]))","(array([0.]), array([0.]), array([0.]))","(array([0.]), array([0.]), array([0.]))"
(0.49999941958846666+0j),[-0.1986021],[1.],[0.9800802],[1.],"(array([0.]), array([0.]), array([0.]))","(array([0.]), array([0.]), array([0.]))","(array([0.]), array([0.]), array([0.]))","(array([0.]), array([0.]), array([0.]))","(array([0.]), array([0.]), array([0.]))","(array([0.]), array([0.]), array([0.]))","(array([0.]), array([0.]), array([0.]))","(array([0.]), array([0.]), array([0.]))","(array([0.]), array([0.]), array([0.]))","(array([0.]), array([0.]), array([0.]))","(array([0.]), array([0.]), array([0.]))"
(0.4999994587916748+0j),[-0.20002501],[1.],[0.97979079],[1.],"(array([0.]), array([0.]), array([0.]))","(array([0.]), array([0.]), array([0.]))","(array([0.]), array([0.]), array([0.]))","(array([0.]), array([0.]), array([0.]))","(array([0.]), array([0.]), array([0.]))","(array([0.]), array([0.]), array([0.]))","(array([0.]), array([0.]), array([0.]))","(array([0.]), array([0.]), array([0.]))","(array([0.]), array([0.]), array([0.]))","(array([0.]), array([0.]), array([0.]))","(array([0.]), array([0.]), array([0.]))"
(0.4999994979833064+0j),[0.60384371],[1.],[0.79710274],[1.],"(array([0.]), array([0.]), array([0.]))","(array([0.]), array([0.]), array([0.]))","(array([0.]), array([0.]), array([0.]))","(array([0.]), array([0.]), array([0.]))","(array([0.]), array([0.]), array([0.]))","(array([0.]), array([0.]), array([0.]))","(array([0.]), array([0.]), array([0.]))","(array([0.]), array([0.]), array([0.]))","(array([0.]), array([0.]), array([0.]))","(array([0.]), array([0.]), array([0.]))","(array([0.]), array([0.]), array([0.]))"
(0.499999529867416+0j),[0.87573593],[1.],[0.48279042],[1.],"(array([0.]), array([0.]), array([0.]))","(array([0.]), array([0.]), array([0.]))","(array([0.]), array([0.]), array([0.]))","(array([0.]), array([0.]), array([0.]))","(array([0.]), array([0.]), array([0.]))","(array([0.]), array([0.]), array([0.]))","(array([0.]), array([0.]), array([0.]))","(array([0.]), array([0.]), array([0.]))","(array([0.]), array([0.]), array([0.]))","(array([0.]), array([0.]), array([0.]))","(array([0.]), array([0.]), array([0.]))"
(0.49999954917903344+0j),[0.36097364],[1.],[0.93257602],[1.],"(array([0.]), array([0.]), array([0.]))","(array([0.]), array([0.]), array([0.]))","(array([0.]), array([0.]), array([0.]))","(array([0.]), array([0.]), array([0.]))","(array([0.]), array([0.]), array([0.]))","(array([0.]), array([0.]), array([0.]))","(array([0.]), array([0.]), array([0.]))","(array([0.]), array([0.]), array([0.]))","(array([0.]), array([0.]), array([0.]))","(array([0.]), array([0.]), array([0.]))","(array([0.]), array([0.]), array([0.]))"
(0.499999586482074+0j),[0.86898372],[1.],[0.49484068],[1.],"(array([0.]), array([0.]), array([0.]))","(array([0.]), array([0.]), array([0.]))","(array([0.]), array([0.]), array([0.]))","(array([0.]), array([0.]), array([0.]))","(array([0.]), array([0.]), array([0.]))","(array([0.]), array([0.]), array([0.]))","(array([0.]), array([0.]), array([0.]))","(array([0.]), array([0.]), array([0.]))","(array([0.]), array([0.]), array([0.]))","(array([0.]), array([0.]), array([0.]))","(array([0.]), array([0.]), array([0.]))"
(0.4999996062757015+0j),[-0.00817269],[1.],[0.9999666],[1.],"(array([0.]), array([0.]), array([0.]))","(array([0.]), array([0.]), array([0.]))","(array([0.]), array([0.]), array([0.]))","(array([0.]), array([0.]), array([0.]))","(array([0.]), array([0.]), array([0.]))","(array([0.]), array([0.]), array([0.]))","(array([0.]), array([0.]), array([0.]))","(array([0.]), array([0.]), array([0.]))","(array([0.]), array([0.]), array([0.]))","(array([0.]), array([0.]), array([0.]))","(array([0.]), array([0.]), array([0.]))"
(0.4999996462743661+0j),[0.62950028],[1.],[0.77700026],[1.],"(array([0.]), array([0.]), array([0.]))","(array([0.]), array([0.]), array([0.]))","(array([0.]), array([0.]), array([0.]))","(array([0.]), array([0.]), array([0.]))","(array([0.]), array([0.]), array([0.]))","(array([0.]), array([0.]), array([0.]))","(array([0.]), array([0.]), array([0.]))","(array([0.]), array([0.]), array([0.]))","(array([0.]), array([0.]), array([0.]))","(array([0.]), array([0.]), array([0.]))","(array([0.]), array([0.]), array([0.]))"
(0.49999967735437634+0j),[-0.16180938],[1.],[0.98682203],[1.],"(array([0.]), array([0.]), array([0.]))","(array([0.]), array([0.]), array([0.]))","(array([0.]), array([0.]), array([0.]))","(array([0.]), array([0.]), array([0.]))","(array([0.]), array([0.]), array([0.]))","(array([0.]), array([0.]), array([0.]))","(array([0.]), array([0.]), array([0.]))","(array([0.]), array([0.]), array([0.]))","(array([0.]), array([0.]), array([0.]))","(array([0.]), array([0.]), array([0.]))","(array([0.]), array([0.]), array([0.]))"
(0.49999971682725736+0j),[-0.16147052],[1.],[0.98687754],[1.],"(array([0.]), array([0.]), array([0.]))","(array([0.]), array([0.]), array([0.]))","(array([0.]), array([0.]), array([0.]))","(array([0.]), array([0.]), array([0.]))","(array([0.]), array([0.]), array([0.]))","(array([0.]), array([0.]), array([0.]))","(array([0.]), array([0.]), array([0.]))","(array([0.]), array([0.]), array([0.]))","(array([0.]), array([0.]), array([0.]))","(array([0.]), array([0.]), array([0.]))","(array([0.]), array([0.]), array([0.]))"
(0.4999997563023586+0j),[0.1997618],[1.],[0.97984449],[1.],"(array([0.]), array([0.]), array([0.]))","(array([0.]), array([0.]), array([0.]))","(array([0.]), array([0.]), array([0.]))","(array([0.]), array([0.]), array([0.]))","(array([0.]), array([0.]), array([0.]))","(array([0.]), array([0.]), array([0.]))","(array([0.]), array([0.]), array([0.]))","(array([0.]), array([0.]), array([0.]))","(array([0.]), array([0.]), array([0.]))","(array([0.]), array([0.]), array([0.]))","(array([0.]), array([0.]), array([0.]))"
(0.4999997954961383+0j),[0.19637349],[1.],[0.98052917],[1.],"(array([0.]), array([0.]), array([0.]))","(array([0.]), array([0.]), array([0.]))","(array([0.]), array([0.]), array([0.]))","(array([0.]), array([0.]), array([0.]))","(array([0.]), array([0.]), array([0.]))","(array([0.]), array([0.]), array([0.]))","(array([0.]), array([0.]), array([0.]))","(array([0.]), array([0.]), array([0.]))","(array([0.]), array([0.]), array([0.]))","(array([0.]), array([0.]), array([0.]))","(array([0.]), array([0.]), array([0.]))"
(0.4999998347173051+0j),[-0.28922024],[1.],[0.95726258],[1.],"(array([0.]), array([0.]), array([0.]))","(array([0.]), array([0.]), array([0.]))","(array([0.]), array([0.]), array([0.]))","(array([0.]), array([0.]), array([0.]))","(array([0.]), array([0.]), array([0.]))","(array([0.]), array([0.]), array([0.]))","(array([0.]), array([0.]), array([0.]))","(array([0.]), array([0.]), array([0.]))","(array([0.]), array([0.]), array([0.]))","(array([0.]), array([0.]), array([0.]))","(array([0.]), array([0.]), array([0.]))"
(0.4999998730078079+0j),[0.2552661],[1.],[0.96687084],[1.],"(array([0.]), array([0.]), array([0.]))","(array([0.]), array([0.]), array([0.]))","(array([0.]), array([0.]), array([0.]))","(array([0.]), array([0.]), array([0.]))","(array([0.]), array([0.]), array([0.]))","(array([0.]), array([0.]), array([0.]))","(array([0.]), array([0.]), array([0.]))","(array([0.]), array([0.]), array([0.]))","(array([0.]), array([0.]), array([0.]))","(array([0.]), array([0.]), array([0.]))","(array([0.]), array([0.]), array([0.]))"
(0.4999999116826416+0j),[-0.51218489],[1.],[0.85887522],[1.],"(array([0.]), array([0.]), array([0.]))","(array([0.]), array([0.]), array([0.]))","(array([0.]), array([0.]), array([0.]))","(array([0.]), array([0.]), array([0.]))","(array([0.]), array([0.]), array([0.]))","(array([0.]), array([0.]), array([0.]))","(array([0.]), array([0.]), array([0.]))","(array([0.]), array([0.]), array([0.]))","(array([0.]), array([0.]), array([0.]))","(array([0.]), array([0.]), array([0.]))","(array([0.]), array([0.]), array([0.]))"
(0.4999999460376504+0j),[-0.92864529],[1.],[0.3709689],[1.],"(array([0.]), array([0.]), array([0.]))","(array([0.]), array([0.]), array([0.]))","(array([0.]), array([0.]), array([0.]))","(array([0.]), array([0.]), array([0.]))","(array([0.]), array([0.]), array([0.]))","(array([0.]), array([0.]), array([0.]))","(array([0.]), array([0.]), array([0.]))","(array([0.]), array([0.]), array([0.]))","(array([0.]), array([0.]), array([0.]))","(array([0.]), array([0.]), array([0.]))","(array([0.]), array([0.]), array([0.]))"
(0.4999999608764067+0j),[-0.54118334],[1.],[0.84090463],[1.],"(array([0.]), array([0.]), array([0.]))","(array([0.]), array([0.]), array([0.]))","(array([0.]), array([0.]), array([0.]))","(array([0.]), array([0.]), array([0.]))","(array([0.]), array([0.]), array([0.]))","(array([0.]), array([0.]), array([0.]))","(array([0.]), array([0.]), array([0.]))","(array([0.]), array([0.]), array([0.]))","(array([0.]), array([0.]), array([0.]))","(array([0.]), array([0.]), array([0.]))","(array([0.]), array([0.]), array([0.]))"
(0.49999999451259197+0j),[-0.81842189],[1.],[0.57461779],[1.],"(array([0.]), array([0.]), array([0.]))","(array([0.]), array([0.]), array([0.]))","(array([0.]), array([0.]), array([0.]))","(array([0.]), array([0.]), array([0.]))","(array([0.]), array([0.]), array([0.]))","(array([0.]), array([0.]), array([0.]))","(array([0.]), array([0.]), array([0.]))","(array([0.]), array([0.]), array([0.]))","(array([0.]), array([0.]), array([0.]))","(array([0.]), array([0.]), array([0.]))","(array([0.]), array([0.]), array([0.]))"
(0.5000000174973035+0j),[-0.75019254],[1.],[0.66121945],[1.],"(array([0.]), array([0.]), array([0.]))","(array([0.]), array([0.]), array([0.]))","(array([0.]), array([0.]), array([0.]))","(array([0.]), array([0.]), array([0.]))","(array([0.]), array([0.]), array([0.]))","(array([0.]), array([0.]), array([0.]))","(array([0.]), array([0.]), array([0.]))","(array([0.]), array([0.]), array([0.]))","(array([0.]), array([0.]), array([0.]))","(array([0.]), array([0.]), array([0.]))","(array([0.]), array([0.]), array([0.]))"
(0.5000000439460813+0j),[-0.46724493],[1.],[0.88412792],[1.],"(array([0.]), array([0.]), array([0.]))","(array([0.]), array([0.]), array([0.]))","(array([0.]), array([0.]), array([0.]))","(array([0.]), array([0.]), array([0.]))","(array([0.]), array([0.]), array([0.]))","(array([0.]), array([0.]), array([0.]))","(array([0.]), array([0.]), array([0.]))","(array([0.]), array([0.]), array([0.]))","(array([0.]), array([0.]), array([0.]))","(array([0.]), array([0.]), array([0.]))","(array([0.]), array([0.]), array([0.]))"
(0.5000000793111984+0j),[-0.50880189],[1.],[0.86088364],[1.],"(array([0.]), array([0.]), array([0.]))","(array([0.]), array([0.]), array([0.]))","(array([0.]), array([0.]), array([0.]))","(array([0.]), array([0.]), array([0.]))","(array([0.]), array([0.]), array([0.]))","(array([0.]), array([0.]), array([0.]))","(array([0.]), array([0.]), array([0.]))","(array([0.]), array([0.]), array([0.]))","(array([0.]), array([0.]), array([0.]))","(array([0.]), array([0.]), array([0.]))","(array([0.]), array([0.]), array([0.]))"
(0.5000001137465441+0j),[-0.39873657],[1.],[0.91706551],[1.],"(array([0.]), array([0.]), array([0.]))","(array([0.]), array([0.]), array([0.]))","(array([0.]), array([0.]), array([0.]))","(array([0.]), array([0.]), array([0.]))","(array([0.]), array([0.]), array([0.]))","(array([0.]), array([0.]), array([0.]))","(array([0.]), array([0.]), array([0.]))","(array([0.]), array([0.]), array([0.]))","(array([0.]), array([0.]), array([0.]))","(array([0.]), array([0.]), array([0.]))","(array([0.]), array([0.]), array([0.]))"
(0.5000001504291639+0j),[-0.34870432],[1.],[0.93723279],[1.],"(array([0.]), array([0.]), array([0.]))","(array([0.]), array([0.]), array([0.]))","(array([0.]), array([0.]), array([0.]))","(array([0.]), array([0.]), array([0.]))","(array([0.]), array([0.]), array([0.]))","(array([0.]), array([0.]), array([0.]))","(array([0.]), array([0.]), array([0.]))","(array([0.]), array([0.]), array([0.]))","(array([0.]), array([0.]), array([0.]))","(array([0.]), array([0.]), array([0.]))","(array([0.]), array([0.]), array([0.]))"
(0.5000001879184753+0j),[-0.25748634],[1.],[0.96628194],[1.],"(array([0.]), array([0.]), array([0.]))","(array([0.]), array([0.]), array([0.]))","(array([0.]), array([0.]), array([0.]))","(array([0.]), array([0.]), array([0.]))","(array([0.]), array([0.]), array([0.]))","(array([0.]), array([0.]), array([0.]))","(array([0.]), array([0.]), array([0.]))","(array([0.]), array([0.]), array([0.]))","(array([0.]), array([0.]), array([0.]))","(array([0.]), array([0.]), array([0.]))","(array([0.]), array([0.]), array([0.]))"
(0.5000002265697532+0j),[0.26716026],[1.],[0.96365211],[1.],"(array([0.]), array([0.]), array([0.]))","(array([0.]), array([0.]), array([0.]))","(array([0.]), array([0.]), array([0.]))","(array([0.]), array([0.]), array([0.]))","(array([0.]), array([0.]), array([0.]))","(array([0.]), array([0.]), array([0.]))","(array([0.]), array([0.]), array([0.]))","(array([0.]), array([0.]), array([0.]))","(array([0.]), array([0.]), array([0.]))","(array([0.]), array([0.]), array([0.]))","(array([0.]), array([0.]), array([0.]))"
(0.5000002651158376+0j),[0.63517883],[1.],[0.7723651],[1.],"(array([0.]), array([0.]), array([0.]))","(array([0.]), array([0.]), array([0.]))","(array([0.]), array([0.]), array([0.]))","(array([0.]), array([0.]), array([0.]))","(array([0.]), array([0.]), array([0.]))","(array([0.]), array([0.]), array([0.]))","(array([0.]), array([0.]), array([0.]))","(array([0.]), array([0.]), array([0.]))","(array([0.]), array([0.]), array([0.]))","(array([0.]), array([0.]), array([0.]))","(array([0.]), array([0.]), array([0.]))"
(0.5000002960104418+0j),[0.73988865],[1.],[0.67272936],[1.],"(array([0.]), array([0.]), array([0.]))","(array([0.]), array([0.]), array([0.]))","(array([0.]), array([0.]), array([0.]))","(array([0.]), array([0.]), array([0.]))","(array([0.]), array([0.]), array([0.]))","(array([0.]), array([0.]), array([0.]))","(array([0.]), array([0.]), array([0.]))","(array([0.]), array([0.]), array([0.]))","(array([0.]), array([0.]), array([0.]))","(array([0.]), array([0.]), array([0.]))","(array([0.]), array([0.]), array([0.]))"
(0.5000003229196163+0j),[0.94682149],[1.],[0.32175932],[1.],"(array([0.]), array([0.]), array([0.]))","(array([0.]), array([0.]), array([0.]))","(array([0.]), array([0.]), array([0.]))","(array([0.]), array([0.]), array([0.]))","(array([0.]), array([0.]), array([0.]))","(array([0.]), array([0.]), array([0.]))","(array([0.]), array([0.]), array([0.]))","(array([0.]), array([0.]), array([0.]))","(array([0.]), array([0.]), array([0.]))","(array([0.]), array([0.]), array([0.]))","(array([0.]), array([0.]), array([0.]))"
(0.500000335789989+0j),[0.84197039],[1.],[0.53952374],[1.],"(array([0.]), array([0.]), array([0.]))","(array([0.]), array([0.]), array([0.]))","(array([0.]), array([0.]), array([0.]))","(array([0.]), array([0.]), array([0.]))","(array([0.]), array([0.]), array([0.]))","(array([0.]), array([0.]), array([0.]))","(array([0.]), array([0.]), array([0.]))","(array([0.]), array([0.]), array([0.]))","(array([0.]), array([0.]), array([0.]))","(array([0.]), array([0.]), array([0.]))","(array([0.]), array([0.]), array([0.]))"
(0.5000003573709392+0j),[0.61241151],[1.],[0.79053915],[1.],"(array([0.]), array([0.]), array([0.]))","(array([0.]), array([0.]), array([0.]))","(array([0.]), array([0.]), array([0.]))","(array([0.]), array([0.]), array([0.]))","(array([0.]), array([0.]), array([0.]))","(array([0.]), array([0.]), array([0.]))","(array([0.]), array([0.]), array([0.]))","(array([0.]), array([0.]), array([0.]))","(array([0.]), array([0.]), array([0.]))","(array([0.]), array([0.]), array([0.]))","(array([0.]), array([0.]), array([0.]))"
(0.500000388992505+0j),[0.20956886],[1.],[0.97779389],[1.],"(array([0.]), array([0.]), array([0.]))","(array([0.]), array([0.]), array([0.]))","(array([0.]), array([0.]), array([0.]))","(array([0.]), array([0.]), array([0.]))","(array([0.]), array([0.]), array([0.]))","(array([0.]), array([0.]), array([0.]))","(array([0.]), array([0.]), array([0.]))","(array([0.]), array([0.]), array([0.]))","(array([0.]), array([0.]), array([0.]))","(array([0.]), array([0.]), array([0.]))","(array([0.]), array([0.]), array([0.]))"
(0.5000004281042607+0j),[0.53271834],[1.],[0.8462926],[1.],"(array([0.]), array([0.]), array([0.]))","(array([0.]), array([0.]), array([0.]))","(array([0.]), array([0.]), array([0.]))","(array([0.]), array([0.]), array([0.]))","(array([0.]), array([0.]), array([0.]))","(array([0.]), array([0.]), array([0.]))","(array([0.]), array([0.]), array([0.]))","(array([0.]), array([0.]), array([0.]))","(array([0.]), array([0.]), array([0.]))","(array([0.]), array([0.]), array([0.]))","(array([0.]), array([0.]), array([0.]))"
(0.5000004619559651+0j),[0.9603938],[1.],[0.27864627],[1.],"(array([0.]), array([0.]), array([0.]))","(array([0.]), array([0.]), array([0.]))","(array([0.]), array([0.]), array([0.]))","(array([0.]), array([0.]), array([0.]))","(array([0.]), array([0.]), array([0.]))","(array([0.]), array([0.]), array([0.]))","(array([0.]), array([0.]), array([0.]))","(array([0.]), array([0.]), array([0.]))","(array([0.]), array([0.]), array([0.]))","(array([0.]), array([0.]), array([0.]))","(array([0.]), array([0.]), array([0.]))"
(0.5000004731018157+0j),[0.97028971],[1.],[0.24194604],[1.],"(array([0.]), array([0.]), array([0.]))","(array([0.]), array([0.]), array([0.]))","(array([0.]), array([0.]), array([0.]))","(array([0.]), array([0.]), array([0.]))","(array([0.]), array([0.]), array([0.]))","(array([0.]), array([0.]), array([0.]))","(array([0.]), array([0.]), array([0.]))","(array([0.]), array([0.]), array([0.]))","(array([0.]), array([0.]), array([0.]))","(array([0.]), array([0.]), array([0.]))","(array([0.]), array([0.]), array([0.]))"
(0.5000004827796571+0j),[0.42735339],[1.],[0.90408466],[1.],"(array([0.]), array([0.]), array([0.]))","(array([0.]), array([0.]), array([0.]))","(array([0.]), array([0.]), array([0.]))","(array([0.]), array([0.]), array([0.]))","(array([0.]), array([0.]), array([0.]))","(array([0.]), array([0.]), array([0.]))","(array([0.]), array([0.]), array([0.]))","(array([0.]), array([0.]), array([0.]))","(array([0.]), array([0.]), array([0.]))","(array([0.]), array([0.]), array([0.]))","(array([0.]), array([0.]), array([0.]))"
(0.5000005189430434+0j),[0.21243388],[1.],[0.97717544],[1.],"(array([0.]), array([0.]), array([0.]))","(array([0.]), array([0.]), array([0.]))","(array([0.]), array([0.]), array([0.]))","(array([0.]), array([0.]), array([0.]))","(array([0.]), array([0.]), array([0.]))","(array([0.]), array([0.]), array([0.]))","(array([0.]), array([0.]), array([0.]))","(array([0.]), array([0.]), array([0.]))","(array([0.]), array([0.]), array([0.]))","(array([0.]), array([0.]), array([0.]))","(array([0.]), array([0.]), array([0.]))"
(0.5000005580300612+0j),[0.41082681],[1.],[0.91171341],[1.],"(array([0.]), array([0.]), array([0.]))","(array([0.]), array([0.]), array([0.]))","(array([0.]), array([0.]), array([0.]))","(array([0.]), array([0.]), array([0.]))","(array([0.]), array([0.]), array([0.]))","(array([0.]), array([0.]), array([0.]))","(array([0.]), array([0.]), array([0.]))","(array([0.]), array([0.]), array([0.]))","(array([0.]), array([0.]), array([0.]))","(array([0.]), array([0.]), array([0.]))","(array([0.]), array([0.]), array([0.]))"
(0.5000005944985974+0j),[0.5279565],[1.],[0.84927141],[1.],"(array([0.]), array([0.]), array([0.]))","(array([0.]), array([0.]), array([0.]))","(array([0.]), array([0.]), array([0.]))","(array([0.]), array([0.]), array([0.]))","(array([0.]), array([0.]), array([0.]))","(array([0.]), array([0.]), array([0.]))","(array([0.]), array([0.]), array([0.]))","(array([0.]), array([0.]), array([0.]))","(array([0.]), array([0.]), array([0.]))","(array([0.]), array([0.]), array([0.]))","(array([0.]), array([0.]), array([0.]))"
(0.5000006284694537+0j),[0.5630758],[1.],[0.82640526],[1.],"(array([0.]), array([0.]), array([0.]))","(array([0.]), array([0.]), array([0.]))","(array([0.]), array([0.]), array([0.]))","(array([0.]), array([0.]), array([0.]))","(array([0.]), array([0.]), array([0.]))","(array([0.]), array([0.]), array([0.]))","(array([0.]), array([0.]), array([0.]))","(array([0.]), array([0.]), array([0.]))","(array([0.]), array([0.]), array([0.]))","(array([0.]), array([0.]), array([0.]))","(array([0.]), array([0.]), array([0.]))"
(0.500000661525664+0j),[0.86256292],[1.],[0.50594982],[1.],"(array([0.]), array([0.]), array([0.]))","(array([0.]), array([0.]), array([0.]))","(array([0.]), array([0.]), array([0.]))","(array([0.]), array([0.]), array([0.]))","(array([0.]), array([0.]), array([0.]))","(array([0.]), array([0.]), array([0.]))","(array([0.]), array([0.]), array([0.]))","(array([0.]), array([0.]), array([0.]))","(array([0.]), array([0.]), array([0.]))","(array([0.]), array([0.]), array([0.]))","(array([0.]), array([0.]), array([0.]))"
(0.500000681763657+0j),[0.99327017],[1.],[0.11582045],[1.],"(array([0.]), array([0.]), array([0.]))","(array([0.]), array([0.]), array([0.]))","(array([0.]), array([0.]), array([0.]))","(array([0.]), array([0.]), array([0.]))","(array([0.]), array([0.]), array([0.]))","(array([0.]), array([0.]), array([0.]))","(array([0.]), array([0.]), array([0.]))","(array([0.]), array([0.]), array([0.]))","(array([0.]), array([0.]), array([0.]))","(array([0.]), array([0.]), array([0.]))","(array([0.]), array([0.]), array([0.]))"
(0.5000006863964749+0j),[0.75463801],[1.],[0.65614135],[1.],"(array([0.]), array([0.]), array([0.]))","(array([0.]), array([0.]), array([0.]))","(array([0.]), array([0.]), array([0.]))","(array([0.]), array([0.]), array([0.]))","(array([0.]), array([0.]), array([0.]))","(array([0.]), array([0.]), array([0.]))","(array([0.]), array([0.]), array([0.]))","(array([0.]), array([0.]), array([0.]))","(array([0.]), array([0.]), array([0.]))","(array([0.]), array([0.]), array([0.]))","(array([0.]), array([0.]), array([0.]))"
(0.5000007126421284+0j),[0.86717597],[1.],[0.49800184],[1.],"(array([0.]), array([0.]), array([0.]))","(array([0.]), array([0.]), array([0.]))","(array([0.]), array([0.]), array([0.]))","(array([0.]), array([0.]), array([0.]))","(array([0.]), array([0.]), array([0.]))","(array([0.]), array([0.]), array([0.]))","(array([0.]), array([0.]), array([0.]))","(array([0.]), array([0.]), array([0.]))","(array([0.]), array([0.]), array([0.]))","(array([0.]), array([0.]), array([0.]))","(array([0.]), array([0.]), array([0.]))"
(0.5000007325622025+0j),[0.65842817],[1.],[0.75264357],[1.],"(array([0.]), array([0.]), array([0.]))","(array([0.]), array([0.]), array([0.]))","(array([0.]), array([0.]), array([0.]))","(array([0.]), array([0.]), array([0.]))","(array([0.]), array([0.]), array([0.]))","(array([0.]), array([0.]), array([0.]))","(array([0.]), array([0.]), array([0.]))","(array([0.]), array([0.]), array([0.]))","(array([0.]), array([0.]), array([0.]))","(array([0.]), array([0.]), array([0.]))","(array([0.]), array([0.]), array([0.]))"
(0.5000007626679448+0j),[0.73308989],[1.],[0.68013176],[1.],"(array([0.]), array([0.]), array([0.]))","(array([0.]), array([0.]), array([0.]))","(array([0.]), array([0.]), array([0.]))","(array([0.]), array([0.]), array([0.]))","(array([0.]), array([0.]), array([0.]))","(array([0.]), array([0.]), array([0.]))","(array([0.]), array([0.]), array([0.]))","(array([0.]), array([0.]), array([0.]))","(array([0.]), array([0.]), array([0.]))","(array([0.]), array([0.]), array([0.]))","(array([0.]), array([0.]), array([0.]))"
(0.5000007898732148+0j),[0.98169233],[1.],[0.19047355],[1.],"(array([0.]), array([0.]), array([0.]))","(array([0.]), array([0.]), array([0.]))","(array([0.]), array([0.]), array([0.]))","(array([0.]), array([0.]), array([0.]))","(array([0.]), array([0.]), array([0.]))","(array([0.]), array([0.]), array([0.]))","(array([0.]), array([0.]), array([0.]))","(array([0.]), array([0.]), array([0.]))","(array([0.]), array([0.]), array([0.]))","(array([0.]), array([0.]), array([0.]))","(array([0.]), array([0.]), array([0.]))"
(0.5000007974921572+0j),[0.80957344],[1.],[-0.5870186],[1.],"(array([0.]), array([0.]), array([0.]))","(array([0.]), array([0.]), array([0.]))","(array([0.]), array([0.]), array([0.]))","(array([0.]), array([0.]), array([0.]))","(array([0.]), array([0.]), array([0.]))","(array([0.]), array([0.]), array([0.]))","(array([0.]), array([0.]), array([0.]))","(array([0.]), array([0.]), array([0.]))","(array([0.]), array([0.]), array([0.]))","(array([0.]), array([0.]), array([0.]))","(array([0.]), array([0.]), array([0.]))"
(0.500000774011413+0j),[0.58944902],[1.],[-0.80780558],[1.],"(array([0.]), array([0.]), array([0.]))","(array([0.]), array([0.]), array([0.]))","(array([0.]), array([0.]), array([0.]))","(array([0.]), array([0.]), array([0.]))","(array([0.]), array([0.]), array([0.]))","(array([0.]), array([0.]), array([0.]))","(array([0.]), array([0.]), array([0.]))","(array([0.]), array([0.]), array([0.]))","(array([0.]), array([0.]), array([0.]))","(array([0.]), array([0.]), array([0.]))","(array([0.]), array([0.]), array([0.]))"
(0.5000007416991898+0j),[0.75555217],[1.],[-0.65508849],[1.],"(array([0.]), array([0.]), array([0.]))","(array([0.]), array([0.]), array([0.]))","(array([0.]), array([0.]), array([0.]))","(array([0.]), array([0.]), array([0.]))","(array([0.]), array([0.]), array([0.]))","(array([0.]), array([0.]), array([0.]))","(array([0.]), array([0.]), array([0.]))","(array([0.]), array([0.]), array([0.]))","(array([0.]), array([0.]), array([0.]))","(array([0.]), array([0.]), array([0.]))","(array([0.]), array([0.]), array([0.]))"
(0.50000071549565+0j),[0.84873282],[1.],[-0.5288219],[1.],"(array([0.]), array([0.]), array([0.]))","(array([0.]), array([0.]), array([0.]))","(array([0.]), array([0.]), array([0.]))","(array([0.]), array([0.]), array([0.]))","(array([0.]), array([0.]), array([0.]))","(array([0.]), array([0.]), array([0.]))","(array([0.]), array([0.]), array([0.]))","(array([0.]), array([0.]), array([0.]))","(array([0.]), array([0.]), array([0.]))","(array([0.]), array([0.]), array([0.]))","(array([0.]), array([0.]), array([0.]))"
(0.500000694342774+0j),[0.69984979],[1.],[-0.71429005],[1.],"(array([0.]), array([0.]), array([0.]))","(array([0.]), array([0.]), array([0.]))","(array([0.]), array([0.]), array([0.]))","(array([0.]), array([0.]), array([0.]))","(array([0.]), array([0.]), array([0.]))","(array([0.]), array([0.]), array([0.]))","(array([0.]), array([0.]), array([0.]))","(array([0.]), array([0.]), array([0.]))","(array([0.]), array([0.]), array([0.]))","(array([0.]), array([0.]), array([0.]))","(array([0.]), array([0.]), array([0.]))"
(0.5000006657711722+0j),[0.93806713],[1.],[-0.34645356],[1.],"(array([0.]), array([0.]), array([0.]))","(array([0.]), array([0.]), array([0.]))","(array([0.]), array([0.]), array([0.]))","(array([0.]), array([0.]), array([0.]))","(array([0.]), array([0.]), array([0.]))","(array([0.]), array([0.]), array([0.]))","(array([0.]), array([0.]), array([0.]))","(array([0.]), array([0.]), array([0.]))","(array([0.]), array([0.]), array([0.]))","(array([0.]), array([0.]), array([0.]))","(array([0.]), array([0.]), array([0.]))"
(0.5000006519130296+0j),[0.94811925],[1.],[-0.31791491],[1.],"(array([0.]), array([0.]), array([0.]))","(array([0.]), array([0.]), array([0.]))","(array([0.]), array([0.]), array([0.]))","(array([0.]), array([0.]), array([0.]))","(array([0.]), array([0.]), array([0.]))","(array([0.]), array([0.]), array([0.]))","(array([0.]), array([0.]), array([0.]))","(array([0.]), array([0.]), array([0.]))","(array([0.]), array([0.]), array([0.]))","(array([0.]), array([0.]), array([0.]))","(array([0.]), array([0.]), array([0.]))"
(0.5000006391964332+0j),[0.82867304],[1.],[-0.55973297],[1.],"(array([0.]), array([0.]), array([0.]))","(array([0.]), array([0.]), array([0.]))","(array([0.]), array([0.]), array([0.]))","(array([0.]), array([0.]), array([0.]))","(array([0.]), array([0.]), array([0.]))","(array([0.]), array([0.]), array([0.]))","(array([0.]), array([0.]), array([0.]))","(array([0.]), array([0.]), array([0.]))","(array([0.]), array([0.]), array([0.]))","(array([0.]), array([0.]), array([0.]))","(array([0.]), array([0.]), array([0.]))"
(0.5000006168071142+0j),[0.53623274],[1.],[-0.84407017],[1.],"(array([0.]), array([0.]), array([0.]))","(array([0.]), array([0.]), array([0.]))","(array([0.]), array([0.]), array([0.]))","(array([0.]), array([0.]), array([0.]))","(array([0.]), array([0.]), array([0.]))","(array([0.]), array([0.]), array([0.]))","(array([0.]), array([0.]), array([0.]))","(array([0.]), array([0.]), array([0.]))","(array([0.]), array([0.]), array([0.]))","(array([0.]), array([0.]), array([0.]))","(array([0.]), array([0.]), array([0.]))"
(0.5000005830443075+0j),[0.64331332],[1.],[-0.76560301],[1.],"(array([0.]), array([0.]), array([0.]))","(array([0.]), array([0.]), array([0.]))","(array([0.]), array([0.]), array([0.]))","(array([0.]), array([0.]), array([0.]))","(array([0.]), array([0.]), array([0.]))","(array([0.]), array([0.]), array([0.]))","(array([0.]), array([0.]), array([0.]))","(array([0.]), array([0.]), array([0.]))","(array([0.]), array([0.]), array([0.]))","(array([0.]), array([0.]), array([0.]))","(array([0.]), array([0.]), array([0.]))"
(0.5000005524201871+0j),[0.5085003],[1.],[-0.86106181],[1.],"(array([0.]), array([0.]), array([0.]))","(array([0.]), array([0.]), array([0.]))","(array([0.]), array([0.]), array([0.]))","(array([0.]), array([0.]), array([0.]))","(array([0.]), array([0.]), array([0.]))","(array([0.]), array([0.]), array([0.]))","(array([0.]), array([0.]), array([0.]))","(array([0.]), array([0.]), array([0.]))","(array([0.]), array([0.]), array([0.]))","(array([0.]), array([0.]), array([0.]))","(array([0.]), array([0.]), array([0.]))"
(0.500000517977715+0j),[-0.07582388],[1.],[-0.99712123],[1.],"(array([0.]), array([0.]), array([0.]))","(array([0.]), array([0.]), array([0.]))","(array([0.]), array([0.]), array([0.]))","(array([0.]), array([0.]), array([0.]))","(array([0.]), array([0.]), array([0.]))","(array([0.]), array([0.]), array([0.]))","(array([0.]), array([0.]), array([0.]))","(array([0.]), array([0.]), array([0.]))","(array([0.]), array([0.]), array([0.]))","(array([0.]), array([0.]), array([0.]))","(array([0.]), array([0.]), array([0.]))"
(0.5000004780928659+0j),[-0.21081573],[1.],[-0.97752582],[1.],"(array([0.]), array([0.]), array([0.]))","(array([0.]), array([0.]), array([0.]))","(array([0.]), array([0.]), array([0.]))","(array([0.]), array([0.]), array([0.]))","(array([0.]), array([0.]), array([0.]))","(array([0.]), array([0.]), array([0.]))","(array([0.]), array([0.]), array([0.]))","(array([0.]), array([0.]), array([0.]))","(array([0.]), array([0.]), array([0.]))","(array([0.]), array([0.]), array([0.]))","(array([0.]), array([0.]), array([0.]))"
(0.5000004389918324+0j),[0.52709342],[1.],[-0.84980735],[1.],"(array([0.]), array([0.]), array([0.]))","(array([0.]), array([0.]), array([0.]))","(array([0.]), array([0.]), array([0.]))","(array([0.]), array([0.]), array([0.]))","(array([0.]), array([0.]), array([0.]))","(array([0.]), array([0.]), array([0.]))","(array([0.]), array([0.]), array([0.]))","(array([0.]), array([0.]), array([0.]))","(array([0.]), array([0.]), array([0.]))","(array([0.]), array([0.]), array([0.]))","(array([0.]), array([0.]), array([0.]))"
(0.5000004049995387+0j),[0.44334538],[1.],[-0.89635087],[1.],"(array([0.]), array([0.]), array([0.]))","(array([0.]), array([0.]), array([0.]))","(array([0.]), array([0.]), array([0.]))","(array([0.]), array([0.]), array([0.]))","(array([0.]), array([0.]), array([0.]))","(array([0.]), array([0.]), array([0.]))","(array([0.]), array([0.]), array([0.]))","(array([0.]), array([0.]), array([0.]))","(array([0.]), array([0.]), array([0.]))","(array([0.]), array([0.]), array([0.]))","(array([0.]), array([0.]), array([0.]))"
(0.5000003691455045+0j),[0.33996995],[1.],[-0.9404363],[1.],"(array([0.]), array([0.]), array([0.]))","(array([0.]), array([0.]), array([0.]))","(array([0.]), array([0.]), array([0.]))","(array([0.]), array([0.]), array([0.]))","(array([0.]), array([0.]), array([0.]))","(array([0.]), array([0.]), array([0.]))","(array([0.]), array([0.]), array([0.]))","(array([0.]), array([0.]), array([0.]))","(array([0.]), array([0.]), array([0.]))","(array([0.]), array([0.]), array([0.]))","(array([0.]), array([0.]), array([0.]))"
(0.5000003315280527+0j),[0.51014499],[1.],[-0.86008842],[1.],"(array([0.]), array([0.]), array([0.]))","(array([0.]), array([0.]), array([0.]))","(array([0.]), array([0.]), array([0.]))","(array([0.]), array([0.]), array([0.]))","(array([0.]), array([0.]), array([0.]))","(array([0.]), array([0.]), array([0.]))","(array([0.]), array([0.]), array([0.]))","(array([0.]), array([0.]), array([0.]))","(array([0.]), array([0.]), array([0.]))","(array([0.]), array([0.]), array([0.]))","(array([0.]), array([0.]), array([0.]))"
(0.5000002971245161+0j),[0.49351914],[1.],[-0.86973494],[1.],"(array([0.]), array([0.]), array([0.]))","(array([0.]), array([0.]), array([0.]))","(array([0.]), array([0.]), array([0.]))","(array([0.]), array([0.]), array([0.]))","(array([0.]), array([0.]), array([0.]))","(array([0.]), array([0.]), array([0.]))","(array([0.]), array([0.]), array([0.]))","(array([0.]), array([0.]), array([0.]))","(array([0.]), array([0.]), array([0.]))","(array([0.]), array([0.]), array([0.]))","(array([0.]), array([0.]), array([0.]))"
(0.5000002623351194+0j),[0.92321129],[1.],[-0.38429276],[1.],"(array([0.]), array([0.]), array([0.]))","(array([0.]), array([0.]), array([0.]))","(array([0.]), array([0.]), array([0.]))","(array([0.]), array([0.]), array([0.]))","(array([0.]), array([0.]), array([0.]))","(array([0.]), array([0.]), array([0.]))","(array([0.]), array([0.]), array([0.]))","(array([0.]), array([0.]), array([0.]))","(array([0.]), array([0.]), array([0.]))","(array([0.]), array([0.]), array([0.]))","(array([0.]), array([0.]), array([0.]))"
(0.5000002469634095+0j),[0.58028991],[1.],[-0.81440998],[1.],"(array([0.]), array([0.]), array([0.]))","(array([0.]), array([0.]), array([0.]))","(array([0.]), array([0.]), array([0.]))","(array([0.]), array([0.]), array([0.]))","(array([0.]), array([0.]), array([0.]))","(array([0.]), array([0.]), array([0.]))","(array([0.]), array([0.]), array([0.]))","(array([0.]), array([0.]), array([0.]))","(array([0.]), array([0.]), array([0.]))","(array([0.]), array([0.]), array([0.]))","(array([0.]), array([0.]), array([0.]))"
(0.5000002143870106+0j),[0.41737773],[1.],[-0.90873309],[1.],"(array([0.]), array([0.]), array([0.]))","(array([0.]), array([0.]), array([0.]))","(array([0.]), array([0.]), array([0.]))","(array([0.]), array([0.]), array([0.]))","(array([0.]), array([0.]), array([0.]))","(array([0.]), array([0.]), array([0.]))","(array([0.]), array([0.]), array([0.]))","(array([0.]), array([0.]), array([0.]))","(array([0.]), array([0.]), array([0.]))","(array([0.]), array([0.]), array([0.]))","(array([0.]), array([0.]), array([0.]))"
(0.5000001780376868+0j),[0.62382675],[1.],[-0.78156266],[1.],"(array([0.]), array([0.]), array([0.]))","(array([0.]), array([0.]), array([0.]))","(array([0.]), array([0.]), array([0.]))","(array([0.]), array([0.]), array([0.]))","(array([0.]), array([0.]), array([0.]))","(array([0.]), array([0.]), array([0.]))","(array([0.]), array([0.]), array([0.]))","(array([0.]), array([0.]), array([0.]))","(array([0.]), array([0.]), array([0.]))","(array([0.]), array([0.]), array([0.]))","(array([0.]), array([0.]), array([0.]))"
(0.5000001467751806+0j),[0.53816644],[1.],[-0.84283859],[1.],"(array([0.]), array([0.]), array([0.]))","(array([0.]), array([0.]), array([0.]))","(array([0.]), array([0.]), array([0.]))","(array([0.]), array([0.]), array([0.]))","(array([0.]), array([0.]), array([0.]))","(array([0.]), array([0.]), array([0.]))","(array([0.]), array([0.]), array([0.]))","(array([0.]), array([0.]), array([0.]))","(array([0.]), array([0.]), array([0.]))","(array([0.]), array([0.]), array([0.]))","(array([0.]), array([0.]), array([0.]))"
(0.5000001130616369+0j),[0.48731952],[1.],[-0.87322373],[1.],"(array([0.]), array([0.]), array([0.]))","(array([0.]), array([0.]), array([0.]))","(array([0.]), array([0.]), array([0.]))","(array([0.]), array([0.]), array([0.]))","(array([0.]), array([0.]), array([0.]))","(array([0.]), array([0.]), array([0.]))","(array([0.]), array([0.]), array([0.]))","(array([0.]), array([0.]), array([0.]))","(array([0.]), array([0.]), array([0.]))","(array([0.]), array([0.]), array([0.]))","(array([0.]), array([0.]), array([0.]))"
(0.5000000781326878+0j),[0.78038405],[1.],[-0.62530052],[1.],"(array([0.]), array([0.]), array([0.]))","(array([0.]), array([0.]), array([0.]))","(array([0.]), array([0.]), array([0.]))","(array([0.]), array([0.]), array([0.]))","(array([0.]), array([0.]), array([0.]))","(array([0.]), array([0.]), array([0.]))","(array([0.]), array([0.]), array([0.]))","(array([0.]), array([0.]), array([0.]))","(array([0.]), array([0.]), array([0.]))","(array([0.]), array([0.]), array([0.]))","(array([0.]), array([0.]), array([0.]))"
(0.5000000531206672+0j),[0.8691655],[1.],[0.49452133],[1.],"(array([0.]), array([0.]), array([0.]))","(array([0.]), array([0.]), array([0.]))","(array([0.]), array([0.]), array([0.]))","(array([0.]), array([0.]), array([0.]))","(array([0.]), array([0.]), array([0.]))","(array([0.]), array([0.]), array([0.]))","(array([0.]), array([0.]), array([0.]))","(array([0.]), array([0.]), array([0.]))","(array([0.]), array([0.]), array([0.]))","(array([0.]), array([0.]), array([0.]))","(array([0.]), array([0.]), array([0.]))"
(0.5000000729015203+0j),[-0.21813449],[1.],[0.97591872],[1.],"(array([0.]), array([0.]), array([0.]))","(array([0.]), array([0.]), array([0.]))","(array([0.]), array([0.]), array([0.]))","(array([0.]), array([0.]), array([0.]))","(array([0.]), array([0.]), array([0.]))","(array([0.]), array([0.]), array([0.]))","(array([0.]), array([0.]), array([0.]))","(array([0.]), array([0.]), array([0.]))","(array([0.]), array([0.]), array([0.]))","(array([0.]), array([0.]), array([0.]))","(array([0.]), array([0.]), array([0.]))"
(0.5000001119382688+0j),[0.63211469],[1.],[0.77487484],[1.],"(array([0.]), array([0.]), array([0.]))","(array([0.]), array([0.]), array([0.]))","(array([0.]), array([0.]), array([0.]))","(array([0.]), array([0.]), array([0.]))","(array([0.]), array([0.]), array([0.]))","(array([0.]), array([0.]), array([0.]))","(array([0.]), array([0.]), array([0.]))","(array([0.]), array([0.]), array([0.]))","(array([0.]), array([0.]), array([0.]))","(array([0.]), array([0.]), array([0.]))","(array([0.]), array([0.]), array([0.]))"
(0.5000001429332622+0j),[0.18271963],[1.],[0.98316506],[1.],"(array([0.]), array([0.]), array([0.]))","(array([0.]), array([0.]), array([0.]))","(array([0.]), array([0.]), array([0.]))","(array([0.]), array([0.]), array([0.]))","(array([0.]), array([0.]), array([0.]))","(array([0.]), array([0.]), array([0.]))","(array([0.]), array([0.]), array([0.]))","(array([0.]), array([0.]), array([0.]))","(array([0.]), array([0.]), array([0.]))","(array([0.]), array([0.]), array([0.]))","(array([0.]), array([0.]), array([0.]))"
(0.5000001822598653+0j),[0.05206245],[1.],[0.99864383],[1.],"(array([0.]), array([0.]), array([0.]))","(array([0.]), array([0.]), array([0.]))","(array([0.]), array([0.]), array([0.]))","(array([0.]), array([0.]), array([0.]))","(array([0.]), array([0.]), array([0.]))","(array([0.]), array([0.]), array([0.]))","(array([0.]), array([0.]), array([0.]))","(array([0.]), array([0.]), array([0.]))","(array([0.]), array([0.]), array([0.]))","(array([0.]), array([0.]), array([0.]))","(array([0.]), array([0.]), array([0.]))"
(0.5000002222056187+0j),[0.30285275],[1.],[0.95303736],[1.],"(array([0.]), array([0.]), array([0.]))","(array([0.]), array([0.]), array([0.]))","(array([0.]), array([0.]), array([0.]))","(array([0.]), array([0.]), array([0.]))","(array([0.]), array([0.]), array([0.]))","(array([0.]), array([0.]), array([0.]))","(array([0.]), array([0.]), array([0.]))","(array([0.]), array([0.]), array([0.]))","(array([0.]), array([0.]), array([0.]))","(array([0.]), array([0.]), array([0.]))","(array([0.]), array([0.]), array([0.]))"
(0.5000002603271132+0j),[0.14537701],[1.],[0.98937633],[1.],"(array([0.]), array([0.]), array([0.]))","(array([0.]), array([0.]), array([0.]))","(array([0.]), array([0.]), array([0.]))","(array([0.]), array([0.]), array([0.]))","(array([0.]), array([0.]), array([0.]))","(array([0.]), array([0.]), array([0.]))","(array([0.]), array([0.]), array([0.]))","(array([0.]), array([0.]), array([0.]))","(array([0.]), array([0.]), array([0.]))","(array([0.]), array([0.]), array([0.]))","(array([0.]), array([0.]), array([0.]))"
(0.500000299902167+0j),[0.62788831],[1.],[0.77830346],[1.],"(array([0.]), array([0.]), array([0.]))","(array([0.]), array([0.]), array([0.]))","(array([0.]), array([0.]), array([0.]))","(array([0.]), array([0.]), array([0.]))","(array([0.]), array([0.]), array([0.]))","(array([0.]), array([0.]), array([0.]))","(array([0.]), array([0.]), array([0.]))","(array([0.]), array([0.]), array([0.]))","(array([0.]), array([0.]), array([0.]))","(array([0.]), array([0.]), array([0.]))","(array([0.]), array([0.]), array([0.]))"
(0.5000003310343052+0j),[0.25183807],[1.],[0.96776939],[1.],"(array([0.]), array([0.]), array([0.]))","(array([0.]), array([0.]), array([0.]))","(array([0.]), array([0.]), array([0.]))","(array([0.]), array([0.]), array([0.]))","(array([0.]), array([0.]), array([0.]))","(array([0.]), array([0.]), array([0.]))","(array([0.]), array([0.]), array([0.]))","(array([0.]), array([0.]), array([0.]))","(array([0.]), array([0.]), array([0.]))","(array([0.]), array([0.]), array([0.]))","(array([0.]), array([0.]), array([0.]))"
(0.5000003697450809+0j),[0.48495245],[1.],[0.87454052],[1.],"(array([0.]), array([0.]), array([0.]))","(array([0.]), array([0.]), array([0.]))","(array([0.]), array([0.]), array([0.]))","(array([0.]), array([0.]), array([0.]))","(array([0.]), array([0.]), array([0.]))","(array([0.]), array([0.]), array([0.]))","(array([0.]), array([0.]), array([0.]))","(array([0.]), array([0.]), array([0.]))","(array([0.]), array([0.]), array([0.]))","(array([0.]), array([0.]), array([0.]))","(array([0.]), array([0.]), array([0.]))"
(0.5000004047267017+0j),[-0.41420486],[1.],[0.91018368],[1.],"(array([0.]), array([0.]), array([0.]))","(array([0.]), array([0.]), array([0.]))","(array([0.]), array([0.]), array([0.]))","(array([0.]), array([0.]), array([0.]))","(array([0.]), array([0.]), array([0.]))","(array([0.]), array([0.]), array([0.]))","(array([0.]), array([0.]), array([0.]))","(array([0.]), array([0.]), array([0.]))","(array([0.]), array([0.]), array([0.]))","(array([0.]), array([0.]), array([0.]))","(array([0.]), array([0.]), array([0.]))"
(0.5000004411340484+0j),[-0.107199],[1.],[0.99423758],[1.],"(array([0.]), array([0.]), array([0.]))","(array([0.]), array([0.]), array([0.]))","(array([0.]), array([0.]), array([0.]))","(array([0.]), array([0.]), array([0.]))","(array([0.]), array([0.]), array([0.]))","(array([0.]), array([0.]), array([0.]))","(array([0.]), array([0.]), array([0.]))","(array([0.]), array([0.]), array([0.]))","(array([0.]), array([0.]), array([0.]))","(array([0.]), array([0.]), array([0.]))","(array([0.]), array([0.]), array([0.]))"
(0.5000004809035519+0j),[0.19881204],[1.],[0.98003764],[1.],"(array([0.]), array([0.]), array([0.]))","(array([0.]), array([0.]), array([0.]))","(array([0.]), array([0.]), array([0.]))","(array([0.]), array([0.]), array([0.]))","(array([0.]), array([0.]), array([0.]))","(array([0.]), array([0.]), array([0.]))","(array([0.]), array([0.]), array([0.]))","(array([0.]), array([0.]), array([0.]))","(array([0.]), array([0.]), array([0.]))","(array([0.]), array([0.]), array([0.]))","(array([0.]), array([0.]), array([0.]))"
(0.5000005201050571+0j),[0.35625373],[1.],[0.93438925],[1.],"(array([0.]), array([0.]), array([0.]))","(array([0.]), array([0.]), array([0.]))","(array([0.]), array([0.]), array([0.]))","(array([0.]), array([0.]), array([0.]))","(array([0.]), array([0.]), array([0.]))","(array([0.]), array([0.]), array([0.]))","(array([0.]), array([0.]), array([0.]))","(array([0.]), array([0.]), array([0.]))","(array([0.]), array([0.]), array([0.]))","(array([0.]), array([0.]), array([0.]))","(array([0.]), array([0.]), array([0.]))"
(0.5000005574806272+0j),[0.47850124],[1.],[0.87808688],[1.],"(array([0.]), array([0.]), array([0.]))","(array([0.]), array([0.]), array([0.]))","(array([0.]), array([0.]), array([0.]))","(array([0.]), array([0.]), array([0.]))","(array([0.]), array([0.]), array([0.]))","(array([0.]), array([0.]), array([0.]))","(array([0.]), array([0.]), array([0.]))","(array([0.]), array([0.]), array([0.]))","(array([0.]), array([0.]), array([0.]))","(array([0.]), array([0.]), array([0.]))","(array([0.]), array([0.]), array([0.]))"
(0.5000005926041027+0j),[0.58016436],[1.],[0.81449942],[1.],"(array([0.]), array([0.]), array([0.]))","(array([0.]), array([0.]), array([0.]))","(array([0.]), array([0.]), array([0.]))","(array([0.]), array([0.]), array([0.]))","(array([0.]), array([0.]), array([0.]))","(array([0.]), array([0.]), array([0.]))","(array([0.]), array([0.]), array([0.]))","(array([0.]), array([0.]), array([0.]))","(array([0.]), array([0.]), array([0.]))","(array([0.]), array([0.]), array([0.]))","(array([0.]), array([0.]), array([0.]))"
(0.5000006251840802+0j),[0.84436112],[1.],[0.53577448],[1.],"(array([0.]), array([0.]), array([0.]))","(array([0.]), array([0.]), array([0.]))","(array([0.]), array([0.]), array([0.]))","(array([0.]), array([0.]), array([0.]))","(array([0.]), array([0.]), array([0.]))","(array([0.]), array([0.]), array([0.]))","(array([0.]), array([0.]), array([0.]))","(array([0.]), array([0.]), array([0.]))","(array([0.]), array([0.]), array([0.]))","(array([0.]), array([0.]), array([0.]))","(array([0.]), array([0.]), array([0.]))"
(0.5000006466150593+0j),[0.99090095],[1.],[0.13459309],[1.],"(array([0.]), array([0.]), array([0.]))","(array([0.]), array([0.]), array([0.]))","(array([0.]), array([0.]), array([0.]))","(array([0.]), array([0.]), array([0.]))","(array([0.]), array([0.]), array([0.]))","(array([0.]), array([0.]), array([0.]))","(array([0.]), array([0.]), array([0.]))","(array([0.]), array([0.]), array([0.]))","(array([0.]), array([0.]), array([0.]))","(array([0.]), array([0.]), array([0.]))","(array([0.]), array([0.]), array([0.]))"
(0.500000651998783+0j),[0.84866322],[1.],[0.52893358],[1.],"(array([0.]), array([0.]), array([0.]))","(array([0.]), array([0.]), array([0.]))","(array([0.]), array([0.]), array([0.]))","(array([0.]), array([0.]), array([0.]))","(array([0.]), array([0.]), array([0.]))","(array([0.]), array([0.]), array([0.]))","(array([0.]), array([0.]), array([0.]))","(array([0.]), array([0.]), array([0.]))","(array([0.]), array([0.]), array([0.]))","(array([0.]), array([0.]), array([0.]))","(array([0.]), array([0.]), array([0.]))"
(0.5000006731561264+0j),[0.99643908],[1.],[0.08431578],[1.],"(array([0.]), array([0.]), array([0.]))","(array([0.]), array([0.]), array([0.]))","(array([0.]), array([0.]), array([0.]))","(array([0.]), array([0.]), array([0.]))","(array([0.]), array([0.]), array([0.]))","(array([0.]), array([0.]), array([0.]))","(array([0.]), array([0.]), array([0.]))","(array([0.]), array([0.]), array([0.]))","(array([0.]), array([0.]), array([0.]))","(array([0.]), array([0.]), array([0.]))","(array([0.]), array([0.]), array([0.]))"
(0.5000006765287577+0j),[0.87363088],[1.],[0.48658924],[1.],"(array([0.]), array([0.]), array([0.]))","(array([0.]), array([0.]), array([0.]))","(array([0.]), array([0.]), array([0.]))","(array([0.]), array([0.]), array([0.]))","(array([0.]), array([0.]), array([0.]))","(array([0.]), array([0.]), array([0.]))","(array([0.]), array([0.]), array([0.]))","(array([0.]), array([0.]), array([0.]))","(array([0.]), array([0.]), array([0.]))","(array([0.]), array([0.]), array([0.]))","(array([0.]), array([0.]), array([0.]))"
(0.5000006959923275+0j),[0.90705383],[1.],[0.42101466],[1.],"(array([0.]), array([0.]), array([0.]))","(array([0.]), array([0.]), array([0.]))","(array([0.]), array([0.]), array([0.]))","(array([0.]), array([0.]), array([0.]))","(array([0.]), array([0.]), array([0.]))","(array([0.]), array([0.]), array([0.]))","(array([0.]), array([0.]), array([0.]))","(array([0.]), array([0.]), array([0.]))","(array([0.]), array([0.]), array([0.]))","(array([0.]), array([0.]), array([0.]))","(array([0.]), array([0.]), array([0.]))"
(0.500000712832914+0j),[0.85378827],[1.],[0.52062039],[1.],"(array([0.]), array([0.]), array([0.]))","(array([0.]), array([0.]), array([0.]))","(array([0.]), array([0.]), array([0.]))","(array([0.]), array([0.]), array([0.]))","(array([0.]), array([0.]), array([0.]))","(array([0.]), array([0.]), array([0.]))","(array([0.]), array([0.]), array([0.]))","(array([0.]), array([0.]), array([0.]))","(array([0.]), array([0.]), array([0.]))","(array([0.]), array([0.]), array([0.]))","(array([0.]), array([0.]), array([0.]))"
(0.5000007336577292+0j),[0.94517686],[1.],[0.32655889],[1.],"(array([0.]), array([0.]), array([0.]))","(array([0.]), array([0.]), array([0.]))","(array([0.]), array([0.]), array([0.]))","(array([0.]), array([0.]), array([0.]))","(array([0.]), array([0.]), array([0.]))","(array([0.]), array([0.]), array([0.]))","(array([0.]), array([0.]), array([0.]))","(array([0.]), array([0.]), array([0.]))","(array([0.]), array([0.]), array([0.]))","(array([0.]), array([0.]), array([0.]))","(array([0.]), array([0.]), array([0.]))"
(0.5000007467200845+0j),[0.88648011],[1.],[0.46276669],[1.],"(array([0.]), array([0.]), array([0.]))","(array([0.]), array([0.]), array([0.]))","(array([0.]), array([0.]), array([0.]))","(array([0.]), array([0.]), array([0.]))","(array([0.]), array([0.]), array([0.]))","(array([0.]), array([0.]), array([0.]))","(array([0.]), array([0.]), array([0.]))","(array([0.]), array([0.]), array([0.]))","(array([0.]), array([0.]), array([0.]))","(array([0.]), array([0.]), array([0.]))","(array([0.]), array([0.]), array([0.]))"
(0.5000007652307525+0j),[0.95532268],[1.],[0.29556485],[1.],"(array([0.]), array([0.]), array([0.]))","(array([0.]), array([0.]), array([0.]))","(array([0.]), array([0.]), array([0.]))","(array([0.]), array([0.]), array([0.]))","(array([0.]), array([0.]), array([0.]))","(array([0.]), array([0.]), array([0.]))","(array([0.]), array([0.]), array([0.]))","(array([0.]), array([0.]), array([0.]))","(array([0.]), array([0.]), array([0.]))","(array([0.]), array([0.]), array([0.]))","(array([0.]), array([0.]), array([0.]))"
(0.500000777053346+0j),[0.87068843],[1.],[0.49183499],[1.],"(array([0.]), array([0.]), array([0.]))","(array([0.]), array([0.]), array([0.]))","(array([0.]), array([0.]), array([0.]))","(array([0.]), array([0.]), array([0.]))","(array([0.]), array([0.]), array([0.]))","(array([0.]), array([0.]), array([0.]))","(array([0.]), array([0.]), array([0.]))","(array([0.]), array([0.]), array([0.]))","(array([0.]), array([0.]), array([0.]))","(array([0.]), array([0.]), array([0.]))","(array([0.]), array([0.]), array([0.]))"
(0.5000007967267452+0j),[0.58739477],[1.],[0.80930055],[1.],"(array([0.]), array([0.]), array([0.]))","(array([0.]), array([0.]), array([0.]))","(array([0.]), array([0.]), array([0.]))","(array([0.]), array([0.]), array([0.]))","(array([0.]), array([0.]), array([0.]))","(array([0.]), array([0.]), array([0.]))","(array([0.]), array([0.]), array([0.]))","(array([0.]), array([0.]), array([0.]))","(array([0.]), array([0.]), array([0.]))","(array([0.]), array([0.]), array([0.]))","(array([0.]), array([0.]), array([0.]))"
(0.5000008290987678+0j),[0.89362728],[1.],[0.44880986],[1.],"(array([0.]), array([0.]), array([0.]))","(array([0.]), array([0.]), array([0.]))","(array([0.]), array([0.]), array([0.]))","(array([0.]), array([0.]), array([0.]))","(array([0.]), array([0.]), array([0.]))","(array([0.]), array([0.]), array([0.]))","(array([0.]), array([0.]), array([0.]))","(array([0.]), array([0.]), array([0.]))","(array([0.]), array([0.]), array([0.]))","(array([0.]), array([0.]), array([0.]))","(array([0.]), array([0.]), array([0.]))"
(0.5000008470511619+0j),[0.97815965],[1.],[0.20785499],[1.],"(array([0.]), array([0.]), array([0.]))","(array([0.]), array([0.]), array([0.]))","(array([0.]), array([0.]), array([0.]))","(array([0.]), array([0.]), array([0.]))","(array([0.]), array([0.]), array([0.]))","(array([0.]), array([0.]), array([0.]))","(array([0.]), array([0.]), array([0.]))","(array([0.]), array([0.]), array([0.]))","(array([0.]), array([0.]), array([0.]))","(array([0.]), array([0.]), array([0.]))","(array([0.]), array([0.]), array([0.]))"
(0.5000008553653612+0j),[0.99979065],[1.],[-0.02046119],[1.],"(array([0.]), array([0.]), array([0.]))","(array([0.]), array([0.]), array([0.]))","(array([0.]), array([0.]), array([0.]))","(array([0.]), array([0.]), array([0.]))","(array([0.]), array([0.]), array([0.]))","(array([0.]), array([0.]), array([0.]))","(array([0.]), array([0.]), array([0.]))","(array([0.]), array([0.]), array([0.]))","(array([0.]), array([0.]), array([0.]))","(array([0.]), array([0.]), array([0.]))","(array([0.]), array([0.]), array([0.]))"
(0.5000008545469132+0j),[0.9012164],[1.],[-0.43336935],[1.],"(array([0.]), array([0.]), array([0.]))","(array([0.]), array([0.]), array([0.]))","(array([0.]), array([0.]), array([0.]))","(array([0.]), array([0.]), array([0.]))","(array([0.]), array([0.]), array([0.]))","(array([0.]), array([0.]), array([0.]))","(array([0.]), array([0.]), array([0.]))","(array([0.]), array([0.]), array([0.]))","(array([0.]), array([0.]), array([0.]))","(array([0.]), array([0.]), array([0.]))","(array([0.]), array([0.]), array([0.]))"
(0.5000008372121388+0j),[0.99966979],[1.],[0.02569658],[1.],"(array([0.]), array([0.]), array([0.]))","(array([0.]), array([0.]), array([0.]))","(array([0.]), array([0.]), array([0.]))","(array([0.]), array([0.]), array([0.]))","(array([0.]), array([0.]), array([0.]))","(array([0.]), array([0.]), array([0.]))","(array([0.]), array([0.]), array([0.]))","(array([0.]), array([0.]), array([0.]))","(array([0.]), array([0.]), array([0.]))","(array([0.]), array([0.]), array([0.]))","(array([0.]), array([0.]), array([0.]))"
(0.5000008382400025+0j),[0.92745609],[1.],[-0.37393209],[1.],"(array([0.]), array([0.]), array([0.]))","(array([0.]), array([0.]), array([0.]))","(array([0.]), array([0.]), array([0.]))","(array([0.]), array([0.]), array([0.]))","(array([0.]), array([0.]), array([0.]))","(array([0.]), array([0.]), array([0.]))","(array([0.]), array([0.]), array([0.]))","(array([0.]), array([0.]), array([0.]))","(array([0.]), array([0.]), array([0.]))","(array([0.]), array([0.]), array([0.]))","(array([0.]), array([0.]), array([0.]))"
(0.500000823282719+0j),[0.99601817],[1.],[0.08915042],[1.],"(array([0.]), array([0.]), array([0.]))","(array([0.]), array([0.]), array([0.]))","(array([0.]), array([0.]), array([0.]))","(array([0.]), array([0.]), array([0.]))","(array([0.]), array([0.]), array([0.]))","(array([0.]), array([0.]), array([0.]))","(array([0.]), array([0.]), array([0.]))","(array([0.]), array([0.]), array([0.]))","(array([0.]), array([0.]), array([0.]))","(array([0.]), array([0.]), array([0.]))","(array([0.]), array([0.]), array([0.]))"
(0.5000008268487361+0j),[0.99672082],[1.],[-0.08091726],[1.],"(array([0.]), array([0.]), array([0.]))","(array([0.]), array([0.]), array([0.]))","(array([0.]), array([0.]), array([0.]))","(array([0.]), array([0.]), array([0.]))","(array([0.]), array([0.]), array([0.]))","(array([0.]), array([0.]), array([0.]))","(array([0.]), array([0.]), array([0.]))","(array([0.]), array([0.]), array([0.]))","(array([0.]), array([0.]), array([0.]))","(array([0.]), array([0.]), array([0.]))","(array([0.]), array([0.]), array([0.]))"
(0.5000008236120452+0j),[0.99999944],[1.],[-0.00105396],[1.],"(array([0.]), array([0.]), array([0.]))","(array([0.]), array([0.]), array([0.]))","(array([0.]), array([0.]), array([0.]))","(array([0.]), array([0.]), array([0.]))","(array([0.]), array([0.]), array([0.]))","(array([0.]), array([0.]), array([0.]))","(array([0.]), array([0.]), array([0.]))","(array([0.]), array([0.]), array([0.]))","(array([0.]), array([0.]), array([0.]))","(array([0.]), array([0.]), array([0.]))","(array([0.]), array([0.]), array([0.]))"
(0.5000008235698875+0j),[0.99249171],[1.],[-0.1223119],[1.],"(array([0.]), array([0.]), array([0.]))","(array([0.]), array([0.]), array([0.]))","(array([0.]), array([0.]), array([0.]))","(array([0.]), array([0.]), array([0.]))","(array([0.]), array([0.]), array([0.]))","(array([0.]), array([0.]), array([0.]))","(array([0.]), array([0.]), array([0.]))","(array([0.]), array([0.]), array([0.]))","(array([0.]), array([0.]), array([0.]))","(array([0.]), array([0.]), array([0.]))","(array([0.]), array([0.]), array([0.]))"
(0.5000008186774112+0j),[0.90708259],[1.],[-0.42095269],[1.],"(array([0.]), array([0.]), array([0.]))","(array([0.]), array([0.]), array([0.]))","(array([0.]), array([0.]), array([0.]))","(array([0.]), array([0.]), array([0.]))","(array([0.]), array([0.]), array([0.]))","(array([0.]), array([0.]), array([0.]))","(array([0.]), array([0.]), array([0.]))","(array([0.]), array([0.]), array([0.]))","(array([0.]), array([0.]), array([0.]))","(array([0.]), array([0.]), array([0.]))","(array([0.]), array([0.]), array([0.]))"
(0.5000008018393036+0j),[0.90302264],[1.],[-0.42959297],[1.],"(array([0.]), array([0.]), array([0.]))","(array([0.]), array([0.]), array([0.]))","(array([0.]), array([0.]), array([0.]))","(array([0.]), array([0.]), array([0.]))","(array([0.]), array([0.]), array([0.]))","(array([0.]), array([0.]), array([0.]))","(array([0.]), array([0.]), array([0.]))","(array([0.]), array([0.]), array([0.]))","(array([0.]), array([0.]), array([0.]))","(array([0.]), array([0.]), array([0.]))","(array([0.]), array([0.]), array([0.]))"
(0.5000007846555848+0j),[0.99947755],[1.],[-0.03232075],[1.],"(array([0.]), array([0.]), array([0.]))","(array([0.]), array([0.]), array([0.]))","(array([0.]), array([0.]), array([0.]))","(array([0.]), array([0.]), array([0.]))","(array([0.]), array([0.]), array([0.]))","(array([0.]), array([0.]), array([0.]))","(array([0.]), array([0.]), array([0.]))","(array([0.]), array([0.]), array([0.]))","(array([0.]), array([0.]), array([0.]))","(array([0.]), array([0.]), array([0.]))","(array([0.]), array([0.]), array([0.]))"
(0.500000783362755+0j),[0.9012749],[1.],[-0.43324768],[1.],"(array([0.]), array([0.]), array([0.]))","(array([0.]), array([0.]), array([0.]))","(array([0.]), array([0.]), array([0.]))","(array([0.]), array([0.]), array([0.]))","(array([0.]), array([0.]), array([0.]))","(array([0.]), array([0.]), array([0.]))","(array([0.]), array([0.]), array([0.]))","(array([0.]), array([0.]), array([0.]))","(array([0.]), array([0.]), array([0.]))","(array([0.]), array([0.]), array([0.]))","(array([0.]), array([0.]), array([0.]))"
(0.5000007660328477+0j),[0.56156331],[1.],[-0.82743378],[1.],"(array([0.]), array([0.]), array([0.]))","(array([0.]), array([0.]), array([0.]))","(array([0.]), array([0.]), array([0.]))","(array([0.]), array([0.]), array([0.]))","(array([0.]), array([0.]), array([0.]))","(array([0.]), array([0.]), array([0.]))","(array([0.]), array([0.]), array([0.]))","(array([0.]), array([0.]), array([0.]))","(array([0.]), array([0.]), array([0.]))","(array([0.]), array([0.]), array([0.]))","(array([0.]), array([0.]), array([0.]))"
(0.5000007329354967+0j),[0.28581355],[1.],[-0.95828525],[1.],"(array([0.]), array([0.]), array([0.]))","(array([0.]), array([0.]), array([0.]))","(array([0.]), array([0.]), array([0.]))","(array([0.]), array([0.]), array([0.]))","(array([0.]), array([0.]), array([0.]))","(array([0.]), array([0.]), array([0.]))","(array([0.]), array([0.]), array([0.]))","(array([0.]), array([0.]), array([0.]))","(array([0.]), array([0.]), array([0.]))","(array([0.]), array([0.]), array([0.]))","(array([0.]), array([0.]), array([0.]))"
(0.5000006946040868+0j),[-0.17290778],[1.],[-0.98493802],[1.],"(array([0.]), array([0.]), array([0.]))","(array([0.]), array([0.]), array([0.]))","(array([0.]), array([0.]), array([0.]))","(array([0.]), array([0.]), array([0.]))","(array([0.]), array([0.]), array([0.]))","(array([0.]), array([0.]), array([0.]))","(array([0.]), array([0.]), array([0.]))","(array([0.]), array([0.]), array([0.]))","(array([0.]), array([0.]), array([0.]))","(array([0.]), array([0.]), array([0.]))","(array([0.]), array([0.]), array([0.]))"
(0.500000655206566+0j),[0.57671137],[1.],[-0.81694798],[1.],"(array([0.]), array([0.]), array([0.]))","(array([0.]), array([0.]), array([0.]))","(array([0.]), array([0.]), array([0.]))","(array([0.]), array([0.]), array([0.]))","(array([0.]), array([0.]), array([0.]))","(array([0.]), array([0.]), array([0.]))","(array([0.]), array([0.]), array([0.]))","(array([0.]), array([0.]), array([0.]))","(array([0.]), array([0.]), array([0.]))","(array([0.]), array([0.]), array([0.]))","(array([0.]), array([0.]), array([0.]))"
(0.5000006225286472+0j),[0.55006828],[1.],[-0.83511968],[1.],"(array([0.]), array([0.]), array([0.]))","(array([0.]), array([0.]), array([0.]))","(array([0.]), array([0.]), array([0.]))","(array([0.]), array([0.]), array([0.]))","(array([0.]), array([0.]), array([0.]))","(array([0.]), array([0.]), array([0.]))","(array([0.]), array([0.]), array([0.]))","(array([0.]), array([0.]), array([0.]))","(array([0.]), array([0.]), array([0.]))","(array([0.]), array([0.]), array([0.]))","(array([0.]), array([0.]), array([0.]))"
(0.5000005891238596+0j),[0.591949],[1.],[-0.80597542],[1.],"(array([0.]), array([0.]), array([0.]))","(array([0.]), array([0.]), array([0.]))","(array([0.]), array([0.]), array([0.]))","(array([0.]), array([0.]), array([0.]))","(array([0.]), array([0.]), array([0.]))","(array([0.]), array([0.]), array([0.]))","(array([0.]), array([0.]), array([0.]))","(array([0.]), array([0.]), array([0.]))","(array([0.]), array([0.]), array([0.]))","(array([0.]), array([0.]), array([0.]))","(array([0.]), array([0.]), array([0.]))"
(0.5000005568848431+0j),[0.99799226],[1.],[-0.06333602],[1.],"(array([0.]), array([0.]), array([0.]))","(array([0.]), array([0.]), array([0.]))","(array([0.]), array([0.]), array([0.]))","(array([0.]), array([0.]), array([0.]))","(array([0.]), array([0.]), array([0.]))","(array([0.]), array([0.]), array([0.]))","(array([0.]), array([0.]), array([0.]))","(array([0.]), array([0.]), array([0.]))","(array([0.]), array([0.]), array([0.]))","(array([0.]), array([0.]), array([0.]))","(array([0.]), array([0.]), array([0.]))"
(0.5000005543514023+0j),[0.99373413],[1.],[-0.11176973],[1.],"(array([0.]), array([0.]), array([0.]))","(array([0.]), array([0.]), array([0.]))","(array([0.]), array([0.]), array([0.]))","(array([0.]), array([0.]), array([0.]))","(array([0.]), array([0.]), array([0.]))","(array([0.]), array([0.]), array([0.]))","(array([0.]), array([0.]), array([0.]))","(array([0.]), array([0.]), array([0.]))","(array([0.]), array([0.]), array([0.]))","(array([0.]), array([0.]), array([0.]))","(array([0.]), array([0.]), array([0.]))"
(0.5000005498806137+0j),[0.99356766],[1.],[-0.11324001],[1.],"(array([0.]), array([0.]), array([0.]))","(array([0.]), array([0.]), array([0.]))","(array([0.]), array([0.]), array([0.]))","(array([0.]), array([0.]), array([0.]))","(array([0.]), array([0.]), array([0.]))","(array([0.]), array([0.]), array([0.]))","(array([0.]), array([0.]), array([0.]))","(array([0.]), array([0.]), array([0.]))","(array([0.]), array([0.]), array([0.]))","(array([0.]), array([0.]), array([0.]))","(array([0.]), array([0.]), array([0.]))"
(0.5000005453510133+0j),[0.84715417],[1.],[0.53134717],[1.],"(array([0.]), array([0.]), array([0.]))","(array([0.]), array([0.]), array([0.]))","(array([0.]), array([0.]), array([0.]))","(array([0.]), array([0.]), array([0.]))","(array([0.]), array([0.]), array([0.]))","(array([0.]), array([0.]), array([0.]))","(array([0.]), array([0.]), array([0.]))","(array([0.]), array([0.]), array([0.]))","(array([0.]), array([0.]), array([0.]))","(array([0.]), array([0.]), array([0.]))","(array([0.]), array([0.]), array([0.]))"
(0.5000005666049003+0j),[0.59314509],[1.],[0.80509558],[1.],"(array([0.]), array([0.]), array([0.]))","(array([0.]), array([0.]), array([0.]))","(array([0.]), array([0.]), array([0.]))","(array([0.]), array([0.]), array([0.]))","(array([0.]), array([0.]), array([0.]))","(array([0.]), array([0.]), array([0.]))","(array([0.]), array([0.]), array([0.]))","(array([0.]), array([0.]), array([0.]))","(array([0.]), array([0.]), array([0.]))","(array([0.]), array([0.]), array([0.]))","(array([0.]), array([0.]), array([0.]))"
(0.5000005988087237+0j),[0.62334064],[1.],[0.78195041],[1.],"(array([0.]), array([0.]), array([0.]))","(array([0.]), array([0.]), array([0.]))","(array([0.]), array([0.]), array([0.]))","(array([0.]), array([0.]), array([0.]))","(array([0.]), array([0.]), array([0.]))","(array([0.]), array([0.]), array([0.]))","(array([0.]), array([0.]), array([0.]))","(array([0.]), array([0.]), array([0.]))","(array([0.]), array([0.]), array([0.]))","(array([0.]), array([0.]), array([0.]))","(array([0.]), array([0.]), array([0.]))"
(0.5000006300867399+0j),[0.8088322],[1.],[0.58803952],[1.],"(array([0.]), array([0.]), array([0.]))","(array([0.]), array([0.]), array([0.]))","(array([0.]), array([0.]), array([0.]))","(array([0.]), array([0.]), array([0.]))","(array([0.]), array([0.]), array([0.]))","(array([0.]), array([0.]), array([0.]))","(array([0.]), array([0.]), array([0.]))","(array([0.]), array([0.]), array([0.]))","(array([0.]), array([0.]), array([0.]))","(array([0.]), array([0.]), array([0.]))","(array([0.]), array([0.]), array([0.]))"
(0.5000006536083207+0j),[0.95166027],[1.],[0.30715261],[1.],"(array([0.]), array([0.]), array([0.]))","(array([0.]), array([0.]), array([0.]))","(array([0.]), array([0.]), array([0.]))","(array([0.]), array([0.]), array([0.]))","(array([0.]), array([0.]), array([0.]))","(array([0.]), array([0.]), array([0.]))","(array([0.]), array([0.]), array([0.]))","(array([0.]), array([0.]), array([0.]))","(array([0.]), array([0.]), array([0.]))","(array([0.]), array([0.]), array([0.]))","(array([0.]), array([0.]), array([0.]))"
(0.5000006658944254+0j),[0.69200072],[1.],[0.72189681],[1.],"(array([0.]), array([0.]), array([0.]))","(array([0.]), array([0.]), array([0.]))","(array([0.]), array([0.]), array([0.]))","(array([0.]), array([0.]), array([0.]))","(array([0.]), array([0.]), array([0.]))","(array([0.]), array([0.]), array([0.]))","(array([0.]), array([0.]), array([0.]))","(array([0.]), array([0.]), array([0.]))","(array([0.]), array([0.]), array([0.]))","(array([0.]), array([0.]), array([0.]))","(array([0.]), array([0.]), array([0.]))"
(0.5000006947702981+0j),[0.27888536],[1.],[0.9603244],[1.],"(array([0.]), array([0.]), array([0.]))","(array([0.]), array([0.]), array([0.]))","(array([0.]), array([0.]), array([0.]))","(array([0.]), array([0.]), array([0.]))","(array([0.]), array([0.]), array([0.]))","(array([0.]), array([0.]), array([0.]))","(array([0.]), array([0.]), array([0.]))","(array([0.]), array([0.]), array([0.]))","(array([0.]), array([0.]), array([0.]))","(array([0.]), array([0.]), array([0.]))","(array([0.]), array([0.]), array([0.]))"
(0.5000007331832744+0j),[0.05654315],[1.],[0.99840016],[1.],"(array([0.]), array([0.]), array([0.]))","(array([0.]), array([0.]), array([0.]))","(array([0.]), array([0.]), array([0.]))","(array([0.]), array([0.]), array([0.]))","(array([0.]), array([0.]), array([0.]))","(array([0.]), array([0.]), array([0.]))","(array([0.]), array([0.]), array([0.]))","(array([0.]), array([0.]), array([0.]))","(array([0.]), array([0.]), array([0.]))","(array([0.]), array([0.]), array([0.]))","(array([0.]), array([0.]), array([0.]))"
(0.5000007731192802+0j),[0.03423951],[1.],[0.99941366],[1.],"(array([0.]), array([0.]), array([0.]))","(array([0.]), array([0.]), array([0.]))","(array([0.]), array([0.]), array([0.]))","(array([0.]), array([0.]), array([0.]))","(array([0.]), array([0.]), array([0.]))","(array([0.]), array([0.]), array([0.]))","(array([0.]), array([0.]), array([0.]))","(array([0.]), array([0.]), array([0.]))","(array([0.]), array([0.]), array([0.]))","(array([0.]), array([0.]), array([0.]))","(array([0.]), array([0.]), array([0.]))"
(0.5000008130958268+0j),[-0.22108617],[1.],[0.97525428],[1.],"(array([0.]), array([0.]), array([0.]))","(array([0.]), array([0.]), array([0.]))","(array([0.]), array([0.]), array([0.]))","(array([0.]), array([0.]), array([0.]))","(array([0.]), array([0.]), array([0.]))","(array([0.]), array([0.]), array([0.]))","(array([0.]), array([0.]), array([0.]))","(array([0.]), array([0.]), array([0.]))","(array([0.]), array([0.]), array([0.]))","(array([0.]), array([0.]), array([0.]))","(array([0.]), array([0.]), array([0.]))"
(0.5000008521059981+0j),[-0.30387714],[1.],[0.95271123],[1.],"(array([0.]), array([0.]), array([0.]))","(array([0.]), array([0.]), array([0.]))","(array([0.]), array([0.]), array([0.]))","(array([0.]), array([0.]), array([0.]))","(array([0.]), array([0.]), array([0.]))","(array([0.]), array([0.]), array([0.]))","(array([0.]), array([0.]), array([0.]))","(array([0.]), array([0.]), array([0.]))","(array([0.]), array([0.]), array([0.]))","(array([0.]), array([0.]), array([0.]))","(array([0.]), array([0.]), array([0.]))"
(0.5000008902144468+0j),[0.0086416],[1.],[0.99996266],[1.],"(array([0.]), array([0.]), array([0.]))","(array([0.]), array([0.]), array([0.]))","(array([0.]), array([0.]), array([0.]))","(array([0.]), array([0.]), array([0.]))","(array([0.]), array([0.]), array([0.]))","(array([0.]), array([0.]), array([0.]))","(array([0.]), array([0.]), array([0.]))","(array([0.]), array([0.]), array([0.]))","(array([0.]), array([0.]), array([0.]))","(array([0.]), array([0.]), array([0.]))","(array([0.]), array([0.]), array([0.]))"
(0.5000009302129533+0j),[0.30957029],[1.],[0.95087656],[1.],"(array([0.]), array([0.]), array([0.]))","(array([0.]), array([0.]), array([0.]))","(array([0.]), array([0.]), array([0.]))","(array([0.]), array([0.]), array([0.]))","(array([0.]), array([0.]), array([0.]))","(array([0.]), array([0.]), array([0.]))","(array([0.]), array([0.]), array([0.]))","(array([0.]), array([0.]), array([0.]))","(array([0.]), array([0.]), array([0.]))","(array([0.]), array([0.]), array([0.]))","(array([0.]), array([0.]), array([0.]))"
(0.500000968248015+0j),[0.36767321],[1.],[0.92995506],[1.],"(array([0.]), array([0.]), array([0.]))","(array([0.]), array([0.]), array([0.]))","(array([0.]), array([0.]), array([0.]))","(array([0.]), array([0.]), array([0.]))","(array([0.]), array([0.]), array([0.]))","(array([0.]), array([0.]), array([0.]))","(array([0.]), array([0.]), array([0.]))","(array([0.]), array([0.]), array([0.]))","(array([0.]), array([0.]), array([0.]))","(array([0.]), array([0.]), array([0.]))","(array([0.]), array([0.]), array([0.]))"
(0.5000010054462174+0j),[-0.13348311],[1.],[0.99105109],[1.],"(array([0.]), array([0.]), array([0.]))","(array([0.]), array([0.]), array([0.]))","(array([0.]), array([0.]), array([0.]))","(array([0.]), array([0.]), array([0.]))","(array([0.]), array([0.]), array([0.]))","(array([0.]), array([0.]), array([0.]))","(array([0.]), array([0.]), array([0.]))","(array([0.]), array([0.]), array([0.]))","(array([0.]), array([0.]), array([0.]))","(array([0.]), array([0.]), array([0.]))","(array([0.]), array([0.]), array([0.]))"
(0.5000010450882604+0j),[-0.34615677],[1.],[0.93817668],[1.],"(array([0.]), array([0.]), array([0.]))","(array([0.]), array([0.]), array([0.]))","(array([0.]), array([0.]), array([0.]))","(array([0.]), array([0.]), array([0.]))","(array([0.]), array([0.]), array([0.]))","(array([0.]), array([0.]), array([0.]))","(array([0.]), array([0.]), array([0.]))","(array([0.]), array([0.]), array([0.]))","(array([0.]), array([0.]), array([0.]))","(array([0.]), array([0.]), array([0.]))","(array([0.]), array([0.]), array([0.]))"
(0.5000010826153283+0j),[-0.10116604],[1.],[0.99486956],[1.],"(array([0.]), array([0.]), array([0.]))","(array([0.]), array([0.]), array([0.]))","(array([0.]), array([0.]), array([0.]))","(array([0.]), array([0.]), array([0.]))","(array([0.]), array([0.]), array([0.]))","(array([0.]), array([0.]), array([0.]))","(array([0.]), array([0.]), array([0.]))","(array([0.]), array([0.]), array([0.]))","(array([0.]), array([0.]), array([0.]))","(array([0.]), array([0.]), array([0.]))","(array([0.]), array([0.]), array([0.]))"
(0.50000112241011+0j),[0.28386759],[1.],[0.95886349],[1.],"(array([0.]), array([0.]), array([0.]))","(array([0.]), array([0.]), array([0.]))","(array([0.]), array([0.]), array([0.]))","(array([0.]), array([0.]), array([0.]))","(array([0.]), array([0.]), array([0.]))","(array([0.]), array([0.]), array([0.]))","(array([0.]), array([0.]), array([0.]))","(array([0.]), array([0.]), array([0.]))","(array([0.]), array([0.]), array([0.]))","(array([0.]), array([0.]), array([0.]))","(array([0.]), array([0.]), array([0.]))"
(0.5000011607646498+0j),[0.6910097],[1.],[0.72284548],[1.],"(array([0.]), array([0.]), array([0.]))","(array([0.]), array([0.]), array([0.]))","(array([0.]), array([0.]), array([0.]))","(array([0.]), array([0.]), array([0.]))","(array([0.]), array([0.]), array([0.]))","(array([0.]), array([0.]), array([0.]))","(array([0.]), array([0.]), array([0.]))","(array([0.]), array([0.]), array([0.]))","(array([0.]), array([0.]), array([0.]))","(array([0.]), array([0.]), array([0.]))","(array([0.]), array([0.]), array([0.]))"
(0.500001189678469+0j),[0.28435257],[1.],[0.95871978],[1.],"(array([0.]), array([0.]), array([0.]))","(array([0.]), array([0.]), array([0.]))","(array([0.]), array([0.]), array([0.]))","(array([0.]), array([0.]), array([0.]))","(array([0.]), array([0.]), array([0.]))","(array([0.]), array([0.]), array([0.]))","(array([0.]), array([0.]), array([0.]))","(array([0.]), array([0.]), array([0.]))","(array([0.]), array([0.]), array([0.]))","(array([0.]), array([0.]), array([0.]))","(array([0.]), array([0.]), array([0.]))"
(0.5000012280272594+0j),[0.08060721],[1.],[0.99674594],[1.],"(array([0.]), array([0.]), array([0.]))","(array([0.]), array([0.]), array([0.]))","(array([0.]), array([0.]), array([0.]))","(array([0.]), array([0.]), array([0.]))","(array([0.]), array([0.]), array([0.]))","(array([0.]), array([0.]), array([0.]))","(array([0.]), array([0.]), array([0.]))","(array([0.]), array([0.]), array([0.]))","(array([0.]), array([0.]), array([0.]))","(array([0.]), array([0.]), array([0.]))","(array([0.]), array([0.]), array([0.]))"
(0.5000012678970975+0j),[-0.44435212],[1.],[0.89585222],[1.],"(array([0.]), array([0.]), array([0.]))","(array([0.]), array([0.]), array([0.]))","(array([0.]), array([0.]), array([0.]))","(array([0.]), array([0.]), array([0.]))","(array([0.]), array([0.]), array([0.]))","(array([0.]), array([0.]), array([0.]))","(array([0.]), array([0.]), array([0.]))","(array([0.]), array([0.]), array([0.]))","(array([0.]), array([0.]), array([0.]))","(array([0.]), array([0.]), array([0.]))","(array([0.]), array([0.]), array([0.]))"
(0.5000013037311865+0j),[-0.97903973],[1.],[-0.20366938],[1.],"(array([0.]), array([0.]), array([0.]))","(array([0.]), array([0.]), array([0.]))","(array([0.]), array([0.]), array([0.]))","(array([0.]), array([0.]), array([0.]))","(array([0.]), array([0.]), array([0.]))","(array([0.]), array([0.]), array([0.]))","(array([0.]), array([0.]), array([0.]))","(array([0.]), array([0.]), array([0.]))","(array([0.]), array([0.]), array([0.]))","(array([0.]), array([0.]), array([0.]))","(array([0.]), array([0.]), array([0.]))"
(0.5000012955844116+0j),[-0.76904434],[1.],[-0.63919544],[1.],"(array([0.]), array([0.]), array([0.]))","(array([0.]), array([0.]), array([0.]))","(array([0.]), array([0.]), array([0.]))","(array([0.]), array([0.]), array([0.]))","(array([0.]), array([0.]), array([0.]))","(array([0.]), array([0.]), array([0.]))","(array([0.]), array([0.]), array([0.]))","(array([0.]), array([0.]), array([0.]))","(array([0.]), array([0.]), array([0.]))","(array([0.]), array([0.]), array([0.]))","(array([0.]), array([0.]), array([0.]))"
(0.5000012700165943+0j),[-0.08525333],[1.],[-0.99635931],[1.],"(array([0.]), array([0.]), array([0.]))","(array([0.]), array([0.]), array([0.]))","(array([0.]), array([0.]), array([0.]))","(array([0.]), array([0.]), array([0.]))","(array([0.]), array([0.]), array([0.]))","(array([0.]), array([0.]), array([0.]))","(array([0.]), array([0.]), array([0.]))","(array([0.]), array([0.]), array([0.]))","(array([0.]), array([0.]), array([0.]))","(array([0.]), array([0.]), array([0.]))","(array([0.]), array([0.]), array([0.]))"
(0.5000012301622218+0j),[-0.6508276],[1.],[-0.75922555],[1.],"(array([0.]), array([0.]), array([0.]))","(array([0.]), array([0.]), array([0.]))","(array([0.]), array([0.]), array([0.]))","(array([0.]), array([0.]), array([0.]))","(array([0.]), array([0.]), array([0.]))","(array([0.]), array([0.]), array([0.]))","(array([0.]), array([0.]), array([0.]))","(array([0.]), array([0.]), array([0.]))","(array([0.]), array([0.]), array([0.]))","(array([0.]), array([0.]), array([0.]))","(array([0.]), array([0.]), array([0.]))"
(0.5000011997931999+0j),[-0.79604461],[1.],[-0.60523795],[1.],"(array([0.]), array([0.]), array([0.]))","(array([0.]), array([0.]), array([0.]))","(array([0.]), array([0.]), array([0.]))","(array([0.]), array([0.]), array([0.]))","(array([0.]), array([0.]), array([0.]))","(array([0.]), array([0.]), array([0.]))","(array([0.]), array([0.]), array([0.]))","(array([0.]), array([0.]), array([0.]))","(array([0.]), array([0.]), array([0.]))","(array([0.]), array([0.]), array([0.]))","(array([0.]), array([0.]), array([0.]))"
(0.5000011755836821+0j),[-0.59232009],[1.],[-0.80570274],[1.],"(array([0.]), array([0.]), array([0.]))","(array([0.]), array([0.]), array([0.]))","(array([0.]), array([0.]), array([0.]))","(array([0.]), array([0.]), array([0.]))","(array([0.]), array([0.]), array([0.]))","(array([0.]), array([0.]), array([0.]))","(array([0.]), array([0.]), array([0.]))","(array([0.]), array([0.]), array([0.]))","(array([0.]), array([0.]), array([0.]))","(array([0.]), array([0.]), array([0.]))","(array([0.]), array([0.]), array([0.]))"
(0.5000011433555724+0j),[-0.61637672],[1.],[-0.78745142],[1.],"(array([0.]), array([0.]), array([0.]))","(array([0.]), array([0.]), array([0.]))","(array([0.]), array([0.]), array([0.]))","(array([0.]), array([0.]), array([0.]))","(array([0.]), array([0.]), array([0.]))","(array([0.]), array([0.]), array([0.]))","(array([0.]), array([0.]), array([0.]))","(array([0.]), array([0.]), array([0.]))","(array([0.]), array([0.]), array([0.]))","(array([0.]), array([0.]), array([0.]))","(array([0.]), array([0.]), array([0.]))"
(0.5000011118575158+0j),[-0.75129857],[1.],[-0.65996247],[1.],"(array([0.]), array([0.]), array([0.]))","(array([0.]), array([0.]), array([0.]))","(array([0.]), array([0.]), array([0.]))","(array([0.]), array([0.]), array([0.]))","(array([0.]), array([0.]), array([0.]))","(array([0.]), array([0.]), array([0.]))","(array([0.]), array([0.]), array([0.]))","(array([0.]), array([0.]), array([0.]))","(array([0.]), array([0.]), array([0.]))","(array([0.]), array([0.]), array([0.]))","(array([0.]), array([0.]), array([0.]))"
(0.500001085459017+0j),[-0.99804122],[1.],[0.06255981],[1.],"(array([0.]), array([0.]), array([0.]))","(array([0.]), array([0.]), array([0.]))","(array([0.]), array([0.]), array([0.]))","(array([0.]), array([0.]), array([0.]))","(array([0.]), array([0.]), array([0.]))","(array([0.]), array([0.]), array([0.]))","(array([0.]), array([0.]), array([0.]))","(array([0.]), array([0.]), array([0.]))","(array([0.]), array([0.]), array([0.]))","(array([0.]), array([0.]), array([0.]))","(array([0.]), array([0.]), array([0.]))"
(0.5000010879614094+0j),[-0.91683168],[1.],[0.39927393],[1.],"(array([0.]), array([0.]), array([0.]))","(array([0.]), array([0.]), array([0.]))","(array([0.]), array([0.]), array([0.]))","(array([0.]), array([0.]), array([0.]))","(array([0.]), array([0.]), array([0.]))","(array([0.]), array([0.]), array([0.]))","(array([0.]), array([0.]), array([0.]))","(array([0.]), array([0.]), array([0.]))","(array([0.]), array([0.]), array([0.]))","(array([0.]), array([0.]), array([0.]))","(array([0.]), array([0.]), array([0.]))"
(0.5000011039323666+0j),[-0.45887238],[1.],[0.88850219],[1.],"(array([0.]), array([0.]), array([0.]))","(array([0.]), array([0.]), array([0.]))","(array([0.]), array([0.]), array([0.]))","(array([0.]), array([0.]), array([0.]))","(array([0.]), array([0.]), array([0.]))","(array([0.]), array([0.]), array([0.]))","(array([0.]), array([0.]), array([0.]))","(array([0.]), array([0.]), array([0.]))","(array([0.]), array([0.]), array([0.]))","(array([0.]), array([0.]), array([0.]))","(array([0.]), array([0.]), array([0.]))"
(0.500001139472455+0j),[-0.25534653],[1.],[0.9668496],[1.],"(array([0.]), array([0.]), array([0.]))","(array([0.]), array([0.]), array([0.]))","(array([0.]), array([0.]), array([0.]))","(array([0.]), array([0.]), array([0.]))","(array([0.]), array([0.]), array([0.]))","(array([0.]), array([0.]), array([0.]))","(array([0.]), array([0.]), array([0.]))","(array([0.]), array([0.]), array([0.]))","(array([0.]), array([0.]), array([0.]))","(array([0.]), array([0.]), array([0.]))","(array([0.]), array([0.]), array([0.]))"
(0.5000011781464383+0j),[0.32018105],[1.],[0.94735637],[1.],"(array([0.]), array([0.]), array([0.]))","(array([0.]), array([0.]), array([0.]))","(array([0.]), array([0.]), array([0.]))","(array([0.]), array([0.]), array([0.]))","(array([0.]), array([0.]), array([0.]))","(array([0.]), array([0.]), array([0.]))","(array([0.]), array([0.]), array([0.]))","(array([0.]), array([0.]), array([0.]))","(array([0.]), array([0.]), array([0.]))","(array([0.]), array([0.]), array([0.]))","(array([0.]), array([0.]), array([0.]))"
(0.5000012160406926+0j),[0.82679144],[1.],[0.5625086],[1.],"(array([0.]), array([0.]), array([0.]))","(array([0.]), array([0.]), array([0.]))","(array([0.]), array([0.]), array([0.]))","(array([0.]), array([0.]), array([0.]))","(array([0.]), array([0.]), array([0.]))","(array([0.]), array([0.]), array([0.]))","(array([0.]), array([0.]), array([0.]))","(array([0.]), array([0.]), array([0.]))","(array([0.]), array([0.]), array([0.]))","(array([0.]), array([0.]), array([0.]))","(array([0.]), array([0.]), array([0.]))"
(0.5000012385410368+0j),[0.98406951],[1.],[0.17778413],[1.],"(array([0.]), array([0.]), array([0.]))","(array([0.]), array([0.]), array([0.]))","(array([0.]), array([0.]), array([0.]))","(array([0.]), array([0.]), array([0.]))","(array([0.]), array([0.]), array([0.]))","(array([0.]), array([0.]), array([0.]))","(array([0.]), array([0.]), array([0.]))","(array([0.]), array([0.]), array([0.]))","(array([0.]), array([0.]), array([0.]))","(array([0.]), array([0.]), array([0.]))","(array([0.]), array([0.]), array([0.]))"
(0.5000012456524017+0j),[0.9869175],[1.],[0.16122605],[1.],"(array([0.]), array([0.]), array([0.]))","(array([0.]), array([0.]), array([0.]))","(array([0.]), array([0.]), array([0.]))","(array([0.]), array([0.]), array([0.]))","(array([0.]), array([0.]), array([0.]))","(array([0.]), array([0.]), array([0.]))","(array([0.]), array([0.]), array([0.]))","(array([0.]), array([0.]), array([0.]))","(array([0.]), array([0.]), array([0.]))","(array([0.]), array([0.]), array([0.]))","(array([0.]), array([0.]), array([0.]))"
(0.500001252101444+0j),[0.94595301],[1.],[-0.32430371],[1.],"(array([0.]), array([0.]), array([0.]))","(array([0.]), array([0.]), array([0.]))","(array([0.]), array([0.]), array([0.]))","(array([0.]), array([0.]), array([0.]))","(array([0.]), array([0.]), array([0.]))","(array([0.]), array([0.]), array([0.]))","(array([0.]), array([0.]), array([0.]))","(array([0.]), array([0.]), array([0.]))","(array([0.]), array([0.]), array([0.]))","(array([0.]), array([0.]), array([0.]))","(array([0.]), array([0.]), array([0.]))"
(0.5000012391292947+0j),[0.98769883],[1.],[-0.15636824],[1.],"(array([0.]), array([0.]), array([0.]))","(array([0.]), array([0.]), array([0.]))","(array([0.]), array([0.]), array([0.]))","(array([0.]), array([0.]), array([0.]))","(array([0.]), array([0.]), array([0.]))","(array([0.]), array([0.]), array([0.]))","(array([0.]), array([0.]), array([0.]))","(array([0.]), array([0.]), array([0.]))","(array([0.]), array([0.]), array([0.]))","(array([0.]), array([0.]), array([0.]))","(array([0.]), array([0.]), array([0.]))"
(0.500001232874565+0j),[0.69776451],[1.],[-0.71632723],[1.],"(array([0.]), array([0.]), array([0.]))","(array([0.]), array([0.]), array([0.]))","(array([0.]), array([0.]), array([0.]))","(array([0.]), array([0.]), array([0.]))","(array([0.]), array([0.]), array([0.]))","(array([0.]), array([0.]), array([0.]))","(array([0.]), array([0.]), array([0.]))","(array([0.]), array([0.]), array([0.]))","(array([0.]), array([0.]), array([0.]))","(array([0.]), array([0.]), array([0.]))","(array([0.]), array([0.]), array([0.]))"
(0.5000012042214759+0j),[0.7782541],[1.],[-0.62794948],[1.],"(array([0.]), array([0.]), array([0.]))","(array([0.]), array([0.]), array([0.]))","(array([0.]), array([0.]), array([0.]))","(array([0.]), array([0.]), array([0.]))","(array([0.]), array([0.]), array([0.]))","(array([0.]), array([0.]), array([0.]))","(array([0.]), array([0.]), array([0.]))","(array([0.]), array([0.]), array([0.]))","(array([0.]), array([0.]), array([0.]))","(array([0.]), array([0.]), array([0.]))","(array([0.]), array([0.]), array([0.]))"
(0.5000011791034964+0j),[0.9295639],[1.],[-0.36866104],[1.],"(array([0.]), array([0.]), array([0.]))","(array([0.]), array([0.]), array([0.]))","(array([0.]), array([0.]), array([0.]))","(array([0.]), array([0.]), array([0.]))","(array([0.]), array([0.]), array([0.]))","(array([0.]), array([0.]), array([0.]))","(array([0.]), array([0.]), array([0.]))","(array([0.]), array([0.]), array([0.]))","(array([0.]), array([0.]), array([0.]))","(array([0.]), array([0.]), array([0.]))","(array([0.]), array([0.]), array([0.]))"
(0.5000011643570546+0j),[0.34041247],[1.],[-0.94027621],[1.],"(array([0.]), array([0.]), array([0.]))","(array([0.]), array([0.]), array([0.]))","(array([0.]), array([0.]), array([0.]))","(array([0.]), array([0.]), array([0.]))","(array([0.]), array([0.]), array([0.]))","(array([0.]), array([0.]), array([0.]))","(array([0.]), array([0.]), array([0.]))","(array([0.]), array([0.]), array([0.]))","(array([0.]), array([0.]), array([0.]))","(array([0.]), array([0.]), array([0.]))","(array([0.]), array([0.]), array([0.]))"
(0.5000011267460067+0j),[0.50378622],[1.],[-0.86382836],[1.],"(array([0.]), array([0.]), array([0.]))","(array([0.]), array([0.]), array([0.]))","(array([0.]), array([0.]), array([0.]))","(array([0.]), array([0.]), array([0.]))","(array([0.]), array([0.]), array([0.]))","(array([0.]), array([0.]), array([0.]))","(array([0.]), array([0.]), array([0.]))","(array([0.]), array([0.]), array([0.]))","(array([0.]), array([0.]), array([0.]))","(array([0.]), array([0.]), array([0.]))","(array([0.]), array([0.]), array([0.]))"
(0.500001092192872+0j),[0.43657833],[1.],[-0.89966625],[1.],"(array([0.]), array([0.]), array([0.]))","(array([0.]), array([0.]), array([0.]))","(array([0.]), array([0.]), array([0.]))","(array([0.]), array([0.]), array([0.]))","(array([0.]), array([0.]), array([0.]))","(array([0.]), array([0.]), array([0.]))","(array([0.]), array([0.]), array([0.]))","(array([0.]), array([0.]), array([0.]))","(array([0.]), array([0.]), array([0.]))","(array([0.]), array([0.]), array([0.]))","(array([0.]), array([0.]), array([0.]))"
(0.5000010562062219+0j),[0.79816058],[1.],[-0.60244476],[1.],"(array([0.]), array([0.]), array([0.]))","(array([0.]), array([0.]), array([0.]))","(array([0.]), array([0.]), array([0.]))","(array([0.]), array([0.]), array([0.]))","(array([0.]), array([0.]), array([0.]))","(array([0.]), array([0.]), array([0.]))","(array([0.]), array([0.]), array([0.]))","(array([0.]), array([0.]), array([0.]))","(array([0.]), array([0.]), array([0.]))","(array([0.]), array([0.]), array([0.]))","(array([0.]), array([0.]), array([0.]))"
(0.5000010321084316+0j),[0.9437783],[1.],[-0.33057905],[1.],"(array([0.]), array([0.]), array([0.]))","(array([0.]), array([0.]), array([0.]))","(array([0.]), array([0.]), array([0.]))","(array([0.]), array([0.]), array([0.]))","(array([0.]), array([0.]), array([0.]))","(array([0.]), array([0.]), array([0.]))","(array([0.]), array([0.]), array([0.]))","(array([0.]), array([0.]), array([0.]))","(array([0.]), array([0.]), array([0.]))","(array([0.]), array([0.]), array([0.]))","(array([0.]), array([0.]), array([0.]))"
(0.5000010188852689+0j),[0.98230012],[1.],[-0.18731382],[1.],"(array([0.]), array([0.]), array([0.]))","(array([0.]), array([0.]), array([0.]))","(array([0.]), array([0.]), array([0.]))","(array([0.]), array([0.]), array([0.]))","(array([0.]), array([0.]), array([0.]))","(array([0.]), array([0.]), array([0.]))","(array([0.]), array([0.]), array([0.]))","(array([0.]), array([0.]), array([0.]))","(array([0.]), array([0.]), array([0.]))","(array([0.]), array([0.]), array([0.]))","(array([0.]), array([0.]), array([0.]))"
(0.500001011392716+0j),[0.96877991],[1.],[0.24792234],[1.],"(array([0.]), array([0.]), array([0.]))","(array([0.]), array([0.]), array([0.]))","(array([0.]), array([0.]), array([0.]))","(array([0.]), array([0.]), array([0.]))","(array([0.]), array([0.]), array([0.]))","(array([0.]), array([0.]), array([0.]))","(array([0.]), array([0.]), array([0.]))","(array([0.]), array([0.]), array([0.]))","(array([0.]), array([0.]), array([0.]))","(array([0.]), array([0.]), array([0.]))","(array([0.]), array([0.]), array([0.]))"
(0.5000010213096098+0j),[0.95571956],[1.],[-0.29427899],[1.],"(array([0.]), array([0.]), array([0.]))","(array([0.]), array([0.]), array([0.]))","(array([0.]), array([0.]), array([0.]))","(array([0.]), array([0.]), array([0.]))","(array([0.]), array([0.]), array([0.]))","(array([0.]), array([0.]), array([0.]))","(array([0.]), array([0.]), array([0.]))","(array([0.]), array([0.]), array([0.]))","(array([0.]), array([0.]), array([0.]))","(array([0.]), array([0.]), array([0.]))","(array([0.]), array([0.]), array([0.]))"
(0.5000010095384507+0j),[0.99975962],[1.],[0.02192493],[1.],"(array([0.]), array([0.]), array([0.]))","(array([0.]), array([0.]), array([0.]))","(array([0.]), array([0.]), array([0.]))","(array([0.]), array([0.]), array([0.]))","(array([0.]), array([0.]), array([0.]))","(array([0.]), array([0.]), array([0.]))","(array([0.]), array([0.]), array([0.]))","(array([0.]), array([0.]), array([0.]))","(array([0.]), array([0.]), array([0.]))","(array([0.]), array([0.]), array([0.]))","(array([0.]), array([0.]), array([0.]))"
(0.500001010415448+0j),[0.83634789],[1.],[0.54819906],[1.],"(array([0.]), array([0.]), array([0.]))","(array([0.]), array([0.]), array([0.]))","(array([0.]), array([0.]), array([0.]))","(array([0.]), array([0.]), array([0.]))","(array([0.]), array([0.]), array([0.]))","(array([0.]), array([0.]), array([0.]))","(array([0.]), array([0.]), array([0.]))","(array([0.]), array([0.]), array([0.]))","(array([0.]), array([0.]), array([0.]))","(array([0.]), array([0.]), array([0.]))","(array([0.]), array([0.]), array([0.]))"
(0.50000103234341+0j),[0.99692851],[1.],[0.07831698],[1.],"(array([0.]), array([0.]), array([0.]))","(array([0.]), array([0.]), array([0.]))","(array([0.]), array([0.]), array([0.]))","(array([0.]), array([0.]), array([0.]))","(array([0.]), array([0.]), array([0.]))","(array([0.]), array([0.]), array([0.]))","(array([0.]), array([0.]), array([0.]))","(array([0.]), array([0.]), array([0.]))","(array([0.]), array([0.]), array([0.]))","(array([0.]), array([0.]), array([0.]))","(array([0.]), array([0.]), array([0.]))"
(0.5000010354760895+0j),[0.97100021],[1.],[-0.23907861],[1.],"(array([0.]), array([0.]), array([0.]))","(array([0.]), array([0.]), array([0.]))","(array([0.]), array([0.]), array([0.]))","(array([0.]), array([0.]), array([0.]))","(array([0.]), array([0.]), array([0.]))","(array([0.]), array([0.]), array([0.]))","(array([0.]), array([0.]), array([0.]))","(array([0.]), array([0.]), array([0.]))","(array([0.]), array([0.]), array([0.]))","(array([0.]), array([0.]), array([0.]))","(array([0.]), array([0.]), array([0.]))"
(0.5000010259129453+0j),[0.70010065],[1.],[0.71404417],[1.],"(array([0.]), array([0.]), array([0.]))","(array([0.]), array([0.]), array([0.]))","(array([0.]), array([0.]), array([0.]))","(array([0.]), array([0.]), array([0.]))","(array([0.]), array([0.]), array([0.]))","(array([0.]), array([0.]), array([0.]))","(array([0.]), array([0.]), array([0.]))","(array([0.]), array([0.]), array([0.]))","(array([0.]), array([0.]), array([0.]))","(array([0.]), array([0.]), array([0.]))","(array([0.]), array([0.]), array([0.]))"
(0.5000010544747123+0j),[0.50069729],[1.],[0.86562245],[1.],"(array([0.]), array([0.]), array([0.]))","(array([0.]), array([0.]), array([0.]))","(array([0.]), array([0.]), array([0.]))","(array([0.]), array([0.]), array([0.]))","(array([0.]), array([0.]), array([0.]))","(array([0.]), array([0.]), array([0.]))","(array([0.]), array([0.]), array([0.]))","(array([0.]), array([0.]), array([0.]))","(array([0.]), array([0.]), array([0.]))","(array([0.]), array([0.]), array([0.]))","(array([0.]), array([0.]), array([0.]))"
(0.5000010890996104+0j),[0.82656704],[1.],[0.56283827],[1.],"(array([0.]), array([0.]), array([0.]))","(array([0.]), array([0.]), array([0.]))","(array([0.]), array([0.]), array([0.]))","(array([0.]), array([0.]), array([0.]))","(array([0.]), array([0.]), array([0.]))","(array([0.]), array([0.]), array([0.]))","(array([0.]), array([0.]), array([0.]))","(array([0.]), array([0.]), array([0.]))","(array([0.]), array([0.]), array([0.]))","(array([0.]), array([0.]), array([0.]))","(array([0.]), array([0.]), array([0.]))"
(0.5000011116131411+0j),[0.59140408],[1.],[0.80637535],[1.],"(array([0.]), array([0.]), array([0.]))","(array([0.]), array([0.]), array([0.]))","(array([0.]), array([0.]), array([0.]))","(array([0.]), array([0.]), array([0.]))","(array([0.]), array([0.]), array([0.]))","(array([0.]), array([0.]), array([0.]))","(array([0.]), array([0.]), array([0.]))","(array([0.]), array([0.]), array([0.]))","(array([0.]), array([0.]), array([0.]))","(array([0.]), array([0.]), array([0.]))","(array([0.]), array([0.]), array([0.]))"
(0.5000011438681558+0j),[0.4898766],[1.],[0.87179179],[1.],"(array([0.]), array([0.]), array([0.]))","(array([0.]), array([0.]), array([0.]))","(array([0.]), array([0.]), array([0.]))","(array([0.]), array([0.]), array([0.]))","(array([0.]), array([0.]), array([0.]))","(array([0.]), array([0.]), array([0.]))","(array([0.]), array([0.]), array([0.]))","(array([0.]), array([0.]), array([0.]))","(array([0.]), array([0.]), array([0.]))","(array([0.]), array([0.]), array([0.]))","(array([0.]), array([0.]), array([0.]))"
(0.5000011787398271+0j),[0.39707112],[1.],[0.91778785],[1.],"(array([0.]), array([0.]), array([0.]))","(array([0.]), array([0.]), array([0.]))","(array([0.]), array([0.]), array([0.]))","(array([0.]), array([0.]), array([0.]))","(array([0.]), array([0.]), array([0.]))","(array([0.]), array([0.]), array([0.]))","(array([0.]), array([0.]), array([0.]))","(array([0.]), array([0.]), array([0.]))","(array([0.]), array([0.]), array([0.]))","(array([0.]), array([0.]), array([0.]))","(array([0.]), array([0.]), array([0.]))"
(0.5000012154513409+0j),[-0.56271827],[1.],[0.82664875],[1.],"(array([0.]), array([0.]), array([0.]))","(array([0.]), array([0.]), array([0.]))","(array([0.]), array([0.]), array([0.]))","(array([0.]), array([0.]), array([0.]))","(array([0.]), array([0.]), array([0.]))","(array([0.]), array([0.]), array([0.]))","(array([0.]), array([0.]), array([0.]))","(array([0.]), array([0.]), array([0.]))","(array([0.]), array([0.]), array([0.]))","(array([0.]), array([0.]), array([0.]))","(array([0.]), array([0.]), array([0.]))"
(0.5000012485172911+0j),[-0.83639248],[1.],[0.54813103],[1.],"(array([0.]), array([0.]), array([0.]))","(array([0.]), array([0.]), array([0.]))","(array([0.]), array([0.]), array([0.]))","(array([0.]), array([0.]), array([0.]))","(array([0.]), array([0.]), array([0.]))","(array([0.]), array([0.]), array([0.]))","(array([0.]), array([0.]), array([0.]))","(array([0.]), array([0.]), array([0.]))","(array([0.]), array([0.]), array([0.]))","(array([0.]), array([0.]), array([0.]))","(array([0.]), array([0.]), array([0.]))"
(0.5000012704425323+0j),[-0.59918569],[1.],[0.80061009],[1.],"(array([0.]), array([0.]), array([0.]))","(array([0.]), array([0.]), array([0.]))","(array([0.]), array([0.]), array([0.]))","(array([0.]), array([0.]), array([0.]))","(array([0.]), array([0.]), array([0.]))","(array([0.]), array([0.]), array([0.]))","(array([0.]), array([0.]), array([0.]))","(array([0.]), array([0.]), array([0.]))","(array([0.]), array([0.]), array([0.]))","(array([0.]), array([0.]), array([0.]))","(array([0.]), array([0.]), array([0.]))"
(0.5000013024669365+0j),[0.01035118],[1.],[0.99994643],[1.],"(array([0.]), array([0.]), array([0.]))","(array([0.]), array([0.]), array([0.]))","(array([0.]), array([0.]), array([0.]))","(array([0.]), array([0.]), array([0.]))","(array([0.]), array([0.]), array([0.]))","(array([0.]), array([0.]), array([0.]))","(array([0.]), array([0.]), array([0.]))","(array([0.]), array([0.]), array([0.]))","(array([0.]), array([0.]), array([0.]))","(array([0.]), array([0.]), array([0.]))","(array([0.]), array([0.]), array([0.]))"
(0.5000013424647929+0j),[-0.01826544],[1.],[0.99983317],[1.],"(array([0.]), array([0.]), array([0.]))","(array([0.]), array([0.]), array([0.]))","(array([0.]), array([0.]), array([0.]))","(array([0.]), array([0.]), array([0.]))","(array([0.]), array([0.]), array([0.]))","(array([0.]), array([0.]), array([0.]))","(array([0.]), array([0.]), array([0.]))","(array([0.]), array([0.]), array([0.]))","(array([0.]), array([0.]), array([0.]))","(array([0.]), array([0.]), array([0.]))","(array([0.]), array([0.]), array([0.]))"
(0.5000013824581202+0j),[-0.059772],[1.],[0.99821206],[1.],"(array([0.]), array([0.]), array([0.]))","(array([0.]), array([0.]), array([0.]))","(array([0.]), array([0.]), array([0.]))","(array([0.]), array([0.]), array([0.]))","(array([0.]), array([0.]), array([0.]))","(array([0.]), array([0.]), array([0.]))","(array([0.]), array([0.]), array([0.]))","(array([0.]), array([0.]), array([0.]))","(array([0.]), array([0.]), array([0.]))","(array([0.]), array([0.]), array([0.]))","(array([0.]), array([0.]), array([0.]))"
(0.500001422386602+0j),[0.19381156],[1.],[0.98103877],[1.],"(array([0.]), array([0.]), array([0.]))","(array([0.]), array([0.]), array([0.]))","(array([0.]), array([0.]), array([0.]))","(array([0.]), array([0.]), array([0.]))","(array([0.]), array([0.]), array([0.]))","(array([0.]), array([0.]), array([0.]))","(array([0.]), array([0.]), array([0.]))","(array([0.]), array([0.]), array([0.]))","(array([0.]), array([0.]), array([0.]))","(array([0.]), array([0.]), array([0.]))","(array([0.]), array([0.]), array([0.]))"
(0.500001461628153+0j),[0.27383072],[1.],[0.96177791],[1.],"(array([0.]), array([0.]), array([0.]))","(array([0.]), array([0.]), array([0.]))","(array([0.]), array([0.]), array([0.]))","(array([0.]), array([0.]), array([0.]))","(array([0.]), array([0.]), array([0.]))","(array([0.]), array([0.]), array([0.]))","(array([0.]), array([0.]), array([0.]))","(array([0.]), array([0.]), array([0.]))","(array([0.]), array([0.]), array([0.]))","(array([0.]), array([0.]), array([0.]))","(array([0.]), array([0.]), array([0.]))"
(0.500001500099269+0j),[0.49097679],[1.],[0.87117265],[1.],"(array([0.]), array([0.]), array([0.]))","(array([0.]), array([0.]), array([0.]))","(array([0.]), array([0.]), array([0.]))","(array([0.]), array([0.]), array([0.]))","(array([0.]), array([0.]), array([0.]))","(array([0.]), array([0.]), array([0.]))","(array([0.]), array([0.]), array([0.]))","(array([0.]), array([0.]), array([0.]))","(array([0.]), array([0.]), array([0.]))","(array([0.]), array([0.]), array([0.]))","(array([0.]), array([0.]), array([0.]))"
(0.5000015349461749+0j),[0.13004025],[1.],[0.99150872],[1.],"(array([0.]), array([0.]), array([0.]))","(array([0.]), array([0.]), array([0.]))","(array([0.]), array([0.]), array([0.]))","(array([0.]), array([0.]), array([0.]))","(array([0.]), array([0.]), array([0.]))","(array([0.]), array([0.]), array([0.]))","(array([0.]), array([0.]), array([0.]))","(array([0.]), array([0.]), array([0.]))","(array([0.]), array([0.]), array([0.]))","(array([0.]), array([0.]), array([0.]))","(array([0.]), array([0.]), array([0.]))"
(0.5000015746065233+0j),[0.14863436],[1.],[0.98889222],[1.],"(array([0.]), array([0.]), array([0.]))","(array([0.]), array([0.]), array([0.]))","(array([0.]), array([0.]), array([0.]))","(array([0.]), array([0.]), array([0.]))","(array([0.]), array([0.]), array([0.]))","(array([0.]), array([0.]), array([0.]))","(array([0.]), array([0.]), array([0.]))","(array([0.]), array([0.]), array([0.]))","(array([0.]), array([0.]), array([0.]))","(array([0.]), array([0.]), array([0.]))","(array([0.]), array([0.]), array([0.]))"
(0.5000016141622119+0j),[0.37438863],[1.],[0.92727189],[1.],"(array([0.]), array([0.]), array([0.]))","(array([0.]), array([0.]), array([0.]))","(array([0.]), array([0.]), array([0.]))","(array([0.]), array([0.]), array([0.]))","(array([0.]), array([0.]), array([0.]))","(array([0.]), array([0.]), array([0.]))","(array([0.]), array([0.]), array([0.]))","(array([0.]), array([0.]), array([0.]))","(array([0.]), array([0.]), array([0.]))","(array([0.]), array([0.]), array([0.]))","(array([0.]), array([0.]), array([0.]))"
(0.5000016512530876+0j),[0.61259812],[1.],[0.79039455],[1.],"(array([0.]), array([0.]), array([0.]))","(array([0.]), array([0.]), array([0.]))","(array([0.]), array([0.]), array([0.]))","(array([0.]), array([0.]), array([0.]))","(array([0.]), array([0.]), array([0.]))","(array([0.]), array([0.]), array([0.]))","(array([0.]), array([0.]), array([0.]))","(array([0.]), array([0.]), array([0.]))","(array([0.]), array([0.]), array([0.]))","(array([0.]), array([0.]), array([0.]))","(array([0.]), array([0.]), array([0.]))"
(0.5000016828688696+0j),[-0.02821334],[1.],[0.99960192],[1.],"(array([0.]), array([0.]), array([0.]))","(array([0.]), array([0.]), array([0.]))","(array([0.]), array([0.]), array([0.]))","(array([0.]), array([0.]), array([0.]))","(array([0.]), array([0.]), array([0.]))","(array([0.]), array([0.]), array([0.]))","(array([0.]), array([0.]), array([0.]))","(array([0.]), array([0.]), array([0.]))","(array([0.]), array([0.]), array([0.]))","(array([0.]), array([0.]), array([0.]))","(array([0.]), array([0.]), array([0.]))"
(0.5000017228529468+0j),[0.34104721],[1.],[0.94004617],[1.],"(array([0.]), array([0.]), array([0.]))","(array([0.]), array([0.]), array([0.]))","(array([0.]), array([0.]), array([0.]))","(array([0.]), array([0.]), array([0.]))","(array([0.]), array([0.]), array([0.]))","(array([0.]), array([0.]), array([0.]))","(array([0.]), array([0.]), array([0.]))","(array([0.]), array([0.]), array([0.]))","(array([0.]), array([0.]), array([0.]))","(array([0.]), array([0.]), array([0.]))","(array([0.]), array([0.]), array([0.]))"
(0.5000017604547937+0j),[0.39748417],[1.],[0.91760903],[1.],"(array([0.]), array([0.]), array([0.]))","(array([0.]), array([0.]), array([0.]))","(array([0.]), array([0.]), array([0.]))","(array([0.]), array([0.]), array([0.]))","(array([0.]), array([0.]), array([0.]))","(array([0.]), array([0.]), array([0.]))","(array([0.]), array([0.]), array([0.]))","(array([0.]), array([0.]), array([0.]))","(array([0.]), array([0.]), array([0.]))","(array([0.]), array([0.]), array([0.]))","(array([0.]), array([0.]), array([0.]))"
(0.500001797159155+0j),[0.46843466],[1.],[0.88349814],[1.],"(array([0.]), array([0.]), array([0.]))","(array([0.]), array([0.]), array([0.]))","(array([0.]), array([0.]), array([0.]))","(array([0.]), array([0.]), array([0.]))","(array([0.]), array([0.]), array([0.]))","(array([0.]), array([0.]), array([0.]))","(array([0.]), array([0.]), array([0.]))","(array([0.]), array([0.]), array([0.]))","(array([0.]), array([0.]), array([0.]))","(array([0.]), array([0.]), array([0.]))","(array([0.]), array([0.]), array([0.]))"
(0.5000018324990806+0j),[-0.29065951],[1.],[0.95682655],[1.],"(array([0.]), array([0.]), array([0.]))","(array([0.]), array([0.]), array([0.]))","(array([0.]), array([0.]), array([0.]))","(array([0.]), array([0.]), array([0.]))","(array([0.]), array([0.]), array([0.]))","(array([0.]), array([0.]), array([0.]))","(array([0.]), array([0.]), array([0.]))","(array([0.]), array([0.]), array([0.]))","(array([0.]), array([0.]), array([0.]))","(array([0.]), array([0.]), array([0.]))","(array([0.]), array([0.]), array([0.]))"
(0.500001870772143+0j),[-0.26506317],[1.],[0.96423105],[1.],"(array([0.]), array([0.]), array([0.]))","(array([0.]), array([0.]), array([0.]))","(array([0.]), array([0.]), array([0.]))","(array([0.]), array([0.]), array([0.]))","(array([0.]), array([0.]), array([0.]))","(array([0.]), array([0.]), array([0.]))","(array([0.]), array([0.]), array([0.]))","(array([0.]), array([0.]), array([0.]))","(array([0.]), array([0.]), array([0.]))","(array([0.]), array([0.]), array([0.]))","(array([0.]), array([0.]), array([0.]))"
(0.5000019093413847+0j),[-0.82263177],[1.],[0.56857451],[1.],"(array([0.]), array([0.]), array([0.]))","(array([0.]), array([0.]), array([0.]))","(array([0.]), array([0.]), array([0.]))","(array([0.]), array([0.]), array([0.]))","(array([0.]), array([0.]), array([0.]))","(array([0.]), array([0.]), array([0.]))","(array([0.]), array([0.]), array([0.]))","(array([0.]), array([0.]), array([0.]))","(array([0.]), array([0.]), array([0.]))","(array([0.]), array([0.]), array([0.]))","(array([0.]), array([0.]), array([0.]))"
(0.5000019320843649+0j),[-0.87045935],[1.],[-0.4922403],[1.],"(array([0.]), array([0.]), array([0.]))","(array([0.]), array([0.]), array([0.]))","(array([0.]), array([0.]), array([0.]))","(array([0.]), array([0.]), array([0.]))","(array([0.]), array([0.]), array([0.]))","(array([0.]), array([0.]), array([0.]))","(array([0.]), array([0.]), array([0.]))","(array([0.]), array([0.]), array([0.]))","(array([0.]), array([0.]), array([0.]))","(array([0.]), array([0.]), array([0.]))","(array([0.]), array([0.]), array([0.]))"
(0.5000019123947531+0j),[-0.89492027],[1.],[-0.44622607],[1.],"(array([0.]), array([0.]), array([0.]))","(array([0.]), array([0.]), array([0.]))","(array([0.]), array([0.]), array([0.]))","(array([0.]), array([0.]), array([0.]))","(array([0.]), array([0.]), array([0.]))","(array([0.]), array([0.]), array([0.]))","(array([0.]), array([0.]), array([0.]))","(array([0.]), array([0.]), array([0.]))","(array([0.]), array([0.]), array([0.]))","(array([0.]), array([0.]), array([0.]))","(array([0.]), array([0.]), array([0.]))"
(0.5000018945457103+0j),[-0.89850598],[1.],[-0.43896128],[1.],"(array([0.]), array([0.]), array([0.]))","(array([0.]), array([0.]), array([0.]))","(array([0.]), array([0.]), array([0.]))","(array([0.]), array([0.]), array([0.]))","(array([0.]), array([0.]), array([0.]))","(array([0.]), array([0.]), array([0.]))","(array([0.]), array([0.]), array([0.]))","(array([0.]), array([0.]), array([0.]))","(array([0.]), array([0.]), array([0.]))","(array([0.]), array([0.]), array([0.]))","(array([0.]), array([0.]), array([0.]))"
(0.5000018769872585+0j),[-0.91382253],[1.],[-0.40611375],[1.],"(array([0.]), array([0.]), array([0.]))","(array([0.]), array([0.]), array([0.]))","(array([0.]), array([0.]), array([0.]))","(array([0.]), array([0.]), array([0.]))","(array([0.]), array([0.]), array([0.]))","(array([0.]), array([0.]), array([0.]))","(array([0.]), array([0.]), array([0.]))","(array([0.]), array([0.]), array([0.]))","(array([0.]), array([0.]), array([0.]))","(array([0.]), array([0.]), array([0.]))","(array([0.]), array([0.]), array([0.]))"
(0.5000018607427085+0j),[-0.9465591],[1.],[-0.32253042],[1.],"(array([0.]), array([0.]), array([0.]))","(array([0.]), array([0.]), array([0.]))","(array([0.]), array([0.]), array([0.]))","(array([0.]), array([0.]), array([0.]))","(array([0.]), array([0.]), array([0.]))","(array([0.]), array([0.]), array([0.]))","(array([0.]), array([0.]), array([0.]))","(array([0.]), array([0.]), array([0.]))","(array([0.]), array([0.]), array([0.]))","(array([0.]), array([0.]), array([0.]))","(array([0.]), array([0.]), array([0.]))"
(0.5000018478414919+0j),[-0.95023791],[1.],[-0.31152514],[1.],"(array([0.]), array([0.]), array([0.]))","(array([0.]), array([0.]), array([0.]))","(array([0.]), array([0.]), array([0.]))","(array([0.]), array([0.]), array([0.]))","(array([0.]), array([0.]), array([0.]))","(array([0.]), array([0.]), array([0.]))","(array([0.]), array([0.]), array([0.]))","(array([0.]), array([0.]), array([0.]))","(array([0.]), array([0.]), array([0.]))","(array([0.]), array([0.]), array([0.]))","(array([0.]), array([0.]), array([0.]))"
(0.5000018353804867+0j),[-0.98247168],[1.],[0.18641188],[1.],"(array([0.]), array([0.]), array([0.]))","(array([0.]), array([0.]), array([0.]))","(array([0.]), array([0.]), array([0.]))","(array([0.]), array([0.]), array([0.]))","(array([0.]), array([0.]), array([0.]))","(array([0.]), array([0.]), array([0.]))","(array([0.]), array([0.]), array([0.]))","(array([0.]), array([0.]), array([0.]))","(array([0.]), array([0.]), array([0.]))","(array([0.]), array([0.]), array([0.]))","(array([0.]), array([0.]), array([0.]))"
(0.500001842836962+0j),[-0.84568155],[1.],[0.53368784],[1.],"(array([0.]), array([0.]), array([0.]))","(array([0.]), array([0.]), array([0.]))","(array([0.]), array([0.]), array([0.]))","(array([0.]), array([0.]), array([0.]))","(array([0.]), array([0.]), array([0.]))","(array([0.]), array([0.]), array([0.]))","(array([0.]), array([0.]), array([0.]))","(array([0.]), array([0.]), array([0.]))","(array([0.]), array([0.]), array([0.]))","(array([0.]), array([0.]), array([0.]))","(array([0.]), array([0.]), array([0.]))"
(0.5000018641844759+0j),[-0.26361617],[1.],[0.96462765],[1.],"(array([0.]), array([0.]), array([0.]))","(array([0.]), array([0.]), array([0.]))","(array([0.]), array([0.]), array([0.]))","(array([0.]), array([0.]), array([0.]))","(array([0.]), array([0.]), array([0.]))","(array([0.]), array([0.]), array([0.]))","(array([0.]), array([0.]), array([0.]))","(array([0.]), array([0.]), array([0.]))","(array([0.]), array([0.]), array([0.]))","(array([0.]), array([0.]), array([0.]))","(array([0.]), array([0.]), array([0.]))"
(0.5000019027695821+0j),[0.769559],[1.],[0.63857572],[1.],"(array([0.]), array([0.]), array([0.]))","(array([0.]), array([0.]), array([0.]))","(array([0.]), array([0.]), array([0.]))","(array([0.]), array([0.]), array([0.]))","(array([0.]), array([0.]), array([0.]))","(array([0.]), array([0.]), array([0.]))","(array([0.]), array([0.]), array([0.]))","(array([0.]), array([0.]), array([0.]))","(array([0.]), array([0.]), array([0.]))","(array([0.]), array([0.]), array([0.]))","(array([0.]), array([0.]), array([0.]))"
(0.5000019283126111+0j),[0.94581425],[1.],[0.32470818],[1.],"(array([0.]), array([0.]), array([0.]))","(array([0.]), array([0.]), array([0.]))","(array([0.]), array([0.]), array([0.]))","(array([0.]), array([0.]), array([0.]))","(array([0.]), array([0.]), array([0.]))","(array([0.]), array([0.]), array([0.]))","(array([0.]), array([0.]), array([0.]))","(array([0.]), array([0.]), array([0.]))","(array([0.]), array([0.]), array([0.]))","(array([0.]), array([0.]), array([0.]))","(array([0.]), array([0.]), array([0.]))"
(0.5000019413009382+0j),[0.99901285],[1.],[-0.04442214],[1.],"(array([0.]), array([0.]), array([0.]))","(array([0.]), array([0.]), array([0.]))","(array([0.]), array([0.]), array([0.]))","(array([0.]), array([0.]), array([0.]))","(array([0.]), array([0.]), array([0.]))","(array([0.]), array([0.]), array([0.]))","(array([0.]), array([0.]), array([0.]))","(array([0.]), array([0.]), array([0.]))","(array([0.]), array([0.]), array([0.]))","(array([0.]), array([0.]), array([0.]))","(array([0.]), array([0.]), array([0.]))"
(0.5000019395240531+0j),[0.61203818],[1.],[-0.79082822],[1.],"(array([0.]), array([0.]), array([0.]))","(array([0.]), array([0.]), array([0.]))","(array([0.]), array([0.]), array([0.]))","(array([0.]), array([0.]), array([0.]))","(array([0.]), array([0.]), array([0.]))","(array([0.]), array([0.]), array([0.]))","(array([0.]), array([0.]), array([0.]))","(array([0.]), array([0.]), array([0.]))","(array([0.]), array([0.]), array([0.]))","(array([0.]), array([0.]), array([0.]))","(array([0.]), array([0.]), array([0.]))"
(0.5000019078909244+0j),[0.85731264],[1.],[-0.51479611],[1.],"(array([0.]), array([0.]), array([0.]))","(array([0.]), array([0.]), array([0.]))","(array([0.]), array([0.]), array([0.]))","(array([0.]), array([0.]), array([0.]))","(array([0.]), array([0.]), array([0.]))","(array([0.]), array([0.]), array([0.]))","(array([0.]), array([0.]), array([0.]))","(array([0.]), array([0.]), array([0.]))","(array([0.]), array([0.]), array([0.]))","(array([0.]), array([0.]), array([0.]))","(array([0.]), array([0.]), array([0.]))"
(0.5000018872990796+0j),[0.91519528],[1.],[-0.40301067],[1.],"(array([0.]), array([0.]), array([0.]))","(array([0.]), array([0.]), array([0.]))","(array([0.]), array([0.]), array([0.]))","(array([0.]), array([0.]), array([0.]))","(array([0.]), array([0.]), array([0.]))","(array([0.]), array([0.]), array([0.]))","(array([0.]), array([0.]), array([0.]))","(array([0.]), array([0.]), array([0.]))","(array([0.]), array([0.]), array([0.]))","(array([0.]), array([0.]), array([0.]))","(array([0.]), array([0.]), array([0.]))"
(0.5000018711786527+0j),[0.85303367],[1.],[-0.52185587],[1.],"(array([0.]), array([0.]), array([0.]))","(array([0.]), array([0.]), array([0.]))","(array([0.]), array([0.]), array([0.]))","(array([0.]), array([0.]), array([0.]))","(array([0.]), array([0.]), array([0.]))","(array([0.]), array([0.]), array([0.]))","(array([0.]), array([0.]), array([0.]))","(array([0.]), array([0.]), array([0.]))","(array([0.]), array([0.]), array([0.]))","(array([0.]), array([0.]), array([0.]))","(array([0.]), array([0.]), array([0.]))"
(0.5000018503044182+0j),[0.99192714],[1.],[0.12680912],[1.],"(array([0.]), array([0.]), array([0.]))","(array([0.]), array([0.]), array([0.]))","(array([0.]), array([0.]), array([0.]))","(array([0.]), array([0.]), array([0.]))","(array([0.]), array([0.]), array([0.]))","(array([0.]), array([0.]), array([0.]))","(array([0.]), array([0.]), array([0.]))","(array([0.]), array([0.]), array([0.]))","(array([0.]), array([0.]), array([0.]))","(array([0.]), array([0.]), array([0.]))","(array([0.]), array([0.]), array([0.]))"
(0.5000018553767833+0j),[0.94760442],[1.],[-0.31944619],[1.],"(array([0.]), array([0.]), array([0.]))","(array([0.]), array([0.]), array([0.]))","(array([0.]), array([0.]), array([0.]))","(array([0.]), array([0.]), array([0.]))","(array([0.]), array([0.]), array([0.]))","(array([0.]), array([0.]), array([0.]))","(array([0.]), array([0.]), array([0.]))","(array([0.]), array([0.]), array([0.]))","(array([0.]), array([0.]), array([0.]))","(array([0.]), array([0.]), array([0.]))","(array([0.]), array([0.]), array([0.]))"
(0.5000018425989353+0j),[0.49619134],[1.],[-0.8682132],[1.],"(array([0.]), array([0.]), array([0.]))","(array([0.]), array([0.]), array([0.]))","(array([0.]), array([0.]), array([0.]))","(array([0.]), array([0.]), array([0.]))","(array([0.]), array([0.]), array([0.]))","(array([0.]), array([0.]), array([0.]))","(array([0.]), array([0.]), array([0.]))","(array([0.]), array([0.]), array([0.]))","(array([0.]), array([0.]), array([0.]))","(array([0.]), array([0.]), array([0.]))","(array([0.]), array([0.]), array([0.]))"
(0.500001807870408+0j),[0.87346291],[1.],[-0.48689069],[1.],"(array([0.]), array([0.]), array([0.]))","(array([0.]), array([0.]), array([0.]))","(array([0.]), array([0.]), array([0.]))","(array([0.]), array([0.]), array([0.]))","(array([0.]), array([0.]), array([0.]))","(array([0.]), array([0.]), array([0.]))","(array([0.]), array([0.]), array([0.]))","(array([0.]), array([0.]), array([0.]))","(array([0.]), array([0.]), array([0.]))","(array([0.]), array([0.]), array([0.]))","(array([0.]), array([0.]), array([0.]))"
(0.5000017883947802+0j),[0.98658259],[1.],[-0.16326295],[1.],"(array([0.]), array([0.]), array([0.]))","(array([0.]), array([0.]), array([0.]))","(array([0.]), array([0.]), array([0.]))","(array([0.]), array([0.]), array([0.]))","(array([0.]), array([0.]), array([0.]))","(array([0.]), array([0.]), array([0.]))","(array([0.]), array([0.]), array([0.]))","(array([0.]), array([0.]), array([0.]))","(array([0.]), array([0.]), array([0.]))","(array([0.]), array([0.]), array([0.]))","(array([0.]), array([0.]), array([0.]))"
(0.5000017818642624+0j),[0.83317709],[1.],[-0.55300628],[1.],"(array([0.]), array([0.]), array([0.]))","(array([0.]), array([0.]), array([0.]))","(array([0.]), array([0.]), array([0.]))","(array([0.]), array([0.]), array([0.]))","(array([0.]), array([0.]), array([0.]))","(array([0.]), array([0.]), array([0.]))","(array([0.]), array([0.]), array([0.]))","(array([0.]), array([0.]), array([0.]))","(array([0.]), array([0.]), array([0.]))","(array([0.]), array([0.]), array([0.]))","(array([0.]), array([0.]), array([0.]))"
(0.5000017597440114+0j),[0.35399925],[1.],[-0.9352457],[1.],"(array([0.]), array([0.]), array([0.]))","(array([0.]), array([0.]), array([0.]))","(array([0.]), array([0.]), array([0.]))","(array([0.]), array([0.]), array([0.]))","(array([0.]), array([0.]), array([0.]))","(array([0.]), array([0.]), array([0.]))","(array([0.]), array([0.]), array([0.]))","(array([0.]), array([0.]), array([0.]))","(array([0.]), array([0.]), array([0.]))","(array([0.]), array([0.]), array([0.]))","(array([0.]), array([0.]), array([0.]))"
(0.5000017223341829+0j),[0.88485601],[1.],[-0.46586463],[1.],"(array([0.]), array([0.]), array([0.]))","(array([0.]), array([0.]), array([0.]))","(array([0.]), array([0.]), array([0.]))","(array([0.]), array([0.]), array([0.]))","(array([0.]), array([0.]), array([0.]))","(array([0.]), array([0.]), array([0.]))","(array([0.]), array([0.]), array([0.]))","(array([0.]), array([0.]), array([0.]))","(array([0.]), array([0.]), array([0.]))","(array([0.]), array([0.]), array([0.]))","(array([0.]), array([0.]), array([0.]))"
(0.500001703699598+0j),[0.73697541],[1.],[-0.67591956],[1.],"(array([0.]), array([0.]), array([0.]))","(array([0.]), array([0.]), array([0.]))","(array([0.]), array([0.]), array([0.]))","(array([0.]), array([0.]), array([0.]))","(array([0.]), array([0.]), array([0.]))","(array([0.]), array([0.]), array([0.]))","(array([0.]), array([0.]), array([0.]))","(array([0.]), array([0.]), array([0.]))","(array([0.]), array([0.]), array([0.]))","(array([0.]), array([0.]), array([0.]))","(array([0.]), array([0.]), array([0.]))"
(0.5000016766628154+0j),[0.78816964],[1.],[-0.61545805],[1.],"(array([0.]), array([0.]), array([0.]))","(array([0.]), array([0.]), array([0.]))","(array([0.]), array([0.]), array([0.]))","(array([0.]), array([0.]), array([0.]))","(array([0.]), array([0.]), array([0.]))","(array([0.]), array([0.]), array([0.]))","(array([0.]), array([0.]), array([0.]))","(array([0.]), array([0.]), array([0.]))","(array([0.]), array([0.]), array([0.]))","(array([0.]), array([0.]), array([0.]))","(array([0.]), array([0.]), array([0.]))"
(0.5000016520444934+0j),[0.98840469],[1.],[0.1518426],[1.],"(array([0.]), array([0.]), array([0.]))","(array([0.]), array([0.]), array([0.]))","(array([0.]), array([0.]), array([0.]))","(array([0.]), array([0.]), array([0.]))","(array([0.]), array([0.]), array([0.]))","(array([0.]), array([0.]), array([0.]))","(array([0.]), array([0.]), array([0.]))","(array([0.]), array([0.]), array([0.]))","(array([0.]), array([0.]), array([0.]))","(array([0.]), array([0.]), array([0.]))","(array([0.]), array([0.]), array([0.]))"
(0.500001658118197+0j),[0.9452398],[1.],[0.32637666],[1.],"(array([0.]), array([0.]), array([0.]))","(array([0.]), array([0.]), array([0.]))","(array([0.]), array([0.]), array([0.]))","(array([0.]), array([0.]), array([0.]))","(array([0.]), array([0.]), array([0.]))","(array([0.]), array([0.]), array([0.]))","(array([0.]), array([0.]), array([0.]))","(array([0.]), array([0.]), array([0.]))","(array([0.]), array([0.]), array([0.]))","(array([0.]), array([0.]), array([0.]))","(array([0.]), array([0.]), array([0.]))"
(0.5000016711732636+0j),[0.83685624],[1.],[0.54742272],[1.],"(array([0.]), array([0.]), array([0.]))","(array([0.]), array([0.]), array([0.]))","(array([0.]), array([0.]), array([0.]))","(array([0.]), array([0.]), array([0.]))","(array([0.]), array([0.]), array([0.]))","(array([0.]), array([0.]), array([0.]))","(array([0.]), array([0.]), array([0.]))","(array([0.]), array([0.]), array([0.]))","(array([0.]), array([0.]), array([0.]))","(array([0.]), array([0.]), array([0.]))","(array([0.]), array([0.]), array([0.]))"
(0.5000016930701718+0j),[0.86502679],[1.],[0.50172568],[1.],"(array([0.]), array([0.]), array([0.]))","(array([0.]), array([0.]), array([0.]))","(array([0.]), array([0.]), array([0.]))","(array([0.]), array([0.]), array([0.]))","(array([0.]), array([0.]), array([0.]))","(array([0.]), array([0.]), array([0.]))","(array([0.]), array([0.]), array([0.]))","(array([0.]), array([0.]), array([0.]))","(array([0.]), array([0.]), array([0.]))","(array([0.]), array([0.]), array([0.]))","(array([0.]), array([0.]), array([0.]))"
(0.5000017131391989+0j),[0.87579293],[1.],[0.48268701],[1.],"(array([0.]), array([0.]), array([0.]))","(array([0.]), array([0.]), array([0.]))","(array([0.]), array([0.]), array([0.]))","(array([0.]), array([0.]), array([0.]))","(array([0.]), array([0.]), array([0.]))","(array([0.]), array([0.]), array([0.]))","(array([0.]), array([0.]), array([0.]))","(array([0.]), array([0.]), array([0.]))","(array([0.]), array([0.]), array([0.]))","(array([0.]), array([0.]), array([0.]))","(array([0.]), array([0.]), array([0.]))"
(0.5000017324466796+0j),[0.81253905],[1.],[0.58290675],[1.],"(array([0.]), array([0.]), array([0.]))","(array([0.]), array([0.]), array([0.]))","(array([0.]), array([0.]), array([0.]))","(array([0.]), array([0.]), array([0.]))","(array([0.]), array([0.]), array([0.]))","(array([0.]), array([0.]), array([0.]))","(array([0.]), array([0.]), array([0.]))","(array([0.]), array([0.]), array([0.]))","(array([0.]), array([0.]), array([0.]))","(array([0.]), array([0.]), array([0.]))","(array([0.]), array([0.]), array([0.]))"
(0.5000017557629494+0j),[0.77850383],[1.],[0.62763985],[1.],"(array([0.]), array([0.]), array([0.]))","(array([0.]), array([0.]), array([0.]))","(array([0.]), array([0.]), array([0.]))","(array([0.]), array([0.]), array([0.]))","(array([0.]), array([0.]), array([0.]))","(array([0.]), array([0.]), array([0.]))","(array([0.]), array([0.]), array([0.]))","(array([0.]), array([0.]), array([0.]))","(array([0.]), array([0.]), array([0.]))","(array([0.]), array([0.]), array([0.]))","(array([0.]), array([0.]), array([0.]))"
(0.5000017808685437+0j),[0.73473759],[1.],[0.67835144],[1.],"(array([0.]), array([0.]), array([0.]))","(array([0.]), array([0.]), array([0.]))","(array([0.]), array([0.]), array([0.]))","(array([0.]), array([0.]), array([0.]))","(array([0.]), array([0.]), array([0.]))","(array([0.]), array([0.]), array([0.]))","(array([0.]), array([0.]), array([0.]))","(array([0.]), array([0.]), array([0.]))","(array([0.]), array([0.]), array([0.]))","(array([0.]), array([0.]), array([0.]))","(array([0.]), array([0.]), array([0.]))"
(0.5000018080026016+0j),[0.87112902],[1.],[0.49105421],[1.],"(array([0.]), array([0.]), array([0.]))","(array([0.]), array([0.]), array([0.]))","(array([0.]), array([0.]), array([0.]))","(array([0.]), array([0.]), array([0.]))","(array([0.]), array([0.]), array([0.]))","(array([0.]), array([0.]), array([0.]))","(array([0.]), array([0.]), array([0.]))","(array([0.]), array([0.]), array([0.]))","(array([0.]), array([0.]), array([0.]))","(array([0.]), array([0.]), array([0.]))","(array([0.]), array([0.]), array([0.]))"
(0.5000018276447697+0j),[0.99687152],[1.],[0.07903901],[1.],"(array([0.]), array([0.]), array([0.]))","(array([0.]), array([0.]), array([0.]))","(array([0.]), array([0.]), array([0.]))","(array([0.]), array([0.]), array([0.]))","(array([0.]), array([0.]), array([0.]))","(array([0.]), array([0.]), array([0.]))","(array([0.]), array([0.]), array([0.]))","(array([0.]), array([0.]), array([0.]))","(array([0.]), array([0.]), array([0.]))","(array([0.]), array([0.]), array([0.]))","(array([0.]), array([0.]), array([0.]))"
(0.5000018308063308+0j),[0.93858872],[1.],[-0.345038],[1.],"(array([0.]), array([0.]), array([0.]))","(array([0.]), array([0.]), array([0.]))","(array([0.]), array([0.]), array([0.]))","(array([0.]), array([0.]), array([0.]))","(array([0.]), array([0.]), array([0.]))","(array([0.]), array([0.]), array([0.]))","(array([0.]), array([0.]), array([0.]))","(array([0.]), array([0.]), array([0.]))","(array([0.]), array([0.]), array([0.]))","(array([0.]), array([0.]), array([0.]))","(array([0.]), array([0.]), array([0.]))"
(0.500001817004811+0j),[0.99898556],[1.],[0.04503172],[1.],"(array([0.]), array([0.]), array([0.]))","(array([0.]), array([0.]), array([0.]))","(array([0.]), array([0.]), array([0.]))","(array([0.]), array([0.]), array([0.]))","(array([0.]), array([0.]), array([0.]))","(array([0.]), array([0.]), array([0.]))","(array([0.]), array([0.]), array([0.]))","(array([0.]), array([0.]), array([0.]))","(array([0.]), array([0.]), array([0.]))","(array([0.]), array([0.]), array([0.]))","(array([0.]), array([0.]), array([0.]))"
(0.5000018188060803+0j),[0.92160861],[1.],[0.38812055],[1.],"(array([0.]), array([0.]), array([0.]))","(array([0.]), array([0.]), array([0.]))","(array([0.]), array([0.]), array([0.]))","(array([0.]), array([0.]), array([0.]))","(array([0.]), array([0.]), array([0.]))","(array([0.]), array([0.]), array([0.]))","(array([0.]), array([0.]), array([0.]))","(array([0.]), array([0.]), array([0.]))","(array([0.]), array([0.]), array([0.]))","(array([0.]), array([0.]), array([0.]))","(array([0.]), array([0.]), array([0.]))"
(0.5000018343309025+0j),[0.76602018],[1.],[0.64281653],[1.],"(array([0.]), array([0.]), array([0.]))","(array([0.]), array([0.]), array([0.]))","(array([0.]), array([0.]), array([0.]))","(array([0.]), array([0.]), array([0.]))","(array([0.]), array([0.]), array([0.]))","(array([0.]), array([0.]), array([0.]))","(array([0.]), array([0.]), array([0.]))","(array([0.]), array([0.]), array([0.]))","(array([0.]), array([0.]), array([0.]))","(array([0.]), array([0.]), array([0.]))","(array([0.]), array([0.]), array([0.]))"
(0.500001860043564+0j),[0.99808835],[1.],[0.06180325],[1.],"(array([0.]), array([0.]), array([0.]))","(array([0.]), array([0.]), array([0.]))","(array([0.]), array([0.]), array([0.]))","(array([0.]), array([0.]), array([0.]))","(array([0.]), array([0.]), array([0.]))","(array([0.]), array([0.]), array([0.]))","(array([0.]), array([0.]), array([0.]))","(array([0.]), array([0.]), array([0.]))","(array([0.]), array([0.]), array([0.]))","(array([0.]), array([0.]), array([0.]))","(array([0.]), array([0.]), array([0.]))"
(0.5000018625156939+0j),[0.98845215],[1.],[-0.15153335],[1.],"(array([0.]), array([0.]), array([0.]))","(array([0.]), array([0.]), array([0.]))","(array([0.]), array([0.]), array([0.]))","(array([0.]), array([0.]), array([0.]))","(array([0.]), array([0.]), array([0.]))","(array([0.]), array([0.]), array([0.]))","(array([0.]), array([0.]), array([0.]))","(array([0.]), array([0.]), array([0.]))","(array([0.]), array([0.]), array([0.]))","(array([0.]), array([0.]), array([0.]))","(array([0.]), array([0.]), array([0.]))"
(0.5000018564543599+0j),[0.98184266],[1.],[0.1896971],[1.],"(array([0.]), array([0.]), array([0.]))","(array([0.]), array([0.]), array([0.]))","(array([0.]), array([0.]), array([0.]))","(array([0.]), array([0.]), array([0.]))","(array([0.]), array([0.]), array([0.]))","(array([0.]), array([0.]), array([0.]))","(array([0.]), array([0.]), array([0.]))","(array([0.]), array([0.]), array([0.]))","(array([0.]), array([0.]), array([0.]))","(array([0.]), array([0.]), array([0.]))","(array([0.]), array([0.]), array([0.]))"
(0.5000018640422437+0j),[0.75922199],[1.],[0.65083175],[1.],"(array([0.]), array([0.]), array([0.]))","(array([0.]), array([0.]), array([0.]))","(array([0.]), array([0.]), array([0.]))","(array([0.]), array([0.]), array([0.]))","(array([0.]), array([0.]), array([0.]))","(array([0.]), array([0.]), array([0.]))","(array([0.]), array([0.]), array([0.]))","(array([0.]), array([0.]), array([0.]))","(array([0.]), array([0.]), array([0.]))","(array([0.]), array([0.]), array([0.]))","(array([0.]), array([0.]), array([0.]))"
(0.5000018900755139+0j),[0.40019318],[1.],[0.9164308],[1.],"(array([0.]), array([0.]), array([0.]))","(array([0.]), array([0.]), array([0.]))","(array([0.]), array([0.]), array([0.]))","(array([0.]), array([0.]), array([0.]))","(array([0.]), array([0.]), array([0.]))","(array([0.]), array([0.]), array([0.]))","(array([0.]), array([0.]), array([0.]))","(array([0.]), array([0.]), array([0.]))","(array([0.]), array([0.]), array([0.]))","(array([0.]), array([0.]), array([0.]))","(array([0.]), array([0.]), array([0.]))"
(0.5000019267327459+0j),[0.41180107],[1.],[0.91127377],[1.],"(array([0.]), array([0.]), array([0.]))","(array([0.]), array([0.]), array([0.]))","(array([0.]), array([0.]), array([0.]))","(array([0.]), array([0.]), array([0.]))","(array([0.]), array([0.]), array([0.]))","(array([0.]), array([0.]), array([0.]))","(array([0.]), array([0.]), array([0.]))","(array([0.]), array([0.]), array([0.]))","(array([0.]), array([0.]), array([0.]))","(array([0.]), array([0.]), array([0.]))","(array([0.]), array([0.]), array([0.]))"
(0.5000019631836966+0j),[-0.06932815],[1.],[0.99759391],[1.],"(array([0.]), array([0.]), array([0.]))","(array([0.]), array([0.]), array([0.]))","(array([0.]), array([0.]), array([0.]))","(array([0.]), array([0.]), array([0.]))","(array([0.]), array([0.]), array([0.]))","(array([0.]), array([0.]), array([0.]))","(array([0.]), array([0.]), array([0.]))","(array([0.]), array([0.]), array([0.]))","(array([0.]), array([0.]), array([0.]))","(array([0.]), array([0.]), array([0.]))","(array([0.]), array([0.]), array([0.]))"
(0.5000020030874529+0j),[-0.07287716],[1.],[0.99734092],[1.],"(array([0.]), array([0.]), array([0.]))","(array([0.]), array([0.]), array([0.]))","(array([0.]), array([0.]), array([0.]))","(array([0.]), array([0.]), array([0.]))","(array([0.]), array([0.]), array([0.]))","(array([0.]), array([0.]), array([0.]))","(array([0.]), array([0.]), array([0.]))","(array([0.]), array([0.]), array([0.]))","(array([0.]), array([0.]), array([0.]))","(array([0.]), array([0.]), array([0.]))","(array([0.]), array([0.]), array([0.]))"
(0.5000020429810901+0j),[0.50523875],[1.],[0.86297961],[1.],"(array([0.]), array([0.]), array([0.]))","(array([0.]), array([0.]), array([0.]))","(array([0.]), array([0.]), array([0.]))","(array([0.]), array([0.]), array([0.]))","(array([0.]), array([0.]), array([0.]))","(array([0.]), array([0.]), array([0.]))","(array([0.]), array([0.]), array([0.]))","(array([0.]), array([0.]), array([0.]))","(array([0.]), array([0.]), array([0.]))","(array([0.]), array([0.]), array([0.]))","(array([0.]), array([0.]), array([0.]))"
(0.5000020775002745+0j),[0.40310486],[1.],[0.9151538],[1.],"(array([0.]), array([0.]), array([0.]))","(array([0.]), array([0.]), array([0.]))","(array([0.]), array([0.]), array([0.]))","(array([0.]), array([0.]), array([0.]))","(array([0.]), array([0.]), array([0.]))","(array([0.]), array([0.]), array([0.]))","(array([0.]), array([0.]), array([0.]))","(array([0.]), array([0.]), array([0.]))","(array([0.]), array([0.]), array([0.]))","(array([0.]), array([0.]), array([0.]))","(array([0.]), array([0.]), array([0.]))"
(0.5000021141064259+0j),[0.71527029],[1.],[0.69884791],[1.],"(array([0.]), array([0.]), array([0.]))","(array([0.]), array([0.]), array([0.]))","(array([0.]), array([0.]), array([0.]))","(array([0.]), array([0.]), array([0.]))","(array([0.]), array([0.]), array([0.]))","(array([0.]), array([0.]), array([0.]))","(array([0.]), array([0.]), array([0.]))","(array([0.]), array([0.]), array([0.]))","(array([0.]), array([0.]), array([0.]))","(array([0.]), array([0.]), array([0.]))","(array([0.]), array([0.]), array([0.]))"
(0.5000021420603428+0j),[0.11617714],[1.],[0.99322851],[1.],"(array([0.]), array([0.]), array([0.]))","(array([0.]), array([0.]), array([0.]))","(array([0.]), array([0.]), array([0.]))","(array([0.]), array([0.]), array([0.]))","(array([0.]), array([0.]), array([0.]))","(array([0.]), array([0.]), array([0.]))","(array([0.]), array([0.]), array([0.]))","(array([0.]), array([0.]), array([0.]))","(array([0.]), array([0.]), array([0.]))","(array([0.]), array([0.]), array([0.]))","(array([0.]), array([0.]), array([0.]))"
(0.500002181789483+0j),[0.27215539],[1.],[0.96225332],[1.],"(array([0.]), array([0.]), array([0.]))","(array([0.]), array([0.]), array([0.]))","(array([0.]), array([0.]), array([0.]))","(array([0.]), array([0.]), array([0.]))","(array([0.]), array([0.]), array([0.]))","(array([0.]), array([0.]), array([0.]))","(array([0.]), array([0.]), array([0.]))","(array([0.]), array([0.]), array([0.]))","(array([0.]), array([0.]), array([0.]))","(array([0.]), array([0.]), array([0.]))","(array([0.]), array([0.]), array([0.]))"
(0.5000022202796156+0j),[0.3947352],[1.],[0.91879493],[1.],"(array([0.]), array([0.]), array([0.]))","(array([0.]), array([0.]), array([0.]))","(array([0.]), array([0.]), array([0.]))","(array([0.]), array([0.]), array([0.]))","(array([0.]), array([0.]), array([0.]))","(array([0.]), array([0.]), array([0.]))","(array([0.]), array([0.]), array([0.]))","(array([0.]), array([0.]), array([0.]))","(array([0.]), array([0.]), array([0.]))","(array([0.]), array([0.]), array([0.]))","(array([0.]), array([0.]), array([0.]))"
(0.500002257031412+0j),[-0.00717536],[1.],[0.99997426],[1.],"(array([0.]), array([0.]), array([0.]))","(array([0.]), array([0.]), array([0.]))","(array([0.]), array([0.]), array([0.]))","(array([0.]), array([0.]), array([0.]))","(array([0.]), array([0.]), array([0.]))","(array([0.]), array([0.]), array([0.]))","(array([0.]), array([0.]), array([0.]))","(array([0.]), array([0.]), array([0.]))","(array([0.]), array([0.]), array([0.]))","(array([0.]), array([0.]), array([0.]))","(array([0.]), array([0.]), array([0.]))"
(0.5000022970303822+0j),[0.5723823],[1.],[0.81998689],[1.],"(array([0.]), array([0.]), array([0.]))","(array([0.]), array([0.]), array([0.]))","(array([0.]), array([0.]), array([0.]))","(array([0.]), array([0.]), array([0.]))","(array([0.]), array([0.]), array([0.]))","(array([0.]), array([0.]), array([0.]))","(array([0.]), array([0.]), array([0.]))","(array([0.]), array([0.]), array([0.]))","(array([0.]), array([0.]), array([0.]))","(array([0.]), array([0.]), array([0.]))","(array([0.]), array([0.]), array([0.]))"
(0.5000023298298581+0j),[0.56983509],[1.],[0.82175907],[1.],"(array([0.]), array([0.]), array([0.]))","(array([0.]), array([0.]), array([0.]))","(array([0.]), array([0.]), array([0.]))","(array([0.]), array([0.]), array([0.]))","(array([0.]), array([0.]), array([0.]))","(array([0.]), array([0.]), array([0.]))","(array([0.]), array([0.]), array([0.]))","(array([0.]), array([0.]), array([0.]))","(array([0.]), array([0.]), array([0.]))","(array([0.]), array([0.]), array([0.]))","(array([0.]), array([0.]), array([0.]))"
(0.5000023627002214+0j),[0.29372742],[1.],[0.95588922],[1.],"(array([0.]), array([0.]), array([0.]))","(array([0.]), array([0.]), array([0.]))","(array([0.]), array([0.]), array([0.]))","(array([0.]), array([0.]), array([0.]))","(array([0.]), array([0.]), array([0.]))","(array([0.]), array([0.]), array([0.]))","(array([0.]), array([0.]), array([0.]))","(array([0.]), array([0.]), array([0.]))","(array([0.]), array([0.]), array([0.]))","(array([0.]), array([0.]), array([0.]))","(array([0.]), array([0.]), array([0.]))"
(0.5000024009357905+0j),[0.16582461],[1.],[0.98615526],[1.],"(array([0.]), array([0.]), array([0.]))","(array([0.]), array([0.]), array([0.]))","(array([0.]), array([0.]), array([0.]))","(array([0.]), array([0.]), array([0.]))","(array([0.]), array([0.]), array([0.]))","(array([0.]), array([0.]), array([0.]))","(array([0.]), array([0.]), array([0.]))","(array([0.]), array([0.]), array([0.]))","(array([0.]), array([0.]), array([0.]))","(array([0.]), array([0.]), array([0.]))","(array([0.]), array([0.]), array([0.]))"
(0.5000024403820003+0j),[0.55837033],[1.],[0.82959181],[1.],"(array([0.]), array([0.]), array([0.]))","(array([0.]), array([0.]), array([0.]))","(array([0.]), array([0.]), array([0.]))","(array([0.]), array([0.]), array([0.]))","(array([0.]), array([0.]), array([0.]))","(array([0.]), array([0.]), array([0.]))","(array([0.]), array([0.]), array([0.]))","(array([0.]), array([0.]), array([0.]))","(array([0.]), array([0.]), array([0.]))","(array([0.]), array([0.]), array([0.]))","(array([0.]), array([0.]), array([0.]))"
(0.5000024735656728+0j),[-0.021977],[1.],[0.99975848],[1.],"(array([0.]), array([0.]), array([0.]))","(array([0.]), array([0.]), array([0.]))","(array([0.]), array([0.]), array([0.]))","(array([0.]), array([0.]), array([0.]))","(array([0.]), array([0.]), array([0.]))","(array([0.]), array([0.]), array([0.]))","(array([0.]), array([0.]), array([0.]))","(array([0.]), array([0.]), array([0.]))","(array([0.]), array([0.]), array([0.]))","(array([0.]), array([0.]), array([0.]))","(array([0.]), array([0.]), array([0.]))"
(0.5000025135560118+0j),[0.0444662],[1.],[0.99901089],[1.],"(array([0.]), array([0.]), array([0.]))","(array([0.]), array([0.]), array([0.]))","(array([0.]), array([0.]), array([0.]))","(array([0.]), array([0.]), array([0.]))","(array([0.]), array([0.]), array([0.]))","(array([0.]), array([0.]), array([0.]))","(array([0.]), array([0.]), array([0.]))","(array([0.]), array([0.]), array([0.]))","(array([0.]), array([0.]), array([0.]))","(array([0.]), array([0.]), array([0.]))","(array([0.]), array([0.]), array([0.]))"
(0.5000025535164475+0j),[-0.37620496],[1.],[0.92653647],[1.],"(array([0.]), array([0.]), array([0.]))","(array([0.]), array([0.]), array([0.]))","(array([0.]), array([0.]), array([0.]))","(array([0.]), array([0.]), array([0.]))","(array([0.]), array([0.]), array([0.]))","(array([0.]), array([0.]), array([0.]))","(array([0.]), array([0.]), array([0.]))","(array([0.]), array([0.]), array([0.]))","(array([0.]), array([0.]), array([0.]))","(array([0.]), array([0.]), array([0.]))","(array([0.]), array([0.]), array([0.]))"
(0.5000025905779061+0j),[-0.28058636],[1.],[0.95982878],[1.],"(array([0.]), array([0.]), array([0.]))","(array([0.]), array([0.]), array([0.]))","(array([0.]), array([0.]), array([0.]))","(array([0.]), array([0.]), array([0.]))","(array([0.]), array([0.]), array([0.]))","(array([0.]), array([0.]), array([0.]))","(array([0.]), array([0.]), array([0.]))","(array([0.]), array([0.]), array([0.]))","(array([0.]), array([0.]), array([0.]))","(array([0.]), array([0.]), array([0.]))","(array([0.]), array([0.]), array([0.]))"
(0.5000026289710575+0j),[-0.49781297],[1.],[0.86728441],[1.],"(array([0.]), array([0.]), array([0.]))","(array([0.]), array([0.]), array([0.]))","(array([0.]), array([0.]), array([0.]))","(array([0.]), array([0.]), array([0.]))","(array([0.]), array([0.]), array([0.]))","(array([0.]), array([0.]), array([0.]))","(array([0.]), array([0.]), array([0.]))","(array([0.]), array([0.]), array([0.]))","(array([0.]), array([0.]), array([0.]))","(array([0.]), array([0.]), array([0.]))","(array([0.]), array([0.]), array([0.]))"
(0.500002663662434+0j),[-0.52622718],[1.],[0.85034402],[1.],"(array([0.]), array([0.]), array([0.]))","(array([0.]), array([0.]), array([0.]))","(array([0.]), array([0.]), array([0.]))","(array([0.]), array([0.]), array([0.]))","(array([0.]), array([0.]), array([0.]))","(array([0.]), array([0.]), array([0.]))","(array([0.]), array([0.]), array([0.]))","(array([0.]), array([0.]), array([0.]))","(array([0.]), array([0.]), array([0.]))","(array([0.]), array([0.]), array([0.]))","(array([0.]), array([0.]), array([0.]))"
(0.5000026976761947+0j),[-0.21254769],[1.],[0.97715069],[1.],"(array([0.]), array([0.]), array([0.]))","(array([0.]), array([0.]), array([0.]))","(array([0.]), array([0.]), array([0.]))","(array([0.]), array([0.]), array([0.]))","(array([0.]), array([0.]), array([0.]))","(array([0.]), array([0.]), array([0.]))","(array([0.]), array([0.]), array([0.]))","(array([0.]), array([0.]), array([0.]))","(array([0.]), array([0.]), array([0.]))","(array([0.]), array([0.]), array([0.]))","(array([0.]), array([0.]), array([0.]))"
(0.5000027367622227+0j),[-0.19413277],[1.],[0.98097526],[1.],"(array([0.]), array([0.]), array([0.]))","(array([0.]), array([0.]), array([0.]))","(array([0.]), array([0.]), array([0.]))","(array([0.]), array([0.]), array([0.]))","(array([0.]), array([0.]), array([0.]))","(array([0.]), array([0.]), array([0.]))","(array([0.]), array([0.]), array([0.]))","(array([0.]), array([0.]), array([0.]))","(array([0.]), array([0.]), array([0.]))","(array([0.]), array([0.]), array([0.]))","(array([0.]), array([0.]), array([0.]))"
(0.5000027760012333+0j),[0.05126212],[1.],[0.99868523],[1.],"(array([0.]), array([0.]), array([0.]))","(array([0.]), array([0.]), array([0.]))","(array([0.]), array([0.]), array([0.]))","(array([0.]), array([0.]), array([0.]))","(array([0.]), array([0.]), array([0.]))","(array([0.]), array([0.]), array([0.]))","(array([0.]), array([0.]), array([0.]))","(array([0.]), array([0.]), array([0.]))","(array([0.]), array([0.]), array([0.]))","(array([0.]), array([0.]), array([0.]))","(array([0.]), array([0.]), array([0.]))"
(0.5000028159486424+0j),[0.35577741],[1.],[0.93457072],[1.],"(array([0.]), array([0.]), array([0.]))","(array([0.]), array([0.]), array([0.]))","(array([0.]), array([0.]), array([0.]))","(array([0.]), array([0.]), array([0.]))","(array([0.]), array([0.]), array([0.]))","(array([0.]), array([0.]), array([0.]))","(array([0.]), array([0.]), array([0.]))","(array([0.]), array([0.]), array([0.]))","(array([0.]), array([0.]), array([0.]))","(array([0.]), array([0.]), array([0.]))","(array([0.]), array([0.]), array([0.]))"
(0.5000028533314711+0j),[0.5190197],[1.],[0.85476227],[1.],"(array([0.]), array([0.]), array([0.]))","(array([0.]), array([0.]), array([0.]))","(array([0.]), array([0.]), array([0.]))","(array([0.]), array([0.]), array([0.]))","(array([0.]), array([0.]), array([0.]))","(array([0.]), array([0.]), array([0.]))","(array([0.]), array([0.]), array([0.]))","(array([0.]), array([0.]), array([0.]))","(array([0.]), array([0.]), array([0.]))","(array([0.]), array([0.]), array([0.]))","(array([0.]), array([0.]), array([0.]))"
(0.500002887521962+0j),[0.60263042],[1.],[0.79802041],[1.],"(array([0.]), array([0.]), array([0.]))","(array([0.]), array([0.]), array([0.]))","(array([0.]), array([0.]), array([0.]))","(array([0.]), array([0.]), array([0.]))","(array([0.]), array([0.]), array([0.]))","(array([0.]), array([0.]), array([0.]))","(array([0.]), array([0.]), array([0.]))","(array([0.]), array([0.]), array([0.]))","(array([0.]), array([0.]), array([0.]))","(array([0.]), array([0.]), array([0.]))","(array([0.]), array([0.]), array([0.]))"
(0.5000029194427787+0j),[0.61767683],[1.],[0.78643202],[1.],"(array([0.]), array([0.]), array([0.]))","(array([0.]), array([0.]), array([0.]))","(array([0.]), array([0.]), array([0.]))","(array([0.]), array([0.]), array([0.]))","(array([0.]), array([0.]), array([0.]))","(array([0.]), array([0.]), array([0.]))","(array([0.]), array([0.]), array([0.]))","(array([0.]), array([0.]), array([0.]))","(array([0.]), array([0.]), array([0.]))","(array([0.]), array([0.]), array([0.]))","(array([0.]), array([0.]), array([0.]))"
(0.50000295090006+0j),[0.81391596],[1.],[0.58098262],[1.],"(array([0.]), array([0.]), array([0.]))","(array([0.]), array([0.]), array([0.]))","(array([0.]), array([0.]), array([0.]))","(array([0.]), array([0.]), array([0.]))","(array([0.]), array([0.]), array([0.]))","(array([0.]), array([0.]), array([0.]))","(array([0.]), array([0.]), array([0.]))","(array([0.]), array([0.]), array([0.]))","(array([0.]), array([0.]), array([0.]))","(array([0.]), array([0.]), array([0.]))","(array([0.]), array([0.]), array([0.]))"
(0.5000029741393653+0j),[0.9966976],[1.],[0.08120284],[1.],"(array([0.]), array([0.]), array([0.]))","(array([0.]), array([0.]), array([0.]))","(array([0.]), array([0.]), array([0.]))","(array([0.]), array([0.]), array([0.]))","(array([0.]), array([0.]), array([0.]))","(array([0.]), array([0.]), array([0.]))","(array([0.]), array([0.]), array([0.]))","(array([0.]), array([0.]), array([0.]))","(array([0.]), array([0.]), array([0.]))","(array([0.]), array([0.]), array([0.]))","(array([0.]), array([0.]), array([0.]))"
(0.500002977387479+0j),[0.73689276],[1.],[-0.67600965],[1.],"(array([0.]), array([0.]), array([0.]))","(array([0.]), array([0.]), array([0.]))","(array([0.]), array([0.]), array([0.]))","(array([0.]), array([0.]), array([0.]))","(array([0.]), array([0.]), array([0.]))","(array([0.]), array([0.]), array([0.]))","(array([0.]), array([0.]), array([0.]))","(array([0.]), array([0.]), array([0.]))","(array([0.]), array([0.]), array([0.]))","(array([0.]), array([0.]), array([0.]))","(array([0.]), array([0.]), array([0.]))"
(0.5000029503470926+0j),[0.04125315],[1.],[-0.99914873],[1.],"(array([0.]), array([0.]), array([0.]))","(array([0.]), array([0.]), array([0.]))","(array([0.]), array([0.]), array([0.]))","(array([0.]), array([0.]), array([0.]))","(array([0.]), array([0.]), array([0.]))","(array([0.]), array([0.]), array([0.]))","(array([0.]), array([0.]), array([0.]))","(array([0.]), array([0.]), array([0.]))","(array([0.]), array([0.]), array([0.]))","(array([0.]), array([0.]), array([0.]))","(array([0.]), array([0.]), array([0.]))"
(0.5000029103811433+0j),[0.46653449],[1.],[-0.88450301],[1.],"(array([0.]), array([0.]), array([0.]))","(array([0.]), array([0.]), array([0.]))","(array([0.]), array([0.]), array([0.]))","(array([0.]), array([0.]), array([0.]))","(array([0.]), array([0.]), array([0.]))","(array([0.]), array([0.]), array([0.]))","(array([0.]), array([0.]), array([0.]))","(array([0.]), array([0.]), array([0.]))","(array([0.]), array([0.]), array([0.]))","(array([0.]), array([0.]), array([0.]))","(array([0.]), array([0.]), array([0.]))"
(0.5000028750010237+0j),[0.34664865],[1.],[-0.93799505],[1.],"(array([0.]), array([0.]), array([0.]))","(array([0.]), array([0.]), array([0.]))","(array([0.]), array([0.]), array([0.]))","(array([0.]), array([0.]), array([0.]))","(array([0.]), array([0.]), array([0.]))","(array([0.]), array([0.]), array([0.]))","(array([0.]), array([0.]), array([0.]))","(array([0.]), array([0.]), array([0.]))","(array([0.]), array([0.]), array([0.]))","(array([0.]), array([0.]), array([0.]))","(array([0.]), array([0.]), array([0.]))"
(0.5000028374812214+0j),[0.13481628],[1.],[-0.99087061],[1.],"(array([0.]), array([0.]), array([0.]))","(array([0.]), array([0.]), array([0.]))","(array([0.]), array([0.]), array([0.]))","(array([0.]), array([0.]), array([0.]))","(array([0.]), array([0.]), array([0.]))","(array([0.]), array([0.]), array([0.]))","(array([0.]), array([0.]), array([0.]))","(array([0.]), array([0.]), array([0.]))","(array([0.]), array([0.]), array([0.]))","(array([0.]), array([0.]), array([0.]))","(array([0.]), array([0.]), array([0.]))"
(0.5000027978463962+0j),[-0.39719349],[1.],[-0.91773489],[1.],"(array([0.]), array([0.]), array([0.]))","(array([0.]), array([0.]), array([0.]))","(array([0.]), array([0.]), array([0.]))","(array([0.]), array([0.]), array([0.]))","(array([0.]), array([0.]), array([0.]))","(array([0.]), array([0.]), array([0.]))","(array([0.]), array([0.]), array([0.]))","(array([0.]), array([0.]), array([0.]))","(array([0.]), array([0.]), array([0.]))","(array([0.]), array([0.]), array([0.]))","(array([0.]), array([0.]), array([0.]))"
(0.5000027611370008+0j),[-0.77335956],[1.],[-0.63396766],[1.],"(array([0.]), array([0.]), array([0.]))","(array([0.]), array([0.]), array([0.]))","(array([0.]), array([0.]), array([0.]))","(array([0.]), array([0.]), array([0.]))","(array([0.]), array([0.]), array([0.]))","(array([0.]), array([0.]), array([0.]))","(array([0.]), array([0.]), array([0.]))","(array([0.]), array([0.]), array([0.]))","(array([0.]), array([0.]), array([0.]))","(array([0.]), array([0.]), array([0.]))","(array([0.]), array([0.]), array([0.]))"
(0.5000027357782942+0j),[-0.24137223],[1.],[-0.97043261],[1.],"(array([0.]), array([0.]), array([0.]))","(array([0.]), array([0.]), array([0.]))","(array([0.]), array([0.]), array([0.]))","(array([0.]), array([0.]), array([0.]))","(array([0.]), array([0.]), array([0.]))","(array([0.]), array([0.]), array([0.]))","(array([0.]), array([0.]), array([0.]))","(array([0.]), array([0.]), array([0.]))","(array([0.]), array([0.]), array([0.]))","(array([0.]), array([0.]), array([0.]))","(array([0.]), array([0.]), array([0.]))"
(0.5000026969609901+0j),[-0.35884753],[1.],[-0.93339619],[1.],"(array([0.]), array([0.]), array([0.]))","(array([0.]), array([0.]), array([0.]))","(array([0.]), array([0.]), array([0.]))","(array([0.]), array([0.]), array([0.]))","(array([0.]), array([0.]), array([0.]))","(array([0.]), array([0.]), array([0.]))","(array([0.]), array([0.]), array([0.]))","(array([0.]), array([0.]), array([0.]))","(array([0.]), array([0.]), array([0.]))","(array([0.]), array([0.]), array([0.]))","(array([0.]), array([0.]), array([0.]))"
(0.500002659625142+0j),[0.38757111],[1.],[-0.92183981],[1.],"(array([0.]), array([0.]), array([0.]))","(array([0.]), array([0.]), array([0.]))","(array([0.]), array([0.]), array([0.]))","(array([0.]), array([0.]), array([0.]))","(array([0.]), array([0.]), array([0.]))","(array([0.]), array([0.]), array([0.]))","(array([0.]), array([0.]), array([0.]))","(array([0.]), array([0.]), array([0.]))","(array([0.]), array([0.]), array([0.]))","(array([0.]), array([0.]), array([0.]))","(array([0.]), array([0.]), array([0.]))"
(0.5000026227515497+0j),[0.57308952],[1.],[-0.81949277],[1.],"(array([0.]), array([0.]), array([0.]))","(array([0.]), array([0.]), array([0.]))","(array([0.]), array([0.]), array([0.]))","(array([0.]), array([0.]), array([0.]))","(array([0.]), array([0.]), array([0.]))","(array([0.]), array([0.]), array([0.]))","(array([0.]), array([0.]), array([0.]))","(array([0.]), array([0.]), array([0.]))","(array([0.]), array([0.]), array([0.]))","(array([0.]), array([0.]), array([0.]))","(array([0.]), array([0.]), array([0.]))"
(0.5000025899718387+0j),[0.85463919],[1.],[-0.51922236],[1.],"(array([0.]), array([0.]), array([0.]))","(array([0.]), array([0.]), array([0.]))","(array([0.]), array([0.]), array([0.]))","(array([0.]), array([0.]), array([0.]))","(array([0.]), array([0.]), array([0.]))","(array([0.]), array([0.]), array([0.]))","(array([0.]), array([0.]), array([0.]))","(array([0.]), array([0.]), array([0.]))","(array([0.]), array([0.]), array([0.]))","(array([0.]), array([0.]), array([0.]))","(array([0.]), array([0.]), array([0.]))"
(0.5000025692029438+0j),[0.96321392],[1.],[-0.26873582],[1.],"(array([0.]), array([0.]), array([0.]))","(array([0.]), array([0.]), array([0.]))","(array([0.]), array([0.]), array([0.]))","(array([0.]), array([0.]), array([0.]))","(array([0.]), array([0.]), array([0.]))","(array([0.]), array([0.]), array([0.]))","(array([0.]), array([0.]), array([0.]))","(array([0.]), array([0.]), array([0.]))","(array([0.]), array([0.]), array([0.]))","(array([0.]), array([0.]), array([0.]))","(array([0.]), array([0.]), array([0.]))"
(0.5000025584535112+0j),[0.55755082],[1.],[-0.83014281],[1.],"(array([0.]), array([0.]), array([0.]))","(array([0.]), array([0.]), array([0.]))","(array([0.]), array([0.]), array([0.]))","(array([0.]), array([0.]), array([0.]))","(array([0.]), array([0.]), array([0.]))","(array([0.]), array([0.]), array([0.]))","(array([0.]), array([0.]), array([0.]))","(array([0.]), array([0.]), array([0.]))","(array([0.]), array([0.]), array([0.]))","(array([0.]), array([0.]), array([0.]))","(array([0.]), array([0.]), array([0.]))"
(0.500002525247799+0j),[0.74085157],[1.],[-0.67166878],[1.],"(array([0.]), array([0.]), array([0.]))","(array([0.]), array([0.]), array([0.]))","(array([0.]), array([0.]), array([0.]))","(array([0.]), array([0.]), array([0.]))","(array([0.]), array([0.]), array([0.]))","(array([0.]), array([0.]), array([0.]))","(array([0.]), array([0.]), array([0.]))","(array([0.]), array([0.]), array([0.]))","(array([0.]), array([0.]), array([0.]))","(array([0.]), array([0.]), array([0.]))","(array([0.]), array([0.]), array([0.]))"
(0.5000024983810477+0j),[0.87147165],[1.],[-0.49044589],[1.],"(array([0.]), array([0.]), array([0.]))","(array([0.]), array([0.]), array([0.]))","(array([0.]), array([0.]), array([0.]))","(array([0.]), array([0.]), array([0.]))","(array([0.]), array([0.]), array([0.]))","(array([0.]), array([0.]), array([0.]))","(array([0.]), array([0.]), array([0.]))","(array([0.]), array([0.]), array([0.]))","(array([0.]), array([0.]), array([0.]))","(array([0.]), array([0.]), array([0.]))","(array([0.]), array([0.]), array([0.]))"
(0.5000024787632121+0j),[0.84327985],[1.],[-0.53747474],[1.],"(array([0.]), array([0.]), array([0.]))","(array([0.]), array([0.]), array([0.]))","(array([0.]), array([0.]), array([0.]))","(array([0.]), array([0.]), array([0.]))","(array([0.]), array([0.]), array([0.]))","(array([0.]), array([0.]), array([0.]))","(array([0.]), array([0.]), array([0.]))","(array([0.]), array([0.]), array([0.]))","(array([0.]), array([0.]), array([0.]))","(array([0.]), array([0.]), array([0.]))","(array([0.]), array([0.]), array([0.]))"
(0.5000024572642222+0j),[0.50080014],[1.],[-0.86556295],[1.],"(array([0.]), array([0.]), array([0.]))","(array([0.]), array([0.]), array([0.]))","(array([0.]), array([0.]), array([0.]))","(array([0.]), array([0.]), array([0.]))","(array([0.]), array([0.]), array([0.]))","(array([0.]), array([0.]), array([0.]))","(array([0.]), array([0.]), array([0.]))","(array([0.]), array([0.]), array([0.]))","(array([0.]), array([0.]), array([0.]))","(array([0.]), array([0.]), array([0.]))","(array([0.]), array([0.]), array([0.]))"
(0.5000024226417045+0j),[0.95972155],[1.],[-0.28095292],[1.],"(array([0.]), array([0.]), array([0.]))","(array([0.]), array([0.]), array([0.]))","(array([0.]), array([0.]), array([0.]))","(array([0.]), array([0.]), array([0.]))","(array([0.]), array([0.]), array([0.]))","(array([0.]), array([0.]), array([0.]))","(array([0.]), array([0.]), array([0.]))","(array([0.]), array([0.]), array([0.]))","(array([0.]), array([0.]), array([0.]))","(array([0.]), array([0.]), array([0.]))","(array([0.]), array([0.]), array([0.]))"
(0.5000024114035877+0j),[0.53061805],[1.],[-0.84761104],[1.],"(array([0.]), array([0.]), array([0.]))","(array([0.]), array([0.]), array([0.]))","(array([0.]), array([0.]), array([0.]))","(array([0.]), array([0.]), array([0.]))","(array([0.]), array([0.]), array([0.]))","(array([0.]), array([0.]), array([0.]))","(array([0.]), array([0.]), array([0.]))","(array([0.]), array([0.]), array([0.]))","(array([0.]), array([0.]), array([0.]))","(array([0.]), array([0.]), array([0.]))","(array([0.]), array([0.]), array([0.]))"
(0.500002377499146+0j),[0.78426162],[1.],[-0.62043026],[1.],"(array([0.]), array([0.]), array([0.]))","(array([0.]), array([0.]), array([0.]))","(array([0.]), array([0.]), array([0.]))","(array([0.]), array([0.]), array([0.]))","(array([0.]), array([0.]), array([0.]))","(array([0.]), array([0.]), array([0.]))","(array([0.]), array([0.]), array([0.]))","(array([0.]), array([0.]), array([0.]))","(array([0.]), array([0.]), array([0.]))","(array([0.]), array([0.]), array([0.]))","(array([0.]), array([0.]), array([0.]))"
(0.5000023526819356+0j),[0.97499286],[1.],[-0.22223619],[1.],"(array([0.]), array([0.]), array([0.]))","(array([0.]), array([0.]), array([0.]))","(array([0.]), array([0.]), array([0.]))","(array([0.]), array([0.]), array([0.]))","(array([0.]), array([0.]), array([0.]))","(array([0.]), array([0.]), array([0.]))","(array([0.]), array([0.]), array([0.]))","(array([0.]), array([0.]), array([0.]))","(array([0.]), array([0.]), array([0.]))","(array([0.]), array([0.]), array([0.]))","(array([0.]), array([0.]), array([0.]))"
(0.5000023437924879+0j),[0.9608936],[1.],[-0.27691783],[1.],"(array([0.]), array([0.]), array([0.]))","(array([0.]), array([0.]), array([0.]))","(array([0.]), array([0.]), array([0.]))","(array([0.]), array([0.]), array([0.]))","(array([0.]), array([0.]), array([0.]))","(array([0.]), array([0.]), array([0.]))","(array([0.]), array([0.]), array([0.]))","(array([0.]), array([0.]), array([0.]))","(array([0.]), array([0.]), array([0.]))","(array([0.]), array([0.]), array([0.]))","(array([0.]), array([0.]), array([0.]))"
(0.5000023327157749+0j),[0.83602498],[1.],[-0.54869139],[1.],"(array([0.]), array([0.]), array([0.]))","(array([0.]), array([0.]), array([0.]))","(array([0.]), array([0.]), array([0.]))","(array([0.]), array([0.]), array([0.]))","(array([0.]), array([0.]), array([0.]))","(array([0.]), array([0.]), array([0.]))","(array([0.]), array([0.]), array([0.]))","(array([0.]), array([0.]), array([0.]))","(array([0.]), array([0.]), array([0.]))","(array([0.]), array([0.]), array([0.]))","(array([0.]), array([0.]), array([0.]))"
(0.5000023107681195+0j),[-0.21809032],[1.],[-0.97592859],[1.],"(array([0.]), array([0.]), array([0.]))","(array([0.]), array([0.]), array([0.]))","(array([0.]), array([0.]), array([0.]))","(array([0.]), array([0.]), array([0.]))","(array([0.]), array([0.]), array([0.]))","(array([0.]), array([0.]), array([0.]))","(array([0.]), array([0.]), array([0.]))","(array([0.]), array([0.]), array([0.]))","(array([0.]), array([0.]), array([0.]))","(array([0.]), array([0.]), array([0.]))","(array([0.]), array([0.]), array([0.]))"
(0.5000022717309761+0j),[-0.58103282],[1.],[-0.81388013],[1.],"(array([0.]), array([0.]), array([0.]))","(array([0.]), array([0.]), array([0.]))","(array([0.]), array([0.]), array([0.]))","(array([0.]), array([0.]), array([0.]))","(array([0.]), array([0.]), array([0.]))","(array([0.]), array([0.]), array([0.]))","(array([0.]), array([0.]), array([0.]))","(array([0.]), array([0.]), array([0.]))","(array([0.]), array([0.]), array([0.]))","(array([0.]), array([0.]), array([0.]))","(array([0.]), array([0.]), array([0.]))"
(0.5000022391757709+0j),[-0.34594649],[1.],[-0.93825424],[1.],"(array([0.]), array([0.]), array([0.]))","(array([0.]), array([0.]), array([0.]))","(array([0.]), array([0.]), array([0.]))","(array([0.]), array([0.]), array([0.]))","(array([0.]), array([0.]), array([0.]))","(array([0.]), array([0.]), array([0.]))","(array([0.]), array([0.]), array([0.]))","(array([0.]), array([0.]), array([0.]))","(array([0.]), array([0.]), array([0.]))","(array([0.]), array([0.]), array([0.]))","(array([0.]), array([0.]), array([0.]))"
(0.5000022016456014+0j),[-0.25647931],[1.],[-0.96654972],[1.],"(array([0.]), array([0.]), array([0.]))","(array([0.]), array([0.]), array([0.]))","(array([0.]), array([0.]), array([0.]))","(array([0.]), array([0.]), array([0.]))","(array([0.]), array([0.]), array([0.]))","(array([0.]), array([0.]), array([0.]))","(array([0.]), array([0.]), array([0.]))","(array([0.]), array([0.]), array([0.]))","(array([0.]), array([0.]), array([0.]))","(array([0.]), array([0.]), array([0.]))","(array([0.]), array([0.]), array([0.]))"
(0.5000021629836126+0j),[0.17003533],[1.],[-0.98543797],[1.],"(array([0.]), array([0.]), array([0.]))","(array([0.]), array([0.]), array([0.]))","(array([0.]), array([0.]), array([0.]))","(array([0.]), array([0.]), array([0.]))","(array([0.]), array([0.]), array([0.]))","(array([0.]), array([0.]), array([0.]))","(array([0.]), array([0.]), array([0.]))","(array([0.]), array([0.]), array([0.]))","(array([0.]), array([0.]), array([0.]))","(array([0.]), array([0.]), array([0.]))","(array([0.]), array([0.]), array([0.]))"
(0.5000021235660935+0j),[-0.11981542],[1.],[-0.99279618],[1.],"(array([0.]), array([0.]), array([0.]))","(array([0.]), array([0.]), array([0.]))","(array([0.]), array([0.]), array([0.]))","(array([0.]), array([0.]), array([0.]))","(array([0.]), array([0.]), array([0.]))","(array([0.]), array([0.]), array([0.]))","(array([0.]), array([0.]), array([0.]))","(array([0.]), array([0.]), array([0.]))","(array([0.]), array([0.]), array([0.]))","(array([0.]), array([0.]), array([0.]))","(array([0.]), array([0.]), array([0.]))"
(0.500002083854246+0j),[-0.46879558],[1.],[-0.88330669],[1.],"(array([0.]), array([0.]), array([0.]))","(array([0.]), array([0.]), array([0.]))","(array([0.]), array([0.]), array([0.]))","(array([0.]), array([0.]), array([0.]))","(array([0.]), array([0.]), array([0.]))","(array([0.]), array([0.]), array([0.]))","(array([0.]), array([0.]), array([0.]))","(array([0.]), array([0.]), array([0.]))","(array([0.]), array([0.]), array([0.]))","(array([0.]), array([0.]), array([0.]))","(array([0.]), array([0.]), array([0.]))"
(0.5000020485219788+0j),[-0.32952755],[1.],[-0.94414596],[1.],"(array([0.]), array([0.]), array([0.]))","(array([0.]), array([0.]), array([0.]))","(array([0.]), array([0.]), array([0.]))","(array([0.]), array([0.]), array([0.]))","(array([0.]), array([0.]), array([0.]))","(array([0.]), array([0.]), array([0.]))","(array([0.]), array([0.]), array([0.]))","(array([0.]), array([0.]), array([0.]))","(array([0.]), array([0.]), array([0.]))","(array([0.]), array([0.]), array([0.]))","(array([0.]), array([0.]), array([0.]))"
(0.5000020107561404+0j),[-0.74422021],[1.],[-0.66793434],[1.],"(array([0.]), array([0.]), array([0.]))","(array([0.]), array([0.]), array([0.]))","(array([0.]), array([0.]), array([0.]))","(array([0.]), array([0.]), array([0.]))","(array([0.]), array([0.]), array([0.]))","(array([0.]), array([0.]), array([0.]))","(array([0.]), array([0.]), array([0.]))","(array([0.]), array([0.]), array([0.]))","(array([0.]), array([0.]), array([0.]))","(array([0.]), array([0.]), array([0.]))","(array([0.]), array([0.]), array([0.]))"
(0.5000019840387671+0j),[-0.08060836],[1.],[-0.99674585],[1.],"(array([0.]), array([0.]), array([0.]))","(array([0.]), array([0.]), array([0.]))","(array([0.]), array([0.]), array([0.]))","(array([0.]), array([0.]), array([0.]))","(array([0.]), array([0.]), array([0.]))","(array([0.]), array([0.]), array([0.]))","(array([0.]), array([0.]), array([0.]))","(array([0.]), array([0.]), array([0.]))","(array([0.]), array([0.]), array([0.]))","(array([0.]), array([0.]), array([0.]))","(array([0.]), array([0.]), array([0.]))"
(0.5000019441689331+0j),[0.13666667],[1.],[-0.99061709],[1.],"(array([0.]), array([0.]), array([0.]))","(array([0.]), array([0.]), array([0.]))","(array([0.]), array([0.]), array([0.]))","(array([0.]), array([0.]), array([0.]))","(array([0.]), array([0.]), array([0.]))","(array([0.]), array([0.]), array([0.]))","(array([0.]), array([0.]), array([0.]))","(array([0.]), array([0.]), array([0.]))","(array([0.]), array([0.]), array([0.]))","(array([0.]), array([0.]), array([0.]))","(array([0.]), array([0.]), array([0.]))"
(0.5000019045442494+0j),[0.52660724],[1.],[-0.85010871],[1.],"(array([0.]), array([0.]), array([0.]))","(array([0.]), array([0.]), array([0.]))","(array([0.]), array([0.]), array([0.]))","(array([0.]), array([0.]), array([0.]))","(array([0.]), array([0.]), array([0.]))","(array([0.]), array([0.]), array([0.]))","(array([0.]), array([0.]), array([0.]))","(array([0.]), array([0.]), array([0.]))","(array([0.]), array([0.]), array([0.]))","(array([0.]), array([0.]), array([0.]))","(array([0.]), array([0.]), array([0.]))"
(0.5000018705399015+0j),[0.73301838],[1.],[-0.68020883],[1.],"(array([0.]), array([0.]), array([0.]))","(array([0.]), array([0.]), array([0.]))","(array([0.]), array([0.]), array([0.]))","(array([0.]), array([0.]), array([0.]))","(array([0.]), array([0.]), array([0.]))","(array([0.]), array([0.]), array([0.]))","(array([0.]), array([0.]), array([0.]))","(array([0.]), array([0.]), array([0.]))","(array([0.]), array([0.]), array([0.]))","(array([0.]), array([0.]), array([0.]))","(array([0.]), array([0.]), array([0.]))"
(0.5000018433315482+0j),[0.99993225],[1.],[-0.01164002],[1.],"(array([0.]), array([0.]), array([0.]))","(array([0.]), array([0.]), array([0.]))","(array([0.]), array([0.]), array([0.]))","(array([0.]), array([0.]), array([0.]))","(array([0.]), array([0.]), array([0.]))","(array([0.]), array([0.]), array([0.]))","(array([0.]), array([0.]), array([0.]))","(array([0.]), array([0.]), array([0.]))","(array([0.]), array([0.]), array([0.]))","(array([0.]), array([0.]), array([0.]))","(array([0.]), array([0.]), array([0.]))"
(0.5000018428659476+0j),[0.90723062],[1.],[-0.42063357],[1.],"(array([0.]), array([0.]), array([0.]))","(array([0.]), array([0.]), array([0.]))","(array([0.]), array([0.]), array([0.]))","(array([0.]), array([0.]), array([0.]))","(array([0.]), array([0.]), array([0.]))","(array([0.]), array([0.]), array([0.]))","(array([0.]), array([0.]), array([0.]))","(array([0.]), array([0.]), array([0.]))","(array([0.]), array([0.]), array([0.]))","(array([0.]), array([0.]), array([0.]))","(array([0.]), array([0.]), array([0.]))"
(0.5000018260406047+0j),[0.99999633],[1.],[-0.00271029],[1.],"(array([0.]), array([0.]), array([0.]))","(array([0.]), array([0.]), array([0.]))","(array([0.]), array([0.]), array([0.]))","(array([0.]), array([0.]), array([0.]))","(array([0.]), array([0.]), array([0.]))","(array([0.]), array([0.]), array([0.]))","(array([0.]), array([0.]), array([0.]))","(array([0.]), array([0.]), array([0.]))","(array([0.]), array([0.]), array([0.]))","(array([0.]), array([0.]), array([0.]))","(array([0.]), array([0.]), array([0.]))"
(0.5000018259321934+0j),[0.99808871],[1.],[0.06179753],[1.],"(array([0.]), array([0.]), array([0.]))","(array([0.]), array([0.]), array([0.]))","(array([0.]), array([0.]), array([0.]))","(array([0.]), array([0.]), array([0.]))","(array([0.]), array([0.]), array([0.]))","(array([0.]), array([0.]), array([0.]))","(array([0.]), array([0.]), array([0.]))","(array([0.]), array([0.]), array([0.]))","(array([0.]), array([0.]), array([0.]))","(array([0.]), array([0.]), array([0.]))","(array([0.]), array([0.]), array([0.]))"
(0.5000018284040946+0j),[0.89503919],[1.],[-0.4459875],[1.],"(array([0.]), array([0.]), array([0.]))","(array([0.]), array([0.]), array([0.]))","(array([0.]), array([0.]), array([0.]))","(array([0.]), array([0.]), array([0.]))","(array([0.]), array([0.]), array([0.]))","(array([0.]), array([0.]), array([0.]))","(array([0.]), array([0.]), array([0.]))","(array([0.]), array([0.]), array([0.]))","(array([0.]), array([0.]), array([0.]))","(array([0.]), array([0.]), array([0.]))","(array([0.]), array([0.]), array([0.]))"
(0.5000018105645946+0j),[0.38398773],[1.],[-0.92333819],[1.],"(array([0.]), array([0.]), array([0.]))","(array([0.]), array([0.]), array([0.]))","(array([0.]), array([0.]), array([0.]))","(array([0.]), array([0.]), array([0.]))","(array([0.]), array([0.]), array([0.]))","(array([0.]), array([0.]), array([0.]))","(array([0.]), array([0.]), array([0.]))","(array([0.]), array([0.]), array([0.]))","(array([0.]), array([0.]), array([0.]))","(array([0.]), array([0.]), array([0.]))","(array([0.]), array([0.]), array([0.]))"
(0.500001773631067+0j),[-0.12894517],[1.],[-0.99165173],[1.],"(array([0.]), array([0.]), array([0.]))","(array([0.]), array([0.]), array([0.]))","(array([0.]), array([0.]), array([0.]))","(array([0.]), array([0.]), array([0.]))","(array([0.]), array([0.]), array([0.]))","(array([0.]), array([0.]), array([0.]))","(array([0.]), array([0.]), array([0.]))","(array([0.]), array([0.]), array([0.]))","(array([0.]), array([0.]), array([0.]))","(array([0.]), array([0.]), array([0.]))","(array([0.]), array([0.]), array([0.]))"
(0.500001733964998+0j),[0.76755251],[1.],[-0.64098608],[1.],"(array([0.]), array([0.]), array([0.]))","(array([0.]), array([0.]), array([0.]))","(array([0.]), array([0.]), array([0.]))","(array([0.]), array([0.]), array([0.]))","(array([0.]), array([0.]), array([0.]))","(array([0.]), array([0.]), array([0.]))","(array([0.]), array([0.]), array([0.]))","(array([0.]), array([0.]), array([0.]))","(array([0.]), array([0.]), array([0.]))","(array([0.]), array([0.]), array([0.]))","(array([0.]), array([0.]), array([0.]))"
(0.5000017083255549+0j),[0.85028124],[1.],[-0.52632861],[1.],"(array([0.]), array([0.]), array([0.]))","(array([0.]), array([0.]), array([0.]))","(array([0.]), array([0.]), array([0.]))","(array([0.]), array([0.]), array([0.]))","(array([0.]), array([0.]), array([0.]))","(array([0.]), array([0.]), array([0.]))","(array([0.]), array([0.]), array([0.]))","(array([0.]), array([0.]), array([0.]))","(array([0.]), array([0.]), array([0.]))","(array([0.]), array([0.]), array([0.]))","(array([0.]), array([0.]), array([0.]))"
(0.5000016872724105+0j),[0.92437251],[1.],[-0.3814911],[1.],"(array([0.]), array([0.]), array([0.]))","(array([0.]), array([0.]), array([0.]))","(array([0.]), array([0.]), array([0.]))","(array([0.]), array([0.]), array([0.]))","(array([0.]), array([0.]), array([0.]))","(array([0.]), array([0.]), array([0.]))","(array([0.]), array([0.]), array([0.]))","(array([0.]), array([0.]), array([0.]))","(array([0.]), array([0.]), array([0.]))","(array([0.]), array([0.]), array([0.]))","(array([0.]), array([0.]), array([0.]))"
(0.5000016720127671+0j),[0.99685169],[1.],[-0.07928882],[1.],"(array([0.]), array([0.]), array([0.]))","(array([0.]), array([0.]), array([0.]))","(array([0.]), array([0.]), array([0.]))","(array([0.]), array([0.]), array([0.]))","(array([0.]), array([0.]), array([0.]))","(array([0.]), array([0.]), array([0.]))","(array([0.]), array([0.]), array([0.]))","(array([0.]), array([0.]), array([0.]))","(array([0.]), array([0.]), array([0.]))","(array([0.]), array([0.]), array([0.]))","(array([0.]), array([0.]), array([0.]))"
(0.5000016688412142+0j),[0.96166382],[1.],[0.27423109],[1.],"(array([0.]), array([0.]), array([0.]))","(array([0.]), array([0.]), array([0.]))","(array([0.]), array([0.]), array([0.]))","(array([0.]), array([0.]), array([0.]))","(array([0.]), array([0.]), array([0.]))","(array([0.]), array([0.]), array([0.]))","(array([0.]), array([0.]), array([0.]))","(array([0.]), array([0.]), array([0.]))","(array([0.]), array([0.]), array([0.]))","(array([0.]), array([0.]), array([0.]))","(array([0.]), array([0.]), array([0.]))"
(0.5000016798104578+0j),[0.86216015],[1.],[0.50663584],[1.],"(array([0.]), array([0.]), array([0.]))","(array([0.]), array([0.]), array([0.]))","(array([0.]), array([0.]), array([0.]))","(array([0.]), array([0.]), array([0.]))","(array([0.]), array([0.]), array([0.]))","(array([0.]), array([0.]), array([0.]))","(array([0.]), array([0.]), array([0.]))","(array([0.]), array([0.]), array([0.]))","(array([0.]), array([0.]), array([0.]))","(array([0.]), array([0.]), array([0.]))","(array([0.]), array([0.]), array([0.]))"
(0.5000017000758916+0j),[0.96266454],[1.],[0.27069723],[1.],"(array([0.]), array([0.]), array([0.]))","(array([0.]), array([0.]), array([0.]))","(array([0.]), array([0.]), array([0.]))","(array([0.]), array([0.]), array([0.]))","(array([0.]), array([0.]), array([0.]))","(array([0.]), array([0.]), array([0.]))","(array([0.]), array([0.]), array([0.]))","(array([0.]), array([0.]), array([0.]))","(array([0.]), array([0.]), array([0.]))","(array([0.]), array([0.]), array([0.]))","(array([0.]), array([0.]), array([0.]))"
(0.5000017109037809+0j),[0.88375762],[1.],[0.46794494],[1.],"(array([0.]), array([0.]), array([0.]))","(array([0.]), array([0.]), array([0.]))","(array([0.]), array([0.]), array([0.]))","(array([0.]), array([0.]), array([0.]))","(array([0.]), array([0.]), array([0.]))","(array([0.]), array([0.]), array([0.]))","(array([0.]), array([0.]), array([0.]))","(array([0.]), array([0.]), array([0.]))","(array([0.]), array([0.]), array([0.]))","(array([0.]), array([0.]), array([0.]))","(array([0.]), array([0.]), array([0.]))"
(0.5000017296215787+0j),[0.45747666],[1.],[0.88922163],[1.],"(array([0.]), array([0.]), array([0.]))","(array([0.]), array([0.]), array([0.]))","(array([0.]), array([0.]), array([0.]))","(array([0.]), array([0.]), array([0.]))","(array([0.]), array([0.]), array([0.]))","(array([0.]), array([0.]), array([0.]))","(array([0.]), array([0.]), array([0.]))","(array([0.]), array([0.]), array([0.]))","(array([0.]), array([0.]), array([0.]))","(array([0.]), array([0.]), array([0.]))","(array([0.]), array([0.]), array([0.]))"
(0.500001765190444+0j),[-0.23554315],[1.],[0.97186389],[1.],"(array([0.]), array([0.]), array([0.]))","(array([0.]), array([0.]), array([0.]))","(array([0.]), array([0.]), array([0.]))","(array([0.]), array([0.]), array([0.]))","(array([0.]), array([0.]), array([0.]))","(array([0.]), array([0.]), array([0.]))","(array([0.]), array([0.]), array([0.]))","(array([0.]), array([0.]), array([0.]))","(array([0.]), array([0.]), array([0.]))","(array([0.]), array([0.]), array([0.]))","(array([0.]), array([0.]), array([0.]))"
(0.5000018040649992+0j),[-0.17822842],[1.],[0.98398914],[1.],"(array([0.]), array([0.]), array([0.]))","(array([0.]), array([0.]), array([0.]))","(array([0.]), array([0.]), array([0.]))","(array([0.]), array([0.]), array([0.]))","(array([0.]), array([0.]), array([0.]))","(array([0.]), array([0.]), array([0.]))","(array([0.]), array([0.]), array([0.]))","(array([0.]), array([0.]), array([0.]))","(array([0.]), array([0.]), array([0.]))","(array([0.]), array([0.]), array([0.]))","(array([0.]), array([0.]), array([0.]))"
(0.5000018434245643+0j),[-0.81717322],[1.],[0.57639217],[1.],"(array([0.]), array([0.]), array([0.]))","(array([0.]), array([0.]), array([0.]))","(array([0.]), array([0.]), array([0.]))","(array([0.]), array([0.]), array([0.]))","(array([0.]), array([0.]), array([0.]))","(array([0.]), array([0.]), array([0.]))","(array([0.]), array([0.]), array([0.]))","(array([0.]), array([0.]), array([0.]))","(array([0.]), array([0.]), array([0.]))","(array([0.]), array([0.]), array([0.]))","(array([0.]), array([0.]), array([0.]))"
(0.5000018664802507+0j),[-0.60353162],[1.],[0.79733906],[1.],"(array([0.]), array([0.]), array([0.]))","(array([0.]), array([0.]), array([0.]))","(array([0.]), array([0.]), array([0.]))","(array([0.]), array([0.]), array([0.]))","(array([0.]), array([0.]), array([0.]))","(array([0.]), array([0.]), array([0.]))","(array([0.]), array([0.]), array([0.]))","(array([0.]), array([0.]), array([0.]))","(array([0.]), array([0.]), array([0.]))","(array([0.]), array([0.]), array([0.]))","(array([0.]), array([0.]), array([0.]))"
(0.5000018983738135+0j),[-0.76780014],[1.],[0.64068943],[1.],"(array([0.]), array([0.]), array([0.]))","(array([0.]), array([0.]), array([0.]))","(array([0.]), array([0.]), array([0.]))","(array([0.]), array([0.]), array([0.]))","(array([0.]), array([0.]), array([0.]))","(array([0.]), array([0.]), array([0.]))","(array([0.]), array([0.]), array([0.]))","(array([0.]), array([0.]), array([0.]))","(array([0.]), array([0.]), array([0.]))","(array([0.]), array([0.]), array([0.]))","(array([0.]), array([0.]), array([0.]))"
(0.5000019240013912+0j),[-0.89428115],[1.],[0.44750557],[1.],"(array([0.]), array([0.]), array([0.]))","(array([0.]), array([0.]), array([0.]))","(array([0.]), array([0.]), array([0.]))","(array([0.]), array([0.]), array([0.]))","(array([0.]), array([0.]), array([0.]))","(array([0.]), array([0.]), array([0.]))","(array([0.]), array([0.]), array([0.]))","(array([0.]), array([0.]), array([0.]))","(array([0.]), array([0.]), array([0.]))","(array([0.]), array([0.]), array([0.]))","(array([0.]), array([0.]), array([0.]))"
(0.5000019419016135+0j),[-0.84625019],[1.],[0.53278571],[1.],"(array([0.]), array([0.]), array([0.]))","(array([0.]), array([0.]), array([0.]))","(array([0.]), array([0.]), array([0.]))","(array([0.]), array([0.]), array([0.]))","(array([0.]), array([0.]), array([0.]))","(array([0.]), array([0.]), array([0.]))","(array([0.]), array([0.]), array([0.]))","(array([0.]), array([0.]), array([0.]))","(array([0.]), array([0.]), array([0.]))","(array([0.]), array([0.]), array([0.]))","(array([0.]), array([0.]), array([0.]))"
(0.5000019632130415+0j),[-0.92257652],[1.],[0.38581416],[1.],"(array([0.]), array([0.]), array([0.]))","(array([0.]), array([0.]), array([0.]))","(array([0.]), array([0.]), array([0.]))","(array([0.]), array([0.]), array([0.]))","(array([0.]), array([0.]), array([0.]))","(array([0.]), array([0.]), array([0.]))","(array([0.]), array([0.]), array([0.]))","(array([0.]), array([0.]), array([0.]))","(array([0.]), array([0.]), array([0.]))","(array([0.]), array([0.]), array([0.]))","(array([0.]), array([0.]), array([0.]))"
(0.5000019786456076+0j),[-0.75843967],[1.],[0.65174325],[1.],"(array([0.]), array([0.]), array([0.]))","(array([0.]), array([0.]), array([0.]))","(array([0.]), array([0.]), array([0.]))","(array([0.]), array([0.]), array([0.]))","(array([0.]), array([0.]), array([0.]))","(array([0.]), array([0.]), array([0.]))","(array([0.]), array([0.]), array([0.]))","(array([0.]), array([0.]), array([0.]))","(array([0.]), array([0.]), array([0.]))","(array([0.]), array([0.]), array([0.]))","(array([0.]), array([0.]), array([0.]))"
(0.5000020047153373+0j),[-0.99153961],[1.],[0.12980451],[1.],"(array([0.]), array([0.]), array([0.]))","(array([0.]), array([0.]), array([0.]))","(array([0.]), array([0.]), array([0.]))","(array([0.]), array([0.]), array([0.]))","(array([0.]), array([0.]), array([0.]))","(array([0.]), array([0.]), array([0.]))","(array([0.]), array([0.]), array([0.]))","(array([0.]), array([0.]), array([0.]))","(array([0.]), array([0.]), array([0.]))","(array([0.]), array([0.]), array([0.]))","(array([0.]), array([0.]), array([0.]))"
(0.5000020099075181+0j),[-0.77315261],[1.],[-0.63422002],[1.],"(array([0.]), array([0.]), array([0.]))","(array([0.]), array([0.]), array([0.]))","(array([0.]), array([0.]), array([0.]))","(array([0.]), array([0.]), array([0.]))","(array([0.]), array([0.]), array([0.]))","(array([0.]), array([0.]), array([0.]))","(array([0.]), array([0.]), array([0.]))","(array([0.]), array([0.]), array([0.]))","(array([0.]), array([0.]), array([0.]))","(array([0.]), array([0.]), array([0.]))","(array([0.]), array([0.]), array([0.]))"
(0.500001984538717+0j),[-0.98200008],[1.],[0.18888049],[1.],"(array([0.]), array([0.]), array([0.]))","(array([0.]), array([0.]), array([0.]))","(array([0.]), array([0.]), array([0.]))","(array([0.]), array([0.]), array([0.]))","(array([0.]), array([0.]), array([0.]))","(array([0.]), array([0.]), array([0.]))","(array([0.]), array([0.]), array([0.]))","(array([0.]), array([0.]), array([0.]))","(array([0.]), array([0.]), array([0.]))","(array([0.]), array([0.]), array([0.]))","(array([0.]), array([0.]), array([0.]))"
(0.5000019920939373+0j),[-0.96551939],[1.],[0.26033116],[1.],"(array([0.]), array([0.]), array([0.]))","(array([0.]), array([0.]), array([0.]))","(array([0.]), array([0.]), array([0.]))","(array([0.]), array([0.]), array([0.]))","(array([0.]), array([0.]), array([0.]))","(array([0.]), array([0.]), array([0.]))","(array([0.]), array([0.]), array([0.]))","(array([0.]), array([0.]), array([0.]))","(array([0.]), array([0.]), array([0.]))","(array([0.]), array([0.]), array([0.]))","(array([0.]), array([0.]), array([0.]))"
(0.5000020025071839+0j),[-0.62463027],[1.],[-0.78092062],[1.],"(array([0.]), array([0.]), array([0.]))","(array([0.]), array([0.]), array([0.]))","(array([0.]), array([0.]), array([0.]))","(array([0.]), array([0.]), array([0.]))","(array([0.]), array([0.]), array([0.]))","(array([0.]), array([0.]), array([0.]))","(array([0.]), array([0.]), array([0.]))","(array([0.]), array([0.]), array([0.]))","(array([0.]), array([0.]), array([0.]))","(array([0.]), array([0.]), array([0.]))","(array([0.]), array([0.]), array([0.]))"
(0.5000019712703595+0j),[-0.99064689],[1.],[-0.1364505],[1.],"(array([0.]), array([0.]), array([0.]))","(array([0.]), array([0.]), array([0.]))","(array([0.]), array([0.]), array([0.]))","(array([0.]), array([0.]), array([0.]))","(array([0.]), array([0.]), array([0.]))","(array([0.]), array([0.]), array([0.]))","(array([0.]), array([0.]), array([0.]))","(array([0.]), array([0.]), array([0.]))","(array([0.]), array([0.]), array([0.]))","(array([0.]), array([0.]), array([0.]))","(array([0.]), array([0.]), array([0.]))"
(0.5000019658123394+0j),[-0.71544271],[1.],[-0.69867141],[1.],"(array([0.]), array([0.]), array([0.]))","(array([0.]), array([0.]), array([0.]))","(array([0.]), array([0.]), array([0.]))","(array([0.]), array([0.]), array([0.]))","(array([0.]), array([0.]), array([0.]))","(array([0.]), array([0.]), array([0.]))","(array([0.]), array([0.]), array([0.]))","(array([0.]), array([0.]), array([0.]))","(array([0.]), array([0.]), array([0.]))","(array([0.]), array([0.]), array([0.]))","(array([0.]), array([0.]), array([0.]))"
(0.500001937865483+0j),[-0.9893509],[1.],[0.14555],[1.],"(array([0.]), array([0.]), array([0.]))","(array([0.]), array([0.]), array([0.]))","(array([0.]), array([0.]), array([0.]))","(array([0.]), array([0.]), array([0.]))","(array([0.]), array([0.]), array([0.]))","(array([0.]), array([0.]), array([0.]))","(array([0.]), array([0.]), array([0.]))","(array([0.]), array([0.]), array([0.]))","(array([0.]), array([0.]), array([0.]))","(array([0.]), array([0.]), array([0.]))","(array([0.]), array([0.]), array([0.]))"
(0.5000019436874825+0j),[-0.57414129],[1.],[0.81875624],[1.],"(array([0.]), array([0.]), array([0.]))","(array([0.]), array([0.]), array([0.]))","(array([0.]), array([0.]), array([0.]))","(array([0.]), array([0.]), array([0.]))","(array([0.]), array([0.]), array([0.]))","(array([0.]), array([0.]), array([0.]))","(array([0.]), array([0.]), array([0.]))","(array([0.]), array([0.]), array([0.]))","(array([0.]), array([0.]), array([0.]))","(array([0.]), array([0.]), array([0.]))","(array([0.]), array([0.]), array([0.]))"
(0.5000019764377323+0j),[-0.21589803],[1.],[0.97641592],[1.],"(array([0.]), array([0.]), array([0.]))","(array([0.]), array([0.]), array([0.]))","(array([0.]), array([0.]), array([0.]))","(array([0.]), array([0.]), array([0.]))","(array([0.]), array([0.]), array([0.]))","(array([0.]), array([0.]), array([0.]))","(array([0.]), array([0.]), array([0.]))","(array([0.]), array([0.]), array([0.]))","(array([0.]), array([0.]), array([0.]))","(array([0.]), array([0.]), array([0.]))","(array([0.]), array([0.]), array([0.]))"
(0.5000020154943685+0j),[-0.21516592],[1.],[0.97657751],[1.],"(array([0.]), array([0.]), array([0.]))","(array([0.]), array([0.]), array([0.]))","(array([0.]), array([0.]), array([0.]))","(array([0.]), array([0.]), array([0.]))","(array([0.]), array([0.]), array([0.]))","(array([0.]), array([0.]), array([0.]))","(array([0.]), array([0.]), array([0.]))","(array([0.]), array([0.]), array([0.]))","(array([0.]), array([0.]), array([0.]))","(array([0.]), array([0.]), array([0.]))","(array([0.]), array([0.]), array([0.]))"
(0.5000020545574689+0j),[-0.57181266],[1.],[0.82038422],[1.],"(array([0.]), array([0.]), array([0.]))","(array([0.]), array([0.]), array([0.]))","(array([0.]), array([0.]), array([0.]))","(array([0.]), array([0.]), array([0.]))","(array([0.]), array([0.]), array([0.]))","(array([0.]), array([0.]), array([0.]))","(array([0.]), array([0.]), array([0.]))","(array([0.]), array([0.]), array([0.]))","(array([0.]), array([0.]), array([0.]))","(array([0.]), array([0.]), array([0.]))","(array([0.]), array([0.]), array([0.]))"
(0.500002087372838+0j),[-0.17958546],[1.],[0.98374238],[1.],"(array([0.]), array([0.]), array([0.]))","(array([0.]), array([0.]), array([0.]))","(array([0.]), array([0.]), array([0.]))","(array([0.]), array([0.]), array([0.]))","(array([0.]), array([0.]), array([0.]))","(array([0.]), array([0.]), array([0.]))","(array([0.]), array([0.]), array([0.]))","(array([0.]), array([0.]), array([0.]))","(array([0.]), array([0.]), array([0.]))","(array([0.]), array([0.]), array([0.]))","(array([0.]), array([0.]), array([0.]))"
(0.5000021267225335+0j),[-0.35221419],[1.],[0.93591942],[1.],"(array([0.]), array([0.]), array([0.]))","(array([0.]), array([0.]), array([0.]))","(array([0.]), array([0.]), array([0.]))","(array([0.]), array([0.]), array([0.]))","(array([0.]), array([0.]), array([0.]))","(array([0.]), array([0.]), array([0.]))","(array([0.]), array([0.]), array([0.]))","(array([0.]), array([0.]), array([0.]))","(array([0.]), array([0.]), array([0.]))","(array([0.]), array([0.]), array([0.]))","(array([0.]), array([0.]), array([0.]))"
(0.50000216415931+0j),[0.12767217],[1.],[0.99181642],[1.],"(array([0.]), array([0.]), array([0.]))","(array([0.]), array([0.]), array([0.]))","(array([0.]), array([0.]), array([0.]))","(array([0.]), array([0.]), array([0.]))","(array([0.]), array([0.]), array([0.]))","(array([0.]), array([0.]), array([0.]))","(array([0.]), array([0.]), array([0.]))","(array([0.]), array([0.]), array([0.]))","(array([0.]), array([0.]), array([0.]))","(array([0.]), array([0.]), array([0.]))","(array([0.]), array([0.]), array([0.]))"
(0.5000022038319668+0j),[0.00285885],[1.],[0.99999591],[1.],"(array([0.]), array([0.]), array([0.]))","(array([0.]), array([0.]), array([0.]))","(array([0.]), array([0.]), array([0.]))","(array([0.]), array([0.]), array([0.]))","(array([0.]), array([0.]), array([0.]))","(array([0.]), array([0.]), array([0.]))","(array([0.]), array([0.]), array([0.]))","(array([0.]), array([0.]), array([0.]))","(array([0.]), array([0.]), array([0.]))","(array([0.]), array([0.]), array([0.]))","(array([0.]), array([0.]), array([0.]))"
(0.5000022438318037+0j),[-0.64764934],[1.],[0.76193853],[1.],"(array([0.]), array([0.]), array([0.]))","(array([0.]), array([0.]), array([0.]))","(array([0.]), array([0.]), array([0.]))","(array([0.]), array([0.]), array([0.]))","(array([0.]), array([0.]), array([0.]))","(array([0.]), array([0.]), array([0.]))","(array([0.]), array([0.]), array([0.]))","(array([0.]), array([0.]), array([0.]))","(array([0.]), array([0.]), array([0.]))","(array([0.]), array([0.]), array([0.]))","(array([0.]), array([0.]), array([0.]))"
(0.5000022743093449+0j),[-0.85159036],[1.],[0.52420784],[1.],"(array([0.]), array([0.]), array([0.]))","(array([0.]), array([0.]), array([0.]))","(array([0.]), array([0.]), array([0.]))","(array([0.]), array([0.]), array([0.]))","(array([0.]), array([0.]), array([0.]))","(array([0.]), array([0.]), array([0.]))","(array([0.]), array([0.]), array([0.]))","(array([0.]), array([0.]), array([0.]))","(array([0.]), array([0.]), array([0.]))","(array([0.]), array([0.]), array([0.]))","(array([0.]), array([0.]), array([0.]))"
(0.5000022952776589+0j),[-0.8364071],[1.],[0.54810871],[1.],"(array([0.]), array([0.]), array([0.]))","(array([0.]), array([0.]), array([0.]))","(array([0.]), array([0.]), array([0.]))","(array([0.]), array([0.]), array([0.]))","(array([0.]), array([0.]), array([0.]))","(array([0.]), array([0.]), array([0.]))","(array([0.]), array([0.]), array([0.]))","(array([0.]), array([0.]), array([0.]))","(array([0.]), array([0.]), array([0.]))","(array([0.]), array([0.]), array([0.]))","(array([0.]), array([0.]), array([0.]))"
(0.5000023172020068+0j),[-0.9358354],[1.],[0.35243739],[1.],"(array([0.]), array([0.]), array([0.]))","(array([0.]), array([0.]), array([0.]))","(array([0.]), array([0.]), array([0.]))","(array([0.]), array([0.]), array([0.]))","(array([0.]), array([0.]), array([0.]))","(array([0.]), array([0.]), array([0.]))","(array([0.]), array([0.]), array([0.]))","(array([0.]), array([0.]), array([0.]))","(array([0.]), array([0.]), array([0.]))","(array([0.]), array([0.]), array([0.]))","(array([0.]), array([0.]), array([0.]))"
(0.5000023312995022+0j),[-0.91135073],[1.],[0.41163073],[1.],"(array([0.]), array([0.]), array([0.]))","(array([0.]), array([0.]), array([0.]))","(array([0.]), array([0.]), array([0.]))","(array([0.]), array([0.]), array([0.]))","(array([0.]), array([0.]), array([0.]))","(array([0.]), array([0.]), array([0.]))","(array([0.]), array([0.]), array([0.]))","(array([0.]), array([0.]), array([0.]))","(array([0.]), array([0.]), array([0.]))","(array([0.]), array([0.]), array([0.]))","(array([0.]), array([0.]), array([0.]))"
(0.5000023477647313+0j),[-0.99994305],[1.],[0.01067183],[1.],"(array([0.]), array([0.]), array([0.]))","(array([0.]), array([0.]), array([0.]))","(array([0.]), array([0.]), array([0.]))","(array([0.]), array([0.]), array([0.]))","(array([0.]), array([0.]), array([0.]))","(array([0.]), array([0.]), array([0.]))","(array([0.]), array([0.]), array([0.]))","(array([0.]), array([0.]), array([0.]))","(array([0.]), array([0.]), array([0.]))","(array([0.]), array([0.]), array([0.]))","(array([0.]), array([0.]), array([0.]))"
(0.5000023481916046+0j),[-0.73990969],[1.],[0.67270622],[1.],"(array([0.]), array([0.]), array([0.]))","(array([0.]), array([0.]), array([0.]))","(array([0.]), array([0.]), array([0.]))","(array([0.]), array([0.]), array([0.]))","(array([0.]), array([0.]), array([0.]))","(array([0.]), array([0.]), array([0.]))","(array([0.]), array([0.]), array([0.]))","(array([0.]), array([0.]), array([0.]))","(array([0.]), array([0.]), array([0.]))","(array([0.]), array([0.]), array([0.]))","(array([0.]), array([0.]), array([0.]))"
(0.5000023750998531+0j),[-0.87545014],[1.],[0.48330845],[1.],"(array([0.]), array([0.]), array([0.]))","(array([0.]), array([0.]), array([0.]))","(array([0.]), array([0.]), array([0.]))","(array([0.]), array([0.]), array([0.]))","(array([0.]), array([0.]), array([0.]))","(array([0.]), array([0.]), array([0.]))","(array([0.]), array([0.]), array([0.]))","(array([0.]), array([0.]), array([0.]))","(array([0.]), array([0.]), array([0.]))","(array([0.]), array([0.]), array([0.]))","(array([0.]), array([0.]), array([0.]))"
(0.5000023944321909+0j),[-0.73783604],[1.],[0.67497998],[1.],"(array([0.]), array([0.]), array([0.]))","(array([0.]), array([0.]), array([0.]))","(array([0.]), array([0.]), array([0.]))","(array([0.]), array([0.]), array([0.]))","(array([0.]), array([0.]), array([0.]))","(array([0.]), array([0.]), array([0.]))","(array([0.]), array([0.]), array([0.]))","(array([0.]), array([0.]), array([0.]))","(array([0.]), array([0.]), array([0.]))","(array([0.]), array([0.]), array([0.]))","(array([0.]), array([0.]), array([0.]))"
(0.50000242143139+0j),[-0.99996711],[1.],[-0.00811024],[1.],"(array([0.]), array([0.]), array([0.]))","(array([0.]), array([0.]), array([0.]))","(array([0.]), array([0.]), array([0.]))","(array([0.]), array([0.]), array([0.]))","(array([0.]), array([0.]), array([0.]))","(array([0.]), array([0.]), array([0.]))","(array([0.]), array([0.]), array([0.]))","(array([0.]), array([0.]), array([0.]))","(array([0.]), array([0.]), array([0.]))","(array([0.]), array([0.]), array([0.]))","(array([0.]), array([0.]), array([0.]))"
(0.5000024211069812+0j),[-0.9331939],[1.],[0.35937326],[1.],"(array([0.]), array([0.]), array([0.]))","(array([0.]), array([0.]), array([0.]))","(array([0.]), array([0.]), array([0.]))","(array([0.]), array([0.]), array([0.]))","(array([0.]), array([0.]), array([0.]))","(array([0.]), array([0.]), array([0.]))","(array([0.]), array([0.]), array([0.]))","(array([0.]), array([0.]), array([0.]))","(array([0.]), array([0.]), array([0.]))","(array([0.]), array([0.]), array([0.]))","(array([0.]), array([0.]), array([0.]))"
(0.5000024354819111+0j),[-0.48327477],[1.],[0.87546873],[1.],"(array([0.]), array([0.]), array([0.]))","(array([0.]), array([0.]), array([0.]))","(array([0.]), array([0.]), array([0.]))","(array([0.]), array([0.]), array([0.]))","(array([0.]), array([0.]), array([0.]))","(array([0.]), array([0.]), array([0.]))","(array([0.]), array([0.]), array([0.]))","(array([0.]), array([0.]), array([0.]))","(array([0.]), array([0.]), array([0.]))","(array([0.]), array([0.]), array([0.]))","(array([0.]), array([0.]), array([0.]))"
(0.5000024705006606+0j),[-0.22726059],[1.],[0.97383398],[1.],"(array([0.]), array([0.]), array([0.]))","(array([0.]), array([0.]), array([0.]))","(array([0.]), array([0.]), array([0.]))","(array([0.]), array([0.]), array([0.]))","(array([0.]), array([0.]), array([0.]))","(array([0.]), array([0.]), array([0.]))","(array([0.]), array([0.]), array([0.]))","(array([0.]), array([0.]), array([0.]))","(array([0.]), array([0.]), array([0.]))","(array([0.]), array([0.]), array([0.]))","(array([0.]), array([0.]), array([0.]))"
(0.50000250945402+0j),[-0.32786977],[1.],[0.94472293],[1.],"(array([0.]), array([0.]), array([0.]))","(array([0.]), array([0.]), array([0.]))","(array([0.]), array([0.]), array([0.]))","(array([0.]), array([0.]), array([0.]))","(array([0.]), array([0.]), array([0.]))","(array([0.]), array([0.]), array([0.]))","(array([0.]), array([0.]), array([0.]))","(array([0.]), array([0.]), array([0.]))","(array([0.]), array([0.]), array([0.]))","(array([0.]), array([0.]), array([0.]))","(array([0.]), array([0.]), array([0.]))"
(0.5000025472429367+0j),[-0.67859536],[1.],[0.73451231],[1.],"(array([0.]), array([0.]), array([0.]))","(array([0.]), array([0.]), array([0.]))","(array([0.]), array([0.]), array([0.]))","(array([0.]), array([0.]), array([0.]))","(array([0.]), array([0.]), array([0.]))","(array([0.]), array([0.]), array([0.]))","(array([0.]), array([0.]), array([0.]))","(array([0.]), array([0.]), array([0.]))","(array([0.]), array([0.]), array([0.]))","(array([0.]), array([0.]), array([0.]))","(array([0.]), array([0.]), array([0.]))"
(0.5000025766234296+0j),[-0.45086722],[1.],[0.89259103],[1.],"(array([0.]), array([0.]), array([0.]))","(array([0.]), array([0.]), array([0.]))","(array([0.]), array([0.]), array([0.]))","(array([0.]), array([0.]), array([0.]))","(array([0.]), array([0.]), array([0.]))","(array([0.]), array([0.]), array([0.]))","(array([0.]), array([0.]), array([0.]))","(array([0.]), array([0.]), array([0.]))","(array([0.]), array([0.]), array([0.]))","(array([0.]), array([0.]), array([0.]))","(array([0.]), array([0.]), array([0.]))"
(0.5000026123270703+0j),[-0.19980838],[1.],[0.97983499],[1.],"(array([0.]), array([0.]), array([0.]))","(array([0.]), array([0.]), array([0.]))","(array([0.]), array([0.]), array([0.]))","(array([0.]), array([0.]), array([0.]))","(array([0.]), array([0.]), array([0.]))","(array([0.]), array([0.]), array([0.]))","(array([0.]), array([0.]), array([0.]))","(array([0.]), array([0.]), array([0.]))","(array([0.]), array([0.]), array([0.]))","(array([0.]), array([0.]), array([0.]))","(array([0.]), array([0.]), array([0.]))"
(0.5000026515204702+0j),[-0.70354269],[1.],[0.71065299],[1.],"(array([0.]), array([0.]), array([0.]))","(array([0.]), array([0.]), array([0.]))","(array([0.]), array([0.]), array([0.]))","(array([0.]), array([0.]), array([0.]))","(array([0.]), array([0.]), array([0.]))","(array([0.]), array([0.]), array([0.]))","(array([0.]), array([0.]), array([0.]))","(array([0.]), array([0.]), array([0.]))","(array([0.]), array([0.]), array([0.]))","(array([0.]), array([0.]), array([0.]))","(array([0.]), array([0.]), array([0.]))"
(0.5000026799465901+0j),[-0.69361621],[1.],[0.72034475],[1.],"(array([0.]), array([0.]), array([0.]))","(array([0.]), array([0.]), array([0.]))","(array([0.]), array([0.]), array([0.]))","(array([0.]), array([0.]), array([0.]))","(array([0.]), array([0.]), array([0.]))","(array([0.]), array([0.]), array([0.]))","(array([0.]), array([0.]), array([0.]))","(array([0.]), array([0.]), array([0.]))","(array([0.]), array([0.]), array([0.]))","(array([0.]), array([0.]), array([0.]))","(array([0.]), array([0.]), array([0.]))"
(0.5000027087603794+0j),[-0.49350083],[1.],[0.86974532],[1.],"(array([0.]), array([0.]), array([0.]))","(array([0.]), array([0.]), array([0.]))","(array([0.]), array([0.]), array([0.]))","(array([0.]), array([0.]), array([0.]))","(array([0.]), array([0.]), array([0.]))","(array([0.]), array([0.]), array([0.]))","(array([0.]), array([0.]), array([0.]))","(array([0.]), array([0.]), array([0.]))","(array([0.]), array([0.]), array([0.]))","(array([0.]), array([0.]), array([0.]))","(array([0.]), array([0.]), array([0.]))"
(0.5000027435501928+0j),[-0.75756038],[1.],[0.6527651],[1.],"(array([0.]), array([0.]), array([0.]))","(array([0.]), array([0.]), array([0.]))","(array([0.]), array([0.]), array([0.]))","(array([0.]), array([0.]), array([0.]))","(array([0.]), array([0.]), array([0.]))","(array([0.]), array([0.]), array([0.]))","(array([0.]), array([0.]), array([0.]))","(array([0.]), array([0.]), array([0.]))","(array([0.]), array([0.]), array([0.]))","(array([0.]), array([0.]), array([0.]))","(array([0.]), array([0.]), array([0.]))"
(0.5000027696607967+0j),[-0.5477952],[1.],[0.83661247],[1.],"(array([0.]), array([0.]), array([0.]))","(array([0.]), array([0.]), array([0.]))","(array([0.]), array([0.]), array([0.]))","(array([0.]), array([0.]), array([0.]))","(array([0.]), array([0.]), array([0.]))","(array([0.]), array([0.]), array([0.]))","(array([0.]), array([0.]), array([0.]))","(array([0.]), array([0.]), array([0.]))","(array([0.]), array([0.]), array([0.]))","(array([0.]), array([0.]), array([0.]))","(array([0.]), array([0.]), array([0.]))"
(0.5000028031252959+0j),[-0.63961084],[1.],[0.76869888],[1.],"(array([0.]), array([0.]), array([0.]))","(array([0.]), array([0.]), array([0.]))","(array([0.]), array([0.]), array([0.]))","(array([0.]), array([0.]), array([0.]))","(array([0.]), array([0.]), array([0.]))","(array([0.]), array([0.]), array([0.]))","(array([0.]), array([0.]), array([0.]))","(array([0.]), array([0.]), array([0.]))","(array([0.]), array([0.]), array([0.]))","(array([0.]), array([0.]), array([0.]))","(array([0.]), array([0.]), array([0.]))"
(0.5000028338732508+0j),[-0.0342418],[1.],[0.99941358],[1.],"(array([0.]), array([0.]), array([0.]))","(array([0.]), array([0.]), array([0.]))","(array([0.]), array([0.]), array([0.]))","(array([0.]), array([0.]), array([0.]))","(array([0.]), array([0.]), array([0.]))","(array([0.]), array([0.]), array([0.]))","(array([0.]), array([0.]), array([0.]))","(array([0.]), array([0.]), array([0.]))","(array([0.]), array([0.]), array([0.]))","(array([0.]), array([0.]), array([0.]))","(array([0.]), array([0.]), array([0.]))"
(0.5000028738497941+0j),[-0.5629296],[1.],[0.82650485],[1.],"(array([0.]), array([0.]), array([0.]))","(array([0.]), array([0.]), array([0.]))","(array([0.]), array([0.]), array([0.]))","(array([0.]), array([0.]), array([0.]))","(array([0.]), array([0.]), array([0.]))","(array([0.]), array([0.]), array([0.]))","(array([0.]), array([0.]), array([0.]))","(array([0.]), array([0.]), array([0.]))","(array([0.]), array([0.]), array([0.]))","(array([0.]), array([0.]), array([0.]))","(array([0.]), array([0.]), array([0.]))"
(0.500002906909988+0j),[-0.34807998],[1.],[0.93746484],[1.],"(array([0.]), array([0.]), array([0.]))","(array([0.]), array([0.]), array([0.]))","(array([0.]), array([0.]), array([0.]))","(array([0.]), array([0.]), array([0.]))","(array([0.]), array([0.]), array([0.]))","(array([0.]), array([0.]), array([0.]))","(array([0.]), array([0.]), array([0.]))","(array([0.]), array([0.]), array([0.]))","(array([0.]), array([0.]), array([0.]))","(array([0.]), array([0.]), array([0.]))","(array([0.]), array([0.]), array([0.]))"
(0.5000029444085816+0j),[-0.29062225],[1.],[0.95683787],[1.],"(array([0.]), array([0.]), array([0.]))","(array([0.]), array([0.]), array([0.]))","(array([0.]), array([0.]), array([0.]))","(array([0.]), array([0.]), array([0.]))","(array([0.]), array([0.]), array([0.]))","(array([0.]), array([0.]), array([0.]))","(array([0.]), array([0.]), array([0.]))","(array([0.]), array([0.]), array([0.]))","(array([0.]), array([0.]), array([0.]))","(array([0.]), array([0.]), array([0.]))","(array([0.]), array([0.]), array([0.]))"
(0.5000029826820962+0j),[-0.90458638],[1.],[0.42629038],[1.],"(array([0.]), array([0.]), array([0.]))","(array([0.]), array([0.]), array([0.]))","(array([0.]), array([0.]), array([0.]))","(array([0.]), array([0.]), array([0.]))","(array([0.]), array([0.]), array([0.]))","(array([0.]), array([0.]), array([0.]))","(array([0.]), array([0.]), array([0.]))","(array([0.]), array([0.]), array([0.]))","(array([0.]), array([0.]), array([0.]))","(array([0.]), array([0.]), array([0.]))","(array([0.]), array([0.]), array([0.]))"
(0.5000029997337112+0j),[-0.99956448],[1.],[0.02951003],[1.],"(array([0.]), array([0.]), array([0.]))","(array([0.]), array([0.]), array([0.]))","(array([0.]), array([0.]), array([0.]))","(array([0.]), array([0.]), array([0.]))","(array([0.]), array([0.]), array([0.]))","(array([0.]), array([0.]), array([0.]))","(array([0.]), array([0.]), array([0.]))","(array([0.]), array([0.]), array([0.]))","(array([0.]), array([0.]), array([0.]))","(array([0.]), array([0.]), array([0.]))","(array([0.]), array([0.]), array([0.]))"
(0.5000030009141129+0j),[-0.94003189],[1.],[-0.34108657],[1.],"(array([0.]), array([0.]), array([0.]))","(array([0.]), array([0.]), array([0.]))","(array([0.]), array([0.]), array([0.]))","(array([0.]), array([0.]), array([0.]))","(array([0.]), array([0.]), array([0.]))","(array([0.]), array([0.]), array([0.]))","(array([0.]), array([0.]), array([0.]))","(array([0.]), array([0.]), array([0.]))","(array([0.]), array([0.]), array([0.]))","(array([0.]), array([0.]), array([0.]))","(array([0.]), array([0.]), array([0.]))"
(0.5000029872706494+0j),[-0.99703881],[1.],[0.07690007],[1.],"(array([0.]), array([0.]), array([0.]))","(array([0.]), array([0.]), array([0.]))","(array([0.]), array([0.]), array([0.]))","(array([0.]), array([0.]), array([0.]))","(array([0.]), array([0.]), array([0.]))","(array([0.]), array([0.]), array([0.]))","(array([0.]), array([0.]), array([0.]))","(array([0.]), array([0.]), array([0.]))","(array([0.]), array([0.]), array([0.]))","(array([0.]), array([0.]), array([0.]))","(array([0.]), array([0.]), array([0.]))"
(0.5000029903466519+0j),[-0.99700512],[1.],[-0.07733563],[1.],"(array([0.]), array([0.]), array([0.]))","(array([0.]), array([0.]), array([0.]))","(array([0.]), array([0.]), array([0.]))","(array([0.]), array([0.]), array([0.]))","(array([0.]), array([0.]), array([0.]))","(array([0.]), array([0.]), array([0.]))","(array([0.]), array([0.]), array([0.]))","(array([0.]), array([0.]), array([0.]))","(array([0.]), array([0.]), array([0.]))","(array([0.]), array([0.]), array([0.]))","(array([0.]), array([0.]), array([0.]))"
(0.5000029872532262+0j),[-0.99722058],[1.],[-0.07450587],[1.],"(array([0.]), array([0.]), array([0.]))","(array([0.]), array([0.]), array([0.]))","(array([0.]), array([0.]), array([0.]))","(array([0.]), array([0.]), array([0.]))","(array([0.]), array([0.]), array([0.]))","(array([0.]), array([0.]), array([0.]))","(array([0.]), array([0.]), array([0.]))","(array([0.]), array([0.]), array([0.]))","(array([0.]), array([0.]), array([0.]))","(array([0.]), array([0.]), array([0.]))","(array([0.]), array([0.]), array([0.]))"
(0.500002984272991+0j),[-0.99999916],[1.],[-0.0012985],[1.],"(array([0.]), array([0.]), array([0.]))","(array([0.]), array([0.]), array([0.]))","(array([0.]), array([0.]), array([0.]))","(array([0.]), array([0.]), array([0.]))","(array([0.]), array([0.]), array([0.]))","(array([0.]), array([0.]), array([0.]))","(array([0.]), array([0.]), array([0.]))","(array([0.]), array([0.]), array([0.]))","(array([0.]), array([0.]), array([0.]))","(array([0.]), array([0.]), array([0.]))","(array([0.]), array([0.]), array([0.]))"
(0.5000029842210514+0j),[-0.39553724],[1.],[0.91844994],[1.],"(array([0.]), array([0.]), array([0.]))","(array([0.]), array([0.]), array([0.]))","(array([0.]), array([0.]), array([0.]))","(array([0.]), array([0.]), array([0.]))","(array([0.]), array([0.]), array([0.]))","(array([0.]), array([0.]), array([0.]))","(array([0.]), array([0.]), array([0.]))","(array([0.]), array([0.]), array([0.]))","(array([0.]), array([0.]), array([0.]))","(array([0.]), array([0.]), array([0.]))","(array([0.]), array([0.]), array([0.]))"
(0.5000030209590487+0j),[-0.48621987],[1.],[0.87383651],[1.],"(array([0.]), array([0.]), array([0.]))","(array([0.]), array([0.]), array([0.]))","(array([0.]), array([0.]), array([0.]))","(array([0.]), array([0.]), array([0.]))","(array([0.]), array([0.]), array([0.]))","(array([0.]), array([0.]), array([0.]))","(array([0.]), array([0.]), array([0.]))","(array([0.]), array([0.]), array([0.]))","(array([0.]), array([0.]), array([0.]))","(array([0.]), array([0.]), array([0.]))","(array([0.]), array([0.]), array([0.]))"
(0.5000030559125095+0j),[0.3589955],[1.],[0.93333929],[1.],"(array([0.]), array([0.]), array([0.]))","(array([0.]), array([0.]), array([0.]))","(array([0.]), array([0.]), array([0.]))","(array([0.]), array([0.]), array([0.]))","(array([0.]), array([0.]), array([0.]))","(array([0.]), array([0.]), array([0.]))","(array([0.]), array([0.]), array([0.]))","(array([0.]), array([0.]), array([0.]))","(array([0.]), array([0.]), array([0.]))","(array([0.]), array([0.]), array([0.]))","(array([0.]), array([0.]), array([0.]))"
(0.5000030932460808+0j),[0.28504195],[1.],[0.95851504],[1.],"(array([0.]), array([0.]), array([0.]))","(array([0.]), array([0.]), array([0.]))","(array([0.]), array([0.]), array([0.]))","(array([0.]), array([0.]), array([0.]))","(array([0.]), array([0.]), array([0.]))","(array([0.]), array([0.]), array([0.]))","(array([0.]), array([0.]), array([0.]))","(array([0.]), array([0.]), array([0.]))","(array([0.]), array([0.]), array([0.]))","(array([0.]), array([0.]), array([0.]))","(array([0.]), array([0.]), array([0.]))"
(0.5000031315866824+0j),[-0.40222136],[1.],[0.91554245],[1.],"(array([0.]), array([0.]), array([0.]))","(array([0.]), array([0.]), array([0.]))","(array([0.]), array([0.]), array([0.]))","(array([0.]), array([0.]), array([0.]))","(array([0.]), array([0.]), array([0.]))","(array([0.]), array([0.]), array([0.]))","(array([0.]), array([0.]), array([0.]))","(array([0.]), array([0.]), array([0.]))","(array([0.]), array([0.]), array([0.]))","(array([0.]), array([0.]), array([0.]))","(array([0.]), array([0.]), array([0.]))"
(0.5000031682083806+0j),[-0.69992067],[1.],[0.71422059],[1.],"(array([0.]), array([0.]), array([0.]))","(array([0.]), array([0.]), array([0.]))","(array([0.]), array([0.]), array([0.]))","(array([0.]), array([0.]), array([0.]))","(array([0.]), array([0.]), array([0.]))","(array([0.]), array([0.]), array([0.]))","(array([0.]), array([0.]), array([0.]))","(array([0.]), array([0.]), array([0.]))","(array([0.]), array([0.]), array([0.]))","(array([0.]), array([0.]), array([0.]))","(array([0.]), array([0.]), array([0.]))"
(0.5000031967772043+0j),[-0.97086505],[1.],[0.2396269],[1.],"(array([0.]), array([0.]), array([0.]))","(array([0.]), array([0.]), array([0.]))","(array([0.]), array([0.]), array([0.]))","(array([0.]), array([0.]), array([0.]))","(array([0.]), array([0.]), array([0.]))","(array([0.]), array([0.]), array([0.]))","(array([0.]), array([0.]), array([0.]))","(array([0.]), array([0.]), array([0.]))","(array([0.]), array([0.]), array([0.]))","(array([0.]), array([0.]), array([0.]))","(array([0.]), array([0.]), array([0.]))"
(0.50000320636228+0j),[-0.99679303],[1.],[0.0800228],[1.],"(array([0.]), array([0.]), array([0.]))","(array([0.]), array([0.]), array([0.]))","(array([0.]), array([0.]), array([0.]))","(array([0.]), array([0.]), array([0.]))","(array([0.]), array([0.]), array([0.]))","(array([0.]), array([0.]), array([0.]))","(array([0.]), array([0.]), array([0.]))","(array([0.]), array([0.]), array([0.]))","(array([0.]), array([0.]), array([0.]))","(array([0.]), array([0.]), array([0.]))","(array([0.]), array([0.]), array([0.]))"
(0.5000032095631923+0j),[-0.84061911],[1.],[-0.54162672],[1.],"(array([0.]), array([0.]), array([0.]))","(array([0.]), array([0.]), array([0.]))","(array([0.]), array([0.]), array([0.]))","(array([0.]), array([0.]), array([0.]))","(array([0.]), array([0.]), array([0.]))","(array([0.]), array([0.]), array([0.]))","(array([0.]), array([0.]), array([0.]))","(array([0.]), array([0.]), array([0.]))","(array([0.]), array([0.]), array([0.]))","(array([0.]), array([0.]), array([0.]))","(array([0.]), array([0.]), array([0.]))"
(0.5000031878981238+0j),[-0.55805242],[1.],[-0.8298057],[1.],"(array([0.]), array([0.]), array([0.]))","(array([0.]), array([0.]), array([0.]))","(array([0.]), array([0.]), array([0.]))","(array([0.]), array([0.]), array([0.]))","(array([0.]), array([0.]), array([0.]))","(array([0.]), array([0.]), array([0.]))","(array([0.]), array([0.]), array([0.]))","(array([0.]), array([0.]), array([0.]))","(array([0.]), array([0.]), array([0.]))","(array([0.]), array([0.]), array([0.]))","(array([0.]), array([0.]), array([0.]))"
(0.500003154705896+0j),[-0.99322524],[1.],[-0.1162051],[1.],"(array([0.]), array([0.]), array([0.]))","(array([0.]), array([0.]), array([0.]))","(array([0.]), array([0.]), array([0.]))","(array([0.]), array([0.]), array([0.]))","(array([0.]), array([0.]), array([0.]))","(array([0.]), array([0.]), array([0.]))","(array([0.]), array([0.]), array([0.]))","(array([0.]), array([0.]), array([0.]))","(array([0.]), array([0.]), array([0.]))","(array([0.]), array([0.]), array([0.]))","(array([0.]), array([0.]), array([0.]))"
(0.5000031500576918+0j),[-0.99998786],[1.],[-0.00492838],[1.],"(array([0.]), array([0.]), array([0.]))","(array([0.]), array([0.]), array([0.]))","(array([0.]), array([0.]), array([0.]))","(array([0.]), array([0.]), array([0.]))","(array([0.]), array([0.]), array([0.]))","(array([0.]), array([0.]), array([0.]))","(array([0.]), array([0.]), array([0.]))","(array([0.]), array([0.]), array([0.]))","(array([0.]), array([0.]), array([0.]))","(array([0.]), array([0.]), array([0.]))","(array([0.]), array([0.]), array([0.]))"
(0.5000031498605572+0j),[-0.98889305],[1.],[0.14862888],[1.],"(array([0.]), array([0.]), array([0.]))","(array([0.]), array([0.]), array([0.]))","(array([0.]), array([0.]), array([0.]))","(array([0.]), array([0.]), array([0.]))","(array([0.]), array([0.]), array([0.]))","(array([0.]), array([0.]), array([0.]))","(array([0.]), array([0.]), array([0.]))","(array([0.]), array([0.]), array([0.]))","(array([0.]), array([0.]), array([0.]))","(array([0.]), array([0.]), array([0.]))","(array([0.]), array([0.]), array([0.]))"
(0.500003155805712+0j),[-0.56593865],[1.],[0.82444735],[1.],"(array([0.]), array([0.]), array([0.]))","(array([0.]), array([0.]), array([0.]))","(array([0.]), array([0.]), array([0.]))","(array([0.]), array([0.]), array([0.]))","(array([0.]), array([0.]), array([0.]))","(array([0.]), array([0.]), array([0.]))","(array([0.]), array([0.]), array([0.]))","(array([0.]), array([0.]), array([0.]))","(array([0.]), array([0.]), array([0.]))","(array([0.]), array([0.]), array([0.]))","(array([0.]), array([0.]), array([0.]))"
(0.5000031887836061+0j),[-0.97325839],[1.],[0.2297131],[1.],"(array([0.]), array([0.]), array([0.]))","(array([0.]), array([0.]), array([0.]))","(array([0.]), array([0.]), array([0.]))","(array([0.]), array([0.]), array([0.]))","(array([0.]), array([0.]), array([0.]))","(array([0.]), array([0.]), array([0.]))","(array([0.]), array([0.]), array([0.]))","(array([0.]), array([0.]), array([0.]))","(array([0.]), array([0.]), array([0.]))","(array([0.]), array([0.]), array([0.]))","(array([0.]), array([0.]), array([0.]))"
(0.5000031979721301+0j),[-0.88254588],[1.],[0.47022631],[1.],"(array([0.]), array([0.]), array([0.]))","(array([0.]), array([0.]), array([0.]))","(array([0.]), array([0.]), array([0.]))","(array([0.]), array([0.]), array([0.]))","(array([0.]), array([0.]), array([0.]))","(array([0.]), array([0.]), array([0.]))","(array([0.]), array([0.]), array([0.]))","(array([0.]), array([0.]), array([0.]))","(array([0.]), array([0.]), array([0.]))","(array([0.]), array([0.]), array([0.]))","(array([0.]), array([0.]), array([0.]))"
(0.5000032167811823+0j),[-0.96061705],[1.],[0.27787567],[1.],"(array([0.]), array([0.]), array([0.]))","(array([0.]), array([0.]), array([0.]))","(array([0.]), array([0.]), array([0.]))","(array([0.]), array([0.]), array([0.]))","(array([0.]), array([0.]), array([0.]))","(array([0.]), array([0.]), array([0.]))","(array([0.]), array([0.]), array([0.]))","(array([0.]), array([0.]), array([0.]))","(array([0.]), array([0.]), array([0.]))","(array([0.]), array([0.]), array([0.]))","(array([0.]), array([0.]), array([0.]))"
(0.5000032278962089+0j),[-0.96358136],[1.],[0.26741535],[1.],"(array([0.]), array([0.]), array([0.]))","(array([0.]), array([0.]), array([0.]))","(array([0.]), array([0.]), array([0.]))","(array([0.]), array([0.]), array([0.]))","(array([0.]), array([0.]), array([0.]))","(array([0.]), array([0.]), array([0.]))","(array([0.]), array([0.]), array([0.]))","(array([0.]), array([0.]), array([0.]))","(array([0.]), array([0.]), array([0.]))","(array([0.]), array([0.]), array([0.]))","(array([0.]), array([0.]), array([0.]))"
(0.5000032385928226+0j),[-0.99948276],[1.],[-0.03215926],[1.],"(array([0.]), array([0.]), array([0.]))","(array([0.]), array([0.]), array([0.]))","(array([0.]), array([0.]), array([0.]))","(array([0.]), array([0.]), array([0.]))","(array([0.]), array([0.]), array([0.]))","(array([0.]), array([0.]), array([0.]))","(array([0.]), array([0.]), array([0.]))","(array([0.]), array([0.]), array([0.]))","(array([0.]), array([0.]), array([0.]))","(array([0.]), array([0.]), array([0.]))","(array([0.]), array([0.]), array([0.]))"
(0.500003237306452+0j),[-0.99969681],[1.],[0.02462272],[1.],"(array([0.]), array([0.]), array([0.]))","(array([0.]), array([0.]), array([0.]))","(array([0.]), array([0.]), array([0.]))","(array([0.]), array([0.]), array([0.]))","(array([0.]), array([0.]), array([0.]))","(array([0.]), array([0.]), array([0.]))","(array([0.]), array([0.]), array([0.]))","(array([0.]), array([0.]), array([0.]))","(array([0.]), array([0.]), array([0.]))","(array([0.]), array([0.]), array([0.]))","(array([0.]), array([0.]), array([0.]))"
(0.5000032382913612+0j),[-0.83525111],[1.],[0.5498687],[1.],"(array([0.]), array([0.]), array([0.]))","(array([0.]), array([0.]), array([0.]))","(array([0.]), array([0.]), array([0.]))","(array([0.]), array([0.]), array([0.]))","(array([0.]), array([0.]), array([0.]))","(array([0.]), array([0.]), array([0.]))","(array([0.]), array([0.]), array([0.]))","(array([0.]), array([0.]), array([0.]))","(array([0.]), array([0.]), array([0.]))","(array([0.]), array([0.]), array([0.]))","(array([0.]), array([0.]), array([0.]))"
(0.5000032602861091+0j),[-0.43031231],[1.],[0.90268008],[1.],"(array([0.]), array([0.]), array([0.]))","(array([0.]), array([0.]), array([0.]))","(array([0.]), array([0.]), array([0.]))","(array([0.]), array([0.]), array([0.]))","(array([0.]), array([0.]), array([0.]))","(array([0.]), array([0.]), array([0.]))","(array([0.]), array([0.]), array([0.]))","(array([0.]), array([0.]), array([0.]))","(array([0.]), array([0.]), array([0.]))","(array([0.]), array([0.]), array([0.]))","(array([0.]), array([0.]), array([0.]))"
(0.500003296393312+0j),[-0.32412867],[1.],[0.946013],[1.],"(array([0.]), array([0.]), array([0.]))","(array([0.]), array([0.]), array([0.]))","(array([0.]), array([0.]), array([0.]))","(array([0.]), array([0.]), array([0.]))","(array([0.]), array([0.]), array([0.]))","(array([0.]), array([0.]), array([0.]))","(array([0.]), array([0.]), array([0.]))","(array([0.]), array([0.]), array([0.]))","(array([0.]), array([0.]), array([0.]))","(array([0.]), array([0.]), array([0.]))","(array([0.]), array([0.]), array([0.]))"
(0.5000033342338328+0j),[0.04224785],[1.],[0.99910716],[1.],"(array([0.]), array([0.]), array([0.]))","(array([0.]), array([0.]), array([0.]))","(array([0.]), array([0.]), array([0.]))","(array([0.]), array([0.]), array([0.]))","(array([0.]), array([0.]), array([0.]))","(array([0.]), array([0.]), array([0.]))","(array([0.]), array([0.]), array([0.]))","(array([0.]), array([0.]), array([0.]))","(array([0.]), array([0.]), array([0.]))","(array([0.]), array([0.]), array([0.]))","(array([0.]), array([0.]), array([0.]))"
(0.500003374198119+0j),[-0.47014058],[1.],[0.88259155],[1.],"(array([0.]), array([0.]), array([0.]))","(array([0.]), array([0.]), array([0.]))","(array([0.]), array([0.]), array([0.]))","(array([0.]), array([0.]), array([0.]))","(array([0.]), array([0.]), array([0.]))","(array([0.]), array([0.]), array([0.]))","(array([0.]), array([0.]), array([0.]))","(array([0.]), array([0.]), array([0.]))","(array([0.]), array([0.]), array([0.]))","(array([0.]), array([0.]), array([0.]))","(array([0.]), array([0.]), array([0.]))"
(0.5000034095017811+0j),[-0.97435229],[1.],[-0.22502803],[1.],"(array([0.]), array([0.]), array([0.]))","(array([0.]), array([0.]), array([0.]))","(array([0.]), array([0.]), array([0.]))","(array([0.]), array([0.]), array([0.]))","(array([0.]), array([0.]), array([0.]))","(array([0.]), array([0.]), array([0.]))","(array([0.]), array([0.]), array([0.]))","(array([0.]), array([0.]), array([0.]))","(array([0.]), array([0.]), array([0.]))","(array([0.]), array([0.]), array([0.]))","(array([0.]), array([0.]), array([0.]))"
(0.5000034005006594+0j),[-0.97037308],[1.],[0.24161144],[1.],"(array([0.]), array([0.]), array([0.]))","(array([0.]), array([0.]), array([0.]))","(array([0.]), array([0.]), array([0.]))","(array([0.]), array([0.]), array([0.]))","(array([0.]), array([0.]), array([0.]))","(array([0.]), array([0.]), array([0.]))","(array([0.]), array([0.]), array([0.]))","(array([0.]), array([0.]), array([0.]))","(array([0.]), array([0.]), array([0.]))","(array([0.]), array([0.]), array([0.]))","(array([0.]), array([0.]), array([0.]))"
(0.5000034101651163+0j),[-0.39983801],[1.],[0.91658582],[1.],"(array([0.]), array([0.]), array([0.]))","(array([0.]), array([0.]), array([0.]))","(array([0.]), array([0.]), array([0.]))","(array([0.]), array([0.]), array([0.]))","(array([0.]), array([0.]), array([0.]))","(array([0.]), array([0.]), array([0.]))","(array([0.]), array([0.]), array([0.]))","(array([0.]), array([0.]), array([0.]))","(array([0.]), array([0.]), array([0.]))","(array([0.]), array([0.]), array([0.]))","(array([0.]), array([0.]), array([0.]))"
(0.5000034468285488+0j),[-0.19670873],[1.],[0.98046197],[1.],"(array([0.]), array([0.]), array([0.]))","(array([0.]), array([0.]), array([0.]))","(array([0.]), array([0.]), array([0.]))","(array([0.]), array([0.]), array([0.]))","(array([0.]), array([0.]), array([0.]))","(array([0.]), array([0.]), array([0.]))","(array([0.]), array([0.]), array([0.]))","(array([0.]), array([0.]), array([0.]))","(array([0.]), array([0.]), array([0.]))","(array([0.]), array([0.]), array([0.]))","(array([0.]), array([0.]), array([0.]))"
(0.5000034860470276+0j),[-0.4535505],[1.],[0.89123058],[1.],"(array([0.]), array([0.]), array([0.]))","(array([0.]), array([0.]), array([0.]))","(array([0.]), array([0.]), array([0.]))","(array([0.]), array([0.]), array([0.]))","(array([0.]), array([0.]), array([0.]))","(array([0.]), array([0.]), array([0.]))","(array([0.]), array([0.]), array([0.]))","(array([0.]), array([0.]), array([0.]))","(array([0.]), array([0.]), array([0.]))","(array([0.]), array([0.]), array([0.]))","(array([0.]), array([0.]), array([0.]))"
(0.5000035216962511+0j),[-0.4309107],[1.],[0.90239457],[1.],"(array([0.]), array([0.]), array([0.]))","(array([0.]), array([0.]), array([0.]))","(array([0.]), array([0.]), array([0.]))","(array([0.]), array([0.]), array([0.]))","(array([0.]), array([0.]), array([0.]))","(array([0.]), array([0.]), array([0.]))","(array([0.]), array([0.]), array([0.]))","(array([0.]), array([0.]), array([0.]))","(array([0.]), array([0.]), array([0.]))","(array([0.]), array([0.]), array([0.]))","(array([0.]), array([0.]), array([0.]))"
(0.5000035577920335+0j),[0.10567269],[1.],[0.99440097],[1.],"(array([0.]), array([0.]), array([0.]))","(array([0.]), array([0.]), array([0.]))","(array([0.]), array([0.]), array([0.]))","(array([0.]), array([0.]), array([0.]))","(array([0.]), array([0.]), array([0.]))","(array([0.]), array([0.]), array([0.]))","(array([0.]), array([0.]), array([0.]))","(array([0.]), array([0.]), array([0.]))","(array([0.]), array([0.]), array([0.]))","(array([0.]), array([0.]), array([0.]))","(array([0.]), array([0.]), array([0.]))"
(0.5000035975680726+0j),[-0.40268408],[1.],[0.91533903],[1.],"(array([0.]), array([0.]), array([0.]))","(array([0.]), array([0.]), array([0.]))","(array([0.]), array([0.]), array([0.]))","(array([0.]), array([0.]), array([0.]))","(array([0.]), array([0.]), array([0.]))","(array([0.]), array([0.]), array([0.]))","(array([0.]), array([0.]), array([0.]))","(array([0.]), array([0.]), array([0.]))","(array([0.]), array([0.]), array([0.]))","(array([0.]), array([0.]), array([0.]))","(array([0.]), array([0.]), array([0.]))"
(0.5000036341816334+0j),[-0.36925287],[1.],[0.92932896],[1.],"(array([0.]), array([0.]), array([0.]))","(array([0.]), array([0.]), array([0.]))","(array([0.]), array([0.]), array([0.]))","(array([0.]), array([0.]), array([0.]))","(array([0.]), array([0.]), array([0.]))","(array([0.]), array([0.]), array([0.]))","(array([0.]), array([0.]), array([0.]))","(array([0.]), array([0.]), array([0.]))","(array([0.]), array([0.]), array([0.]))","(array([0.]), array([0.]), array([0.]))","(array([0.]), array([0.]), array([0.]))"
(0.5000036713547917+0j),[-0.09934269],[1.],[0.99505328],[1.],"(array([0.]), array([0.]), array([0.]))","(array([0.]), array([0.]), array([0.]))","(array([0.]), array([0.]), array([0.]))","(array([0.]), array([0.]), array([0.]))","(array([0.]), array([0.]), array([0.]))","(array([0.]), array([0.]), array([0.]))","(array([0.]), array([0.]), array([0.]))","(array([0.]), array([0.]), array([0.]))","(array([0.]), array([0.]), array([0.]))","(array([0.]), array([0.]), array([0.]))","(array([0.]), array([0.]), array([0.]))"
(0.500003711156923+0j),[-0.52867824],[1.],[0.84882231],[1.],"(array([0.]), array([0.]), array([0.]))","(array([0.]), array([0.]), array([0.]))","(array([0.]), array([0.]), array([0.]))","(array([0.]), array([0.]), array([0.]))","(array([0.]), array([0.]), array([0.]))","(array([0.]), array([0.]), array([0.]))","(array([0.]), array([0.]), array([0.]))","(array([0.]), array([0.]), array([0.]))","(array([0.]), array([0.]), array([0.]))","(array([0.]), array([0.]), array([0.]))","(array([0.]), array([0.]), array([0.]))"
(0.5000037451098154+0j),[0.3751745],[1.],[0.9269542],[1.],"(array([0.]), array([0.]), array([0.]))","(array([0.]), array([0.]), array([0.]))","(array([0.]), array([0.]), array([0.]))","(array([0.]), array([0.]), array([0.]))","(array([0.]), array([0.]), array([0.]))","(array([0.]), array([0.]), array([0.]))","(array([0.]), array([0.]), array([0.]))","(array([0.]), array([0.]), array([0.]))","(array([0.]), array([0.]), array([0.]))","(array([0.]), array([0.]), array([0.]))","(array([0.]), array([0.]), array([0.]))"
(0.5000037821879836+0j),[0.68395544],[1.],[0.72952379],[1.],"(array([0.]), array([0.]), array([0.]))","(array([0.]), array([0.]), array([0.]))","(array([0.]), array([0.]), array([0.]))","(array([0.]), array([0.]), array([0.]))","(array([0.]), array([0.]), array([0.]))","(array([0.]), array([0.]), array([0.]))","(array([0.]), array([0.]), array([0.]))","(array([0.]), array([0.]), array([0.]))","(array([0.]), array([0.]), array([0.]))","(array([0.]), array([0.]), array([0.]))","(array([0.]), array([0.]), array([0.]))"
(0.5000038113689353+0j),[0.99761197],[1.],[0.06906771],[1.],"(array([0.]), array([0.]), array([0.]))","(array([0.]), array([0.]), array([0.]))","(array([0.]), array([0.]), array([0.]))","(array([0.]), array([0.]), array([0.]))","(array([0.]), array([0.]), array([0.]))","(array([0.]), array([0.]), array([0.]))","(array([0.]), array([0.]), array([0.]))","(array([0.]), array([0.]), array([0.]))","(array([0.]), array([0.]), array([0.]))","(array([0.]), array([0.]), array([0.]))","(array([0.]), array([0.]), array([0.]))"
(0.5000038141316439+0j),[0.85275238],[1.],[0.5223154],[1.],"(array([0.]), array([0.]), array([0.]))","(array([0.]), array([0.]), array([0.]))","(array([0.]), array([0.]), array([0.]))","(array([0.]), array([0.]), array([0.]))","(array([0.]), array([0.]), array([0.]))","(array([0.]), array([0.]), array([0.]))","(array([0.]), array([0.]), array([0.]))","(array([0.]), array([0.]), array([0.]))","(array([0.]), array([0.]), array([0.]))","(array([0.]), array([0.]), array([0.]))","(array([0.]), array([0.]), array([0.]))"
(0.5000038350242598+0j),[0.90086023],[1.],[0.43410926],[1.],"(array([0.]), array([0.]), array([0.]))","(array([0.]), array([0.]), array([0.]))","(array([0.]), array([0.]), array([0.]))","(array([0.]), array([0.]), array([0.]))","(array([0.]), array([0.]), array([0.]))","(array([0.]), array([0.]), array([0.]))","(array([0.]), array([0.]), array([0.]))","(array([0.]), array([0.]), array([0.]))","(array([0.]), array([0.]), array([0.]))","(array([0.]), array([0.]), array([0.]))","(array([0.]), array([0.]), array([0.]))"
(0.5000038523886302+0j),[0.97103922],[1.],[-0.23892014],[1.],"(array([0.]), array([0.]), array([0.]))","(array([0.]), array([0.]), array([0.]))","(array([0.]), array([0.]), array([0.]))","(array([0.]), array([0.]), array([0.]))","(array([0.]), array([0.]), array([0.]))","(array([0.]), array([0.]), array([0.]))","(array([0.]), array([0.]), array([0.]))","(array([0.]), array([0.]), array([0.]))","(array([0.]), array([0.]), array([0.]))","(array([0.]), array([0.]), array([0.]))","(array([0.]), array([0.]), array([0.]))"
(0.500003842831825+0j),[0.9020591],[1.],[-0.43161252],[1.],"(array([0.]), array([0.]), array([0.]))","(array([0.]), array([0.]), array([0.]))","(array([0.]), array([0.]), array([0.]))","(array([0.]), array([0.]), array([0.]))","(array([0.]), array([0.]), array([0.]))","(array([0.]), array([0.]), array([0.]))","(array([0.]), array([0.]), array([0.]))","(array([0.]), array([0.]), array([0.]))","(array([0.]), array([0.]), array([0.]))","(array([0.]), array([0.]), array([0.]))","(array([0.]), array([0.]), array([0.]))"
(0.500003825567324+0j),[0.52753532],[1.],[-0.8495331],[1.],"(array([0.]), array([0.]), array([0.]))","(array([0.]), array([0.]), array([0.]))","(array([0.]), array([0.]), array([0.]))","(array([0.]), array([0.]), array([0.]))","(array([0.]), array([0.]), array([0.]))","(array([0.]), array([0.]), array([0.]))","(array([0.]), array([0.]), array([0.]))","(array([0.]), array([0.]), array([0.]))","(array([0.]), array([0.]), array([0.]))","(array([0.]), array([0.]), array([0.]))","(array([0.]), array([0.]), array([0.]))"
(0.5000037915860001+0j),[0.98232777],[1.],[-0.1871688],[1.],"(array([0.]), array([0.]), array([0.]))","(array([0.]), array([0.]), array([0.]))","(array([0.]), array([0.]), array([0.]))","(array([0.]), array([0.]), array([0.]))","(array([0.]), array([0.]), array([0.]))","(array([0.]), array([0.]), array([0.]))","(array([0.]), array([0.]), array([0.]))","(array([0.]), array([0.]), array([0.]))","(array([0.]), array([0.]), array([0.]))","(array([0.]), array([0.]), array([0.]))","(array([0.]), array([0.]), array([0.]))"
(0.5000037840992481+0j),[0.98853244],[1.],[-0.15100869],[1.],"(array([0.]), array([0.]), array([0.]))","(array([0.]), array([0.]), array([0.]))","(array([0.]), array([0.]), array([0.]))","(array([0.]), array([0.]), array([0.]))","(array([0.]), array([0.]), array([0.]))","(array([0.]), array([0.]), array([0.]))","(array([0.]), array([0.]), array([0.]))","(array([0.]), array([0.]), array([0.]))","(array([0.]), array([0.]), array([0.]))","(array([0.]), array([0.]), array([0.]))","(array([0.]), array([0.]), array([0.]))"
(0.5000037780589007+0j),[0.73788089],[1.],[0.67493096],[1.],"(array([0.]), array([0.]), array([0.]))","(array([0.]), array([0.]), array([0.]))","(array([0.]), array([0.]), array([0.]))","(array([0.]), array([0.]), array([0.]))","(array([0.]), array([0.]), array([0.]))","(array([0.]), array([0.]), array([0.]))","(array([0.]), array([0.]), array([0.]))","(array([0.]), array([0.]), array([0.]))","(array([0.]), array([0.]), array([0.]))","(array([0.]), array([0.]), array([0.]))","(array([0.]), array([0.]), array([0.]))"
(0.5000038050561392+0j),[0.57114844],[1.],[0.82084679],[1.],"(array([0.]), array([0.]), array([0.]))","(array([0.]), array([0.]), array([0.]))","(array([0.]), array([0.]), array([0.]))","(array([0.]), array([0.]), array([0.]))","(array([0.]), array([0.]), array([0.]))","(array([0.]), array([0.]), array([0.]))","(array([0.]), array([0.]), array([0.]))","(array([0.]), array([0.]), array([0.]))","(array([0.]), array([0.]), array([0.]))","(array([0.]), array([0.]), array([0.]))","(array([0.]), array([0.]), array([0.]))"
(0.5000038378900105+0j),[0.674453],[1.],[0.73831778],[1.],"(array([0.]), array([0.]), array([0.]))","(array([0.]), array([0.]), array([0.]))","(array([0.]), array([0.]), array([0.]))","(array([0.]), array([0.]), array([0.]))","(array([0.]), array([0.]), array([0.]))","(array([0.]), array([0.]), array([0.]))","(array([0.]), array([0.]), array([0.]))","(array([0.]), array([0.]), array([0.]))","(array([0.]), array([0.]), array([0.]))","(array([0.]), array([0.]), array([0.]))","(array([0.]), array([0.]), array([0.]))"
(0.5000038674227218+0j),[0.63800314],[1.],[0.77003376],[1.],"(array([0.]), array([0.]), array([0.]))","(array([0.]), array([0.]), array([0.]))","(array([0.]), array([0.]), array([0.]))","(array([0.]), array([0.]), array([0.]))","(array([0.]), array([0.]), array([0.]))","(array([0.]), array([0.]), array([0.]))","(array([0.]), array([0.]), array([0.]))","(array([0.]), array([0.]), array([0.]))","(array([0.]), array([0.]), array([0.]))","(array([0.]), array([0.]), array([0.]))","(array([0.]), array([0.]), array([0.]))"
(0.5000038982240722+0j),[0.12872126],[1.],[0.99168081],[1.],"(array([0.]), array([0.]), array([0.]))","(array([0.]), array([0.]), array([0.]))","(array([0.]), array([0.]), array([0.]))","(array([0.]), array([0.]), array([0.]))","(array([0.]), array([0.]), array([0.]))","(array([0.]), array([0.]), array([0.]))","(array([0.]), array([0.]), array([0.]))","(array([0.]), array([0.]), array([0.]))","(array([0.]), array([0.]), array([0.]))","(array([0.]), array([0.]), array([0.]))","(array([0.]), array([0.]), array([0.]))"
(0.5000039378913049+0j),[0.2612986],[1.],[0.96525802],[1.],"(array([0.]), array([0.]), array([0.]))","(array([0.]), array([0.]), array([0.]))","(array([0.]), array([0.]), array([0.]))","(array([0.]), array([0.]), array([0.]))","(array([0.]), array([0.]), array([0.]))","(array([0.]), array([0.]), array([0.]))","(array([0.]), array([0.]), array([0.]))","(array([0.]), array([0.]), array([0.]))","(array([0.]), array([0.]), array([0.]))","(array([0.]), array([0.]), array([0.]))","(array([0.]), array([0.]), array([0.]))"
(0.5000039765016258+0j),[0.53061108],[1.],[0.84761541],[1.],"(array([0.]), array([0.]), array([0.]))","(array([0.]), array([0.]), array([0.]))","(array([0.]), array([0.]), array([0.]))","(array([0.]), array([0.]), array([0.]))","(array([0.]), array([0.]), array([0.]))","(array([0.]), array([0.]), array([0.]))","(array([0.]), array([0.]), array([0.]))","(array([0.]), array([0.]), array([0.]))","(array([0.]), array([0.]), array([0.]))","(array([0.]), array([0.]), array([0.]))","(array([0.]), array([0.]), array([0.]))"
(0.5000040104062419+0j),[0.49466418],[1.],[0.8690842],[1.],"(array([0.]), array([0.]), array([0.]))","(array([0.]), array([0.]), array([0.]))","(array([0.]), array([0.]), array([0.]))","(array([0.]), array([0.]), array([0.]))","(array([0.]), array([0.]), array([0.]))","(array([0.]), array([0.]), array([0.]))","(array([0.]), array([0.]), array([0.]))","(array([0.]), array([0.]), array([0.]))","(array([0.]), array([0.]), array([0.]))","(array([0.]), array([0.]), array([0.]))","(array([0.]), array([0.]), array([0.]))"
(0.50000404516961+0j),[0.77257542],[1.],[0.634923],[1.],"(array([0.]), array([0.]), array([0.]))","(array([0.]), array([0.]), array([0.]))","(array([0.]), array([0.]), array([0.]))","(array([0.]), array([0.]), array([0.]))","(array([0.]), array([0.]), array([0.]))","(array([0.]), array([0.]), array([0.]))","(array([0.]), array([0.]), array([0.]))","(array([0.]), array([0.]), array([0.]))","(array([0.]), array([0.]), array([0.]))","(array([0.]), array([0.]), array([0.]))","(array([0.]), array([0.]), array([0.]))"
(0.50000407056653+0j),[0.98480261],[1.],[0.17367734],[1.],"(array([0.]), array([0.]), array([0.]))","(array([0.]), array([0.]), array([0.]))","(array([0.]), array([0.]), array([0.]))","(array([0.]), array([0.]), array([0.]))","(array([0.]), array([0.]), array([0.]))","(array([0.]), array([0.]), array([0.]))","(array([0.]), array([0.]), array([0.]))","(array([0.]), array([0.]), array([0.]))","(array([0.]), array([0.]), array([0.]))","(array([0.]), array([0.]), array([0.]))","(array([0.]), array([0.]), array([0.]))"
(0.5000040775136236+0j),[0.92747352],[1.],[-0.37388885],[1.],"(array([0.]), array([0.]), array([0.]))","(array([0.]), array([0.]), array([0.]))","(array([0.]), array([0.]), array([0.]))","(array([0.]), array([0.]), array([0.]))","(array([0.]), array([0.]), array([0.]))","(array([0.]), array([0.]), array([0.]))","(array([0.]), array([0.]), array([0.]))","(array([0.]), array([0.]), array([0.]))","(array([0.]), array([0.]), array([0.]))","(array([0.]), array([0.]), array([0.]))","(array([0.]), array([0.]), array([0.]))"
(0.50000406255807+0j),[0.97296644],[1.],[-0.23094655],[1.],"(array([0.]), array([0.]), array([0.]))","(array([0.]), array([0.]), array([0.]))","(array([0.]), array([0.]), array([0.]))","(array([0.]), array([0.]), array([0.]))","(array([0.]), array([0.]), array([0.]))","(array([0.]), array([0.]), array([0.]))","(array([0.]), array([0.]), array([0.]))","(array([0.]), array([0.]), array([0.]))","(array([0.]), array([0.]), array([0.]))","(array([0.]), array([0.]), array([0.]))","(array([0.]), array([0.]), array([0.]))"
(0.5000040533202077+0j),[0.89364075],[1.],[-0.44878304],[1.],"(array([0.]), array([0.]), array([0.]))","(array([0.]), array([0.]), array([0.]))","(array([0.]), array([0.]), array([0.]))","(array([0.]), array([0.]), array([0.]))","(array([0.]), array([0.]), array([0.]))","(array([0.]), array([0.]), array([0.]))","(array([0.]), array([0.]), array([0.]))","(array([0.]), array([0.]), array([0.]))","(array([0.]), array([0.]), array([0.]))","(array([0.]), array([0.]), array([0.]))","(array([0.]), array([0.]), array([0.]))"
(0.500004035368886+0j),[0.98365414],[1.],[-0.18006811],[1.],"(array([0.]), array([0.]), array([0.]))","(array([0.]), array([0.]), array([0.]))","(array([0.]), array([0.]), array([0.]))","(array([0.]), array([0.]), array([0.]))","(array([0.]), array([0.]), array([0.]))","(array([0.]), array([0.]), array([0.]))","(array([0.]), array([0.]), array([0.]))","(array([0.]), array([0.]), array([0.]))","(array([0.]), array([0.]), array([0.]))","(array([0.]), array([0.]), array([0.]))","(array([0.]), array([0.]), array([0.]))"
(0.5000040281661612+0j),[0.98975895],[1.],[-0.14274882],[1.],"(array([0.]), array([0.]), array([0.]))","(array([0.]), array([0.]), array([0.]))","(array([0.]), array([0.]), array([0.]))","(array([0.]), array([0.]), array([0.]))","(array([0.]), array([0.]), array([0.]))","(array([0.]), array([0.]), array([0.]))","(array([0.]), array([0.]), array([0.]))","(array([0.]), array([0.]), array([0.]))","(array([0.]), array([0.]), array([0.]))","(array([0.]), array([0.]), array([0.]))","(array([0.]), array([0.]), array([0.]))"
(0.5000040224562083+0j),[0.81132866],[1.],[-0.58459028],[1.],"(array([0.]), array([0.]), array([0.]))","(array([0.]), array([0.]), array([0.]))","(array([0.]), array([0.]), array([0.]))","(array([0.]), array([0.]), array([0.]))","(array([0.]), array([0.]), array([0.]))","(array([0.]), array([0.]), array([0.]))","(array([0.]), array([0.]), array([0.]))","(array([0.]), array([0.]), array([0.]))","(array([0.]), array([0.]), array([0.]))","(array([0.]), array([0.]), array([0.]))","(array([0.]), array([0.]), array([0.]))"
(0.5000039990725972+0j),[0.83791522],[1.],[-0.54580041],[1.],"(array([0.]), array([0.]), array([0.]))","(array([0.]), array([0.]), array([0.]))","(array([0.]), array([0.]), array([0.]))","(array([0.]), array([0.]), array([0.]))","(array([0.]), array([0.]), array([0.]))","(array([0.]), array([0.]), array([0.]))","(array([0.]), array([0.]), array([0.]))","(array([0.]), array([0.]), array([0.]))","(array([0.]), array([0.]), array([0.]))","(array([0.]), array([0.]), array([0.]))","(array([0.]), array([0.]), array([0.]))"
(0.500003977240581+0j),[0.93043929],[1.],[-0.36644609],[1.],"(array([0.]), array([0.]), array([0.]))","(array([0.]), array([0.]), array([0.]))","(array([0.]), array([0.]), array([0.]))","(array([0.]), array([0.]), array([0.]))","(array([0.]), array([0.]), array([0.]))","(array([0.]), array([0.]), array([0.]))","(array([0.]), array([0.]), array([0.]))","(array([0.]), array([0.]), array([0.]))","(array([0.]), array([0.]), array([0.]))","(array([0.]), array([0.]), array([0.]))","(array([0.]), array([0.]), array([0.]))"
(0.5000039625827379+0j),[0.99402266],[1.],[-0.10917391],[1.],"(array([0.]), array([0.]), array([0.]))","(array([0.]), array([0.]), array([0.]))","(array([0.]), array([0.]), array([0.]))","(array([0.]), array([0.]), array([0.]))","(array([0.]), array([0.]), array([0.]))","(array([0.]), array([0.]), array([0.]))","(array([0.]), array([0.]), array([0.]))","(array([0.]), array([0.]), array([0.]))","(array([0.]), array([0.]), array([0.]))","(array([0.]), array([0.]), array([0.]))","(array([0.]), array([0.]), array([0.]))"
(0.500003958215782+0j),[0.94225463],[1.],[-0.33489732],[1.],"(array([0.]), array([0.]), array([0.]))","(array([0.]), array([0.]), array([0.]))","(array([0.]), array([0.]), array([0.]))","(array([0.]), array([0.]), array([0.]))","(array([0.]), array([0.]), array([0.]))","(array([0.]), array([0.]), array([0.]))","(array([0.]), array([0.]), array([0.]))","(array([0.]), array([0.]), array([0.]))","(array([0.]), array([0.]), array([0.]))","(array([0.]), array([0.]), array([0.]))","(array([0.]), array([0.]), array([0.]))"
(0.500003944819889+0j),[0.48503955],[1.],[-0.87449222],[1.],"(array([0.]), array([0.]), array([0.]))","(array([0.]), array([0.]), array([0.]))","(array([0.]), array([0.]), array([0.]))","(array([0.]), array([0.]), array([0.]))","(array([0.]), array([0.]), array([0.]))","(array([0.]), array([0.]), array([0.]))","(array([0.]), array([0.]), array([0.]))","(array([0.]), array([0.]), array([0.]))","(array([0.]), array([0.]), array([0.]))","(array([0.]), array([0.]), array([0.]))","(array([0.]), array([0.]), array([0.]))"
(0.5000039098402007+0j),[0.09165938],[1.],[-0.99579042],[1.],"(array([0.]), array([0.]), array([0.]))","(array([0.]), array([0.]), array([0.]))","(array([0.]), array([0.]), array([0.]))","(array([0.]), array([0.]), array([0.]))","(array([0.]), array([0.]), array([0.]))","(array([0.]), array([0.]), array([0.]))","(array([0.]), array([0.]), array([0.]))","(array([0.]), array([0.]), array([0.]))","(array([0.]), array([0.]), array([0.]))","(array([0.]), array([0.]), array([0.]))","(array([0.]), array([0.]), array([0.]))"
(0.5000038700085842+0j),[0.19062033],[1.],[-0.98166384],[1.],"(array([0.]), array([0.]), array([0.]))","(array([0.]), array([0.]), array([0.]))","(array([0.]), array([0.]), array([0.]))","(array([0.]), array([0.]), array([0.]))","(array([0.]), array([0.]), array([0.]))","(array([0.]), array([0.]), array([0.]))","(array([0.]), array([0.]), array([0.]))","(array([0.]), array([0.]), array([0.]))","(array([0.]), array([0.]), array([0.]))","(array([0.]), array([0.]), array([0.]))","(array([0.]), array([0.]), array([0.]))"
(0.5000038307420308+0j),[-0.16647111],[1.],[-0.98604633],[1.],"(array([0.]), array([0.]), array([0.]))","(array([0.]), array([0.]), array([0.]))","(array([0.]), array([0.]), array([0.]))","(array([0.]), array([0.]), array([0.]))","(array([0.]), array([0.]), array([0.]))","(array([0.]), array([0.]), array([0.]))","(array([0.]), array([0.]), array([0.]))","(array([0.]), array([0.]), array([0.]))","(array([0.]), array([0.]), array([0.]))","(array([0.]), array([0.]), array([0.]))","(array([0.]), array([0.]), array([0.]))"
(0.5000037913001772+0j),[-0.55895838],[1.],[-0.82919571],[1.],"(array([0.]), array([0.]), array([0.]))","(array([0.]), array([0.]), array([0.]))","(array([0.]), array([0.]), array([0.]))","(array([0.]), array([0.]), array([0.]))","(array([0.]), array([0.]), array([0.]))","(array([0.]), array([0.]), array([0.]))","(array([0.]), array([0.]), array([0.]))","(array([0.]), array([0.]), array([0.]))","(array([0.]), array([0.]), array([0.]))","(array([0.]), array([0.]), array([0.]))","(array([0.]), array([0.]), array([0.]))"
(0.5000037581323492+0j),[-0.94879763],[1.],[-0.31588458],[1.],"(array([0.]), array([0.]), array([0.]))","(array([0.]), array([0.]), array([0.]))","(array([0.]), array([0.]), array([0.]))","(array([0.]), array([0.]), array([0.]))","(array([0.]), array([0.]), array([0.]))","(array([0.]), array([0.]), array([0.]))","(array([0.]), array([0.]), array([0.]))","(array([0.]), array([0.]), array([0.]))","(array([0.]), array([0.]), array([0.]))","(array([0.]), array([0.]), array([0.]))","(array([0.]), array([0.]), array([0.]))"
(0.5000037454969656+0j),[-0.81191118],[1.],[-0.58378099],[1.],"(array([0.]), array([0.]), array([0.]))","(array([0.]), array([0.]), array([0.]))","(array([0.]), array([0.]), array([0.]))","(array([0.]), array([0.]), array([0.]))","(array([0.]), array([0.]), array([0.]))","(array([0.]), array([0.]), array([0.]))","(array([0.]), array([0.]), array([0.]))","(array([0.]), array([0.]), array([0.]))","(array([0.]), array([0.]), array([0.]))","(array([0.]), array([0.]), array([0.]))","(array([0.]), array([0.]), array([0.]))"
(0.5000037221457264+0j),[-0.94339284],[1.],[-0.33167747],[1.],"(array([0.]), array([0.]), array([0.]))","(array([0.]), array([0.]), array([0.]))","(array([0.]), array([0.]), array([0.]))","(array([0.]), array([0.]), array([0.]))","(array([0.]), array([0.]), array([0.]))","(array([0.]), array([0.]), array([0.]))","(array([0.]), array([0.]), array([0.]))","(array([0.]), array([0.]), array([0.]))","(array([0.]), array([0.]), array([0.]))","(array([0.]), array([0.]), array([0.]))","(array([0.]), array([0.]), array([0.]))"
(0.5000037088786268+0j),[-0.86925644],[1.],[-0.49436144],[1.],"(array([0.]), array([0.]), array([0.]))","(array([0.]), array([0.]), array([0.]))","(array([0.]), array([0.]), array([0.]))","(array([0.]), array([0.]), array([0.]))","(array([0.]), array([0.]), array([0.]))","(array([0.]), array([0.]), array([0.]))","(array([0.]), array([0.]), array([0.]))","(array([0.]), array([0.]), array([0.]))","(array([0.]), array([0.]), array([0.]))","(array([0.]), array([0.]), array([0.]))","(array([0.]), array([0.]), array([0.]))"
(0.5000036891041688+0j),[-0.72488996],[1.],[-0.68886468],[1.],"(array([0.]), array([0.]), array([0.]))","(array([0.]), array([0.]), array([0.]))","(array([0.]), array([0.]), array([0.]))","(array([0.]), array([0.]), array([0.]))","(array([0.]), array([0.]), array([0.]))","(array([0.]), array([0.]), array([0.]))","(array([0.]), array([0.]), array([0.]))","(array([0.]), array([0.]), array([0.]))","(array([0.]), array([0.]), array([0.]))","(array([0.]), array([0.]), array([0.]))","(array([0.]), array([0.]), array([0.]))"
(0.5000036615495811+0j),[-0.98045571],[1.],[-0.19673991],[1.],"(array([0.]), array([0.]), array([0.]))","(array([0.]), array([0.]), array([0.]))","(array([0.]), array([0.]), array([0.]))","(array([0.]), array([0.]), array([0.]))","(array([0.]), array([0.]), array([0.]))","(array([0.]), array([0.]), array([0.]))","(array([0.]), array([0.]), array([0.]))","(array([0.]), array([0.]), array([0.]))","(array([0.]), array([0.]), array([0.]))","(array([0.]), array([0.]), array([0.]))","(array([0.]), array([0.]), array([0.]))"
(0.5000036536799842+0j),[-0.9989028],[1.],[0.04683164],[1.],"(array([0.]), array([0.]), array([0.]))","(array([0.]), array([0.]), array([0.]))","(array([0.]), array([0.]), array([0.]))","(array([0.]), array([0.]), array([0.]))","(array([0.]), array([0.]), array([0.]))","(array([0.]), array([0.]), array([0.]))","(array([0.]), array([0.]), array([0.]))","(array([0.]), array([0.]), array([0.]))","(array([0.]), array([0.]), array([0.]))","(array([0.]), array([0.]), array([0.]))","(array([0.]), array([0.]), array([0.]))"
(0.5000036555532497+0j),[-0.99670392],[1.],[0.08112518],[1.],"(array([0.]), array([0.]), array([0.]))","(array([0.]), array([0.]), array([0.]))","(array([0.]), array([0.]), array([0.]))","(array([0.]), array([0.]), array([0.]))","(array([0.]), array([0.]), array([0.]))","(array([0.]), array([0.]), array([0.]))","(array([0.]), array([0.]), array([0.]))","(array([0.]), array([0.]), array([0.]))","(array([0.]), array([0.]), array([0.]))","(array([0.]), array([0.]), array([0.]))","(array([0.]), array([0.]), array([0.]))"
(0.5000036587982563+0j),[-0.77122501],[1.],[0.63656263],[1.],"(array([0.]), array([0.]), array([0.]))","(array([0.]), array([0.]), array([0.]))","(array([0.]), array([0.]), array([0.]))","(array([0.]), array([0.]), array([0.]))","(array([0.]), array([0.]), array([0.]))","(array([0.]), array([0.]), array([0.]))","(array([0.]), array([0.]), array([0.]))","(array([0.]), array([0.]), array([0.]))","(array([0.]), array([0.]), array([0.]))","(array([0.]), array([0.]), array([0.]))","(array([0.]), array([0.]), array([0.]))"
(0.5000036842607615+0j),[-0.72134108],[1.],[0.69257999],[1.],"(array([0.]), array([0.]), array([0.]))","(array([0.]), array([0.]), array([0.]))","(array([0.]), array([0.]), array([0.]))","(array([0.]), array([0.]), array([0.]))","(array([0.]), array([0.]), array([0.]))","(array([0.]), array([0.]), array([0.]))","(array([0.]), array([0.]), array([0.]))","(array([0.]), array([0.]), array([0.]))","(array([0.]), array([0.]), array([0.]))","(array([0.]), array([0.]), array([0.]))","(array([0.]), array([0.]), array([0.]))"
(0.500003711963961+0j),[-0.93228803],[1.],[0.36171678],[1.],"(array([0.]), array([0.]), array([0.]))","(array([0.]), array([0.]), array([0.]))","(array([0.]), array([0.]), array([0.]))","(array([0.]), array([0.]), array([0.]))","(array([0.]), array([0.]), array([0.]))","(array([0.]), array([0.]), array([0.]))","(array([0.]), array([0.]), array([0.]))","(array([0.]), array([0.]), array([0.]))","(array([0.]), array([0.]), array([0.]))","(array([0.]), array([0.]), array([0.]))","(array([0.]), array([0.]), array([0.]))"
(0.5000037264326317+0j),[-0.71290904],[1.],[0.70125651],[1.],"(array([0.]), array([0.]), array([0.]))","(array([0.]), array([0.]), array([0.]))","(array([0.]), array([0.]), array([0.]))","(array([0.]), array([0.]), array([0.]))","(array([0.]), array([0.]), array([0.]))","(array([0.]), array([0.]), array([0.]))","(array([0.]), array([0.]), array([0.]))","(array([0.]), array([0.]), array([0.]))","(array([0.]), array([0.]), array([0.]))","(array([0.]), array([0.]), array([0.]))","(array([0.]), array([0.]), array([0.]))"
(0.5000037544828919+0j),[-0.93475632],[1.],[0.35528949],[1.],"(array([0.]), array([0.]), array([0.]))","(array([0.]), array([0.]), array([0.]))","(array([0.]), array([0.]), array([0.]))","(array([0.]), array([0.]), array([0.]))","(array([0.]), array([0.]), array([0.]))","(array([0.]), array([0.]), array([0.]))","(array([0.]), array([0.]), array([0.]))","(array([0.]), array([0.]), array([0.]))","(array([0.]), array([0.]), array([0.]))","(array([0.]), array([0.]), array([0.]))","(array([0.]), array([0.]), array([0.]))"
(0.5000037686944714+0j),[-0.99968394],[1.],[-0.02514019],[1.],"(array([0.]), array([0.]), array([0.]))","(array([0.]), array([0.]), array([0.]))","(array([0.]), array([0.]), array([0.]))","(array([0.]), array([0.]), array([0.]))","(array([0.]), array([0.]), array([0.]))","(array([0.]), array([0.]), array([0.]))","(array([0.]), array([0.]), array([0.]))","(array([0.]), array([0.]), array([0.]))","(array([0.]), array([0.]), array([0.]))","(array([0.]), array([0.]), array([0.]))","(array([0.]), array([0.]), array([0.]))"
(0.5000037676888632+0j),[-0.97778394],[1.],[-0.20961527],[1.],"(array([0.]), array([0.]), array([0.]))","(array([0.]), array([0.]), array([0.]))","(array([0.]), array([0.]), array([0.]))","(array([0.]), array([0.]), array([0.]))","(array([0.]), array([0.]), array([0.]))","(array([0.]), array([0.]), array([0.]))","(array([0.]), array([0.]), array([0.]))","(array([0.]), array([0.]), array([0.]))","(array([0.]), array([0.]), array([0.]))","(array([0.]), array([0.]), array([0.]))","(array([0.]), array([0.]), array([0.]))"
(0.500003759304252+0j),[-0.96072358],[1.],[-0.27750712],[1.],"(array([0.]), array([0.]), array([0.]))","(array([0.]), array([0.]), array([0.]))","(array([0.]), array([0.]), array([0.]))","(array([0.]), array([0.]), array([0.]))","(array([0.]), array([0.]), array([0.]))","(array([0.]), array([0.]), array([0.]))","(array([0.]), array([0.]), array([0.]))","(array([0.]), array([0.]), array([0.]))","(array([0.]), array([0.]), array([0.]))","(array([0.]), array([0.]), array([0.]))","(array([0.]), array([0.]), array([0.]))"
(0.5000037482039681+0j),[-0.99267745],[1.],[0.12079524],[1.],"(array([0.]), array([0.]), array([0.]))","(array([0.]), array([0.]), array([0.]))","(array([0.]), array([0.]), array([0.]))","(array([0.]), array([0.]), array([0.]))","(array([0.]), array([0.]), array([0.]))","(array([0.]), array([0.]), array([0.]))","(array([0.]), array([0.]), array([0.]))","(array([0.]), array([0.]), array([0.]))","(array([0.]), array([0.]), array([0.]))","(array([0.]), array([0.]), array([0.]))","(array([0.]), array([0.]), array([0.]))"
(0.5000037530357775+0j),[-0.99930392],[1.],[-0.03730508],[1.],"(array([0.]), array([0.]), array([0.]))","(array([0.]), array([0.]), array([0.]))","(array([0.]), array([0.]), array([0.]))","(array([0.]), array([0.]), array([0.]))","(array([0.]), array([0.]), array([0.]))","(array([0.]), array([0.]), array([0.]))","(array([0.]), array([0.]), array([0.]))","(array([0.]), array([0.]), array([0.]))","(array([0.]), array([0.]), array([0.]))","(array([0.]), array([0.]), array([0.]))","(array([0.]), array([0.]), array([0.]))"
(0.500003751543574+0j),[-0.65962807],[1.],[-0.75159218],[1.],"(array([0.]), array([0.]), array([0.]))","(array([0.]), array([0.]), array([0.]))","(array([0.]), array([0.]), array([0.]))","(array([0.]), array([0.]), array([0.]))","(array([0.]), array([0.]), array([0.]))","(array([0.]), array([0.]), array([0.]))","(array([0.]), array([0.]), array([0.]))","(array([0.]), array([0.]), array([0.]))","(array([0.]), array([0.]), array([0.]))","(array([0.]), array([0.]), array([0.]))","(array([0.]), array([0.]), array([0.]))"
(0.5000037214798866+0j),[-0.44991519],[1.],[-0.89307128],[1.],"(array([0.]), array([0.]), array([0.]))","(array([0.]), array([0.]), array([0.]))","(array([0.]), array([0.]), array([0.]))","(array([0.]), array([0.]), array([0.]))","(array([0.]), array([0.]), array([0.]))","(array([0.]), array([0.]), array([0.]))","(array([0.]), array([0.]), array([0.]))","(array([0.]), array([0.]), array([0.]))","(array([0.]), array([0.]), array([0.]))","(array([0.]), array([0.]), array([0.]))","(array([0.]), array([0.]), array([0.]))"
(0.5000036857570354+0j),[-0.57059024],[1.],[-0.82123491],[1.],"(array([0.]), array([0.]), array([0.]))","(array([0.]), array([0.]), array([0.]))","(array([0.]), array([0.]), array([0.]))","(array([0.]), array([0.]), array([0.]))","(array([0.]), array([0.]), array([0.]))","(array([0.]), array([0.]), array([0.]))","(array([0.]), array([0.]), array([0.]))","(array([0.]), array([0.]), array([0.]))","(array([0.]), array([0.]), array([0.]))","(array([0.]), array([0.]), array([0.]))","(array([0.]), array([0.]), array([0.]))"
(0.5000036529076393+0j),[-0.52560275],[1.],[-0.85073013],[1.],"(array([0.]), array([0.]), array([0.]))","(array([0.]), array([0.]), array([0.]))","(array([0.]), array([0.]), array([0.]))","(array([0.]), array([0.]), array([0.]))","(array([0.]), array([0.]), array([0.]))","(array([0.]), array([0.]), array([0.]))","(array([0.]), array([0.]), array([0.]))","(array([0.]), array([0.]), array([0.]))","(array([0.]), array([0.]), array([0.]))","(array([0.]), array([0.]), array([0.]))","(array([0.]), array([0.]), array([0.]))"
(0.5000036188784338+0j),[-0.47888617],[1.],[-0.877877],[1.],"(array([0.]), array([0.]), array([0.]))","(array([0.]), array([0.]), array([0.]))","(array([0.]), array([0.]), array([0.]))","(array([0.]), array([0.]), array([0.]))","(array([0.]), array([0.]), array([0.]))","(array([0.]), array([0.]), array([0.]))","(array([0.]), array([0.]), array([0.]))","(array([0.]), array([0.]), array([0.]))","(array([0.]), array([0.]), array([0.]))","(array([0.]), array([0.]), array([0.]))","(array([0.]), array([0.]), array([0.]))"
(0.5000035837633532+0j),[0.04561725],[1.],[-0.99895899],[1.],"(array([0.]), array([0.]), array([0.]))","(array([0.]), array([0.]), array([0.]))","(array([0.]), array([0.]), array([0.]))","(array([0.]), array([0.]), array([0.]))","(array([0.]), array([0.]), array([0.]))","(array([0.]), array([0.]), array([0.]))","(array([0.]), array([0.]), array([0.]))","(array([0.]), array([0.]), array([0.]))","(array([0.]), array([0.]), array([0.]))","(array([0.]), array([0.]), array([0.]))","(array([0.]), array([0.]), array([0.]))"
(0.5000035438049941+0j),[0.21778344],[1.],[-0.97599712],[1.],"(array([0.]), array([0.]), array([0.]))","(array([0.]), array([0.]), array([0.]))","(array([0.]), array([0.]), array([0.]))","(array([0.]), array([0.]), array([0.]))","(array([0.]), array([0.]), array([0.]))","(array([0.]), array([0.]), array([0.]))","(array([0.]), array([0.]), array([0.]))","(array([0.]), array([0.]), array([0.]))","(array([0.]), array([0.]), array([0.]))","(array([0.]), array([0.]), array([0.]))","(array([0.]), array([0.]), array([0.]))"
(0.5000035047651099+0j),[-0.03948172],[1.],[-0.99922029],[1.],"(array([0.]), array([0.]), array([0.]))","(array([0.]), array([0.]), array([0.]))","(array([0.]), array([0.]), array([0.]))","(array([0.]), array([0.]), array([0.]))","(array([0.]), array([0.]), array([0.]))","(array([0.]), array([0.]), array([0.]))","(array([0.]), array([0.]), array([0.]))","(array([0.]), array([0.]), array([0.]))","(array([0.]), array([0.]), array([0.]))","(array([0.]), array([0.]), array([0.]))","(array([0.]), array([0.]), array([0.]))"
(0.5000034647962985+0j),[-0.30151651],[1.],[-0.95346096],[1.],"(array([0.]), array([0.]), array([0.]))","(array([0.]), array([0.]), array([0.]))","(array([0.]), array([0.]), array([0.]))","(array([0.]), array([0.]), array([0.]))","(array([0.]), array([0.]), array([0.]))","(array([0.]), array([0.]), array([0.]))","(array([0.]), array([0.]), array([0.]))","(array([0.]), array([0.]), array([0.]))","(array([0.]), array([0.]), array([0.]))","(array([0.]), array([0.]), array([0.]))","(array([0.]), array([0.]), array([0.]))"
(0.5000034266578604+0j),[0.06626666],[1.],[-0.99780195],[1.],"(array([0.]), array([0.]), array([0.]))","(array([0.]), array([0.]), array([0.]))","(array([0.]), array([0.]), array([0.]))","(array([0.]), array([0.]), array([0.]))","(array([0.]), array([0.]), array([0.]))","(array([0.]), array([0.]), array([0.]))","(array([0.]), array([0.]), array([0.]))","(array([0.]), array([0.]), array([0.]))","(array([0.]), array([0.]), array([0.]))","(array([0.]), array([0.]), array([0.]))","(array([0.]), array([0.]), array([0.]))"
(0.5000033867457824+0j),[0.38051237],[1.],[-0.92477583],[1.],"(array([0.]), array([0.]), array([0.]))","(array([0.]), array([0.]), array([0.]))","(array([0.]), array([0.]), array([0.]))","(array([0.]), array([0.]), array([0.]))","(array([0.]), array([0.]), array([0.]))","(array([0.]), array([0.]), array([0.]))","(array([0.]), array([0.]), array([0.]))","(array([0.]), array([0.]), array([0.]))","(array([0.]), array([0.]), array([0.]))","(array([0.]), array([0.]), array([0.]))","(array([0.]), array([0.]), array([0.]))"
(0.5000033497547496+0j),[0.73373766],[1.],[-0.67943288],[1.],"(array([0.]), array([0.]), array([0.]))","(array([0.]), array([0.]), array([0.]))","(array([0.]), array([0.]), array([0.]))","(array([0.]), array([0.]), array([0.]))","(array([0.]), array([0.]), array([0.]))","(array([0.]), array([0.]), array([0.]))","(array([0.]), array([0.]), array([0.]))","(array([0.]), array([0.]), array([0.]))","(array([0.]), array([0.]), array([0.]))","(array([0.]), array([0.]), array([0.]))","(array([0.]), array([0.]), array([0.]))"
(0.500003322577434+0j),[0.3948561],[1.],[-0.91874298],[1.],"(array([0.]), array([0.]), array([0.]))","(array([0.]), array([0.]), array([0.]))","(array([0.]), array([0.]), array([0.]))","(array([0.]), array([0.]), array([0.]))","(array([0.]), array([0.]), array([0.]))","(array([0.]), array([0.]), array([0.]))","(array([0.]), array([0.]), array([0.]))","(array([0.]), array([0.]), array([0.]))","(array([0.]), array([0.]), array([0.]))","(array([0.]), array([0.]), array([0.]))","(array([0.]), array([0.]), array([0.]))"
(0.5000032858277147+0j),[0.67470551],[1.],[-0.73808704],[1.],"(array([0.]), array([0.]), array([0.]))","(array([0.]), array([0.]), array([0.]))","(array([0.]), array([0.]), array([0.]))","(array([0.]), array([0.]), array([0.]))","(array([0.]), array([0.]), array([0.]))","(array([0.]), array([0.]), array([0.]))","(array([0.]), array([0.]), array([0.]))","(array([0.]), array([0.]), array([0.]))","(array([0.]), array([0.]), array([0.]))","(array([0.]), array([0.]), array([0.]))","(array([0.]), array([0.]), array([0.]))"
(0.5000032563042335+0j),[0.75925509],[1.],[-0.65079313],[1.],"(array([0.]), array([0.]), array([0.]))","(array([0.]), array([0.]), array([0.]))","(array([0.]), array([0.]), array([0.]))","(array([0.]), array([0.]), array([0.]))","(array([0.]), array([0.]), array([0.]))","(array([0.]), array([0.]), array([0.]))","(array([0.]), array([0.]), array([0.]))","(array([0.]), array([0.]), array([0.]))","(array([0.]), array([0.]), array([0.]))","(array([0.]), array([0.]), array([0.]))","(array([0.]), array([0.]), array([0.]))"
(0.5000032302725081+0j),[0.94255679],[1.],[-0.33404594],[1.],"(array([0.]), array([0.]), array([0.]))","(array([0.]), array([0.]), array([0.]))","(array([0.]), array([0.]), array([0.]))","(array([0.]), array([0.]), array([0.]))","(array([0.]), array([0.]), array([0.]))","(array([0.]), array([0.]), array([0.]))","(array([0.]), array([0.]), array([0.]))","(array([0.]), array([0.]), array([0.]))","(array([0.]), array([0.]), array([0.]))","(array([0.]), array([0.]), array([0.]))","(array([0.]), array([0.]), array([0.]))"
(0.5000032169106706+0j),[0.997817],[1.],[0.06603965],[1.],"(array([0.]), array([0.]), array([0.]))","(array([0.]), array([0.]), array([0.]))","(array([0.]), array([0.]), array([0.]))","(array([0.]), array([0.]), array([0.]))","(array([0.]), array([0.]), array([0.]))","(array([0.]), array([0.]), array([0.]))","(array([0.]), array([0.]), array([0.]))","(array([0.]), array([0.]), array([0.]))","(array([0.]), array([0.]), array([0.]))","(array([0.]), array([0.]), array([0.]))","(array([0.]), array([0.]), array([0.]))"
(0.5000032195522573+0j),[0.99230194],[1.],[0.12384204],[1.],"(array([0.]), array([0.]), array([0.]))","(array([0.]), array([0.]), array([0.]))","(array([0.]), array([0.]), array([0.]))","(array([0.]), array([0.]), array([0.]))","(array([0.]), array([0.]), array([0.]))","(array([0.]), array([0.]), array([0.]))","(array([0.]), array([0.]), array([0.]))","(array([0.]), array([0.]), array([0.]))","(array([0.]), array([0.]), array([0.]))","(array([0.]), array([0.]), array([0.]))","(array([0.]), array([0.]), array([0.]))"
(0.5000032245059388+0j),[0.96179028],[1.],[-0.27378726],[1.],"(array([0.]), array([0.]), array([0.]))","(array([0.]), array([0.]), array([0.]))","(array([0.]), array([0.]), array([0.]))","(array([0.]), array([0.]), array([0.]))","(array([0.]), array([0.]), array([0.]))","(array([0.]), array([0.]), array([0.]))","(array([0.]), array([0.]), array([0.]))","(array([0.]), array([0.]), array([0.]))","(array([0.]), array([0.]), array([0.]))","(array([0.]), array([0.]), array([0.]))","(array([0.]), array([0.]), array([0.]))"
(0.5000032135544484+0j),[0.99979045],[1.],[-0.02047079],[1.],"(array([0.]), array([0.]), array([0.]))","(array([0.]), array([0.]), array([0.]))","(array([0.]), array([0.]), array([0.]))","(array([0.]), array([0.]), array([0.]))","(array([0.]), array([0.]), array([0.]))","(array([0.]), array([0.]), array([0.]))","(array([0.]), array([0.]), array([0.]))","(array([0.]), array([0.]), array([0.]))","(array([0.]), array([0.]), array([0.]))","(array([0.]), array([0.]), array([0.]))","(array([0.]), array([0.]), array([0.]))"
(0.5000032127356169+0j),[0.85554238],[1.],[-0.51773278],[1.],"(array([0.]), array([0.]), array([0.]))","(array([0.]), array([0.]), array([0.]))","(array([0.]), array([0.]), array([0.]))","(array([0.]), array([0.]), array([0.]))","(array([0.]), array([0.]), array([0.]))","(array([0.]), array([0.]), array([0.]))","(array([0.]), array([0.]), array([0.]))","(array([0.]), array([0.]), array([0.]))","(array([0.]), array([0.]), array([0.]))","(array([0.]), array([0.]), array([0.]))","(array([0.]), array([0.]), array([0.]))"
(0.5000031920263058+0j),[0.86809401],[1.],[-0.49639983],[1.],"(array([0.]), array([0.]), array([0.]))","(array([0.]), array([0.]), array([0.]))","(array([0.]), array([0.]), array([0.]))","(array([0.]), array([0.]), array([0.]))","(array([0.]), array([0.]), array([0.]))","(array([0.]), array([0.]), array([0.]))","(array([0.]), array([0.]), array([0.]))","(array([0.]), array([0.]), array([0.]))","(array([0.]), array([0.]), array([0.]))","(array([0.]), array([0.]), array([0.]))","(array([0.]), array([0.]), array([0.]))"
(0.5000031721703128+0j),[0.66535804],[1.],[-0.7465244],[1.],"(array([0.]), array([0.]), array([0.]))","(array([0.]), array([0.]), array([0.]))","(array([0.]), array([0.]), array([0.]))","(array([0.]), array([0.]), array([0.]))","(array([0.]), array([0.]), array([0.]))","(array([0.]), array([0.]), array([0.]))","(array([0.]), array([0.]), array([0.]))","(array([0.]), array([0.]), array([0.]))","(array([0.]), array([0.]), array([0.]))","(array([0.]), array([0.]), array([0.]))","(array([0.]), array([0.]), array([0.]))"
(0.5000031423093367+0j),[-0.37155203],[1.],[-0.92841213],[1.],"(array([0.]), array([0.]), array([0.]))","(array([0.]), array([0.]), array([0.]))","(array([0.]), array([0.]), array([0.]))","(array([0.]), array([0.]), array([0.]))","(array([0.]), array([0.]), array([0.]))","(array([0.]), array([0.]), array([0.]))","(array([0.]), array([0.]), array([0.]))","(array([0.]), array([0.]), array([0.]))","(array([0.]), array([0.]), array([0.]))","(array([0.]), array([0.]), array([0.]))","(array([0.]), array([0.]), array([0.]))"
(0.5000031051728515+0j),[-0.9846451],[1.],[-0.17456812],[1.],"(array([0.]), array([0.]), array([0.]))","(array([0.]), array([0.]), array([0.]))","(array([0.]), array([0.]), array([0.]))","(array([0.]), array([0.]), array([0.]))","(array([0.]), array([0.]), array([0.]))","(array([0.]), array([0.]), array([0.]))","(array([0.]), array([0.]), array([0.]))","(array([0.]), array([0.]), array([0.]))","(array([0.]), array([0.]), array([0.]))","(array([0.]), array([0.]), array([0.]))","(array([0.]), array([0.]), array([0.]))"
(0.5000030981901268+0j),[-0.99894272],[1.],[-0.04597219],[1.],"(array([0.]), array([0.]), array([0.]))","(array([0.]), array([0.]), array([0.]))","(array([0.]), array([0.]), array([0.]))","(array([0.]), array([0.]), array([0.]))","(array([0.]), array([0.]), array([0.]))","(array([0.]), array([0.]), array([0.]))","(array([0.]), array([0.]), array([0.]))","(array([0.]), array([0.]), array([0.]))","(array([0.]), array([0.]), array([0.]))","(array([0.]), array([0.]), array([0.]))","(array([0.]), array([0.]), array([0.]))"
(0.500003096351239+0j),[-0.99994813],[1.],[-0.01018485],[1.],"(array([0.]), array([0.]), array([0.]))","(array([0.]), array([0.]), array([0.]))","(array([0.]), array([0.]), array([0.]))","(array([0.]), array([0.]), array([0.]))","(array([0.]), array([0.]), array([0.]))","(array([0.]), array([0.]), array([0.]))","(array([0.]), array([0.]), array([0.]))","(array([0.]), array([0.]), array([0.]))","(array([0.]), array([0.]), array([0.]))","(array([0.]), array([0.]), array([0.]))","(array([0.]), array([0.]), array([0.]))"
(0.5000030959438452+0j),[-0.99704011],[1.],[-0.0768831],[1.],"(array([0.]), array([0.]), array([0.]))","(array([0.]), array([0.]), array([0.]))","(array([0.]), array([0.]), array([0.]))","(array([0.]), array([0.]), array([0.]))","(array([0.]), array([0.]), array([0.]))","(array([0.]), array([0.]), array([0.]))","(array([0.]), array([0.]), array([0.]))","(array([0.]), array([0.]), array([0.]))","(array([0.]), array([0.]), array([0.]))","(array([0.]), array([0.]), array([0.]))","(array([0.]), array([0.]), array([0.]))"
(0.5000030928685213+0j),[-0.97092637],[1.],[0.23937831],[1.],"(array([0.]), array([0.]), array([0.]))","(array([0.]), array([0.]), array([0.]))","(array([0.]), array([0.]), array([0.]))","(array([0.]), array([0.]), array([0.]))","(array([0.]), array([0.]), array([0.]))","(array([0.]), array([0.]), array([0.]))","(array([0.]), array([0.]), array([0.]))","(array([0.]), array([0.]), array([0.]))","(array([0.]), array([0.]), array([0.]))","(array([0.]), array([0.]), array([0.]))","(array([0.]), array([0.]), array([0.]))"
(0.500003102443654+0j),[-0.82859449],[1.],[-0.55984925],[1.],"(array([0.]), array([0.]), array([0.]))","(array([0.]), array([0.]), array([0.]))","(array([0.]), array([0.]), array([0.]))","(array([0.]), array([0.]), array([0.]))","(array([0.]), array([0.]), array([0.]))","(array([0.]), array([0.]), array([0.]))","(array([0.]), array([0.]), array([0.]))","(array([0.]), array([0.]), array([0.]))","(array([0.]), array([0.]), array([0.]))","(array([0.]), array([0.]), array([0.]))","(array([0.]), array([0.]), array([0.]))"
(0.5000030800496837+0j),[-0.61500819],[1.],[-0.78852072],[1.],"(array([0.]), array([0.]), array([0.]))","(array([0.]), array([0.]), array([0.]))","(array([0.]), array([0.]), array([0.]))","(array([0.]), array([0.]), array([0.]))","(array([0.]), array([0.]), array([0.]))","(array([0.]), array([0.]), array([0.]))","(array([0.]), array([0.]), array([0.]))","(array([0.]), array([0.]), array([0.]))","(array([0.]), array([0.]), array([0.]))","(array([0.]), array([0.]), array([0.]))","(array([0.]), array([0.]), array([0.]))"
(0.5000030485088549+0j),[-0.56639286],[1.],[-0.82413538],[1.],"(array([0.]), array([0.]), array([0.]))","(array([0.]), array([0.]), array([0.]))","(array([0.]), array([0.]), array([0.]))","(array([0.]), array([0.]), array([0.]))","(array([0.]), array([0.]), array([0.]))","(array([0.]), array([0.]), array([0.]))","(array([0.]), array([0.]), array([0.]))","(array([0.]), array([0.]), array([0.]))","(array([0.]), array([0.]), array([0.]))","(array([0.]), array([0.]), array([0.]))","(array([0.]), array([0.]), array([0.]))"
(0.5000030155434398+0j),[-0.25807275],[1.],[-0.96612549],[1.],"(array([0.]), array([0.]), array([0.]))","(array([0.]), array([0.]), array([0.]))","(array([0.]), array([0.]), array([0.]))","(array([0.]), array([0.]), array([0.]))","(array([0.]), array([0.]), array([0.]))","(array([0.]), array([0.]), array([0.]))","(array([0.]), array([0.]), array([0.]))","(array([0.]), array([0.]), array([0.]))","(array([0.]), array([0.]), array([0.]))","(array([0.]), array([0.]), array([0.]))","(array([0.]), array([0.]), array([0.]))"
(0.5000029768984203+0j),[0.18205154],[1.],[-0.98328899],[1.],"(array([0.]), array([0.]), array([0.]))","(array([0.]), array([0.]), array([0.]))","(array([0.]), array([0.]), array([0.]))","(array([0.]), array([0.]), array([0.]))","(array([0.]), array([0.]), array([0.]))","(array([0.]), array([0.]), array([0.]))","(array([0.]), array([0.]), array([0.]))","(array([0.]), array([0.]), array([0.]))","(array([0.]), array([0.]), array([0.]))","(array([0.]), array([0.]), array([0.]))","(array([0.]), array([0.]), array([0.]))"
(0.5000029375668608+0j),[-0.38682562],[1.],[-0.92215288],[1.],"(array([0.]), array([0.]), array([0.]))","(array([0.]), array([0.]), array([0.]))","(array([0.]), array([0.]), array([0.]))","(array([0.]), array([0.]), array([0.]))","(array([0.]), array([0.]), array([0.]))","(array([0.]), array([0.]), array([0.]))","(array([0.]), array([0.]), array([0.]))","(array([0.]), array([0.]), array([0.]))","(array([0.]), array([0.]), array([0.]))","(array([0.]), array([0.]), array([0.]))","(array([0.]), array([0.]), array([0.]))"
(0.5000029006807455+0j),[0.25226572],[1.],[-0.967658],[1.],"(array([0.]), array([0.]), array([0.]))","(array([0.]), array([0.]), array([0.]))","(array([0.]), array([0.]), array([0.]))","(array([0.]), array([0.]), array([0.]))","(array([0.]), array([0.]), array([0.]))","(array([0.]), array([0.]), array([0.]))","(array([0.]), array([0.]), array([0.]))","(array([0.]), array([0.]), array([0.]))","(array([0.]), array([0.]), array([0.]))","(array([0.]), array([0.]), array([0.]))","(array([0.]), array([0.]), array([0.]))"
(0.5000028619744256+0j),[0.43272865],[1.],[-0.90152422],[1.],"(array([0.]), array([0.]), array([0.]))","(array([0.]), array([0.]), array([0.]))","(array([0.]), array([0.]), array([0.]))","(array([0.]), array([0.]), array([0.]))","(array([0.]), array([0.]), array([0.]))","(array([0.]), array([0.]), array([0.]))","(array([0.]), array([0.]), array([0.]))","(array([0.]), array([0.]), array([0.]))","(array([0.]), array([0.]), array([0.]))","(array([0.]), array([0.]), array([0.]))","(array([0.]), array([0.]), array([0.]))"
(0.500002825913457+0j),[0.6494665],[1.],[-0.7603902],[1.],"(array([0.]), array([0.]), array([0.]))","(array([0.]), array([0.]), array([0.]))","(array([0.]), array([0.]), array([0.]))","(array([0.]), array([0.]), array([0.]))","(array([0.]), array([0.]), array([0.]))","(array([0.]), array([0.]), array([0.]))","(array([0.]), array([0.]), array([0.]))","(array([0.]), array([0.]), array([0.]))","(array([0.]), array([0.]), array([0.]))","(array([0.]), array([0.]), array([0.]))","(array([0.]), array([0.]), array([0.]))"
(0.5000027954978483+0j),[0.79328183],[1.],[-0.60885462],[1.],"(array([0.]), array([0.]), array([0.]))","(array([0.]), array([0.]), array([0.]))","(array([0.]), array([0.]), array([0.]))","(array([0.]), array([0.]), array([0.]))","(array([0.]), array([0.]), array([0.]))","(array([0.]), array([0.]), array([0.]))","(array([0.]), array([0.]), array([0.]))","(array([0.]), array([0.]), array([0.]))","(array([0.]), array([0.]), array([0.]))","(array([0.]), array([0.]), array([0.]))","(array([0.]), array([0.]), array([0.]))"
(0.5000027711436634+0j),[0.98261729],[1.],[-0.18564281],[1.],"(array([0.]), array([0.]), array([0.]))","(array([0.]), array([0.]), array([0.]))","(array([0.]), array([0.]), array([0.]))","(array([0.]), array([0.]), array([0.]))","(array([0.]), array([0.]), array([0.]))","(array([0.]), array([0.]), array([0.]))","(array([0.]), array([0.]), array([0.]))","(array([0.]), array([0.]), array([0.]))","(array([0.]), array([0.]), array([0.]))","(array([0.]), array([0.]), array([0.]))","(array([0.]), array([0.]), array([0.]))"
(0.5000027637179513+0j),[0.86395604],[1.],[-0.50356723],[1.],"(array([0.]), array([0.]), array([0.]))","(array([0.]), array([0.]), array([0.]))","(array([0.]), array([0.]), array([0.]))","(array([0.]), array([0.]), array([0.]))","(array([0.]), array([0.]), array([0.]))","(array([0.]), array([0.]), array([0.]))","(array([0.]), array([0.]), array([0.]))","(array([0.]), array([0.]), array([0.]))","(array([0.]), array([0.]), array([0.]))","(array([0.]), array([0.]), array([0.]))","(array([0.]), array([0.]), array([0.]))"
(0.5000027435752625+0j),[0.88879062],[1.],[-0.45831346],[1.],"(array([0.]), array([0.]), array([0.]))","(array([0.]), array([0.]), array([0.]))","(array([0.]), array([0.]), array([0.]))","(array([0.]), array([0.]), array([0.]))","(array([0.]), array([0.]), array([0.]))","(array([0.]), array([0.]), array([0.]))","(array([0.]), array([0.]), array([0.]))","(array([0.]), array([0.]), array([0.]))","(array([0.]), array([0.]), array([0.]))","(array([0.]), array([0.]), array([0.]))","(array([0.]), array([0.]), array([0.]))"
(0.5000027252427238+0j),[0.31040863],[1.],[-0.95060322],[1.],"(array([0.]), array([0.]), array([0.]))","(array([0.]), array([0.]), array([0.]))","(array([0.]), array([0.]), array([0.]))","(array([0.]), array([0.]), array([0.]))","(array([0.]), array([0.]), array([0.]))","(array([0.]), array([0.]), array([0.]))","(array([0.]), array([0.]), array([0.]))","(array([0.]), array([0.]), array([0.]))","(array([0.]), array([0.]), array([0.]))","(array([0.]), array([0.]), array([0.]))","(array([0.]), array([0.]), array([0.]))"
(0.5000026872185955+0j),[0.79913974],[1.],[-0.6011453],[1.],"(array([0.]), array([0.]), array([0.]))","(array([0.]), array([0.]), array([0.]))","(array([0.]), array([0.]), array([0.]))","(array([0.]), array([0.]), array([0.]))","(array([0.]), array([0.]), array([0.]))","(array([0.]), array([0.]), array([0.]))","(array([0.]), array([0.]), array([0.]))","(array([0.]), array([0.]), array([0.]))","(array([0.]), array([0.]), array([0.]))","(array([0.]), array([0.]), array([0.]))","(array([0.]), array([0.]), array([0.]))"
(0.5000026631727833+0j),[0.76501276],[1.],[-0.64401512],[1.],"(array([0.]), array([0.]), array([0.]))","(array([0.]), array([0.]), array([0.]))","(array([0.]), array([0.]), array([0.]))","(array([0.]), array([0.]), array([0.]))","(array([0.]), array([0.]), array([0.]))","(array([0.]), array([0.]), array([0.]))","(array([0.]), array([0.]), array([0.]))","(array([0.]), array([0.]), array([0.]))","(array([0.]), array([0.]), array([0.]))","(array([0.]), array([0.]), array([0.]))","(array([0.]), array([0.]), array([0.]))"
(0.5000026374121787+0j),[0.99192144],[1.],[-0.12685367],[1.],"(array([0.]), array([0.]), array([0.]))","(array([0.]), array([0.]), array([0.]))","(array([0.]), array([0.]), array([0.]))","(array([0.]), array([0.]), array([0.]))","(array([0.]), array([0.]), array([0.]))","(array([0.]), array([0.]), array([0.]))","(array([0.]), array([0.]), array([0.]))","(array([0.]), array([0.]), array([0.]))","(array([0.]), array([0.]), array([0.]))","(array([0.]), array([0.]), array([0.]))","(array([0.]), array([0.]), array([0.]))"
(0.5000026323380318+0j),[0.97368268],[1.],[-0.22790798],[1.],"(array([0.]), array([0.]), array([0.]))","(array([0.]), array([0.]), array([0.]))","(array([0.]), array([0.]), array([0.]))","(array([0.]), array([0.]), array([0.]))","(array([0.]), array([0.]), array([0.]))","(array([0.]), array([0.]), array([0.]))","(array([0.]), array([0.]), array([0.]))","(array([0.]), array([0.]), array([0.]))","(array([0.]), array([0.]), array([0.]))","(array([0.]), array([0.]), array([0.]))","(array([0.]), array([0.]), array([0.]))"
(0.5000026232217125+0j),[0.73047829],[1.],[-0.68293592],[1.],"(array([0.]), array([0.]), array([0.]))","(array([0.]), array([0.]), array([0.]))","(array([0.]), array([0.]), array([0.]))","(array([0.]), array([0.]), array([0.]))","(array([0.]), array([0.]), array([0.]))","(array([0.]), array([0.]), array([0.]))","(array([0.]), array([0.]), array([0.]))","(array([0.]), array([0.]), array([0.]))","(array([0.]), array([0.]), array([0.]))","(array([0.]), array([0.]), array([0.]))","(array([0.]), array([0.]), array([0.]))"
(0.5000025959042753+0j),[0.97105029],[1.],[-0.23887515],[1.],"(array([0.]), array([0.]), array([0.]))","(array([0.]), array([0.]), array([0.]))","(array([0.]), array([0.]), array([0.]))","(array([0.]), array([0.]), array([0.]))","(array([0.]), array([0.]), array([0.]))","(array([0.]), array([0.]), array([0.]))","(array([0.]), array([0.]), array([0.]))","(array([0.]), array([0.]), array([0.]))","(array([0.]), array([0.]), array([0.]))","(array([0.]), array([0.]), array([0.]))","(array([0.]), array([0.]), array([0.]))"
(0.5000025863492694+0j),[0.77517692],[1.],[-0.63174421],[1.],"(array([0.]), array([0.]), array([0.]))","(array([0.]), array([0.]), array([0.]))","(array([0.]), array([0.]), array([0.]))","(array([0.]), array([0.]), array([0.]))","(array([0.]), array([0.]), array([0.]))","(array([0.]), array([0.]), array([0.]))","(array([0.]), array([0.]), array([0.]))","(array([0.]), array([0.]), array([0.]))","(array([0.]), array([0.]), array([0.]))","(array([0.]), array([0.]), array([0.]))","(array([0.]), array([0.]), array([0.]))"
(0.5000025610795009+0j),[0.94957465],[1.],[-0.31354105],[1.],"(array([0.]), array([0.]), array([0.]))","(array([0.]), array([0.]), array([0.]))","(array([0.]), array([0.]), array([0.]))","(array([0.]), array([0.]), array([0.]))","(array([0.]), array([0.]), array([0.]))","(array([0.]), array([0.]), array([0.]))","(array([0.]), array([0.]), array([0.]))","(array([0.]), array([0.]), array([0.]))","(array([0.]), array([0.]), array([0.]))","(array([0.]), array([0.]), array([0.]))","(array([0.]), array([0.]), array([0.]))"
(0.5000025485378594+0j),[0.98136974],[1.],[0.1921287],[1.],"(array([0.]), array([0.]), array([0.]))","(array([0.]), array([0.]), array([0.]))","(array([0.]), array([0.]), array([0.]))","(array([0.]), array([0.]), array([0.]))","(array([0.]), array([0.]), array([0.]))","(array([0.]), array([0.]), array([0.]))","(array([0.]), array([0.]), array([0.]))","(array([0.]), array([0.]), array([0.]))","(array([0.]), array([0.]), array([0.]))","(array([0.]), array([0.]), array([0.]))","(array([0.]), array([0.]), array([0.]))"
(0.5000025562230077+0j),[0.99887829],[1.],[0.04735151],[1.],"(array([0.]), array([0.]), array([0.]))","(array([0.]), array([0.]), array([0.]))","(array([0.]), array([0.]), array([0.]))","(array([0.]), array([0.]), array([0.]))","(array([0.]), array([0.]), array([0.]))","(array([0.]), array([0.]), array([0.]))","(array([0.]), array([0.]), array([0.]))","(array([0.]), array([0.]), array([0.]))","(array([0.]), array([0.]), array([0.]))","(array([0.]), array([0.]), array([0.]))","(array([0.]), array([0.]), array([0.]))"
(0.5000025581170681+0j),[0.95928404],[1.],[-0.28244314],[1.],"(array([0.]), array([0.]), array([0.]))","(array([0.]), array([0.]), array([0.]))","(array([0.]), array([0.]), array([0.]))","(array([0.]), array([0.]), array([0.]))","(array([0.]), array([0.]), array([0.]))","(array([0.]), array([0.]), array([0.]))","(array([0.]), array([0.]), array([0.]))","(array([0.]), array([0.]), array([0.]))","(array([0.]), array([0.]), array([0.]))","(array([0.]), array([0.]), array([0.]))","(array([0.]), array([0.]), array([0.]))"
(0.5000025468193425+0j),[0.94078564],[1.],[-0.33900203],[1.],"(array([0.]), array([0.]), array([0.]))","(array([0.]), array([0.]), array([0.]))","(array([0.]), array([0.]), array([0.]))","(array([0.]), array([0.]), array([0.]))","(array([0.]), array([0.]), array([0.]))","(array([0.]), array([0.]), array([0.]))","(array([0.]), array([0.]), array([0.]))","(array([0.]), array([0.]), array([0.]))","(array([0.]), array([0.]), array([0.]))","(array([0.]), array([0.]), array([0.]))","(array([0.]), array([0.]), array([0.]))"
(0.5000025332592609+0j),[0.88456397],[1.],[-0.46641888],[1.],"(array([0.]), array([0.]), array([0.]))","(array([0.]), array([0.]), array([0.]))","(array([0.]), array([0.]), array([0.]))","(array([0.]), array([0.]), array([0.]))","(array([0.]), array([0.]), array([0.]))","(array([0.]), array([0.]), array([0.]))","(array([0.]), array([0.]), array([0.]))","(array([0.]), array([0.]), array([0.]))","(array([0.]), array([0.]), array([0.]))","(array([0.]), array([0.]), array([0.]))","(array([0.]), array([0.]), array([0.]))"
(0.5000025146025054+0j),[0.89145008],[1.],[-0.45311891],[1.],"(array([0.]), array([0.]), array([0.]))","(array([0.]), array([0.]), array([0.]))","(array([0.]), array([0.]), array([0.]))","(array([0.]), array([0.]), array([0.]))","(array([0.]), array([0.]), array([0.]))","(array([0.]), array([0.]), array([0.]))","(array([0.]), array([0.]), array([0.]))","(array([0.]), array([0.]), array([0.]))","(array([0.]), array([0.]), array([0.]))","(array([0.]), array([0.]), array([0.]))","(array([0.]), array([0.]), array([0.]))"
(0.500002496477749+0j),[0.97065112],[1.],[-0.24049202],[1.],"(array([0.]), array([0.]), array([0.]))","(array([0.]), array([0.]), array([0.]))","(array([0.]), array([0.]), array([0.]))","(array([0.]), array([0.]), array([0.]))","(array([0.]), array([0.]), array([0.]))","(array([0.]), array([0.]), array([0.]))","(array([0.]), array([0.]), array([0.]))","(array([0.]), array([0.]), array([0.]))","(array([0.]), array([0.]), array([0.]))","(array([0.]), array([0.]), array([0.]))","(array([0.]), array([0.]), array([0.]))"
(0.5000024868580678+0j),[0.75265545],[1.],[0.65841459],[1.],"(array([0.]), array([0.]), array([0.]))","(array([0.]), array([0.]), array([0.]))","(array([0.]), array([0.]), array([0.]))","(array([0.]), array([0.]), array([0.]))","(array([0.]), array([0.]), array([0.]))","(array([0.]), array([0.]), array([0.]))","(array([0.]), array([0.]), array([0.]))","(array([0.]), array([0.]), array([0.]))","(array([0.]), array([0.]), array([0.]))","(array([0.]), array([0.]), array([0.]))","(array([0.]), array([0.]), array([0.]))"
(0.5000025131946513+0j),[0.634379],[1.],[0.77302217],[1.],"(array([0.]), array([0.]), array([0.]))","(array([0.]), array([0.]), array([0.]))","(array([0.]), array([0.]), array([0.]))","(array([0.]), array([0.]), array([0.]))","(array([0.]), array([0.]), array([0.]))","(array([0.]), array([0.]), array([0.]))","(array([0.]), array([0.]), array([0.]))","(array([0.]), array([0.]), array([0.]))","(array([0.]), array([0.]), array([0.]))","(array([0.]), array([0.]), array([0.]))","(array([0.]), array([0.]), array([0.]))"
(0.5000025441155383+0j),[0.36392137],[1.],[0.93142967],[1.],"(array([0.]), array([0.]), array([0.]))","(array([0.]), array([0.]), array([0.]))","(array([0.]), array([0.]), array([0.]))","(array([0.]), array([0.]), array([0.]))","(array([0.]), array([0.]), array([0.]))","(array([0.]), array([0.]), array([0.]))","(array([0.]), array([0.]), array([0.]))","(array([0.]), array([0.]), array([0.]))","(array([0.]), array([0.]), array([0.]))","(array([0.]), array([0.]), array([0.]))","(array([0.]), array([0.]), array([0.]))"
(0.500002581372725+0j),[0.57991356],[1.],[0.81467802],[1.],"(array([0.]), array([0.]), array([0.]))","(array([0.]), array([0.]), array([0.]))","(array([0.]), array([0.]), array([0.]))","(array([0.]), array([0.]), array([0.]))","(array([0.]), array([0.]), array([0.]))","(array([0.]), array([0.]), array([0.]))","(array([0.]), array([0.]), array([0.]))","(array([0.]), array([0.]), array([0.]))","(array([0.]), array([0.]), array([0.]))","(array([0.]), array([0.]), array([0.]))","(array([0.]), array([0.]), array([0.]))"
(0.5000026139598458+0j),[0.24592356],[1.],[0.96928922],[1.],"(array([0.]), array([0.]), array([0.]))","(array([0.]), array([0.]), array([0.]))","(array([0.]), array([0.]), array([0.]))","(array([0.]), array([0.]), array([0.]))","(array([0.]), array([0.]), array([0.]))","(array([0.]), array([0.]), array([0.]))","(array([0.]), array([0.]), array([0.]))","(array([0.]), array([0.]), array([0.]))","(array([0.]), array([0.]), array([0.]))","(array([0.]), array([0.]), array([0.]))","(array([0.]), array([0.]), array([0.]))"
(0.5000026527314149+0j),[0.91238641],[1.],[0.40932999],[1.],"(array([0.]), array([0.]), array([0.]))","(array([0.]), array([0.]), array([0.]))","(array([0.]), array([0.]), array([0.]))","(array([0.]), array([0.]), array([0.]))","(array([0.]), array([0.]), array([0.]))","(array([0.]), array([0.]), array([0.]))","(array([0.]), array([0.]), array([0.]))","(array([0.]), array([0.]), array([0.]))","(array([0.]), array([0.]), array([0.]))","(array([0.]), array([0.]), array([0.]))","(array([0.]), array([0.]), array([0.]))"
(0.5000026691046147+0j),[0.98958637],[1.],[0.14394033],[1.],"(array([0.]), array([0.]), array([0.]))","(array([0.]), array([0.]), array([0.]))","(array([0.]), array([0.]), array([0.]))","(array([0.]), array([0.]), array([0.]))","(array([0.]), array([0.]), array([0.]))","(array([0.]), array([0.]), array([0.]))","(array([0.]), array([0.]), array([0.]))","(array([0.]), array([0.]), array([0.]))","(array([0.]), array([0.]), array([0.]))","(array([0.]), array([0.]), array([0.]))","(array([0.]), array([0.]), array([0.]))"
(0.5000026748622275+0j),[0.94508654],[1.],[0.32682018],[1.],"(array([0.]), array([0.]), array([0.]))","(array([0.]), array([0.]), array([0.]))","(array([0.]), array([0.]), array([0.]))","(array([0.]), array([0.]), array([0.]))","(array([0.]), array([0.]), array([0.]))","(array([0.]), array([0.]), array([0.]))","(array([0.]), array([0.]), array([0.]))","(array([0.]), array([0.]), array([0.]))","(array([0.]), array([0.]), array([0.]))","(array([0.]), array([0.]), array([0.]))","(array([0.]), array([0.]), array([0.]))"
(0.5000026879350347+0j),[0.99923504],[1.],[0.03910676],[1.],"(array([0.]), array([0.]), array([0.]))","(array([0.]), array([0.]), array([0.]))","(array([0.]), array([0.]), array([0.]))","(array([0.]), array([0.]), array([0.]))","(array([0.]), array([0.]), array([0.]))","(array([0.]), array([0.]), array([0.]))","(array([0.]), array([0.]), array([0.]))","(array([0.]), array([0.]), array([0.]))","(array([0.]), array([0.]), array([0.]))","(array([0.]), array([0.]), array([0.]))","(array([0.]), array([0.]), array([0.]))"
(0.5000026894993059+0j),[0.98881637],[1.],[0.14913815],[1.],"(array([0.]), array([0.]), array([0.]))","(array([0.]), array([0.]), array([0.]))","(array([0.]), array([0.]), array([0.]))","(array([0.]), array([0.]), array([0.]))","(array([0.]), array([0.]), array([0.]))","(array([0.]), array([0.]), array([0.]))","(array([0.]), array([0.]), array([0.]))","(array([0.]), array([0.]), array([0.]))","(array([0.]), array([0.]), array([0.]))","(array([0.]), array([0.]), array([0.]))","(array([0.]), array([0.]), array([0.]))"
(0.5000026954648319+0j),[0.91032749],[1.],[-0.4138887],[1.],"(array([0.]), array([0.]), array([0.]))","(array([0.]), array([0.]), array([0.]))","(array([0.]), array([0.]), array([0.]))","(array([0.]), array([0.]), array([0.]))","(array([0.]), array([0.]), array([0.]))","(array([0.]), array([0.]), array([0.]))","(array([0.]), array([0.]), array([0.]))","(array([0.]), array([0.]), array([0.]))","(array([0.]), array([0.]), array([0.]))","(array([0.]), array([0.]), array([0.]))","(array([0.]), array([0.]), array([0.]))"
(0.5000026789092834+0j),[0.97170601],[1.],[-0.23619361],[1.],"(array([0.]), array([0.]), array([0.]))","(array([0.]), array([0.]), array([0.]))","(array([0.]), array([0.]), array([0.]))","(array([0.]), array([0.]), array([0.]))","(array([0.]), array([0.]), array([0.]))","(array([0.]), array([0.]), array([0.]))","(array([0.]), array([0.]), array([0.]))","(array([0.]), array([0.]), array([0.]))","(array([0.]), array([0.]), array([0.]))","(array([0.]), array([0.]), array([0.]))","(array([0.]), array([0.]), array([0.]))"
(0.5000026694615385+0j),[0.63561232],[1.],[-0.77200841],[1.],"(array([0.]), array([0.]), array([0.]))","(array([0.]), array([0.]), array([0.]))","(array([0.]), array([0.]), array([0.]))","(array([0.]), array([0.]), array([0.]))","(array([0.]), array([0.]), array([0.]))","(array([0.]), array([0.]), array([0.]))","(array([0.]), array([0.]), array([0.]))","(array([0.]), array([0.]), array([0.]))","(array([0.]), array([0.]), array([0.]))","(array([0.]), array([0.]), array([0.]))","(array([0.]), array([0.]), array([0.]))"
(0.5000026385812028+0j),[0.91860338],[1.],[-0.39518075],[1.],"(array([0.]), array([0.]), array([0.]))","(array([0.]), array([0.]), array([0.]))","(array([0.]), array([0.]), array([0.]))","(array([0.]), array([0.]), array([0.]))","(array([0.]), array([0.]), array([0.]))","(array([0.]), array([0.]), array([0.]))","(array([0.]), array([0.]), array([0.]))","(array([0.]), array([0.]), array([0.]))","(array([0.]), array([0.]), array([0.]))","(array([0.]), array([0.]), array([0.]))","(array([0.]), array([0.]), array([0.]))"
(0.5000026227739727+0j),[0.89804092],[1.],[-0.43991193],[1.],"(array([0.]), array([0.]), array([0.]))","(array([0.]), array([0.]), array([0.]))","(array([0.]), array([0.]), array([0.]))","(array([0.]), array([0.]), array([0.]))","(array([0.]), array([0.]), array([0.]))","(array([0.]), array([0.]), array([0.]))","(array([0.]), array([0.]), array([0.]))","(array([0.]), array([0.]), array([0.]))","(array([0.]), array([0.]), array([0.]))","(array([0.]), array([0.]), array([0.]))","(array([0.]), array([0.]), array([0.]))"
(0.5000026051774951+0j),[0.90972214],[1.],[-0.41521756],[1.],"(array([0.]), array([0.]), array([0.]))","(array([0.]), array([0.]), array([0.]))","(array([0.]), array([0.]), array([0.]))","(array([0.]), array([0.]), array([0.]))","(array([0.]), array([0.]), array([0.]))","(array([0.]), array([0.]), array([0.]))","(array([0.]), array([0.]), array([0.]))","(array([0.]), array([0.]), array([0.]))","(array([0.]), array([0.]), array([0.]))","(array([0.]), array([0.]), array([0.]))","(array([0.]), array([0.]), array([0.]))"
(0.500002588568793+0j),[0.99959616],[1.],[-0.02841701],[1.],"(array([0.]), array([0.]), array([0.]))","(array([0.]), array([0.]), array([0.]))","(array([0.]), array([0.]), array([0.]))","(array([0.]), array([0.]), array([0.]))","(array([0.]), array([0.]), array([0.]))","(array([0.]), array([0.]), array([0.]))","(array([0.]), array([0.]), array([0.]))","(array([0.]), array([0.]), array([0.]))","(array([0.]), array([0.]), array([0.]))","(array([0.]), array([0.]), array([0.]))","(array([0.]), array([0.]), array([0.]))"
(0.5000025874321126+0j),[0.99354695],[1.],[0.11342161],[1.],"(array([0.]), array([0.]), array([0.]))","(array([0.]), array([0.]), array([0.]))","(array([0.]), array([0.]), array([0.]))","(array([0.]), array([0.]), array([0.]))","(array([0.]), array([0.]), array([0.]))","(array([0.]), array([0.]), array([0.]))","(array([0.]), array([0.]), array([0.]))","(array([0.]), array([0.]), array([0.]))","(array([0.]), array([0.]), array([0.]))","(array([0.]), array([0.]), array([0.]))","(array([0.]), array([0.]), array([0.]))"
(0.5000025919689773+0j),[0.9943808],[1.],[0.1058623],[1.],"(array([0.]), array([0.]), array([0.]))","(array([0.]), array([0.]), array([0.]))","(array([0.]), array([0.]), array([0.]))","(array([0.]), array([0.]), array([0.]))","(array([0.]), array([0.]), array([0.]))","(array([0.]), array([0.]), array([0.]))","(array([0.]), array([0.]), array([0.]))","(array([0.]), array([0.]), array([0.]))","(array([0.]), array([0.]), array([0.]))","(array([0.]), array([0.]), array([0.]))","(array([0.]), array([0.]), array([0.]))"
(0.5000025962034692+0j),[0.80464646],[1.],[0.59375421],[1.],"(array([0.]), array([0.]), array([0.]))","(array([0.]), array([0.]), array([0.]))","(array([0.]), array([0.]), array([0.]))","(array([0.]), array([0.]), array([0.]))","(array([0.]), array([0.]), array([0.]))","(array([0.]), array([0.]), array([0.]))","(array([0.]), array([0.]), array([0.]))","(array([0.]), array([0.]), array([0.]))","(array([0.]), array([0.]), array([0.]))","(array([0.]), array([0.]), array([0.]))","(array([0.]), array([0.]), array([0.]))"
(0.5000026199536379+0j),[0.52768478],[1.],[0.84944027],[1.],"(array([0.]), array([0.]), array([0.]))","(array([0.]), array([0.]), array([0.]))","(array([0.]), array([0.]), array([0.]))","(array([0.]), array([0.]), array([0.]))","(array([0.]), array([0.]), array([0.]))","(array([0.]), array([0.]), array([0.]))","(array([0.]), array([0.]), array([0.]))","(array([0.]), array([0.]), array([0.]))","(array([0.]), array([0.]), array([0.]))","(array([0.]), array([0.]), array([0.]))","(array([0.]), array([0.]), array([0.]))"
(0.5000026539312492+0j),[0.7008703],[1.],[0.71328874],[1.],"(array([0.]), array([0.]), array([0.]))","(array([0.]), array([0.]), array([0.]))","(array([0.]), array([0.]), array([0.]))","(array([0.]), array([0.]), array([0.]))","(array([0.]), array([0.]), array([0.]))","(array([0.]), array([0.]), array([0.]))","(array([0.]), array([0.]), array([0.]))","(array([0.]), array([0.]), array([0.]))","(array([0.]), array([0.]), array([0.]))","(array([0.]), array([0.]), array([0.]))","(array([0.]), array([0.]), array([0.]))"
(0.5000026824627989+0j),[0.42200098],[1.],[0.90659537],[1.],"(array([0.]), array([0.]), array([0.]))","(array([0.]), array([0.]), array([0.]))","(array([0.]), array([0.]), array([0.]))","(array([0.]), array([0.]), array([0.]))","(array([0.]), array([0.]), array([0.]))","(array([0.]), array([0.]), array([0.]))","(array([0.]), array([0.]), array([0.]))","(array([0.]), array([0.]), array([0.]))","(array([0.]), array([0.]), array([0.]))","(array([0.]), array([0.]), array([0.]))","(array([0.]), array([0.]), array([0.]))"
(0.5000027187266137+0j),[0.91140436],[1.],[0.41151195],[1.],"(array([0.]), array([0.]), array([0.]))","(array([0.]), array([0.]), array([0.]))","(array([0.]), array([0.]), array([0.]))","(array([0.]), array([0.]), array([0.]))","(array([0.]), array([0.]), array([0.]))","(array([0.]), array([0.]), array([0.]))","(array([0.]), array([0.]), array([0.]))","(array([0.]), array([0.]), array([0.]))","(array([0.]), array([0.]), array([0.]))","(array([0.]), array([0.]), array([0.]))","(array([0.]), array([0.]), array([0.]))"
(0.5000027351870918+0j),[0.95942815],[1.],[-0.28195323],[1.],"(array([0.]), array([0.]), array([0.]))","(array([0.]), array([0.]), array([0.]))","(array([0.]), array([0.]), array([0.]))","(array([0.]), array([0.]), array([0.]))","(array([0.]), array([0.]), array([0.]))","(array([0.]), array([0.]), array([0.]))","(array([0.]), array([0.]), array([0.]))","(array([0.]), array([0.]), array([0.]))","(array([0.]), array([0.]), array([0.]))","(array([0.]), array([0.]), array([0.]))","(array([0.]), array([0.]), array([0.]))"
(0.5000027239089625+0j),[0.99697476],[1.],[-0.07772596],[1.],"(array([0.]), array([0.]), array([0.]))","(array([0.]), array([0.]), array([0.]))","(array([0.]), array([0.]), array([0.]))","(array([0.]), array([0.]), array([0.]))","(array([0.]), array([0.]), array([0.]))","(array([0.]), array([0.]), array([0.]))","(array([0.]), array([0.]), array([0.]))","(array([0.]), array([0.]), array([0.]))","(array([0.]), array([0.]), array([0.]))","(array([0.]), array([0.]), array([0.]))","(array([0.]), array([0.]), array([0.]))"
(0.5000027207999244+0j),[0.97137478],[1.],[-0.23755218],[1.],"(array([0.]), array([0.]), array([0.]))","(array([0.]), array([0.]), array([0.]))","(array([0.]), array([0.]), array([0.]))","(array([0.]), array([0.]), array([0.]))","(array([0.]), array([0.]), array([0.]))","(array([0.]), array([0.]), array([0.]))","(array([0.]), array([0.]), array([0.]))","(array([0.]), array([0.]), array([0.]))","(array([0.]), array([0.]), array([0.]))","(array([0.]), array([0.]), array([0.]))","(array([0.]), array([0.]), array([0.]))"
(0.5000027112978366+0j),[0.88674306],[1.],[-0.46226263],[1.],"(array([0.]), array([0.]), array([0.]))","(array([0.]), array([0.]), array([0.]))","(array([0.]), array([0.]), array([0.]))","(array([0.]), array([0.]), array([0.]))","(array([0.]), array([0.]), array([0.]))","(array([0.]), array([0.]), array([0.]))","(array([0.]), array([0.]), array([0.]))","(array([0.]), array([0.]), array([0.]))","(array([0.]), array([0.]), array([0.]))","(array([0.]), array([0.]), array([0.]))","(array([0.]), array([0.]), array([0.]))"
(0.5000026928073315+0j),[0.69299633],[1.],[-0.72094111],[1.],"(array([0.]), array([0.]), array([0.]))","(array([0.]), array([0.]), array([0.]))","(array([0.]), array([0.]), array([0.]))","(array([0.]), array([0.]), array([0.]))","(array([0.]), array([0.]), array([0.]))","(array([0.]), array([0.]), array([0.]))","(array([0.]), array([0.]), array([0.]))","(array([0.]), array([0.]), array([0.]))","(array([0.]), array([0.]), array([0.]))","(array([0.]), array([0.]), array([0.]))","(array([0.]), array([0.]), array([0.]))"
(0.5000026639696873+0j),[0.84276119],[1.],[-0.53828763],[1.],"(array([0.]), array([0.]), array([0.]))","(array([0.]), array([0.]), array([0.]))","(array([0.]), array([0.]), array([0.]))","(array([0.]), array([0.]), array([0.]))","(array([0.]), array([0.]), array([0.]))","(array([0.]), array([0.]), array([0.]))","(array([0.]), array([0.]), array([0.]))","(array([0.]), array([0.]), array([0.]))","(array([0.]), array([0.]), array([0.]))","(array([0.]), array([0.]), array([0.]))","(array([0.]), array([0.]), array([0.]))"
(0.5000026424381825+0j),[0.61877249],[1.],[-0.78557025],[1.],"(array([0.]), array([0.]), array([0.]))","(array([0.]), array([0.]), array([0.]))","(array([0.]), array([0.]), array([0.]))","(array([0.]), array([0.]), array([0.]))","(array([0.]), array([0.]), array([0.]))","(array([0.]), array([0.]), array([0.]))","(array([0.]), array([0.]), array([0.]))","(array([0.]), array([0.]), array([0.]))","(array([0.]), array([0.]), array([0.]))","(array([0.]), array([0.]), array([0.]))","(array([0.]), array([0.]), array([0.]))"
(0.5000026110153726+0j),[0.78508356],[1.],[-0.61938987],[1.],"(array([0.]), array([0.]), array([0.]))","(array([0.]), array([0.]), array([0.]))","(array([0.]), array([0.]), array([0.]))","(array([0.]), array([0.]), array([0.]))","(array([0.]), array([0.]), array([0.]))","(array([0.]), array([0.]), array([0.]))","(array([0.]), array([0.]), array([0.]))","(array([0.]), array([0.]), array([0.]))","(array([0.]), array([0.]), array([0.]))","(array([0.]), array([0.]), array([0.]))","(array([0.]), array([0.]), array([0.]))"
(0.5000025862397779+0j),[0.81021017],[1.],[-0.58613947],[1.],"(array([0.]), array([0.]), array([0.]))","(array([0.]), array([0.]), array([0.]))","(array([0.]), array([0.]), array([0.]))","(array([0.]), array([0.]), array([0.]))","(array([0.]), array([0.]), array([0.]))","(array([0.]), array([0.]), array([0.]))","(array([0.]), array([0.]), array([0.]))","(array([0.]), array([0.]), array([0.]))","(array([0.]), array([0.]), array([0.]))","(array([0.]), array([0.]), array([0.]))","(array([0.]), array([0.]), array([0.]))"
(0.500002562794199+0j),[0.37566914],[1.],[-0.92675385],[1.],"(array([0.]), array([0.]), array([0.]))","(array([0.]), array([0.]), array([0.]))","(array([0.]), array([0.]), array([0.]))","(array([0.]), array([0.]), array([0.]))","(array([0.]), array([0.]), array([0.]))","(array([0.]), array([0.]), array([0.]))","(array([0.]), array([0.]), array([0.]))","(array([0.]), array([0.]), array([0.]))","(array([0.]), array([0.]), array([0.]))","(array([0.]), array([0.]), array([0.]))","(array([0.]), array([0.]), array([0.]))"
(0.5000025257240445+0j),[0.40799943],[1.],[-0.91298218],[1.],"(array([0.]), array([0.]), array([0.]))","(array([0.]), array([0.]), array([0.]))","(array([0.]), array([0.]), array([0.]))","(array([0.]), array([0.]), array([0.]))","(array([0.]), array([0.]), array([0.]))","(array([0.]), array([0.]), array([0.]))","(array([0.]), array([0.]), array([0.]))","(array([0.]), array([0.]), array([0.]))","(array([0.]), array([0.]), array([0.]))","(array([0.]), array([0.]), array([0.]))","(array([0.]), array([0.]), array([0.]))"
(0.5000024892047572+0j),[0.75098222],[1.],[-0.66032242],[1.],"(array([0.]), array([0.]), array([0.]))","(array([0.]), array([0.]), array([0.]))","(array([0.]), array([0.]), array([0.]))","(array([0.]), array([0.]), array([0.]))","(array([0.]), array([0.]), array([0.]))","(array([0.]), array([0.]), array([0.]))","(array([0.]), array([0.]), array([0.]))","(array([0.]), array([0.]), array([0.]))","(array([0.]), array([0.]), array([0.]))","(array([0.]), array([0.]), array([0.]))","(array([0.]), array([0.]), array([0.]))"
(0.5000024627918604+0j),[0.89310099],[1.],[-0.44985622],[1.],"(array([0.]), array([0.]), array([0.]))","(array([0.]), array([0.]), array([0.]))","(array([0.]), array([0.]), array([0.]))","(array([0.]), array([0.]), array([0.]))","(array([0.]), array([0.]), array([0.]))","(array([0.]), array([0.]), array([0.]))","(array([0.]), array([0.]), array([0.]))","(array([0.]), array([0.]), array([0.]))","(array([0.]), array([0.]), array([0.]))","(array([0.]), array([0.]), array([0.]))","(array([0.]), array([0.]), array([0.]))"
(0.5000024447976115+0j),[0.8185426],[1.],[-0.57444583],[1.],"(array([0.]), array([0.]), array([0.]))","(array([0.]), array([0.]), array([0.]))","(array([0.]), array([0.]), array([0.]))","(array([0.]), array([0.]), array([0.]))","(array([0.]), array([0.]), array([0.]))","(array([0.]), array([0.]), array([0.]))","(array([0.]), array([0.]), array([0.]))","(array([0.]), array([0.]), array([0.]))","(array([0.]), array([0.]), array([0.]))","(array([0.]), array([0.]), array([0.]))","(array([0.]), array([0.]), array([0.]))"
(0.5000024218197783+0j),[0.96308606],[1.],[-0.26919369],[1.],"(array([0.]), array([0.]), array([0.]))","(array([0.]), array([0.]), array([0.]))","(array([0.]), array([0.]), array([0.]))","(array([0.]), array([0.]), array([0.]))","(array([0.]), array([0.]), array([0.]))","(array([0.]), array([0.]), array([0.]))","(array([0.]), array([0.]), array([0.]))","(array([0.]), array([0.]), array([0.]))","(array([0.]), array([0.]), array([0.]))","(array([0.]), array([0.]), array([0.]))","(array([0.]), array([0.]), array([0.]))"
(0.5000024110520301+0j),[0.98709119],[1.],[0.16015922],[1.],"(array([0.]), array([0.]), array([0.]))","(array([0.]), array([0.]), array([0.]))","(array([0.]), array([0.]), array([0.]))","(array([0.]), array([0.]), array([0.]))","(array([0.]), array([0.]), array([0.]))","(array([0.]), array([0.]), array([0.]))","(array([0.]), array([0.]), array([0.]))","(array([0.]), array([0.]), array([0.]))","(array([0.]), array([0.]), array([0.]))","(array([0.]), array([0.]), array([0.]))","(array([0.]), array([0.]), array([0.]))"
(0.500002417458398+0j),[0.99574541],[1.],[0.09214701],[1.],"(array([0.]), array([0.]), array([0.]))","(array([0.]), array([0.]), array([0.]))","(array([0.]), array([0.]), array([0.]))","(array([0.]), array([0.]), array([0.]))","(array([0.]), array([0.]), array([0.]))","(array([0.]), array([0.]), array([0.]))","(array([0.]), array([0.]), array([0.]))","(array([0.]), array([0.]), array([0.]))","(array([0.]), array([0.]), array([0.]))","(array([0.]), array([0.]), array([0.]))","(array([0.]), array([0.]), array([0.]))"
(0.500002421144279+0j),[0.87104547],[1.],[0.49120239],[1.],"(array([0.]), array([0.]), array([0.]))","(array([0.]), array([0.]), array([0.]))","(array([0.]), array([0.]), array([0.]))","(array([0.]), array([0.]), array([0.]))","(array([0.]), array([0.]), array([0.]))","(array([0.]), array([0.]), array([0.]))","(array([0.]), array([0.]), array([0.]))","(array([0.]), array([0.]), array([0.]))","(array([0.]), array([0.]), array([0.]))","(array([0.]), array([0.]), array([0.]))","(array([0.]), array([0.]), array([0.]))"
(0.5000024407923749+0j),[0.91015684],[1.],[-0.41426384],[1.],"(array([0.]), array([0.]), array([0.]))","(array([0.]), array([0.]), array([0.]))","(array([0.]), array([0.]), array([0.]))","(array([0.]), array([0.]), array([0.]))","(array([0.]), array([0.]), array([0.]))","(array([0.]), array([0.]), array([0.]))","(array([0.]), array([0.]), array([0.]))","(array([0.]), array([0.]), array([0.]))","(array([0.]), array([0.]), array([0.]))","(array([0.]), array([0.]), array([0.]))","(array([0.]), array([0.]), array([0.]))"
(0.5000024242218216+0j),[0.99169435],[1.],[-0.12861691],[1.],"(array([0.]), array([0.]), array([0.]))","(array([0.]), array([0.]), array([0.]))","(array([0.]), array([0.]), array([0.]))","(array([0.]), array([0.]), array([0.]))","(array([0.]), array([0.]), array([0.]))","(array([0.]), array([0.]), array([0.]))","(array([0.]), array([0.]), array([0.]))","(array([0.]), array([0.]), array([0.]))","(array([0.]), array([0.]), array([0.]))","(array([0.]), array([0.]), array([0.]))","(array([0.]), array([0.]), array([0.]))"
(0.500002419077145+0j),[0.90526068],[1.],[-0.42485656],[1.],"(array([0.]), array([0.]), array([0.]))","(array([0.]), array([0.]), array([0.]))","(array([0.]), array([0.]), array([0.]))","(array([0.]), array([0.]), array([0.]))","(array([0.]), array([0.]), array([0.]))","(array([0.]), array([0.]), array([0.]))","(array([0.]), array([0.]), array([0.]))","(array([0.]), array([0.]), array([0.]))","(array([0.]), array([0.]), array([0.]))","(array([0.]), array([0.]), array([0.]))","(array([0.]), array([0.]), array([0.]))"
(0.5000024020828826+0j),[0.97710392],[1.],[0.21276261],[1.],"(array([0.]), array([0.]), array([0.]))","(array([0.]), array([0.]), array([0.]))","(array([0.]), array([0.]), array([0.]))","(array([0.]), array([0.]), array([0.]))","(array([0.]), array([0.]), array([0.]))","(array([0.]), array([0.]), array([0.]))","(array([0.]), array([0.]), array([0.]))","(array([0.]), array([0.]), array([0.]))","(array([0.]), array([0.]), array([0.]))","(array([0.]), array([0.]), array([0.]))","(array([0.]), array([0.]), array([0.]))"
(0.5000024105933868+0j),[0.93484781],[1.],[0.35504868],[1.],"(array([0.]), array([0.]), array([0.]))","(array([0.]), array([0.]), array([0.]))","(array([0.]), array([0.]), array([0.]))","(array([0.]), array([0.]), array([0.]))","(array([0.]), array([0.]), array([0.]))","(array([0.]), array([0.]), array([0.]))","(array([0.]), array([0.]), array([0.]))","(array([0.]), array([0.]), array([0.]))","(array([0.]), array([0.]), array([0.]))","(array([0.]), array([0.]), array([0.]))","(array([0.]), array([0.]), array([0.]))"
(0.5000024247953346+0j),[0.99998435],[1.],[-0.0055941],[1.],"(array([0.]), array([0.]), array([0.]))","(array([0.]), array([0.]), array([0.]))","(array([0.]), array([0.]), array([0.]))","(array([0.]), array([0.]), array([0.]))","(array([0.]), array([0.]), array([0.]))","(array([0.]), array([0.]), array([0.]))","(array([0.]), array([0.]), array([0.]))","(array([0.]), array([0.]), array([0.]))","(array([0.]), array([0.]), array([0.]))","(array([0.]), array([0.]), array([0.]))","(array([0.]), array([0.]), array([0.]))"
(0.5000024245715701+0j),[0.96965689],[1.],[-0.24446987],[1.],"(array([0.]), array([0.]), array([0.]))","(array([0.]), array([0.]), array([0.]))","(array([0.]), array([0.]), array([0.]))","(array([0.]), array([0.]), array([0.]))","(array([0.]), array([0.]), array([0.]))","(array([0.]), array([0.]), array([0.]))","(array([0.]), array([0.]), array([0.]))","(array([0.]), array([0.]), array([0.]))","(array([0.]), array([0.]), array([0.]))","(array([0.]), array([0.]), array([0.]))","(array([0.]), array([0.]), array([0.]))"
(0.5000024147927747+0j),[0.85996425],[1.],[-0.51035428],[1.],"(array([0.]), array([0.]), array([0.]))","(array([0.]), array([0.]), array([0.]))","(array([0.]), array([0.]), array([0.]))","(array([0.]), array([0.]), array([0.]))","(array([0.]), array([0.]), array([0.]))","(array([0.]), array([0.]), array([0.]))","(array([0.]), array([0.]), array([0.]))","(array([0.]), array([0.]), array([0.]))","(array([0.]), array([0.]), array([0.]))","(array([0.]), array([0.]), array([0.]))","(array([0.]), array([0.]), array([0.]))"
(0.5000023943786034+0j),[0.96113948],[1.],[-0.27606321],[1.],"(array([0.]), array([0.]), array([0.]))","(array([0.]), array([0.]), array([0.]))","(array([0.]), array([0.]), array([0.]))","(array([0.]), array([0.]), array([0.]))","(array([0.]), array([0.]), array([0.]))","(array([0.]), array([0.]), array([0.]))","(array([0.]), array([0.]), array([0.]))","(array([0.]), array([0.]), array([0.]))","(array([0.]), array([0.]), array([0.]))","(array([0.]), array([0.]), array([0.]))","(array([0.]), array([0.]), array([0.]))"
(0.5000023833360747+0j),[0.93337347],[1.],[-0.35890662],[1.],"(array([0.]), array([0.]), array([0.]))","(array([0.]), array([0.]), array([0.]))","(array([0.]), array([0.]), array([0.]))","(array([0.]), array([0.]), array([0.]))","(array([0.]), array([0.]), array([0.]))","(array([0.]), array([0.]), array([0.]))","(array([0.]), array([0.]), array([0.]))","(array([0.]), array([0.]), array([0.]))","(array([0.]), array([0.]), array([0.]))","(array([0.]), array([0.]), array([0.]))","(array([0.]), array([0.]), array([0.]))"
(0.5000023689798099+0j),[0.96127489],[1.],[-0.27559135],[1.],"(array([0.]), array([0.]), array([0.]))","(array([0.]), array([0.]), array([0.]))","(array([0.]), array([0.]), array([0.]))","(array([0.]), array([0.]), array([0.]))","(array([0.]), array([0.]), array([0.]))","(array([0.]), array([0.]), array([0.]))","(array([0.]), array([0.]), array([0.]))","(array([0.]), array([0.]), array([0.]))","(array([0.]), array([0.]), array([0.]))","(array([0.]), array([0.]), array([0.]))","(array([0.]), array([0.]), array([0.]))"
(0.5000023579561559+0j),[0.93922084],[1.],[0.34331357],[1.],"(array([0.]), array([0.]), array([0.]))","(array([0.]), array([0.]), array([0.]))","(array([0.]), array([0.]), array([0.]))","(array([0.]), array([0.]), array([0.]))","(array([0.]), array([0.]), array([0.]))","(array([0.]), array([0.]), array([0.]))","(array([0.]), array([0.]), array([0.]))","(array([0.]), array([0.]), array([0.]))","(array([0.]), array([0.]), array([0.]))","(array([0.]), array([0.]), array([0.]))","(array([0.]), array([0.]), array([0.]))"
(0.5000023716886984+0j),[0.98693375],[1.],[-0.16112659],[1.],"(array([0.]), array([0.]), array([0.]))","(array([0.]), array([0.]), array([0.]))","(array([0.]), array([0.]), array([0.]))","(array([0.]), array([0.]), array([0.]))","(array([0.]), array([0.]), array([0.]))","(array([0.]), array([0.]), array([0.]))","(array([0.]), array([0.]), array([0.]))","(array([0.]), array([0.]), array([0.]))","(array([0.]), array([0.]), array([0.]))","(array([0.]), array([0.]), array([0.]))","(array([0.]), array([0.]), array([0.]))"
(0.5000023652436346+0j),[0.9900875],[1.],[0.14045194],[1.],"(array([0.]), array([0.]), array([0.]))","(array([0.]), array([0.]), array([0.]))","(array([0.]), array([0.]), array([0.]))","(array([0.]), array([0.]), array([0.]))","(array([0.]), array([0.]), array([0.]))","(array([0.]), array([0.]), array([0.]))","(array([0.]), array([0.]), array([0.]))","(array([0.]), array([0.]), array([0.]))","(array([0.]), array([0.]), array([0.]))","(array([0.]), array([0.]), array([0.]))","(array([0.]), array([0.]), array([0.]))"
(0.5000023708617124+0j),[0.97024815],[1.],[0.24211262],[1.],"(array([0.]), array([0.]), array([0.]))","(array([0.]), array([0.]), array([0.]))","(array([0.]), array([0.]), array([0.]))","(array([0.]), array([0.]), array([0.]))","(array([0.]), array([0.]), array([0.]))","(array([0.]), array([0.]), array([0.]))","(array([0.]), array([0.]), array([0.]))","(array([0.]), array([0.]), array([0.]))","(array([0.]), array([0.]), array([0.]))","(array([0.]), array([0.]), array([0.]))","(array([0.]), array([0.]), array([0.]))"
(0.5000023805462168+0j),[0.99018038],[1.],[-0.1397956],[1.],"(array([0.]), array([0.]), array([0.]))","(array([0.]), array([0.]), array([0.]))","(array([0.]), array([0.]), array([0.]))","(array([0.]), array([0.]), array([0.]))","(array([0.]), array([0.]), array([0.]))","(array([0.]), array([0.]), array([0.]))","(array([0.]), array([0.]), array([0.]))","(array([0.]), array([0.]), array([0.]))","(array([0.]), array([0.]), array([0.]))","(array([0.]), array([0.]), array([0.]))","(array([0.]), array([0.]), array([0.]))"
(0.5000023749543928+0j),[0.90652737],[1.],[-0.42214705],[1.],"(array([0.]), array([0.]), array([0.]))","(array([0.]), array([0.]), array([0.]))","(array([0.]), array([0.]), array([0.]))","(array([0.]), array([0.]), array([0.]))","(array([0.]), array([0.]), array([0.]))","(array([0.]), array([0.]), array([0.]))","(array([0.]), array([0.]), array([0.]))","(array([0.]), array([0.]), array([0.]))","(array([0.]), array([0.]), array([0.]))","(array([0.]), array([0.]), array([0.]))","(array([0.]), array([0.]), array([0.]))"
(0.5000023580685107+0j),[-0.02741782],[1.],[-0.99962406],[1.],"(array([0.]), array([0.]), array([0.]))","(array([0.]), array([0.]), array([0.]))","(array([0.]), array([0.]), array([0.]))","(array([0.]), array([0.]), array([0.]))","(array([0.]), array([0.]), array([0.]))","(array([0.]), array([0.]), array([0.]))","(array([0.]), array([0.]), array([0.]))","(array([0.]), array([0.]), array([0.]))","(array([0.]), array([0.]), array([0.]))","(array([0.]), array([0.]), array([0.]))","(array([0.]), array([0.]), array([0.]))"
(0.5000023180835484+0j),[0.00365525],[1.],[-0.99999332],[1.],"(array([0.]), array([0.]), array([0.]))","(array([0.]), array([0.]), array([0.]))","(array([0.]), array([0.]), array([0.]))","(array([0.]), array([0.]), array([0.]))","(array([0.]), array([0.]), array([0.]))","(array([0.]), array([0.]), array([0.]))","(array([0.]), array([0.]), array([0.]))","(array([0.]), array([0.]), array([0.]))","(array([0.]), array([0.]), array([0.]))","(array([0.]), array([0.]), array([0.]))","(array([0.]), array([0.]), array([0.]))"
(0.5000022780838161+0j),[-0.5995027],[1.],[-0.80037273],[1.],"(array([0.]), array([0.]), array([0.]))","(array([0.]), array([0.]), array([0.]))","(array([0.]), array([0.]), array([0.]))","(array([0.]), array([0.]), array([0.]))","(array([0.]), array([0.]), array([0.]))","(array([0.]), array([0.]), array([0.]))","(array([0.]), array([0.]), array([0.]))","(array([0.]), array([0.]), array([0.]))","(array([0.]), array([0.]), array([0.]))","(array([0.]), array([0.]), array([0.]))","(array([0.]), array([0.]), array([0.]))"
(0.5000022460689071+0j),[-0.56229015],[1.],[-0.82694002],[1.],"(array([0.]), array([0.]), array([0.]))","(array([0.]), array([0.]), array([0.]))","(array([0.]), array([0.]), array([0.]))","(array([0.]), array([0.]), array([0.]))","(array([0.]), array([0.]), array([0.]))","(array([0.]), array([0.]), array([0.]))","(array([0.]), array([0.]), array([0.]))","(array([0.]), array([0.]), array([0.]))","(array([0.]), array([0.]), array([0.]))","(array([0.]), array([0.]), array([0.]))","(array([0.]), array([0.]), array([0.]))"
(0.5000022129913069+0j),[-0.57560567],[1.],[-0.81772741],[1.],"(array([0.]), array([0.]), array([0.]))","(array([0.]), array([0.]), array([0.]))","(array([0.]), array([0.]), array([0.]))","(array([0.]), array([0.]), array([0.]))","(array([0.]), array([0.]), array([0.]))","(array([0.]), array([0.]), array([0.]))","(array([0.]), array([0.]), array([0.]))","(array([0.]), array([0.]), array([0.]))","(array([0.]), array([0.]), array([0.]))","(array([0.]), array([0.]), array([0.]))","(array([0.]), array([0.]), array([0.]))"
(0.5000021802822101+0j),[-0.89055486],[1.],[-0.45487586],[1.],"(array([0.]), array([0.]), array([0.]))","(array([0.]), array([0.]), array([0.]))","(array([0.]), array([0.]), array([0.]))","(array([0.]), array([0.]), array([0.]))","(array([0.]), array([0.]), array([0.]))","(array([0.]), array([0.]), array([0.]))","(array([0.]), array([0.]), array([0.]))","(array([0.]), array([0.]), array([0.]))","(array([0.]), array([0.]), array([0.]))","(array([0.]), array([0.]), array([0.]))","(array([0.]), array([0.]), array([0.]))"
(0.5000021620871761+0j),[-0.9853071],[1.],[-0.17079204],[1.],"(array([0.]), array([0.]), array([0.]))","(array([0.]), array([0.]), array([0.]))","(array([0.]), array([0.]), array([0.]))","(array([0.]), array([0.]), array([0.]))","(array([0.]), array([0.]), array([0.]))","(array([0.]), array([0.]), array([0.]))","(array([0.]), array([0.]), array([0.]))","(array([0.]), array([0.]), array([0.]))","(array([0.]), array([0.]), array([0.]))","(array([0.]), array([0.]), array([0.]))","(array([0.]), array([0.]), array([0.]))"
(0.500002155255494+0j),[-0.92385889],[1.],[-0.38273327],[1.],"(array([0.]), array([0.]), array([0.]))","(array([0.]), array([0.]), array([0.]))","(array([0.]), array([0.]), array([0.]))","(array([0.]), array([0.]), array([0.]))","(array([0.]), array([0.]), array([0.]))","(array([0.]), array([0.]), array([0.]))","(array([0.]), array([0.]), array([0.]))","(array([0.]), array([0.]), array([0.]))","(array([0.]), array([0.]), array([0.]))","(array([0.]), array([0.]), array([0.]))","(array([0.]), array([0.]), array([0.]))"
(0.5000021399461626+0j),[-0.91022924],[1.],[-0.41410474],[1.],"(array([0.]), array([0.]), array([0.]))","(array([0.]), array([0.]), array([0.]))","(array([0.]), array([0.]), array([0.]))","(array([0.]), array([0.]), array([0.]))","(array([0.]), array([0.]), array([0.]))","(array([0.]), array([0.]), array([0.]))","(array([0.]), array([0.]), array([0.]))","(array([0.]), array([0.]), array([0.]))","(array([0.]), array([0.]), array([0.]))","(array([0.]), array([0.]), array([0.]))","(array([0.]), array([0.]), array([0.]))"
(0.500002123381973+0j),[-0.94193669],[1.],[-0.33579051],[1.],"(array([0.]), array([0.]), array([0.]))","(array([0.]), array([0.]), array([0.]))","(array([0.]), array([0.]), array([0.]))","(array([0.]), array([0.]), array([0.]))","(array([0.]), array([0.]), array([0.]))","(array([0.]), array([0.]), array([0.]))","(array([0.]), array([0.]), array([0.]))","(array([0.]), array([0.]), array([0.]))","(array([0.]), array([0.]), array([0.]))","(array([0.]), array([0.]), array([0.]))","(array([0.]), array([0.]), array([0.]))"
(0.5000021099503521+0j),[-0.91417929],[1.],[0.40531003],[1.],"(array([0.]), array([0.]), array([0.]))","(array([0.]), array([0.]), array([0.]))","(array([0.]), array([0.]), array([0.]))","(array([0.]), array([0.]), array([0.]))","(array([0.]), array([0.]), array([0.]))","(array([0.]), array([0.]), array([0.]))","(array([0.]), array([0.]), array([0.]))","(array([0.]), array([0.]), array([0.]))","(array([0.]), array([0.]), array([0.]))","(array([0.]), array([0.]), array([0.]))","(array([0.]), array([0.]), array([0.]))"
(0.5000021261627534+0j),[-0.99676271],[1.],[0.08039961],[1.],"(array([0.]), array([0.]), array([0.]))","(array([0.]), array([0.]), array([0.]))","(array([0.]), array([0.]), array([0.]))","(array([0.]), array([0.]), array([0.]))","(array([0.]), array([0.]), array([0.]))","(array([0.]), array([0.]), array([0.]))","(array([0.]), array([0.]), array([0.]))","(array([0.]), array([0.]), array([0.]))","(array([0.]), array([0.]), array([0.]))","(array([0.]), array([0.]), array([0.]))","(array([0.]), array([0.]), array([0.]))"
(0.500002129378738+0j),[-0.98259144],[1.],[0.18577958],[1.],"(array([0.]), array([0.]), array([0.]))","(array([0.]), array([0.]), array([0.]))","(array([0.]), array([0.]), array([0.]))","(array([0.]), array([0.]), array([0.]))","(array([0.]), array([0.]), array([0.]))","(array([0.]), array([0.]), array([0.]))","(array([0.]), array([0.]), array([0.]))","(array([0.]), array([0.]), array([0.]))","(array([0.]), array([0.]), array([0.]))","(array([0.]), array([0.]), array([0.]))","(array([0.]), array([0.]), array([0.]))"
(0.5000021368099208+0j),[-0.89454059],[1.],[0.44698672],[1.],"(array([0.]), array([0.]), array([0.]))","(array([0.]), array([0.]), array([0.]))","(array([0.]), array([0.]), array([0.]))","(array([0.]), array([0.]), array([0.]))","(array([0.]), array([0.]), array([0.]))","(array([0.]), array([0.]), array([0.]))","(array([0.]), array([0.]), array([0.]))","(array([0.]), array([0.]), array([0.]))","(array([0.]), array([0.]), array([0.]))","(array([0.]), array([0.]), array([0.]))","(array([0.]), array([0.]), array([0.]))"
(0.5000021546893897+0j),[-0.8628183],[1.],[0.50551418],[1.],"(array([0.]), array([0.]), array([0.]))","(array([0.]), array([0.]), array([0.]))","(array([0.]), array([0.]), array([0.]))","(array([0.]), array([0.]), array([0.]))","(array([0.]), array([0.]), array([0.]))","(array([0.]), array([0.]), array([0.]))","(array([0.]), array([0.]), array([0.]))","(array([0.]), array([0.]), array([0.]))","(array([0.]), array([0.]), array([0.]))","(array([0.]), array([0.]), array([0.]))","(array([0.]), array([0.]), array([0.]))"
(0.5000021749099569+0j),[-0.9529413],[1.],[0.30315489],[1.],"(array([0.]), array([0.]), array([0.]))","(array([0.]), array([0.]), array([0.]))","(array([0.]), array([0.]), array([0.]))","(array([0.]), array([0.]), array([0.]))","(array([0.]), array([0.]), array([0.]))","(array([0.]), array([0.]), array([0.]))","(array([0.]), array([0.]), array([0.]))","(array([0.]), array([0.]), array([0.]))","(array([0.]), array([0.]), array([0.]))","(array([0.]), array([0.]), array([0.]))","(array([0.]), array([0.]), array([0.]))"
(0.5000021870361525+0j),[-0.77361474],[1.],[0.63365624],[1.],"(array([0.]), array([0.]), array([0.]))","(array([0.]), array([0.]), array([0.]))","(array([0.]), array([0.]), array([0.]))","(array([0.]), array([0.]), array([0.]))","(array([0.]), array([0.]), array([0.]))","(array([0.]), array([0.]), array([0.]))","(array([0.]), array([0.]), array([0.]))","(array([0.]), array([0.]), array([0.]))","(array([0.]), array([0.]), array([0.]))","(array([0.]), array([0.]), array([0.]))","(array([0.]), array([0.]), array([0.]))"
(0.5000022123824017+0j),[-0.96218075],[1.],[0.27241181],[1.],"(array([0.]), array([0.]), array([0.]))","(array([0.]), array([0.]), array([0.]))","(array([0.]), array([0.]), array([0.]))","(array([0.]), array([0.]), array([0.]))","(array([0.]), array([0.]), array([0.]))","(array([0.]), array([0.]), array([0.]))","(array([0.]), array([0.]), array([0.]))","(array([0.]), array([0.]), array([0.]))","(array([0.]), array([0.]), array([0.]))","(array([0.]), array([0.]), array([0.]))","(array([0.]), array([0.]), array([0.]))"
(0.5000022232788739+0j),[-0.410287],[1.],[0.91195646],[1.],"(array([0.]), array([0.]), array([0.]))","(array([0.]), array([0.]), array([0.]))","(array([0.]), array([0.]), array([0.]))","(array([0.]), array([0.]), array([0.]))","(array([0.]), array([0.]), array([0.]))","(array([0.]), array([0.]), array([0.]))","(array([0.]), array([0.]), array([0.]))","(array([0.]), array([0.]), array([0.]))","(array([0.]), array([0.]), array([0.]))","(array([0.]), array([0.]), array([0.]))","(array([0.]), array([0.]), array([0.]))"
(0.5000022597571321+0j),[-0.99977462],[1.],[-0.02123011],[1.],"(array([0.]), array([0.]), array([0.]))","(array([0.]), array([0.]), array([0.]))","(array([0.]), array([0.]), array([0.]))","(array([0.]), array([0.]), array([0.]))","(array([0.]), array([0.]), array([0.]))","(array([0.]), array([0.]), array([0.]))","(array([0.]), array([0.]), array([0.]))","(array([0.]), array([0.]), array([0.]))","(array([0.]), array([0.]), array([0.]))","(array([0.]), array([0.]), array([0.]))","(array([0.]), array([0.]), array([0.]))"
(0.5000022589079278+0j),[-0.6322021],[1.],[-0.77480353],[1.],"(array([0.]), array([0.]), array([0.]))","(array([0.]), array([0.]), array([0.]))","(array([0.]), array([0.]), array([0.]))","(array([0.]), array([0.]), array([0.]))","(array([0.]), array([0.]), array([0.]))","(array([0.]), array([0.]), array([0.]))","(array([0.]), array([0.]), array([0.]))","(array([0.]), array([0.]), array([0.]))","(array([0.]), array([0.]), array([0.]))","(array([0.]), array([0.]), array([0.]))","(array([0.]), array([0.]), array([0.]))"
(0.5000022279157862+0j),[-0.69009175],[1.],[-0.72372189],[1.],"(array([0.]), array([0.]), array([0.]))","(array([0.]), array([0.]), array([0.]))","(array([0.]), array([0.]), array([0.]))","(array([0.]), array([0.]), array([0.]))","(array([0.]), array([0.]), array([0.]))","(array([0.]), array([0.]), array([0.]))","(array([0.]), array([0.]), array([0.]))","(array([0.]), array([0.]), array([0.]))","(array([0.]), array([0.]), array([0.]))","(array([0.]), array([0.]), array([0.]))","(array([0.]), array([0.]), array([0.]))"
(0.5000021989669109+0j),[-0.86942411],[1.],[-0.49406651],[1.],"(array([0.]), array([0.]), array([0.]))","(array([0.]), array([0.]), array([0.]))","(array([0.]), array([0.]), array([0.]))","(array([0.]), array([0.]), array([0.]))","(array([0.]), array([0.]), array([0.]))","(array([0.]), array([0.]), array([0.]))","(array([0.]), array([0.]), array([0.]))","(array([0.]), array([0.]), array([0.]))","(array([0.]), array([0.]), array([0.]))","(array([0.]), array([0.]), array([0.]))","(array([0.]), array([0.]), array([0.]))"
(0.5000021792042504+0j),[-0.95406169],[1.],[-0.29961024],[1.],"(array([0.]), array([0.]), array([0.]))","(array([0.]), array([0.]), array([0.]))","(array([0.]), array([0.]), array([0.]))","(array([0.]), array([0.]), array([0.]))","(array([0.]), array([0.]), array([0.]))","(array([0.]), array([0.]), array([0.]))","(array([0.]), array([0.]), array([0.]))","(array([0.]), array([0.]), array([0.]))","(array([0.]), array([0.]), array([0.]))","(array([0.]), array([0.]), array([0.]))","(array([0.]), array([0.]), array([0.]))"
(0.5000021672198404+0j),[-0.84605901],[1.],[-0.53308925],[1.],"(array([0.]), array([0.]), array([0.]))","(array([0.]), array([0.]), array([0.]))","(array([0.]), array([0.]), array([0.]))","(array([0.]), array([0.]), array([0.]))","(array([0.]), array([0.]), array([0.]))","(array([0.]), array([0.]), array([0.]))","(array([0.]), array([0.]), array([0.]))","(array([0.]), array([0.]), array([0.]))","(array([0.]), array([0.]), array([0.]))","(array([0.]), array([0.]), array([0.]))","(array([0.]), array([0.]), array([0.]))"
(0.5000021458962705+0j),[-0.81219584],[1.],[-0.58338488],[1.],"(array([0.]), array([0.]), array([0.]))","(array([0.]), array([0.]), array([0.]))","(array([0.]), array([0.]), array([0.]))","(array([0.]), array([0.]), array([0.]))","(array([0.]), array([0.]), array([0.]))","(array([0.]), array([0.]), array([0.]))","(array([0.]), array([0.]), array([0.]))","(array([0.]), array([0.]), array([0.]))","(array([0.]), array([0.]), array([0.]))","(array([0.]), array([0.]), array([0.]))","(array([0.]), array([0.]), array([0.]))"
(0.5000021225608745+0j),[-0.82120702],[1.],[-0.57063038],[1.],"(array([0.]), array([0.]), array([0.]))","(array([0.]), array([0.]), array([0.]))","(array([0.]), array([0.]), array([0.]))","(array([0.]), array([0.]), array([0.]))","(array([0.]), array([0.]), array([0.]))","(array([0.]), array([0.]), array([0.]))","(array([0.]), array([0.]), array([0.]))","(array([0.]), array([0.]), array([0.]))","(array([0.]), array([0.]), array([0.]))","(array([0.]), array([0.]), array([0.]))","(array([0.]), array([0.]), array([0.]))"
(0.5000020997356591+0j),[-0.5428232],[1.],[-0.839847],[1.],"(array([0.]), array([0.]), array([0.]))","(array([0.]), array([0.]), array([0.]))","(array([0.]), array([0.]), array([0.]))","(array([0.]), array([0.]), array([0.]))","(array([0.]), array([0.]), array([0.]))","(array([0.]), array([0.]), array([0.]))","(array([0.]), array([0.]), array([0.]))","(array([0.]), array([0.]), array([0.]))","(array([0.]), array([0.]), array([0.]))","(array([0.]), array([0.]), array([0.]))","(array([0.]), array([0.]), array([0.]))"
(0.5000020661417792+0j),[-0.39926467],[1.],[-0.91683571],[1.],"(array([0.]), array([0.]), array([0.]))","(array([0.]), array([0.]), array([0.]))","(array([0.]), array([0.]), array([0.]))","(array([0.]), array([0.]), array([0.]))","(array([0.]), array([0.]), array([0.]))","(array([0.]), array([0.]), array([0.]))","(array([0.]), array([0.]), array([0.]))","(array([0.]), array([0.]), array([0.]))","(array([0.]), array([0.]), array([0.]))","(array([0.]), array([0.]), array([0.]))","(array([0.]), array([0.]), array([0.]))"
(0.5000020294683509+0j),[0.00797589],[1.],[-0.99996819],[1.],"(array([0.]), array([0.]), array([0.]))","(array([0.]), array([0.]), array([0.]))","(array([0.]), array([0.]), array([0.]))","(array([0.]), array([0.]), array([0.]))","(array([0.]), array([0.]), array([0.]))","(array([0.]), array([0.]), array([0.]))","(array([0.]), array([0.]), array([0.]))","(array([0.]), array([0.]), array([0.]))","(array([0.]), array([0.]), array([0.]))","(array([0.]), array([0.]), array([0.]))","(array([0.]), array([0.]), array([0.]))"
(0.500001989469623+0j),[-0.49499058],[1.],[-0.86889834],[1.],"(array([0.]), array([0.]), array([0.]))","(array([0.]), array([0.]), array([0.]))","(array([0.]), array([0.]), array([0.]))","(array([0.]), array([0.]), array([0.]))","(array([0.]), array([0.]), array([0.]))","(array([0.]), array([0.]), array([0.]))","(array([0.]), array([0.]), array([0.]))","(array([0.]), array([0.]), array([0.]))","(array([0.]), array([0.]), array([0.]))","(array([0.]), array([0.]), array([0.]))","(array([0.]), array([0.]), array([0.]))"
(0.50000195471369+0j),[-0.65281974],[1.],[-0.75751329],[1.],"(array([0.]), array([0.]), array([0.]))","(array([0.]), array([0.]), array([0.]))","(array([0.]), array([0.]), array([0.]))","(array([0.]), array([0.]), array([0.]))","(array([0.]), array([0.]), array([0.]))","(array([0.]), array([0.]), array([0.]))","(array([0.]), array([0.]), array([0.]))","(array([0.]), array([0.]), array([0.]))","(array([0.]), array([0.]), array([0.]))","(array([0.]), array([0.]), array([0.]))","(array([0.]), array([0.]), array([0.]))"
(0.5000019244131582+0j),[-0.50002482],[1.],[-0.86601108],[1.],"(array([0.]), array([0.]), array([0.]))","(array([0.]), array([0.]), array([0.]))","(array([0.]), array([0.]), array([0.]))","(array([0.]), array([0.]), array([0.]))","(array([0.]), array([0.]), array([0.]))","(array([0.]), array([0.]), array([0.]))","(array([0.]), array([0.]), array([0.]))","(array([0.]), array([0.]), array([0.]))","(array([0.]), array([0.]), array([0.]))","(array([0.]), array([0.]), array([0.]))","(array([0.]), array([0.]), array([0.]))"
(0.5000018897727153+0j),[-0.35454132],[1.],[-0.93504035],[1.],"(array([0.]), array([0.]), array([0.]))","(array([0.]), array([0.]), array([0.]))","(array([0.]), array([0.]), array([0.]))","(array([0.]), array([0.]), array([0.]))","(array([0.]), array([0.]), array([0.]))","(array([0.]), array([0.]), array([0.]))","(array([0.]), array([0.]), array([0.]))","(array([0.]), array([0.]), array([0.]))","(array([0.]), array([0.]), array([0.]))","(array([0.]), array([0.]), array([0.]))","(array([0.]), array([0.]), array([0.]))"
(0.5000018523711013+0j),[-0.16429407],[1.],[-0.9864114],[1.],"(array([0.]), array([0.]), array([0.]))","(array([0.]), array([0.]), array([0.]))","(array([0.]), array([0.]), array([0.]))","(array([0.]), array([0.]), array([0.]))","(array([0.]), array([0.]), array([0.]))","(array([0.]), array([0.]), array([0.]))","(array([0.]), array([0.]), array([0.]))","(array([0.]), array([0.]), array([0.]))","(array([0.]), array([0.]), array([0.]))","(array([0.]), array([0.]), array([0.]))","(array([0.]), array([0.]), array([0.]))"
(0.5000018129146451+0j),[-0.03053677],[1.],[-0.99953364],[1.],"(array([0.]), array([0.]), array([0.]))","(array([0.]), array([0.]), array([0.]))","(array([0.]), array([0.]), array([0.]))","(array([0.]), array([0.]), array([0.]))","(array([0.]), array([0.]), array([0.]))","(array([0.]), array([0.]), array([0.]))","(array([0.]), array([0.]), array([0.]))","(array([0.]), array([0.]), array([0.]))","(array([0.]), array([0.]), array([0.]))","(array([0.]), array([0.]), array([0.]))","(array([0.]), array([0.]), array([0.]))"
(0.500001772933299+0j),[-0.15725583],[1.],[-0.9875579],[1.],"(array([0.]), array([0.]), array([0.]))","(array([0.]), array([0.]), array([0.]))","(array([0.]), array([0.]), array([0.]))","(array([0.]), array([0.]), array([0.]))","(array([0.]), array([0.]), array([0.]))","(array([0.]), array([0.]), array([0.]))","(array([0.]), array([0.]), array([0.]))","(array([0.]), array([0.]), array([0.]))","(array([0.]), array([0.]), array([0.]))","(array([0.]), array([0.]), array([0.]))","(array([0.]), array([0.]), array([0.]))"
(0.5000017334309828+0j),[-0.0046666],[1.],[-0.99998911],[1.],"(array([0.]), array([0.]), array([0.]))","(array([0.]), array([0.]), array([0.]))","(array([0.]), array([0.]), array([0.]))","(array([0.]), array([0.]), array([0.]))","(array([0.]), array([0.]), array([0.]))","(array([0.]), array([0.]), array([0.]))","(array([0.]), array([0.]), array([0.]))","(array([0.]), array([0.]), array([0.]))","(array([0.]), array([0.]), array([0.]))","(array([0.]), array([0.]), array([0.]))","(array([0.]), array([0.]), array([0.]))"
(0.500001693431418+0j),[0.21470284],[1.],[-0.97667942],[1.],"(array([0.]), array([0.]), array([0.]))","(array([0.]), array([0.]), array([0.]))","(array([0.]), array([0.]), array([0.]))","(array([0.]), array([0.]), array([0.]))","(array([0.]), array([0.]), array([0.]))","(array([0.]), array([0.]), array([0.]))","(array([0.]), array([0.]), array([0.]))","(array([0.]), array([0.]), array([0.]))","(array([0.]), array([0.]), array([0.]))","(array([0.]), array([0.]), array([0.]))","(array([0.]), array([0.]), array([0.]))"
(0.5000016543642412+0j),[0.03895895],[1.],[-0.99924081],[1.],"(array([0.]), array([0.]), array([0.]))","(array([0.]), array([0.]), array([0.]))","(array([0.]), array([0.]), array([0.]))","(array([0.]), array([0.]), array([0.]))","(array([0.]), array([0.]), array([0.]))","(array([0.]), array([0.]), array([0.]))","(array([0.]), array([0.]), array([0.]))","(array([0.]), array([0.]), array([0.]))","(array([0.]), array([0.]), array([0.]))","(array([0.]), array([0.]), array([0.]))","(array([0.]), array([0.]), array([0.]))"
(0.500001614394609+0j),[0.10601015],[1.],[-0.99436505],[1.],"(array([0.]), array([0.]), array([0.]))","(array([0.]), array([0.]), array([0.]))","(array([0.]), array([0.]), array([0.]))","(array([0.]), array([0.]), array([0.]))","(array([0.]), array([0.]), array([0.]))","(array([0.]), array([0.]), array([0.]))","(array([0.]), array([0.]), array([0.]))","(array([0.]), array([0.]), array([0.]))","(array([0.]), array([0.]), array([0.]))","(array([0.]), array([0.]), array([0.]))","(array([0.]), array([0.]), array([0.]))"
(0.5000015746200072+0j),[0.09917218],[1.],[-0.99507029],[1.],"(array([0.]), array([0.]), array([0.]))","(array([0.]), array([0.]), array([0.]))","(array([0.]), array([0.]), array([0.]))","(array([0.]), array([0.]), array([0.]))","(array([0.]), array([0.]), array([0.]))","(array([0.]), array([0.]), array([0.]))","(array([0.]), array([0.]), array([0.]))","(array([0.]), array([0.]), array([0.]))","(array([0.]), array([0.]), array([0.]))","(array([0.]), array([0.]), array([0.]))","(array([0.]), array([0.]), array([0.]))"
(0.5000015348171958+0j),[0.05883544],[1.],[-0.9982677],[1.],"(array([0.]), array([0.]), array([0.]))","(array([0.]), array([0.]), array([0.]))","(array([0.]), array([0.]), array([0.]))","(array([0.]), array([0.]), array([0.]))","(array([0.]), array([0.]), array([0.]))","(array([0.]), array([0.]), array([0.]))","(array([0.]), array([0.]), array([0.]))","(array([0.]), array([0.]), array([0.]))","(array([0.]), array([0.]), array([0.]))","(array([0.]), array([0.]), array([0.]))","(array([0.]), array([0.]), array([0.]))"
(0.500001494886488+0j),[0.13425562],[1.],[-0.99094673],[1.],"(array([0.]), array([0.]), array([0.]))","(array([0.]), array([0.]), array([0.]))","(array([0.]), array([0.]), array([0.]))","(array([0.]), array([0.]), array([0.]))","(array([0.]), array([0.]), array([0.]))","(array([0.]), array([0.]), array([0.]))","(array([0.]), array([0.]), array([0.]))","(array([0.]), array([0.]), array([0.]))","(array([0.]), array([0.]), array([0.]))","(array([0.]), array([0.]), array([0.]))","(array([0.]), array([0.]), array([0.]))"
(0.5000014552486192+0j),[0.58865134],[1.],[-0.80838703],[1.],"(array([0.]), array([0.]), array([0.]))","(array([0.]), array([0.]), array([0.]))","(array([0.]), array([0.]), array([0.]))","(array([0.]), array([0.]), array([0.]))","(array([0.]), array([0.]), array([0.]))","(array([0.]), array([0.]), array([0.]))","(array([0.]), array([0.]), array([0.]))","(array([0.]), array([0.]), array([0.]))","(array([0.]), array([0.]), array([0.]))","(array([0.]), array([0.]), array([0.]))","(array([0.]), array([0.]), array([0.]))"
(0.5000014229131378+0j),[0.66909709],[1.],[-0.74317501],[1.],"(array([0.]), array([0.]), array([0.]))","(array([0.]), array([0.]), array([0.]))","(array([0.]), array([0.]), array([0.]))","(array([0.]), array([0.]), array([0.]))","(array([0.]), array([0.]), array([0.]))","(array([0.]), array([0.]), array([0.]))","(array([0.]), array([0.]), array([0.]))","(array([0.]), array([0.]), array([0.]))","(array([0.]), array([0.]), array([0.]))","(array([0.]), array([0.]), array([0.]))","(array([0.]), array([0.]), array([0.]))"
(0.5000013931861375+0j),[0.18725621],[1.],[-0.98231111],[1.],"(array([0.]), array([0.]), array([0.]))","(array([0.]), array([0.]), array([0.]))","(array([0.]), array([0.]), array([0.]))","(array([0.]), array([0.]), array([0.]))","(array([0.]), array([0.]), array([0.]))","(array([0.]), array([0.]), array([0.]))","(array([0.]), array([0.]), array([0.]))","(array([0.]), array([0.]), array([0.]))","(array([0.]), array([0.]), array([0.]))","(array([0.]), array([0.]), array([0.]))","(array([0.]), array([0.]), array([0.]))"
(0.5000013538936935+0j),[0.53444866],[1.],[-0.84520094],[1.],"(array([0.]), array([0.]), array([0.]))","(array([0.]), array([0.]), array([0.]))","(array([0.]), array([0.]), array([0.]))","(array([0.]), array([0.]), array([0.]))","(array([0.]), array([0.]), array([0.]))","(array([0.]), array([0.]), array([0.]))","(array([0.]), array([0.]), array([0.]))","(array([0.]), array([0.]), array([0.]))","(array([0.]), array([0.]), array([0.]))","(array([0.]), array([0.]), array([0.]))","(array([0.]), array([0.]), array([0.]))"
(0.5000013200856562+0j),[0.79895279],[1.],[-0.60139374],[1.],"(array([0.]), array([0.]), array([0.]))","(array([0.]), array([0.]), array([0.]))","(array([0.]), array([0.]), array([0.]))","(array([0.]), array([0.]), array([0.]))","(array([0.]), array([0.]), array([0.]))","(array([0.]), array([0.]), array([0.]))","(array([0.]), array([0.]), array([0.]))","(array([0.]), array([0.]), array([0.]))","(array([0.]), array([0.]), array([0.]))","(array([0.]), array([0.]), array([0.]))","(array([0.]), array([0.]), array([0.]))"
(0.5000012960299068+0j),[0.89479272],[1.],[-0.44648178],[1.],"(array([0.]), array([0.]), array([0.]))","(array([0.]), array([0.]), array([0.]))","(array([0.]), array([0.]), array([0.]))","(array([0.]), array([0.]), array([0.]))","(array([0.]), array([0.]), array([0.]))","(array([0.]), array([0.]), array([0.]))","(array([0.]), array([0.]), array([0.]))","(array([0.]), array([0.]), array([0.]))","(array([0.]), array([0.]), array([0.]))","(array([0.]), array([0.]), array([0.]))","(array([0.]), array([0.]), array([0.]))"
(0.5000012781706357+0j),[0.95616388],[1.],[-0.29283208],[1.],"(array([0.]), array([0.]), array([0.]))","(array([0.]), array([0.]), array([0.]))","(array([0.]), array([0.]), array([0.]))","(array([0.]), array([0.]), array([0.]))","(array([0.]), array([0.]), array([0.]))","(array([0.]), array([0.]), array([0.]))","(array([0.]), array([0.]), array([0.]))","(array([0.]), array([0.]), array([0.]))","(array([0.]), array([0.]), array([0.]))","(array([0.]), array([0.]), array([0.]))","(array([0.]), array([0.]), array([0.]))"
(0.5000012664573528+0j),[0.60377474],[1.],[-0.79715498],[1.],"(array([0.]), array([0.]), array([0.]))","(array([0.]), array([0.]), array([0.]))","(array([0.]), array([0.]), array([0.]))","(array([0.]), array([0.]), array([0.]))","(array([0.]), array([0.]), array([0.]))","(array([0.]), array([0.]), array([0.]))","(array([0.]), array([0.]), array([0.]))","(array([0.]), array([0.]), array([0.]))","(array([0.]), array([0.]), array([0.]))","(array([0.]), array([0.]), array([0.]))","(array([0.]), array([0.]), array([0.]))"
(0.5000012345711536+0j),[0.70140246],[1.],[-0.71276545],[1.],"(array([0.]), array([0.]), array([0.]))","(array([0.]), array([0.]), array([0.]))","(array([0.]), array([0.]), array([0.]))","(array([0.]), array([0.]), array([0.]))","(array([0.]), array([0.]), array([0.]))","(array([0.]), array([0.]), array([0.]))","(array([0.]), array([0.]), array([0.]))","(array([0.]), array([0.]), array([0.]))","(array([0.]), array([0.]), array([0.]))","(array([0.]), array([0.]), array([0.]))","(array([0.]), array([0.]), array([0.]))"
(0.5000012060605353+0j),[0.25116668],[1.],[-0.96794385],[1.],"(array([0.]), array([0.]), array([0.]))","(array([0.]), array([0.]), array([0.]))","(array([0.]), array([0.]), array([0.]))","(array([0.]), array([0.]), array([0.]))","(array([0.]), array([0.]), array([0.]))","(array([0.]), array([0.]), array([0.]))","(array([0.]), array([0.]), array([0.]))","(array([0.]), array([0.]), array([0.]))","(array([0.]), array([0.]), array([0.]))","(array([0.]), array([0.]), array([0.]))","(array([0.]), array([0.]), array([0.]))"
(0.5000011673427811+0j),[-0.1079618],[1.],[-0.99415504],[1.],"(array([0.]), array([0.]), array([0.]))","(array([0.]), array([0.]), array([0.]))","(array([0.]), array([0.]), array([0.]))","(array([0.]), array([0.]), array([0.]))","(array([0.]), array([0.]), array([0.]))","(array([0.]), array([0.]), array([0.]))","(array([0.]), array([0.]), array([0.]))","(array([0.]), array([0.]), array([0.]))","(array([0.]), array([0.]), array([0.]))","(array([0.]), array([0.]), array([0.]))","(array([0.]), array([0.]), array([0.]))"
(0.5000011275765792+0j),[-0.42477537],[1.],[-0.90529878],[1.],"(array([0.]), array([0.]), array([0.]))","(array([0.]), array([0.]), array([0.]))","(array([0.]), array([0.]), array([0.]))","(array([0.]), array([0.]), array([0.]))","(array([0.]), array([0.]), array([0.]))","(array([0.]), array([0.]), array([0.]))","(array([0.]), array([0.]), array([0.]))","(array([0.]), array([0.]), array([0.]))","(array([0.]), array([0.]), array([0.]))","(array([0.]), array([0.]), array([0.]))","(array([0.]), array([0.]), array([0.]))"
(0.5000010913646276+0j),[-0.66610424],[1.],[-0.74585866],[1.],"(array([0.]), array([0.]), array([0.]))","(array([0.]), array([0.]), array([0.]))","(array([0.]), array([0.]), array([0.]))","(array([0.]), array([0.]), array([0.]))","(array([0.]), array([0.]), array([0.]))","(array([0.]), array([0.]), array([0.]))","(array([0.]), array([0.]), array([0.]))","(array([0.]), array([0.]), array([0.]))","(array([0.]), array([0.]), array([0.]))","(array([0.]), array([0.]), array([0.]))","(array([0.]), array([0.]), array([0.]))"
(0.5000010615302815+0j),[-0.77918342],[1.],[-0.62679598],[1.],"(array([0.]), array([0.]), array([0.]))","(array([0.]), array([0.]), array([0.]))","(array([0.]), array([0.]), array([0.]))","(array([0.]), array([0.]), array([0.]))","(array([0.]), array([0.]), array([0.]))","(array([0.]), array([0.]), array([0.]))","(array([0.]), array([0.]), array([0.]))","(array([0.]), array([0.]), array([0.]))","(array([0.]), array([0.]), array([0.]))","(array([0.]), array([0.]), array([0.]))","(array([0.]), array([0.]), array([0.]))"
(0.5000010364584425+0j),[-0.90626861],[1.],[-0.42270228],[1.],"(array([0.]), array([0.]), array([0.]))","(array([0.]), array([0.]), array([0.]))","(array([0.]), array([0.]), array([0.]))","(array([0.]), array([0.]), array([0.]))","(array([0.]), array([0.]), array([0.]))","(array([0.]), array([0.]), array([0.]))","(array([0.]), array([0.]), array([0.]))","(array([0.]), array([0.]), array([0.]))","(array([0.]), array([0.]), array([0.]))","(array([0.]), array([0.]), array([0.]))","(array([0.]), array([0.]), array([0.]))"
(0.5000010195503513+0j),[-0.99352012],[1.],[0.11365636],[1.],"(array([0.]), array([0.]), array([0.]))","(array([0.]), array([0.]), array([0.]))","(array([0.]), array([0.]), array([0.]))","(array([0.]), array([0.]), array([0.]))","(array([0.]), array([0.]), array([0.]))","(array([0.]), array([0.]), array([0.]))","(array([0.]), array([0.]), array([0.]))","(array([0.]), array([0.]), array([0.]))","(array([0.]), array([0.]), array([0.]))","(array([0.]), array([0.]), array([0.]))","(array([0.]), array([0.]), array([0.]))"
(0.500001024096605+0j),[-0.70286988],[1.],[-0.71131845],[1.],"(array([0.]), array([0.]), array([0.]))","(array([0.]), array([0.]), array([0.]))","(array([0.]), array([0.]), array([0.]))","(array([0.]), array([0.]), array([0.]))","(array([0.]), array([0.]), array([0.]))","(array([0.]), array([0.]), array([0.]))","(array([0.]), array([0.]), array([0.]))","(array([0.]), array([0.]), array([0.]))","(array([0.]), array([0.]), array([0.]))","(array([0.]), array([0.]), array([0.]))","(array([0.]), array([0.]), array([0.]))"
(0.5000009956438671+0j),[-0.81130847],[1.],[-0.58461831],[1.],"(array([0.]), array([0.]), array([0.]))","(array([0.]), array([0.]), array([0.]))","(array([0.]), array([0.]), array([0.]))","(array([0.]), array([0.]), array([0.]))","(array([0.]), array([0.]), array([0.]))","(array([0.]), array([0.]), array([0.]))","(array([0.]), array([0.]), array([0.]))","(array([0.]), array([0.]), array([0.]))","(array([0.]), array([0.]), array([0.]))","(array([0.]), array([0.]), array([0.]))","(array([0.]), array([0.]), array([0.]))"
(0.5000009722591349+0j),[-0.99534173],[1.],[-0.09640978],[1.],"(array([0.]), array([0.]), array([0.]))","(array([0.]), array([0.]), array([0.]))","(array([0.]), array([0.]), array([0.]))","(array([0.]), array([0.]), array([0.]))","(array([0.]), array([0.]), array([0.]))","(array([0.]), array([0.]), array([0.]))","(array([0.]), array([0.]), array([0.]))","(array([0.]), array([0.]), array([0.]))","(array([0.]), array([0.]), array([0.]))","(array([0.]), array([0.]), array([0.]))","(array([0.]), array([0.]), array([0.]))"
(0.5000009684027433+0j),[-0.92731722],[1.],[-0.37427634],[1.],"(array([0.]), array([0.]), array([0.]))","(array([0.]), array([0.]), array([0.]))","(array([0.]), array([0.]), array([0.]))","(array([0.]), array([0.]), array([0.]))","(array([0.]), array([0.]), array([0.]))","(array([0.]), array([0.]), array([0.]))","(array([0.]), array([0.]), array([0.]))","(array([0.]), array([0.]), array([0.]))","(array([0.]), array([0.]), array([0.]))","(array([0.]), array([0.]), array([0.]))","(array([0.]), array([0.]), array([0.]))"
(0.5000009534316897+0j),[-0.92174988],[1.],[-0.38778495],[1.],"(array([0.]), array([0.]), array([0.]))","(array([0.]), array([0.]), array([0.]))","(array([0.]), array([0.]), array([0.]))","(array([0.]), array([0.]), array([0.]))","(array([0.]), array([0.]), array([0.]))","(array([0.]), array([0.]), array([0.]))","(array([0.]), array([0.]), array([0.]))","(array([0.]), array([0.]), array([0.]))","(array([0.]), array([0.]), array([0.]))","(array([0.]), array([0.]), array([0.]))","(array([0.]), array([0.]), array([0.]))"
(0.500000937920292+0j),[-0.99995799],[1.],[-0.00916668],[1.],"(array([0.]), array([0.]), array([0.]))","(array([0.]), array([0.]), array([0.]))","(array([0.]), array([0.]), array([0.]))","(array([0.]), array([0.]), array([0.]))","(array([0.]), array([0.]), array([0.]))","(array([0.]), array([0.]), array([0.]))","(array([0.]), array([0.]), array([0.]))","(array([0.]), array([0.]), array([0.]))","(array([0.]), array([0.]), array([0.]))","(array([0.]), array([0.]), array([0.]))","(array([0.]), array([0.]), array([0.]))"
(0.5000009375536247+0j),[-0.70324848],[1.],[-0.71094414],[1.],"(array([0.]), array([0.]), array([0.]))","(array([0.]), array([0.]), array([0.]))","(array([0.]), array([0.]), array([0.]))","(array([0.]), array([0.]), array([0.]))","(array([0.]), array([0.]), array([0.]))","(array([0.]), array([0.]), array([0.]))","(array([0.]), array([0.]), array([0.]))","(array([0.]), array([0.]), array([0.]))","(array([0.]), array([0.]), array([0.]))","(array([0.]), array([0.]), array([0.]))","(array([0.]), array([0.]), array([0.]))"
(0.500000909115859+0j),[-0.79329462],[1.],[-0.60883795],[1.],"(array([0.]), array([0.]), array([0.]))","(array([0.]), array([0.]), array([0.]))","(array([0.]), array([0.]), array([0.]))","(array([0.]), array([0.]), array([0.]))","(array([0.]), array([0.]), array([0.]))","(array([0.]), array([0.]), array([0.]))","(array([0.]), array([0.]), array([0.]))","(array([0.]), array([0.]), array([0.]))","(array([0.]), array([0.]), array([0.]))","(array([0.]), array([0.]), array([0.]))","(array([0.]), array([0.]), array([0.]))"
(0.5000008847623414+0j),[-0.41702133],[1.],[-0.9088967],[1.],"(array([0.]), array([0.]), array([0.]))","(array([0.]), array([0.]), array([0.]))","(array([0.]), array([0.]), array([0.]))","(array([0.]), array([0.]), array([0.]))","(array([0.]), array([0.]), array([0.]))","(array([0.]), array([0.]), array([0.]))","(array([0.]), array([0.]), array([0.]))","(array([0.]), array([0.]), array([0.]))","(array([0.]), array([0.]), array([0.]))","(array([0.]), array([0.]), array([0.]))","(array([0.]), array([0.]), array([0.]))"
(0.5000008484064731+0j),[-0.51127091],[1.],[-0.8594196],[1.],"(array([0.]), array([0.]), array([0.]))","(array([0.]), array([0.]), array([0.]))","(array([0.]), array([0.]), array([0.]))","(array([0.]), array([0.]), array([0.]))","(array([0.]), array([0.]), array([0.]))","(array([0.]), array([0.]), array([0.]))","(array([0.]), array([0.]), array([0.]))","(array([0.]), array([0.]), array([0.]))","(array([0.]), array([0.]), array([0.]))","(array([0.]), array([0.]), array([0.]))","(array([0.]), array([0.]), array([0.]))"
(0.5000008140296892+0j),[-0.64884495],[1.],[-0.76092065],[1.],"(array([0.]), array([0.]), array([0.]))","(array([0.]), array([0.]), array([0.]))","(array([0.]), array([0.]), array([0.]))","(array([0.]), array([0.]), array([0.]))","(array([0.]), array([0.]), array([0.]))","(array([0.]), array([0.]), array([0.]))","(array([0.]), array([0.]), array([0.]))","(array([0.]), array([0.]), array([0.]))","(array([0.]), array([0.]), array([0.]))","(array([0.]), array([0.]), array([0.]))","(array([0.]), array([0.]), array([0.]))"
(0.5000007835928637+0j),[-0.72917386],[1.],[-0.68432849],[1.],"(array([0.]), array([0.]), array([0.]))","(array([0.]), array([0.]), array([0.]))","(array([0.]), array([0.]), array([0.]))","(array([0.]), array([0.]), array([0.]))","(array([0.]), array([0.]), array([0.]))","(array([0.]), array([0.]), array([0.]))","(array([0.]), array([0.]), array([0.]))","(array([0.]), array([0.]), array([0.]))","(array([0.]), array([0.]), array([0.]))","(array([0.]), array([0.]), array([0.]))","(array([0.]), array([0.]), array([0.]))"
(0.500000756219724+0j),[-0.35775034],[1.],[-0.93381727],[1.],"(array([0.]), array([0.]), array([0.]))","(array([0.]), array([0.]), array([0.]))","(array([0.]), array([0.]), array([0.]))","(array([0.]), array([0.]), array([0.]))","(array([0.]), array([0.]), array([0.]))","(array([0.]), array([0.]), array([0.]))","(array([0.]), array([0.]), array([0.]))","(array([0.]), array([0.]), array([0.]))","(array([0.]), array([0.]), array([0.]))","(array([0.]), array([0.]), array([0.]))","(array([0.]), array([0.]), array([0.]))"
(0.5000007188670335+0j),[-0.36232231],[1.],[-0.93205287],[1.],"(array([0.]), array([0.]), array([0.]))","(array([0.]), array([0.]), array([0.]))","(array([0.]), array([0.]), array([0.]))","(array([0.]), array([0.]), array([0.]))","(array([0.]), array([0.]), array([0.]))","(array([0.]), array([0.]), array([0.]))","(array([0.]), array([0.]), array([0.]))","(array([0.]), array([0.]), array([0.]))","(array([0.]), array([0.]), array([0.]))","(array([0.]), array([0.]), array([0.]))","(array([0.]), array([0.]), array([0.]))"
(0.5000006815849188+0j),[-0.08869074],[1.],[-0.99605921],[1.],"(array([0.]), array([0.]), array([0.]))","(array([0.]), array([0.]), array([0.]))","(array([0.]), array([0.]), array([0.]))","(array([0.]), array([0.]), array([0.]))","(array([0.]), array([0.]), array([0.]))","(array([0.]), array([0.]), array([0.]))","(array([0.]), array([0.]), array([0.]))","(array([0.]), array([0.]), array([0.]))","(array([0.]), array([0.]), array([0.]))","(array([0.]), array([0.]), array([0.]))","(array([0.]), array([0.]), array([0.]))"
(0.5000006417425501+0j),[-0.22511912],[1.],[-0.97433125],[1.],"(array([0.]), array([0.]), array([0.]))","(array([0.]), array([0.]), array([0.]))","(array([0.]), array([0.]), array([0.]))","(array([0.]), array([0.]), array([0.]))","(array([0.]), array([0.]), array([0.]))","(array([0.]), array([0.]), array([0.]))","(array([0.]), array([0.]), array([0.]))","(array([0.]), array([0.]), array([0.]))","(array([0.]), array([0.]), array([0.]))","(array([0.]), array([0.]), array([0.]))","(array([0.]), array([0.]), array([0.]))"
(0.5000006027693001+0j),[-0.0605594],[1.],[-0.9981646],[1.],"(array([0.]), array([0.]), array([0.]))","(array([0.]), array([0.]), array([0.]))","(array([0.]), array([0.]), array([0.]))","(array([0.]), array([0.]), array([0.]))","(array([0.]), array([0.]), array([0.]))","(array([0.]), array([0.]), array([0.]))","(array([0.]), array([0.]), array([0.]))","(array([0.]), array([0.]), array([0.]))","(array([0.]), array([0.]), array([0.]))","(array([0.]), array([0.]), array([0.]))","(array([0.]), array([0.]), array([0.]))"
(0.5000005628427164+0j),[0.31020481],[1.],[-0.95066975],[1.],"(array([0.]), array([0.]), array([0.]))","(array([0.]), array([0.]), array([0.]))","(array([0.]), array([0.]), array([0.]))","(array([0.]), array([0.]), array([0.]))","(array([0.]), array([0.]), array([0.]))","(array([0.]), array([0.]), array([0.]))","(array([0.]), array([0.]), array([0.]))","(array([0.]), array([0.]), array([0.]))","(array([0.]), array([0.]), array([0.]))","(array([0.]), array([0.]), array([0.]))","(array([0.]), array([0.]), array([0.]))"
(0.5000005248159267+0j),[-0.10559867],[1.],[-0.99440883],[1.],"(array([0.]), array([0.]), array([0.]))","(array([0.]), array([0.]), array([0.]))","(array([0.]), array([0.]), array([0.]))","(array([0.]), array([0.]), array([0.]))","(array([0.]), array([0.]), array([0.]))","(array([0.]), array([0.]), array([0.]))","(array([0.]), array([0.]), array([0.]))","(array([0.]), array([0.]), array([0.]))","(array([0.]), array([0.]), array([0.]))","(array([0.]), array([0.]), array([0.]))","(array([0.]), array([0.]), array([0.]))"
(0.5000004850395734+0j),[0.42464675],[1.],[-0.90535912],[1.],"(array([0.]), array([0.]), array([0.]))","(array([0.]), array([0.]), array([0.]))","(array([0.]), array([0.]), array([0.]))","(array([0.]), array([0.]), array([0.]))","(array([0.]), array([0.]), array([0.]))","(array([0.]), array([0.]), array([0.]))","(array([0.]), array([0.]), array([0.]))","(array([0.]), array([0.]), array([0.]))","(array([0.]), array([0.]), array([0.]))","(array([0.]), array([0.]), array([0.]))","(array([0.]), array([0.]), array([0.]))"
(0.5000004488252084+0j),[0.61626821],[1.],[-0.78753634],[1.],"(array([0.]), array([0.]), array([0.]))","(array([0.]), array([0.]), array([0.]))","(array([0.]), array([0.]), array([0.]))","(array([0.]), array([0.]), array([0.]))","(array([0.]), array([0.]), array([0.]))","(array([0.]), array([0.]), array([0.]))","(array([0.]), array([0.]), array([0.]))","(array([0.]), array([0.]), array([0.]))","(array([0.]), array([0.]), array([0.]))","(array([0.]), array([0.]), array([0.]))","(array([0.]), array([0.]), array([0.]))"
(0.5000004173237546+0j),[0.17587053],[1.],[-0.98441331],[1.],"(array([0.]), array([0.]), array([0.]))","(array([0.]), array([0.]), array([0.]))","(array([0.]), array([0.]), array([0.]))","(array([0.]), array([0.]), array([0.]))","(array([0.]), array([0.]), array([0.]))","(array([0.]), array([0.]), array([0.]))","(array([0.]), array([0.]), array([0.]))","(array([0.]), array([0.]), array([0.]))","(array([0.]), array([0.]), array([0.]))","(array([0.]), array([0.]), array([0.]))","(array([0.]), array([0.]), array([0.]))"
(0.500000377947222+0j),[0.01316862],[1.],[-0.99991329],[1.],"(array([0.]), array([0.]), array([0.]))","(array([0.]), array([0.]), array([0.]))","(array([0.]), array([0.]), array([0.]))","(array([0.]), array([0.]), array([0.]))","(array([0.]), array([0.]), array([0.]))","(array([0.]), array([0.]), array([0.]))","(array([0.]), array([0.]), array([0.]))","(array([0.]), array([0.]), array([0.]))","(array([0.]), array([0.]), array([0.]))","(array([0.]), array([0.]), array([0.]))","(array([0.]), array([0.]), array([0.]))"
(0.5000003379506901+0j),[-0.36872714],[1.],[-0.92953768],[1.],"(array([0.]), array([0.]), array([0.]))","(array([0.]), array([0.]), array([0.]))","(array([0.]), array([0.]), array([0.]))","(array([0.]), array([0.]), array([0.]))","(array([0.]), array([0.]), array([0.]))","(array([0.]), array([0.]), array([0.]))","(array([0.]), array([0.]), array([0.]))","(array([0.]), array([0.]), array([0.]))","(array([0.]), array([0.]), array([0.]))","(array([0.]), array([0.]), array([0.]))","(array([0.]), array([0.]), array([0.]))"
(0.5000003007691828+0j),[0.06776431],[1.],[-0.99770136],[1.],"(array([0.]), array([0.]), array([0.]))","(array([0.]), array([0.]), array([0.]))","(array([0.]), array([0.]), array([0.]))","(array([0.]), array([0.]), array([0.]))","(array([0.]), array([0.]), array([0.]))","(array([0.]), array([0.]), array([0.]))","(array([0.]), array([0.]), array([0.]))","(array([0.]), array([0.]), array([0.]))","(array([0.]), array([0.]), array([0.]))","(array([0.]), array([0.]), array([0.]))","(array([0.]), array([0.]), array([0.]))"
(0.5000002608611286+0j),[-0.01031836],[1.],[-0.99994676],[1.],"(array([0.]), array([0.]), array([0.]))","(array([0.]), array([0.]), array([0.]))","(array([0.]), array([0.]), array([0.]))","(array([0.]), array([0.]), array([0.]))","(array([0.]), array([0.]), array([0.]))","(array([0.]), array([0.]), array([0.]))","(array([0.]), array([0.]), array([0.]))","(array([0.]), array([0.]), array([0.]))","(array([0.]), array([0.]), array([0.]))","(array([0.]), array([0.]), array([0.]))","(array([0.]), array([0.]), array([0.]))"
(0.500000220863258+0j),[0.37399773],[1.],[-0.92742962],[1.],"(array([0.]), array([0.]), array([0.]))","(array([0.]), array([0.]), array([0.]))","(array([0.]), array([0.]), array([0.]))","(array([0.]), array([0.]), array([0.]))","(array([0.]), array([0.]), array([0.]))","(array([0.]), array([0.]), array([0.]))","(array([0.]), array([0.]), array([0.]))","(array([0.]), array([0.]), array([0.]))","(array([0.]), array([0.]), array([0.]))","(array([0.]), array([0.]), array([0.]))","(array([0.]), array([0.]), array([0.]))"
(0.5000001837660734+0j),[0.92279032],[1.],[-0.38530251],[1.],"(array([0.]), array([0.]), array([0.]))","(array([0.]), array([0.]), array([0.]))","(array([0.]), array([0.]), array([0.]))","(array([0.]), array([0.]), array([0.]))","(array([0.]), array([0.]), array([0.]))","(array([0.]), array([0.]), array([0.]))","(array([0.]), array([0.]), array([0.]))","(array([0.]), array([0.]), array([0.]))","(array([0.]), array([0.]), array([0.]))","(array([0.]), array([0.]), array([0.]))","(array([0.]), array([0.]), array([0.]))"
(0.5000001683539731+0j),[0.79213702],[1.],[-0.6103433],[1.],"(array([0.]), array([0.]), array([0.]))","(array([0.]), array([0.]), array([0.]))","(array([0.]), array([0.]), array([0.]))","(array([0.]), array([0.]), array([0.]))","(array([0.]), array([0.]), array([0.]))","(array([0.]), array([0.]), array([0.]))","(array([0.]), array([0.]), array([0.]))","(array([0.]), array([0.]), array([0.]))","(array([0.]), array([0.]), array([0.]))","(array([0.]), array([0.]), array([0.]))","(array([0.]), array([0.]), array([0.]))"
(0.5000001439402412+0j),[0.98104309],[1.],[-0.19378973],[1.],"(array([0.]), array([0.]), array([0.]))","(array([0.]), array([0.]), array([0.]))","(array([0.]), array([0.]), array([0.]))","(array([0.]), array([0.]), array([0.]))","(array([0.]), array([0.]), array([0.]))","(array([0.]), array([0.]), array([0.]))","(array([0.]), array([0.]), array([0.]))","(array([0.]), array([0.]), array([0.]))","(array([0.]), array([0.]), array([0.]))","(array([0.]), array([0.]), array([0.]))","(array([0.]), array([0.]), array([0.]))"
(0.5000001361886516+0j),[0.9702712],[1.],[-0.24202024],[1.],"(array([0.]), array([0.]), array([0.]))","(array([0.]), array([0.]), array([0.]))","(array([0.]), array([0.]), array([0.]))","(array([0.]), array([0.]), array([0.]))","(array([0.]), array([0.]), array([0.]))","(array([0.]), array([0.]), array([0.]))","(array([0.]), array([0.]), array([0.]))","(array([0.]), array([0.]), array([0.]))","(array([0.]), array([0.]), array([0.]))","(array([0.]), array([0.]), array([0.]))","(array([0.]), array([0.]), array([0.]))"
(0.500000126507842+0j),[0.98335242],[1.],[0.18170858],[1.],"(array([0.]), array([0.]), array([0.]))","(array([0.]), array([0.]), array([0.]))","(array([0.]), array([0.]), array([0.]))","(array([0.]), array([0.]), array([0.]))","(array([0.]), array([0.]), array([0.]))","(array([0.]), array([0.]), array([0.]))","(array([0.]), array([0.]), array([0.]))","(array([0.]), array([0.]), array([0.]))","(array([0.]), array([0.]), array([0.]))","(array([0.]), array([0.]), array([0.]))","(array([0.]), array([0.]), array([0.]))"
(0.5000001337761851+0j),[0.99802947],[1.],[-0.06274691],[1.],"(array([0.]), array([0.]), array([0.]))","(array([0.]), array([0.]), array([0.]))","(array([0.]), array([0.]), array([0.]))","(array([0.]), array([0.]), array([0.]))","(array([0.]), array([0.]), array([0.]))","(array([0.]), array([0.]), array([0.]))","(array([0.]), array([0.]), array([0.]))","(array([0.]), array([0.]), array([0.]))","(array([0.]), array([0.]), array([0.]))","(array([0.]), array([0.]), array([0.]))","(array([0.]), array([0.]), array([0.]))"
(0.5000001312663094+0j),[0.9498581],[1.],[-0.3126813],[1.],"(array([0.]), array([0.]), array([0.]))","(array([0.]), array([0.]), array([0.]))","(array([0.]), array([0.]), array([0.]))","(array([0.]), array([0.]), array([0.]))","(array([0.]), array([0.]), array([0.]))","(array([0.]), array([0.]), array([0.]))","(array([0.]), array([0.]), array([0.]))","(array([0.]), array([0.]), array([0.]))","(array([0.]), array([0.]), array([0.]))","(array([0.]), array([0.]), array([0.]))","(array([0.]), array([0.]), array([0.]))"
(0.5000001187590571+0j),[0.99045495],[1.],[0.13783683],[1.],"(array([0.]), array([0.]), array([0.]))","(array([0.]), array([0.]), array([0.]))","(array([0.]), array([0.]), array([0.]))","(array([0.]), array([0.]), array([0.]))","(array([0.]), array([0.]), array([0.]))","(array([0.]), array([0.]), array([0.]))","(array([0.]), array([0.]), array([0.]))","(array([0.]), array([0.]), array([0.]))","(array([0.]), array([0.]), array([0.]))","(array([0.]), array([0.]), array([0.]))","(array([0.]), array([0.]), array([0.]))"
(0.5000001242725307+0j),[0.82737315],[1.],[0.56165262],[1.],"(array([0.]), array([0.]), array([0.]))","(array([0.]), array([0.]), array([0.]))","(array([0.]), array([0.]), array([0.]))","(array([0.]), array([0.]), array([0.]))","(array([0.]), array([0.]), array([0.]))","(array([0.]), array([0.]), array([0.]))","(array([0.]), array([0.]), array([0.]))","(array([0.]), array([0.]), array([0.]))","(array([0.]), array([0.]), array([0.]))","(array([0.]), array([0.]), array([0.]))","(array([0.]), array([0.]), array([0.]))"
(0.5000001467386354+0j),[-0.21610066],[1.],[0.97637109],[1.],"(array([0.]), array([0.]), array([0.]))","(array([0.]), array([0.]), array([0.]))","(array([0.]), array([0.]), array([0.]))","(array([0.]), array([0.]), array([0.]))","(array([0.]), array([0.]), array([0.]))","(array([0.]), array([0.]), array([0.]))","(array([0.]), array([0.]), array([0.]))","(array([0.]), array([0.]), array([0.]))","(array([0.]), array([0.]), array([0.]))","(array([0.]), array([0.]), array([0.]))","(array([0.]), array([0.]), array([0.]))"
(0.5000001857934787+0j),[-0.41866159],[1.],[0.90814232],[1.],"(array([0.]), array([0.]), array([0.]))","(array([0.]), array([0.]), array([0.]))","(array([0.]), array([0.]), array([0.]))","(array([0.]), array([0.]), array([0.]))","(array([0.]), array([0.]), array([0.]))","(array([0.]), array([0.]), array([0.]))","(array([0.]), array([0.]), array([0.]))","(array([0.]), array([0.]), array([0.]))","(array([0.]), array([0.]), array([0.]))","(array([0.]), array([0.]), array([0.]))","(array([0.]), array([0.]), array([0.]))"
(0.5000002221191713+0j),[-0.51577555],[1.],[0.85672375],[1.],"(array([0.]), array([0.]), array([0.]))","(array([0.]), array([0.]), array([0.]))","(array([0.]), array([0.]), array([0.]))","(array([0.]), array([0.]), array([0.]))","(array([0.]), array([0.]), array([0.]))","(array([0.]), array([0.]), array([0.]))","(array([0.]), array([0.]), array([0.]))","(array([0.]), array([0.]), array([0.]))","(array([0.]), array([0.]), array([0.]))","(array([0.]), array([0.]), array([0.]))","(array([0.]), array([0.]), array([0.]))"
(0.5000002563881208+0j),[-0.76846727],[1.],[0.6398891],[1.],"(array([0.]), array([0.]), array([0.]))","(array([0.]), array([0.]), array([0.]))","(array([0.]), array([0.]), array([0.]))","(array([0.]), array([0.]), array([0.]))","(array([0.]), array([0.]), array([0.]))","(array([0.]), array([0.]), array([0.]))","(array([0.]), array([0.]), array([0.]))","(array([0.]), array([0.]), array([0.]))","(array([0.]), array([0.]), array([0.]))","(array([0.]), array([0.]), array([0.]))","(array([0.]), array([0.]), array([0.]))"
(0.5000002819836852+0j),[-0.53841906],[1.],[0.84267723],[1.],"(array([0.]), array([0.]), array([0.]))","(array([0.]), array([0.]), array([0.]))","(array([0.]), array([0.]), array([0.]))","(array([0.]), array([0.]), array([0.]))","(array([0.]), array([0.]), array([0.]))","(array([0.]), array([0.]), array([0.]))","(array([0.]), array([0.]), array([0.]))","(array([0.]), array([0.]), array([0.]))","(array([0.]), array([0.]), array([0.]))","(array([0.]), array([0.]), array([0.]))","(array([0.]), array([0.]), array([0.]))"
(0.5000003156907753+0j),[-0.57360008],[1.],[0.81913549],[1.],"(array([0.]), array([0.]), array([0.]))","(array([0.]), array([0.]), array([0.]))","(array([0.]), array([0.]), array([0.]))","(array([0.]), array([0.]), array([0.]))","(array([0.]), array([0.]), array([0.]))","(array([0.]), array([0.]), array([0.]))","(array([0.]), array([0.]), array([0.]))","(array([0.]), array([0.]), array([0.]))","(array([0.]), array([0.]), array([0.]))","(array([0.]), array([0.]), array([0.]))","(array([0.]), array([0.]), array([0.]))"
(0.5000003484561953+0j),[-0.57665888],[1.],[0.81698503],[1.],"(array([0.]), array([0.]), array([0.]))","(array([0.]), array([0.]), array([0.]))","(array([0.]), array([0.]), array([0.]))","(array([0.]), array([0.]), array([0.]))","(array([0.]), array([0.]), array([0.]))","(array([0.]), array([0.]), array([0.]))","(array([0.]), array([0.]), array([0.]))","(array([0.]), array([0.]), array([0.]))","(array([0.]), array([0.]), array([0.]))","(array([0.]), array([0.]), array([0.]))","(array([0.]), array([0.]), array([0.]))"
(0.5000003811355962+0j),[-0.78350709],[1.],[0.62138284],[1.],"(array([0.]), array([0.]), array([0.]))","(array([0.]), array([0.]), array([0.]))","(array([0.]), array([0.]), array([0.]))","(array([0.]), array([0.]), array([0.]))","(array([0.]), array([0.]), array([0.]))","(array([0.]), array([0.]), array([0.]))","(array([0.]), array([0.]), array([0.]))","(array([0.]), array([0.]), array([0.]))","(array([0.]), array([0.]), array([0.]))","(array([0.]), array([0.]), array([0.]))","(array([0.]), array([0.]), array([0.]))"
(0.50000040599091+0j),[-0.99994516],[1.],[-0.01047233],[1.],"(array([0.]), array([0.]), array([0.]))","(array([0.]), array([0.]), array([0.]))","(array([0.]), array([0.]), array([0.]))","(array([0.]), array([0.]), array([0.]))","(array([0.]), array([0.]), array([0.]))","(array([0.]), array([0.]), array([0.]))","(array([0.]), array([0.]), array([0.]))","(array([0.]), array([0.]), array([0.]))","(array([0.]), array([0.]), array([0.]))","(array([0.]), array([0.]), array([0.]))","(array([0.]), array([0.]), array([0.]))"
(0.5000004055720166+0j),[-0.99994842],[1.],[0.01015622],[1.],"(array([0.]), array([0.]), array([0.]))","(array([0.]), array([0.]), array([0.]))","(array([0.]), array([0.]), array([0.]))","(array([0.]), array([0.]), array([0.]))","(array([0.]), array([0.]), array([0.]))","(array([0.]), array([0.]), array([0.]))","(array([0.]), array([0.]), array([0.]))","(array([0.]), array([0.]), array([0.]))","(array([0.]), array([0.]), array([0.]))","(array([0.]), array([0.]), array([0.]))","(array([0.]), array([0.]), array([0.]))"
(0.5000004059782651+0j),[-0.92734764],[1.],[0.37420095],[1.],"(array([0.]), array([0.]), array([0.]))","(array([0.]), array([0.]), array([0.]))","(array([0.]), array([0.]), array([0.]))","(array([0.]), array([0.]), array([0.]))","(array([0.]), array([0.]), array([0.]))","(array([0.]), array([0.]), array([0.]))","(array([0.]), array([0.]), array([0.]))","(array([0.]), array([0.]), array([0.]))","(array([0.]), array([0.]), array([0.]))","(array([0.]), array([0.]), array([0.]))","(array([0.]), array([0.]), array([0.]))"
(0.5000004209463035+0j),[-0.60438126],[1.],[0.79669523],[1.],"(array([0.]), array([0.]), array([0.]))","(array([0.]), array([0.]), array([0.]))","(array([0.]), array([0.]), array([0.]))","(array([0.]), array([0.]), array([0.]))","(array([0.]), array([0.]), array([0.]))","(array([0.]), array([0.]), array([0.]))","(array([0.]), array([0.]), array([0.]))","(array([0.]), array([0.]), array([0.]))","(array([0.]), array([0.]), array([0.]))","(array([0.]), array([0.]), array([0.]))","(array([0.]), array([0.]), array([0.]))"
(0.5000004528141127+0j),[-0.54399529],[1.],[0.83908827],[1.],"(array([0.]), array([0.]), array([0.]))","(array([0.]), array([0.]), array([0.]))","(array([0.]), array([0.]), array([0.]))","(array([0.]), array([0.]), array([0.]))","(array([0.]), array([0.]), array([0.]))","(array([0.]), array([0.]), array([0.]))","(array([0.]), array([0.]), array([0.]))","(array([0.]), array([0.]), array([0.]))","(array([0.]), array([0.]), array([0.]))","(array([0.]), array([0.]), array([0.]))","(array([0.]), array([0.]), array([0.]))"
(0.5000004863776437+0j),[-0.91058547],[1.],[0.41332083],[1.],"(array([0.]), array([0.]), array([0.]))","(array([0.]), array([0.]), array([0.]))","(array([0.]), array([0.]), array([0.]))","(array([0.]), array([0.]), array([0.]))","(array([0.]), array([0.]), array([0.]))","(array([0.]), array([0.]), array([0.]))","(array([0.]), array([0.]), array([0.]))","(array([0.]), array([0.]), array([0.]))","(array([0.]), array([0.]), array([0.]))","(array([0.]), array([0.]), array([0.]))","(array([0.]), array([0.]), array([0.]))"
(0.5000005029104769+0j),[-0.96360431],[1.],[0.26733263],[1.],"(array([0.]), array([0.]), array([0.]))","(array([0.]), array([0.]), array([0.]))","(array([0.]), array([0.]), array([0.]))","(array([0.]), array([0.]), array([0.]))","(array([0.]), array([0.]), array([0.]))","(array([0.]), array([0.]), array([0.]))","(array([0.]), array([0.]), array([0.]))","(array([0.]), array([0.]), array([0.]))","(array([0.]), array([0.]), array([0.]))","(array([0.]), array([0.]), array([0.]))","(array([0.]), array([0.]), array([0.]))"
(0.5000005136037812+0j),[-0.94466704],[1.],[0.32803076],[1.],"(array([0.]), array([0.]), array([0.]))","(array([0.]), array([0.]), array([0.]))","(array([0.]), array([0.]), array([0.]))","(array([0.]), array([0.]), array([0.]))","(array([0.]), array([0.]), array([0.]))","(array([0.]), array([0.]), array([0.]))","(array([0.]), array([0.]), array([0.]))","(array([0.]), array([0.]), array([0.]))","(array([0.]), array([0.]), array([0.]))","(array([0.]), array([0.]), array([0.]))","(array([0.]), array([0.]), array([0.]))"
(0.5000005267250116+0j),[-0.98634808],[1.],[-0.16467382],[1.],"(array([0.]), array([0.]), array([0.]))","(array([0.]), array([0.]), array([0.]))","(array([0.]), array([0.]), array([0.]))","(array([0.]), array([0.]), array([0.]))","(array([0.]), array([0.]), array([0.]))","(array([0.]), array([0.]), array([0.]))","(array([0.]), array([0.]), array([0.]))","(array([0.]), array([0.]), array([0.]))","(array([0.]), array([0.]), array([0.]))","(array([0.]), array([0.]), array([0.]))","(array([0.]), array([0.]), array([0.]))"
(0.5000005201380593+0j),[-0.94307499],[1.],[-0.33258016],[1.],"(array([0.]), array([0.]), array([0.]))","(array([0.]), array([0.]), array([0.]))","(array([0.]), array([0.]), array([0.]))","(array([0.]), array([0.]), array([0.]))","(array([0.]), array([0.]), array([0.]))","(array([0.]), array([0.]), array([0.]))","(array([0.]), array([0.]), array([0.]))","(array([0.]), array([0.]), array([0.]))","(array([0.]), array([0.]), array([0.]))","(array([0.]), array([0.]), array([0.]))","(array([0.]), array([0.]), array([0.]))"
(0.5000005068348528+0j),[-0.80572689],[1.],[-0.59228724],[1.],"(array([0.]), array([0.]), array([0.]))","(array([0.]), array([0.]), array([0.]))","(array([0.]), array([0.]), array([0.]))","(array([0.]), array([0.]), array([0.]))","(array([0.]), array([0.]), array([0.]))","(array([0.]), array([0.]), array([0.]))","(array([0.]), array([0.]), array([0.]))","(array([0.]), array([0.]), array([0.]))","(array([0.]), array([0.]), array([0.]))","(array([0.]), array([0.]), array([0.]))","(array([0.]), array([0.]), array([0.]))"
(0.5000004831433635+0j),[-0.53804652],[1.],[-0.84291515],[1.],"(array([0.]), array([0.]), array([0.]))","(array([0.]), array([0.]), array([0.]))","(array([0.]), array([0.]), array([0.]))","(array([0.]), array([0.]), array([0.]))","(array([0.]), array([0.]), array([0.]))","(array([0.]), array([0.]), array([0.]))","(array([0.]), array([0.]), array([0.]))","(array([0.]), array([0.]), array([0.]))","(array([0.]), array([0.]), array([0.]))","(array([0.]), array([0.]), array([0.]))","(array([0.]), array([0.]), array([0.]))"
(0.5000004494267579+0j),[-0.10261094],[1.],[-0.99472157],[1.],"(array([0.]), array([0.]), array([0.]))","(array([0.]), array([0.]), array([0.]))","(array([0.]), array([0.]), array([0.]))","(array([0.]), array([0.]), array([0.]))","(array([0.]), array([0.]), array([0.]))","(array([0.]), array([0.]), array([0.]))","(array([0.]), array([0.]), array([0.]))","(array([0.]), array([0.]), array([0.]))","(array([0.]), array([0.]), array([0.]))","(array([0.]), array([0.]), array([0.]))","(array([0.]), array([0.]), array([0.]))"
(0.5000004096378953+0j),[-0.23408079],[1.],[-0.97221715],[1.],"(array([0.]), array([0.]), array([0.]))","(array([0.]), array([0.]), array([0.]))","(array([0.]), array([0.]), array([0.]))","(array([0.]), array([0.]), array([0.]))","(array([0.]), array([0.]), array([0.]))","(array([0.]), array([0.]), array([0.]))","(array([0.]), array([0.]), array([0.]))","(array([0.]), array([0.]), array([0.]))","(array([0.]), array([0.]), array([0.]))","(array([0.]), array([0.]), array([0.]))","(array([0.]), array([0.]), array([0.]))"
(0.5000003707492094+0j),[-0.45552504],[1.],[-0.89022297],[1.],"(array([0.]), array([0.]), array([0.]))","(array([0.]), array([0.]), array([0.]))","(array([0.]), array([0.]), array([0.]))","(array([0.]), array([0.]), array([0.]))","(array([0.]), array([0.]), array([0.]))","(array([0.]), array([0.]), array([0.]))","(array([0.]), array([0.]), array([0.]))","(array([0.]), array([0.]), array([0.]))","(array([0.]), array([0.]), array([0.]))","(array([0.]), array([0.]), array([0.]))","(array([0.]), array([0.]), array([0.]))"
(0.5000003351402907+0j),[-0.85108163],[1.],[-0.52503338],[1.],"(array([0.]), array([0.]), array([0.]))","(array([0.]), array([0.]), array([0.]))","(array([0.]), array([0.]), array([0.]))","(array([0.]), array([0.]), array([0.]))","(array([0.]), array([0.]), array([0.]))","(array([0.]), array([0.]), array([0.]))","(array([0.]), array([0.]), array([0.]))","(array([0.]), array([0.]), array([0.]))","(array([0.]), array([0.]), array([0.]))","(array([0.]), array([0.]), array([0.]))","(array([0.]), array([0.]), array([0.]))"
(0.5000003141389554+0j),[-0.77960651],[1.],[-0.62626966],[1.],"(array([0.]), array([0.]), array([0.]))","(array([0.]), array([0.]), array([0.]))","(array([0.]), array([0.]), array([0.]))","(array([0.]), array([0.]), array([0.]))","(array([0.]), array([0.]), array([0.]))","(array([0.]), array([0.]), array([0.]))","(array([0.]), array([0.]), array([0.]))","(array([0.]), array([0.]), array([0.]))","(array([0.]), array([0.]), array([0.]))","(array([0.]), array([0.]), array([0.]))","(array([0.]), array([0.]), array([0.]))"
(0.5000002890881685+0j),[-0.79390323],[1.],[-0.60804413],[1.],"(array([0.]), array([0.]), array([0.]))","(array([0.]), array([0.]), array([0.]))","(array([0.]), array([0.]), array([0.]))","(array([0.]), array([0.]), array([0.]))","(array([0.]), array([0.]), array([0.]))","(array([0.]), array([0.]), array([0.]))","(array([0.]), array([0.]), array([0.]))","(array([0.]), array([0.]), array([0.]))","(array([0.]), array([0.]), array([0.]))","(array([0.]), array([0.]), array([0.]))","(array([0.]), array([0.]), array([0.]))"
(0.5000002647664035+0j),[-0.13703042],[1.],[-0.99056684],[1.],"(array([0.]), array([0.]), array([0.]))","(array([0.]), array([0.]), array([0.]))","(array([0.]), array([0.]), array([0.]))","(array([0.]), array([0.]), array([0.]))","(array([0.]), array([0.]), array([0.]))","(array([0.]), array([0.]), array([0.]))","(array([0.]), array([0.]), array([0.]))","(array([0.]), array([0.]), array([0.]))","(array([0.]), array([0.]), array([0.]))","(array([0.]), array([0.]), array([0.]))","(array([0.]), array([0.]), array([0.]))"
(0.50000022514373+0j),[-0.25572045],[1.],[-0.96675077],[1.],"(array([0.]), array([0.]), array([0.]))","(array([0.]), array([0.]), array([0.]))","(array([0.]), array([0.]), array([0.]))","(array([0.]), array([0.]), array([0.]))","(array([0.]), array([0.]), array([0.]))","(array([0.]), array([0.]), array([0.]))","(array([0.]), array([0.]), array([0.]))","(array([0.]), array([0.]), array([0.]))","(array([0.]), array([0.]), array([0.]))","(array([0.]), array([0.]), array([0.]))","(array([0.]), array([0.]), array([0.]))"
(0.500000186473699+0j),[-0.76169483],[1.],[-0.64793594],[1.],"(array([0.]), array([0.]), array([0.]))","(array([0.]), array([0.]), array([0.]))","(array([0.]), array([0.]), array([0.]))","(array([0.]), array([0.]), array([0.]))","(array([0.]), array([0.]), array([0.]))","(array([0.]), array([0.]), array([0.]))","(array([0.]), array([0.]), array([0.]))","(array([0.]), array([0.]), array([0.]))","(array([0.]), array([0.]), array([0.]))","(array([0.]), array([0.]), array([0.]))","(array([0.]), array([0.]), array([0.]))"
(0.5000001605562613+0j),[-0.48965401],[1.],[-0.87191682],[1.],"(array([0.]), array([0.]), array([0.]))","(array([0.]), array([0.]), array([0.]))","(array([0.]), array([0.]), array([0.]))","(array([0.]), array([0.]), array([0.]))","(array([0.]), array([0.]), array([0.]))","(array([0.]), array([0.]), array([0.]))","(array([0.]), array([0.]), array([0.]))","(array([0.]), array([0.]), array([0.]))","(array([0.]), array([0.]), array([0.]))","(array([0.]), array([0.]), array([0.]))","(array([0.]), array([0.]), array([0.]))"
(0.5000001256795887+0j),[-0.66619172],[1.],[-0.74578053],[1.],"(array([0.]), array([0.]), array([0.]))","(array([0.]), array([0.]), array([0.]))","(array([0.]), array([0.]), array([0.]))","(array([0.]), array([0.]), array([0.]))","(array([0.]), array([0.]), array([0.]))","(array([0.]), array([0.]), array([0.]))","(array([0.]), array([0.]), array([0.]))","(array([0.]), array([0.]), array([0.]))","(array([0.]), array([0.]), array([0.]))","(array([0.]), array([0.]), array([0.]))","(array([0.]), array([0.]), array([0.]))"
(0.5000000958483681+0j),[-0.4709605],[1.],[-0.8821543],[1.],"(array([0.]), array([0.]), array([0.]))","(array([0.]), array([0.]), array([0.]))","(array([0.]), array([0.]), array([0.]))","(array([0.]), array([0.]), array([0.]))","(array([0.]), array([0.]), array([0.]))","(array([0.]), array([0.]), array([0.]))","(array([0.]), array([0.]), array([0.]))","(array([0.]), array([0.]), array([0.]))","(array([0.]), array([0.]), array([0.]))","(array([0.]), array([0.]), array([0.]))","(array([0.]), array([0.]), array([0.]))"
(0.5000000605621964+0j),[-0.65815925],[1.],[-0.75287874],[1.],"(array([0.]), array([0.]), array([0.]))","(array([0.]), array([0.]), array([0.]))","(array([0.]), array([0.]), array([0.]))","(array([0.]), array([0.]), array([0.]))","(array([0.]), array([0.]), array([0.]))","(array([0.]), array([0.]), array([0.]))","(array([0.]), array([0.]), array([0.]))","(array([0.]), array([0.]), array([0.]))","(array([0.]), array([0.]), array([0.]))","(array([0.]), array([0.]), array([0.]))","(array([0.]), array([0.]), array([0.]))"
(0.500000030447047+0j),[-0.8618149],[1.],[-0.50722291],[1.],"(array([0.]), array([0.]), array([0.]))","(array([0.]), array([0.]), array([0.]))","(array([0.]), array([0.]), array([0.]))","(array([0.]), array([0.]), array([0.]))","(array([0.]), array([0.]), array([0.]))","(array([0.]), array([0.]), array([0.]))","(array([0.]), array([0.]), array([0.]))","(array([0.]), array([0.]), array([0.]))","(array([0.]), array([0.]), array([0.]))","(array([0.]), array([0.]), array([0.]))","(array([0.]), array([0.]), array([0.]))"
(0.5000000101581306+0j),[-0.37599055],[1.],[-0.9266235],[1.],"(array([0.]), array([0.]), array([0.]))","(array([0.]), array([0.]), array([0.]))","(array([0.]), array([0.]), array([0.]))","(array([0.]), array([0.]), array([0.]))","(array([0.]), array([0.]), array([0.]))","(array([0.]), array([0.]), array([0.]))","(array([0.]), array([0.]), array([0.]))","(array([0.]), array([0.]), array([0.]))","(array([0.]), array([0.]), array([0.]))","(array([0.]), array([0.]), array([0.]))","(array([0.]), array([0.]), array([0.]))"
(0.4999999730931907+0j),[0.02205594],[1.],[-0.99975674],[1.],"(array([0.]), array([0.]), array([0.]))","(array([0.]), array([0.]), array([0.]))","(array([0.]), array([0.]), array([0.]))","(array([0.]), array([0.]), array([0.]))","(array([0.]), array([0.]), array([0.]))","(array([0.]), array([0.]), array([0.]))","(array([0.]), array([0.]), array([0.]))","(array([0.]), array([0.]), array([0.]))","(array([0.]), array([0.]), array([0.]))","(array([0.]), array([0.]), array([0.]))","(array([0.]), array([0.]), array([0.]))"
(0.49999993310292146+0j),[0.35321525],[1.],[-0.93554208],[1.],"(array([0.]), array([0.]), array([0.]))","(array([0.]), array([0.]), array([0.]))","(array([0.]), array([0.]), array([0.]))","(array([0.]), array([0.]), array([0.]))","(array([0.]), array([0.]), array([0.]))","(array([0.]), array([0.]), array([0.]))","(array([0.]), array([0.]), array([0.]))","(array([0.]), array([0.]), array([0.]))","(array([0.]), array([0.]), array([0.]))","(array([0.]), array([0.]), array([0.]))","(array([0.]), array([0.]), array([0.]))"
(0.4999998956812382+0j),[0.44159455],[1.],[-0.89721472],[1.],"(array([0.]), array([0.]), array([0.]))","(array([0.]), array([0.]), array([0.]))","(array([0.]), array([0.]), array([0.]))","(array([0.]), array([0.]), array([0.]))","(array([0.]), array([0.]), array([0.]))","(array([0.]), array([0.]), array([0.]))","(array([0.]), array([0.]), array([0.]))","(array([0.]), array([0.]), array([0.]))","(array([0.]), array([0.]), array([0.]))","(array([0.]), array([0.]), array([0.]))","(array([0.]), array([0.]), array([0.]))"
(0.4999998597926497+0j),[-0.12405251],[1.],[-0.99227565],[1.],"(array([0.]), array([0.]), array([0.]))","(array([0.]), array([0.]), array([0.]))","(array([0.]), array([0.]), array([0.]))","(array([0.]), array([0.]), array([0.]))","(array([0.]), array([0.]), array([0.]))","(array([0.]), array([0.]), array([0.]))","(array([0.]), array([0.]), array([0.]))","(array([0.]), array([0.]), array([0.]))","(array([0.]), array([0.]), array([0.]))","(array([0.]), array([0.]), array([0.]))","(array([0.]), array([0.]), array([0.]))"
(0.49999982010162314+0j),[-0.13786032],[1.],[-0.99045168],[1.],"(array([0.]), array([0.]), array([0.]))","(array([0.]), array([0.]), array([0.]))","(array([0.]), array([0.]), array([0.]))","(array([0.]), array([0.]), array([0.]))","(array([0.]), array([0.]), array([0.]))","(array([0.]), array([0.]), array([0.]))","(array([0.]), array([0.]), array([0.]))","(array([0.]), array([0.]), array([0.]))","(array([0.]), array([0.]), array([0.]))","(array([0.]), array([0.]), array([0.]))","(array([0.]), array([0.]), array([0.]))"
(0.49999978048355614+0j),[-0.19256931],[1.],[-0.98128337],[1.],"(array([0.]), array([0.]), array([0.]))","(array([0.]), array([0.]), array([0.]))","(array([0.]), array([0.]), array([0.]))","(array([0.]), array([0.]), array([0.]))","(array([0.]), array([0.]), array([0.]))","(array([0.]), array([0.]), array([0.]))","(array([0.]), array([0.]), array([0.]))","(array([0.]), array([0.]), array([0.]))","(array([0.]), array([0.]), array([0.]))","(array([0.]), array([0.]), array([0.]))","(array([0.]), array([0.]), array([0.]))"
(0.49999974123222124+0j),[-0.27122369],[1.],[-0.96251634],[1.],"(array([0.]), array([0.]), array([0.]))","(array([0.]), array([0.]), array([0.]))","(array([0.]), array([0.]), array([0.]))","(array([0.]), array([0.]), array([0.]))","(array([0.]), array([0.]), array([0.]))","(array([0.]), array([0.]), array([0.]))","(array([0.]), array([0.]), array([0.]))","(array([0.]), array([0.]), array([0.]))","(array([0.]), array([0.]), array([0.]))","(array([0.]), array([0.]), array([0.]))","(array([0.]), array([0.]), array([0.]))"
(0.4999997027315673+0j),[0.02134711],[1.],[-0.99977212],[1.],"(array([0.]), array([0.]), array([0.]))","(array([0.]), array([0.]), array([0.]))","(array([0.]), array([0.]), array([0.]))","(array([0.]), array([0.]), array([0.]))","(array([0.]), array([0.]), array([0.]))","(array([0.]), array([0.]), array([0.]))","(array([0.]), array([0.]), array([0.]))","(array([0.]), array([0.]), array([0.]))","(array([0.]), array([0.]), array([0.]))","(array([0.]), array([0.]), array([0.]))","(array([0.]), array([0.]), array([0.]))"
(0.499999662740682+0j),[-0.44315982],[1.],[-0.89644262],[1.],"(array([0.]), array([0.]), array([0.]))","(array([0.]), array([0.]), array([0.]))","(array([0.]), array([0.]), array([0.]))","(array([0.]), array([0.]), array([0.]))","(array([0.]), array([0.]), array([0.]))","(array([0.]), array([0.]), array([0.]))","(array([0.]), array([0.]), array([0.]))","(array([0.]), array([0.]), array([0.]))","(array([0.]), array([0.]), array([0.]))","(array([0.]), array([0.]), array([0.]))","(array([0.]), array([0.]), array([0.]))"
(0.4999996268829775+0j),[-0.63351352],[1.],[-0.77373162],[1.],"(array([0.]), array([0.]), array([0.]))","(array([0.]), array([0.]), array([0.]))","(array([0.]), array([0.]), array([0.]))","(array([0.]), array([0.]), array([0.]))","(array([0.]), array([0.]), array([0.]))","(array([0.]), array([0.]), array([0.]))","(array([0.]), array([0.]), array([0.]))","(array([0.]), array([0.]), array([0.]))","(array([0.]), array([0.]), array([0.]))","(array([0.]), array([0.]), array([0.]))","(array([0.]), array([0.]), array([0.]))"
(0.4999995959337125+0j),[-0.85930423],[1.],[-0.51146479],[1.],"(array([0.]), array([0.]), array([0.]))","(array([0.]), array([0.]), array([0.]))","(array([0.]), array([0.]), array([0.]))","(array([0.]), array([0.]), array([0.]))","(array([0.]), array([0.]), array([0.]))","(array([0.]), array([0.]), array([0.]))","(array([0.]), array([0.]), array([0.]))","(array([0.]), array([0.]), array([0.]))","(array([0.]), array([0.]), array([0.]))","(array([0.]), array([0.]), array([0.]))","(array([0.]), array([0.]), array([0.]))"
(0.49999957547512053+0j),[-0.9110094],[1.],[-0.4123856],[1.],"(array([0.]), array([0.]), array([0.]))","(array([0.]), array([0.]), array([0.]))","(array([0.]), array([0.]), array([0.]))","(array([0.]), array([0.]), array([0.]))","(array([0.]), array([0.]), array([0.]))","(array([0.]), array([0.]), array([0.]))","(array([0.]), array([0.]), array([0.]))","(array([0.]), array([0.]), array([0.]))","(array([0.]), array([0.]), array([0.]))","(array([0.]), array([0.]), array([0.]))","(array([0.]), array([0.]), array([0.]))"
(0.49999955897969656+0j),[-0.50332142],[1.],[-0.86409927],[1.],"(array([0.]), array([0.]), array([0.]))","(array([0.]), array([0.]), array([0.]))","(array([0.]), array([0.]), array([0.]))","(array([0.]), array([0.]), array([0.]))","(array([0.]), array([0.]), array([0.]))","(array([0.]), array([0.]), array([0.]))","(array([0.]), array([0.]), array([0.]))","(array([0.]), array([0.]), array([0.]))","(array([0.]), array([0.]), array([0.]))","(array([0.]), array([0.]), array([0.]))","(array([0.]), array([0.]), array([0.]))"
(0.4999995244157257+0j),[-0.69186489],[1.],[-0.72202699],[1.],"(array([0.]), array([0.]), array([0.]))","(array([0.]), array([0.]), array([0.]))","(array([0.]), array([0.]), array([0.]))","(array([0.]), array([0.]), array([0.]))","(array([0.]), array([0.]), array([0.]))","(array([0.]), array([0.]), array([0.]))","(array([0.]), array([0.]), array([0.]))","(array([0.]), array([0.]), array([0.]))","(array([0.]), array([0.]), array([0.]))","(array([0.]), array([0.]), array([0.]))","(array([0.]), array([0.]), array([0.]))"
(0.49999949553464645+0j),[-0.46021695],[1.],[-0.88780649],[1.],"(array([0.]), array([0.]), array([0.]))","(array([0.]), array([0.]), array([0.]))","(array([0.]), array([0.]), array([0.]))","(array([0.]), array([0.]), array([0.]))","(array([0.]), array([0.]), array([0.]))","(array([0.]), array([0.]), array([0.]))","(array([0.]), array([0.]), array([0.]))","(array([0.]), array([0.]), array([0.]))","(array([0.]), array([0.]), array([0.]))","(array([0.]), array([0.]), array([0.]))","(array([0.]), array([0.]), array([0.]))"
(0.49999946002238727+0j),[-0.06631059],[1.],[-0.99779903],[1.],"(array([0.]), array([0.]), array([0.]))","(array([0.]), array([0.]), array([0.]))","(array([0.]), array([0.]), array([0.]))","(array([0.]), array([0.]), array([0.]))","(array([0.]), array([0.]), array([0.]))","(array([0.]), array([0.]), array([0.]))","(array([0.]), array([0.]), array([0.]))","(array([0.]), array([0.]), array([0.]))","(array([0.]), array([0.]), array([0.]))","(array([0.]), array([0.]), array([0.]))","(array([0.]), array([0.]), array([0.]))"
(0.49999942011042603+0j),[-0.95488789],[1.],[-0.29696653],[1.],"(array([0.]), array([0.]), array([0.]))","(array([0.]), array([0.]), array([0.]))","(array([0.]), array([0.]), array([0.]))","(array([0.]), array([0.]), array([0.]))","(array([0.]), array([0.]), array([0.]))","(array([0.]), array([0.]), array([0.]))","(array([0.]), array([0.]), array([0.]))","(array([0.]), array([0.]), array([0.]))","(array([0.]), array([0.]), array([0.]))","(array([0.]), array([0.]), array([0.]))","(array([0.]), array([0.]), array([0.]))"
(0.4999994082317643+0j),[-0.99419158],[1.],[0.10762485],[1.],"(array([0.]), array([0.]), array([0.]))","(array([0.]), array([0.]), array([0.]))","(array([0.]), array([0.]), array([0.]))","(array([0.]), array([0.]), array([0.]))","(array([0.]), array([0.]), array([0.]))","(array([0.]), array([0.]), array([0.]))","(array([0.]), array([0.]), array([0.]))","(array([0.]), array([0.]), array([0.]))","(array([0.]), array([0.]), array([0.]))","(array([0.]), array([0.]), array([0.]))","(array([0.]), array([0.]), array([0.]))"
(0.4999994125367582+0j),[-0.99671073],[1.],[-0.08104145],[1.],"(array([0.]), array([0.]), array([0.]))","(array([0.]), array([0.]), array([0.]))","(array([0.]), array([0.]), array([0.]))","(array([0.]), array([0.]), array([0.]))","(array([0.]), array([0.]), array([0.]))","(array([0.]), array([0.]), array([0.]))","(array([0.]), array([0.]), array([0.]))","(array([0.]), array([0.]), array([0.]))","(array([0.]), array([0.]), array([0.]))","(array([0.]), array([0.]), array([0.]))","(array([0.]), array([0.]), array([0.]))"
(0.49999940929510034+0j),[-0.9587296],[1.],[0.28431945],[1.],"(array([0.]), array([0.]), array([0.]))","(array([0.]), array([0.]), array([0.]))","(array([0.]), array([0.]), array([0.]))","(array([0.]), array([0.]), array([0.]))","(array([0.]), array([0.]), array([0.]))","(array([0.]), array([0.]), array([0.]))","(array([0.]), array([0.]), array([0.]))","(array([0.]), array([0.]), array([0.]))","(array([0.]), array([0.]), array([0.]))","(array([0.]), array([0.]), array([0.]))","(array([0.]), array([0.]), array([0.]))"
(0.4999994206678777+0j),[-0.70954948],[1.],[0.70465562],[1.],"(array([0.]), array([0.]), array([0.]))","(array([0.]), array([0.]), array([0.]))","(array([0.]), array([0.]), array([0.]))","(array([0.]), array([0.]), array([0.]))","(array([0.]), array([0.]), array([0.]))","(array([0.]), array([0.]), array([0.]))","(array([0.]), array([0.]), array([0.]))","(array([0.]), array([0.]), array([0.]))","(array([0.]), array([0.]), array([0.]))","(array([0.]), array([0.]), array([0.]))","(array([0.]), array([0.]), array([0.]))"
(0.4999994488541023+0j),[-0.63599307],[1.],[0.77169477],[1.],"(array([0.]), array([0.]), array([0.]))","(array([0.]), array([0.]), array([0.]))","(array([0.]), array([0.]), array([0.]))","(array([0.]), array([0.]), array([0.]))","(array([0.]), array([0.]), array([0.]))","(array([0.]), array([0.]), array([0.]))","(array([0.]), array([0.]), array([0.]))","(array([0.]), array([0.]), array([0.]))","(array([0.]), array([0.]), array([0.]))","(array([0.]), array([0.]), array([0.]))","(array([0.]), array([0.]), array([0.]))"
(0.49999947972189296+0j),[-0.76437364],[1.],[0.64477356],[1.],"(array([0.]), array([0.]), array([0.]))","(array([0.]), array([0.]), array([0.]))","(array([0.]), array([0.]), array([0.]))","(array([0.]), array([0.]), array([0.]))","(array([0.]), array([0.]), array([0.]))","(array([0.]), array([0.]), array([0.]))","(array([0.]), array([0.]), array([0.]))","(array([0.]), array([0.]), array([0.]))","(array([0.]), array([0.]), array([0.]))","(array([0.]), array([0.]), array([0.]))","(array([0.]), array([0.]), array([0.]))"
(0.4999995055128351+0j),[-0.41729909],[1.],[0.9087692],[1.],"(array([0.]), array([0.]), array([0.]))","(array([0.]), array([0.]), array([0.]))","(array([0.]), array([0.]), array([0.]))","(array([0.]), array([0.]), array([0.]))","(array([0.]), array([0.]), array([0.]))","(array([0.]), array([0.]), array([0.]))","(array([0.]), array([0.]), array([0.]))","(array([0.]), array([0.]), array([0.]))","(array([0.]), array([0.]), array([0.]))","(array([0.]), array([0.]), array([0.]))","(array([0.]), array([0.]), array([0.]))"
(0.49999954186360335+0j),[-0.09112691],[1.],[0.99583929],[1.],"(array([0.]), array([0.]), array([0.]))","(array([0.]), array([0.]), array([0.]))","(array([0.]), array([0.]), array([0.]))","(array([0.]), array([0.]), array([0.]))","(array([0.]), array([0.]), array([0.]))","(array([0.]), array([0.]), array([0.]))","(array([0.]), array([0.]), array([0.]))","(array([0.]), array([0.]), array([0.]))","(array([0.]), array([0.]), array([0.]))","(array([0.]), array([0.]), array([0.]))","(array([0.]), array([0.]), array([0.]))"
(0.4999995816971748+0j),[0.21431286],[1.],[0.97676507],[1.],"(array([0.]), array([0.]), array([0.]))","(array([0.]), array([0.]), array([0.]))","(array([0.]), array([0.]), array([0.]))","(array([0.]), array([0.]), array([0.]))","(array([0.]), array([0.]), array([0.]))","(array([0.]), array([0.]), array([0.]))","(array([0.]), array([0.]), array([0.]))","(array([0.]), array([0.]), array([0.]))","(array([0.]), array([0.]), array([0.]))","(array([0.]), array([0.]), array([0.]))","(array([0.]), array([0.]), array([0.]))"
(0.4999996207677773+0j),[-0.51049357],[1.],[0.85988157],[1.],"(array([0.]), array([0.]), array([0.]))","(array([0.]), array([0.]), array([0.]))","(array([0.]), array([0.]), array([0.]))","(array([0.]), array([0.]), array([0.]))","(array([0.]), array([0.]), array([0.]))","(array([0.]), array([0.]), array([0.]))","(array([0.]), array([0.]), array([0.]))","(array([0.]), array([0.]), array([0.]))","(array([0.]), array([0.]), array([0.]))","(array([0.]), array([0.]), array([0.]))","(array([0.]), array([0.]), array([0.]))"
(0.4999996551630407+0j),[-0.33351976],[1.],[0.94274311],[1.],"(array([0.]), array([0.]), array([0.]))","(array([0.]), array([0.]), array([0.]))","(array([0.]), array([0.]), array([0.]))","(array([0.]), array([0.]), array([0.]))","(array([0.]), array([0.]), array([0.]))","(array([0.]), array([0.]), array([0.]))","(array([0.]), array([0.]), array([0.]))","(array([0.]), array([0.]), array([0.]))","(array([0.]), array([0.]), array([0.]))","(array([0.]), array([0.]), array([0.]))","(array([0.]), array([0.]), array([0.]))"
(0.4999996928727645+0j),[0.5506698],[1.],[0.83472317],[1.],"(array([0.]), array([0.]), array([0.]))","(array([0.]), array([0.]), array([0.]))","(array([0.]), array([0.]), array([0.]))","(array([0.]), array([0.]), array([0.]))","(array([0.]), array([0.]), array([0.]))","(array([0.]), array([0.]), array([0.]))","(array([0.]), array([0.]), array([0.]))","(array([0.]), array([0.]), array([0.]))","(array([0.]), array([0.]), array([0.]))","(array([0.]), array([0.]), array([0.]))","(array([0.]), array([0.]), array([0.]))"
(0.49999972626169154+0j),[0.09327663],[1.],[0.99564023],[1.],"(array([0.]), array([0.]), array([0.]))","(array([0.]), array([0.]), array([0.]))","(array([0.]), array([0.]), array([0.]))","(array([0.]), array([0.]), array([0.]))","(array([0.]), array([0.]), array([0.]))","(array([0.]), array([0.]), array([0.]))","(array([0.]), array([0.]), array([0.]))","(array([0.]), array([0.]), array([0.]))","(array([0.]), array([0.]), array([0.]))","(array([0.]), array([0.]), array([0.]))","(array([0.]), array([0.]), array([0.]))"
(0.4999997660873011+0j),[-0.09152506],[1.],[0.99580277],[1.],"(array([0.]), array([0.]), array([0.]))","(array([0.]), array([0.]), array([0.]))","(array([0.]), array([0.]), array([0.]))","(array([0.]), array([0.]), array([0.]))","(array([0.]), array([0.]), array([0.]))","(array([0.]), array([0.]), array([0.]))","(array([0.]), array([0.]), array([0.]))","(array([0.]), array([0.]), array([0.]))","(array([0.]), array([0.]), array([0.]))","(array([0.]), array([0.]), array([0.]))","(array([0.]), array([0.]), array([0.]))"
(0.49999980591941207+0j),[-0.43438438],[1.],[0.9007276],[1.],"(array([0.]), array([0.]), array([0.]))","(array([0.]), array([0.]), array([0.]))","(array([0.]), array([0.]), array([0.]))","(array([0.]), array([0.]), array([0.]))","(array([0.]), array([0.]), array([0.]))","(array([0.]), array([0.]), array([0.]))","(array([0.]), array([0.]), array([0.]))","(array([0.]), array([0.]), array([0.]))","(array([0.]), array([0.]), array([0.]))","(array([0.]), array([0.]), array([0.]))","(array([0.]), array([0.]), array([0.]))"
(0.499999841948516+0j),[-0.62843415],[1.],[0.77786279],[1.],"(array([0.]), array([0.]), array([0.]))","(array([0.]), array([0.]), array([0.]))","(array([0.]), array([0.]), array([0.]))","(array([0.]), array([0.]), array([0.]))","(array([0.]), array([0.]), array([0.]))","(array([0.]), array([0.]), array([0.]))","(array([0.]), array([0.]), array([0.]))","(array([0.]), array([0.]), array([0.]))","(array([0.]), array([0.]), array([0.]))","(array([0.]), array([0.]), array([0.]))","(array([0.]), array([0.]), array([0.]))"
(0.4999998730630277+0j),[-0.68179275],[1.],[0.73154538],[1.],"(array([0.]), array([0.]), array([0.]))","(array([0.]), array([0.]), array([0.]))","(array([0.]), array([0.]), array([0.]))","(array([0.]), array([0.]), array([0.]))","(array([0.]), array([0.]), array([0.]))","(array([0.]), array([0.]), array([0.]))","(array([0.]), array([0.]), array([0.]))","(array([0.]), array([0.]), array([0.]))","(array([0.]), array([0.]), array([0.]))","(array([0.]), array([0.]), array([0.]))","(array([0.]), array([0.]), array([0.]))"
(0.4999999023248429+0j),[0.15534938],[1.],[0.98785959],[1.],"(array([0.]), array([0.]), array([0.]))","(array([0.]), array([0.]), array([0.]))","(array([0.]), array([0.]), array([0.]))","(array([0.]), array([0.]), array([0.]))","(array([0.]), array([0.]), array([0.]))","(array([0.]), array([0.]), array([0.]))","(array([0.]), array([0.]), array([0.]))","(array([0.]), array([0.]), array([0.]))","(array([0.]), array([0.]), array([0.]))","(array([0.]), array([0.]), array([0.]))","(array([0.]), array([0.]), array([0.]))"
(0.4999999418392268+0j),[0.01665911],[1.],[0.99986123],[1.],"(array([0.]), array([0.]), array([0.]))","(array([0.]), array([0.]), array([0.]))","(array([0.]), array([0.]), array([0.]))","(array([0.]), array([0.]), array([0.]))","(array([0.]), array([0.]), array([0.]))","(array([0.]), array([0.]), array([0.]))","(array([0.]), array([0.]), array([0.]))","(array([0.]), array([0.]), array([0.]))","(array([0.]), array([0.]), array([0.]))","(array([0.]), array([0.]), array([0.]))","(array([0.]), array([0.]), array([0.]))"
(0.4999999818336759+0j),[0.67087541],[1.],[0.74157008],[1.],"(array([0.]), array([0.]), array([0.]))","(array([0.]), array([0.]), array([0.]))","(array([0.]), array([0.]), array([0.]))","(array([0.]), array([0.]), array([0.]))","(array([0.]), array([0.]), array([0.]))","(array([0.]), array([0.]), array([0.]))","(array([0.]), array([0.]), array([0.]))","(array([0.]), array([0.]), array([0.]))","(array([0.]), array([0.]), array([0.]))","(array([0.]), array([0.]), array([0.]))","(array([0.]), array([0.]), array([0.]))"
(0.500000011496479+0j),[0.30062789],[1.],[0.95374151],[1.],"(array([0.]), array([0.]), array([0.]))","(array([0.]), array([0.]), array([0.]))","(array([0.]), array([0.]), array([0.]))","(array([0.]), array([0.]), array([0.]))","(array([0.]), array([0.]), array([0.]))","(array([0.]), array([0.]), array([0.]))","(array([0.]), array([0.]), array([0.]))","(array([0.]), array([0.]), array([0.]))","(array([0.]), array([0.]), array([0.]))","(array([0.]), array([0.]), array([0.]))","(array([0.]), array([0.]), array([0.]))"
(0.5000000496461392+0j),[0.55494732],[1.],[0.8318855],[1.],"(array([0.]), array([0.]), array([0.]))","(array([0.]), array([0.]), array([0.]))","(array([0.]), array([0.]), array([0.]))","(array([0.]), array([0.]), array([0.]))","(array([0.]), array([0.]), array([0.]))","(array([0.]), array([0.]), array([0.]))","(array([0.]), array([0.]), array([0.]))","(array([0.]), array([0.]), array([0.]))","(array([0.]), array([0.]), array([0.]))","(array([0.]), array([0.]), array([0.]))","(array([0.]), array([0.]), array([0.]))"
(0.5000000829215591+0j),[0.53354015],[1.],[0.84577474],[1.],"(array([0.]), array([0.]), array([0.]))","(array([0.]), array([0.]), array([0.]))","(array([0.]), array([0.]), array([0.]))","(array([0.]), array([0.]), array([0.]))","(array([0.]), array([0.]), array([0.]))","(array([0.]), array([0.]), array([0.]))","(array([0.]), array([0.]), array([0.]))","(array([0.]), array([0.]), array([0.]))","(array([0.]), array([0.]), array([0.]))","(array([0.]), array([0.]), array([0.]))","(array([0.]), array([0.]), array([0.]))"
(0.5000001167525487+0j),[0.36329449],[1.],[0.93167436],[1.],"(array([0.]), array([0.]), array([0.]))","(array([0.]), array([0.]), array([0.]))","(array([0.]), array([0.]), array([0.]))","(array([0.]), array([0.]), array([0.]))","(array([0.]), array([0.]), array([0.]))","(array([0.]), array([0.]), array([0.]))","(array([0.]), array([0.]), array([0.]))","(array([0.]), array([0.]), array([0.]))","(array([0.]), array([0.]), array([0.]))","(array([0.]), array([0.]), array([0.]))","(array([0.]), array([0.]), array([0.]))"
(0.5000001540195226+0j),[0.47714787],[1.],[0.87882302],[1.],"(array([0.]), array([0.]), array([0.]))","(array([0.]), array([0.]), array([0.]))","(array([0.]), array([0.]), array([0.]))","(array([0.]), array([0.]), array([0.]))","(array([0.]), array([0.]), array([0.]))","(array([0.]), array([0.]), array([0.]))","(array([0.]), array([0.]), array([0.]))","(array([0.]), array([0.]), array([0.]))","(array([0.]), array([0.]), array([0.]))","(array([0.]), array([0.]), array([0.]))","(array([0.]), array([0.]), array([0.]))"
(0.500000189172444+0j),[0.89144103],[1.],[0.45313672],[1.],"(array([0.]), array([0.]), array([0.]))","(array([0.]), array([0.]), array([0.]))","(array([0.]), array([0.]), array([0.]))","(array([0.]), array([0.]), array([0.]))","(array([0.]), array([0.]), array([0.]))","(array([0.]), array([0.]), array([0.]))","(array([0.]), array([0.]), array([0.]))","(array([0.]), array([0.]), array([0.]))","(array([0.]), array([0.]), array([0.]))","(array([0.]), array([0.]), array([0.]))","(array([0.]), array([0.]), array([0.]))"
(0.5000002072979133+0j),[0.95775449],[1.],[0.28758709],[1.],"(array([0.]), array([0.]), array([0.]))","(array([0.]), array([0.]), array([0.]))","(array([0.]), array([0.]), array([0.]))","(array([0.]), array([0.]), array([0.]))","(array([0.]), array([0.]), array([0.]))","(array([0.]), array([0.]), array([0.]))","(array([0.]), array([0.]), array([0.]))","(array([0.]), array([0.]), array([0.]))","(array([0.]), array([0.]), array([0.]))","(array([0.]), array([0.]), array([0.]))","(array([0.]), array([0.]), array([0.]))"
(0.5000002188013972+0j),[0.99997211],[1.],[-0.00746833],[1.],"(array([0.]), array([0.]), array([0.]))","(array([0.]), array([0.]), array([0.]))","(array([0.]), array([0.]), array([0.]))","(array([0.]), array([0.]), array([0.]))","(array([0.]), array([0.]), array([0.]))","(array([0.]), array([0.]), array([0.]))","(array([0.]), array([0.]), array([0.]))","(array([0.]), array([0.]), array([0.]))","(array([0.]), array([0.]), array([0.]))","(array([0.]), array([0.]), array([0.]))","(array([0.]), array([0.]), array([0.]))"
(0.5000002185026645+0j),[0.99890428],[1.],[-0.0467999],[1.],"(array([0.]), array([0.]), array([0.]))","(array([0.]), array([0.]), array([0.]))","(array([0.]), array([0.]), array([0.]))","(array([0.]), array([0.]), array([0.]))","(array([0.]), array([0.]), array([0.]))","(array([0.]), array([0.]), array([0.]))","(array([0.]), array([0.]), array([0.]))","(array([0.]), array([0.]), array([0.]))","(array([0.]), array([0.]), array([0.]))","(array([0.]), array([0.]), array([0.]))","(array([0.]), array([0.]), array([0.]))"
(0.5000002166306685+0j),[0.96437452],[1.],[-0.2645407],[1.],"(array([0.]), array([0.]), array([0.]))","(array([0.]), array([0.]), array([0.]))","(array([0.]), array([0.]), array([0.]))","(array([0.]), array([0.]), array([0.]))","(array([0.]), array([0.]), array([0.]))","(array([0.]), array([0.]), array([0.]))","(array([0.]), array([0.]), array([0.]))","(array([0.]), array([0.]), array([0.]))","(array([0.]), array([0.]), array([0.]))","(array([0.]), array([0.]), array([0.]))","(array([0.]), array([0.]), array([0.]))"
(0.5000002060490407+0j),[0.89780031],[1.],[-0.44040277],[1.],"(array([0.]), array([0.]), array([0.]))","(array([0.]), array([0.]), array([0.]))","(array([0.]), array([0.]), array([0.]))","(array([0.]), array([0.]), array([0.]))","(array([0.]), array([0.]), array([0.]))","(array([0.]), array([0.]), array([0.]))","(array([0.]), array([0.]), array([0.]))","(array([0.]), array([0.]), array([0.]))","(array([0.]), array([0.]), array([0.]))","(array([0.]), array([0.]), array([0.]))","(array([0.]), array([0.]), array([0.]))"
(0.50000018843293+0j),[0.67262427],[1.],[-0.73998418],[1.],"(array([0.]), array([0.]), array([0.]))","(array([0.]), array([0.]), array([0.]))","(array([0.]), array([0.]), array([0.]))","(array([0.]), array([0.]), array([0.]))","(array([0.]), array([0.]), array([0.]))","(array([0.]), array([0.]), array([0.]))","(array([0.]), array([0.]), array([0.]))","(array([0.]), array([0.]), array([0.]))","(array([0.]), array([0.]), array([0.]))","(array([0.]), array([0.]), array([0.]))","(array([0.]), array([0.]), array([0.]))"
(0.5000001588335634+0j),[0.70852506],[1.],[-0.70568565],[1.],"(array([0.]), array([0.]), array([0.]))","(array([0.]), array([0.]), array([0.]))","(array([0.]), array([0.]), array([0.]))","(array([0.]), array([0.]), array([0.]))","(array([0.]), array([0.]), array([0.]))","(array([0.]), array([0.]), array([0.]))","(array([0.]), array([0.]), array([0.]))","(array([0.]), array([0.]), array([0.]))","(array([0.]), array([0.]), array([0.]))","(array([0.]), array([0.]), array([0.]))","(array([0.]), array([0.]), array([0.]))"
(0.5000001306061375+0j),[0.86667571],[1.],[-0.49887194],[1.],"(array([0.]), array([0.]), array([0.]))","(array([0.]), array([0.]), array([0.]))","(array([0.]), array([0.]), array([0.]))","(array([0.]), array([0.]), array([0.]))","(array([0.]), array([0.]), array([0.]))","(array([0.]), array([0.]), array([0.]))","(array([0.]), array([0.]), array([0.]))","(array([0.]), array([0.]), array([0.]))","(array([0.]), array([0.]), array([0.]))","(array([0.]), array([0.]), array([0.]))","(array([0.]), array([0.]), array([0.]))"
(0.5000001106512602+0j),[0.94960314],[1.],[-0.31345475],[1.],"(array([0.]), array([0.]), array([0.]))","(array([0.]), array([0.]), array([0.]))","(array([0.]), array([0.]), array([0.]))","(array([0.]), array([0.]), array([0.]))","(array([0.]), array([0.]), array([0.]))","(array([0.]), array([0.]), array([0.]))","(array([0.]), array([0.]), array([0.]))","(array([0.]), array([0.]), array([0.]))","(array([0.]), array([0.]), array([0.]))","(array([0.]), array([0.]), array([0.]))","(array([0.]), array([0.]), array([0.]))"
(0.5000000981130701+0j),[0.99430738],[1.],[-0.10654972],[1.],"(array([0.]), array([0.]), array([0.]))","(array([0.]), array([0.]), array([0.]))","(array([0.]), array([0.]), array([0.]))","(array([0.]), array([0.]), array([0.]))","(array([0.]), array([0.]), array([0.]))","(array([0.]), array([0.]), array([0.]))","(array([0.]), array([0.]), array([0.]))","(array([0.]), array([0.]), array([0.]))","(array([0.]), array([0.]), array([0.]))","(array([0.]), array([0.]), array([0.]))","(array([0.]), array([0.]), array([0.]))"
(0.5000000938510807+0j),[0.93639983],[1.],[-0.35093497],[1.],"(array([0.]), array([0.]), array([0.]))","(array([0.]), array([0.]), array([0.]))","(array([0.]), array([0.]), array([0.]))","(array([0.]), array([0.]), array([0.]))","(array([0.]), array([0.]), array([0.]))","(array([0.]), array([0.]), array([0.]))","(array([0.]), array([0.]), array([0.]))","(array([0.]), array([0.]), array([0.]))","(array([0.]), array([0.]), array([0.]))","(array([0.]), array([0.]), array([0.]))","(array([0.]), array([0.]), array([0.]))"
(0.5000000798136818+0j),[0.9999794],[1.],[-0.0064182],[1.],"(array([0.]), array([0.]), array([0.]))","(array([0.]), array([0.]), array([0.]))","(array([0.]), array([0.]), array([0.]))","(array([0.]), array([0.]), array([0.]))","(array([0.]), array([0.]), array([0.]))","(array([0.]), array([0.]), array([0.]))","(array([0.]), array([0.]), array([0.]))","(array([0.]), array([0.]), array([0.]))","(array([0.]), array([0.]), array([0.]))","(array([0.]), array([0.]), array([0.]))","(array([0.]), array([0.]), array([0.]))"
(0.5000000795569541+0j),[0.94216424],[1.],[-0.33515152],[1.],"(array([0.]), array([0.]), array([0.]))","(array([0.]), array([0.]), array([0.]))","(array([0.]), array([0.]), array([0.]))","(array([0.]), array([0.]), array([0.]))","(array([0.]), array([0.]), array([0.]))","(array([0.]), array([0.]), array([0.]))","(array([0.]), array([0.]), array([0.]))","(array([0.]), array([0.]), array([0.]))","(array([0.]), array([0.]), array([0.]))","(array([0.]), array([0.]), array([0.]))","(array([0.]), array([0.]), array([0.]))"
(0.5000000661508934+0j),[0.89530265],[1.],[-0.44545837],[1.],"(array([0.]), array([0.]), array([0.]))","(array([0.]), array([0.]), array([0.]))","(array([0.]), array([0.]), array([0.]))","(array([0.]), array([0.]), array([0.]))","(array([0.]), array([0.]), array([0.]))","(array([0.]), array([0.]), array([0.]))","(array([0.]), array([0.]), array([0.]))","(array([0.]), array([0.]), array([0.]))","(array([0.]), array([0.]), array([0.]))","(array([0.]), array([0.]), array([0.]))","(array([0.]), array([0.]), array([0.]))"
(0.5000000483325585+0j),[0.50458564],[1.],[-0.86336164],[1.],"(array([0.]), array([0.]), array([0.]))","(array([0.]), array([0.]), array([0.]))","(array([0.]), array([0.]), array([0.]))","(array([0.]), array([0.]), array([0.]))","(array([0.]), array([0.]), array([0.]))","(array([0.]), array([0.]), array([0.]))","(array([0.]), array([0.]), array([0.]))","(array([0.]), array([0.]), array([0.]))","(array([0.]), array([0.]), array([0.]))","(array([0.]), array([0.]), array([0.]))","(array([0.]), array([0.]), array([0.]))"
(0.5000000137980932+0j),[0.41048642],[1.],[-0.91186671],[1.],"(array([0.]), array([0.]), array([0.]))","(array([0.]), array([0.]), array([0.]))","(array([0.]), array([0.]), array([0.]))","(array([0.]), array([0.]), array([0.]))","(array([0.]), array([0.]), array([0.]))","(array([0.]), array([0.]), array([0.]))","(array([0.]), array([0.]), array([0.]))","(array([0.]), array([0.]), array([0.]))","(array([0.]), array([0.]), array([0.]))","(array([0.]), array([0.]), array([0.]))","(array([0.]), array([0.]), array([0.]))"
(0.4999999773234251+0j),[-0.07329329],[1.],[-0.99731043],[1.],"(array([0.]), array([0.]), array([0.]))","(array([0.]), array([0.]), array([0.]))","(array([0.]), array([0.]), array([0.]))","(array([0.]), array([0.]), array([0.]))","(array([0.]), array([0.]), array([0.]))","(array([0.]), array([0.]), array([0.]))","(array([0.]), array([0.]), array([0.]))","(array([0.]), array([0.]), array([0.]))","(array([0.]), array([0.]), array([0.]))","(array([0.]), array([0.]), array([0.]))","(array([0.]), array([0.]), array([0.]))"
(0.4999999374310074+0j),[-0.27791936],[1.],[-0.96060441],[1.],"(array([0.]), array([0.]), array([0.]))","(array([0.]), array([0.]), array([0.]))","(array([0.]), array([0.]), array([0.]))","(array([0.]), array([0.]), array([0.]))","(array([0.]), array([0.]), array([0.]))","(array([0.]), array([0.]), array([0.]))","(array([0.]), array([0.]), array([0.]))","(array([0.]), array([0.]), array([0.]))","(array([0.]), array([0.]), array([0.]))","(array([0.]), array([0.]), array([0.]))","(array([0.]), array([0.]), array([0.]))"
(0.4999998990068317+0j),[-0.36873071],[1.],[-0.92953626],[1.],"(array([0.]), array([0.]), array([0.]))","(array([0.]), array([0.]), array([0.]))","(array([0.]), array([0.]), array([0.]))","(array([0.]), array([0.]), array([0.]))","(array([0.]), array([0.]), array([0.]))","(array([0.]), array([0.]), array([0.]))","(array([0.]), array([0.]), array([0.]))","(array([0.]), array([0.]), array([0.]))","(array([0.]), array([0.]), array([0.]))","(array([0.]), array([0.]), array([0.]))","(array([0.]), array([0.]), array([0.]))"
(0.4999998618253808+0j),[-0.25123116],[1.],[-0.96792712],[1.],"(array([0.]), array([0.]), array([0.]))","(array([0.]), array([0.]), array([0.]))","(array([0.]), array([0.]), array([0.]))","(array([0.]), array([0.]), array([0.]))","(array([0.]), array([0.]), array([0.]))","(array([0.]), array([0.]), array([0.]))","(array([0.]), array([0.]), array([0.]))","(array([0.]), array([0.]), array([0.]))","(array([0.]), array([0.]), array([0.]))","(array([0.]), array([0.]), array([0.]))","(array([0.]), array([0.]), array([0.]))"
(0.4999998231082958+0j),[-0.46061453],[1.],[-0.88760028],[1.],"(array([0.]), array([0.]), array([0.]))","(array([0.]), array([0.]), array([0.]))","(array([0.]), array([0.]), array([0.]))","(array([0.]), array([0.]), array([0.]))","(array([0.]), array([0.]), array([0.]))","(array([0.]), array([0.]), array([0.]))","(array([0.]), array([0.]), array([0.]))","(array([0.]), array([0.]), array([0.]))","(array([0.]), array([0.]), array([0.]))","(array([0.]), array([0.]), array([0.]))","(array([0.]), array([0.]), array([0.]))"
