Es,Sx,Sxx,Sy,Syy,PQ-10,PQ-9,PQ-8,PQ-7,PQ-6,PQ-5,PQ-4,PQ-3,PQ-2,PQ-1,PQ0
(0.0004593728386109371+0j),[4.64998267e-16],[1.],[0.04285601],[1.],"(array([0.00241626]), array([0.00418509]))","(array([0.]), array([0.]))","(array([0.]), array([0.]))","(array([0.]), array([0.]))","(array([0.]), array([0.]))","(array([0.]), array([0.]))","(array([0.]), array([0.]))","(array([0.]), array([0.]))","(array([0.]), array([0.]))","(array([0.]), array([0.]))","(array([0.00483253]), array([6.50521303e-18]))"
(0.002020001437991744+0j),[-3.29287125e-17],[1.],[0.08979507],[1.],"(array([0.00747926]), array([0.01295446]))","(array([1.70802067e-31]), array([-7.1669163e-31]))","(array([-1.42614803e-26]), array([-3.03435295e-26]))","(array([0.]), array([0.]))","(array([0.]), array([0.]))","(array([0.]), array([0.]))","(array([0.]), array([0.]))","(array([0.]), array([0.]))","(array([0.]), array([0.]))","(array([0.00483253]), array([1.62630326e-17]))","(array([0.01495852]), array([3.82940207e-16]))"
(0.0049612416138183684+0j),[-5.8339854e-15],[1.],[0.14050461],[1.],"(array([0.01298547]), array([0.02249149]))","(array([7.46207983e-24]), array([-1.74054432e-23]))","(array([3.10877298e-25]), array([-8.86531957e-24]))","(array([3.28011365e-24]), array([-1.89377774e-24]))","(array([4.30534826e-25]), array([1.28639227e-25]))","(array([7.52022606e-23]), array([-2.65361075e-23]))","(array([1.55122104e-23]), array([2.60974103e-23]))","(array([-3.67277857e-25]), array([2.18791674e-25]))","(array([0.00483253]), array([6.26668856e-17]))","(array([0.01495852]), array([3.50847823e-16]))","(array([0.02597094]), array([-1.41987117e-15]))"
(0.009502869427429953+0j),[7.15743935e-15],[1.],[0.19397424],[1.],"(array([0.01886025]), array([0.03266692]))","(array([-3.0689512e-23]), array([1.88692157e-23]))","(array([1.31180723e-22]), array([-7.56194305e-23]))","(array([-5.1847607e-23]), array([2.93031486e-23]))","(array([3.0165172e-22]), array([-1.58544628e-22]))","(array([-1.47719455e-23]), array([4.28575444e-23]))","(array([8.67792181e-23]), array([-3.24058042e-23]))","(array([0.00483253]), array([8.39172482e-17]))","(array([0.01495852]), array([2.69749501e-16]))","(array([0.02597094]), array([-1.1492543e-15]))","(array([0.03772051]), array([1.95156391e-15]))"
(0.01575225146330451+0j),[9.54054605e-15],[1.],[0.24886469],[1.],"(array([0.02497097]), array([0.04325099]))","(array([2.18178268e-22]), array([-4.57585266e-22]))","(array([6.51630222e-22]), array([1.29852072e-21]))","(array([5.46913713e-22]), array([2.91066336e-22]))","(array([-6.77398591e-23]), array([7.7933961e-23]))","(array([6.89875345e-23]), array([-2.6651192e-23]))","(array([0.00483253]), array([6.9388939e-17]))","(array([0.01495852]), array([2.82326246e-16]))","(array([0.02597094]), array([-1.50227053e-15]))","(array([0.03772051]), array([2.16840434e-15]))","(array([0.04994195]), array([1.75033599e-15]))"
(0.0236894241855536+0j),[9.79999902e-15],[1.],[0.30379049],[1.],"(array([0.03116377]), array([0.05397723]))","(array([4.26205213e-22]), array([1.7390282e-21]))","(array([6.06038306e-22]), array([1.93720252e-22]))","(array([-5.71768627e-22]), array([4.48398095e-22]))","(array([2.276907e-22]), array([-2.39050424e-22]))","(array([0.00483253]), array([8.2833046e-17]))","(array([0.01495852]), array([2.77989437e-16]))","(array([0.02597094]), array([-1.70436582e-15]))","(array([0.03772051]), array([2.11289319e-15]))","(array([0.04994195]), array([1.61155811e-15]))","(array([0.06232754]), array([1.455433e-15]))"
(0.033177626498621514+0j),[-2.87805328e-16],[1.],[0.35748177],[1.],"(array([0.0372887]), array([0.06458593]))","(array([-2.32208853e-21]), array([2.69572891e-21]))","(array([-3.30645584e-21]), array([2.24357685e-21]))","(array([-1.92594605e-21]), array([9.44015092e-22]))","(array([0.00483253]), array([1.01264483e-16]))","(array([0.01495852]), array([3.52148866e-16]))","(array([0.02597094]), array([-1.86135829e-15]))","(array([0.03772051]), array([1.82145965e-15]))","(array([0.04994195]), array([2.21350716e-15]))","(array([0.06232754]), array([8.67361738e-17]))","(array([0.0745774]), array([-7.63278329e-17]))"
(0.04398608335129645+0j),[9.1879392e-16],[1.],[0.40885904],[1.],"(array([0.04321313]), array([0.07484733]))","(array([7.24957176e-21]), array([-3.63676856e-21]))","(array([5.58982284e-21]), array([3.11779665e-20]))","(array([0.00483253]), array([9.38919081e-17]))","(array([0.01495852]), array([3.13117587e-16]))","(array([0.02597094]), array([-1.92814514e-15]))","(array([0.03772051]), array([1.78676518e-15]))","(array([0.04994195]), array([2.39218367e-15]))","(array([0.06232754]), array([2.37657116e-16]))","(array([0.0745774]), array([-2.25514052e-16]))","(array([0.08642625]), array([1.2490009e-16]))"
(0.055816971341970806+0j),[2.12680396e-15],[1.],[0.45705993],[1.],"(array([0.04882744]), array([0.08457161]))","(array([4.21054564e-20]), array([7.76427929e-21]))","(array([0.00483253]), array([9.2807706e-17]))","(array([0.01495852]), array([3.43041567e-16]))","(array([0.02597094]), array([-1.80931659e-15]))","(array([0.03772051]), array([1.99319727e-15]))","(array([0.04994195]), array([2.5274921e-15]))","(array([0.06232754]), array([-7.45931095e-17]))","(array([0.0745774]), array([-5.89805982e-16]))","(array([0.08642625]), array([6.55725474e-16]))","(array([0.09765488]), array([1.89431804e-15]))"
(0.06833350935172192+0j),[8.28342921e-15],[1.],[0.50144483],[1.],"(array([0.05404691]), array([0.09361199]))","(array([0.00483253]), array([9.23740251e-17]))","(array([0.01495852]), array([2.80591522e-16]))","(array([0.02597094]), array([-1.94289029e-15]))","(array([0.03772051]), array([1.83186799e-15]))","(array([0.04994195]), array([2.5934116e-15]))","(array([0.06232754]), array([3.46944695e-17]))","(array([0.0745774]), array([-8.04911693e-16]))","(array([0.08642625]), array([5.06539255e-16]))","(array([0.09765488]), array([2.96984659e-15]))","(array([0.10809382]), array([1.31492039e-15]))"
(0.08104430509769697+0j),[0.00078667],[1.],[0.54115096],[1.],"(array([0.06354199]), array([0.10186582]))","(array([0.01495853]), array([3.18321758e-16]))","(array([0.02597094]), array([-1.80324505e-15]))","(array([0.03772051]), array([2.02789174e-15]))","(array([0.04994195]), array([2.41820453e-15]))","(array([0.06232754]), array([-3.48679419e-16]))","(array([0.07457741]), array([-1.44675938e-15]))","(array([0.08642626]), array([8.5348395e-16]))","(array([0.09765488]), array([3.30638295e-15]))","(array([0.10809382]), array([6.62664368e-16]))","(array([0.11757312]), array([8.90254737e-05]))"
(0.09343044292579104+0j),[0.00312982],[1.],[0.57556084],[1.],"(array([0.07753827]), array([0.10927638]))","(array([0.02597094]), array([5.46365904e-13]))","(array([0.03772051]), array([5.55387333e-13]))","(array([0.04994195]), array([8.89045781e-15]))","(array([0.06232754]), array([1.70015044e-13]))","(array([0.07457741]), array([4.06792655e-14]))","(array([0.08642626]), array([1.66010955e-12]))","(array([0.09765489]), array([1.39369072e-12]))","(array([0.10809383]), array([1.39224049e-12]))","(array([0.11757312]), array([8.90254759e-05]))","(array([0.125926]), array([0.00044254]))"
(0.10514682304344407+0j),[0.00703316],[1.],[0.60471208],[1.],"(array([0.09152124]), array([0.11583127]))","(array([0.03772051]), array([1.07123407e-11]))","(array([0.04994195]), array([7.19609615e-12]))","(array([0.06232755]), array([2.56957129e-12]))","(array([0.07457741]), array([1.17674308e-11]))","(array([0.08642626]), array([-9.41884071e-12]))","(array([0.09765489]), array([-5.45674617e-13]))","(array([0.10809383]), array([1.18721352e-12]))","(array([0.11757313]), array([8.9025482e-05]))","(array([0.125926]), array([0.00044254]))","(array([0.13308798]), array([0.00114741]))"
(0.11593477822736067+0j),[0.01248334],[1.],[0.62883006],[1.],"(array([0.10535765]), array([0.12155599]))","(array([0.04994196]), array([-4.59996902e-11]))","(array([0.06232755]), array([-3.48941188e-11]))","(array([0.07457742]), array([5.67679584e-12]))","(array([0.08642627]), array([6.98226546e-12]))","(array([0.0976549]), array([7.11666871e-11]))","(array([0.10809384]), array([-2.14224818e-12]))","(array([0.11757314]), array([8.9025422e-05]))","(array([0.12592601]), array([0.00044254]))","(array([0.13308799]), array([0.00114741]))","(array([0.13908916]), array([0.00220251]))"
(0.12564774250837055+0j),[0.01943461],[1.],[0.64831833],[1.],"(array([0.11882366]), array([0.12650897]))","(array([0.06232756]), array([5.34529782e-11]))","(array([0.07457743]), array([4.85805181e-11]))","(array([0.08642628]), array([8.03699989e-11]))","(array([0.09765492]), array([-3.25743807e-11]))","(array([0.10809386]), array([-8.49495231e-11]))","(array([0.11757316]), array([8.90252435e-05]))","(array([0.12592603]), array([0.00044254]))","(array([0.13308801]), array([0.00114741]))","(array([0.13908918]), array([0.00220251]))","(array([0.14400087]), array([0.00360117]))"
(0.13427317725908763+0j),[0.02780807],[1.],[0.66375458],[1.],"(array([0.13167921]), array([0.13077937]))","(array([0.07457743]), array([3.44854856e-10]))","(array([0.08642629]), array([2.25994109e-10]))","(array([0.09765493]), array([-2.43486759e-11]))","(array([0.10809388]), array([-4.41666877e-10]))","(array([0.11757318]), array([8.9024948e-05]))","(array([0.12592606]), array([0.00044254]))","(array([0.13308803]), array([0.00114741]))","(array([0.1390892]), array([0.00220251]))","(array([0.14400089]), array([0.00360117]))","(array([0.14793415]), array([0.00532937]))"
(0.14194845145247992+0j),[0.03750256],[1.],[0.67589084],[1.],"(array([0.14371707]), array([0.13448719]))","(array([0.08642631]), array([6.97318623e-10]))","(array([0.09765495]), array([3.90083878e-10]))","(array([0.1080939]), array([-4.85658506e-10]))","(array([0.11757321]), array([8.90246691e-05]))","(array([0.12592608]), array([0.00044254]))","(array([0.13308806]), array([0.00114741]))","(array([0.13908922]), array([0.00220251]))","(array([0.14400092]), array([0.00360117]))","(array([0.14793417]), array([0.00532937]))","(array([0.15103923]), array([0.00736689]))"
(0.14895820932240844+0j),[0.04838861],[1.],[0.68562629],[1.],"(array([0.15478754]), array([0.13778092]))","(array([0.09765496]), array([1.03537235e-09]))","(array([0.10809392]), array([-1.20449969e-11]))","(array([0.11757323]), array([8.90247457e-05]))","(array([0.12592611]), array([0.00044254]))","(array([0.13308809]), array([0.00114741]))","(array([0.13908926]), array([0.00220251]))","(array([0.14400095]), array([0.00360118]))","(array([0.1479342]), array([0.00532937]))","(array([0.15103926]), array([0.00736689]))","(array([0.15350251]), array([0.00968786]))"
(0.15569207685408432+0j),[0.06029781],[1.],[0.69390693],[1.],"(array([0.16480448]), array([0.14082404]))","(array([0.10809394]), array([8.64729812e-10]))","(array([0.11757325]), array([8.90253435e-05]))","(array([0.12592614]), array([0.00044254]))","(array([0.13308813]), array([0.00114741]))","(array([0.13908929]), array([0.00220251]))","(array([0.14400099]), array([0.00360118]))","(array([0.14793424]), array([0.00532938]))","(array([0.15103929]), array([0.0073669]))","(array([0.15350254]), array([0.00968786]))","(array([0.15553211]), array([0.01225879]))"
(0.16255993674921432+0j),[0.07301924],[1.],[0.70156387],[1.],"(array([0.17373558]), array([0.14376868]))","(array([0.11757328]), array([8.90266172e-05]))","(array([0.12592617]), array([0.00044254]))","(array([0.13308817]), array([0.00114741]))","(array([0.13908934]), array([0.00220251]))","(array([0.14400103]), array([0.00360118]))","(array([0.14793428]), array([0.00532938]))","(array([0.15103933]), array([0.0073669]))","(array([0.15350258]), array([0.00968786]))","(array([0.15553215]), array([0.01225879]))","(array([0.15732835]), array([0.01503696]))"
(0.16987458798947538+0j),[0.08631926],[1.],[0.70912934],[1.],"(array([0.18153103]), array([0.14681173]))","(array([0.12592621]), array([0.00044254]))","(array([0.1330882]), array([0.00114741]))","(array([0.13908938]), array([0.00220251]))","(array([0.14400108]), array([0.00360118]))","(array([0.14793433]), array([0.00532938]))","(array([0.15103938]), array([0.0073669]))","(array([0.15350263]), array([0.00968787]))","(array([0.1555322]), array([0.0122588]))","(array([0.15732839]), array([0.01503696]))","(array([0.1590447]), array([0.01797225]))"
(0.17772958543832032+0j),[0.09990732],[1.],[0.71665832],[1.],"(array([0.18810824]), array([0.15015585]))","(array([0.13308824]), array([0.00114741]))","(array([0.13908943]), array([0.00220252]))","(array([0.14400113]), array([0.00360118]))","(array([0.14793439]), array([0.00532938]))","(array([0.15103944]), array([0.00736691]))","(array([0.15350268]), array([0.00968788]))","(array([0.15553225]), array([0.0122588]))","(array([0.15732844]), array([0.01503697]))","(array([0.15904475]), array([0.01797226]))","(array([0.16074684]), array([0.02100536]))"
(0.18596403181724902+0j),[0.11348221],[1.],[0.72376438],[1.],"(array([0.19344173]), array([0.15382146]))","(array([0.13908948]), array([0.00220252]))","(array([0.14400119]), array([0.00360118]))","(array([0.14793445]), array([0.00532939]))","(array([0.15103951]), array([0.00736691]))","(array([0.15350275]), array([0.00968788]))","(array([0.15553231]), array([0.01225881]))","(array([0.1573285]), array([0.01503698]))","(array([0.15904481]), array([0.01797227]))","(array([0.1607469]), array([0.02100538]))","(array([0.1623967]), array([0.0240693]))"
(0.1942457245458753+0j),[0.12677309],[1.],[0.72985743],[1.],"(array([0.19756234]), array([0.1576793]))","(array([0.14400124]), array([0.00360119]))","(array([0.14793451]), array([0.00532939]))","(array([0.15103957]), array([0.00736692]))","(array([0.15350283]), array([0.00968789]))","(array([0.15553239]), array([0.01225882]))","(array([0.15732857]), array([0.015037]))","(array([0.15904487]), array([0.01797229]))","(array([0.16074696]), array([0.02100539]))","(array([0.16239677]), array([0.02406931]))","(array([0.16388369]), array([0.02709932]))"
(0.20220764471282424+0j),[0.13955355],[1.],[0.73441979],[1.],"(array([0.20052757]), array([0.16158638]))","(array([0.14793458]), array([0.0053294]))","(array([0.15103965]), array([0.00736693]))","(array([0.1535029]), array([0.0096879]))","(array([0.15553247]), array([0.01225883]))","(array([0.15732866]), array([0.01503701]))","(array([0.15904495]), array([0.0179723]))","(array([0.16074703]), array([0.02100541]))","(array([0.16239684]), array([0.02406933]))","(array([0.16388377]), array([0.02709934]))","(array([0.16508283]), array([0.03003928]))"
(0.20955290869120374+0j),[0.15165006],[1.],[0.73716091],[1.],"(array([0.20244203]), array([0.16542746]))","(array([0.15103973]), array([0.00736693]))","(array([0.15350299]), array([0.00968791]))","(array([0.15553256]), array([0.01225885]))","(array([0.15732875]), array([0.01503703]))","(array([0.15904505]), array([0.01797232]))","(array([0.16074712]), array([0.02100543]))","(array([0.16239692]), array([0.02406936]))","(array([0.16388385]), array([0.02709937]))","(array([0.16508291]), array([0.03003931]))","(array([0.16590325]), array([0.03284411]))"
(0.21609899274538005+0j),[0.1629452],[1.],[0.73803581],[1.],"(array([0.20346555]), array([0.16913357]))","(array([0.15350308]), array([0.00968792]))","(array([0.15553266]), array([0.01225886]))","(array([0.15732885]), array([0.01503704]))","(array([0.15904516]), array([0.01797234]))","(array([0.16074723]), array([0.02100546]))","(array([0.16239702]), array([0.02406938]))","(array([0.16388394]), array([0.0270994]))","(array([0.165083]), array([0.03003933]))","(array([0.16590334]), array([0.03284414]))","(array([0.16630752]), array([0.03548113]))"
(0.22177878066332235+0j),[0.173376],[1.],[0.73719263],[1.],"(array([0.203808]), array([0.17267912]))","(array([0.15553276]), array([0.01225888]))","(array([0.15732896]), array([0.01503706]))","(array([0.15904527]), array([0.01797237]))","(array([0.16074735]), array([0.02100548]))","(array([0.16239714]), array([0.02406941]))","(array([0.16388405]), array([0.02709943]))","(array([0.1650831]), array([0.03003937]))","(array([0.16590344]), array([0.03284417]))","(array([0.16630762]), array([0.03548117]))","(array([0.16630762]), array([0.03793017]))"
(0.2266202588360405+0j),[0.18292838],[1.],[0.73490231],[1.],"(array([0.20370862]), array([0.1760675]))","(array([0.15732908]), array([0.01503708]))","(array([0.15904539]), array([0.01797239]))","(array([0.16074747]), array([0.02100551]))","(array([0.16239727]), array([0.02406945]))","(array([0.16388418]), array([0.02709947]))","(array([0.16508322]), array([0.03003941]))","(array([0.16590355]), array([0.03284422]))","(array([0.16630773]), array([0.03548121]))","(array([0.16630774]), array([0.03793021]))","(array([0.16595106]), array([0.04018269]))"
(0.23071782074302655+0j),[0.191628],[1.],[0.73149366],[1.],"(array([0.20340036]), array([0.17931539]))","(array([0.15904552]), array([0.01797241]))","(array([0.16074761]), array([0.02100554]))","(array([0.16239741]), array([0.02406948]))","(array([0.16388433]), array([0.02709951]))","(array([0.16508337]), array([0.03003946]))","(array([0.16590368]), array([0.03284427]))","(array([0.16630785]), array([0.03548126]))","(array([0.16630786]), array([0.03793025]))","(array([0.16595119]), array([0.04018273]))","(array([0.16530558]), array([0.04224013]))"
(0.2342014658546611+0j),[0.19952582],[1.],[0.72730086],[1.],"(array([0.20306652]), array([0.18244179]))","(array([0.16074775]), array([0.02100557]))","(array([0.16239755]), array([0.02406951]))","(array([0.16388447]), array([0.02709955]))","(array([0.16508352]), array([0.0300395]))","(array([0.16590383]), array([0.03284432]))","(array([0.16630799]), array([0.03548131]))","(array([0.16630798]), array([0.03793031]))","(array([0.16595131]), array([0.04018278]))","(array([0.16530571]), array([0.04224018]))","(array([0.16444597]), array([0.04411124]))"
(0.23720755169446148+0j),[0.20667944],[1.],[0.72262402],[1.],"(array([0.2027979]), array([0.18545545]))","(array([0.16239771]), array([0.02406955]))","(array([0.16388463]), array([0.02709959]))","(array([0.16508368]), array([0.03003955]))","(array([0.165904]), array([0.03284437]))","(array([0.16630815]), array([0.03548137]))","(array([0.16630813]), array([0.03793038]))","(array([0.16595145]), array([0.04018285]))","(array([0.16530585]), array([0.04224024]))","(array([0.16444611]), array([0.0441113]))","(array([0.16344372]), array([0.04580827]))"
(0.23985355301238043+0j),[0.21313463],[1.],[0.71770241],[1.],"(array([0.20257676]), array([0.1883478]))","(array([0.16388479]), array([0.02709963]))","(array([0.16508384]), array([0.0300396]))","(array([0.16590417]), array([0.03284443]))","(array([0.16630833]), array([0.03548144]))","(array([0.1663083]), array([0.03793045]))","(array([0.1659516]), array([0.04018293]))","(array([0.16530599]), array([0.04224032]))","(array([0.16444625]), array([0.04411136]))","(array([0.16344387]), array([0.04580834]))","(array([0.1623596]), array([0.04734286]))"
(0.24221869063170479+0j),[0.21891447],[1.],[0.71269847],[1.],"(array([0.20230844]), array([0.1910971]))","(array([0.16508402]), array([0.03003964]))","(array([0.16590434]), array([0.03284448]))","(array([0.1663085]), array([0.0354815]))","(array([0.16630848]), array([0.03793052]))","(array([0.16595177]), array([0.04018301]))","(array([0.16530614]), array([0.0422404]))","(array([0.1644464]), array([0.04411145]))","(array([0.16344402]), array([0.04580841]))","(array([0.16235975]), array([0.04734293]))","(array([0.1612388]), array([0.04872267]))"
(0.24433071691493416+0j),[0.22402042],[1.],[0.70768975],[1.],"(array([0.20187917]), array([0.19367186]))","(array([0.16590453]), array([0.03284453]))","(array([0.16630868]), array([0.03548156]))","(array([0.16630866]), array([0.03793059]))","(array([0.16595196]), array([0.04018309]))","(array([0.16530633]), array([0.04224049]))","(array([0.16444656]), array([0.04411154]))","(array([0.16344417]), array([0.04580851]))","(array([0.16235991]), array([0.04734301]))","(array([0.16123896]), array([0.04872274]))","(array([0.16010829]), array([0.04995034]))"
(0.24615305285934586+0j),[0.2284433],[1.],[0.7026597],[1.],"(array([0.20120233]), array([0.19603239]))","(array([0.16630888]), array([0.03548161]))","(array([0.16630885]), array([0.03793065]))","(array([0.16595215]), array([0.04018316]))","(array([0.16530652]), array([0.04224058]))","(array([0.16444675]), array([0.04411164]))","(array([0.16344434]), array([0.04580861]))","(array([0.16236006]), array([0.04734311]))","(array([0.16123912]), array([0.04872284]))","(array([0.16010847]), array([0.04995043]))","(array([0.15897486]), array([0.05102489]))"
(0.24756224455358342+0j),[0.23217878],[1.],[0.69747397],[1.],"(array([0.20023339]), array([0.19813035]))","(array([0.16630906]), array([0.03793071]))","(array([0.16595235]), array([0.04018323]))","(array([0.16530672]), array([0.04224067]))","(array([0.16444695]), array([0.04411174]))","(array([0.16344453]), array([0.04580872]))","(array([0.16236024]), array([0.04734323]))","(array([0.16123929]), array([0.04872295]))","(array([0.16010863]), array([0.04995053]))","(array([0.15897504]), array([0.05102498]))","(array([0.15782138]), array([0.05194462]))"
(0.24832177261960944+0j),[0.23524322],[1.],[0.69185081],[1.],"(array([0.19895981]), array([0.19990545]))","(array([0.16595257]), array([0.04018329]))","(array([0.16530693]), array([0.04224074]))","(array([0.16444716]), array([0.04411183]))","(array([0.16344474]), array([0.04580882]))","(array([0.16236044]), array([0.04734335]))","(array([0.16123947]), array([0.04872307]))","(array([0.1601088]), array([0.04995065]))","(array([0.15897522]), array([0.05102509]))","(array([0.15782156]), array([0.05194472]))","(array([0.15660083]), array([0.05271073]))"
(0.2481023380465112+0j),[0.23768666],[1.],[0.68539071],[1.],"(array([0.1973843]), array([0.20128637]))","(array([0.16530716]), array([0.04224081]))","(array([0.16444737]), array([0.04411191]))","(array([0.16344496]), array([0.04580892]))","(array([0.16236066]), array([0.04734346]))","(array([0.16123967]), array([0.0487232]))","(array([0.16010899]), array([0.04995078]))","(array([0.15897539]), array([0.05102521]))","(array([0.15782175]), array([0.05194483]))","(array([0.15660103]), array([0.05271083]))","(array([0.15523646]), array([0.05333059]))"
(0.24659720150562464+0j),[0.2395971],[1.],[0.67772414],[1.],"(array([0.19551792]), array([0.20220758]))","(array([0.16444761]), array([0.04411198]))","(array([0.16344518]), array([0.04580901]))","(array([0.16236087]), array([0.04734356]))","(array([0.16123989]), array([0.04872332]))","(array([0.1601092]), array([0.04995091]))","(array([0.15897559]), array([0.05102535]))","(array([0.15782193]), array([0.05194496]))","(array([0.15660122]), array([0.05271095]))","(array([0.15523667]), array([0.05333069]))","(array([0.1536419]), array([0.05381982]))"
(0.2436566685915201+0j),[0.24109244],[1.],[0.66867328],[1.],"(array([0.19338448]), array([0.20263649]))","(array([0.16344542]), array([0.04580909]))","(array([0.16236109]), array([0.04734365]))","(array([0.16124011]), array([0.04872342]))","(array([0.16010942]), array([0.04995104]))","(array([0.1589758]), array([0.05102548]))","(array([0.15782213]), array([0.0519451]))","(array([0.15660141]), array([0.05271108]))","(array([0.15523686]), array([0.05333081]))","(array([0.1536421]), array([0.05381993]))","(array([0.15175589]), array([0.05420191]))"
(0.23932324033549046+0j),[0.24230454],[1.],[0.6582802],[1.],"(array([0.19102332]), array([0.20258661]))","(array([0.16236134]), array([0.04734374]))","(array([0.16124033]), array([0.04872352]))","(array([0.16010964]), array([0.04995115]))","(array([0.15897601]), array([0.05102561]))","(array([0.15782233]), array([0.05194524]))","(array([0.15660159]), array([0.05271122]))","(array([0.15523705]), array([0.05333094]))","(array([0.1536423]), array([0.05382004]))","(array([0.15175609]), array([0.05420201]))","(array([0.14956342]), array([0.05450532]))"
(0.23378026890664097+0j),[0.24336325],[1.],[0.64673405],[1.],"(array([0.18848245]), array([0.20210699]))","(array([0.16124057]), array([0.0487236]))","(array([0.16010984]), array([0.04995124]))","(array([0.15897622]), array([0.05102572]))","(array([0.15782254]), array([0.05194537]))","(array([0.15660179]), array([0.05271136]))","(array([0.15523723]), array([0.05333108]))","(array([0.15364247]), array([0.05382017]))","(array([0.15175628]), array([0.05420213]))","(array([0.14956361]), array([0.05450542]))","(array([0.14709056]), array([0.05475979]))"
(0.2272830931631276+0j),[0.24438513],[1.],[0.63429017],[1.],"(array([0.18580789]), array([0.20126248]))","(array([0.16011007]), array([0.04995132]))","(array([0.15897641]), array([0.05102581]))","(array([0.15782273]), array([0.05194548]))","(array([0.15660198]), array([0.05271149]))","(array([0.15523741]), array([0.05333122]))","(array([0.15364264]), array([0.05382031]))","(array([0.15175644]), array([0.05420225]))","(array([0.14956379]), array([0.05450553]))","(array([0.14709074]), array([0.05475989]))","(array([0.14438723]), array([0.05499322]))"
(0.22010421248268086+0j),[0.24546707],[1.],[0.62121335],[1.],"(array([0.18303493]), array([0.20011833]))","(array([0.15897662]), array([0.05102589]))","(array([0.15782291]), array([0.05194556]))","(array([0.15660216]), array([0.05271159]))","(array([0.15523759]), array([0.05333134]))","(array([0.15364281]), array([0.05382044]))","(array([0.1517566]), array([0.05420239]))","(array([0.14956394]), array([0.05450565]))","(array([0.1470909]), array([0.05476]))","(array([0.14438739]), array([0.05499332]))","(array([0.14151183]), array([0.0552297]))"
(0.21249553396350335+0j),[0.24668302],[1.],[0.60773997],[1.],"(array([0.18018186]), array([0.19873189]))","(array([0.15782309]), array([0.05194563]))","(array([0.15660232]), array([0.05271167]))","(array([0.15523774]), array([0.05333144]))","(array([0.15364297]), array([0.05382056]))","(array([0.15175675]), array([0.05420251]))","(array([0.14956408]), array([0.05450578]))","(array([0.14709103]), array([0.05476011]))","(array([0.14438753]), array([0.05499342]))","(array([0.14151198]), array([0.05522979]))","(array([0.13852065]), array([0.05548844]))"
(0.20466473027463036+0j),[0.24808188],[1.],[0.59405147],[1.],"(array([0.17724309]), array([0.19714903]))","(array([0.15660248]), array([0.05271173]))","(array([0.15523789]), array([0.05333151]))","(array([0.15364311]), array([0.05382065]))","(array([0.15175689]), array([0.05420262]))","(array([0.14956421]), array([0.0545059]))","(array([0.14709115]), array([0.05476023]))","(array([0.14438765]), array([0.05499353]))","(array([0.1415121]), array([0.05522989]))","(array([0.13852078]), array([0.05548853]))","(array([0.13546064]), array([0.05578321]))"
(0.19676383449240176+0j),[0.24968452],[1.],[0.58025831],[1.],"(array([0.17418132]), array([0.19540323]))","(array([0.15523803]), array([0.05333157]))","(array([0.15364323]), array([0.05382072]))","(array([0.15175701]), array([0.0542027]))","(array([0.14956433]), array([0.054506]))","(array([0.14709127]), array([0.05476034]))","(array([0.14438776]), array([0.05499364]))","(array([0.1415122]), array([0.05522999]))","(array([0.13852088]), array([0.05548862]))","(array([0.13546074]), array([0.05578329]))","(array([0.1323646]), array([0.05612176]))"
(0.18888894999816938+0j),[0.25148038],[1.],[0.56639753],[1.],"(array([0.17092717]), array([0.19351673]))","(array([0.15364335]), array([0.05382076]))","(array([0.15175712]), array([0.05420276]))","(array([0.14956444]), array([0.05450608]))","(array([0.14709138]), array([0.05476043]))","(array([0.14438786]), array([0.05499374]))","(array([0.1415123]), array([0.0552301]))","(array([0.13852097]), array([0.05548872]))","(array([0.13546083]), array([0.05578338]))","(array([0.13236469]), array([0.05612184]))","(array([0.12924912]), array([0.05650514]))"
(0.18108933979271738+0j),[0.25342829],[1.],[0.55244497],[1.],"(array([0.16740013]), array([0.19150343]))","(array([0.15175723]), array([0.0542028]))","(array([0.14956454]), array([0.05450613]))","(array([0.14709147]), array([0.0547605]))","(array([0.14438796]), array([0.05499383]))","(array([0.14151239]), array([0.05523019]))","(array([0.13852105]), array([0.05548882]))","(array([0.13546091]), array([0.05578348]))","(array([0.13236477]), array([0.05612193]))","(array([0.1292492]), array([0.05650522]))","(array([0.12611563]), array([0.0569274]))"
(0.17338281028557434+0j),[0.25546511],[1.],[0.53833914],[1.],"(array([0.16354435]), array([0.18937251]))","(array([0.14956463]), array([0.05450616]))","(array([0.14709155]), array([0.05476055]))","(array([0.14438804]), array([0.05499389]))","(array([0.14151247]), array([0.05523026]))","(array([0.13852113]), array([0.0554889]))","(array([0.13546098]), array([0.05578356]))","(array([0.13236484]), array([0.05612201]))","(array([0.12924927]), array([0.0565053]))","(array([0.12611569]), array([0.05692747]))","(array([0.12295443]), array([0.05737671]))"
(0.16577290714663903+0j),[0.2575193],[1.],[0.52401031],[1.],"(array([0.15935057]), array([0.18713201]))","(array([0.14709163]), array([0.05476058]))","(array([0.14438811]), array([0.05499393]))","(array([0.14151254]), array([0.05523032]))","(array([0.1385212]), array([0.05548896]))","(array([0.13546105]), array([0.05578364]))","(array([0.1323649]), array([0.05612209]))","(array([0.12924932]), array([0.05650537]))","(array([0.12611575]), array([0.05692755]))","(array([0.12295449]), array([0.05737678]))","(array([0.11975072]), array([0.05783788]))"
(0.15826358148109337+0j),[0.25952227],[1.],[0.50940872],[1.],"(array([0.15485178]), array([0.1847921]))","(array([0.14438818]), array([0.05499395]))","(array([0.1415126]), array([0.05523035]))","(array([0.13852126]), array([0.05548901]))","(array([0.13546111]), array([0.0557837]))","(array([0.13236495]), array([0.05612216]))","(array([0.12924937]), array([0.05650544]))","(array([0.12611579]), array([0.05692761]))","(array([0.12295453]), array([0.05737685]))","(array([0.11975077]), array([0.05783795]))","(array([0.11649101]), array([0.05829514]))"
(0.15086978123148406+0j),[0.26141457],[1.],[0.49452957],[1.],"(array([0.15010727]), array([0.18236814]))","(array([0.14151266]), array([0.05523038]))","(array([0.13852131]), array([0.05548904]))","(array([0.13546116]), array([0.05578374]))","(array([0.13236501]), array([0.05612221]))","(array([0.12924942]), array([0.0565055]))","(array([0.12611584]), array([0.05692767]))","(array([0.12295457]), array([0.05737691]))","(array([0.11975081]), array([0.057838]))","(array([0.11649105]), array([0.05829519]))","(array([0.11316912]), array([0.05873409]))"
(0.14362602542608155+0j),[0.26314718],[1.],[0.47944051],[1.],"(array([0.14518953]), array([0.17988426]))","(array([0.13852136]), array([0.05548906]))","(array([0.13546121]), array([0.05578376]))","(array([0.13236505]), array([0.05612225]))","(array([0.12924947]), array([0.05650554]))","(array([0.12611588]), array([0.05692772]))","(array([0.12295461]), array([0.05737696]))","(array([0.11975084]), array([0.05783805]))","(array([0.11649108]), array([0.05829524]))","(array([0.11316915]), array([0.05873414]))","(array([0.1097921]), array([0.05914258]))"
(0.13659631570296882+0j),[0.26467938],[1.],[0.464323],[1.],"(array([0.14017754]), array([0.17737892]))","(array([0.13546125]), array([0.05578378]))","(array([0.13236509]), array([0.05612227]))","(array([0.1292495]), array([0.05650558]))","(array([0.12611591]), array([0.05692776]))","(array([0.12295464]), array([0.057377]))","(array([0.11975087]), array([0.0578381]))","(array([0.1164911]), array([0.05829529]))","(array([0.11316917]), array([0.05873418]))","(array([0.10979213]), array([0.05914262]))","(array([0.106388]), array([0.05951055]))"
(0.12988612297413757+0j),[0.26597413],[1.],[0.44953302],[1.],"(array([0.13515607]), array([0.17491397]))","(array([0.13236512]), array([0.05612229]))","(array([0.12924953]), array([0.0565056]))","(array([0.12611594]), array([0.05692779]))","(array([0.12295467]), array([0.05737704]))","(array([0.1197509]), array([0.05783814]))","(array([0.11649113]), array([0.05829533]))","(array([0.1131692]), array([0.05873422]))","(array([0.10979215]), array([0.05914266]))","(array([0.10638802]), array([0.05951058]))","(array([0.10301735]), array([0.05982931]))"
(0.123651315325153+0j),[0.26699216],[1.],[0.43566593],[1.],"(array([0.1302189]), array([0.17258572]))","(array([0.12924957]), array([0.05650561]))","(array([0.12611597]), array([0.05692781]))","(array([0.1229547]), array([0.05737706]))","(array([0.11975092]), array([0.05783817]))","(array([0.11649115]), array([0.05829536]))","(array([0.11316922]), array([0.05873425]))","(array([0.10979216]), array([0.05914269]))","(array([0.10638804]), array([0.05951062]))","(array([0.10301736]), array([0.05982934]))","(array([0.09978732]), array([0.06009034]))"
(0.11809340579751258+0j),[0.26768619],[1.],[0.4235777],[1.],"(array([0.12547281]), array([0.17053202]))","(array([0.126116]), array([0.05692782]))","(array([0.12295472]), array([0.05737708]))","(array([0.11975094]), array([0.05783819]))","(array([0.11649117]), array([0.05829538]))","(array([0.11316923]), array([0.05873428]))","(array([0.10979218]), array([0.05914272]))","(array([0.10638806]), array([0.05951065]))","(array([0.10301738]), array([0.05982937]))","(array([0.09978734]), array([0.06009037]))","(array([0.09686152]), array([0.06028392]))"
(0.11343035703696208+0j),[0.26799774],[1.],[0.41429152],[1.],"(array([0.12103553]), array([0.16892453]))","(array([0.12295474]), array([0.05737709]))","(array([0.11975096]), array([0.0578382]))","(array([0.11649119]), array([0.0582954]))","(array([0.11316925]), array([0.0587343]))","(array([0.1097922]), array([0.05914274]))","(array([0.10638807]), array([0.05951067]))","(array([0.10301739]), array([0.0598294]))","(array([0.09978735]), array([0.06009039]))","(array([0.09686153]), array([0.06028394]))","(array([0.09445188]), array([0.06039812]))"
(0.10984629029905434+0j),[0.26785867],[1.],[0.4087629],[1.],"(array([0.11702145]), array([0.16793758]))","(array([0.11975098]), array([0.05783821]))","(array([0.11649121]), array([0.05829542]))","(array([0.11316927]), array([0.05873432]))","(array([0.10979221]), array([0.05914277]))","(array([0.10638808]), array([0.05951069]))","(array([0.1030174]), array([0.05982942]))","(array([0.09978736]), array([0.06009042]))","(array([0.09686154]), array([0.06028397]))","(array([0.09445189]), array([0.06039815]))","(array([0.09278167]), array([0.06041858]))"
(0.1074492652990964+0j),[0.26719736],[1.],[0.40761419],[1.],"(array([0.11351863]), array([0.1677023]))","(array([0.11649123]), array([0.05829543]))","(array([0.11316929]), array([0.05873433]))","(array([0.10979223]), array([0.05914278]))","(array([0.1063881]), array([0.05951071]))","(array([0.10301742]), array([0.05982944]))","(array([0.09978737]), array([0.06009044]))","(array([0.09686155]), array([0.06028399]))","(array([0.0944519]), array([0.06039817]))","(array([0.09278168]), array([0.0604186]))","(array([0.09202904]), array([0.06032939]))"
(0.10626546113569657+0j),[0.26594755],[1.],[0.41101095],[1.],"(array([0.11057164]), array([0.16827213]))","(array([0.1131693]), array([0.05873434]))","(array([0.10979224]), array([0.05914279]))","(array([0.10638811]), array([0.05951073]))","(array([0.10301743]), array([0.05982946]))","(array([0.09978738]), array([0.06009046]))","(array([0.09686157]), array([0.06028401]))","(array([0.09445191]), array([0.06039819]))","(array([0.09278169]), array([0.06041862]))","(array([0.09202905]), array([0.06032941]))","(array([0.09228296]), array([0.06011484]))"
(0.10626295113578876+0j),[0.26405636],[1.],[0.41871714],[1.],"(array([0.10818207]), array([0.16961906]))","(array([0.10979226]), array([0.0591428]))","(array([0.10638813]), array([0.05951074]))","(array([0.10301745]), array([0.05982948]))","(array([0.0997874]), array([0.06009048]))","(array([0.09686158]), array([0.06028403]))","(array([0.09445192]), array([0.06039821]))","(array([0.0927817]), array([0.06041864]))","(array([0.09202906]), array([0.06032942]))","(array([0.09228297]), array([0.06011485]))","(array([0.09353551]), array([0.05976139]))"
(0.10737904305965537+0j),[0.2614904],[1.],[0.43023169],[1.],"(array([0.10632386]), array([0.17165401]))","(array([0.10638815]), array([0.05951076]))","(array([0.10301746]), array([0.05982949]))","(array([0.09978741]), array([0.06009049]))","(array([0.09686159]), array([0.06028405]))","(array([0.09445193]), array([0.06039823]))","(array([0.09278172]), array([0.06041867]))","(array([0.09202907]), array([0.06032945]))","(array([0.09228298]), array([0.06011487]))","(array([0.09353552]), array([0.05976141]))","(array([0.09570353]), array([0.05925929]))"
(0.1095361113699369+0j),[0.25824056],[1.],[0.4449127],[1.],"(array([0.10496473]), array([0.17425286]))","(array([0.10301748]), array([0.05982951]))","(array([0.09978743]), array([0.06009051]))","(array([0.09686161]), array([0.06028407]))","(array([0.09445195]), array([0.06039825]))","(array([0.09278173]), array([0.06041869]))","(array([0.09202908]), array([0.06032947]))","(array([0.09228299]), array([0.06011489]))","(array([0.09353553]), array([0.05976143]))","(array([0.09570354]), array([0.05925931]))","(array([0.09865805]), array([0.05860374]))"
(0.11264535484838242+0j),[0.25432698],[1.],[0.46205709],[1.],"(array([0.10408821]), array([0.17727613]))","(array([0.09978746]), array([0.06009053]))","(array([0.09686163]), array([0.06028409]))","(array([0.09445197]), array([0.06039827]))","(array([0.09278175]), array([0.06041871]))","(array([0.0920291]), array([0.06032949]))","(array([0.09228301]), array([0.06011492]))","(array([0.09353555]), array([0.05976145]))","(array([0.09570355]), array([0.05925933]))","(array([0.09865807]), array([0.05860376]))","(array([0.10224734]), array([0.057796]))"
(0.11660351120339162+0j),[0.24980513],[1.],[0.48094256],[1.],"(array([0.10371369]), array([0.18058032]))","(array([0.09686166]), array([0.06028411]))","(array([0.09445199]), array([0.06039829]))","(array([0.09278177]), array([0.06041874]))","(array([0.09202912]), array([0.06032952]))","(array([0.09228303]), array([0.06011495]))","(array([0.09353557]), array([0.05976148]))","(array([0.09570357]), array([0.05925935]))","(array([0.09865809]), array([0.05860378]))","(array([0.10224736]), array([0.05779602]))","(array([0.10631058]), array([0.05684465]))"
(0.1212877288095946+0j),[0.2447719],[1.],[0.50085029],[1.],"(array([0.10390851]), array([0.18402353]))","(array([0.09445203]), array([0.06039832]))","(array([0.0927818]), array([0.06041876]))","(array([0.09202915]), array([0.06032955]))","(array([0.09228306]), array([0.06011498]))","(array([0.09353559]), array([0.05976151]))","(array([0.0957036]), array([0.05925939]))","(array([0.09865811]), array([0.05860381]))","(array([0.10224739]), array([0.05779605]))","(array([0.10631061]), array([0.05684467]))","(array([0.11068518]), array([0.05576692]))"
(0.12655246304921597+0j),[0.23936787],[1.],[0.52108393],[1.],"(array([0.10478156]), array([0.18746897]))","(array([0.09278184]), array([0.06041879]))","(array([0.09202919]), array([0.06032958]))","(array([0.09228309]), array([0.06011501]))","(array([0.09353563]), array([0.05976155]))","(array([0.09570363]), array([0.05925942]))","(array([0.09865815]), array([0.05860384]))","(array([0.10224742]), array([0.05779608]))","(array([0.10631065]), array([0.0568447]))","(array([0.11068522]), array([0.05576694]))","(array([0.11521148]), array([0.05458965]))"
(0.1322307240638306+0j),[0.233771],[1.],[0.54099361],[1.],"(array([0.10644899]), array([0.19078875]))","(array([0.09202924]), array([0.06032962]))","(array([0.09228313]), array([0.06011505]))","(array([0.09353567]), array([0.05976159]))","(array([0.09570368]), array([0.05925947]))","(array([0.09865819]), array([0.05860389]))","(array([0.10224747]), array([0.05779612]))","(array([0.1063107]), array([0.05684474]))","(array([0.11068528]), array([0.05576698]))","(array([0.11521154]), array([0.05458968]))","(array([0.1197376]), array([0.05334884]))"
(0.13814074577418806+0j),[0.22818021],[1.],[0.56000545],[1.],"(array([0.10898307]), array([0.1938687]))","(array([0.0922832]), array([0.0601151]))","(array([0.09353573]), array([0.05976164]))","(array([0.09570373]), array([0.05925952]))","(array([0.09865825]), array([0.05860394]))","(array([0.10224753]), array([0.05779618]))","(array([0.10631076]), array([0.05684479]))","(array([0.11068534]), array([0.05576702]))","(array([0.11521161]), array([0.05458972]))","(array([0.11973768]), array([0.05334887]))","(array([0.12412552]), array([0.05208704]))"
(0.1440983611631487+0j),[0.22279401],[1.],[0.57765281],[1.],"(array([0.11237529]), array([0.19661394]))","(array([0.0935358]), array([0.05976169]))","(array([0.0957038]), array([0.05925957]))","(array([0.09865831]), array([0.058604]))","(array([0.1022476]), array([0.05779624]))","(array([0.10631083]), array([0.05684485]))","(array([0.11068541]), array([0.05576708]))","(array([0.11521169]), array([0.05458977]))","(array([0.11973777]), array([0.05334891]))","(array([0.12412561]), array([0.05208707]))","(array([0.12825789]), array([0.05084909]))"
(0.1499349403441416+0j),[0.21779194],[1.],[0.59360486],[1.],"(array([0.11653586]), array([0.19895441]))","(array([0.09570388]), array([0.05925963]))","(array([0.09865839]), array([0.05860406]))","(array([0.10224767]), array([0.0577963]))","(array([0.10631091]), array([0.05684492]))","(array([0.1106855]), array([0.05576715]))","(array([0.11521178]), array([0.05458983]))","(array([0.11973787]), array([0.05334897]))","(array([0.12412572]), array([0.05208712]))","(array([0.128258]), array([0.05084913]))","(array([0.13204487]), array([0.04967765]))"
(0.155520268619054+0j),[0.21332326],[1.],[0.60769094],[1.],"(array([0.1213213]), array([0.20085004]))","(array([0.09865849]), array([0.05860412]))","(array([0.10224775]), array([0.05779636]))","(array([0.10631099]), array([0.05684499]))","(array([0.11068559]), array([0.05576722]))","(array([0.11521187]), array([0.05458991]))","(array([0.11973797]), array([0.05334904]))","(array([0.12412583]), array([0.05208718]))","(array([0.12825813]), array([0.05084918]))","(array([0.132045]), array([0.04967769]))","(array([0.13543003]), array([0.04860978]))"
(0.16078821148878436+0j),[0.20950201],[1.],[0.61992003],[1.],"(array([0.1265679]), array([0.20229524]))","(array([0.10224786]), array([0.05779642]))","(array([0.10631108]), array([0.05684505]))","(array([0.11068568]), array([0.05576729]))","(array([0.11521197]), array([0.05458999]))","(array([0.11973807]), array([0.05334912]))","(array([0.12412594]), array([0.05208726]))","(array([0.12825825]), array([0.05084925]))","(array([0.13204513]), array([0.04967775]))","(array([0.13543017]), array([0.04860983]))","(array([0.13839532]), array([0.04767519]))"
(0.16575941090998186+0j),[0.20640543],[1.],[0.63048884],[1.],"(array([0.13211693]), array([0.20332232]))","(array([0.10631119]), array([0.05684511]))","(array([0.11068577]), array([0.05576736]))","(array([0.11521207]), array([0.05459006]))","(array([0.11973818]), array([0.0533492]))","(array([0.12412605]), array([0.05208734]))","(array([0.12825837]), array([0.05084933]))","(array([0.13204526]), array([0.04967782]))","(array([0.13543031]), array([0.04860989]))","(array([0.13839547]), array([0.04767524]))","(array([0.14096413]), array([0.04689546]))"
(0.17055001930898367+0j),[0.20407339],[1.],[0.63976257],[1.],"(array([0.13782788]), array([0.2040015]))","(array([0.11068589]), array([0.05576742]))","(array([0.11521217]), array([0.05459012]))","(array([0.11973828]), array([0.05334928]))","(array([0.12412616]), array([0.05208743]))","(array([0.12825848]), array([0.05084942]))","(array([0.13204538]), array([0.04967791]))","(array([0.13543044]), array([0.04860996]))","(array([0.13839561]), array([0.04767531]))","(array([0.14096428]), array([0.04689551]))","(array([0.14320001]), array([0.04628381]))"
(0.17535318930671237+0j),[0.20250804],[1.],[0.64820855],[1.],"(array([0.14358103]), array([0.2044338]))","(array([0.11521229]), array([0.05459018]))","(array([0.11973838]), array([0.05334934]))","(array([0.12412627]), array([0.0520875]))","(array([0.1282586]), array([0.05084951]))","(array([0.13204551]), array([0.049678]))","(array([0.13543057]), array([0.04861006]))","(array([0.13839575]), array([0.04767539]))","(array([0.14096443]), array([0.04689558]))","(array([0.14320016]), array([0.04628387]))","(array([0.14519696]), array([0.04584503]))"
(0.18038629156492064+0j),[0.20167412],[1.],[0.65627634],[1.],"(array([0.14927164]), array([0.20473375]))","(array([0.11973851]), array([0.05334939]))","(array([0.12412638]), array([0.05208756]))","(array([0.12825871]), array([0.05084959]))","(array([0.13204562]), array([0.04967809]))","(array([0.13543069]), array([0.04861016]))","(array([0.13839587]), array([0.04767548]))","(array([0.14096456]), array([0.04689567]))","(array([0.14320031]), array([0.04628395]))","(array([0.14519711]), array([0.04584509]))","(array([0.14705838]), array([0.04557537]))"
(0.18580656806041668+0j),[0.20150153],[1.],[0.66423963],[1.],"(array([0.15479888]), array([0.20500189]))","(array([0.12412651]), array([0.05208761]))","(array([0.12825883]), array([0.05084964]))","(array([0.13204574]), array([0.04967817]))","(array([0.13543082]), array([0.04861025]))","(array([0.138396]), array([0.04767559]))","(array([0.14096469]), array([0.04689577]))","(array([0.14320044]), array([0.04628404]))","(array([0.14519725]), array([0.04584518]))","(array([0.14705853]), array([0.04557545]))","(array([0.1488657]), array([0.04546291]))"
(0.1916105220499066+0j),[0.20189297],[1.],[0.67204149],[1.],"(array([0.16005324]), array([0.20529211]))","(array([0.12825896]), array([0.05084969]))","(array([0.13204586]), array([0.04967822]))","(array([0.13543094]), array([0.04861033]))","(array([0.13839613]), array([0.04767568]))","(array([0.14096482]), array([0.04689587]))","(array([0.14320057]), array([0.04628415]))","(array([0.14519738]), array([0.04584527]))","(array([0.14705867]), array([0.04557553]))","(array([0.14886584]), array([0.04546299]))","(array([0.15064299]), array([0.04548861]))"
(0.19756509038076642+0j),[0.20273777],[1.],[0.67923773],[1.],"(array([0.16490936]), array([0.20558802]))","(array([0.13204601]), array([0.04967827]))","(array([0.13543107]), array([0.04861038]))","(array([0.13839626]), array([0.04767576]))","(array([0.14096496]), array([0.04689597]))","(array([0.1432007]), array([0.04628426]))","(array([0.14519751]), array([0.04584538]))","(array([0.1470588]), array([0.04557563]))","(array([0.14886598]), array([0.04546308]))","(array([0.15064314]), array([0.04548869]))","(array([0.15233321]), array([0.04562879]))"
(0.2032396001763342+0j),[0.20392935],[1.],[0.6851348],[1.],"(array([0.16923445]), array([0.20580843]))","(array([0.13543122]), array([0.04861043]))","(array([0.1383964]), array([0.04767582]))","(array([0.14096509]), array([0.04689606]))","(array([0.14320085]), array([0.04628436]))","(array([0.14519765]), array([0.0458455]))","(array([0.14705894]), array([0.04557575]))","(array([0.14886612]), array([0.04546318]))","(array([0.15064328]), array([0.04548879]))","(array([0.15233336]), array([0.04562888]))","(array([0.15380764]), array([0.04585873]))"
(0.20813970013281316+0j),[0.20538071],[1.],[0.6890625],[1.],"(array([0.1729142]), array([0.2058463]))","(array([0.13839656]), array([0.04767587]))","(array([0.14096524]), array([0.04689612]))","(array([0.14320099]), array([0.04628444]))","(array([0.14519781]), array([0.0458456]))","(array([0.14705908]), array([0.04557587]))","(array([0.14886626]), array([0.04546331]))","(array([0.15064342]), array([0.0454889]))","(array([0.15233351]), array([0.04562898]))","(array([0.15380779]), array([0.04585883]))","(array([0.15491251]), array([0.04615651]))"
(0.2118512813527079+0j),[0.20703322],[1.],[0.69058765],[1.],"(array([0.17588277]), array([0.20561583]))","(array([0.14096541]), array([0.04689616]))","(array([0.14320115]), array([0.0462845]))","(array([0.14519796]), array([0.04584569]))","(array([0.14705924]), array([0.04557598]))","(array([0.14886641]), array([0.04546343]))","(array([0.15064356]), array([0.04548902]))","(array([0.15233365]), array([0.04562909]))","(array([0.15380793]), array([0.04585893]))","(array([0.15491266]), array([0.0461566]))","(array([0.1555239]), array([0.04650574]))"
(0.21411727261189656+0j),[0.20885891],[1.],[0.68956755],[1.],"(array([0.17813974]), array([0.2050781]))","(array([0.14320133]), array([0.04628455]))","(array([0.14519812]), array([0.04584575]))","(array([0.1470594]), array([0.04557606]))","(array([0.14886657]), array([0.04546353]))","(array([0.15064372]), array([0.04548914]))","(array([0.1523338]), array([0.04562921]))","(array([0.15380808]), array([0.04585904]))","(array([0.15491281]), array([0.04615671]))","(array([0.15552406]), array([0.04650584]))","(array([0.15557752]), array([0.04689683]))"
(0.21484501531433325+0j),[0.21085857],[1.],[0.68609158],[1.],"(array([0.17974838]), array([0.20424014]))","(array([0.1451983]), array([0.0458458]))","(array([0.14705957]), array([0.04557613]))","(array([0.14886674]), array([0.04546362]))","(array([0.15064389]), array([0.04548925]))","(array([0.15233396]), array([0.04562933]))","(array([0.15380823]), array([0.04585916]))","(array([0.15491296]), array([0.04615682]))","(array([0.15552421]), array([0.04650594]))","(array([0.15557768]), array([0.04689692]))","(array([0.15506786]), array([0.04732688]))"
(0.21407711256610856+0j),[0.21305785],[1.],[0.68039288],[1.],"(array([0.18081829]), array([0.20314003]))","(array([0.14705975]), array([0.04557618]))","(array([0.1488669]), array([0.04546369]))","(array([0.15064405]), array([0.04548934]))","(array([0.15233412]), array([0.04562944]))","(array([0.15380839]), array([0.04585928]))","(array([0.15491311]), array([0.04615694]))","(array([0.15552436]), array([0.04650605]))","(array([0.15557783]), array([0.04689702]))","(array([0.15506802]), array([0.04732697]))","(array([0.15403156]), array([0.04779907]))"
(0.21195308644595365+0j),[0.2155013],[1.],[0.67277605],[1.],"(array([0.18147621]), array([0.2018306]))","(array([0.14886708]), array([0.04546374]))","(array([0.15064421]), array([0.0454894]))","(array([0.15233428]), array([0.04562953]))","(array([0.15380855]), array([0.04585939]))","(array([0.15491327]), array([0.04615705]))","(array([0.1555245]), array([0.04650617]))","(array([0.15557797]), array([0.04689712]))","(array([0.15506817]), array([0.04732707]))","(array([0.15403171]), array([0.04779915]))","(array([0.15252928]), array([0.04832144]))"
(0.20867461089522665+0j),[0.21824301],[1.],[0.66357227],[1.],"(array([0.18182966]), array([0.20036753]))","(array([0.15064438]), array([0.04548946]))","(array([0.15233444]), array([0.04562959]))","(array([0.15380871]), array([0.04585947]))","(array([0.15491342]), array([0.04615715]))","(array([0.15552465]), array([0.04650628]))","(array([0.15557811]), array([0.04689724]))","(array([0.15506831]), array([0.04732717]))","(array([0.15403185]), array([0.04779925]))","(array([0.15252943]), array([0.04832153]))","(array([0.15063264]), array([0.04890522]))"
(0.20447683774057177+0j),[0.22133269],[1.],[0.65311582],[1.],"(array([0.18192996]), array([0.19880251]))","(array([0.1523346]), array([0.04562964]))","(array([0.15380885]), array([0.04585953]))","(array([0.15491357]), array([0.04615724]))","(array([0.1555248]), array([0.04650638]))","(array([0.15557825]), array([0.04689735]))","(array([0.15506843]), array([0.04732728]))","(array([0.15403198]), array([0.04779935]))","(array([0.15252956]), array([0.04832162]))","(array([0.15063277]), array([0.04890531]))","(array([0.14841649]), array([0.04956217]))"
(0.19960305371964365+0j),[0.22479834],[1.],[0.64172955],[1.],"(array([0.18174943]), array([0.19718023]))","(array([0.153809]), array([0.04585958]))","(array([0.1549137]), array([0.04615729]))","(array([0.15552493]), array([0.04650645]))","(array([0.15557839]), array([0.04689744]))","(array([0.15506856]), array([0.04732739]))","(array([0.15403209]), array([0.04779946]))","(array([0.15252967]), array([0.04832171]))","(array([0.15063289]), array([0.0489054]))","(array([0.14841661]), array([0.04956226]))","(array([0.14595474]), array([0.05030105]))"
(0.1942785546251821+0j),[0.22863119],[1.],[0.62970482],[1.],"(array([0.18119205]), array([0.19553683]))","(array([0.15491384]), array([0.04615734]))","(array([0.15552506]), array([0.04650651]))","(array([0.15557851]), array([0.04689752]))","(array([0.15506869]), array([0.04732748]))","(array([0.15403221]), array([0.04779955]))","(array([0.15252978]), array([0.04832182]))","(array([0.15063299]), array([0.04890549]))","(array([0.14841671]), array([0.04956234]))","(array([0.14595485]), array([0.05030113]))","(array([0.14331645]), array([0.05112396]))"
(0.1886826022144766+0j),[0.2327807],[1.],[0.6172665],[1.],"(array([0.18013899]), array([0.19389721]))","(array([0.15552519]), array([0.04650655]))","(array([0.15557864]), array([0.04689757]))","(array([0.15506881]), array([0.04732755]))","(array([0.15403233]), array([0.04779964]))","(array([0.15252989]), array([0.04832191]))","(array([0.15063309]), array([0.04890559]))","(array([0.14841681]), array([0.04956244]))","(array([0.14595494]), array([0.05030122]))","(array([0.14331655]), array([0.05112405]))","(array([0.14055963]), array([0.05202409]))"
(0.1829242322469221+0j),[0.23716244],[1.],[0.60452898],[1.],"(array([0.17849868]), array([0.19227023]))","(array([0.15557877]), array([0.0468976]))","(array([0.15506894]), array([0.0473276]))","(array([0.15403246]), array([0.04779971]))","(array([0.15253002]), array([0.048322]))","(array([0.15063321]), array([0.04890569]))","(array([0.14841692]), array([0.04956254]))","(array([0.14595505]), array([0.05030132]))","(array([0.14331665]), array([0.05112414]))","(array([0.14055973]), array([0.05202418]))","(array([0.13772231]), array([0.05298603]))"
(0.17703403356422193+0j),[0.24167426],[1.],[0.59146841],[1.],"(array([0.17623025]), array([0.19064434]))","(array([0.15506912]), array([0.04732764]))","(array([0.15403263]), array([0.04779976]))","(array([0.15253019]), array([0.04832207]))","(array([0.15063337]), array([0.04890578]))","(array([0.14841707]), array([0.04956265]))","(array([0.14595518]), array([0.05030144]))","(array([0.14331677]), array([0.05112426]))","(array([0.14055985]), array([0.05202429]))","(array([0.13772242]), array([0.05298614]))","(array([0.13481449]), array([0.05398854]))"
(0.1709825936053416+0j),[0.24621307],[1.],[0.5779423],[1.],"(array([0.17333897]), array([0.18898855]))","(array([0.15403289]), array([0.04779982]))","(array([0.15253043]), array([0.04832215]))","(array([0.15063361]), array([0.04890588]))","(array([0.14841729]), array([0.04956277]))","(array([0.14595539]), array([0.05030157]))","(array([0.14331696]), array([0.0511244]))","(array([0.14056002]), array([0.05202445]))","(array([0.13772258]), array([0.0529863]))","(array([0.13481463]), array([0.05398869]))","(array([0.13181719]), array([0.05500828]))"
(0.1647235521745928+0j),[0.25068646],[1.],[0.56376585],[1.],"(array([0.16986216]), array([0.18726286]))","(array([0.15253084]), array([0.04832223]))","(array([0.15063399]), array([0.04890599]))","(array([0.14841765]), array([0.04956291]))","(array([0.14595572]), array([0.05030174]))","(array([0.14331727]), array([0.0511246]))","(array([0.1405603]), array([0.05202466]))","(array([0.13772284]), array([0.05298652]))","(array([0.13481486]), array([0.05398892]))","(array([0.1318174]), array([0.05500851]))","(array([0.12869333]), array([0.0560231]))"
(0.15824097222245928+0j),[0.25501726],[1.],[0.54881379],[1.],"(array([0.16585961]), array([0.18543535]))","(array([0.15063461]), array([0.04890614]))","(array([0.14841823]), array([0.0495631]))","(array([0.14595626]), array([0.05030197]))","(array([0.14331777]), array([0.05112486]))","(array([0.14056075]), array([0.05202495]))","(array([0.13772325]), array([0.05298683]))","(array([0.13481523]), array([0.05398925]))","(array([0.13181772]), array([0.05500886]))","(array([0.12869362]), array([0.05602346]))","(array([0.12540777]), array([0.05701384]))"
(0.1515758455392976+0j),[0.25914239],[1.],[0.53309426],[1.],"(array([0.16141001]), array([0.18349787]))","(array([0.14841915]), array([0.04956334]))","(array([0.14595711]), array([0.05030227]))","(array([0.14331855]), array([0.05112522]))","(array([0.14056147]), array([0.05202536]))","(array([0.1377239]), array([0.05298728]))","(array([0.13481582]), array([0.05398973]))","(array([0.13181825]), array([0.05500936]))","(array([0.12869408]), array([0.05602398]))","(array([0.12540817]), array([0.05701437]))","(array([0.12194722]), array([0.0579647]))"
(0.14482626973679072+0j),[0.26300915],[1.],[0.51677491],[1.],"(array([0.15660944]), array([0.1814729]))","(array([0.14595841]), array([0.05030267]))","(array([0.14331975]), array([0.0511257]))","(array([0.14056257]), array([0.05202591]))","(array([0.1377249]), array([0.0529879]))","(array([0.13481672]), array([0.0539904]))","(array([0.13181905]), array([0.05501008]))","(array([0.12869479]), array([0.05602472]))","(array([0.12540879]), array([0.05701514]))","(array([0.12194776]), array([0.05796548]))","(array([0.11833148]), array([0.0588627]))"
(0.13813613768381638+0j),[0.26657148],[1.],[0.50018677],[1.],"(array([0.15156955]), array([0.17941246]))","(array([0.14332152]), array([0.05112631]))","(array([0.14056419]), array([0.05202663]))","(array([0.13772637]), array([0.05298872]))","(array([0.13481805]), array([0.05399131]))","(array([0.13182024]), array([0.05501105]))","(array([0.12869584]), array([0.05602575]))","(array([0.12540972]), array([0.0570162]))","(array([0.12194856]), array([0.05796657]))","(array([0.11833216]), array([0.05886381]))","(array([0.11461678]), array([0.05969679]))"
(0.1316858655387492+0j),[0.26978662],[1.],[0.48383472],[1.],"(array([0.14641521]), array([0.17739551]))","(array([0.14056649]), array([0.05202756]))","(array([0.13772847]), array([0.05298978]))","(array([0.13481995]), array([0.05399249]))","(array([0.13182195]), array([0.05501233]))","(array([0.12869737]), array([0.05602711]))","(array([0.12541106]), array([0.05701763]))","(array([0.12194973]), array([0.05796804]))","(array([0.11833316]), array([0.05886531]))","(array([0.11461762]), array([0.05969831]))","(array([0.11089747]), array([0.06045707]))"
(0.1256863039472525+0j),[0.27261138],[1.],[0.46841438],[1.],"(array([0.14128044]), array([0.17552787]))","(array([0.13773138]), array([0.05299111]))","(array([0.13482259]), array([0.05399399]))","(array([0.13182433]), array([0.05501397]))","(array([0.12869949]), array([0.05602887]))","(array([0.12541295]), array([0.05701948]))","(array([0.12195138]), array([0.05796997]))","(array([0.11833459]), array([0.05886729]))","(array([0.11461883]), array([0.05970032]))","(array([0.11089846]), array([0.06045909]))","(array([0.10730898]), array([0.06113395]))"
(0.12036732220480076+0j),[0.27499761],[1.],[0.45480148],[1.],"(array([0.13630074]), array([0.17394263]))","(array([0.13482615]), array([0.05399585]))","(array([0.13182755]), array([0.05501603]))","(array([0.12870238]), array([0.05603109]))","(array([0.12541551]), array([0.05702184]))","(array([0.12195364]), array([0.05797243]))","(array([0.11833656]), array([0.05886983]))","(array([0.11462051]), array([0.05970291]))","(array([0.11089988]), array([0.06046171]))","(array([0.10731013]), array([0.06113657]))","(array([0.10402856]), array([0.06171721]))"
(0.11595129333430475+0j),[0.27688758],[1.],[0.44396147],[1.],"(array([0.13160018]), array([0.17279255]))","(array([0.13183179]), array([0.05501853]))","(array([0.1287062]), array([0.05603382]))","(array([0.12541892]), array([0.05702475]))","(array([0.12195666]), array([0.05797549]))","(array([0.1183392]), array([0.058873]))","(array([0.1146228]), array([0.05970616]))","(array([0.11090182]), array([0.06046501]))","(array([0.10731173]), array([0.06113989]))","(array([0.10402984]), array([0.06172053]))","(array([0.10126385]), array([0.06219497]))"
(0.11261363272932966+0j),[0.27821176],[1.],[0.43676277],[1.],"(array([0.12727558]), array([0.17222634]))","(array([0.12871115]), array([0.05603711]))","(array([0.12542336]), array([0.05702828]))","(array([0.1219606]), array([0.05797922]))","(array([0.11834267]), array([0.05887689]))","(array([0.11462582]), array([0.05971016]))","(array([0.1109044]), array([0.06046909]))","(array([0.1073139]), array([0.06114401]))","(array([0.1040316]), array([0.06172465]))","(array([0.10126521]), array([0.06219907]))","(array([0.09922165]), array([0.06255288]))"
(0.11045122279919108+0j),[0.27889201],[1.],[0.43377155],[1.],"(array([0.12338509]), array([0.17235363]))","(array([0.12542903]), array([0.05703249]))","(array([0.12196566]), array([0.05798369]))","(array([0.11834714]), array([0.05888156]))","(array([0.11462973]), array([0.059715]))","(array([0.11090778]), array([0.06047404]))","(array([0.10731676]), array([0.06114903]))","(array([0.10403396]), array([0.06172969]))","(array([0.10126709]), array([0.0622041]))","(array([0.09922306]), array([0.06255785]))","(array([0.09806367]), array([0.0627742]))"
(0.10947958953401027+0j),[0.27885022],[1.],[0.43515033],[1.],"(array([0.11994983]), array([0.1732173]))","(array([0.12197205]), array([0.05798897]))","(array([0.11835282]), array([0.05888712]))","(array([0.11463472]), array([0.05972077]))","(array([0.11091211]), array([0.06047996]))","(array([0.10732046]), array([0.06115505]))","(array([0.10403706]), array([0.06173577]))","(array([0.1012696]), array([0.06221018]))","(array([0.099225]), array([0.06256388]))","(array([0.09806506]), array([0.06278014]))","(array([0.09787171]), array([0.06284117]))"
(0.10965583675608222+0j),[0.27801997],[1.],[0.44069916],[1.],"(array([0.11696831]), array([0.17478929]))","(array([0.11835996]), array([0.05889365]))","(array([0.11464103]), array([0.05972759]))","(array([0.11091762]), array([0.06048699]))","(array([0.1073252]), array([0.06116222]))","(array([0.10404106]), array([0.06174303]))","(array([0.1012729]), array([0.06221746]))","(array([0.09922762]), array([0.06257113]))","(array([0.09806702]), array([0.06278731]))","(array([0.09787303]), array([0.0628482]))","(array([0.09864099]), array([0.0627373]))"
(0.11090762636614274+0j),[0.27635737],[1.],[0.44997526],[1.],"(array([0.1144346]), array([0.17698736]))","(array([0.11464893]), array([0.05973557]))","(array([0.11092456]), array([0.06049526]))","(array([0.10733121]), array([0.06117069]))","(array([0.10404618]), array([0.06175162]))","(array([0.10127716]), array([0.06222611]))","(array([0.09923106]), array([0.06257977]))","(array([0.09806968]), array([0.06279587]))","(array([0.09787493]), array([0.06285662]))","(array([0.09864216]), array([0.06274553]))","(array([0.10029862]), array([0.06245014]))"
(0.11315323699353068+0j),[0.27384932],[1.],[0.46241029],[1.],"(array([0.11235319]), array([0.17969808]))","(array([0.11093323]), array([0.06050491]))","(array([0.10733878]), array([0.06118062]))","(array([0.10405268]), array([0.06176173]))","(array([0.10128263]), array([0.06223632]))","(array([0.09923554]), array([0.06258999]))","(array([0.09807321]), array([0.06280604]))","(array([0.09787756]), array([0.06286665]))","(array([0.09864393]), array([0.06275536]))","(array([0.10029956]), array([0.06245972]))","(array([0.10272998]), array([0.06197321]))"
(0.11630831816295259+0j),[0.27051927],[1.],[0.47738436],[1.],"(array([0.11075007]), array([0.18279603]))","(array([0.1073482]), array([0.06119217]))","(array([0.10406084]), array([0.06177354]))","(array([0.10128956]), array([0.06224827]))","(array([0.09924129]), array([0.06260201]))","(array([0.09807782]), array([0.06281801]))","(array([0.09788109]), array([0.06287851]))","(array([0.09864644]), array([0.06276701]))","(array([0.1003011]), array([0.06247109]))","(array([0.1027306]), array([0.06198426]))","(array([0.10580083]), array([0.0613078]))"
(0.12028100592785095+0j),[0.26643139],[1.],[0.49425356],[1.],"(array([0.10968052]), array([0.1861534]))","(array([0.10407094]), array([0.06178721]))","(array([0.10129823]), array([0.06226216]))","(array([0.09924855]), array([0.062616]))","(array([0.09808374]), array([0.062832]))","(array([0.09788574]), array([0.06289239]))","(array([0.09864987]), array([0.06278069]))","(array([0.1003034]), array([0.06248448]))","(array([0.10273183]), array([0.06199729]))","(array([0.10580104]), array([0.06132042]))","(array([0.10936869]), array([0.06046407]))"
(0.12495971567482737+0j),[0.26169332],[1.],[0.51234937],[1.],"(array([0.10923065]), array([0.18964197]))","(array([0.10130889]), array([0.06227813]))","(array([0.09925759]), array([0.06263213]))","(array([0.09809121]), array([0.06284817]))","(array([0.09789169]), array([0.06290847]))","(array([0.0986544]), array([0.06279658]))","(array([0.10030659]), array([0.06250008]))","(array([0.10273378]), array([0.0620125]))","(array([0.10580184]), array([0.06133518]))","(array([0.10936841]), array([0.06047831]))","(array([0.11328591]), array([0.05946171]))"
(0.13020152472876043+0j),[0.25645529],[1.],[0.53098026],[1.],"(array([0.10950597]), array([0.19313211]))","(array([0.09926862]), array([0.06265051]))","(array([0.09810043]), array([0.06286664]))","(array([0.09789917]), array([0.0629269]))","(array([0.09866022]), array([0.06281483]))","(array([0.10031085]), array([0.06251802]))","(array([0.1027366]), array([0.06203005]))","(array([0.10580333]), array([0.06135224]))","(array([0.10936868]), array([0.06049481]))","(array([0.11328506]), array([0.05947758]))","(array([0.11739963]), array([0.05833011]))"
(0.13583077757962392+0j),[0.25090231],[1.],[0.54946137],[1.],"(array([0.11060277]), array([0.19649448]))","(array([0.09811159]), array([0.0628875]))","(array([0.09790835]), array([0.06294775]))","(array([0.09866751]), array([0.06283552]))","(array([0.10031635]), array([0.06253843]))","(array([0.10274044]), array([0.06205004]))","(array([0.10580565]), array([0.06137172]))","(array([0.10936962]), array([0.0605137]))","(array([0.11328473]), array([0.05949579]))","(array([0.11739816]), array([0.05834757]))","(array([0.12155524]), array([0.05710729]))"
(0.14165163427232874+0j),[0.24523863],[1.],[0.5671706],[1.],"(array([0.11257101]), array([0.19960705]))","(array([0.09791939]), array([0.0629711]))","(array([0.09867643]), array([0.06285875]))","(array([0.10032325]), array([0.06256137]))","(array([0.10274545]), array([0.06207256]))","(array([0.10580893]), array([0.06139371]))","(array([0.10937133]), array([0.06053506]))","(array([0.11328504]), array([0.05951644]))","(array([0.1173972]), array([0.05836742]))","(array([0.12155315]), array([0.05712627]))","(array([0.12560597]), array([0.05583724]))"
(0.14746987331003159+0j),[0.23966823],[1.],[0.58360668],[1.],"(array([0.1153894]), array([0.20236554]))","(array([0.09868711]), array([0.06288457]))","(array([0.10033169]), array([0.06258693]))","(array([0.10275178]), array([0.0620977]))","(array([0.10581331]), array([0.06141829]))","(array([0.10937395]), array([0.06055897]))","(array([0.11328608]), array([0.0595396]))","(array([0.11739685]), array([0.05838974]))","(array([0.12155155]), array([0.05714767]))","(array([0.12560329]), array([0.05585764]))","(array([0.12942569]), array([0.05456594]))"
(0.15311752559380712+0j),[0.23437765],[1.],[0.59843017],[1.],"(array([0.11896783]), array([0.20469339]))","(array([0.1003418]), array([0.06261517]))","(array([0.10275957]), array([0.06212552]))","(array([0.10581894]), array([0.06144554]))","(array([0.10937761]), array([0.06058553]))","(array([0.11328799]), array([0.05956536]))","(array([0.11739721]), array([0.05841463]))","(array([0.12155056]), array([0.05717159]))","(array([0.12560111]), array([0.0558805]))","(array([0.12942249]), array([0.05458768]))","(array([0.13292002]), array([0.05333727]))"
(0.15847677995814602+0j),[0.22952491],[1.],[0.61148447],[1.],"(array([0.12317212]), array([0.20654899]))","(array([0.10276895]), array([0.06215613]))","(array([0.10582596]), array([0.06147557]))","(array([0.10938246]), array([0.06061483]))","(array([0.11329089]), array([0.05959382]))","(array([0.1173984]), array([0.05844215]))","(array([0.12155027]), array([0.05719811]))","(array([0.12559954]), array([0.05590593]))","(array([0.1294198]), array([0.05461193]))","(array([0.13291639]), array([0.05336028]))","(array([0.13603331]), array([0.05218989]))"
(0.1635011725674713+0j),[0.22523443],[1.],[0.62280171],[1.],"(array([0.12785347]), array([0.20792944]))","(array([0.1058345]), array([0.06150848]))","(array([0.10938865]), array([0.06064699]))","(array([0.11329494]), array([0.05962509]))","(array([0.11740056]), array([0.05847244]))","(array([0.1215508]), array([0.05722732]))","(array([0.12559867]), array([0.05593402]))","(array([0.12941776]), array([0.05463879]))","(array([0.13291331]), array([0.05338584]))","(array([0.13602938]), array([0.05221411]))","(array([0.13875176]), array([0.05115547]))"
(0.16823037076510294+0j),[0.22159523],[1.],[0.63259416],[1.],"(array([0.13287107]), array([0.20887176]))","(array([0.10939629]), array([0.06068211]))","(array([0.11330029]), array([0.0596593]))","(array([0.11740386]), array([0.0585056]))","(array([0.12155231]), array([0.05725934]))","(array([0.12559866]), array([0.05596483]))","(array([0.12941645]), array([0.05466835]))","(array([0.13291093]), array([0.05341407]))","(array([0.13602606]), array([0.05224091]))","(array([0.13874768]), array([0.05118082]))","(array([0.14110316]), array([0.05025792]))"
(0.17279136614104107+0j),[0.2186602],[1.],[0.64122306],[1.],"(array([0.13810146]), array([0.20944999]))","(array([0.11330708]), array([0.05969651]))","(array([0.11740846]), array([0.05854173]))","(array([0.12155497]), array([0.05729426]))","(array([0.12559966]), array([0.05599847]))","(array([0.12941605]), array([0.05470066]))","(array([0.13290935]), array([0.053445]))","(array([0.1360235]), array([0.0522704]))","(array([0.13874428]), array([0.05120879]))","(array([0.14109908]), array([0.05028435]))","(array([0.14315241]), array([0.04951321]))"
(0.17737706478774753+0j),[0.2164453],[1.],[0.64913172],[1.],"(array([0.14343622]), array([0.2097662]))","(array([0.11741449]), array([0.05858084]))","(array([0.12155896]), array([0.05733213]))","(array([0.12560186]), array([0.05603498]))","(array([0.12941673]), array([0.05473575]))","(array([0.13290876]), array([0.05347864]))","(array([0.13602185]), array([0.05230258]))","(array([0.13874175]), array([0.05123943]))","(array([0.1410958]), array([0.05031338]))","(array([0.14314853]), array([0.04954061]))","(array([0.14499047]), array([0.04892909]))"
(0.18219636781440274+0j),[0.21492887],[1.],[0.65673609],[1.],"(array([0.14877214]), array([0.20993327]))","(array([0.12156441]), array([0.0573729]))","(array([0.12560544]), array([0.05607435]))","(array([0.12941869]), array([0.05477363]))","(array([0.13290936]), array([0.05351499]))","(array([0.13602131]), array([0.05233737]))","(array([0.13874026]), array([0.05127267]))","(array([0.14109352]), array([0.05034501]))","(array([0.14314558]), array([0.04957057]))","(array([0.144987]), array([0.04895736]))","(array([0.14671445]), array([0.04850496]))"
(0.187395770335543+0j),[0.21405332],[1.],[0.66428052],[1.],"(array([0.15400023]), array([0.2100492]))","(array([0.12561055]), array([0.05611645]))","(array([0.12942213]), array([0.05481421]))","(array([0.13291135]), array([0.05355397]))","(array([0.13602208]), array([0.05237472]))","(array([0.13874001]), array([0.05130839]))","(array([0.14109242]), array([0.05037911]))","(array([0.14314377]), array([0.04960301]))","(array([0.1449846]), array([0.04898807]))","(array([0.14671161]), array([0.04853395]))","(array([0.14839907]), array([0.04823194]))"
(0.19296535850793942+0j),[0.21373197],[1.],[0.67169469],[1.],"(array([0.1589983]), array([0.21016696]))","(array([0.12942716]), array([0.05485725]))","(array([0.1329149]), array([0.05359538]))","(array([0.13602436]), array([0.05241444]))","(array([0.13874121]), array([0.05134642]))","(array([0.14109271]), array([0.05041546]))","(array([0.14314329]), array([0.04963771]))","(array([0.14498349]), array([0.04902109]))","(array([0.14670999]), array([0.04856522]))","(array([0.14839708]), array([0.04826147]))","(array([0.15006441]), array([0.04809384]))"
(0.19867394087378126+0j),[0.21386273],[1.],[0.67853971],[1.],"(array([0.16363072]), array([0.21027263]))","(array([0.13292014]), array([0.05363888]))","(array([0.13602831]), array([0.05245625]))","(array([0.13874404]), array([0.05138648]))","(array([0.14109458]), array([0.05045379]))","(array([0.14314435]), array([0.04967435]))","(array([0.14498386]), array([0.04905607]))","(array([0.1467098]), array([0.04859853]))","(array([0.14839645]), array([0.04829305]))","(array([0.15006348]), array([0.04812369]))","(array([0.1516539]), array([0.04806947]))"
(0.20409634376573343+0j),[0.21434597],[1.],[0.68413178],[1.],"(array([0.16776027]), array([0.21028996]))","(array([0.136034]), array([0.05249966]))","(array([0.13874861]), array([0.05142816]))","(array([0.14109817]), array([0.05049372]))","(array([0.1431471]), array([0.04971255]))","(array([0.14498588]), array([0.04909259]))","(array([0.1467112]), array([0.04863342]))","(array([0.14839736]), array([0.04832631]))","(array([0.15006402]), array([0.04815526]))","(array([0.15165418]), array([0.04809936]))","(array([0.15304228]), array([0.04813626]))"
(0.20873673886471028+0j),[0.21510092],[1.],[0.68779389],[1.],"(array([0.17127291]), array([0.21011565]))","(array([0.13875496]), array([0.05147091]))","(array([0.14110356]), array([0.05053475]))","(array([0.14315163]), array([0.04975184]))","(array([0.14498967]), array([0.0491302]))","(array([0.14671434]), array([0.04866941]))","(array([0.14839996]), array([0.04836072]))","(array([0.15006618]), array([0.04818812]))","(array([0.15165602]), array([0.04813061]))","(array([0.15304387]), array([0.04816591]))","(array([0.15407768]), array([0.04827409]))"
(0.21216922905467875+0j),[0.21607549],[1.],[0.68906572],[1.],"(array([0.17410415]), array([0.20966373]))","(array([0.14111072]), array([0.05057627]))","(array([0.14315795]), array([0.0497917]))","(array([0.14499524]), array([0.04916839]))","(array([0.14671926]), array([0.04870599]))","(array([0.14840431]), array([0.04839577]))","(array([0.15007004]), array([0.04822169]))","(array([0.15165948]), array([0.04816273]))","(array([0.15304702]), array([0.04819652]))","(array([0.15408056]), array([0.04830321]))","(array([0.15463315]), array([0.04846819]))"
(0.21412241167660695+0j),[0.21724893],[1.],[0.68777189],[1.],"(array([0.17625303]), array([0.20889232]))","(array([0.14316601]), array([0.04983153]))","(array([0.14500257]), array([0.04920665]))","(array([0.14672594]), array([0.04874268]))","(array([0.14841042]), array([0.04843097]))","(array([0.15007565]), array([0.04825547]))","(array([0.15166464]), array([0.04819515]))","(array([0.15305178]), array([0.04822761]))","(array([0.15408498]), array([0.04833292]))","(array([0.15463723]), array([0.04849654]))","(array([0.15463757]), array([0.04871049]))"
(0.21449642146469103+0j),[0.21862946],[1.],[0.68397873],[1.],"(array([0.17777914]), array([0.20780571]))","(array([0.14501157]), array([0.04924443]))","(array([0.14673431]), array([0.04877901]))","(array([0.14841822]), array([0.04846587]))","(array([0.15008294]), array([0.04828902]))","(array([0.15167147]), array([0.04822742]))","(array([0.15305816]), array([0.04825867]))","(array([0.15409094]), array([0.04836277]))","(array([0.15464278]), array([0.04852514]))","(array([0.15464269]), array([0.04873787]))","(array([0.15407836]), array([0.04899964]))"
(0.21333741610315576+0j),[0.22024916],[1.],[0.67791083],[1.],"(array([0.17878518]), array([0.20644162]))","(array([0.14674425]), array([0.04881451]))","(array([0.14842761]), array([0.04850006]))","(array([0.15009183]), array([0.04832193]))","(array([0.15167989]), array([0.04825915]))","(array([0.15306612]), array([0.04828927]))","(array([0.15409841]), array([0.04839231]))","(array([0.15464976]), array([0.04855361]))","(array([0.15464916]), array([0.04876523]))","(array([0.15408429]), array([0.0490259]))","(array([0.15298735]), array([0.04934014]))"
(0.21079669610689286+0j),[0.22215703],[1.],[0.66987534],[1.],"(array([0.17938942]), array([0.20485502]))","(array([0.14843846]), array([0.04853315]))","(array([0.15010219]), array([0.04835388]))","(array([0.15168978]), array([0.04828999]))","(array([0.15307554]), array([0.04831909]))","(array([0.15410732]), array([0.04842116]))","(array([0.15465811]), array([0.04858154]))","(array([0.15465694]), array([0.04879223]))","(array([0.15409147]), array([0.04905192]))","(array([0.15299388]), array([0.04936519]))","(array([0.15142319]), array([0.04974105]))"
(0.20709091252306752+0j),[0.22440937],[1.],[0.66021106],[1.],"(array([0.17969179]), array([0.20310517]))","(array([0.15011387]), array([0.04838453]))","(array([0.151701]), array([0.04831967]))","(array([0.15308628]), array([0.04834784]))","(array([0.15411756]), array([0.04844905]))","(array([0.15466777]), array([0.04860862]))","(array([0.15466595]), array([0.04881852]))","(array([0.1540998]), array([0.04907741]))","(array([0.15300151]), array([0.04938983]))","(array([0.15143008]), array([0.04976484]))","(array([0.14945735]), array([0.05021416]))"
(0.20246875149940985+0j),[0.22705626],[1.],[0.64925961],[1.],"(array([0.17973935]), array([0.20124765]))","(array([0.15171339]), array([0.04834793]))","(array([0.1530982]), array([0.04837529]))","(array([0.15412895]), array([0.04847575]))","(array([0.15467859]), array([0.04863461]))","(array([0.15467611]), array([0.04884384]))","(array([0.15410923]), array([0.04910207]))","(array([0.15301016]), array([0.0494138]))","(array([0.15143794]), array([0.04978808]))","(array([0.14946438]), array([0.05023666]))","(array([0.1471653]), array([0.05077136]))"
(0.19718261055292644+0j),[0.23012523],[1.],[0.63734719],[1.],"(array([0.17950461]), array([0.19933044]))","(array([0.15311113]), array([0.04840123]))","(array([0.15414136]), array([0.04850105]))","(array([0.1546904]), array([0.04865931]))","(array([0.15468726]), array([0.04886797]))","(array([0.15411963]), array([0.04912565]))","(array([0.15301975]), array([0.04943683]))","(array([0.15144668]), array([0.04981053]))","(array([0.14947226]), array([0.05025848]))","(array([0.14717229]), array([0.05079253]))","(array([0.14462135]), array([0.0514213]))"
(0.1914618167963148+0j),[0.23360692],[1.],[0.62476326],[1.],"(array([0.17889424]), array([0.19739187]))","(array([0.15415459]), array([0.04852476]))","(array([0.15470305]), array([0.04868254]))","(array([0.15469923]), array([0.04889074]))","(array([0.15413085]), array([0.04914798]))","(array([0.15303015]), array([0.04945872]))","(array([0.1514562]), array([0.04983197]))","(array([0.14948087]), array([0.05027942]))","(array([0.14717999]), array([0.05081294]))","(array([0.14462812]), array([0.05144115]))","(array([0.1418941]), array([0.05216595]))"
(0.185486607519882+0j),[0.23744991],[1.],[0.61172792],[1.],"(array([0.17779013]), array([0.19545793]))","(array([0.15471633]), array([0.04870415]))","(array([0.15471184]), array([0.048912]))","(array([0.15414271]), array([0.0491689]))","(array([0.1530412]), array([0.0494793]))","(array([0.15146637]), array([0.0498522]))","(array([0.14949012]), array([0.05029928]))","(array([0.1471883]), array([0.05083239]))","(array([0.14463548]), array([0.05146014]))","(array([0.14190051]), array([0.05218445]))","(array([0.13904031]), array([0.05299832]))"
(0.17936793761530076+0j),[0.24156766],[1.],[0.5983541],[1.],"(array([0.17609688]), array([0.1935384]))","(array([0.15472492]), array([0.04893164]))","(array([0.15415504]), array([0.04918829]))","(array([0.15305272]), array([0.04949845]))","(array([0.15147703]), array([0.04987109]))","(array([0.14949987]), array([0.05031791]))","(array([0.1471971]), array([0.05085072]))","(array([0.14464333]), array([0.05147813]))","(array([0.14190741]), array([0.05220205]))","(array([0.13904625]), array([0.05301549]))","(array([0.13609691]), array([0.05390269]))"
(0.17314292206580306+0j),[0.24585365],[1.],[0.5846263],[1.],"(array([0.17376734]), array([0.19162361]))","(array([0.15416767]), array([0.04920609]))","(array([0.15306455]), array([0.04951609]))","(array([0.15148801]), array([0.04988856]))","(array([0.14950996]), array([0.05033519]))","(array([0.14720627]), array([0.0508678]))","(array([0.14465156]), array([0.05149497]))","(array([0.14191468]), array([0.05221861]))","(array([0.13905258]), array([0.05303171]))","(array([0.13610231]), array([0.05391853]))","(array([0.13307438]), array([0.0548571]))"
(0.1667938530712567+0j),[0.25019803],[1.],[0.57042213],[1.],"(array([0.17080214]), array([0.18968636]))","(array([0.15307653]), array([0.04953218]))","(array([0.15149916]), array([0.04990457]))","(array([0.14952024]), array([0.05035109]))","(array([0.14721566]), array([0.05088356]))","(array([0.14466003]), array([0.05151058]))","(array([0.14192223]), array([0.05223402]))","(array([0.1390592]), array([0.05304689]))","(array([0.13610801]), array([0.05393342]))","(array([0.13307919]), array([0.05487165]))","(array([0.12995679]), array([0.055837]))"
(0.16028764946481583+0j),[0.25449969],[1.],[0.55558342],[1.],"(array([0.167238]), array([0.18769175]))","(array([0.15151035]), array([0.0499191]))","(array([0.14953059]), array([0.05036559]))","(array([0.14722514]), array([0.050898]))","(array([0.14466863]), array([0.05152492]))","(array([0.14192993]), array([0.05224824]))","(array([0.13906601]), array([0.05306095]))","(array([0.13611393]), array([0.05394727]))","(array([0.13308424]), array([0.05488525]))","(array([0.12996099]), array([0.05585029]))","(array([0.12671223]), array([0.05681849]))"
(0.15361757327740458+0j),[0.25867187],[1.],[0.54000833],[1.],"(array([0.16313744]), array([0.18561273]))","(array([0.1495409]), array([0.0503787]))","(array([0.14723461]), array([0.05091111]))","(array([0.14467725]), array([0.05153799]))","(array([0.1419377]), array([0.05226126]))","(array([0.13907292]), array([0.05307387]))","(array([0.13611999]), array([0.05396006]))","(array([0.13308945]), array([0.05489785]))","(array([0.12996539]), array([0.05586267]))","(array([0.12671583]), array([0.05683059]))","(array([0.12331112]), array([0.05778036]))"
(0.1468263056701181+0j),[0.26264215],[1.],[0.52371861],[1.],"(array([0.15858317]), array([0.18344412]))","(array([0.14724398]), array([0.05092294]))","(array([0.14468581]), array([0.05154985]))","(array([0.14194544]), array([0.0522731]))","(array([0.13907985]), array([0.05308567]))","(array([0.13612611]), array([0.05397178]))","(array([0.13309477]), array([0.05490945]))","(array([0.12996992]), array([0.05587411]))","(array([0.12671959]), array([0.05684182]))","(array([0.12331415]), array([0.05779133]))","(array([0.11974417]), array([0.05870463]))"
(0.1400069039293711+0j),[0.26634959],[1.],[0.50688685],[1.],"(array([0.15367493]), array([0.18120907]))","(array([0.14469426]), array([0.05156055]))","(array([0.14195311]), array([0.05228383]))","(array([0.13908673]), array([0.0530964]))","(array([0.13613222]), array([0.05398248]))","(array([0.13310012]), array([0.05492008]))","(array([0.12997452]), array([0.05588463]))","(array([0.12672347]), array([0.05685219]))","(array([0.12331732]), array([0.0578015]))","(array([0.11974666]), array([0.05871456]))","(array([0.116033]), array([0.05957623]))"
(0.13329484342342027+0j),[0.26974129],[1.],[0.48984758],[1.],"(array([0.14852702]), array([0.17895914]))","(array([0.14196066]), array([0.05229354]))","(array([0.13909355]), array([0.05310614]))","(array([0.1361383]), array([0.05399223]))","(array([0.13310548]), array([0.05492981]))","(array([0.12997917]), array([0.05589428]))","(array([0.12672743]), array([0.05686174]))","(array([0.12332061]), array([0.05781091]))","(array([0.1197493]), array([0.05872378]))","(array([0.11603502]), array([0.05958523]))","(array([0.11223452]), array([0.06038228]))"
(0.12686275500986502+0j),[0.27276887],[1.],[0.47311882],[1.],"(array([0.14326631]), array([0.17677366]))","(array([0.13910029]), array([0.053115]))","(array([0.13614434]), array([0.05400113]))","(array([0.13311082]), array([0.05493871]))","(array([0.12998384]), array([0.05590315]))","(array([0.12673145]), array([0.05687054]))","(array([0.12332398]), array([0.05781961]))","(array([0.11975206]), array([0.05873234]))","(array([0.11603718]), array([0.05959361]))","(array([0.11223612]), array([0.06039045]))","(array([0.10844463]), array([0.0611113]))"
(0.12091795663810871+0j),[0.27538439],[1.],[0.45743197],[1.],"(array([0.13802974]), array([0.17476217]))","(array([0.13615035]), array([0.05400927]))","(array([0.13311617]), array([0.05494689]))","(array([0.12998854]), array([0.05591134]))","(array([0.12673551]), array([0.05687869]))","(array([0.12332744]), array([0.05782769]))","(array([0.11975493]), array([0.05874032]))","(array([0.11603948]), array([0.05960145]))","(array([0.11223787]), array([0.06039812]))","(array([0.10844586]), array([0.06111876]))","(array([0.10480409]), array([0.06175237]))"
(0.11569251642161099+0j),[0.27753535],[1.],[0.44372812],[1.],"(array([0.13295868]), array([0.17306668]))","(array([0.13312155]), array([0.05495447]))","(array([0.12999329]), array([0.05591895]))","(array([0.12673965]), array([0.05688629]))","(array([0.12333099]), array([0.05783525]))","(array([0.1197579]), array([0.05874781]))","(array([0.11604191]), array([0.05960883]))","(array([0.11223977]), array([0.06040537]))","(array([0.10844726]), array([0.06112584]))","(array([0.10480501]), array([0.06175924]))","(array([0.10150153]), array([0.06229414]))"
(0.11141335730592138+0j),[0.27916022],[1.],[0.43305198],[1.],"(array([0.12818706]), array([0.17185299]))","(array([0.12999813]), array([0.05592608]))","(array([0.12674389]), array([0.05689345]))","(array([0.12333465]), array([0.05784239]))","(array([0.119761]), array([0.0587549]))","(array([0.11604447]), array([0.05961585]))","(array([0.11224182]), array([0.06041227]))","(array([0.10844882]), array([0.0611326]))","(array([0.10480611]), array([0.06176584]))","(array([0.10150219]), array([0.06230054]))","(array([0.09876112]), array([0.06272376]))"
(0.10825543918282252+0j),[0.28018708],[1.],[0.42632312],[1.],"(array([0.12382313]), array([0.1712812]))","(array([0.12674827]), array([0.05690025]))","(array([0.12333845]), array([0.0578492]))","(array([0.11976426]), array([0.05876169]))","(array([0.1160472]), array([0.05962258]))","(array([0.11224404]), array([0.06041892]))","(array([0.10845055]), array([0.06113913]))","(array([0.10480738]), array([0.06177222]))","(array([0.10150303]), array([0.06230676]))","(array([0.09876155]), array([0.06272978]))","(array([0.09680476]), array([0.06302613]))"
(0.10630605977748787+0j),[0.28053772],[1.],[0.42409495],[1.],"(array([0.11993304]), array([0.17146318]))","(array([0.12334245]), array([0.05785575]))","(array([0.1197677]), array([0.05876824]))","(array([0.1160501]), array([0.0596291]))","(array([0.11224643]), array([0.06042537]))","(array([0.10845247]), array([0.06114549]))","(array([0.10480883]), array([0.06177847]))","(array([0.10150404]), array([0.06231285]))","(array([0.09876216]), array([0.0627357]))","(array([0.096805]), array([0.06303185]))","(array([0.09579901]), array([0.06318427]))"
(0.10556554586829513+0j),[0.28013683],[1.],[0.42645807],[1.],"(array([0.11653879]), array([0.17243223]))","(array([0.11977136]), array([0.05877461]))","(array([0.11605323]), array([0.05963546]))","(array([0.11224905]), array([0.0604317]))","(array([0.10845459]), array([0.06115175]))","(array([0.10481048]), array([0.06178462]))","(array([0.10150526]), array([0.06231887]))","(array([0.09876296]), array([0.06274157]))","(array([0.09680541]), array([0.06303754]))","(array([0.09579907]), array([0.06318976]))","(array([0.09581685]), array([0.06318082]))"
(0.10597628268959917+0j),[0.27892317],[1.],[0.43311539],[1.],"(array([0.11363287]), array([0.17414271]))","(array([0.11605662]), array([0.05964172]))","(array([0.11225191]), array([0.06043794]))","(array([0.10845694]), array([0.06115794]))","(array([0.10481236]), array([0.06179073]))","(array([0.10150668]), array([0.06232488]))","(array([0.09876396]), array([0.06274743]))","(array([0.09680602]), array([0.06304324]))","(array([0.09579931]), array([0.06319527]))","(array([0.09581676]), array([0.06318613]))","(array([0.09683524]), array([0.06300039]))"
(0.10745446867196048+0j),[0.27685956],[1.],[0.44353103],[1.],"(array([0.11119956]), array([0.17649277]))","(array([0.11225506]), array([0.06044414]))","(array([0.10845958]), array([0.06116411]))","(array([0.1048145]), array([0.06179684]))","(array([0.10150836]), array([0.0623309]))","(array([0.0987652]), array([0.06275333]))","(array([0.09680684]), array([0.063049]))","(array([0.09579975]), array([0.06320086]))","(array([0.09581685]), array([0.06319152]))","(array([0.09683502]), array([0.06300557]))","(array([0.09876042]), array([0.06263192]))"
(0.10990919652060412+0j),[0.27394036],[1.],[0.45705925],[1.],"(array([0.10923326]), array([0.17935176]))","(array([0.10846254]), array([0.0611703]))","(array([0.10481695]), array([0.06180299]))","(array([0.10151031]), array([0.06233698]))","(array([0.09876669]), array([0.06275932]))","(array([0.0968079]), array([0.06305485]))","(array([0.09580042]), array([0.06320656]))","(array([0.09581715]), array([0.06319704]))","(array([0.09683499]), array([0.06301088]))","(array([0.09876008]), array([0.06263702]))","(array([0.10145922]), array([0.06207066]))"
(0.11324700778561422+0j),[0.27019706],[1.],[0.47301826],[1.],"(array([0.10775239]), array([0.18257998]))","(array([0.10481975]), array([0.06180924]))","(array([0.1015126]), array([0.06234318]))","(array([0.09876849]), array([0.06276543]))","(array([0.09680925]), array([0.06306086]))","(array([0.09580133]), array([0.06321242]))","(array([0.09581767]), array([0.06320274]))","(array([0.09683515]), array([0.06301639]))","(array([0.09875993]), array([0.06264231]))","(array([0.10145878]), array([0.06207573]))","(array([0.10478194]), array([0.06131956]))"
(0.11736567168391215+0j),[0.26570296],[1.],[0.49071542],[1.],"(array([0.10680986]), array([0.18603808]))","(array([0.10151528]), array([0.06234956]))","(array([0.09877066]), array([0.06277175]))","(array([0.09681092]), array([0.06306708]))","(array([0.09580255]), array([0.06321852]))","(array([0.09581847]), array([0.06320868]))","(array([0.09683556]), array([0.06302216]))","(array([0.09875999]), array([0.06264788]))","(array([0.10145852]), array([0.06208107]))","(array([0.1047814]), array([0.06132466]))","(array([0.1085735]), array([0.06039048]))"
(0.12214278718621362+0j),[0.26057677],[1.],[0.50944812],[1.],"(array([0.10649673]), array([0.18958913]))","(array([0.09877326]), array([0.06277836]))","(array([0.09681299]), array([0.06307362]))","(array([0.09580413]), array([0.06322495]))","(array([0.09581958]), array([0.06321497]))","(array([0.09683624]), array([0.06302827]))","(array([0.09876028]), array([0.06265379]))","(array([0.10145847]), array([0.06208677]))","(array([0.10478105]), array([0.06133013]))","(array([0.10857288]), array([0.06039569]))","(array([0.11267641]), array([0.05930508]))"
(0.12742683812244757+0j),[0.25498188],[1.],[0.52850982],[1.],"(array([0.10693002]), array([0.19309839]))","(array([0.09681554]), array([0.06308058]))","(array([0.09580613]), array([0.06323181]))","(array([0.09582107]), array([0.0632217]))","(array([0.09683726]), array([0.06303484]))","(array([0.09876087]), array([0.06266018]))","(array([0.10145867]), array([0.06209294]))","(array([0.1047809]), array([0.06133606]))","(array([0.10857243]), array([0.06040137]))","(array([0.1126757]), array([0.05931049]))","(array([0.11693155]), array([0.05809519]))"
(0.13303816838947527+0j),[0.24911746],[1.],[0.54722115],[1.],"(array([0.1082179]), array([0.19643578]))","(array([0.09580865]), array([0.06323925]))","(array([0.09582302]), array([0.06322902]))","(array([0.09683868]), array([0.06304201]))","(array([0.09876181]), array([0.06266716]))","(array([0.10145917]), array([0.0620997]))","(array([0.10478101]), array([0.06134259]))","(array([0.10857219]), array([0.06040764]))","(array([0.11267516]), array([0.05931648]))","(array([0.11693076]), array([0.05810089]))","(array([0.12118249]), array([0.05680174]))"
(0.138781830635289+0j),[0.24320045],[1.],[0.56498111],[1.],"(array([0.11041397]), array([0.19948276]))","(array([0.09582551]), array([0.06323707]))","(array([0.09684058]), array([0.06304991]))","(array([0.09876315]), array([0.06267487]))","(array([0.10146001]), array([0.0621072]))","(array([0.10478141]), array([0.06134985]))","(array([0.1085722]), array([0.06041463]))","(array([0.11267483]), array([0.05932318]))","(array([0.11693013]), array([0.05810728]))","(array([0.12118162]), array([0.05680782]))","(array([0.12528481]), array([0.05547172]))"
(0.14446821600386217+0j),[0.23744364],[1.],[0.58131784],[1.],"(array([0.1134887]), array([0.2021416]))","(array([0.09684304]), array([0.06305868]))","(array([0.09876499]), array([0.06268346]))","(array([0.10146128]), array([0.06211557]))","(array([0.10478216]), array([0.06135797]))","(array([0.1085725]), array([0.06042248]))","(array([0.11267474]), array([0.05933073]))","(array([0.11692971]), array([0.05811451]))","(array([0.12118091]), array([0.0568147]))","(array([0.12528387]), array([0.05547826]))","(array([0.12911764]), array([0.05415364]))"
(0.1499365663066191+0j),[0.23203765],[1.],[0.59592422],[1.],"(array([0.11733576]), array([0.20434381]))","(array([0.0987674]), array([0.06269309]))","(array([0.10146304]), array([0.06212497]))","(array([0.10478334]), array([0.06136711]))","(array([0.10857316]), array([0.06043133]))","(array([0.11267495]), array([0.05933926]))","(array([0.11692953]), array([0.05812271]))","(array([0.12118041]), array([0.05682254]))","(array([0.12528309]), array([0.05548571]))","(array([0.12911663]), array([0.0541607]))","(array([0.13259333]), array([0.05289301]))"
(0.15507867760083402+0j),[0.22714026],[1.],[0.60867724],[1.],"(array([0.12180316]), array([0.20605618]))","(array([0.10146539]), array([0.06213554]))","(array([0.10478502]), array([0.0613774]))","(array([0.10857425]), array([0.06044131]))","(array([0.11267552]), array([0.05934892]))","(array([0.11692965]), array([0.058132]))","(array([0.12118015]), array([0.05683146]))","(array([0.12528252]), array([0.05549422]))","(array([0.1291158]), array([0.05416879]))","(array([0.13259228]), array([0.05290066]))","(array([0.13566361]), array([0.05172911]))"
(0.1598609634809596+0j),[0.22287243],[1.],[0.6196458],[1.],"(array([0.12672754]), array([0.20728456]))","(array([0.1047873]), array([0.06138902]))","(array([0.10857585]), array([0.0604526]))","(array([0.11267652]), array([0.05935984]))","(array([0.11693014]), array([0.05814254]))","(array([0.12118021]), array([0.05684159]))","(array([0.12528221]), array([0.05550393]))","(array([0.12911519]), array([0.05417805]))","(array([0.13259142]), array([0.05290945]))","(array([0.13566255]), array([0.05173742]))","(array([0.13832257]), array([0.05069334]))"
(0.16434068463526316+0j),[0.21931738],[1.],[0.62908574],[1.],"(array([0.13195765]), array([0.20807516]))","(array([0.10857806]), array([0.06046535]))","(array([0.11267806]), array([0.0593722]))","(array([0.1169311]), array([0.05815448]))","(array([0.12118067]), array([0.05685309]))","(array([0.12528225]), array([0.05551498]))","(array([0.12911488]), array([0.05418862]))","(array([0.13259083]), array([0.05291952]))","(array([0.13566171]), array([0.05174697]))","(array([0.13832154]), array([0.05070237]))","(array([0.14060689]), array([0.04980868]))"
(0.16866735579738257+0j),[0.21652034],[1.],[0.63740959],[1.],"(array([0.13736363]), array([0.20851226]))","(array([0.11268024]), array([0.05938616]))","(array([0.11693262]), array([0.05816799]))","(array([0.12118162]), array([0.05686612]))","(array([0.12528274]), array([0.05552751]))","(array([0.12911497]), array([0.05420064]))","(array([0.13259058]), array([0.05293102]))","(array([0.13566119]), array([0.05175792]))","(array([0.13832078]), array([0.05071275]))","(array([0.14060594]), array([0.04981849]))","(array([0.1425919]), array([0.04908956]))"
(0.17305821660875562+0j),[0.2144879],[1.],[0.64511275],[1.],"(array([0.14283419]), array([0.208709]))","(array([0.11693483]), array([0.05818323]))","(array([0.12118321]), array([0.05688084]))","(array([0.12528378]), array([0.05554168]))","(array([0.12911557]), array([0.05421426]))","(array([0.1325908]), array([0.05294407]))","(array([0.13566109]), array([0.0517704]))","(array([0.13832041]), array([0.05072464]))","(array([0.14060534]), array([0.04982976]))","(array([0.14259112]), array([0.04910021]))","(array([0.14437993]), array([0.04854178]))"
(0.17774176499532404+0j),[0.21318769],[1.],[0.65264945],[1.],"(array([0.14826646]), array([0.20878849]))","(array([0.12118554]), array([0.05689738]))","(array([0.12528553]), array([0.05555764]))","(array([0.12911681]), array([0.05422961]))","(array([0.13259161]), array([0.05295881]))","(array([0.13566154]), array([0.05178452]))","(array([0.13832055]), array([0.05073813]))","(array([0.14060522]), array([0.04984261]))","(array([0.14259077]), array([0.0491124]))","(array([0.1443794]), array([0.04855331]))","(array([0.14607817]), array([0.04816247]))"
(0.1828715587553707+0j),[0.21255063],[1.],[0.66027144],[1.],"(array([0.15355397]), array([0.20885504]))","(array([0.1252881]), array([0.05557544]))","(array([0.12911884]), array([0.05424676]))","(array([0.13259318]), array([0.05297529]))","(array([0.1356627]), array([0.05180033]))","(array([0.13832136]), array([0.05075328]))","(array([0.14060572]), array([0.0498571]))","(array([0.14259101]), array([0.04912621]))","(array([0.14437943]), array([0.04856642]))","(array([0.14607801]), array([0.04817488]))","(array([0.14776657]), array([0.04794025]))"
(0.188427584419251+0j),[0.21247894],[1.],[0.66787623],[1.],"(array([0.15857742]), array([0.20896108]))","(array([0.12912178]), array([0.05426569]))","(array([0.13259562]), array([0.05299352]))","(array([0.13566472]), array([0.05181784]))","(array([0.138323]), array([0.05077008]))","(array([0.14060702]), array([0.04987319]))","(array([0.142592]), array([0.0491416]))","(array([0.14438015]), array([0.04858111]))","(array([0.14607852]), array([0.04818884]))","(array([0.14776691]), array([0.04795349]))","(array([0.14946254]), array([0.04785638]))"
(0.19415756963145428+0j),[0.21286093],[1.],[0.67496837],[1.],"(array([0.16320312]), array([0.20908524]))","(array([0.13259907]), array([0.05301335]))","(array([0.13566771]), array([0.05183693]))","(array([0.13832559]), array([0.05078841]))","(array([0.14060925]), array([0.04989079]))","(array([0.14259389]), array([0.04915847]))","(array([0.14438174]), array([0.04859727]))","(array([0.14607985]), array([0.04820428]))","(array([0.14776803]), array([0.04796819]))","(array([0.1494635]), array([0.04787035]))","(array([0.15109936]), array([0.04788731]))"
(0.19962157067161315+0j),[0.2135895],[1.],[0.68081919],[1.],"(array([0.16729629]), array([0.20914159]))","(array([0.13567178]), array([0.05185738]))","(array([0.13832925]), array([0.05080809]))","(array([0.14061253]), array([0.0499097]))","(array([0.14259683]), array([0.04917663]))","(array([0.14438434]), array([0.0486147]))","(array([0.14608215]), array([0.048221]))","(array([0.14777007]), array([0.04798419]))","(array([0.14946534]), array([0.04788562]))","(array([0.15110103]), array([0.04790186]))","(array([0.15253985]), array([0.04800844]))"
(0.20432764904187575+0j),[0.21457802],[1.],[0.68474177],[1.],"(array([0.17074827]), array([0.20902091]))","(array([0.13833403]), array([0.05082885]))","(array([0.14061693]), array([0.04992968]))","(array([0.14260087]), array([0.04919585]))","(array([0.14438806]), array([0.04863317]))","(array([0.14608554]), array([0.04823876]))","(array([0.14777317]), array([0.04800126]))","(array([0.14946817]), array([0.047902]))","(array([0.15110366]), array([0.04791754]))","(array([0.15254229]), array([0.04802342]))","(array([0.15362549]), array([0.04819804]))"
(0.20786870389281178+0j),[0.21576939],[1.],[0.68629359],[1.],"(array([0.17350392]), array([0.20863692]))","(array([0.1406225]), array([0.04995045]))","(array([0.14260609]), array([0.04921586]))","(array([0.14439293]), array([0.04865244]))","(array([0.14609009]), array([0.04825732]))","(array([0.14777741]), array([0.04801914]))","(array([0.14947211]), array([0.04791922]))","(array([0.15110733]), array([0.04793411]))","(array([0.15254574]), array([0.04803932]))","(array([0.15362871]), array([0.04821328]))","(array([0.15423003]), array([0.04844006]))"
(0.20999509055557097+0j),[0.21713815],[1.],[0.68532543],[1.],"(array([0.17557484]), array([0.20795066]))","(array([0.14261248]), array([0.04923637]))","(array([0.14439899]), array([0.04867223]))","(array([0.14609583]), array([0.04827641]))","(array([0.14778283]), array([0.04803757]))","(array([0.14947723]), array([0.04793702]))","(array([0.15111214]), array([0.04795131]))","(array([0.15255026]), array([0.04805592]))","(array([0.15363296]), array([0.04822926]))","(array([0.15423399]), array([0.04845543]))","(array([0.15428751]), array([0.04872537]))"
(0.21062273687829072+0j),[0.21868834],[1.],[0.68192601],[1.],"(array([0.17703496]), array([0.20696955]))","(array([0.14440623]), array([0.04869228]))","(array([0.14610275]), array([0.04829579]))","(array([0.14778943]), array([0.04805631]))","(array([0.14948352]), array([0.04795517]))","(array([0.15111812]), array([0.04796889]))","(array([0.1525559]), array([0.04807296]))","(array([0.15363827]), array([0.04824577]))","(array([0.15423898]), array([0.04847137]))","(array([0.15429213]), array([0.04874076]))","(array([0.15379135]), array([0.04905169]))"
(0.20980508749086627+0j),[0.22044894],[1.],[0.67633629],[1.],"(array([0.1780017]), array([0.20573325]))","(array([0.14611084]), array([0.04831522]))","(array([0.14779722]), array([0.04807515]))","(array([0.14949099]), array([0.04797345]))","(array([0.15112527]), array([0.04798665]))","(array([0.15256271]), array([0.04809023]))","(array([0.1536447]), array([0.04826256]))","(array([0.154245]), array([0.04848769]))","(array([0.15429776]), array([0.04875657]))","(array([0.15379654]), array([0.04906701]))","(array([0.15277854]), array([0.04942285]))"
(0.20769392041980655+0j),[0.22246705],[1.],[0.66887667],[1.],"(array([0.17860609]), array([0.20429759]))","(array([0.14780615]), array([0.04809386]))","(array([0.14949962]), array([0.04799165]))","(array([0.15113356]), array([0.04800438]))","(array([0.15257065]), array([0.04810752]))","(array([0.15365224]), array([0.04827944]))","(array([0.1542521]), array([0.04850417]))","(array([0.15430439]), array([0.04877264]))","(array([0.15380269]), array([0.04908263]))","(array([0.15278417]), array([0.04943803]))","(array([0.15131191]), array([0.04984749]))"
(0.20450236699765514+0j),[0.22479775],[1.],[0.65989924],[1.],"(array([0.17895557]), array([0.20272228]))","(array([0.14950935]), array([0.04800958]))","(array([0.15114297]), array([0.04802189]))","(array([0.1525797]), array([0.04812465]))","(array([0.15366088]), array([0.04829622]))","(array([0.15426028]), array([0.04852061]))","(array([0.15431204]), array([0.04878874]))","(array([0.15380979]), array([0.04909838]))","(array([0.15279071]), array([0.04945339]))","(array([0.15131786]), array([0.04986246]))","(array([0.14946678]), array([0.05033716]))"
(0.20047355116320173+0j),[0.22748935],[1.],[0.64976035],[1.],"(array([0.17909689]), array([0.20106331]))","(array([0.15115343]), array([0.04803899]))","(array([0.15258979]), array([0.04814144]))","(array([0.15367056]), array([0.04831271]))","(array([0.15426947]), array([0.04853683]))","(array([0.15432069]), array([0.0488047]))","(array([0.15381785]), array([0.04911407]))","(array([0.15279814]), array([0.04946878]))","(array([0.15132465]), array([0.04987751]))","(array([0.14947291]), array([0.05035187]))","(array([0.1473225]), array([0.05090356]))"
(0.19585252396110353+0j),[0.23056604],[1.],[0.63880061],[1.],"(array([0.17899497]), array([0.19936902]))","(array([0.15260086]), array([0.0481577]))","(array([0.1536812]), array([0.04832875]))","(array([0.15427962]), array([0.04855267]))","(array([0.15433029]), array([0.04882034]))","(array([0.15382682]), array([0.0491295]))","(array([0.15280645]), array([0.049484]))","(array([0.15133227]), array([0.04989248]))","(array([0.14947982]), array([0.05036655]))","(array([0.14732869]), array([0.05091794]))","(array([0.14495718]), array([0.05155484]))"
(0.1908578902906358+0j),[0.23401363],[1.],[0.62731826],[1.],"(array([0.17854707]), array([0.19767757]))","(array([0.15369272]), array([0.04834415]))","(array([0.15429064]), array([0.04856794]))","(array([0.15434073]), array([0.04883548]))","(array([0.15383663]), array([0.04914452]))","(array([0.15281557]), array([0.04949887]))","(array([0.15134066]), array([0.04990719]))","(array([0.14948746]), array([0.05038106]))","(array([0.14733558]), array([0.0509322]))","(array([0.1449633]), array([0.05156883]))","(array([0.14244239]), array([0.0522921]))"
(0.18565295782171065+0j),[0.23777618],[1.],[0.61552848],[1.],"(array([0.1776299]), array([0.19601322]))","(array([0.15430241]), array([0.04858249]))","(array([0.15435192]), array([0.04884998]))","(array([0.15384717]), array([0.04915895]))","(array([0.15282541]), array([0.04951323]))","(array([0.15134975]), array([0.04992146]))","(array([0.14949578]), array([0.05039521]))","(array([0.1473431]), array([0.05094618]))","(array([0.14497003]), array([0.05158261]))","(array([0.14244832]), array([0.05230563]))","(array([0.13983562]), array([0.05310734]))"
(0.18032307003801226+0j),[0.24176513],[1.],[0.60351811],[1.],"(array([0.17614788]), array([0.19438108]))","(array([0.15436372]), array([0.04886368]))","(array([0.15385831]), array([0.04917266]))","(array([0.15283584]), array([0.04952693]))","(array([0.15135944]), array([0.04993513]))","(array([0.14950468]), array([0.05040882]))","(array([0.1473512]), array([0.05095972]))","(array([0.1449773]), array([0.05159602]))","(array([0.14245478]), array([0.05231886]))","(array([0.13984126]), array([0.05312035]))","(array([0.13717057]), array([0.05398415]))"
(0.17487120671778153+0j),[0.24587618],[1.],[0.59122285],[1.],"(array([0.17405483]), array([0.19276309]))","(array([0.15386993]), array([0.04918552]))","(array([0.15284674]), array([0.04953984]))","(array([0.15136958]), array([0.04994808]))","(array([0.14951404]), array([0.05042178]))","(array([0.14735975]), array([0.05097265]))","(array([0.14498503]), array([0.05160889]))","(array([0.14246168]), array([0.05233163]))","(array([0.13984733]), array([0.05313296]))","(array([0.13717582]), array([0.05399657]))","(array([0.13444944]), array([0.05490067]))"
(0.16924179216526405+0j),[0.25000631],[1.],[0.57845735],[1.],"(array([0.17135016]), array([0.19112065]))","(array([0.15285797]), array([0.04955187]))","(array([0.15138006]), array([0.04996019]))","(array([0.14952374]), array([0.05043396]))","(array([0.14736864]), array([0.05098486]))","(array([0.14499311]), array([0.0516211]))","(array([0.14246893]), array([0.05234381]))","(array([0.13985376]), array([0.05314506]))","(array([0.13718144]), array([0.05400853]))","(array([0.13445425]), array([0.05491244]))","(array([0.13164375]), array([0.05583338]))"
(0.16336928783956872+0j),[0.25406537],[1.],[0.56500449],[1.],"(array([0.16806691]), array([0.18940705]))","(array([0.15139075]), array([0.04997141]))","(array([0.14953366]), array([0.05044529]))","(array([0.14737776]), array([0.05099628]))","(array([0.14500143]), array([0.05163257]))","(array([0.14247644]), array([0.05235529]))","(array([0.13986046]), array([0.05315652]))","(array([0.13718733]), array([0.05401991]))","(array([0.13445935]), array([0.0549237]))","(array([0.13164807]), array([0.05584446]))","(array([0.12870773]), array([0.05676041]))"
(0.1572285257565334+0j),[0.25798031],[1.],[0.55072498],[1.],"(array([0.16426369]), array([0.18758657]))","(array([0.14954369]), array([0.05045574]))","(array([0.14738702]), array([0.05100686]))","(array([0.14500989]), array([0.05164325]))","(array([0.14248411]), array([0.05236603]))","(array([0.13986734]), array([0.05316727]))","(array([0.13719342]), array([0.05403065]))","(array([0.13446466]), array([0.05493436]))","(array([0.13165262]), array([0.05585501]))","(array([0.12871154]), array([0.05677078]))","(array([0.12560077]), array([0.0576633]))"
(0.15086004359422256+0j),[0.26169367],[1.],[0.53562966],[1.],"(array([0.16002127]), array([0.18565048]))","(array([0.14739633]), array([0.05101659]))","(array([0.14501843]), array([0.05165311]))","(array([0.14249187]), array([0.05237599]))","(array([0.13987433]), array([0.0531773]))","(array([0.13719965]), array([0.05404069]))","(array([0.13447013]), array([0.05494439]))","(array([0.13165735]), array([0.05586496]))","(array([0.12871555]), array([0.05678062]))","(array([0.12560407]), array([0.05767297]))","(array([0.12230789]), array([0.05852729]))"
(0.14436742068322958+0j),[0.26515949],[1.],[0.51989955],[1.],"(array([0.15543995]), array([0.18362294]))","(array([0.145027]), array([0.05166218]))","(array([0.14249968]), array([0.0523852]))","(array([0.13988139]), array([0.0531866]))","(array([0.13720596]), array([0.05405006]))","(array([0.13447572]), array([0.05495377]))","(array([0.13166222]), array([0.05587431]))","(array([0.12871971]), array([0.0567899]))","(array([0.12560755]), array([0.05768213]))","(array([0.12231071]), array([0.05853628]))","(array([0.11885021]), array([0.05934066]))"
(0.1379042207224634+0j),[0.26833909],[1.],[0.50388655],[1.],"(array([0.15063623]), array([0.18155902]))","(array([0.14250752]), array([0.05239368]))","(array([0.13988849]), array([0.05319522]))","(array([0.13721234]), array([0.05405876]))","(array([0.13448138]), array([0.05496252]))","(array([0.13166719]), array([0.05588308]))","(array([0.128724]), array([0.05679863]))","(array([0.12561119]), array([0.05769078]))","(array([0.1223137]), array([0.05854481]))","(array([0.11885258]), array([0.05934903]))","(array([0.11528734]), array([0.06009381]))"
(0.13166404834182427+0j),[0.27119695],[1.],[0.48812359],[1.],"(array([0.14573898]), array([0.17954171]))","(array([0.13989565]), array([0.05320321]))","(array([0.13721879]), array([0.05406687]))","(array([0.13448713]), array([0.05497071]))","(array([0.13167226]), array([0.05589131]))","(array([0.12872842]), array([0.05680685]))","(array([0.12561496]), array([0.05769896]))","(array([0.12231685]), array([0.05855291]))","(array([0.11885513]), array([0.05935701]))","(array([0.11528932]), array([0.06010162]))","(array([0.11171865]), array([0.06077826]))"
(0.12587311353232386+0j),[0.27369627],[1.],[0.47333891],[1.],"(array([0.14088406]), array([0.17768191]))","(array([0.13722533]), array([0.05407446]))","(array([0.13449299]), array([0.05497841]))","(array([0.13167745]), array([0.05589907]))","(array([0.12873296]), array([0.05681464]))","(array([0.12561887]), array([0.05770673]))","(array([0.12232016]), array([0.05856063]))","(array([0.11885786]), array([0.05936464]))","(array([0.11529147]), array([0.06010912]))","(array([0.11172027]), array([0.0607856]))","(array([0.10828606]), array([0.0613858]))"
(0.12077498974878349+0j),[0.27579342],[1.],[0.46043299],[1.],"(array([0.13620511]), array([0.17611772]))","(array([0.134499]), array([0.05498568]))","(array([0.1316828]), array([0.05590644]))","(array([0.12873766]), array([0.05682206]))","(array([0.12562295]), array([0.05771417]))","(array([0.12232364]), array([0.05856804]))","(array([0.11886076]), array([0.05937198]))","(array([0.11529382]), array([0.06011637]))","(array([0.11172208]), array([0.06079271]))","(array([0.10828736]), array([0.06139275]))","(array([0.10517311]), array([0.06190729]))"
(0.11659816548909467+0j),[0.27743299],[1.],[0.45036524],[1.],"(array([0.1318192]), array([0.17500347]))","(array([0.13168835]), array([0.0559135]))","(array([0.12874257]), array([0.0568292]))","(array([0.12562724]), array([0.05772135]))","(array([0.12232732]), array([0.05857522]))","(array([0.11886386]), array([0.05937913]))","(array([0.11529637]), array([0.06012344]))","(array([0.1117241]), array([0.06079968]))","(array([0.10828888]), array([0.06139957]))","(array([0.10517414]), array([0.06191394]))","(array([0.1025896]), array([0.06233151]))"
(0.11351324845994173+0j),[0.2785458],[1.],[0.44395233],[1.],"(array([0.12781051]), array([0.17448234]))","(array([0.12874775]), array([0.05683613]))","(array([0.12563178]), array([0.05772834]))","(array([0.12233125]), array([0.05858224]))","(array([0.1188672]), array([0.05938614]))","(array([0.11529915]), array([0.0601304]))","(array([0.11172634]), array([0.06080656]))","(array([0.10829061]), array([0.06140633]))","(array([0.10517538]), array([0.06192055]))","(array([0.10259038]), array([0.06233793]))","(array([0.10073605]), array([0.0626443]))"
(0.1116051182334765+0j),[0.2790528],[1.],[0.44167871],[1.],"(array([0.12422146]), array([0.17465149]))","(array([0.12563663]), array([0.05773522]))","(array([0.12233548]), array([0.05858917]))","(array([0.11887083]), array([0.05939308]))","(array([0.1153022]), array([0.06013732]))","(array([0.11172884]), array([0.06081341]))","(array([0.10829258]), array([0.06141309]))","(array([0.10517686]), array([0.06192718]))","(array([0.10259139]), array([0.0623444]))","(array([0.10073662]), array([0.06265057]))","(array([0.09975949]), array([0.06282887]))"
(0.11087768511198329+0j),[0.27887434],[1.],[0.44363249],[1.],"(array([0.12105943]), array([0.17553969]))","(array([0.12234006]), array([0.05859606]))","(array([0.11887479]), array([0.0594]))","(array([0.11530556]), array([0.06014424]))","(array([0.11173163]), array([0.0608203]))","(array([0.10829483]), array([0.0614199]))","(array([0.10517859]), array([0.06193388]))","(array([0.10259264]), array([0.06235096]))","(array([0.10073741]), array([0.06265696]))","(array([0.09975985]), array([0.06283506]))","(array([0.09972473]), array([0.06286728]))"
(0.1112816319311437+0j),[0.27794227],[1.],[0.44957394],[1.],"(array([0.11831545]), array([0.17710924]))","(array([0.11887915]), array([0.05940696]))","(array([0.1153093]), array([0.06015123]))","(array([0.11173477]), array([0.06082727]))","(array([0.10829739]), array([0.06142682]))","(array([0.10518062]), array([0.06194071]))","(array([0.10259415]), array([0.06235767]))","(array([0.10073844]), array([0.06266351]))","(array([0.09976044]), array([0.06284142]))","(array([0.0997249]), array([0.06287342]))","(array([0.10061484]), array([0.06274285]))"
(0.11274384161214633+0j),[0.27621083],[1.],[0.45905851],[1.],"(array([0.11598317]), array([0.17927532]))","(array([0.11531346]), array([0.06015831]))","(array([0.11173831]), array([0.06083436]))","(array([0.10830033]), array([0.06143389]))","(array([0.10518298]), array([0.06194771]))","(array([0.10259598]), array([0.06236456]))","(array([0.10073976]), array([0.06267026]))","(array([0.09976129]), array([0.062848]))","(array([0.09972531]), array([0.0628798]))","(array([0.10061484]), array([0.06274899]))","(array([0.10235276]), array([0.06244278]))"
(0.11518590456233899+0j),[0.27366497],[1.],[0.47154325],[1.],"(array([0.11407238]), array([0.18192854]))","(array([0.11174232]), array([0.06084162]))","(array([0.1083037]), array([0.06144114]))","(array([0.10518574]), array([0.06195492]))","(array([0.10259816]), array([0.06237169]))","(array([0.1007414]), array([0.06267727]))","(array([0.09976242]), array([0.06285485]))","(array([0.09972597]), array([0.06288646]))","(array([0.10061507]), array([0.06275543]))","(array([0.10235259]), array([0.06244897]))","(array([0.10482721]), array([0.06196031]))"
(0.11852945634550234+0j),[0.27032618],[1.],[0.48644785],[1.],"(array([0.11261839]), array([0.18495115]))","(array([0.10830758]), array([0.06144864]))","(array([0.10518897]), array([0.0619624]))","(array([0.10260077]), array([0.0623791]))","(array([0.10074342]), array([0.06268458]))","(array([0.0997639]), array([0.06286202]))","(array([0.09972694]), array([0.06289345]))","(array([0.10061556]), array([0.06276221]))","(array([0.10235266]), array([0.06245552]))","(array([0.10482689]), array([0.06196659]))","(array([0.10791155]), array([0.06129622]))"
(0.12269009284395213+0j),[0.26625705],[1.],[0.50317153],[1.],"(array([0.11168819]), array([0.1882243]))","(array([0.10519275]), array([0.06197021]))","(array([0.10260388]), array([0.06238687]))","(array([0.1007459]), array([0.06269227]))","(array([0.09976577]), array([0.06286959]))","(array([0.09972825]), array([0.06290085]))","(array([0.10061637]), array([0.06276942]))","(array([0.102353]), array([0.0624625]))","(array([0.1048268]), array([0.06197331]))","(array([0.10791108]), array([0.06130266]))","(array([0.11147255]), array([0.06046006]))"
(0.12756334564135688+0j),[0.26156406],[1.],[0.52108331],[1.],"(array([0.11137922]), array([0.19162803]))","(array([0.10260758]), array([0.06239508]))","(array([0.10074891]), array([0.06270042]))","(array([0.09976812]), array([0.06287763]))","(array([0.09972999]), array([0.06290875]))","(array([0.10061754]), array([0.06277713]))","(array([0.10235365]), array([0.06246998]))","(array([0.10482699]), array([0.06198054]))","(array([0.10791084]), array([0.06130961]))","(array([0.11147193]), array([0.06046671]))","(array([0.11537121]), array([0.05947092]))"
(0.13301069163164733+0j),[0.25639598],[1.],[0.53951685],[1.],"(array([0.11180307]), array([0.19503872]))","(array([0.10075254]), array([0.06270913]))","(array([0.09977104]), array([0.06288626]))","(array([0.09973223]), array([0.06291724]))","(array([0.10061915]), array([0.06278544]))","(array([0.10235468]), array([0.06247808]))","(array([0.10482749]), array([0.06198839]))","(array([0.10791088]), array([0.06131718]))","(array([0.11147155]), array([0.06047397]))","(array([0.11537046]), array([0.05947786]))","(array([0.11946113]), array([0.05835764]))"
(0.13885690734370093+0j),[0.25093483],[1.],[0.55779931],[1.],"(array([0.11305232]), array([0.19833006]))","(array([0.09977462]), array([0.06289558]))","(array([0.09973506]), array([0.06292645]))","(array([0.10062127]), array([0.06279448]))","(array([0.10235616]), array([0.06248691]))","(array([0.10482838]), array([0.06199697]))","(array([0.10791123]), array([0.06132548]))","(array([0.11147144]), array([0.06048196]))","(array([0.11536993]), array([0.05948551]))","(array([0.11946024]), array([0.05836494]))","(array([0.12359118]), array([0.05715755]))"
(0.14490350559110404+0j),[0.24537923],[1.],[0.57531257],[1.],"(array([0.11516393]), array([0.2013807]))","(array([0.09973859]), array([0.06293649]))","(array([0.10062401]), array([0.06280437]))","(array([0.10235816]), array([0.06249659]))","(array([0.10482972]), array([0.06200641]))","(array([0.10791197]), array([0.06133463]))","(array([0.11147165]), array([0.0604908]))","(array([0.11536968]), array([0.059494]))","(array([0.11945958]), array([0.05837306]))","(array([0.12359018]), array([0.05716528]))","(array([0.12761582]), array([0.05591363]))"
(0.15095263839453987+0j),[0.23992512],[1.],[0.59155747],[1.],"(array([0.11810115]), array([0.20408597]))","(array([0.10062746]), array([0.06281523]))","(array([0.10236079]), array([0.06250726]))","(array([0.10483159]), array([0.06201683]))","(array([0.10791317]), array([0.06134476]))","(array([0.11147224]), array([0.0605006]))","(array([0.11536975]), array([0.05950346]))","(array([0.11945919]), array([0.05838213]))","(array([0.1235894]), array([0.05717394]))","(array([0.1276147]), array([0.05592186]))","(array([0.13140916]), array([0.0546704]))"
(0.15683382261332737+0j),[0.2347498],[1.],[0.60619861],[1.],"(array([0.12176361]), array([0.20636893]))","(array([0.10236414]), array([0.06251904]))","(array([0.1048341]), array([0.06202837]))","(array([0.10791491]), array([0.061356]))","(array([0.1114733]), array([0.06051151]))","(array([0.1153702]), array([0.059514]))","(array([0.11945913]), array([0.05839227]))","(array([0.12358889]), array([0.05718365]))","(array([0.12761382]), array([0.05593111]))","(array([0.13140796]), array([0.05467918]))","(array([0.1348773]), array([0.05346994]))"
(0.16242940749901572+0j),[0.23000237],[1.],[0.61908672],[1.],"(array([0.12601513]), array([0.20818805]))","(array([0.10483733]), array([0.06204116]))","(array([0.10791728]), array([0.06136849]))","(array([0.11147489]), array([0.06052365]))","(array([0.11537111]), array([0.05952575]))","(array([0.11945945]), array([0.05840361]))","(array([0.12358871]), array([0.05719455]))","(array([0.12761322]), array([0.05594153]))","(array([0.13140701]), array([0.05468909]))","(array([0.13487605]), array([0.05347934]))","(array([0.13796579]), array([0.05234905]))"
(0.16769642581049027+0j),[0.22579961],[1.],[0.63026372],[1.],"(array([0.13071252]), array([0.20954116]))","(array([0.10792038]), array([0.06138238]))","(array([0.11147713]), array([0.06053718]))","(array([0.11537258]), array([0.05953887]))","(array([0.11946026]), array([0.05841628]))","(array([0.12358895]), array([0.05720676]))","(array([0.12761298]), array([0.05595325]))","(array([0.13140636]), array([0.05470028]))","(array([0.13487507]), array([0.05348997]))","(array([0.13796453]), array([0.05235912]))","(array([0.14066267]), array([0.05133765]))"
(0.1726803821156799+0j),[0.22222467],[1.],[0.63995031],[1.],"(array([0.1357245]), array([0.21046599]))","(array([0.11148013]), array([0.06055224]))","(array([0.11537472]), array([0.05955351]))","(array([0.11946164]), array([0.05843045]))","(array([0.12358968]), array([0.05722043]))","(array([0.12761317]), array([0.05596639]))","(array([0.1314061]), array([0.05471289]))","(array([0.13487443]), array([0.053502]))","(array([0.13796357]), array([0.05237054]))","(array([0.14066146]), array([0.05134845]))","(array([0.14299759]), array([0.05045822]))"
(0.17751269390791002+0j),[0.21932639],[1.],[0.64850692],[1.],"(array([0.14093782]), array([0.2110362]))","(array([0.11537765]), array([0.05956983]))","(array([0.11946372]), array([0.05844628]))","(array([0.12359104]), array([0.05723572]))","(array([0.12761391]), array([0.05598112]))","(array([0.13140632]), array([0.05472703]))","(array([0.13487422]), array([0.05351555]))","(array([0.13796302]), array([0.05238346]))","(array([0.1406606]), array([0.05136072]))","(array([0.14299649]), array([0.05046982]))","(array([0.14503604]), array([0.0497256]))"
(0.18238275490646558+0j),[0.21711828],[1.],[0.65635611],[1.],"(array([0.14625166]), array([0.21135077]))","(array([0.11946665]), array([0.05846392]))","(array([0.12359317]), array([0.05725279]))","(array([0.12761534]), array([0.05599759]))","(array([0.13140717]), array([0.05474288]))","(array([0.13487458]), array([0.05353076]))","(array([0.13796296]), array([0.05239802]))","(array([0.14066021]), array([0.0513746]))","(array([0.14299581]), array([0.050483]))","(array([0.14503512]), array([0.04973806]))","(array([0.14686626]), array([0.04914678]))"
(0.18748045002949204+0j),[0.21557774],[1.],[0.66386437],[1.],"(array([0.15156518]), array([0.21151513]))","(array([0.12359619]), array([0.05727177]))","(array([0.12761761]), array([0.05601593]))","(array([0.13140879]), array([0.05476055]))","(array([0.13487565]), array([0.05354774]))","(array([0.13796357]), array([0.05241431]))","(array([0.14066042]), array([0.05139019]))","(array([0.14299569]), array([0.05049787]))","(array([0.14503473]), array([0.04975217]))","(array([0.14686565]), array([0.04916014]))","(array([0.1485774]), array([0.04872078]))"
(0.19291262891390118+0j),[0.21464801],[1.],[0.67119857],[1.],"(array([0.15676541]), array([0.21161448]))","(array([0.12762087]), array([0.05603619]))","(array([0.13141134]), array([0.0547801]))","(array([0.1348776]), array([0.05356657]))","(array([0.137965]), array([0.0524324]))","(array([0.14066141]), array([0.05140754]))","(array([0.1429963]), array([0.05051447]))","(array([0.14503502]), array([0.04976802]))","(array([0.14686566]), array([0.04917519]))","(array([0.1485772]), array([0.04873504]))","(array([0.15023]), array([0.04843872]))"
(0.19861336367157245+0j),[0.21424573],[1.],[0.67820331],[1.],"(array([0.16172157]), array([0.21168537]))","(array([0.13141496]), array([0.0548015]))","(array([0.13488056]), array([0.0535872]))","(array([0.13796741]), array([0.05245225]))","(array([0.14066333]), array([0.0514266]))","(array([0.14299779]), array([0.05053276]))","(array([0.14503614]), array([0.04978554]))","(array([0.14686647]), array([0.04919192]))","(array([0.14857775]), array([0.04875095]))","(array([0.15023034]), array([0.04845382]))","(array([0.15182604]), array([0.0482849]))"
(0.20429840901986565+0j),[0.21427538],[1.],[0.68438802],[1.],"(array([0.16628933]), array([0.21169962]))","(array([0.13488467]), array([0.0536095]))","(array([0.13797092]), array([0.05247374]))","(array([0.14066632]), array([0.05144728]))","(array([0.14300033]), array([0.05055262]))","(array([0.14503826]), array([0.0498046]))","(array([0.14686823]), array([0.04921019]))","(array([0.14857919]), array([0.04876842]))","(array([0.15023154]), array([0.04847046]))","(array([0.15182704]), array([0.04830072]))","(array([0.15329351]), array([0.04823922]))"
(0.20951604733733784+0j),[0.21464703],[1.],[0.68908161],[1.],"(array([0.17032796]), array([0.211576]))","(array([0.13797563]), array([0.05249663]))","(array([0.1406705]), array([0.05146934]))","(array([0.14300402]), array([0.05057385]))","(array([0.14504152]), array([0.049825]))","(array([0.14687109]), array([0.04922979]))","(array([0.14858169]), array([0.04878724]))","(array([0.15023373]), array([0.04848848]))","(array([0.15182898]), array([0.04831792]))","(array([0.15329525]), array([0.0482556]))","(array([0.15450244]), array([0.04828085]))"
(0.2137773444592196+0j),[0.21529154],[1.],[0.69167237],[1.],"(array([0.17372677]), array([0.21121777]))","(array([0.14067591]), array([0.05149249]))","(array([0.14300893]), array([0.05059617]))","(array([0.14504598]), array([0.04984649]))","(array([0.14687513]), array([0.04925047]))","(array([0.14858535]), array([0.04880713]))","(array([0.15023704]), array([0.04850761]))","(array([0.15183199]), array([0.04833627]))","(array([0.153298]), array([0.04827316]))","(array([0.15450497]), array([0.04829762]))","(array([0.15530937]), array([0.04839197]))"
(0.21668540293852934+0j),[0.21616892],[1.],[0.69177894],[1.],"(array([0.17642886]), array([0.21055243]))","(array([0.1430151]), array([0.05061926]))","(array([0.14505168]), array([0.04986877]))","(array([0.14688041]), array([0.04927195]))","(array([0.14859023]), array([0.04882782]))","(array([0.15024154]), array([0.04852755]))","(array([0.15183614]), array([0.04835549]))","(array([0.15330184]), array([0.04829165]))","(array([0.15450853]), array([0.04831535]))","(array([0.15531266]), array([0.04840895]))","(array([0.15560341]), array([0.04856043]))"
(0.21800535277412644+0j),[0.21726975],[1.],[0.68928881],[1.],"(array([0.17844101]), array([0.20955185]))","(array([0.14505864]), array([0.04989153]))","(array([0.14688692]), array([0.04929393]))","(array([0.14859634]), array([0.04884905]))","(array([0.15024727]), array([0.04854805]))","(array([0.15184149]), array([0.04837529]))","(array([0.15330683]), array([0.04831077]))","(array([0.15451318]), array([0.04833379]))","(array([0.15531699]), array([0.04842669]))","(array([0.1556074]), array([0.04857746]))","(array([0.15532954]), array([0.0487808]))"
(0.21767249388120583+0j),[0.21861207],[1.],[0.68430586],[1.],"(array([0.17982724]), array([0.20823049]))","(array([0.14689467]), array([0.04931614]))","(array([0.14860367]), array([0.04887054]))","(array([0.1502542]), array([0.04856884]))","(array([0.15184805]), array([0.04839541]))","(array([0.153313]), array([0.04833026]))","(array([0.15451896]), array([0.04835267]))","(array([0.15532238]), array([0.04844494]))","(array([0.15561241]), array([0.04859507]))","(array([0.15533414]), array([0.04879777]))","(array([0.15448691]), array([0.04905418]))"
(0.215762994676198+0j),[0.22023565],[1.],[0.67706987],[1.],"(array([0.18068917]), array([0.20663178]))","(array([0.14861219]), array([0.04889203]))","(array([0.15026233]), array([0.04858968]))","(array([0.15185578]), array([0.04841563]))","(array([0.15332034]), array([0.04834989]))","(array([0.15452589]), array([0.04837174]))","(array([0.15532887]), array([0.04846347]))","(array([0.15561845]), array([0.04861304]))","(array([0.15533971]), array([0.04881514]))","(array([0.15449199]), array([0.04907097]))","(array([0.15311391]), array([0.04938716]))"
(0.2124518055307429+0j),[0.22219423],[1.],[0.66788728],[1.],"(array([0.1811371]), array([0.20481283]))","(array([0.15027159]), array([0.04861036]))","(array([0.15186465]), array([0.04843574]))","(array([0.15332881]), array([0.04836946]))","(array([0.15453393]), array([0.04839079]))","(array([0.15533645]), array([0.04848204]))","(array([0.15562552]), array([0.04863113]))","(array([0.15534626]), array([0.04883274]))","(array([0.15449799]), array([0.04908804]))","(array([0.15311934]), array([0.04940369]))","(array([0.15127152]), array([0.04979032]))"
(0.2079728776104984+0j),[0.22454499],[1.],[0.65708632],[1.],"(array([0.18125601]), array([0.2028325]))","(array([0.1518746]), array([0.04845552]))","(array([0.15333835]), array([0.04838876]))","(array([0.15454303]), array([0.04840964]))","(array([0.15534508]), array([0.04850046]))","(array([0.15563361]), array([0.04864914]))","(array([0.15535377]), array([0.04885034]))","(array([0.15450491]), array([0.0491052]))","(array([0.15312563]), array([0.04942038]))","(array([0.15127716]), array([0.04980653]))","(array([0.14903065]), array([0.0502762]))"
(0.20258643062458595+0j),[0.22733437],[1.],[0.644993],[1.],"(array([0.18107403]), array([0.20074443]))","(array([0.1533489]), array([0.04840761]))","(array([0.15455314]), array([0.04842811]))","(array([0.15535468]), array([0.04851855]))","(array([0.15564268]), array([0.04866689]))","(array([0.15536223]), array([0.04886774]))","(array([0.15451271]), array([0.04912225]))","(array([0.15313275]), array([0.04943705]))","(array([0.1512836]), array([0.04982278]))","(array([0.14903637]), array([0.05029201]))","(array([0.14646446]), array([0.05085648]))"
(0.19655143773723707+0j),[0.23058213],[1.],[0.63191596],[1.],"(array([0.18054786]), array([0.19859393]))","(array([0.15456415]), array([0.04844599]))","(array([0.15536519]), array([0.04853614]))","(array([0.15565262]), array([0.04868419]))","(array([0.15537156]), array([0.04888476]))","(array([0.15452136]), array([0.04913899]))","(array([0.15314068]), array([0.0494535]))","(array([0.15129079]), array([0.04983889]))","(array([0.14904281]), array([0.05030775]))","(array([0.14647013]), array([0.05087183]))","(array([0.14364393]), array([0.05153863]))"
(0.1900999642907632+0j),[0.23426875],[1.],[0.61812691],[1.],"(array([0.1795796]), array([0.19641659]))","(array([0.1553765]), array([0.04855305]))","(array([0.15566335]), array([0.04870088]))","(array([0.15538165]), array([0.04890124]))","(array([0.15453076]), array([0.04915526]))","(array([0.15314935]), array([0.04946954]))","(array([0.15129868]), array([0.04985469]))","(array([0.14904991]), array([0.05032326]))","(array([0.14647644]), array([0.05088701]))","(array([0.14364943]), array([0.05155345]))","(array([0.14063397]), array([0.05232261]))"
(0.18341319650401067+0j),[0.23833273],[1.],[0.60383024],[1.],"(array([0.17805993]), array([0.19423627]))","(array([0.15567476]), array([0.0487168]))","(array([0.15539241]), array([0.04891702]))","(array([0.15454081]), array([0.04917089]))","(array([0.15315865]), array([0.04948501]))","(array([0.1513072]), array([0.04986997]))","(array([0.14905762]), array([0.05033835]))","(array([0.14648332]), array([0.05090185]))","(array([0.14365548]), array([0.05156799]))","(array([0.1406392]), array([0.05233683]))","(array([0.13748781]), array([0.05319921]))"
(0.1766048785607173+0j),[0.24267897],[1.],[0.58912999],[1.],"(array([0.1759102]), array([0.19206186]))","(array([0.15540369]), array([0.04893194]))","(array([0.15455139]), array([0.04918573]))","(array([0.15316847]), array([0.04949975]))","(array([0.15131623]), array([0.04988461]))","(array([0.14906583]), array([0.05035284]))","(array([0.14649069]), array([0.05091617]))","(array([0.14366202]), array([0.05158211]))","(array([0.1406449]), array([0.05235068]))","(array([0.13749267]), array([0.05321276]))","(array([0.13423978]), array([0.05415067]))"
(0.1697214355725863+0j),[0.24719409],[1.],[0.57401693],[1.],"(array([0.17310077]), array([0.18988519]))","(array([0.15456236]), array([0.04919967]))","(array([0.15317868]), array([0.04951366]))","(array([0.15132565]), array([0.04989846]))","(array([0.14907444]), array([0.05036661]))","(array([0.14649847]), array([0.05092984]))","(array([0.14366895]), array([0.05159563]))","(array([0.14065099]), array([0.05236402]))","(array([0.13749793]), array([0.05322587]))","(array([0.13424422]), array([0.0541635]))","(array([0.13090018]), array([0.05515337]))"
(0.1627638550068295+0j),[0.25176188],[1.],[0.55839762],[1.],"(array([0.16964725]), array([0.18768406]))","(array([0.15318916]), array([0.04952663]))","(array([0.15133534]), array([0.04991142]))","(array([0.14908333]), array([0.05037955]))","(array([0.14650654]), array([0.05094273]))","(array([0.14367619]), array([0.05160844]))","(array([0.14065739]), array([0.05237671]))","(array([0.1375035]), array([0.05323839]))","(array([0.13424897]), array([0.05417581]))","(array([0.13090414]), array([0.05516542]))","(array([0.12745703]), array([0.0561813]))"
(0.1557242540916072+0j),[0.25627424],[1.],[0.54216405],[1.],"(array([0.16559848]), array([0.1854324]))","(array([0.15134518]), array([0.04992345]))","(array([0.14909238]), array([0.0503916]))","(array([0.14651478]), array([0.05095478]))","(array([0.14368362]), array([0.05162045]))","(array([0.14066401]), array([0.05238865]))","(array([0.13750931]), array([0.05325023]))","(array([0.13425398]), array([0.0541875]))","(array([0.13090836]), array([0.05517691]))","(array([0.12746049]), array([0.05619255]))","(array([0.12388719]), array([0.0572091]))"
(0.1486190136610682+0j),[0.26063598],[1.],[0.52527207],[1.],"(array([0.16102671]), array([0.18311413]))","(array([0.1491015]), array([0.05040273]))","(array([0.14652312]), array([0.05096595]))","(array([0.14369117]), array([0.05163163]))","(array([0.14067076]), array([0.05239981]))","(array([0.13751528]), array([0.05326133]))","(array([0.13425917]), array([0.0541985]))","(array([0.13091279]), array([0.05518777]))","(array([0.12746418]), array([0.05620322]))","(array([0.12389015]), array([0.05721953]))","(array([0.12017304]), array([0.05821376]))"
(0.14150396731205805+0j),[0.26476499],[1.],[0.50779357],[1.],"(array([0.15602174]), array([0.18073414]))","(array([0.14653148]), array([0.05097624]))","(array([0.14369876]), array([0.05164197]))","(array([0.14067759]), array([0.05241016]))","(array([0.13752134]), array([0.05327166]))","(array([0.13426448]), array([0.05420878]))","(array([0.13091737]), array([0.05519795]))","(array([0.12746803]), array([0.05621327]))","(array([0.12389331]), array([0.0572294]))","(array([0.12017553]), array([0.05822341]))","(array([0.11631727]), array([0.05917525]))"
(0.1344737492055948+0j),[0.26859],[1.],[0.48993962],[1.],"(array([0.15068777]), array([0.17832278]))","(array([0.14370636]), array([0.05165149]))","(array([0.14068445]), array([0.05241974]))","(array([0.13752746]), array([0.05328126]))","(array([0.13426987]), array([0.05421835]))","(array([0.13092205]), array([0.05520747]))","(array([0.12747202]), array([0.05622269]))","(array([0.12389662]), array([0.05723869]))","(array([0.12017819]), array([0.05823252]))","(array([0.11631931]), array([0.05918415]))","(array([0.11235135]), array([0.0600762]))"
(0.12765743218774236+0j),[0.27204795],[1.],[0.47207951],[1.],"(array([0.14514181]), array([0.17593633]))","(array([0.14069131]), array([0.05242858]))","(array([0.13753361]), array([0.05329015]))","(array([0.13427533]), array([0.05422726]))","(array([0.13092681]), array([0.05521636]))","(array([0.12747612]), array([0.05623152]))","(array([0.12390007]), array([0.05724741]))","(array([0.12018101]), array([0.05824111]))","(array([0.11632152]), array([0.05919257]))","(array([0.11235299]), array([0.06008441]))","(array([0.10834035]), array([0.06090137]))"
(0.12121824522523958+0j),[0.27508087],[1.],[0.45477562],[1.],"(array([0.13951331]), array([0.17365872]))","(array([0.13753981]), array([0.05329842]))","(array([0.13428084]), array([0.05423557]))","(array([0.13093166]), array([0.05522467]))","(array([0.12748031]), array([0.0562398]))","(array([0.12390364]), array([0.05725564]))","(array([0.12018397]), array([0.05824923]))","(array([0.1163239]), array([0.05920055]))","(array([0.1123548]), array([0.06009222]))","(array([0.10834162]), array([0.06090898]))","(array([0.104389]), array([0.06163704]))"
(0.1153548184449374+0j),[0.27763204],[1.],[0.43882522],[1.],"(array([0.13394359]), array([0.17160698]))","(array([0.13428644]), array([0.05424336]))","(array([0.13093661]), array([0.0552325]))","(array([0.12748463]), array([0.05624763]))","(array([0.12390734]), array([0.05726342]))","(array([0.12018708]), array([0.05825694]))","(array([0.11632643]), array([0.05920816]))","(array([0.11235679]), array([0.06009969]))","(array([0.10834309]), array([0.06091627]))","(array([0.10438996]), array([0.06164413]))","(array([0.10065043]), array([0.06227019]))"
(0.11029161835276725+0j),[0.27964125],[1.],[0.42525423],[1.],"(array([0.12858147]), array([0.16993487]))","(array([0.1309417]), array([0.05523993]))","(array([0.12748909]), array([0.05625508]))","(array([0.12391119]), array([0.05727087]))","(array([0.12019034]), array([0.05826434]))","(array([0.11632914]), array([0.05921547]))","(array([0.11235895]), array([0.06010689]))","(array([0.10834473]), array([0.06092333]))","(array([0.10439112]), array([0.06165101]))","(array([0.10065112]), array([0.06227687]))","(array([0.09733017]), array([0.06278762]))"
(0.10624479214953532+0j),[0.28104106],[1.],[0.41517869],[1.],"(array([0.1235708]), array([0.16882096]))","(array([0.12749375]), array([0.05626225]))","(array([0.12391524]), array([0.05727805]))","(array([0.12019381]), array([0.0582715]))","(array([0.11633204]), array([0.05922257]))","(array([0.11236131]), array([0.0601139]))","(array([0.10834658]), array([0.06093022]))","(array([0.10439248]), array([0.06165776]))","(array([0.10065201]), array([0.06228344]))","(array([0.09733063]), array([0.06279398]))","(array([0.09466992]), array([0.06317487]))"
(0.10337006362580653+0j),[0.28175695],[1.],[0.40952284],[1.],"(array([0.11902883]), array([0.16843087]))","(array([0.12391954]), array([0.05728505]))","(array([0.12019751]), array([0.0582785]))","(array([0.11633517]), array([0.05922955]))","(array([0.1123639]), array([0.06012081]))","(array([0.10834864]), array([0.06093703]))","(array([0.10439404]), array([0.06166443]))","(array([0.10065311]), array([0.06228996]))","(array([0.09733128]), array([0.06280031]))","(array([0.09467016]), array([0.06318099]))","(array([0.09290005]), array([0.06341587]))"
(0.10172824448844635+0j),[0.28171327],[1.],[0.40875308],[1.],"(array([0.11502586]), array([0.1688669]))","(array([0.12020151]), array([0.05828542]))","(array([0.11633858]), array([0.05923646]))","(array([0.11236675]), array([0.06012767]))","(array([0.10835096]), array([0.06094382]))","(array([0.10439585]), array([0.06167111]))","(array([0.10065443]), array([0.06229649]))","(array([0.09733215]), array([0.06280668]))","(array([0.09467061]), array([0.06318717]))","(array([0.0929001]), array([0.06342182]))","(array([0.09217774]), array([0.06349357]))"
(0.10129343955777823+0j),[0.28084324],[1.],[0.41281136],[1.],"(array([0.11158142]), array([0.17013818]))","(array([0.11634232]), array([0.05924336]))","(array([0.1123699]), array([0.06013455]))","(array([0.10835356]), array([0.06095064]))","(array([0.10439792]), array([0.06167784]))","(array([0.10065601]), array([0.06230311]))","(array([0.09733326]), array([0.06281314]))","(array([0.09467127]), array([0.06319346]))","(array([0.09290036]), array([0.0634279]))","(array([0.09217762]), array([0.06349942]))","(array([0.09254929]), array([0.06339187]))"
(0.10198757629520759+0j),[0.27909947],[1.],[0.42124071],[1.],"(array([0.10868035]), array([0.1721681]))","(array([0.11237342]), array([0.0601415]))","(array([0.1083565]), array([0.06095755]))","(array([0.10440031]), array([0.06168469]))","(array([0.10065787]), array([0.06230985]))","(array([0.09733462]), array([0.06281975]))","(array([0.09467218]), array([0.0631999]))","(array([0.09290084]), array([0.06343415]))","(array([0.0921777]), array([0.06350546]))","(array([0.09254901]), array([0.06339766]))","(array([0.09395678]), array([0.06309789]))"
(0.10371189142117195+0j),[0.27646247],[1.],[0.43336639],[1.],"(array([0.1062968]), array([0.1748251]))","(array([0.10835982]), array([0.06096459]))","(array([0.10440305]), array([0.06169168]))","(array([0.10066006]), array([0.06231675]))","(array([0.09733629]), array([0.06282654]))","(array([0.09467336]), array([0.06320654]))","(array([0.09290156]), array([0.06344062]))","(array([0.09217801]), array([0.06351172]))","(array([0.09254894]), array([0.0634037]))","(array([0.09395636]), array([0.06310367]))","(array([0.0962727]), array([0.06260415]))"
(0.10636260753740702+0j),[0.27294662],[1.],[0.44843312],[1.],"(array([0.10441561]), array([0.1779541]))","(array([0.10440622]), array([0.06169886]))","(array([0.10066264]), array([0.06232388]))","(array([0.09733831]), array([0.06283357]))","(array([0.09467485]), array([0.06321343]))","(array([0.09290257]), array([0.06344735]))","(array([0.09217857]), array([0.06351826]))","(array([0.09254908]), array([0.06341001]))","(array([0.09395614]), array([0.06310974]))","(array([0.09627215]), array([0.06260996]))","(array([0.09933585]), array([0.06191017]))"
(0.10983228401117784+0j),[0.26860492],[1.],[0.4656757],[1.],"(array([0.1030491]), array([0.18139669]))","(array([0.10066566]), array([0.06233127]))","(array([0.09734075]), array([0.06284088]))","(array([0.09467672]), array([0.06322063]))","(array([0.09290391]), array([0.0634544]))","(array([0.09217942]), array([0.06352512]))","(array([0.09254949]), array([0.06341667]))","(array([0.09395614]), array([0.06311616]))","(array([0.09627178]), array([0.06261613]))","(array([0.09933516]), array([0.06191606]))","(array([0.10297476]), array([0.06102362]))"
(0.11400265973091257+0j),[0.26353341],[1.],[0.48434121],[1.],"(array([0.10225011]), array([0.18499997]))","(array([0.09734366]), array([0.06284855]))","(array([0.09467902]), array([0.06322821]))","(array([0.09290564]), array([0.06346184]))","(array([0.09218061]), array([0.0635324]))","(array([0.09255019]), array([0.06342374]))","(array([0.0939564]), array([0.063123]))","(array([0.09627164]), array([0.06262271]))","(array([0.09933466]), array([0.06192237]))","(array([0.10297396]), array([0.06102963]))","(array([0.10701822]), array([0.05996135]))"
(0.11873561574686838+0j),[0.25787451],[1.],[0.50369291],[1.],"(array([0.10211674]), array([0.1886186]))","(array([0.09468184]), array([0.06323625]))","(array([0.09290783]), array([0.06346977]))","(array([0.09218221]), array([0.06354017]))","(array([0.09255125]), array([0.06343132]))","(array([0.09395696]), array([0.06313035]))","(array([0.09627176]), array([0.06262981]))","(array([0.09933439]), array([0.06192919]))","(array([0.10297333]), array([0.06103615]))","(array([0.10701729]), array([0.05996756]))","(array([0.11129813]), array([0.0587503]))"
(0.1238689549905531+0j),[0.25181538],[1.],[0.5230225],[1.],"(array([0.1027769]), array([0.19211556]))","(array([0.09291055]), array([0.06347828]))","(array([0.09218429]), array([0.06354854]))","(array([0.09255273]), array([0.0634395]))","(array([0.09395788]), array([0.06313832]))","(array([0.09627219]), array([0.06263752]))","(array([0.09933437]), array([0.06193662]))","(array([0.10297292]), array([0.06104329]))","(array([0.10701655]), array([0.05997437]))","(array([0.11129709]), array([0.05875678]))","(array([0.11565145]), array([0.05742771]))"
(0.1292213002172442+0j),[0.24557637],[1.],[0.54168181],[1.],"(array([0.10434456]), array([0.19536528]))","(array([0.09218692]), array([0.06355764]))","(array([0.09255469]), array([0.06344843]))","(array([0.09395923]), array([0.06314702]))","(array([0.09627297]), array([0.06264597]))","(array([0.09933465]), array([0.06194478]))","(array([0.10297277]), array([0.06105114]))","(array([0.10701601]), array([0.05998189]))","(array([0.11129622]), array([0.05876395]))","(array([0.11565031]), array([0.05743451]))","(array([0.1199252]), array([0.05603956]))"
(0.1346057487105108+0j),[0.23938988],[1.],[0.55912564],[1.],"(array([0.10686533]), array([0.19825981]))","(array([0.09255721]), array([0.06345821]))","(array([0.09396106]), array([0.06315659]))","(array([0.09627417]), array([0.06265528]))","(array([0.09933529]), array([0.0619538]))","(array([0.1029729]), array([0.06105984]))","(array([0.10701571]), array([0.05999025]))","(array([0.11129555]), array([0.05877194]))","(array([0.11564933]), array([0.05744212]))","(array([0.11992396]), array([0.05604676]))","(array([0.12398487]), array([0.05463697]))"
(0.13984896114054646+0j),[0.23347649],[1.],[0.57495058],[1.],"(array([0.11028782]), array([0.2007161]))","(array([0.09396346]), array([0.06316715]))","(array([0.09627587]), array([0.06266558]))","(array([0.09933634]), array([0.0619638]))","(array([0.10297339]), array([0.06106951]))","(array([0.1070157]), array([0.05999956]))","(array([0.11129512]), array([0.05878087]))","(array([0.11564854]), array([0.05745064]))","(array([0.11992287]), array([0.05605486]))","(array([0.12398354]), array([0.05464463]))","(array([0.12772366]), array([0.05327103]))"
(0.1448127061425792+0j),[0.228027],[1.],[0.58892162],[1.],"(array([0.11447801]), array([0.20268231]))","(array([0.09627812]), array([0.062677]))","(array([0.09933787]), array([0.06197491]))","(array([0.10297428]), array([0.06108027]))","(array([0.10701603]), array([0.06000994]))","(array([0.11129497]), array([0.05879085]))","(array([0.11564798]), array([0.0574602]))","(array([0.11992198]), array([0.05606397]))","(array([0.12398237]), array([0.05465327]))","(array([0.12772226]), array([0.0532792]))","(array([0.13106979]), array([0.05198812]))"
(0.14941624774568227+0j),[0.22319343],[1.],[0.60098798],[1.],"(array([0.11925889]), array([0.20414253]))","(array([0.09933995]), array([0.06198726]))","(array([0.10297564]), array([0.06109225]))","(array([0.10701676]), array([0.06002152]))","(array([0.11129516]), array([0.058802]))","(array([0.11564771]), array([0.0574709]))","(array([0.11992132]), array([0.05607421]))","(array([0.1239814]), array([0.05466301]))","(array([0.12772103]), array([0.05328842]))","(array([0.13106835]), array([0.05199683]))","(array([0.13399123]), array([0.05082684]))"
(0.15365786084517036+0j),[0.21908657],[1.],[0.61129198],[1.],"(array([0.12444888]), array([0.20512007]))","(array([0.10297755]), array([0.06110559]))","(array([0.10701797]), array([0.06003443]))","(array([0.11129575]), array([0.05881446]))","(array([0.11564778]), array([0.05748287]))","(array([0.11992096]), array([0.05608568]))","(array([0.12398068]), array([0.05467397]))","(array([0.12772002]), array([0.05329885]))","(array([0.1310671]), array([0.05200669]))","(array([0.13398979]), array([0.05083614]))","(array([0.1364984]), array([0.04981675]))"
(0.1576304190626708+0j),[0.2157762],[1.],[0.62016645],[1.],"(array([0.12988579]), array([0.20567911]))","(array([0.10701973]), array([0.06004883]))","(array([0.11129683]), array([0.05882837]))","(array([0.11564828]), array([0.05749626]))","(array([0.11992097]), array([0.05609853]))","(array([0.12398029]), array([0.05468627]))","(array([0.1277193]), array([0.05331058]))","(array([0.13106611]), array([0.05201784]))","(array([0.13398857]), array([0.05084668]))","(array([0.136497]), array([0.04982669]))","(array([0.13864487]), array([0.04897814]))"
(0.16152012887737147+0j),[0.21329148],[1.],[0.62810185],[1.],"(array([0.1354352]), array([0.20592233]))","(array([0.1112985]), array([0.05884387]))","(array([0.1156493]), array([0.05751121]))","(array([0.11992145]), array([0.0561129]))","(array([0.12398032]), array([0.05470004]))","(array([0.12771895]), array([0.05332375]))","(array([0.13106545]), array([0.0520304]))","(array([0.13398766]), array([0.05085861]))","(array([0.13649589]), array([0.04983796]))","(array([0.13864358]), array([0.04898877]))","(array([0.14052337]), array([0.0483221]))"
(0.16557586112194728+0j),[0.21162091],[1.],[0.63565987],[1.],"(array([0.14098675]), array([0.20598025]))","(array([0.11565095]), array([0.05752787]))","(array([0.11992251]), array([0.05612893]))","(array([0.12398087]), array([0.05471542]))","(array([0.12771909]), array([0.05333847]))","(array([0.13106525]), array([0.05204446]))","(array([0.13398716]), array([0.05087202]))","(array([0.13649515]), array([0.0498507]))","(array([0.13864265]), array([0.0490008]))","(array([0.14052227]), array([0.04833345]))","(array([0.14225244]), array([0.0478506]))"
(0.1700440943281979+0j),[0.21071295],[1.],[0.64332857],[1.],"(array([0.14644292]), array([0.20598902]))","(array([0.11992424]), array([0.05614671]))","(array([0.12398207]), array([0.05473252]))","(array([0.12771984]), array([0.05335486]))","(array([0.13106562]), array([0.05206014]))","(array([0.13398721]), array([0.05088699]))","(array([0.13649491]), array([0.04986496]))","(array([0.13864218]), array([0.04901436]))","(array([0.14052161]), array([0.04834628]))","(array([0.14225163]), array([0.0478627]))","(array([0.14395056]), array([0.04755656]))"
(0.17507454441692516+0j),[0.21047976],[1.],[0.65134019],[1.],"(array([0.15170521]), array([0.20605729]))","(array([0.12398403]), array([0.05475136]))","(array([0.12772133]), array([0.05337294]))","(array([0.1310667]), array([0.05207746]))","(array([0.13398794]), array([0.05090355]))","(array([0.13649534]), array([0.04988078]))","(array([0.13864233]), array([0.04902944]))","(array([0.14052153]), array([0.04836062]))","(array([0.14225137]), array([0.04787628]))","(array([0.14395016]), array([0.04756939]))","(array([0.14569928]), array([0.04742433]))"
(0.1806209720921319+0j),[0.21080704],[1.],[0.65951722],[1.],"(array([0.15666233]), array([0.20623035]))","(array([0.12772366]), array([0.05339266]))","(array([0.13106861]), array([0.05209638]))","(array([0.13398949]), array([0.05092166]))","(array([0.13649656]), array([0.0498981]))","(array([0.13864326]), array([0.04904599]))","(array([0.14052219]), array([0.0483764]))","(array([0.14225181]), array([0.04789131]))","(array([0.14395043]), array([0.04758364]))","(array([0.14569942]), array([0.04743782]))","(array([0.14750532]), array([0.04743121]))"
(0.1864002791703582+0j),[0.21157027],[1.],[0.66727259],[1.],"(array([0.16118812]), array([0.2064715]))","(array([0.13107145]), array([0.05211672]))","(array([0.13399196]), array([0.05094117]))","(array([0.1364987]), array([0.04991679]))","(array([0.1386451]), array([0.04906386]))","(array([0.14052375]), array([0.04839349]))","(array([0.14225311]), array([0.04790763]))","(array([0.1439515]), array([0.0475992]))","(array([0.14570034]), array([0.04745261]))","(array([0.14750613]), array([0.04744524]))","(array([0.14928314]), array([0.04755033]))"
(0.19196458932715943+0j),[0.21265304],[1.],[0.67382671],[1.],"(array([0.16515772]), array([0.20668052]))","(array([0.13399544]), array([0.05096184]))","(array([0.13650186]), array([0.04993661]))","(array([0.13864795]), array([0.04908285]))","(array([0.14052632]), array([0.04841168]))","(array([0.1422554]), array([0.04792504]))","(array([0.14395354]), array([0.04761586]))","(array([0.14570217]), array([0.04746853]))","(array([0.14750781]), array([0.04746041]))","(array([0.14928472]), array([0.04756476]))","(array([0.15087951]), array([0.04775462]))"
(0.19684549565122977+0j),[0.21396162],[1.],[0.67850007],[1.],"(array([0.16847782]), array([0.20674238]))","(array([0.13650607]), array([0.04995729]))","(array([0.13865187]), array([0.0491027]))","(array([0.14052995]), array([0.04843071]))","(array([0.14225877]), array([0.04794329]))","(array([0.14395665]), array([0.04763336]))","(array([0.14570504]), array([0.04748532]))","(array([0.14751048]), array([0.04747649]))","(array([0.14928724]), array([0.04758013]))","(array([0.15088191]), array([0.0477693]))","(array([0.15213097]), array([0.04802054]))"
(0.2006752431968123+0j),[0.21543248],[1.],[0.6808892],[1.],"(array([0.17111345]), array([0.20657269]))","(array([0.13865689]), array([0.0491231]))","(array([0.1405347]), array([0.04845031]))","(array([0.14226325]), array([0.04796211]))","(array([0.14396089]), array([0.04765145]))","(array([0.14570903]), array([0.04750271]))","(array([0.14751424]), array([0.04749322]))","(array([0.14929079]), array([0.04759621]))","(array([0.15088529]), array([0.04778472]))","(array([0.15213419]), array([0.04803532]))","(array([0.15291639]), array([0.04833053]))"
(0.2032396827004367+0j),[0.2170341],[1.],[0.68088592],[1.],"(array([0.17309874]), array([0.20613682]))","(array([0.14054057]), array([0.04847019]))","(array([0.14226888]), array([0.04798125]))","(array([0.14396626]), array([0.04766987]))","(array([0.14571417]), array([0.04752046]))","(array([0.14751914]), array([0.04751034]))","(array([0.14929545]), array([0.04761274]))","(array([0.15088972]), array([0.04780066]))","(array([0.15213842]), array([0.04805067]))","(array([0.15292039]), array([0.04834529]))","(array([0.15317867]), array([0.04867403]))"
(0.20447628383610764+0j),[0.21876523],[1.],[0.67860978],[1.],"(array([0.17453011]), array([0.20544513]))","(array([0.14227562]), array([0.04800044]))","(array([0.14397278]), array([0.04768839]))","(array([0.14572045]), array([0.04753834]))","(array([0.14752519]), array([0.04752763]))","(array([0.14930126]), array([0.04762948]))","(array([0.15089527]), array([0.04781688]))","(array([0.15214369]), array([0.04806637]))","(array([0.1529254]), array([0.04836047]))","(array([0.15318337]), array([0.04868869]))","(array([0.15291916]), array([0.04904746]))"
(0.20444550247249463+0j),[0.22065103],[1.],[0.67432398],[1.],"(array([0.17554509]), array([0.20453805]))","(array([0.14398041]), array([0.04770677]))","(array([0.14572787]), array([0.04755613]))","(array([0.14753239]), array([0.04754488]))","(array([0.14930821]), array([0.04764622]))","(array([0.15090195]), array([0.04783317]))","(array([0.15215005]), array([0.04808222]))","(array([0.15293143]), array([0.04837588]))","(array([0.15318906]), array([0.04870364]))","(array([0.15292447]), array([0.04906195]))","(array([0.15218073]), array([0.04945359]))"
(0.20329553694636848+0j),[0.22273613],[1.],[0.66836779],[1.],"(array([0.17628891]), array([0.20347095]))","(array([0.14573639]), array([0.04757363]))","(array([0.14754069]), array([0.04756189]))","(array([0.14931628]), array([0.0476628]))","(array([0.15090974]), array([0.04784934]))","(array([0.15215752]), array([0.04809801]))","(array([0.15293851]), array([0.04839131]))","(array([0.15319574]), array([0.0487187]))","(array([0.15293073]), array([0.04907663]))","(array([0.15218653]), array([0.04946787]))","(array([0.15103083]), array([0.04990033]))"
(0.20122942005442387+0j),[0.22507331],[1.],[0.66111222],[1.],"(array([0.17687326]), array([0.20230273]))","(array([0.14755006]), array([0.04757849]))","(array([0.14932542]), array([0.04767902]))","(array([0.15091861]), array([0.04786522]))","(array([0.15216606]), array([0.04811358]))","(array([0.15294666]), array([0.04840659]))","(array([0.15320343]), array([0.0487337]))","(array([0.15293793]), array([0.04909132]))","(array([0.15219323]), array([0.04948224]))","(array([0.151037]), array([0.04991436]))","(array([0.14954904]), array([0.05039869]))"
(0.1984755303042528+0j),[0.22770707],[1.],[0.6529311],[1.],"(array([0.17733687]), array([0.20108873]))","(array([0.1493356]), array([0.04769472]))","(array([0.15092851]), array([0.04788064]))","(array([0.15217562]), array([0.04812877]))","(array([0.15295581]), array([0.04842156]))","(array([0.15321211]), array([0.04874846]))","(array([0.15294608]), array([0.04910586]))","(array([0.15220082]), array([0.04949654]))","(array([0.15104401]), array([0.04992839]))","(array([0.14955544]), array([0.05041244]))","(array([0.14781889]), array([0.05095967]))"
(0.19525859547320681+0j),[0.23065536],[1.],[0.64417449],[1.],"(array([0.17762837]), array([0.19987616]))","(array([0.15093937]), array([0.04789545]))","(array([0.15218614]), array([0.04814341]))","(array([0.15296591]), array([0.04843606]))","(array([0.15322172]), array([0.04876282]))","(array([0.15295513]), array([0.04912008]))","(array([0.15220927]), array([0.0495106]))","(array([0.15105183]), array([0.04994227]))","(array([0.14956262]), array([0.0504261]))","(array([0.1478254]), array([0.05097309]))","(array([0.14592159]), array([0.05159027]))"
(0.19176832207823877+0j),[0.233897],[1.],[0.63513138],[1.],"(array([0.17763031]), array([0.19870009]))","(array([0.15219752]), array([0.04815736]))","(array([0.15297687]), array([0.04844993]))","(array([0.15323218]), array([0.04877663]))","(array([0.15296503]), array([0.04913383]))","(array([0.15221854]), array([0.04952426]))","(array([0.15106043]), array([0.04995583]))","(array([0.14957054]), array([0.05043953]))","(array([0.14783261]), array([0.05098634]))","(array([0.14592808]), array([0.05160332]))","(array([0.14392883]), array([0.0522901]))"
(0.1881272683385275+0j),[0.23737177],[1.],[0.62597877],[1.],"(array([0.17721293]), array([0.19757779]))","(array([0.15298858]), array([0.04846304]))","(array([0.15324338]), array([0.04878974]))","(array([0.15297565]), array([0.04914695]))","(array([0.15222852]), array([0.04953738]))","(array([0.15106973]), array([0.04996892]))","(array([0.14957912]), array([0.05045256]))","(array([0.14784046]), array([0.05099928]))","(array([0.14593518]), array([0.05161613]))","(array([0.14393518]), array([0.05230273]))","(array([0.14189288]), array([0.05304988]))"
(0.18436659740219316+0j),[0.24099295],[1.],[0.61673206],[1.],"(array([0.1762799]), array([0.1965021]))","(array([0.15325519]), array([0.04880203]))","(array([0.15298688]), array([0.04915932]))","(array([0.15223911]), array([0.04954982]))","(array([0.15107962]), array([0.0499814]))","(array([0.14958828]), array([0.05046505]))","(array([0.14784887]), array([0.05101175]))","(array([0.14594283]), array([0.05162854]))","(array([0.14394205]), array([0.05231504]))","(array([0.14189897]), array([0.05306204]))","(array([0.13983516]), array([0.05385293]))"
(0.18042355336957647+0j),[0.24466589],[1.],[0.60722753],[1.],"(array([0.17478318]), array([0.19543757]))","(array([0.15299857]), array([0.04917083]))","(array([0.15225016]), array([0.04956145]))","(array([0.15108998]), array([0.04999314]))","(array([0.14959791]), array([0.05047687]))","(array([0.14785774]), array([0.05102361]))","(array([0.14595092]), array([0.05164042]))","(array([0.14394936]), array([0.05232688]))","(array([0.14190549]), array([0.0530738]))","(array([0.1398409]), array([0.05386456]))","(array([0.13773872]), array([0.05467865]))"
(0.1761734147471415+0j),[0.24830495],[1.],[0.59717001],[1.],"(array([0.17271575]), array([0.19432542]))","(array([0.15226154]), array([0.0495722]))","(array([0.15110067]), array([0.05000405]))","(array([0.14960787]), array([0.05048792]))","(array([0.14786695]), array([0.05103477]))","(array([0.14595935]), array([0.05165164]))","(array([0.14395701]), array([0.05233813]))","(array([0.14191236]), array([0.05308504]))","(array([0.13984698]), array([0.05387573]))","(array([0.13774402]), array([0.0546897]))","(array([0.13555155]), array([0.05550659]))"
(0.1714937914195724+0j),[0.25184371],[1.],[0.58625134],[1.],"(array([0.17010121]), array([0.19310065]))","(array([0.15111156]), array([0.05001408]))","(array([0.14961805]), array([0.05049814]))","(array([0.14787637]), array([0.05104514]))","(array([0.14596802]), array([0.05166213]))","(array([0.14396491]), array([0.05234871]))","(array([0.14191948]), array([0.05309565]))","(array([0.13985332]), array([0.05388633]))","(array([0.1377496]), array([0.05470025]))","(array([0.13555636]), array([0.05551702]))","(array([0.13320533]), array([0.05631949]))"
(0.1663298391023994+0j),[0.25523681],[1.],[0.57428434],[1.],"(array([0.16698992]), array([0.19171619]))","(array([0.14962834]), array([0.05050749]))","(array([0.14788594]), array([0.0510547]))","(array([0.14597683]), array([0.05167185]))","(array([0.14397296]), array([0.05235856]))","(array([0.14192677]), array([0.05310559]))","(array([0.13985986]), array([0.05389631]))","(array([0.13775537]), array([0.05471022]))","(array([0.1355614]), array([0.05552693]))","(array([0.13320963]), array([0.0563293]))","(array([0.13064386]), array([0.05710474]))"
(0.16072208503331073+0j),[0.25845588],[1.],[0.56127474],[1.],"(array([0.16345835]), array([0.19016077]))","(array([0.14789555]), array([0.05106343]))","(array([0.14598571]), array([0.05168079]))","(array([0.1439811]), array([0.05236766]))","(array([0.14193416]), array([0.05311482]))","(array([0.13986651]), array([0.05390563]))","(array([0.13776129]), array([0.05471957]))","(array([0.13556659]), array([0.05553627]))","(array([0.13321412]), array([0.05633858]))","(array([0.13064764]), array([0.05711391]))","(array([0.12784618]), array([0.05785399]))"
(0.1547955279138359+0j),[0.26148332],[1.],[0.54742209],[1.],"(array([0.15960607]), array([0.18846238]))","(array([0.14599461]), array([0.05168897]))","(array([0.14398928]), array([0.05237604]))","(array([0.14194161]), array([0.05312335]))","(array([0.13987323]), array([0.05391428]))","(array([0.1377673]), array([0.0547283]))","(array([0.1355719]), array([0.05554504]))","(array([0.13321874]), array([0.05634732]))","(array([0.13065159]), array([0.05712259]))","(array([0.12784947]), array([0.05786256]))","(array([0.12483492]), array([0.05856204]))"
(0.1487361245338769+0j),[0.26430656],[1.],[0.53309839],[1.],"(array([0.1555495]), array([0.18668168]))","(array([0.14399748]), array([0.05238372]))","(array([0.1419491]), array([0.05313123]))","(array([0.13988002]), array([0.05392231]))","(array([0.13777339]), array([0.05473644]))","(array([0.1355773]), array([0.05555324]))","(array([0.13322347]), array([0.05635554]))","(array([0.13065566]), array([0.05713078]))","(array([0.12785291]), array([0.05787068]))","(array([0.12483774]), array([0.05857005]))","(array([0.12167398]), array([0.05922541]))"
(0.1427712177011068+0j),[0.26691297],[1.],[0.51883594],[1.],"(array([0.15141389]), array([0.18490476]))","(array([0.14195665]), array([0.05313851]))","(array([0.13988687]), array([0.05392977]))","(array([0.13777956]), array([0.05474404]))","(array([0.1355828]), array([0.05556093]))","(array([0.13322831]), array([0.05636328]))","(array([0.13065987]), array([0.05713853]))","(array([0.1278565]), array([0.05787839]))","(array([0.12484073]), array([0.05857768]))","(array([0.12167638]), array([0.05923292]))","(array([0.11846485]), array([0.05984117]))"
(0.13715272237836068+0j),[0.26928441],[1.],[0.50531533],[1.],"(array([0.14732309]), array([0.18323881]))","(array([0.13989383]), array([0.05393672]))","(array([0.13778583]), array([0.05475116]))","(array([0.13558841]), array([0.05556817]))","(array([0.13323327]), array([0.0563706]))","(array([0.1306642]), array([0.05714588]))","(array([0.12786023]), array([0.05788574]))","(array([0.12484387]), array([0.05858499]))","(array([0.12167895]), array([0.05924014]))","(array([0.11846688]), array([0.05984827]))","(array([0.11534399]), array([0.06040578]))"
(0.13213448232307087+0j),[0.27139101],[1.],[0.49332105],[1.],"(array([0.14338608]), array([0.18180745]))","(array([0.13779227]), array([0.05475787]))","(array([0.13559418]), array([0.05557503]))","(array([0.1332384]), array([0.05637757]))","(array([0.13066871]), array([0.05715292]))","(array([0.12786412]), array([0.0578928]))","(array([0.12484719]), array([0.05859203]))","(array([0.12168171]), array([0.05924713]))","(array([0.11846909]), array([0.05985516]))","(array([0.11534568]), array([0.06041254]))","(array([0.11247647]), array([0.06091376]))"
(0.12793992274043825+0j),[0.27318541],[1.],[0.48363872],[1.],"(array([0.13968231]), array([0.18073918]))","(array([0.13560018]), array([0.05558159]))","(array([0.13324374]), array([0.05638426]))","(array([0.13067341]), array([0.0571597]))","(array([0.12786822]), array([0.05789963]))","(array([0.1248507]), array([0.05859887]))","(array([0.12168466]), array([0.05925394]))","(array([0.11847151]), array([0.0598619]))","(array([0.11534758]), array([0.06041918]))","(array([0.11247787]), array([0.06092026]))","(array([0.11003941]), array([0.0613563]))"
(0.12472926583178735+0j),[0.27460025],[1.],[0.47691402],[1.],"(array([0.13625203]), array([0.18014707]))","(array([0.13324936]), array([0.05639073]))","(array([0.13067839]), array([0.05716629]))","(array([0.12787258]), array([0.0579063]))","(array([0.12485446]), array([0.05860557]))","(array([0.12168785]), array([0.05926064]))","(array([0.11847415]), array([0.05986856]))","(array([0.1153497]), array([0.06042577]))","(array([0.11247949]), array([0.06092672]))","(array([0.11004055]), array([0.06136262]))","(array([0.10819442]), array([0.0617204]))"
(0.12258335659610231+0j),[0.27555168],[1.],[0.47353949],[1.],"(array([0.13310057]), array([0.18010703]))","(array([0.1306837]), array([0.05717275]))","(array([0.12787725]), array([0.05791287]))","(array([0.12485851]), array([0.0586122]))","(array([0.12169132]), array([0.05926729]))","(array([0.11847705]), array([0.0598752]))","(array([0.11535206]), array([0.06043234]))","(array([0.11248134]), array([0.06093321]))","(array([0.11004192]), array([0.06136897]))","(array([0.10819532]), array([0.0617266]))","(array([0.10705883]), array([0.06198893]))"
(0.12151159836872356+0j),[0.27594951],[1.],[0.47362353],[1.],"(array([0.13021715]), array([0.18064577]))","(array([0.12788229]), array([0.05791938]))","(array([0.12486292]), array([0.0586188]))","(array([0.12169511]), array([0.05927394]))","(array([0.11848026]), array([0.05988185]))","(array([0.11535471]), array([0.06043897]))","(array([0.11248346]), array([0.06093976]))","(array([0.11004353]), array([0.06137543]))","(array([0.10819646]), array([0.0617329]))","(array([0.10705951]), array([0.06199506]))","(array([0.10668934]), array([0.06214222]))"
(0.12147542559338513+0j),[0.27571085],[1.],[0.47703738],[1.],"(array([0.12759672]), array([0.1817434]))","(array([0.12486774]), array([0.05862542]))","(array([0.12169929]), array([0.05928063]))","(array([0.11848382]), array([0.05988858]))","(array([0.11535769]), array([0.06044569]))","(array([0.11248588]), array([0.06094643]))","(array([0.11004542]), array([0.06138201]))","(array([0.10819785]), array([0.06173937]))","(array([0.10706044]), array([0.06200136]))","(array([0.10668982]), array([0.06214833]))","(array([0.10708383]), array([0.06216075]))"
(0.12241392010571259+0j),[0.27477268],[1.],[0.48349773],[1.],"(array([0.1252529]), array([0.18334636]))","(array([0.12170394]), array([0.0592874]))","(array([0.11848782]), array([0.05989541]))","(array([0.11536107]), array([0.06045254]))","(array([0.11248866]), array([0.06095326]))","(array([0.11004764]), array([0.06138877]))","(array([0.10819954]), array([0.06174603]))","(array([0.10706163]), array([0.06200789]))","(array([0.10669055]), array([0.06215468]))","(array([0.10708411]), array([0.06216689]))","(array([0.10819591]), array([0.06202813]))"
(0.12426403438033788+0j),[0.27310099],[1.],[0.4926474],[1.],"(array([0.12322288]), array([0.18538327]))","(array([0.11849232]), array([0.0599024]))","(array([0.11536491]), array([0.06045957]))","(array([0.11249187]), array([0.0609603]))","(array([0.11005025]), array([0.06139577]))","(array([0.10820158]), array([0.06175294]))","(array([0.10706313]), array([0.06201468]))","(array([0.10669155]), array([0.06216131]))","(array([0.10708465]), array([0.06217333]))","(array([0.10819601]), array([0.06203434]))","(array([0.10995342]), array([0.06173347]))"
(0.12697331106789253+0j),[0.27069639],[1.],[0.50411355],[1.],"(array([0.12157019]), array([0.18777807]))","(array([0.1153693]), array([0.06046683]))","(array([0.11249559]), array([0.06096759]))","(array([0.11005331]), array([0.06140305]))","(array([0.10820403]), array([0.06176016]))","(array([0.107065]), array([0.06202179]))","(array([0.10669287]), array([0.06216828]))","(array([0.10708547]), array([0.06218012]))","(array([0.10819636]), array([0.06204092]))","(array([0.10995334]), array([0.0617398]))","(array([0.11227405]), array([0.06127308]))"
(0.13050210250241132+0j),[0.26759735],[1.],[0.5175284],[1.],"(array([0.12038558]), array([0.19045708]))","(array([0.11249991]), array([0.06097521]))","(array([0.11005693]), array([0.06141068]))","(array([0.10820697]), array([0.06176776]))","(array([0.10706731]), array([0.06202931]))","(array([0.10669459]), array([0.06217567]))","(array([0.10708663]), array([0.06218734]))","(array([0.10819702]), array([0.06204793]))","(array([0.10995352]), array([0.06174659]))","(array([0.1122738]), array([0.0612796]))","(array([0.11507427]), array([0.06065143]))"
(0.1348092492089091+0j),[0.26388099],[1.],[0.53250055],[1.],"(array([0.1197799]), array([0.19334715]))","(array([0.11006121]), array([0.06141874]))","(array([0.10821052]), array([0.06177582]))","(array([0.10707015]), array([0.06203731]))","(array([0.10669678]), array([0.06218357]))","(array([0.10708821]), array([0.06219509]))","(array([0.10819802]), array([0.06205549]))","(array([0.10995401]), array([0.06175391]))","(array([0.11227382]), array([0.06128666]))","(array([0.11507385]), array([0.06065821]))","(array([0.11826837]), array([0.05988159]))"
(0.1398229860093042+0j),[0.2596605],[1.],[0.54855701],[1.],"(array([0.11986282]), array([0.19636574]))","(array([0.10821479]), array([0.06178445]))","(array([0.10707365]), array([0.06204591]))","(array([0.10669954]), array([0.06219208]))","(array([0.10709028]), array([0.06220346]))","(array([0.10819946]), array([0.06206368]))","(array([0.10995487]), array([0.06176188]))","(array([0.11227415]), array([0.06129438]))","(array([0.1150737]), array([0.06066563]))","(array([0.11826779]), array([0.05988871]))","(array([0.12175877]), array([0.05898505]))"
(0.14541817503775042+0j),[0.25507769],[1.],[0.56512287],[1.],"(array([0.12071181]), array([0.19941177]))","(array([0.10707791]), array([0.06205522]))","(array([0.10670298]), array([0.06220133]))","(array([0.10709295]), array([0.06221259]))","(array([0.10820142]), array([0.06207264]))","(array([0.10995617]), array([0.06177063]))","(array([0.11227485]), array([0.06130287]))","(array([0.11507387]), array([0.06067383]))","(array([0.11826748]), array([0.05989658]))","(array([0.12175802]), array([0.05899259]))","(array([0.12542713]), array([0.05799059]))"
(0.15142085602708721+0j),[0.25029087],[1.],[0.58157948],[1.],"(array([0.12234747]), array([0.20236847]))","(array([0.10670723]), array([0.06221143]))","(array([0.10709634]), array([0.0622226]))","(array([0.108204]), array([0.06208249]))","(array([0.109958]), array([0.06178027]))","(array([0.11227601]), array([0.06131226]))","(array([0.11507442]), array([0.06068293]))","(array([0.11826748]), array([0.05990536]))","(array([0.12175754]), array([0.059001]))","(array([0.12542623]), array([0.05799862]))","(array([0.12913879]), array([0.05693206]))"
(0.1576358749892867+0j),[0.24546071],[1.],[0.59736179],[1.],"(array([0.12472856]), array([0.20511867]))","(array([0.10710057]), array([0.06223363]))","(array([0.10820732]), array([0.06209338]))","(array([0.10996048]), array([0.06179095]))","(array([0.11227771]), array([0.06132269]))","(array([0.11507542]), array([0.06069307]))","(array([0.11826787]), array([0.05991516]))","(array([0.12175739]), array([0.05901043]))","(array([0.12542559]), array([0.05800765]))","(array([0.12913775]), array([0.05694066]))","(array([0.13276033]), array([0.05584549]))"
(0.16388091853549183+0j),[0.24073784],[1.],[0.6120385],[1.],"(array([0.12776635]), array([0.20756327]))","(array([0.10821151]), array([0.06210543]))","(array([0.10996371]), array([0.06180281]))","(array([0.11228007]), array([0.0613343]))","(array([0.11507699]), array([0.06070438]))","(array([0.11826873]), array([0.05992613]))","(array([0.12175762]), array([0.05902102]))","(array([0.12542529]), array([0.05801782]))","(array([0.12913697]), array([0.05695039]))","(array([0.13275916]), array([0.05585473]))","(array([0.13617954]), array([0.05476598]))"
(0.17001669708892028+0j),[0.23625425],[1.],[0.62535478],[1.],"(array([0.13134822]), array([0.20963499]))","(array([0.10996784]), array([0.06181601]))","(array([0.1122832]), array([0.06134724]))","(array([0.11507921]), array([0.06071701]))","(array([0.11827015]), array([0.05993841]))","(array([0.12175833]), array([0.05903291]))","(array([0.12542539]), array([0.05802928]))","(array([0.12913655]), array([0.05696138]))","(array([0.13275828]), array([0.05586521]))","(array([0.13617828]), array([0.05477593]))","(array([0.13931922]), array([0.05372541]))"
(0.1759692529003298+0j),[0.23211867],[1.],[0.63724154],[1.],"(array([0.13536031]), array([0.21130503]))","(array([0.11228725]), array([0.06136168]))","(array([0.11508224]), array([0.06073114]))","(array([0.11827226]), array([0.05995217]))","(array([0.12175963]), array([0.05904625]))","(array([0.12542598]), array([0.05804217]))","(array([0.12913654]), array([0.05697379]))","(array([0.13275777]), array([0.0558771]))","(array([0.13617733]), array([0.05478726]))","(array([0.13931791]), array([0.05373614]))","(array([0.14214298]), array([0.05275088]))"
(0.1817406155268067+0j),[0.22841474],[1.],[0.6477965],[1.],"(array([0.1397032]), array([0.21258337]))","(array([0.11508622]), array([0.06074694]))","(array([0.11827519]), array([0.05996758]))","(array([0.12176165]), array([0.05906123]))","(array([0.1254272]), array([0.05805667]))","(array([0.12913707]), array([0.05698778]))","(array([0.13275771]), array([0.05589055]))","(array([0.13617679]), array([0.05480012]))","(array([0.13931695]), array([0.05374839]))","(array([0.14214168]), array([0.05276248]))","(array([0.14465408]), array([0.05186405]))"
(0.18740241116927908+0j),[0.22520065],[1.],[0.65723702],[1.],"(array([0.14429734]), array([0.21351324]))","(array([0.11827912]), array([0.05998484]))","(array([0.12176454]), array([0.05907804]))","(array([0.12542917]), array([0.05807297]))","(array([0.12913826]), array([0.05700352]))","(array([0.13275823]), array([0.05590572]))","(array([0.13617675]), array([0.05481469]))","(array([0.13931646]), array([0.05376231]))","(array([0.14214078]), array([0.05277572]))","(array([0.14465287]), array([0.05187659]))","(array([0.14688808]), array([0.05108086]))"
(0.193068131201284+0j),[0.22250879],[1.],[0.66582518],[1.],"(array([0.14907536]), array([0.21415968]))","(array([0.12176847]), array([0.05909684]))","(array([0.12543208]), array([0.05809124]))","(array([0.12914027]), array([0.05702121]))","(array([0.13275949]), array([0.05592278]))","(array([0.13617737]), array([0.05483111]))","(array([0.13931654]), array([0.05377807]))","(array([0.14214043]), array([0.05279078]))","(array([0.14465213]), array([0.0518909]))","(array([0.14688704]), array([0.05109442]))","(array([0.14889912]), array([0.05041155]))"
(0.19884440950390217+0j),[0.22034483],[1.],[0.67377264],[1.],"(array([0.15396288]), array([0.21459283]))","(array([0.12543609]), array([0.05811162]))","(array([0.1291433]), array([0.05704097]))","(array([0.13276166]), array([0.05594189]))","(array([0.13617881]), array([0.05484953]))","(array([0.13931737]), array([0.05379578]))","(array([0.14214074]), array([0.05280776]))","(array([0.14465203]), array([0.05190713]))","(array([0.14688658]), array([0.05110985]))","(array([0.14889836]), array([0.05042617]))","(array([0.15074094]), array([0.04986046]))"
(0.20476824302449795+0j),[0.21868737],[1.],[0.68114337],[1.],"(array([0.15885907]), array([0.21486794]))","(array([0.12914749]), array([0.05706288]))","(array([0.13276491]), array([0.0559631]))","(array([0.13618125]), array([0.05487001]))","(array([0.13931912]), array([0.0538155]))","(array([0.14214191]), array([0.05282672]))","(array([0.14465271]), array([0.05192531]))","(array([0.14688685]), array([0.05112722]))","(array([0.1488983]), array([0.05044269]))","(array([0.1507406]), array([0.04987613]))","(array([0.15244531]), array([0.04942594]))"
(0.21074744115098074+0j),[0.21749144],[1.],[0.6877864],[1.],"(array([0.16363135]), array([0.21500726]))","(array([0.13276939]), array([0.05598637]))","(array([0.13618485]), array([0.05489252]))","(array([0.13932195]), array([0.05383722]))","(array([0.1421441]), array([0.05284762]))","(array([0.14465435]), array([0.0519454]))","(array([0.14688802]), array([0.05114649]))","(array([0.14889908]), array([0.05046112]))","(array([0.15074106]), array([0.04989367]))","(array([0.15244551]), array([0.04944259]))","(array([0.15400333]), array([0.04910067]))"
(0.2165335693083808+0j),[0.21669784],[1.],[0.69334035],[1.],"(array([0.16812817]), array([0.21499152]))","(array([0.13618973]), array([0.0549169]))","(array([0.13932603]), array([0.05386078]))","(array([0.14214746]), array([0.05287035]))","(array([0.14465711]), array([0.05196727]))","(array([0.14689026]), array([0.05116752]))","(array([0.14890087]), array([0.0504813]))","(array([0.15074248]), array([0.04991298]))","(array([0.15244661]), array([0.049461]))","(array([0.15400419]), array([0.04911816]))","(array([0.15535832]), array([0.04887301]))"
(0.22175119332617035+0j),[0.21624688],[1.],[0.69732536],[1.],"(array([0.17220213]), array([0.21476757]))","(array([0.13933141]), array([0.05388594]))","(array([0.14215211]), array([0.05289465]))","(array([0.14466109]), array([0.0519907]))","(array([0.14689368]), array([0.05119008]))","(array([0.1489038]), array([0.05050299]))","(array([0.15074498]), array([0.04993383]))","(array([0.15244876]), array([0.04948097]))","(array([0.15400604]), array([0.04913723]))","(array([0.15535991]), array([0.04889116]))","(array([0.1564165]), array([0.04872965]))"
(0.22597471337095545+0j),[0.21609199],[1.],[0.69927832],[1.],"(array([0.17573378]), array([0.21426972]))","(array([0.14215809]), array([0.05292023]))","(array([0.14466639]), array([0.05201541]))","(array([0.14689838]), array([0.0512139]))","(array([0.14890797]), array([0.05052594]))","(array([0.15074868]), array([0.04995592]))","(array([0.15245204]), array([0.04950223]))","(array([0.15400897]), array([0.04915762]))","(array([0.15536255]), array([0.04891066]))","(array([0.15641887]), array([0.04874826]))","(array([0.15707257]), array([0.04865867]))"
(0.22881727961309853+0j),[0.21620971],[1.],[0.69886217],[1.],"(array([0.17864888]), array([0.21344337]))","(array([0.14467302]), array([0.05204104]))","(array([0.14690438]), array([0.05123867]))","(array([0.14891341]), array([0.05054984]))","(array([0.15075364]), array([0.04997896]))","(array([0.15245655]), array([0.04952444]))","(array([0.15401307]), array([0.04917902]))","(array([0.15536629]), array([0.04893124]))","(array([0.15642229]), array([0.04876797]))","(array([0.15707569]), array([0.04867752]))","(array([0.15723715]), array([0.04865223]))"
(0.2300024683223362+0j),[0.21660392],[1.],[0.69591759],[1.],"(array([0.18092479]), array([0.21226074]))","(array([0.14691168]), array([0.05126405]))","(array([0.14892015]), array([0.05057438]))","(array([0.15075985]), array([0.05000266]))","(array([0.1524623]), array([0.04954732]))","(array([0.15401838]), array([0.04920112]))","(array([0.15537119]), array([0.04895257]))","(array([0.15642682]), array([0.04878851]))","(array([0.15707986]), array([0.04869725]))","(array([0.15724096]), array([0.04867113]))","(array([0.15685478]), array([0.04870815]))"
(0.22940472673554566+0j),[0.21730451],[1.],[0.6904635],[1.],"(array([0.18258579]), array([0.21072588]))","(array([0.14892813]), array([0.05059925]))","(array([0.15076731]), array([0.05002673]))","(array([0.15246927]), array([0.0495706]))","(array([0.1540249]), array([0.04922364]))","(array([0.15537727]), array([0.04897435]))","(array([0.15643246]), array([0.04880959]))","(array([0.15708509]), array([0.04871759]))","(array([0.15724577]), array([0.0486907]))","(array([0.15685916]), array([0.04872696]))","(array([0.15590974]), array([0.04883032]))"
(0.22705118387154016+0j),[0.21836132],[1.],[0.68265923],[1.],"(array([0.18368795]), array([0.20887054]))","(array([0.15077597]), array([0.05005089]))","(array([0.15247743]), array([0.04959402]))","(array([0.15403259]), array([0.04924633]))","(array([0.15538451]), array([0.04899635]))","(array([0.15643923]), array([0.04883091]))","(array([0.15709138]), array([0.04873826]))","(array([0.15725159]), array([0.0487107]))","(array([0.1568645]), array([0.04874624]))","(array([0.15591457]), array([0.04884889]))","(array([0.15442187]), array([0.04902776]))"
(0.22309110691198128+0j),[0.21983516],[1.],[0.67274821],[1.],"(array([0.18429645]), array([0.20674414]))","(array([0.15248672]), array([0.04961733]))","(array([0.15404139]), array([0.04926896]))","(array([0.15539283]), array([0.04901833]))","(array([0.15644709]), array([0.04885227]))","(array([0.15709873]), array([0.04875901]))","(array([0.15725841]), array([0.04873086]))","(array([0.15687077]), array([0.04876578]))","(array([0.15592028]), array([0.04886778]))","(array([0.15442699]), array([0.04904599]))","(array([0.15243602]), array([0.04931303]))"
(0.2177527056280023+0j),[0.22178679],[1.],[0.66100739],[1.],"(array([0.18445989]), array([0.20440217]))","(array([0.15405125]), array([0.0492913]))","(array([0.1554022]), array([0.04904007]))","(array([0.15645595]), array([0.04887343]))","(array([0.15710708]), array([0.04877963]))","(array([0.15726619]), array([0.04875095]))","(array([0.15687796]), array([0.04878534]))","(array([0.15592685]), array([0.04888677]))","(array([0.15443292]), array([0.04906439]))","(array([0.15244128]), array([0.04933081]))","(array([0.1500102]), array([0.04969985]))"
(0.21130309676986103+0j),[0.22426463],[1.],[0.64771481],[1.],"(array([0.18418937]), array([0.20189718]))","(array([0.15541252]), array([0.04906135]))","(array([0.15646576]), array([0.04889421]))","(array([0.15711635]), array([0.04879991]))","(array([0.15727488]), array([0.04877075]))","(array([0.15688602]), array([0.04880468]))","(array([0.15593424]), array([0.04890564]))","(array([0.15443962]), array([0.04908275]))","(array([0.15244728]), array([0.04934863]))","(array([0.15001546]), array([0.0497171]))","(array([0.1472063]), array([0.05020056]))"
(0.204016194106009+0j),[0.22729252],[1.],[0.63313152],[1.],"(array([0.18345081]), array([0.19927384]))","(array([0.1564764]), array([0.04891438]))","(array([0.15712643]), array([0.04881965]))","(array([0.15728437]), array([0.04879008]))","(array([0.15689487]), array([0.0488236]))","(array([0.1559424]), array([0.04892415]))","(array([0.15444705]), array([0.04910085]))","(array([0.15245395]), array([0.04936627]))","(array([0.15002138]), array([0.04973425]))","(array([0.14721143]), array([0.05021719]))","(array([0.14408441]), array([0.0508233]))"
(0.19614743492968165+0j),[0.23086025],[1.],[0.61748838],[1.],"(array([0.18217615]), array([0.19656724]))","(array([0.15713724]), array([0.04883867]))","(array([0.15729456]), array([0.04880874]))","(array([0.1569044]), array([0.04884192]))","(array([0.15595123]), array([0.04894213]))","(array([0.15445513]), array([0.04911847]))","(array([0.15246125]), array([0.04938353]))","(array([0.15002787]), array([0.04975111]))","(array([0.14721712]), array([0.0502336]))","(array([0.14408928]), array([0.05083923]))","(array([0.14069932]), array([0.05156955]))"
(0.1879145520871735+0j),[0.23491992],[1.],[0.60097182],[1.],"(array([0.18028864]), array([0.19380259]))","(array([0.15730533]), array([0.04882657]))","(array([0.15691449]), array([0.04885946]))","(array([0.15596061]), array([0.04895939]))","(array([0.15446375]), array([0.04913545]))","(array([0.15246908]), array([0.04940021]))","(array([0.15003488]), array([0.04976746]))","(array([0.1472233]), array([0.05024959]))","(array([0.14409464]), array([0.05085481]))","(array([0.14070384]), array([0.0515847]))","(array([0.13709744]), array([0.05243269]))"
(0.17948644339922037+0j),[0.23938913],[1.],[0.58371146],[1.],"(array([0.17772891]), array([0.19099519]))","(array([0.15692502]), array([0.04887609]))","(array([0.15597042]), array([0.0489758]))","(array([0.1544728]), array([0.04915163]))","(array([0.15247734]), array([0.04941615]))","(array([0.15004233]), array([0.04978314]))","(array([0.1472299]), array([0.05026499]))","(array([0.14410039]), array([0.05086988]))","(array([0.14070876]), array([0.05159939]))","(array([0.13710153]), array([0.05244698]))","(array([0.13331382]), array([0.05339792]))"
(0.1709833580807197+0j),[0.24415961],[1.],[0.56577906],[1.],"(array([0.17447109]), array([0.18815143]))","(array([0.15598052]), array([0.04899123]))","(array([0.15448215]), array([0.04916689]))","(array([0.1524859]), array([0.04943122]))","(array([0.15005008]), array([0.04979801]))","(array([0.14723683]), array([0.05027963]))","(array([0.14410648]), array([0.05088428]))","(array([0.140714]), array([0.0516135]))","(array([0.13710595]), array([0.05246074]))","(array([0.13331742]), array([0.05341131]))","(array([0.12937059]), array([0.05444363]))"
(0.1624885612693471+0j),[0.24910835],[1.],[0.54720669],[1.],"(array([0.17052766]), array([0.18527191]))","(array([0.15449168]), array([0.04918113]))","(array([0.15249466]), array([0.04944534]))","(array([0.15005804]), array([0.04981198]))","(array([0.14724398]), array([0.05029343]))","(array([0.14411281]), array([0.05089788]))","(array([0.14071951]), array([0.05162687]))","(array([0.13711063]), array([0.05247385]))","(array([0.1333213]), array([0.0534241]))","(array([0.12937368]), array([0.05445608]))","(array([0.12527892]), array([0.05554363]))"
(0.15406607052906018+0j),[0.25410822],[1.],[0.52802106],[1.],"(array([0.1659461]), array([0.18235695]))","(array([0.1525035]), array([0.04945844]))","(array([0.15006611]), array([0.04982498]))","(array([0.14725126]), array([0.05030632]))","(array([0.14411929]), array([0.05091062]))","(array([0.14072519]), array([0.05163944]))","(array([0.13711551]), array([0.05248621]))","(array([0.1333254]), array([0.05343621]))","(array([0.12937701]), array([0.0544679]))","(array([0.12528151]), array([0.05555512]))","(array([0.12104495]), array([0.05666962]))"
(0.1457762473343425+0j),[0.25903568],[1.],[0.50828048],[1.],"(array([0.16080057]), array([0.17941294]))","(array([0.1500742]), array([0.04983701]))","(array([0.14725858]), array([0.05031826]))","(array([0.14412584]), array([0.05092246]))","(array([0.14073097]), array([0.05165115]))","(array([0.13712052]), array([0.05249777]))","(array([0.13332965]), array([0.05344758]))","(array([0.12938052]), array([0.05447903]))","(array([0.1252843]), array([0.05556599]))","(array([0.12104704]), array([0.05668017]))","(array([0.1166778]), array([0.05779324]))"
(0.13768440539795748+0j),[0.26377516],[1.],[0.48810286],[1.],"(array([0.15518249]), array([0.17645711]))","(array([0.14726589]), array([0.05032928]))","(array([0.1441324]), array([0.05093342]))","(array([0.14073679]), array([0.05166202]))","(array([0.13712561]), array([0.05250852]))","(array([0.13333401]), array([0.05345818]))","(array([0.12938416]), array([0.05448945]))","(array([0.12528724]), array([0.05557619]))","(array([0.12104932]), array([0.05669012]))","(array([0.11667943]), array([0.05780289]))","(array([0.11219697]), array([0.05888745]))"
(0.12986404348057737+0j),[0.26822062],[1.],[0.46768581],[1.],"(array([0.1491934]), array([0.17351993]))","(array([0.14413896]), array([0.05094353]))","(array([0.14074262]), array([0.05167208]))","(array([0.13713073]), array([0.0525185]))","(array([0.13333843]), array([0.05346805]))","(array([0.12938791]), array([0.05449918]))","(array([0.12529032]), array([0.05558574]))","(array([0.12105175]), array([0.05669946]))","(array([0.11668124]), array([0.05781199]))","(array([0.11219819]), array([0.05889627]))","(array([0.10763773]), array([0.05992718]))"
(0.12239985073838758+0j),[0.27227544],[1.],[0.44733162],[1.],"(array([0.14294162]), array([0.17064684]))","(array([0.14074845]), array([0.05168139]))","(array([0.13713588]), array([0.05252776]))","(array([0.13334291]), array([0.05347723]))","(array([0.12939173]), array([0.05450825]))","(array([0.1252935]), array([0.05559468]))","(array([0.12105431]), array([0.05670822]))","(array([0.11668321]), array([0.05782055]))","(array([0.11219959]), array([0.0589046]))","(array([0.10763859]), array([0.05993524]))","(array([0.10305623]), array([0.06088948]))"
(0.11539465432181044+0j),[0.27585116],[1.],[0.42749236],[1.],"(array([0.13654285]), array([0.16790253]))","(array([0.13714107]), array([0.0525364]))","(array([0.13334744]), array([0.05348582]))","(array([0.12939562]), array([0.05451676]))","(array([0.12529678]), array([0.05560308]))","(array([0.12105699]), array([0.05671649]))","(array([0.11668532]), array([0.05782864]))","(array([0.11220114]), array([0.05891249]))","(array([0.10763962]), array([0.05994291]))","(array([0.10305676]), array([0.06089689]))","(array([0.09853735]), array([0.06175339]))"
(0.10898049051018101+0j),[0.27886489],[1.],[0.408841],[1.],"(array([0.13012396]), array([0.16538065]))","(array([0.13335206]), array([0.05349391]))","(array([0.12939962]), array([0.0545248]))","(array([0.12530017]), array([0.05561103]))","(array([0.1210598]), array([0.05672433]))","(array([0.11668757]), array([0.05783635]))","(array([0.11220286]), array([0.05892003]))","(array([0.10764082]), array([0.05995025]))","(array([0.10305748]), array([0.060904]))","(array([0.09853761]), array([0.06176026]))","(array([0.09420788]), array([0.06249956]))"
(0.10332660044064991+0j),[0.28123564],[1.],[0.39234029],[1.],"(array([0.12382844]), array([0.16321708]))","(array([0.12940375]), array([0.05453247]))","(array([0.12530371]), array([0.05561864]))","(array([0.12106276]), array([0.05673186]))","(array([0.11668998]), array([0.05784376]))","(array([0.11220473]), array([0.05892729]))","(array([0.10764219]), array([0.05995734]))","(array([0.10305837]), array([0.0609109]))","(array([0.09853805]), array([0.06176693]))","(array([0.0942079]), array([0.06250599]))","(array([0.09025228]), array([0.0631095]))"
(0.0986273964232933+0j),[0.28288101],[1.],[0.37921373],[1.],"(array([0.11781786]), array([0.16159477]))","(array([0.12530743]), array([0.05562601]))","(array([0.12106591]), array([0.05673916]))","(array([0.11669257]), array([0.05785096]))","(array([0.1122068]), array([0.05893437]))","(array([0.10764375]), array([0.05996427]))","(array([0.10305945]), array([0.06091766]))","(array([0.09853867]), array([0.06177349]))","(array([0.0942081]), array([0.06251232]))","(array([0.09025209]), array([0.06311559]))","(array([0.08691724]), array([0.06356483]))"
(0.0950563331378988+0j),[0.28371707],[1.],[0.3706965],[1.],"(array([0.11225852]), array([0.16071863]))","(array([0.12106928]), array([0.05674632]))","(array([0.11669538]), array([0.05785805]))","(array([0.11220907]), array([0.05894136]))","(array([0.10764551]), array([0.05997113]))","(array([0.10306072]), array([0.06092436]))","(array([0.09853949]), array([0.06178001]))","(array([0.09420848]), array([0.06251863]))","(array([0.09025207]), array([0.06312168]))","(array([0.08691685]), array([0.06357067]))","(array([0.08448029]), array([0.06384678]))"
(0.09270719555727142+0j),[0.28366404],[1.],[0.36762213],[1.],"(array([0.1072895]), array([0.16075355]))","(array([0.11669845]), array([0.0578651]))","(array([0.11221159]), array([0.05894832]))","(array([0.10764751]), array([0.05997798]))","(array([0.10306222]), array([0.06093107]))","(array([0.09854051]), array([0.06178655]))","(array([0.09420906]), array([0.06252499]))","(array([0.09025224]), array([0.06312782]))","(array([0.08691664]), array([0.06357657]))","(array([0.08447974]), array([0.06385244]))","(array([0.08317513]), array([0.06393683]))"
(0.09157331032626304+0j),[0.28265633],[1.],[0.37015271],[1.],"(array([0.10299049]), array([0.16176048]))","(array([0.1122144]), array([0.05895531]))","(array([0.10764977]), array([0.05998488]))","(array([0.10306397]), array([0.06093784]))","(array([0.09854177]), array([0.06179318]))","(array([0.09420986]), array([0.06253144]))","(array([0.09025261]), array([0.06313407]))","(array([0.08691661]), array([0.0635826]))","(array([0.08447935]), array([0.06385822]))","(array([0.08317442]), array([0.06394236]))","(array([0.08311435]), array([0.0638185]))"
(0.09157514956729682+0j),[0.28065273],[1.],[0.37783713],[1.],"(array([0.0993752]), array([0.16367828]))","(array([0.10765235]), array([0.05999187]))","(array([0.103066]), array([0.06094473]))","(array([0.0985433]), array([0.06179993]))","(array([0.0942109]), array([0.06253803]))","(array([0.0902532]), array([0.06314047]))","(array([0.08691679]), array([0.06358879]))","(array([0.08447914]), array([0.06386418]))","(array([0.08317387]), array([0.06394807]))","(array([0.0831135]), array([0.06382394]))","(array([0.08426556]), array([0.06347971]))"
(0.09259909726662967+0j),[0.27764358],[1.],[0.38985363],[1.],"(array([0.09641206]), array([0.16635477]))","(array([0.10306837]), array([0.06095177]))","(array([0.09854512]), array([0.06180685]))","(array([0.09421223]), array([0.0625448]))","(array([0.09025405]), array([0.06314707]))","(array([0.08691719]), array([0.06359519]))","(array([0.08447914]), array([0.06387035]))","(array([0.0831735]), array([0.063954]))","(array([0.0831128]), array([0.06382961]))","(array([0.08426458]), array([0.06348511]))","(array([0.08648532]), array([0.06291477]))"
(0.09452027353568142+0j),[0.27365465],[1.],[0.40523586],[1.],"(array([0.09405472]), array([0.16959332]))","(array([0.0985473]), array([0.06181398]))","(array([0.09421386]), array([0.0625518]))","(array([0.09025518]), array([0.0631539]))","(array([0.08691785]), array([0.06360184]))","(array([0.08447936]), array([0.06387679]))","(array([0.08317333]), array([0.06396019]))","(array([0.08311228]), array([0.06383555]))","(array([0.08426375]), array([0.06349077]))","(array([0.08648422]), array([0.06292015]))","(array([0.08957203]), array([0.06212556]))"
(0.09720872367759936+0j),[0.26874963],[1.],[0.42301038],[1.],"(array([0.09226984]), array([0.17318855]))","(array([0.09421587]), array([0.06255908]))","(array([0.09025664]), array([0.06316104]))","(array([0.08691881]), array([0.06360879]))","(array([0.08447985]), array([0.06388354]))","(array([0.08317339]), array([0.06396671]))","(array([0.08311196]), array([0.06384182]))","(array([0.08426309]), array([0.06349677]))","(array([0.08648326]), array([0.06292586]))","(array([0.08957081]), array([0.06213097]))","(array([0.09330694]), array([0.06112223]))"
(0.10052757094257869+0j),[0.263033],[1.],[0.44226072],[1.],"(array([0.0910611]), array([0.17694595]))","(array([0.09025849]), array([0.06316854]))","(array([0.08692011]), array([0.06361613]))","(array([0.08448065]), array([0.06389068]))","(array([0.08317372]), array([0.06397363]))","(array([0.08311186]), array([0.06384848]))","(array([0.08426262]), array([0.06350316]))","(array([0.08648246]), array([0.06293197]))","(array([0.08956974]), array([0.06213678]))","(array([0.09330563]), array([0.06112773]))","(array([0.09747692]), array([0.0599238]))"
(0.1043302031375643+0j),[0.25665405],[1.],[0.46215165],[1.],"(array([0.09048928]), array([0.18069022]))","(array([0.0869218]), array([0.06362394]))","(array([0.08448179]), array([0.0638983]))","(array([0.08317435]), array([0.06398103]))","(array([0.08311203]), array([0.06385564]))","(array([0.08426237]), array([0.06351005]))","(array([0.08648185]), array([0.06293856]))","(array([0.0895688]), array([0.06214307]))","(array([0.09330443]), array([0.06113369]))","(array([0.0974755]), array([0.05992944]))","(array([0.10188434]), array([0.05855894]))"
(0.1084601352977711+0j),[0.24980964],[1.],[0.481939],[1.],"(array([0.09067808]), array([0.18426823]))","(array([0.08448334]), array([0.06390652]))","(array([0.08317534]), array([0.06398904]))","(array([0.0831125]), array([0.0638634]))","(array([0.08426238]), array([0.06351753]))","(array([0.08648144]), array([0.06294575]))","(array([0.08956804]), array([0.06214994]))","(array([0.09330336]), array([0.06114024]))","(array([0.09747417]), array([0.05993564]))","(array([0.10188281]), array([0.05856479]))","(array([0.10635106]), array([0.05706675]))"
(0.1127545751482165+0j),[0.2427393],[1.],[0.50097875],[1.],"(array([0.09178407]), array([0.1875503]))","(array([0.08317672]), array([0.06399777]))","(array([0.08311331]), array([0.06387188]))","(array([0.08426267]), array([0.06352574]))","(array([0.08648127]), array([0.06295365]))","(array([0.08956747]), array([0.06215751]))","(array([0.09330244]), array([0.06114746]))","(array([0.09747296]), array([0.05994251]))","(array([0.10188137]), array([0.05857129]))","(array([0.10634943]), array([0.05707286]))","(array([0.11072055]), array([0.0554965]))"
(0.1170516783281311+0j),[0.23570702],[1.],[0.51874124],[1.],"(array([0.09392549]), array([0.19043179]))","(array([0.08311452]), array([0.06388123]))","(array([0.08426329]), array([0.06353479]))","(array([0.08648137]), array([0.06296238]))","(array([0.08956711]), array([0.0621659]))","(array([0.09330169]), array([0.06115549]))","(array([0.09747188]), array([0.05995016]))","(array([0.10188001]), array([0.05857854]))","(array([0.10634785]), array([0.05707972]))","(array([0.11071881]), array([0.05550294]))","(array([0.11486053]), array([0.05390504]))"
(0.1212015078011292+0j),[0.22897312],[1.],[0.53482978],[1.],"(array([0.09711154]), array([0.19283544]))","(array([0.08426428]), array([0.06354482]))","(array([0.08648178]), array([0.06297208]))","(array([0.089567]), array([0.06217523]))","(array([0.09330113]), array([0.06116443]))","(array([0.09747095]), array([0.0599587]))","(array([0.10187876]), array([0.05858667]))","(array([0.10634636]), array([0.05708742]))","(array([0.11071711]), array([0.05551019]))","(array([0.11485869]), array([0.05391185]))","(array([0.1186667]), array([0.05235151]))"
(0.12508051863872507+0j),[0.22276786],[1.],[0.54899899],[1.],"(array([0.10122576]), array([0.19471428]))","(array([0.08648253]), array([0.06298287]))","(array([0.08956717]), array([0.06218563]))","(array([0.0933008]), array([0.06117442]))","(array([0.09747018]), array([0.05996825]))","(array([0.10187765]), array([0.05859578]))","(array([0.10634495]), array([0.05709607]))","(array([0.11071549]), array([0.05551838]))","(array([0.11485689]), array([0.05391955]))","(array([0.11866477]), array([0.05235873]))","(array([0.12206682]), array([0.05089121]))"
(0.12860906496603794+0j),[0.21727566],[1.],[0.56117061],[1.],"(array([0.10606607]), array([0.19605445]))","(array([0.08956765]), array([0.06219722]))","(array([0.09330072]), array([0.06118557]))","(array([0.09746962]), array([0.05997894]))","(array([0.10187669]), array([0.05860598]))","(array([0.10634367]), array([0.05710577]))","(array([0.11071394]), array([0.05552758]))","(array([0.11485515]), array([0.05392824]))","(array([0.11866289]), array([0.0523669]))","(array([0.12206483]), array([0.05089886]))","(array([0.12502455]), array([0.04957082]))"
(0.13177141653403318+0j),[0.21263013],[1.],[0.57144988],[1.],"(array([0.11140147]), array([0.19687838]))","(array([0.09330093]), array([0.06119802]))","(array([0.0974693]), array([0.05999088]))","(array([0.10187592]), array([0.0586174]))","(array([0.10634253]), array([0.05711666]))","(array([0.11071252]), array([0.05553793]))","(array([0.1148535]), array([0.05393803]))","(array([0.11866107]), array([0.05237613]))","(array([0.12206288]), array([0.05090753]))","(array([0.12502251]), array([0.04957893]))","(array([0.12754297]), array([0.04842609]))"
(0.13463635331846602+0j),[0.20891487],[1.],[0.58014346],[1.],"(array([0.11701531]), array([0.19724857]))","(array([0.09746926]), array([0.06000423]))","(array([0.10187538]), array([0.05863018]))","(array([0.10634159]), array([0.05712885]))","(array([0.11071125]), array([0.05554953]))","(array([0.11485198]), array([0.05394904]))","(array([0.11865935]), array([0.05238654]))","(array([0.12206102]), array([0.05091734]))","(array([0.12502055]), array([0.04958813]))","(array([0.12754093]), array([0.04843469]))","(array([0.1296685]), array([0.04748143]))"
(0.13737057369173586+0j),[0.20616568],[1.],[0.58776372],[1.],"(array([0.12272906]), array([0.19727055]))","(array([0.10187512]), array([0.05864446]))","(array([0.10634089]), array([0.0571425]))","(array([0.11071019]), array([0.05556252]))","(array([0.11485064]), array([0.05396139]))","(array([0.1186578]), array([0.05239824]))","(array([0.1220593]), array([0.05092839]))","(array([0.1250187]), array([0.04959853]))","(array([0.127539]), array([0.04844445]))","(array([0.1296665]), array([0.04749054]))","(array([0.13149336]), array([0.04675019]))"
(0.14022935687816834+0j),[0.20437282],[1.],[0.59498277],[1.],"(array([0.12840943]), array([0.19708997]))","(array([0.10634047]), array([0.05715773]))","(array([0.1107094]), array([0.05557705]))","(array([0.11484955]), array([0.0539752]))","(array([0.11865647]), array([0.05241135]))","(array([0.12205779]), array([0.0509408]))","(array([0.12501704]), array([0.04961025]))","(array([0.12753723]), array([0.04845548]))","(array([0.12966467]), array([0.04750088]))","(array([0.13149148]), array([0.04675985]))","(array([0.13315106]), array([0.04623532]))"
(0.1435118839647949+0j),[0.20348327],[1.],[0.60250729],[1.],"(array([0.13396231]), array([0.19687701]))","(array([0.11070893]), array([0.0555932]))","(array([0.11484876]), array([0.05399057]))","(array([0.11865544]), array([0.05242594]))","(array([0.12205657]), array([0.05095463]))","(array([0.12501567]), array([0.04962334]))","(array([0.12753574]), array([0.04846784]))","(array([0.12966307]), array([0.04751251]))","(array([0.13148982]), array([0.04677076]))","(array([0.13314936]), array([0.04624551]))","(array([0.13479715]), array([0.04592976]))"
(0.14748392730430238+0j),[0.20340391],[1.],[0.61088714],[1.],"(array([0.13931651]), array([0.19679556]))","(array([0.11484836]), array([0.05400753]))","(array([0.11865479]), array([0.05244207]))","(array([0.12205574]), array([0.05096992]))","(array([0.12501469]), array([0.04963782]))","(array([0.12753462]), array([0.04848153]))","(array([0.12966183]), array([0.04752544]))","(array([0.1314885]), array([0.04678294]))","(array([0.133148]), array([0.04625694]))","(array([0.13479577]), array([0.04594046]))","(array([0.13657368]), array([0.04581717]))"
(0.1522816680267072+0j),[0.2040085],[1.],[0.62030586],[1.],"(array([0.14440284]), array([0.19696194]))","(array([0.1186546]), array([0.05245964]))","(array([0.12205537]), array([0.05098662]))","(array([0.12501417]), array([0.04965365]))","(array([0.12753398]), array([0.04849651]))","(array([0.12966109]), array([0.04753961]))","(array([0.13148765]), array([0.04679633]))","(array([0.13314707]), array([0.04626956]))","(array([0.13479481]), array([0.04595232]))","(array([0.13657274]), array([0.04582829]))","(array([0.13856381]), array([0.04587292]))"
(0.15783264455648138+0j),[0.20515007],[1.],[0.63045624],[1.],"(array([0.14913699]), array([0.19740791]))","(array([0.12205553]), array([0.05100456]))","(array([0.12501422]), array([0.04967067]))","(array([0.12753393]), array([0.04851265]))","(array([0.12966094]), array([0.04755489]))","(array([0.1314874]), array([0.04681078]))","(array([0.13314673]), array([0.04628324]))","(array([0.13479441]), array([0.04596523]))","(array([0.13657234]), array([0.04584045]))","(array([0.13856346]), array([0.04588435]))","(array([0.14075403]), array([0.0460663]))"
(0.16385819105524152+0j),[0.20667766],[1.],[0.64063693],[1.],"(array([0.15341922]), array([0.19807352]))","(array([0.1250149]), array([0.04968869]))","(array([0.12753454]), array([0.04852974]))","(array([0.12966148]), array([0.04757109]))","(array([0.13148787]), array([0.04682613]))","(array([0.13314711]), array([0.04629778]))","(array([0.13479472]), array([0.04597901]))","(array([0.1365726]), array([0.04585348]))","(array([0.13856375]), array([0.04589667]))","(array([0.1407544]), array([0.04607791]))","(array([0.14303098]), array([0.04636375]))"
(0.16997299930657836+0j),[0.20845243],[1.],[0.65004486],[1.],"(array([0.15715692]), array([0.19884236]))","(array([0.12753585]), array([0.04854754]))","(array([0.12966275]), array([0.04758798]))","(array([0.1314891]), array([0.04684215]))","(array([0.1331483]), array([0.04631298]))","(array([0.13479585]), array([0.04599343]))","(array([0.13657368]), array([0.04586718]))","(array([0.13856481]), array([0.04590967]))","(array([0.14075551]), array([0.04609024]))","(array([0.14303218]), array([0.04637543]))","(array([0.1452255]), array([0.04673267]))"
(0.1758092243970248+0j),[0.21035936],[1.],[0.65805011],[1.],"(array([0.16029741]), array([0.19959629]))","(array([0.12966482]), array([0.04760531]))","(array([0.13149115]), array([0.04685861]))","(array([0.13315033]), array([0.0463286]))","(array([0.13479786]), array([0.04600829]))","(array([0.13657566]), array([0.04588132]))","(array([0.13856676]), array([0.04592315]))","(array([0.14075746]), array([0.04610309]))","(array([0.1430342]), array([0.04638767]))","(array([0.1452276]), array([0.04674432]))","(array([0.14717656]), array([0.04714453]))"
(0.18109572172243346+0j),[0.21231361],[1.],[0.66431281],[1.],"(array([0.16285209]), array([0.20025403]))","(array([0.13149406]), array([0.04687525]))","(array([0.13315325]), array([0.04634444]))","(array([0.13480078]), array([0.04602336]))","(array([0.13657858]), array([0.0458957]))","(array([0.13856968]), array([0.04593688]))","(array([0.14076038]), array([0.04611624]))","(array([0.14303712]), array([0.04640027]))","(array([0.14523057]), array([0.04675638]))","(array([0.14717959]), array([0.04715608]))","(array([0.1487753]), array([0.04757691]))"
(0.18568288862348795+0j),[0.21426345],[1.],[0.6687672],[1.],"(array([0.16490367]), array([0.20078184]))","(array([0.13315707]), array([0.04636025]))","(array([0.13480464]), array([0.04603845]))","(array([0.13658248]), array([0.04591011]))","(array([0.13857361]), array([0.04595068]))","(array([0.14076432]), array([0.0461295]))","(array([0.14304106]), array([0.04641303]))","(array([0.1452345]), array([0.04676868]))","(array([0.14718354]), array([0.04716792]))","(array([0.14877924]), array([0.04758832]))","(array([0.14997618]), array([0.04801451]))"
(0.18953385467194137+0j),[0.21619078],[1.],[0.67155001],[1.],"(array([0.16659639]), array([0.2011857]))","(array([0.13480946]), array([0.04605335]))","(array([0.13658737]), array([0.04592438]))","(array([0.13857856]), array([0.04596438]))","(array([0.14076931]), array([0.04614269]))","(array([0.14304606]), array([0.04642578]))","(array([0.14523948]), array([0.04678103]))","(array([0.14718846]), array([0.0471799]))","(array([0.14878413]), array([0.04759993]))","(array([0.149981]), array([0.04802576]))","(array([0.15078721]), array([0.04844954]))"
(0.19270124393827873+0j),[0.21810829],[1.],[0.67292342],[1.],"(array([0.16810874]), array([0.20149726]))","(array([0.13659325]), array([0.04593832]))","(array([0.13858453]), array([0.04597781]))","(array([0.14077536]), array([0.04615567]))","(array([0.14305215]), array([0.04643836]))","(array([0.14524555]), array([0.04679328]))","(array([0.14719446]), array([0.04719185]))","(array([0.14879001]), array([0.04761159]))","(array([0.14998678]), array([0.04803714]))","(array([0.15079284]), array([0.04846064]))","(array([0.15125323]), array([0.04888147]))"
(0.19529958761603336+0j),[0.22005149],[1.],[0.67321096],[1.],"(array([0.1696109]), array([0.20176014]))","(array([0.13859154]), array([0.0459908]))","(array([0.14078246]), array([0.04616826]))","(array([0.14305932]), array([0.04645063]))","(array([0.14525272]), array([0.04680528]))","(array([0.14720156]), array([0.04720362]))","(array([0.14879697]), array([0.04762316]))","(array([0.14999356]), array([0.04804851]))","(array([0.15079943]), array([0.0484718]))","(array([0.15125958]), array([0.04889243]))","(array([0.1514401]), array([0.04931581]))"
(0.1974768805351489+0j),[0.22206459],[1.],[0.67274736],[1.],"(array([0.17121514]), array([0.20201866]))","(array([0.14079062]), array([0.04618031]))","(array([0.14306756]), array([0.04646242]))","(array([0.14526098]), array([0.04681688]))","(array([0.14720976]), array([0.04721507]))","(array([0.14880503]), array([0.04763448]))","(array([0.15000139]), array([0.04805971]))","(array([0.150807]), array([0.04848288]))","(array([0.15126688]), array([0.04890337]))","(array([0.15144708]), array([0.04932663]))","(array([0.15142191]), array([0.0497616]))"
(0.19938581833704297+0j),[0.22418178],[1.],[0.67183741],[1.],"(array([0.17293604]), array([0.20230918]))","(array([0.14307685]), array([0.04647358]))","(array([0.1452703]), array([0.04682792]))","(array([0.14721903]), array([0.04722604]))","(array([0.14881416]), array([0.0476454]))","(array([0.15001029]), array([0.0480706]))","(array([0.15081559]), array([0.04849374]))","(array([0.15127512]), array([0.04891418]))","(array([0.15145495]), array([0.04933737]))","(array([0.15142937]), array([0.04977228]))","(array([0.15127064]), array([0.05022772]))"
(0.2011549341044899+0j),[0.22641026],[1.],[0.67071889],[1.],"(array([0.17468641]), array([0.20265371]))","(array([0.14528064]), array([0.04683825]))","(array([0.14722932]), array([0.04723638]))","(array([0.14882431]), array([0.04765579]))","(array([0.1500202]), array([0.04808104]))","(array([0.15082518]), array([0.04850423]))","(array([0.15128431]), array([0.04892472]))","(array([0.15146371]), array([0.04934792]))","(array([0.15143768]), array([0.04978282]))","(array([0.15127845]), array([0.05023825]))","(array([0.15104742]), array([0.05071883]))"
(0.20286093704838704+0j),[0.22872309],[1.],[0.6695276],[1.],"(array([0.1763196]), array([0.20305521]))","(array([0.14724055]), array([0.04724596]))","(array([0.14883539]), array([0.04766549]))","(array([0.15003104]), array([0.04809089]))","(array([0.15083569]), array([0.04851422]))","(array([0.15129441]), array([0.04893483]))","(array([0.15147333]), array([0.04935813]))","(array([0.15144678]), array([0.04979311]))","(array([0.15128702]), array([0.05024858]))","(array([0.1510554]), array([0.05072919]))","(array([0.15079432]), array([0.05123267]))"
(0.2045038337316311+0j),[0.23106556],[1.],[0.6682658],[1.],"(array([0.17768987]), array([0.20349413]))","(array([0.1488473]), array([0.04767439]))","(array([0.1500427]), array([0.04810001]))","(array([0.150847]), array([0.04852357]))","(array([0.1513053]), array([0.04894438]))","(array([0.15148373]), array([0.04936787]))","(array([0.15145663]), array([0.049803]))","(array([0.15129628]), array([0.05025859]))","(array([0.15106405]), array([0.05073929]))","(array([0.1508023]), array([0.05124284]))","(array([0.15052686]), array([0.05175998]))"
(0.20598483305641369+0j),[0.23337096],[1.],[0.66677509],[1.],"(array([0.17869101]), array([0.20392588]))","(array([0.15005506]), array([0.04810829]))","(array([0.150859]), array([0.04853214]))","(array([0.15131686]), array([0.04895325]))","(array([0.15149478]), array([0.049377]))","(array([0.15146711]), array([0.04981236]))","(array([0.15130614]), array([0.05026815]))","(array([0.15107326]), array([0.050749]))","(array([0.15081084]), array([0.05125267]))","(array([0.15053467]), array([0.0517699]))","(array([0.15022728]), array([0.05228694]))"
(0.2070917660584346+0j),[0.23557955],[1.],[0.66472189],[1.],"(array([0.17926179]), array([0.2042797]))","(array([0.15087155]), array([0.04853987]))","(array([0.15132896]), array([0.04896134]))","(array([0.15150635]), array([0.04938543]))","(array([0.15147811]), array([0.04982109]))","(array([0.15131651]), array([0.05027714]))","(array([0.15108295]), array([0.05075821]))","(array([0.15081983]), array([0.05126206]))","(array([0.15054294]), array([0.05177943]))","(array([0.15023478]), array([0.05229657]))","(array([0.14983985]), array([0.05279908]))"
(0.20751904620044648+0j),[0.23765501],[1.],[0.66163697],[1.],"(array([0.17937414]), array([0.20446359]))","(array([0.15134145]), array([0.04896857]))","(array([0.15151832]), array([0.04939306]))","(array([0.15148948]), array([0.04982909]))","(array([0.15132724]), array([0.05028547]))","(array([0.15109301]), array([0.05076683]))","(array([0.15082917]), array([0.05127092]))","(array([0.15055154]), array([0.05178848]))","(array([0.15024262]), array([0.05230576]))","(array([0.14984689]), array([0.05280837]))","(array([0.14927372]), array([0.05328535]))"
(0.20695718283736142+0j),[0.23959377],[1.],[0.65705931],[1.],"(array([0.17902425]), array([0.20438367]))","(array([0.15153057]), array([0.04939987]))","(array([0.15150114]), array([0.04983632]))","(array([0.15133824]), array([0.05029309]))","(array([0.15110332]), array([0.0507748]))","(array([0.15083877]), array([0.05127917]))","(array([0.15056039]), array([0.05179697]))","(array([0.1502507]), array([0.05231444]))","(array([0.14985419]), array([0.0528172]))","(array([0.14928022]), array([0.05329427]))","(array([0.14842382]), array([0.05374107]))"
(0.2052153756898968+0j),[0.24142376],[1.],[0.65071981],[1.],"(array([0.17823439]), array([0.20397533]))","(array([0.15151297]), array([0.04984276]))","(array([0.15134943]), array([0.05029996]))","(array([0.15111382]), array([0.05078207]))","(array([0.15084854]), array([0.05128679]))","(array([0.15056941]), array([0.05180488]))","(array([0.15025897]), array([0.05232258]))","(array([0.14986169]), array([0.05282552]))","(array([0.14928692]), array([0.05330272]))","(array([0.14842972]), array([0.0537496]))","(array([0.14720767]), array([0.05416896]))"
(0.20227957603133434+0j),[0.24319474],[1.],[0.64261482],[1.],"(array([0.17705555]), array([0.20322512]))","(array([0.15136075]), array([0.0503061]))","(array([0.15112444]), array([0.05078863]))","(array([0.15085843]), array([0.05129375]))","(array([0.15057856]), array([0.05181218]))","(array([0.15026735]), array([0.05233016]))","(array([0.1498693]), array([0.05283332]))","(array([0.14929377]), array([0.05331068]))","(array([0.14843579]), array([0.05375767]))","(array([0.14721296]), array([0.0541771]))","(array([0.14559426]), array([0.05457783]))"
(0.19828612333234075+0j),[0.24496583],[1.],[0.63295439],[1.],"(array([0.1755606]), array([0.20216773]))","(array([0.15113518]), array([0.05079452]))","(array([0.15086844]), array([0.05130006]))","(array([0.15058782]), array([0.05181887]))","(array([0.15027585]), array([0.05233718]))","(array([0.14987703]), array([0.05284059]))","(array([0.14930073]), array([0.05331816]))","(array([0.14844199]), array([0.0537653]))","(array([0.14721841]), array([0.05418482]))","(array([0.14559895]), array([0.05458559]))","(array([0.14360634]), array([0.05497996]))"
(0.1934644198023386+0j),[0.24679474],[1.],[0.62207798],[1.],"(array([0.17383013]), array([0.2008675]))","(array([0.15087857]), array([0.05130576]))","(array([0.15059719]), array([0.05182498]))","(array([0.15028445]), array([0.05234365]))","(array([0.14988486]), array([0.05284737]))","(array([0.1493078]), array([0.05332517]))","(array([0.14844831]), array([0.05377249]))","(array([0.14722398]), array([0.05419214]))","(array([0.14560379]), array([0.05459298]))","(array([0.14361046]), array([0.05498738]))","(array([0.14130527]), array([0.05538853]))"
(0.18808496001262817+0j),[0.2487296],[1.],[0.61038848],[1.],"(array([0.17193777]), array([0.19940013]))","(array([0.15060672]), array([0.05183055]))","(array([0.1502932]), array([0.05234961]))","(array([0.14989283]), array([0.05285367]))","(array([0.149315]), array([0.05333175]))","(array([0.14845475]), array([0.05377929]))","(array([0.14722969]), array([0.05419909]))","(array([0.14560878]), array([0.05460004]))","(array([0.14361475]), array([0.0549945]))","(array([0.14130887]), array([0.05539565]))","(array([0.13877421]), array([0.0558154]))"
(0.1824189574286131+0j),[0.25080257],[1.],[0.5983038],[1.],"(array([0.16993766]), array([0.19784067]))","(array([0.15030216]), array([0.05235511]))","(array([0.149901]), array([0.05285953]))","(array([0.14932237]), array([0.05333792]))","(array([0.14846136]), array([0.05378572]))","(array([0.14723556]), array([0.05420572]))","(array([0.14561393]), array([0.05460681]))","(array([0.14361921]), array([0.05500135]))","(array([0.14131264]), array([0.05540254]))","(array([0.13877732]), array([0.05582227]))","(array([0.13610532]), array([0.05626957]))"
(0.1767068996189985+0j),[0.25302445],[1.],[0.58621371],[1.],"(array([0.16785362]), array([0.1962564]))","(array([0.14990942]), array([0.052865]))","(array([0.14932999]), array([0.05334374]))","(array([0.14846819]), array([0.05379182]))","(array([0.14724162]), array([0.05421205]))","(array([0.14561927]), array([0.05461332]))","(array([0.14362385]), array([0.05500798]))","(array([0.14131662]), array([0.05540923]))","(array([0.13878064]), array([0.05582898]))","(array([0.13610801]), array([0.05627625]))","(array([0.13338951]), array([0.05675581]))"
(0.17113522695901495+0j),[0.25537956],[1.],[0.57443878],[1.],"(array([0.1656708]), array([0.19470194]))","(array([0.14933793]), array([0.05334923]))","(array([0.1484753]), array([0.05379763]))","(array([0.14724795]), array([0.05421813]))","(array([0.14562486]), array([0.0546196]))","(array([0.14362872]), array([0.05501442]))","(array([0.14132081]), array([0.05541577]))","(array([0.13878418]), array([0.05583557]))","(array([0.13611091]), array([0.05628283]))","(array([0.1333918]), array([0.05676234]))","(array([0.13070683]), array([0.05727347]))"
(0.16582281475170557+0j),[0.25782213],[1.],[0.56319721],[1.],"(array([0.16333511]), array([0.19321545]))","(array([0.14848279]), array([0.05380318]))","(array([0.14725462]), array([0.05422398]))","(array([0.14563074]), array([0.0546257]))","(array([0.14363386]), array([0.0550207]))","(array([0.14132525]), array([0.05542219]))","(array([0.13878796]), array([0.05584207]))","(array([0.13611405]), array([0.05628936]))","(array([0.13339432]), array([0.05676884]))","(array([0.13070876]), array([0.0572799]))","(array([0.12811814]), array([0.05781555]))"
(0.16081887417801025+0j),[0.26027774],[1.],[0.55258818],[1.],"(array([0.16077144]), array([0.19181662]))","(array([0.1472617]), array([0.05422963]))","(array([0.145637]), array([0.05463163]))","(array([0.14363934]), array([0.05502686]))","(array([0.14133]), array([0.05542851]))","(array([0.13879202]), array([0.05584851]))","(array([0.13611746]), array([0.05629586]))","(array([0.1333971]), array([0.05677535]))","(array([0.13071094]), array([0.05728636]))","(array([0.12811973]), array([0.05782192]))","(array([0.12565936]), array([0.05836842]))"
(0.1561123172914899+0j),[0.26265313],[1.],[0.54259682],[1.],"(array([0.15791874]), array([0.19050712]))","(array([0.14564371]), array([0.05463742]))","(array([0.14364524]), array([0.05503291]))","(array([0.14133513]), array([0.05543477]))","(array([0.13879642]), array([0.05585492]))","(array([0.13612117]), array([0.05630236]))","(array([0.13340016]), array([0.05678189]))","(array([0.13071338]), array([0.0572929]))","(array([0.12812158]), array([0.05782838]))","(array([0.12566065]), array([0.05837476]))","(array([0.12334018]), array([0.05891309]))"
(0.1516509179748563+0j),[0.26485199],[1.],[0.53312306],[1.],"(array([0.15475819]), array([0.189274]))","(array([0.14365165]), array([0.05503888]))","(array([0.14134071]), array([0.05544098]))","(array([0.13880122]), array([0.05586132]))","(array([0.13612525]), array([0.05630889]))","(array([0.13340356]), array([0.0567885]))","(array([0.13071613]), array([0.05729952]))","(array([0.12812372]), array([0.05783497]))","(array([0.1256622]), array([0.05838125]))","(array([0.12334117]), array([0.05891944]))","(array([0.12114777]), array([0.0594282]))"
(0.14736679334446232+0j),[0.26678966],[1.],[0.52403116],[1.],"(array([0.15131701]), array([0.18809646]))","(array([0.14134685]), array([0.05544718]))","(array([0.13880654]), array([0.05586774]))","(array([0.13612979]), array([0.05631548]))","(array([0.13340737]), array([0.05679519]))","(array([0.13071925]), array([0.05730626]))","(array([0.12812619]), array([0.05784171]))","(array([0.12566405]), array([0.05838793]))","(array([0.12334244]), array([0.05892601]))","(array([0.12114849]), array([0.0594346]))","(array([0.11905565]), array([0.05989335]))"
(0.1432035805874819+0j),[0.26840187],[1.],[0.51521222],[1.],"(array([0.1476573]), array([0.18695551]))","(array([0.13881248]), array([0.05587422]))","(array([0.13613489]), array([0.05632217]))","(array([0.13341167]), array([0.05680203]))","(array([0.13072281]), array([0.05731318]))","(array([0.12812905]), array([0.05784866]))","(array([0.12566626]), array([0.05839485]))","(array([0.12334404]), array([0.05893284]))","(array([0.1211495]), array([0.05944129]))","(array([0.11905611]), array([0.05989985]))","(array([0.11703631]), array([0.06029181]))"
(0.13914201084674063+0j),[0.26964717],[1.],[0.50665214],[1.],"(array([0.14386555]), array([0.18584513]))","(array([0.13614068]), array([0.056329]))","(array([0.1334166]), array([0.05680905]))","(array([0.13072693]), array([0.05732034]))","(array([0.12813241]), array([0.05785587]))","(array([0.12566891]), array([0.05840206]))","(array([0.12334602]), array([0.05894]))","(array([0.12115086]), array([0.05944833]))","(array([0.11905688]), array([0.05990673]))","(array([0.11703653]), array([0.06029847]))","(array([0.11507591]), array([0.06061174]))"
(0.13522358017321195+0j),[0.27050461],[1.],[0.49850476],[1.],"(array([0.14004778]), array([0.18478455]))","(array([0.1334223]), array([0.05681633]))","(array([0.13073174]), array([0.05732778]))","(array([0.12813639]), array([0.05786342]))","(array([0.1256721]), array([0.05840965]))","(array([0.12334848]), array([0.05894755]))","(array([0.12115264]), array([0.0594558]))","(array([0.11905803]), array([0.05991406]))","(array([0.11703707]), array([0.06030561]))","(array([0.11507589]), array([0.06061865]))","(array([0.11319019]), array([0.06084623]))"
(0.1315709410106944+0j),[0.27096777],[1.],[0.49116592],[1.],"(array([0.13632836]), array([0.18383071]))","(array([0.13073742]), array([0.0573356]))","(array([0.12814114]), array([0.05787139]))","(array([0.12567597]), array([0.05841769]))","(array([0.12335154]), array([0.05895561]))","(array([0.12115494]), array([0.0594638]))","(array([0.11905963]), array([0.05992194]))","(array([0.11703802]), array([0.06031332]))","(array([0.11507622]), array([0.06062614]))","(array([0.11318994]), array([0.06085346]))","(array([0.11144107]), array([0.06099231]))"
(0.12839280162139238+0j),[0.27103685],[1.],[0.48530586],[1.],"(array([0.13284787]), array([0.18308675]))","(array([0.12814683]), array([0.05787987]))","(array([0.12568069]), array([0.0584263]))","(array([0.12335534]), array([0.05896426]))","(array([0.12115789]), array([0.05947243]))","(array([0.11906179]), array([0.05993048]))","(array([0.11703945]), array([0.06032171]))","(array([0.11507697]), array([0.06063433]))","(array([0.11319005]), array([0.06086139]))","(array([0.11144058]), array([0.06099996]))","(array([0.10994864]), array([0.06104943]))"
(0.12594983573166232+0j),[0.27071093],[1.],[0.48176959],[1.],"(array([0.12975247]), array([0.18269357]))","(array([0.12568644]), array([0.05843559]))","(array([0.12336007]), array([0.05897364]))","(array([0.12116165]), array([0.05948182]))","(array([0.11906465]), array([0.0599398]))","(array([0.11704148]), array([0.06033091]))","(array([0.11507824]), array([0.06064334]))","(array([0.11319061]), array([0.06087017]))","(array([0.11144047]), array([0.06100845]))","(array([0.1099479]), array([0.06105759]))","(array([0.10888361]), array([0.06101757]))"
(0.12447757995795018+0j),[0.26998385],[1.],[0.48130966],[1.],"(array([0.12716877]), array([0.18279308]))","(array([0.1233659]), array([0.05898386]))","(array([0.12116639]), array([0.0594921]))","(array([0.11906837]), array([0.05995006]))","(array([0.11704426]), array([0.06034107]))","(array([0.11508014]), array([0.06065333]))","(array([0.1131917]), array([0.06087994]))","(array([0.11144081]), array([0.06101794]))","(array([0.10994755]), array([0.06106675]))","(array([0.1088826]), array([0.06102636]))","(array([0.10842596]), array([0.06089591]))"
(0.12411300744477383+0j),[0.26884492],[1.],[0.4843052],[1.],"(array([0.12517185]), array([0.18347575]))","(array([0.12117232]), array([0.05950343]))","(array([0.11907314]), array([0.0599614]))","(array([0.11704794]), array([0.06035234]))","(array([0.11508282]), array([0.06066446]))","(array([0.11319346]), array([0.06089085]))","(array([0.11144171]), array([0.06102858]))","(array([0.10994765]), array([0.06107707]))","(array([0.10888197]), array([0.06103629]))","(array([0.10842464]), array([0.06090542]))","(array([0.1087031]), array([0.06068243]))"
(0.1248778892014354+0j),[0.26728257],[1.],[0.49068028],[1.],"(array([0.12376808]), array([0.18474835]))","(array([0.11907916]), array([0.05997401]))","(array([0.11705274]), array([0.06036491]))","(array([0.11508646]), array([0.06067691]))","(array([0.11319603]), array([0.0609031]))","(array([0.1114433]), array([0.06104057]))","(array([0.10994833]), array([0.06108873]))","(array([0.1088818]), array([0.06104757]))","(array([0.1084237]), array([0.06091626]))","(array([0.10870144]), array([0.06069277]))","(array([0.10974894]), array([0.06037444]))"
(0.12671259075921362+0j),[0.26528826],[1.],[0.50002799],[1.],"(array([0.12290558]), array([0.186542]))","(array([0.11705884]), array([0.06037898]))","(array([0.11509126]), array([0.06069089]))","(array([0.11319959]), array([0.0609169]))","(array([0.11144573]), array([0.06105411]))","(array([0.1099497]), array([0.06110194]))","(array([0.10888221]), array([0.06106039]))","(array([0.10842322]), array([0.06092864]))","(array([0.10870014]), array([0.06070464]))","(array([0.10974689]), array([0.06038574]))","(array([0.11150869]), array([0.05996958]))"
(0.12951974418823814+0j),[0.26285944],[1.],[0.51179162],[1.],"(array([0.1225034]), array([0.18874508]))","(array([0.11509743]), array([0.06070663]))","(array([0.11320436]), array([0.06093249]))","(array([0.11144918]), array([0.06106944]))","(array([0.10995194]), array([0.06111694]))","(array([0.10888333]), array([0.061075]))","(array([0.10842331]), array([0.06094278]))","(array([0.1086993]), array([0.06071825]))","(array([0.1097452]), array([0.06039877]))","(array([0.11150623]), array([0.05998196]))","(array([0.11387341]), array([0.05946655]))"
(0.13319400982781046+0j),[0.26000251],[1.],[0.52539755],[1.],"(array([0.12248337]), array([0.1912356]))","(array([0.11321055]), array([0.06095013]))","(array([0.11145388]), array([0.06108684]))","(array([0.10995523]), array([0.06113401]))","(array([0.10888532]), array([0.06109165]))","(array([0.10842411]), array([0.06095894]))","(array([0.10869902]), array([0.06073386]))","(array([0.10974395]), array([0.06041376]))","(array([0.11150412]), array([0.05999628]))","(array([0.11387052]), array([0.05948013]))","(array([0.11671548]), array([0.05886582]))"
(0.13763552659139047+0j),[0.25673697],[1.],[0.54031945],[1.],"(array([0.1227965]), array([0.1939009]))","(array([0.11146002]), array([0.06110658]))","(array([0.10995978]), array([0.06115342]))","(array([0.10888838]), array([0.06111062]))","(array([0.10842579]), array([0.0609774]))","(array([0.10869945]), array([0.06075173]))","(array([0.10974326]), array([0.06043098]))","(array([0.11150243]), array([0.06001278]))","(array([0.11386796]), array([0.05949585]))","(array([0.11671215]), array([0.0588807]))","(array([0.11991093]), array([0.05817041]))"
(0.1427521572316107+0j),[0.25310145],[1.],[0.55609298],[1.],"(array([0.12344299]), array([0.19664504]))","(array([0.10996577]), array([0.06117541]))","(array([0.10889268]), array([0.06113218]))","(array([0.10842853]), array([0.06099841]))","(array([0.10870075]), array([0.06077211]))","(array([0.10974327]), array([0.06045066]))","(array([0.11150129]), array([0.06003169]))","(array([0.11386582]), array([0.05951393]))","(array([0.11670915]), array([0.0588979]))","(array([0.11990719]), array([0.05818668]))","(array([0.12334846]), array([0.05738714]))"
(0.1484557075686099+0j),[0.24916077],[1.],[0.57230514],[1.],"(array([0.12448329]), array([0.19938836]))","(array([0.10889838]), array([0.0611565]))","(array([0.10843247]), array([0.06102217]))","(array([0.10870306]), array([0.0607952]))","(array([0.10974411]), array([0.06047299]))","(array([0.11150083]), array([0.06005319]))","(array([0.11386422]), array([0.05953456]))","(array([0.11670658]), array([0.05891758]))","(array([0.1199038]), array([0.05820536]))","(array([0.12334438]), array([0.05740479]))","(array([0.12692994]), array([0.056528]))"
(0.15465580124787995+0j),[0.24501033],[1.],[0.58857726],[1.],"(array([0.12602789]), array([0.20206354]))","(array([0.10843773]), array([0.06104876]))","(array([0.10870652]), array([0.06082109]))","(array([0.10974592]), array([0.06049808]))","(array([0.11150117]), array([0.06007739]))","(array([0.11386329]), array([0.0595578]))","(array([0.11670455]), array([0.05893982]))","(array([0.11990085]), array([0.05822655]))","(array([0.12334068]), array([0.05742487]))","(array([0.12692563]), array([0.05654695]))","(array([0.13056726]), array([0.05561145]))"
(0.1612539992711857+0j),[0.24077196],[1.],[0.60455398],[1.],"(array([0.12819443]), array([0.20461128]))","(array([0.10871118]), array([0.06084975]))","(array([0.10974879]), array([0.06052589]))","(array([0.11150243]), array([0.06010426]))","(array([0.11386313]), array([0.05958365]))","(array([0.11670319]), array([0.0589646]))","(array([0.11989847]), array([0.05825021]))","(array([0.12333747]), array([0.05744738]))","(array([0.12692175]), array([0.05656826]))","(array([0.13056287]), array([0.05563153]))","(array([0.13417901]), array([0.05466234]))"
(0.16814045287843854+0j),[0.23657954],[1.],[0.61990418],[1.],"(array([0.13104712]), array([0.20697771]))","(array([0.10975274]), array([0.06055626]))","(array([0.11150465]), array([0.06013365]))","(array([0.11386383]), array([0.05961196]))","(array([0.11670257]), array([0.05899176]))","(array([0.11989675]), array([0.0582762]))","(array([0.12333485]), array([0.05747217]))","(array([0.12691843]), array([0.05659181]))","(array([0.130559]), array([0.05565379]))","(array([0.13417475]), array([0.05468331]))","(array([0.13768918]), array([0.05370978]))"
(0.17519536444081626+0j),[0.23256009],[1.],[0.63433335],[1.],"(array([0.13455975]), array([0.20911415]))","(array([0.11150784]), array([0.06016526]))","(array([0.11386541]), array([0.05964246]))","(array([0.11670276]), array([0.05902107]))","(array([0.11989577]), array([0.05830427]))","(array([0.12333292]), array([0.05749897]))","(array([0.12691574]), array([0.05661733]))","(array([0.13055575]), array([0.05567802]))","(array([0.13417109]), array([0.0547062]))","(array([0.13768526]), array([0.05373132]))","(array([0.1410284]), array([0.05278326]))"
(0.18229714941733013+0j),[0.22881912],[1.],[0.64760365],[1.],"(array([0.13862556]), array([0.21097932]))","(array([0.11386786]), array([0.05967478]))","(array([0.11670377]), array([0.05905217]))","(array([0.11989557]), array([0.05833408]))","(array([0.12333173]), array([0.05752747]))","(array([0.12691377]), array([0.05664451]))","(array([0.13055319]), array([0.05570388]))","(array([0.13416812]), array([0.05473072]))","(array([0.13768203]), array([0.05375448]))","(array([0.14102503]), array([0.05280506]))","(array([0.14413745]), array([0.05190898]))"
(0.18933821320881064+0j),[0.22543422],[1.],[0.65955828],[1.],"(array([0.14309624]), array([0.21254328]))","(array([0.11670557]), array([0.05908465]))","(array([0.11989615]), array([0.05836526]))","(array([0.12333131]), array([0.0575573]))","(array([0.12691257]), array([0.05667299]))","(array([0.13055139]), array([0.05573101]))","(array([0.1341659]), array([0.05475652]))","(array([0.13767954]), array([0.05377893]))","(array([0.14102242]), array([0.05282814]))","(array([0.14413482]), array([0.05193071]))","(array([0.14697224]), array([0.05110742]))"
(0.1962467828507283+0j),[0.22245473],[1.],[0.67014562],[1.],"(array([0.1478207]), array([0.21379267]))","(array([0.11989748]), array([0.0583974]))","(array([0.12333164]), array([0.05758809]))","(array([0.12691213]), array([0.05670239]))","(array([0.13055037]), array([0.05575904]))","(array([0.13416448]), array([0.0547832]))","(array([0.13767786]), array([0.0538043]))","(array([0.14102061]), array([0.05285219]))","(array([0.144133]), array([0.05195341]))","(array([0.14697049]), array([0.05112881]))","(array([0.14950935]), array([0.05039271]))"
(0.20300644569422768+0j),[0.21990434],[1.],[0.67942972],[1.],"(array([0.15266913]), array([0.21473518]))","(array([0.12333271]), array([0.0576194]))","(array([0.12691244]), array([0.05673234]))","(array([0.13055014]), array([0.05578762]))","(array([0.13416386]), array([0.05481042]))","(array([0.137677]), array([0.0538302]))","(array([0.14101963]), array([0.05287681]))","(array([0.144132]), array([0.05197676]))","(array([0.14696957]), array([0.05115086]))","(array([0.14950857]), array([0.05041352]))","(array([0.15175003]), array([0.04977293]))"
(0.20965276029555546+0j),[0.21778395],[1.],[0.68755825],[1.],"(array([0.15754018]), array([0.21539901]))","(array([0.12691347]), array([0.05676245]))","(array([0.13055065]), array([0.05581638]))","(array([0.13416403]), array([0.05483784]))","(array([0.13767697]), array([0.05385631]))","(array([0.1410195]), array([0.05290166]))","(array([0.14413185]), array([0.0520004]))","(array([0.14696949]), array([0.0511733]))","(array([0.14950863]), array([0.05043472]))","(array([0.15175026]), array([0.04979296]))","(array([0.15371784]), array([0.04925071]))"
(0.21621993846332058+0j),[0.21607491],[1.],[0.69465843],[1.],"(array([0.16235318]), array([0.2158214]))","(array([0.13055188]), array([0.05584496]))","(array([0.13416495]), array([0.05486512]))","(array([0.13767773]), array([0.05388231]))","(array([0.1410202]), array([0.05292642]))","(array([0.14413256]), array([0.05202398]))","(array([0.14697026]), array([0.05119575]))","(array([0.14950951]), array([0.05045606]))","(array([0.15175131]), array([0.04981316]))","(array([0.15371908]), array([0.04926983]))","(array([0.15544334]), array([0.04882395]))"
(0.22263712373261846+0j),[0.21474471],[1.],[0.7006823],[1.],"(array([0.16702953]), array([0.21602506]))","(array([0.13416659]), array([0.05489193]))","(array([0.13767923]), array([0.05390789]))","(array([0.14102167]), array([0.0529508]))","(array([0.14413408]), array([0.05204722]))","(array([0.14697186]), array([0.0512179]))","(array([0.1495112]), array([0.05047718]))","(array([0.15175314]), array([0.04983326]))","(array([0.15372109]), array([0.0492889]))","(array([0.15544553]), array([0.04884204]))","(array([0.15693481]), array([0.04848671]))"
(0.22864126125578083+0j),[0.21375687],[1.],[0.70531782],[1.],"(array([0.17147412]), array([0.21599525]))","(array([0.13768143]), array([0.05393273]))","(array([0.14102386]), array([0.05297452]))","(array([0.14413634]), array([0.05206984]))","(array([0.14697423]), array([0.05123948]))","(array([0.14951368]), array([0.05049779]))","(array([0.15175572]), array([0.04985295]))","(array([0.1537238]), array([0.04930768]))","(array([0.15544841]), array([0.0488599]))","(array([0.15693785]), array([0.0485037]))","(array([0.15815092]), array([0.04823095]))"
(0.2338038092819683+0j),[0.21308314],[1.],[0.70808584],[1.],"(array([0.1755724]), array([0.21567993]))","(array([0.14102671]), array([0.05299729]))","(array([0.14413926]), array([0.05209159]))","(array([0.14697727]), array([0.05126026]))","(array([0.14951687]), array([0.05051765]))","(array([0.15175903]), array([0.04987195]))","(array([0.1537272]), array([0.04932587]))","(array([0.15545191]), array([0.0488773]))","(array([0.15694149]), array([0.0485203]))","(array([0.15815468]), array([0.04824679]))","(array([0.15900194]), array([0.04804912]))"
(0.23766632423042822+0j),[0.21271268],[1.],[0.70855668],[1.],"(array([0.17920727]), array([0.21501794]))","(array([0.14414278]), array([0.05211224]))","(array([0.14698091]), array([0.05128002]))","(array([0.14952065]), array([0.05053656]))","(array([0.15176295]), array([0.04989007]))","(array([0.15373122]), array([0.04934326]))","(array([0.155456]), array([0.04889399]))","(array([0.15694564]), array([0.0485363]))","(array([0.15815892]), array([0.04826211]))","(array([0.15900623]), array([0.04806379]))","(array([0.15938523]), array([0.04793666]))"
(0.2398728156758798+0j),[0.21265489],[1.],[0.70649866],[1.],"(array([0.18228193]), array([0.21397134]))","(array([0.14698506]), array([0.05129858]))","(array([0.14952493]), array([0.05055435]))","(array([0.15176736]), array([0.04990714]))","(array([0.15373574]), array([0.04935966]))","(array([0.15546059]), array([0.04890977]))","(array([0.15695026]), array([0.0485515]))","(array([0.15816355]), array([0.04827672]))","(array([0.15901089]), array([0.04807783]))","(array([0.15938985]), array([0.04795016]))","(array([0.15922625]), array([0.04789335]))"
(0.24022798600352113+0j),[0.21293666],[1.],[0.70189091],[1.],"(array([0.18473389]), array([0.21253846]))","(array([0.14952961]), array([0.05057088]))","(array([0.15177215]), array([0.04992303]))","(array([0.15374064]), array([0.04937495]))","(array([0.15546556]), array([0.04892452]))","(array([0.15695525]), array([0.04856573]))","(array([0.15816852]), array([0.04829048]))","(array([0.15901581]), array([0.0480911]))","(array([0.15939473]), array([0.04796295]))","(array([0.15923101]), array([0.04790569]))","(array([0.15849642]), array([0.04792329]))"
(0.23869291098001302+0j),[0.21359761],[1.],[0.69486014],[1.],"(array([0.18653845]), array([0.21074773]))","(array([0.15177723]), array([0.04993766]))","(array([0.1537458]), array([0.04938906]))","(array([0.15547079]), array([0.04893814]))","(array([0.15696051]), array([0.04857892]))","(array([0.15817375]), array([0.04830326]))","(array([0.15902096]), array([0.0481035]))","(array([0.15939976]), array([0.04797495]))","(array([0.15923591]), array([0.04791729]))","(array([0.15850113]), array([0.04793451]))","(array([0.15720732]), array([0.04803399]))"
(0.23535278363541934+0j),[0.21468573],[1.],[0.68560756],[1.],"(array([0.187706]), array([0.20864414]))","(array([0.15375115]), array([0.04940194]))","(array([0.15547617]), array([0.04895061]))","(array([0.15696591]), array([0.04859101]))","(array([0.15817913]), array([0.048315]))","(array([0.15902625]), array([0.04811492]))","(array([0.1594049]), array([0.04798606]))","(array([0.15924087]), array([0.04792809]))","(array([0.1585059]), array([0.04794499]))","(array([0.15721183]), array([0.04804415]))","(array([0.1553953]), array([0.04823536]))"
(0.23037963427600702+0j),[0.2162539],[1.],[0.67435529],[1.],"(array([0.1882734]), array([0.20627716]))","(array([0.15548163]), array([0.04896193]))","(array([0.15697137]), array([0.048602]))","(array([0.15818455]), array([0.04832571]))","(array([0.15903159]), array([0.04812537]))","(array([0.15941009]), array([0.04799626]))","(array([0.15924586]), array([0.04793804]))","(array([0.15851065]), array([0.04795468]))","(array([0.15721632]), array([0.04805359]))","(array([0.1553995]), array([0.04824453]))","(array([0.15310742]), array([0.04853878]))"
(0.22399990638678838+0j),[0.21835544],[1.],[0.66131688],[1.],"(array([0.18828479]), array([0.20369294]))","(array([0.15697682]), array([0.04861194]))","(array([0.15818995]), array([0.0483354]))","(array([0.15903689]), array([0.04813484]))","(array([0.15941526]), array([0.04800554]))","(array([0.15925083]), array([0.04794714]))","(array([0.15851537]), array([0.04796358]))","(array([0.15722076]), array([0.04806228]))","(array([0.15540364]), array([0.04825301]))","(array([0.15311123]), array([0.04854705]))","(array([0.1503921]), array([0.04895625]))"
(0.21646942951681106+0j),[0.22103564],[1.],[0.64668785],[1.],"(array([0.18776144]), array([0.20093077]))","(array([0.15819529]), array([0.04834414]))","(array([0.15904213]), array([0.0481434]))","(array([0.15942035]), array([0.04801395]))","(array([0.15925573]), array([0.0479554]))","(array([0.15852002]), array([0.04797171]))","(array([0.15722513]), array([0.04807025]))","(array([0.1554077]), array([0.04826082]))","(array([0.15311497]), array([0.04855468]))","(array([0.1503955]), array([0.0489637]))","(array([0.14729486]), array([0.04949887]))"
(0.208054554016392+0j),[0.22431823],[1.],[0.63064913],[1.],"(array([0.18667621]), array([0.198023]))","(array([0.15904727]), array([0.04815113]))","(array([0.15942534]), array([0.04802155]))","(array([0.15926053]), array([0.0479629]))","(array([0.15852459]), array([0.0479791]))","(array([0.15722942]), array([0.04807754]))","(array([0.15541168]), array([0.04826799]))","(array([0.15311863]), array([0.04856171]))","(array([0.15039882]), array([0.04897058]))","(array([0.14729784]), array([0.04950559]))","(array([0.14385762]), array([0.05017437]))"
(0.19901668986870227+0j),[0.22819166],[1.],[0.61337441],[1.],"(array([0.18495804]), array([0.19499711]))","(array([0.15943024]), array([0.04802845]))","(array([0.15926523]), array([0.04796971]))","(array([0.15852906]), array([0.04798584]))","(array([0.15723363]), array([0.0480842]))","(array([0.1554156]), array([0.04827457]))","(array([0.15312222]), array([0.04856819]))","(array([0.15040208]), array([0.04897695]))","(array([0.14730076]), array([0.04951183]))","(array([0.14386019]), array([0.05018048]))","(array([0.14011994]), array([0.05098406]))"
(0.18959827006253868+0j),[0.23260273],[1.],[0.59503336],[1.],"(array([0.18253003]), array([0.19187823]))","(array([0.15926987]), array([0.04797595]))","(array([0.15853347]), array([0.04799202]))","(array([0.15723778]), array([0.04809033]))","(array([0.15541946]), array([0.04828064]))","(array([0.15312577]), array([0.04857421]))","(array([0.1504053]), array([0.04898288]))","(array([0.14730364]), array([0.04951767]))","(array([0.14386274]), array([0.0501862]))","(array([0.14012214]), array([0.05098966]))","(array([0.13612025]), array([0.05192055]))"
(0.18001027152325247+0j),[0.23746063],[1.],[0.57578676],[1.],"(array([0.1793506]), array([0.18869023]))","(array([0.15853785]), array([0.04799775]))","(array([0.15724189]), array([0.04809603]))","(array([0.15542329]), array([0.04828631]))","(array([0.1531293]), array([0.04857983]))","(array([0.15040851]), array([0.04898846]))","(array([0.14730652]), array([0.04952318]))","(array([0.14386529]), array([0.05019162]))","(array([0.14012436]), array([0.05099498]))","(array([0.13612213]), array([0.05192575]))","(array([0.13189576]), array([0.05296751]))"
(0.17042321114206313+0j),[0.24264767],[1.],[0.55577633],[1.],"(array([0.17542896]), array([0.18545513]))","(array([0.15724604]), array([0.0481014]))","(array([0.15542715]), array([0.04829166]))","(array([0.15313285]), array([0.04858516]))","(array([0.15041175]), array([0.04899375]))","(array([0.14730943]), array([0.04952842]))","(array([0.14386786]), array([0.05019681]))","(array([0.1401266]), array([0.05100008]))","(array([0.13612405]), array([0.05193076]))","(array([0.13189735]), array([0.05297241]))","(array([0.12748071]), array([0.05410141]))"
(0.16096464828473248+0j),[0.24803136],[1.],[0.53511713],[1.],"(array([0.17081603]), array([0.18219166]))","(array([0.15543108]), array([0.04829677]))","(array([0.15313647]), array([0.04859026]))","(array([0.15041505]), array([0.04899883]))","(array([0.14731241]), array([0.04953348]))","(array([0.14387051]), array([0.05020182]))","(array([0.14012891]), array([0.05100504]))","(array([0.13612602]), array([0.05193563]))","(array([0.131899]), array([0.05297719]))","(array([0.12748204]), array([0.05410608]))","(array([0.12290437]), array([0.05529405]))"
(0.15172573791569366+0j),[0.25347455],[1.],[0.51390449],[1.],"(array([0.16558677]), array([0.17891541]))","(array([0.15314021]), array([0.04859521]))","(array([0.15041845]), array([0.04900378]))","(array([0.14731548]), array([0.04953841]))","(array([0.14387324]), array([0.05020672]))","(array([0.1401313]), array([0.0510099]))","(array([0.13612808]), array([0.05194043]))","(array([0.13190073]), array([0.05298191]))","(array([0.12748345]), array([0.0541107]))","(array([0.12290547]), array([0.05529856]))","(array([0.11819086]), array([0.05651509]))"
(0.14277498170631372+0j),[0.258842],[1.],[0.49223991],[1.],"(array([0.15982619]), array([0.17564191]))","(array([0.15042201]), array([0.04900862]))","(array([0.14731868]), array([0.04954325]))","(array([0.1438761]), array([0.05021155]))","(array([0.14013381]), array([0.05101469]))","(array([0.13613025]), array([0.05194518]))","(array([0.13190256]), array([0.05298659]))","(array([0.12748495]), array([0.0541153]))","(array([0.12290666]), array([0.05530306]))","(array([0.11819174]), array([0.05651947]))","(array([0.11336274]), array([0.05773393]))"
(0.1341721394908184+0j),[0.26400391],[1.],[0.47026583],[1.],"(array([0.15362256]), array([0.17239226]))","(array([0.14732205]), array([0.04954803]))","(array([0.1438791]), array([0.05021632]))","(array([0.14013646]), array([0.05101945]))","(array([0.13613255]), array([0.05194991]))","(array([0.13190451]), array([0.05299127]))","(array([0.12748657]), array([0.05411991]))","(array([0.12290795]), array([0.05530757]))","(array([0.11819272]), array([0.05652388]))","(array([0.11336342]), array([0.05773821]))","(array([0.10844781]), array([0.0589208]))"
(0.12597726497070671+0j),[0.26883715],[1.],[0.44819722],[1.],"(array([0.14706629]), array([0.16919835]))","(array([0.1438823]), array([0.05022106]))","(array([0.14013928]), array([0.05102419]))","(array([0.136135]), array([0.05195462]))","(array([0.13190661]), array([0.05299595]))","(array([0.12748832]), array([0.05412453]))","(array([0.12290936]), array([0.05531212]))","(array([0.11819381]), array([0.05652833]))","(array([0.1133642]), array([0.05774255]))","(array([0.1084483]), array([0.058925]))","(array([0.10348658]), array([0.0600473]))"
(0.11825693014612272+0j),[0.27322571],[1.],[0.42635398],[1.],"(array([0.1402528]), array([0.16610669]))","(array([0.14014231]), array([0.05102891]))","(array([0.13613764]), array([0.05195934]))","(array([0.13190887]), array([0.05300064]))","(array([0.12749022]), array([0.05412918]))","(array([0.12291092]), array([0.0553167]))","(array([0.11819503]), array([0.05653283]))","(array([0.1133651]), array([0.05774694]))","(array([0.1084489]), array([0.05892927]))","(array([0.10348689]), array([0.06005144]))","(array([0.09853947]), array([0.06108659]))"
(0.11109219554942394+0j),[0.27706089],[1.],[0.40520934],[1.],"(array([0.13328825]), array([0.16318329]))","(array([0.1361405]), array([0.05196406]))","(array([0.13191134]), array([0.05300535]))","(array([0.12749231]), array([0.05413386]))","(array([0.12291265]), array([0.05532133]))","(array([0.11819641]), array([0.05653739]))","(array([0.11336615]), array([0.05775141]))","(array([0.10844963]), array([0.05893363]))","(array([0.10348732]), array([0.06005567]))","(array([0.09853962]), array([0.06109068]))","(array([0.09369588]), array([0.0620134]))"
(0.10458947972532326+0j),[0.28024103],[1.],[0.38546169],[1.],"(array([0.12629757]), array([0.16052308]))","(array([0.13191406]), array([0.05301011]))","(array([0.12749463]), array([0.0541386]))","(array([0.12291458]), array([0.05532604]))","(array([0.11819799]), array([0.05654204]))","(array([0.11336737]), array([0.05775598]))","(array([0.10845052]), array([0.0589381]))","(array([0.1034879]), array([0.06006002]))","(array([0.0985399]), array([0.06109489]))","(array([0.09369588]), array([0.06201746]))","(array([0.08908779]), array([0.06280403]))"
(0.09888899873775459+0j),[0.28267061],[1.],[0.36810615],[1.],"(array([0.11943259]), array([0.15826376]))","(array([0.12749725]), array([0.05414345]))","(array([0.12291679]), array([0.05533087]))","(array([0.1181998]), array([0.05654683]))","(array([0.11336881]), array([0.0577607]))","(array([0.10845161]), array([0.05894273]))","(array([0.10348865]), array([0.06006454]))","(array([0.09854033]), array([0.06109929]))","(array([0.09369602]), array([0.06202171]))","(array([0.08908765]), array([0.06280812]))","(array([0.08490595]), array([0.06343627]))"
(0.0941566392529058+0j),[0.28425904],[1.],[0.35441556],[1.],"(array([0.11287353]), array([0.15659258]))","(array([0.12291932]), array([0.05533588]))","(array([0.11820191]), array([0.05655181]))","(array([0.11337052]), array([0.05776563]))","(array([0.10845294]), array([0.05894759]))","(array([0.10348962]), array([0.0600693]))","(array([0.09854096]), array([0.06110392]))","(array([0.09369632]), array([0.06202621]))","(array([0.08908765]), array([0.06281246]))","(array([0.08490567]), array([0.06344044]))","(array([0.08140592]), array([0.06388911]))"
(0.09054413291921479+0j),[0.28492126],[1.],[0.34569357],[1.],"(array([0.10681216]), array([0.15572297]))","(array([0.11820441]), array([0.05655707]))","(array([0.11337258]), array([0.05777085]))","(array([0.10845457]), array([0.05895275]))","(array([0.10349086]), array([0.06007437]))","(array([0.09854182]), array([0.06110888]))","(array([0.09369684]), array([0.06203103]))","(array([0.08908783]), array([0.06281713]))","(array([0.08490555]), array([0.06344494]))","(array([0.08140551]), array([0.06389342]))","(array([0.0788782]), array([0.06414265]))"
(0.08813138521531597+0j),[0.28458244],[1.],[0.34281951],[1.],"(array([0.10141143]), array([0.15582877]))","(array([0.11337505]), array([0.05777645]))","(array([0.10845658]), array([0.05895829]))","(array([0.10349243]), array([0.06007984]))","(array([0.09854298]), array([0.06111425]))","(array([0.0936976]), array([0.06203627]))","(array([0.08908823]), array([0.06282222]))","(array([0.08490559]), array([0.06344986]))","(array([0.08140524]), array([0.06389815]))","(array([0.07887764]), array([0.06414718]))","(array([0.07756904]), array([0.06417872]))"
(0.08689994354168896+0j),[0.28318679],[1.],[0.34591512],[1.],"(array([0.09676325]), array([0.15696979]))","(array([0.10845905]), array([0.05896432]))","(array([0.1034944]), array([0.0600858]))","(array([0.09854448]), array([0.06112011]))","(array([0.09369866]), array([0.06204201]))","(array([0.08908888]), array([0.06282781]))","(array([0.08490586]), array([0.06345528]))","(array([0.08140514]), array([0.06390338]))","(array([0.07887722]), array([0.0641522]))","(array([0.07756832]), array([0.06418352]))","(array([0.07759138]), array([0.06398244]))"
(0.08675658389649997+0j),[0.2807067],[1.],[0.35439548],[1.],"(array([0.09287749]), array([0.15906631]))","(array([0.10349686]), array([0.06009234]))","(array([0.09854641]), array([0.06112657]))","(array([0.09370009]), array([0.06204835]))","(array([0.08908984]), array([0.06283401]))","(array([0.08490638]), array([0.06346131]))","(array([0.08140526]), array([0.06390921]))","(array([0.07887695]), array([0.06415781]))","(array([0.07756771]), array([0.06418889]))","(array([0.07759047]), array([0.06398756]))","(array([0.07889296]), array([0.06354431]))"
(0.0875723433861651+0j),[0.27714928],[1.],[0.36726325],[1.],"(array([0.08970733]), array([0.16193424]))","(array([0.09854884]), array([0.06113372]))","(array([0.09370196]), array([0.06205539]))","(array([0.08909117]), array([0.06284091]))","(array([0.08490721]), array([0.06346803]))","(array([0.08140562]), array([0.06391573]))","(array([0.07887689]), array([0.0641641]))","(array([0.07756725]), array([0.06419493]))","(array([0.07758967]), array([0.06399333]))","(array([0.07889184]), array([0.0635498]))","(array([0.08129524]), array([0.06286203]))"
(0.08920722191784727+0j),[0.27255956],[1.],[0.38339158],[1.],"(array([0.08718817]), array([0.16534219]))","(array([0.09370434]), array([0.06206323]))","(array([0.08909295]), array([0.0628486]))","(array([0.08490841]), array([0.06347555]))","(array([0.08140629]), array([0.06392305]))","(array([0.07887707]), array([0.06417118]))","(array([0.07756698]), array([0.06420175]))","(array([0.07758899]), array([0.06399987]))","(array([0.0788908]), array([0.06355603]))","(array([0.08129389]), array([0.06286793]))","(array([0.08455858]), array([0.06194151]))"
(0.0915190459400114+0j),[0.26702205],[1.],[0.40169534],[1.],"(array([0.08527187]), array([0.16905616]))","(array([0.08909525]), array([0.06285723]))","(array([0.08491007]), array([0.063484]))","(array([0.08140734]), array([0.06393129]))","(array([0.07887754]), array([0.06417918]))","(array([0.07756694]), array([0.06420947]))","(array([0.07758847]), array([0.06400728]))","(array([0.07888987]), array([0.06356311]))","(array([0.08129259]), array([0.06287467]))","(array([0.08455697]), array([0.06194789]))","(array([0.08843342]), array([0.0607974]))"
(0.09436465274302117+0j),[0.26066252],[1.],[0.42120523],[1.],"(array([0.08395386]), array([0.17286363]))","(array([0.08491226]), array([0.06349353]))","(array([0.08140883]), array([0.0639406]))","(array([0.07887839]), array([0.06418823]))","(array([0.07756718]), array([0.06421823]))","(array([0.07758817]), array([0.06401571]))","(array([0.07888908]), array([0.0635712]))","(array([0.08129138]), array([0.06288238]))","(array([0.08455539]), array([0.0619552]))","(array([0.08843153]), array([0.06080431]))","(array([0.09268794]), array([0.05945346]))"
(0.09759900296007007+0j),[0.25365106],[1.],[0.44108435],[1.],"(array([0.08329397]), array([0.17658264]))","(array([0.08141087]), array([0.06395114]))","(array([0.07887967]), array([0.0641985]))","(array([0.07756778]), array([0.0642282]))","(array([0.07758814]), array([0.06402533]))","(array([0.07888848]), array([0.06358044]))","(array([0.08129028]), array([0.06289122]))","(array([0.08455386]), array([0.06196361]))","(array([0.08842964]), array([0.06081228]))","(array([0.09268575]), array([0.05946097]))","(array([0.09711835]), array([0.0579431]))"
(0.10107479686705595+0j),[0.24620435],[1.],[0.46062012],[1.],"(array([0.08342246]), array([0.18006271]))","(array([0.07888149]), array([0.0642102]))","(array([0.0775688]), array([0.06423956]))","(array([0.07758843]), array([0.06403632]))","(array([0.07888812]), array([0.06359102]))","(array([0.08128934]), array([0.06290135]))","(array([0.08455242]), array([0.06197328]))","(array([0.08842776]), array([0.06082146]))","(array([0.09268353]), array([0.05946965]))","(array([0.09711584]), array([0.05795126]))","(array([0.10154987]), array([0.05631]))"
(0.10464414251007205+0j),[0.23858108],[1.],[0.47921436],[1.],"(array([0.08450937]), array([0.18318295]))","(array([0.07757033]), array([0.06425251]))","(array([0.07758913]), array([0.06404888]))","(array([0.07888806]), array([0.06360312]))","(array([0.08128861]), array([0.06291297]))","(array([0.0845511]), array([0.06198439]))","(array([0.08842595]), array([0.06083203]))","(array([0.09268129]), array([0.05947967]))","(array([0.09711327]), array([0.05796071]))","(array([0.10154704]), array([0.05631887]))","(array([0.10583486]), array([0.05460792]))"
(0.10816357619391176+0j),[0.23106359],[1.],[0.49638478],[1.],"(array([0.08668718]), array([0.18585055]))","(array([0.07759028]), array([0.06406314]))","(array([0.07888835]), array([0.06361691]))","(array([0.08128813]), array([0.06292623]))","(array([0.08454995]), array([0.06199708]))","(array([0.08842422]), array([0.06084414]))","(array([0.09267908]), array([0.05949117]))","(array([0.09711067]), array([0.05797158]))","(array([0.10154413]), array([0.0563291]))","(array([0.10583172]), array([0.05461751]))","(array([0.10985189]), array([0.05289803]))"
(0.11150325634450446+0j),[0.22392794],[1.],[0.51177858],[1.],"(array([0.08996737]), array([0.188001]))","(array([0.07888905]), array([0.06363248]))","(array([0.08128795]), array([0.06294123]))","(array([0.08454901]), array([0.06201147]))","(array([0.08842262]), array([0.06085788]))","(array([0.09267694]), array([0.05950424]))","(array([0.09710807]), array([0.05798398]))","(array([0.10154118]), array([0.0563408]))","(array([0.1058285]), array([0.05462849]))","(array([0.10984847]), array([0.05290829]))","(array([0.11350737]), array([0.05124339]))"
(0.1145602365679827+0j),[0.21741472],[1.],[0.52519123],[1.],"(array([0.09421606]), array([0.18959989]))","(array([0.08128811]), array([0.06295805]))","(array([0.08454831]), array([0.06202762]))","(array([0.08842119]), array([0.06087332]))","(array([0.09267489]), array([0.05951896]))","(array([0.09710552]), array([0.05799795]))","(array([0.10153822]), array([0.05635401]))","(array([0.10582523]), array([0.05464093]))","(array([0.10984498]), array([0.05291995]))","(array([0.11350372]), array([0.05125426]))","(array([0.11673912]), array([0.0497023]))"
(0.11727496358073257+0j),[0.21171157],[1.],[0.5365847],[1.],"(array([0.0991996]), array([0.19064562]))","(array([0.08454787]), array([0.06204555]))","(array([0.08841995]), array([0.0608905]))","(array([0.09267297]), array([0.05953533]))","(array([0.09710304]), array([0.05801351]))","(array([0.1015353]), array([0.05636875]))","(array([0.10582197]), array([0.05465484]))","(array([0.10984146]), array([0.05293302]))","(array([0.11350002]), array([0.05126649]))","(array([0.1167353]), array([0.04971369]))","(array([0.11952033]), array([0.048323]))"
(0.11965005138822155+0j),[0.2069483],[1.],[0.54610652],[1.],"(array([0.10465387]), array([0.19117271]))","(array([0.08841892]), array([0.06090939]))","(array([0.0926712]), array([0.05955337]))","(array([0.09710067]), array([0.05803066]))","(array([0.10153245]), array([0.05638501]))","(array([0.10581874]), array([0.05467021]))","(array([0.10983795]), array([0.0529475]))","(array([0.11349632]), array([0.05128007]))","(array([0.11673146]), array([0.04972637]))","(array([0.11951641]), array([0.0483348]))","(array([0.12186372]), array([0.04714119]))"
(0.12176953136699481+0j),[0.20319936],[1.],[0.55411121],[1.],"(array([0.11033801]), array([0.19125612]))","(array([0.09266959]), array([0.05957306]))","(array([0.09709843]), array([0.0580494]))","(array([0.1015297]), array([0.05640279]))","(array([0.1058156]), array([0.05468703]))","(array([0.10983452]), array([0.05296336]))","(array([0.11349267]), array([0.05129498]))","(array([0.11672767]), array([0.04974033]))","(array([0.11951252]), array([0.04834781]))","(array([0.12185978]), array([0.04715328]))","(array([0.12382601]), array([0.04617976]))"
(0.12381197613756559+0j),[0.20048823],[1.],[0.56116995],[1.],"(array([0.11606308]), array([0.1910151]))","(array([0.09709632]), array([0.05806972]))","(array([0.10152707]), array([0.05642208]))","(array([0.10581257]), array([0.05470528]))","(array([0.10983119]), array([0.05298058]))","(array([0.11348912]), array([0.05131119]))","(array([0.11672396]), array([0.04975555]))","(array([0.11950872]), array([0.04836204]))","(array([0.12185593]), array([0.04716652]))","(array([0.12382214]), array([0.04619205]))","(array([0.12551146]), array([0.04544965]))"
(0.12604293081454118+0j),[0.19879188],[1.],[0.56802973],[1.],"(array([0.12169974]), array([0.19061123]))","(array([0.10152456]), array([0.05644287]))","(array([0.10580967]), array([0.05472496]))","(array([0.10982799]), array([0.05299917]))","(array([0.11348571]), array([0.05132869]))","(array([0.11672041]), array([0.04977199]))","(array([0.11950506]), array([0.04837745]))","(array([0.12185221]), array([0.04718092]))","(array([0.12381841]), array([0.04620544]))","(array([0.12550774]), array([0.04546207]))","(array([0.12706837]), array([0.04495082]))"
(0.12877299849970095+0j),[0.19804467],[1.],[0.57548476],[1.],"(array([0.12716888]), array([0.19023314]))","(array([0.1058069]), array([0.05474608]))","(array([0.10982495]), array([0.05301911]))","(array([0.11348248]), array([0.05134748]))","(array([0.11671705]), array([0.04978966]))","(array([0.11950161]), array([0.04839403]))","(array([0.12184869]), array([0.04719644]))","(array([0.12381487]), array([0.04621992]))","(array([0.12550422]), array([0.04547552]))","(array([0.12706491]), array([0.04496329]))","(array([0.12867013]), array([0.0446732]))"
(0.13228382482008236+0j),[0.19814223],[1.],[0.58417152],[1.],"(array([0.13242023]), array([0.19006417]))","(array([0.10982208]), array([0.0530404]))","(array([0.11347946]), array([0.05136755]))","(array([0.11671393]), array([0.04980852]))","(array([0.11949843]), array([0.04841173]))","(array([0.12184547]), array([0.04721303]))","(array([0.12381162]), array([0.04623544]))","(array([0.12550098]), array([0.04549]))","(array([0.12706172]), array([0.04497675]))","(array([0.12866705]), array([0.04468568]))","(array([0.13047769]), array([0.04459759]))"
(0.13673804914098414+0j),[0.19894815],[1.],[0.59434616],[1.],"(array([0.13740631]), array([0.19023864]))","(array([0.11347668]), array([0.05138883]))","(array([0.11671109]), array([0.04982855]))","(array([0.11949557]), array([0.04843053]))","(array([0.12184261]), array([0.04723066]))","(array([0.12380876]), array([0.04625195]))","(array([0.12549813]), array([0.04550544]))","(array([0.12705891]), array([0.04499115]))","(array([0.12866434]), array([0.04469907]))","(array([0.13047514]), array([0.04461002]))","(array([0.13259139]), array([0.04469679]))"
(0.14210920169644553+0j),[0.20030548],[1.],[0.60575848],[1.],"(array([0.14206261]), array([0.19080339]))","(array([0.11670858]), array([0.04984964]))","(array([0.1194931]), array([0.04845035]))","(array([0.12184018]), array([0.04724924]))","(array([0.12380638]), array([0.04626936]))","(array([0.12549578]), array([0.04552174]))","(array([0.1270566]), array([0.0450064]))","(array([0.12866211]), array([0.04471331]))","(array([0.13047306]), array([0.04462329]))","(array([0.13258954]), array([0.04470912]))","(array([0.13501171]), array([0.04493765]))"
(0.14818780544598475+0j),[0.20205182],[1.],[0.61775506],[1.],"(array([0.14630731]), array([0.19171044]))","(array([0.11949106]), array([0.04847104]))","(array([0.12183825]), array([0.04726866]))","(array([0.12380454]), array([0.04628756]))","(array([0.12549403]), array([0.04553878]))","(array([0.12705493]), array([0.04502236]))","(array([0.12866052]), array([0.04472826]))","(array([0.1304716]), array([0.04463728]))","(array([0.13258829]), array([0.04472219]))","(array([0.13501074]), array([0.04494985]))","(array([0.13763679]), array([0.04528419]))"
(0.15466866342098112+0j),[0.20403431],[1.],[0.62956584],[1.],"(array([0.15006434]), array([0.19285172]))","(array([0.12183687]), array([0.04728871]))","(array([0.12380332]), array([0.04630636]))","(array([0.12549295]), array([0.04555641]))","(array([0.12705399]), array([0.04503888]))","(array([0.1286597]), array([0.04474376]))","(array([0.13047092]), array([0.04465182]))","(array([0.13258779]), array([0.04473584]))","(array([0.1350105]), array([0.04496266]))","(array([0.13763688]), array([0.0452962]))","(array([0.14030665]), array([0.04570098]))"
(0.1612527546121264+0j),[0.206121],[1.],[0.64056214],[1.],"(array([0.15329569]), array([0.19411131]))","(array([0.12380279]), array([0.04632554]))","(array([0.12549262]), array([0.04557439]))","(array([0.12705385]), array([0.04505574]))","(array([0.12865974]), array([0.04475958]))","(array([0.13047113]), array([0.0446667]))","(array([0.13258819]), array([0.04474986]))","(array([0.13501113]), array([0.04497588]))","(array([0.1376378]), array([0.04530868]))","(array([0.14030792]), array([0.04571275]))","(array([0.14286462]), array([0.0461562]))"
(0.16771085663505242+0j),[0.20820837],[1.],[0.65036726],[1.],"(array([0.15602471]), array([0.19540197]))","(array([0.12549309]), array([0.04559243]))","(array([0.12705455]), array([0.04507268]))","(array([0.12866069]), array([0.0447755]))","(array([0.13047232]), array([0.04468169]))","(array([0.13258961]), array([0.04476401]))","(array([0.13501278]), array([0.04498928]))","(array([0.1376397]), array([0.04532139]))","(array([0.14031013]), array([0.04572483]))","(array([0.14286716]), array([0.04616767]))","(array([0.14519866]), array([0.04662367]))"
(0.17390501950578557+0j),[0.21022616],[1.],[0.65884848],[1.],"(array([0.15834416]), array([0.19667627]))","(array([0.12705615]), array([0.04508939]))","(array([0.12866257]), array([0.04479122]))","(array([0.1304745]), array([0.04469651]))","(array([0.13259208]), array([0.04477803]))","(array([0.13501552]), array([0.0450026]))","(array([0.1376427]), array([0.04533409]))","(array([0.14031338]), array([0.04573697]))","(array([0.14287069]), array([0.04617929]))","(array([0.14520248]), array([0.04663479]))","(array([0.14725244]), array([0.04708417]))"
(0.17978347867652336+0j),[0.21213999],[1.],[0.66605595],[1.],"(array([0.16040801]), array([0.19792095]))","(array([0.1286654]), array([0.04480644]))","(array([0.13047766]), array([0.04471088]))","(array([0.13259558]), array([0.04479165]))","(array([0.13501936]), array([0.04501557]))","(array([0.13764682]), array([0.0453465]))","(array([0.14031774]), array([0.04574891]))","(array([0.14287527]), array([0.0461908]))","(array([0.14520729]), array([0.04664591]))","(array([0.14725747]), array([0.04709491]))","(array([0.14901728]), array([0.04752616]))"
(0.18536195811988135+0j),[0.2139501],[1.],[0.67215011],[1.],"(array([0.1624048]), array([0.19914485]))","(array([0.13048178]), array([0.04472455]))","(array([0.13260009]), array([0.04480464]))","(array([0.13502424]), array([0.04502796]))","(array([0.13765204]), array([0.04535841]))","(array([0.14032323]), array([0.04576042]))","(array([0.14288096]), array([0.04620198]))","(array([0.14521313]), array([0.04665678]))","(array([0.14726347]), array([0.0471055]))","(array([0.1490234]), array([0.04753649]))","(array([0.15051691]), array([0.0479459]))"
(0.19069870752481607+0j),[0.21568415],[1.],[0.67733544],[1.],"(array([0.16451308]), array([0.2003658]))","(array([0.13260554]), array([0.04481675]))","(array([0.1350301]), array([0.04503958]))","(array([0.13765828]), array([0.04536962]))","(array([0.14032978]), array([0.0457713]))","(array([0.14288772]), array([0.04621261]))","(array([0.14522002]), array([0.04666721]))","(array([0.14727044]), array([0.04711575]))","(array([0.14903044]), array([0.04754657]))","(array([0.15052398]), array([0.04795582]))","(array([0.15179206]), array([0.0483465]))"
(0.19586779937310866+0j),[0.21738317],[1.],[0.68180761],[1.],"(array([0.1668487]), array([0.2015992]))","(array([0.13503688]), array([0.04505024]))","(array([0.13766546]), array([0.04537996]))","(array([0.1403373]), array([0.0457814]))","(array([0.14289549]), array([0.04622255]))","(array([0.14522793]), array([0.04667703]))","(array([0.14727838]), array([0.04712549]))","(array([0.14903837]), array([0.04755623]))","(array([0.15053188]), array([0.04796542]))","(array([0.15179987]), array([0.04835603]))","(array([0.15288711]), array([0.04873555]))"
(0.20093464929420002+0j),[0.21908304],[1.],[0.68571712],[1.],"(array([0.16942361]), array([0.20284963]))","(array([0.13767351]), array([0.04538929]))","(array([0.1403457]), array([0.04579059]))","(array([0.14290417]), array([0.04623166]))","(array([0.14523676]), array([0.04668613]))","(array([0.14728726]), array([0.04713459]))","(array([0.14904719]), array([0.04756535]))","(array([0.15054059]), array([0.04797455]))","(array([0.15180845]), array([0.04836519]))","(array([0.15289549]), array([0.04874473]))","(array([0.15384031]), array([0.04912152]))"
(0.20593744626834878+0j),[0.2207981],[1.],[0.68915082],[1.],"(array([0.17214383]), array([0.2041067]))","(array([0.14035493]), array([0.04579877]))","(array([0.14291367]), array([0.04623986]))","(array([0.14524643]), array([0.04669439]))","(array([0.147297]), array([0.04714295]))","(array([0.14905686]), array([0.04757383]))","(array([0.15055011]), array([0.04798314]))","(array([0.15181775]), array([0.04837386]))","(array([0.15290455]), array([0.0487535]))","(array([0.15384907]), array([0.04913039]))","(array([0.15467773]), array([0.04950985]))"
(0.2108761301271507+0j),[0.22251441],[1.],[0.69212817],[1.],"(array([0.17485464]), array([0.20534511]))","(array([0.14292393]), array([0.04624705]))","(array([0.14525687]), array([0.04670175]))","(array([0.14730749]), array([0.0471505]))","(array([0.14906731]), array([0.04758158]))","(array([0.15056039]), array([0.04799108]))","(array([0.15182778]), array([0.04838199]))","(array([0.15291426]), array([0.04876179]))","(array([0.15385843]), array([0.04913884]))","(array([0.15468667]), array([0.04951845]))","(array([0.15541078]), array([0.04990037]))"
(0.2157052540049323+0j),[0.22419481],[1.],[0.69460252],[1.],"(array([0.17740225]), array([0.2065273]))","(array([0.14526801]), array([0.04670813]))","(array([0.14731868]), array([0.04715716]))","(array([0.14907844]), array([0.04758854]))","(array([0.15057136]), array([0.04799833]))","(array([0.15183848]), array([0.0483895]))","(array([0.15292461]), array([0.04876955]))","(array([0.15386837]), array([0.04914681]))","(array([0.15469615]), array([0.04952663]))","(array([0.15541973]), array([0.04990874]))","(array([0.15603605]), array([0.05028714]))"
(0.2203195189926512+0j),[0.22579149],[1.],[0.69644976],[1.],"(array([0.17967278]), array([0.20760552]))","(array([0.14733051]), array([0.04716289]))","(array([0.1490902]), array([0.04759464]))","(array([0.15058293]), array([0.04800481]))","(array([0.15184979]), array([0.04839634]))","(array([0.15293554]), array([0.0487767]))","(array([0.15387885]), array([0.04915425]))","(array([0.15470613]), array([0.04953433]))","(array([0.15542916]), array([0.04991669]))","(array([0.15604485]), array([0.05029531]))","(array([0.15653406]), array([0.05066045]))"
(0.22452127843921943+0j),[0.2272615],[1.],[0.697431],[1.],"(array([0.18159802]), array([0.20851987]))","(array([0.14910252]), array([0.04759985]))","(array([0.15059506]), array([0.04801046]))","(array([0.15186161]), array([0.04840244]))","(array([0.15294699]), array([0.04878321]))","(array([0.15388983]), array([0.04916112]))","(array([0.15471657]), array([0.04954152]))","(array([0.15543901]), array([0.04992416]))","(array([0.15605405]), array([0.05030305]))","(array([0.15654255]), array([0.05066843]))","(array([0.15686373]), array([0.05100993]))"
(0.22798986646876826+0j),[0.2285821],[1.],[0.69716203],[1.],"(array([0.18314041]), array([0.20919411]))","(array([0.15060765]), array([0.04801527]))","(array([0.1518739]), array([0.04840774]))","(array([0.15295887]), array([0.048789]))","(array([0.15390122]), array([0.04916736]))","(array([0.1547274]), array([0.04954815]))","(array([0.15544922]), array([0.04993114]))","(array([0.1560636]), array([0.05031033]))","(array([0.15655138]), array([0.05067598]))","(array([0.15687177]), array([0.05101772]))","(array([0.15695468]), array([0.05132798]))"
(0.23032446245591223+0j),[0.22976264],[1.],[0.69518704],[1.],"(array([0.18427771]), array([0.20954175]))","(array([0.15188657]), array([0.04841225]))","(array([0.15297111]), array([0.04879404]))","(array([0.15391296]), array([0.04917292]))","(array([0.15473856]), array([0.04955418]))","(array([0.15545974]), array([0.04993757]))","(array([0.15607342]), array([0.05031712]))","(array([0.15656048]), array([0.05068307]))","(array([0.15688009]), array([0.05102508]))","(array([0.15696216]), array([0.05133557]))","(array([0.1567123]), array([0.05161295]))"
(0.2311884890208876+0j),[0.23084755],[1.],[0.69117443],[1.],"(array([0.18500113]), array([0.20949239]))","(array([0.15298366]), array([0.04879833]))","(array([0.15392497]), array([0.04917777]))","(array([0.15474997]), array([0.04955956]))","(array([0.15547049]), array([0.04994343]))","(array([0.15608346]), array([0.05032338]))","(array([0.15656977]), array([0.05068969]))","(array([0.15688861]), array([0.05103198]))","(array([0.15696986]), array([0.05134273]))","(array([0.15671915]), array([0.05162032]))","(array([0.15604825]), array([0.05187094]))"
(0.2304332667140901+0j),[0.23190833],[1.],[0.68505221],[1.],"(array([0.1853211]), array([0.20902117]))","(array([0.15393721]), array([0.04918191]))","(array([0.15476159]), array([0.04956427]))","(array([0.15548142]), array([0.04994867]))","(array([0.15609367]), array([0.05032909]))","(array([0.1565792]), array([0.0506958]))","(array([0.15689725]), array([0.05103843]))","(array([0.15697771]), array([0.05134945]))","(array([0.15672616]), array([0.05162728]))","(array([0.15605441]), array([0.05187808]))","(array([0.15491749]), array([0.05211518]))"
(0.22810518620947298+0j),[0.23302945],[1.],[0.67697633],[1.],"(array([0.18526534]), array([0.2081536]))","(array([0.15477335]), array([0.04956831]))","(array([0.15549249]), array([0.04995327]))","(array([0.15610398]), array([0.05033422]))","(array([0.15658874]), array([0.05070138]))","(array([0.15690599]), array([0.05104439]))","(array([0.15698563]), array([0.05135572]))","(array([0.15673327]), array([0.0516338]))","(array([0.15606069]), array([0.05188481]))","(array([0.15492294]), array([0.05212206]))","(array([0.15332957]), array([0.0523634]))"
(0.22438318293793413+0j),[0.23429501],[1.],[0.66722624],[1.],"(array([0.18486787]), array([0.20694678]))","(array([0.15550366]), array([0.04995726]))","(array([0.15611439]), array([0.05033875]))","(array([0.15659835]), array([0.05070641]))","(array([0.15691478]), array([0.05104985]))","(array([0.15699361]), array([0.05136153]))","(array([0.15674043]), array([0.0516399]))","(array([0.15606706]), array([0.05189113]))","(array([0.15492849]), array([0.05212856]))","(array([0.15333432]), array([0.05237003]))","(array([0.15133325]), array([0.05263471]))"
(0.21951056556993262+0j),[0.23577933],[1.],[0.65611644],[1.],"(array([0.18415804]), array([0.20546679]))","(array([0.1561249]), array([0.05034271]))","(array([0.15660805]), array([0.05071089]))","(array([0.15692364]), array([0.0510548]))","(array([0.15700164]), array([0.05136688]))","(array([0.15674764]), array([0.05164557]))","(array([0.15607346]), array([0.05189706]))","(array([0.15493412]), array([0.05213468]))","(array([0.15333917]), array([0.0523763]))","(array([0.15133734]), array([0.05264107]))","(array([0.14899489]), array([0.05294692]))"
(0.21374325477309664+0j),[0.23754134],[1.],[0.64394043],[1.],"(array([0.1831537]), array([0.20377385]))","(array([0.15661786]), array([0.05071486]))","(array([0.15693261]), array([0.05105925]))","(array([0.15700974]), array([0.05137177]))","(array([0.15675491]), array([0.05165082]))","(array([0.15607992]), array([0.0519026]))","(array([0.15493981]), array([0.05214046]))","(array([0.15334411]), array([0.05238224]))","(array([0.15134153]), array([0.05264713]))","(array([0.14899837]), array([0.05295304]))","(array([0.14638239]), array([0.05331496]))"
(0.2073155591599437+0j),[0.23962143],[1.],[0.63093789],[1.],"(array([0.18185587]), array([0.20191523]))","(array([0.15694174]), array([0.05106325]))","(array([0.157018]), array([0.05137622]))","(array([0.1567623]), array([0.05165567]))","(array([0.15608649]), array([0.05190778]))","(array([0.15494558]), array([0.0521459]))","(array([0.15334914]), array([0.05238789]))","(array([0.15134584]), array([0.05265292]))","(array([0.14900198]), array([0.05295893]))","(array([0.14638532]), array([0.05332088]))","(array([0.1435553]), array([0.05374988]))"
(0.20042113867843386+0j),[0.24203823],[1.],[0.61727802],[1.],"(array([0.18024103]), array([0.19992339]))","(array([0.15702648]), array([0.05138028]))","(array([0.15676989]), array([0.05166015]))","(array([0.15609322]), array([0.05191263]))","(array([0.1549515]), array([0.05215105]))","(array([0.15335429]), array([0.05239327]))","(array([0.15135028]), array([0.05265849]))","(array([0.14900573]), array([0.05296461]))","(array([0.1463884]), array([0.05332662]))","(array([0.14355774]), array([0.05375563]))","(array([0.1405594]), array([0.05425819]))"
(0.1932070927918821+0j),[0.24478385],[1.],[0.60305788],[1.],"(array([0.17825316]), array([0.19781722]))","(array([0.15677778]), array([0.0516643]))","(array([0.15610021]), array([0.05191717]))","(array([0.15495764]), array([0.05215592]))","(array([0.15335964]), array([0.05239842]))","(array([0.15135489]), array([0.05266385]))","(array([0.14900965]), array([0.05297013]))","(array([0.14639166]), array([0.05333224]))","(array([0.14356036]), array([0.05376128]))","(array([0.14056141]), array([0.05426382]))","(array([0.13742464]), array([0.054841]))"
(0.1857784637381982+0j),[0.24781949],[1.],[0.58831502],[1.],"(array([0.17581022]), array([0.19560561]))","(array([0.15610757]), array([0.05192143]))","(array([0.15496411]), array([0.05216055]))","(array([0.15336527]), array([0.05240336]))","(array([0.15135974]), array([0.05266904]))","(array([0.14901378]), array([0.05297551]))","(array([0.14639511]), array([0.05333775]))","(array([0.14356317]), array([0.05376687]))","(array([0.14056361]), array([0.05426942]))","(array([0.13742625]), array([0.05484656]))","(array([0.13416628]), array([0.05549298]))"
(0.17820917709568732+0j),[0.25107727],[1.],[0.57304971],[1.],"(array([0.17283678]), array([0.19329251]))","(array([0.154971]), array([0.05216496]))","(array([0.15337127]), array([0.05240811]))","(array([0.15136492]), array([0.05267408]))","(array([0.14901819]), array([0.05298077]))","(array([0.14639882]), array([0.05334319]))","(array([0.14356622]), array([0.05377242]))","(array([0.14056604]), array([0.05427502]))","(array([0.13742809]), array([0.05485214]))","(array([0.13416755]), array([0.0554985]))","(array([0.13078878]), array([0.05620207]))"
(0.17055489999317616+0j),[0.25447061],[1.],[0.55724941],[1.],"(array([0.16930248]), array([0.19088147]))","(array([0.15337775]), array([0.0524127]))","(array([0.15137052]), array([0.05267899]))","(array([0.14902297]), array([0.05298595]))","(array([0.14640285]), array([0.05334857]))","(array([0.14356956]), array([0.05377795]))","(array([0.14056873]), array([0.05428064]))","(array([0.13743017]), array([0.05485779]))","(array([0.13416905]), array([0.05550411]))","(array([0.13078974]), array([0.05620759]))","(array([0.12729094]), array([0.05695087]))"
(0.16286401715503482+0j),[0.25790785],[1.],[0.54091015],[1.],"(array([0.1652335]), array([0.18837877]))","(array([0.15137665]), array([0.05268378]))","(array([0.14902822]), array([0.05299105]))","(array([0.14640729]), array([0.05335392]))","(array([0.14357326]), array([0.05378348]))","(array([0.14057174]), array([0.0542863]))","(array([0.13743254]), array([0.05486351]))","(array([0.13417083]), array([0.05550984]))","(array([0.13079095]), array([0.05621326]))","(array([0.12729161]), array([0.05695642]))","(array([0.12367103]), array([0.05771933]))"
(0.15518508771366454+0j),[0.26130223],[1.],[0.52405283],[1.],"(array([0.16069706]), array([0.18579529]))","(array([0.14903407]), array([0.0529961]))","(array([0.14641226]), array([0.05335926]))","(array([0.14357741]), array([0.05378905]))","(array([0.14057515]), array([0.05429203]))","(array([0.13743526]), array([0.05486934]))","(array([0.13417292]), array([0.0555157]))","(array([0.13079244]), array([0.0562191]))","(array([0.12729255]), array([0.05696218]))","(array([0.12367145]), array([0.05772495]))","(array([0.11993108]), array([0.05848737]))"
(0.14757210035693716+0j),[0.26457671],[1.],[0.50673854],[1.],"(array([0.15578013]), array([0.18314775]))","(array([0.14641789]), array([0.0533646]))","(array([0.14358215]), array([0.05379467]))","(array([0.14057907]), array([0.05429786]))","(array([0.13743844]), array([0.05487531]))","(array([0.1341754]), array([0.05552175]))","(array([0.13079429]), array([0.05622516]))","(array([0.12729381]), array([0.0569682]))","(array([0.12367216]), array([0.05773086]))","(array([0.11993127]), array([0.05849312]))","(array([0.11608036]), array([0.05923659]))"
(0.14009062625084562+0j),[0.26766425],[1.],[0.48909164],[1.],"(array([0.15057507]), array([0.18046108]))","(array([0.14358763]), array([0.05380039]))","(array([0.14058365]), array([0.05430384]))","(array([0.13744218]), array([0.05488148]))","(array([0.13417839]), array([0.05552804]))","(array([0.13079659]), array([0.0562315]))","(array([0.12729546]), array([0.05697452]))","(array([0.12367321]), array([0.0577371]))","(array([0.11993177]), array([0.05849924]))","(array([0.11608034]), array([0.05924253]))","(array([0.11213975]), array([0.05995075]))"
(0.13282705726619642+0j),[0.27050517],[1.],[0.47134025],[1.],"(array([0.14517361]), array([0.17777362]))","(array([0.14058905]), array([0.05431002]))","(array([0.13744667]), array([0.05488791]))","(array([0.13418203]), array([0.05553463]))","(array([0.13079945]), array([0.05623818]))","(array([0.12729761]), array([0.05698123]))","(array([0.12367471]), array([0.05774377]))","(array([0.11993266]), array([0.05850581]))","(array([0.11608067]), array([0.05924894]))","(array([0.11213955]), array([0.05995697]))","(array([0.1081489]), array([0.0606156]))"
(0.1258995815759348+0j),[0.27304255],[1.],[0.45387506],[1.],"(array([0.1396677]), array([0.17514567]))","(array([0.1374521]), array([0.05489469]))","(array([0.1341865]), array([0.05554163]))","(array([0.13080304]), array([0.05624532]))","(array([0.1273004]), array([0.05698843]))","(array([0.12367677]), array([0.05775097]))","(array([0.11993404]), array([0.05851294]))","(array([0.11608142]), array([0.05925594]))","(array([0.11213971]), array([0.05996379]))","(array([0.10814852]), array([0.06062219]))","(array([0.10417743]), array([0.06121798]))"
(0.11946544146877326+0j),[0.27521691],[1.],[0.4373101],[1.],"(array([0.13415518]), array([0.17266986]))","(array([0.13419203]), array([0.05554914]))","(array([0.13080758]), array([0.05625304]))","(array([0.12730402]), array([0.05699627]))","(array([0.12367954]), array([0.05775884]))","(array([0.11993604]), array([0.05852077]))","(array([0.11608271]), array([0.05926368]))","(array([0.11214034]), array([0.05997136]))","(array([0.10814853]), array([0.06062955]))","(array([0.10417687]), array([0.06122508]))","(array([0.10033844]), array([0.06174482]))"
(0.11371665164787366+0j),[0.27696176],[1.],[0.42250709],[1.],"(array([0.12874665]), array([0.17047785]))","(array([0.1308133]), array([0.05626147]))","(array([0.12730869]), array([0.05700488]))","(array([0.12368324]), array([0.05776754]))","(array([0.11993885]), array([0.05852947]))","(array([0.1160847]), array([0.05927231]))","(array([0.11214157]), array([0.05997986]))","(array([0.10814905]), array([0.06063786]))","(array([0.10417673]), array([0.06123313]))","(array([0.10033768]), array([0.06175258]))","(array([0.09679814]), array([0.06218197]))"
(0.10885606244705195+0j),[0.27820194],[1.],[0.41050285],[1.],"(array([0.12356726]), array([0.16873502]))","(array([0.12731468]), array([0.05701444]))","(array([0.1236881]), array([0.05777725]))","(array([0.11994267]), array([0.05853923]))","(array([0.11608756]), array([0.05928204]))","(array([0.11214355]), array([0.05998948]))","(array([0.10815022]), array([0.0606473]))","(array([0.10417713]), array([0.06124234]))","(array([0.10033737]), array([0.06176148]))","(array([0.09679715]), array([0.06219054]))","(array([0.09377041]), array([0.06251353]))"
(0.10505548957388293+0j),[0.27885605],[1.],[0.40230535],[1.],"(array([0.11874623]), array([0.16761484]))","(array([0.1236944]), array([0.05778817]))","(array([0.11994776]), array([0.05855027]))","(array([0.11609153]), array([0.05929308]))","(array([0.11214648]), array([0.06000045]))","(array([0.10815219]), array([0.06065811]))","(array([0.10417821]), array([0.06125293]))","(array([0.10033761]), array([0.06177178]))","(array([0.09679661]), array([0.06220048]))","(array([0.09376913]), array([0.06252306]))","(array([0.0914856]), array([0.06272185]))"
(0.10241867071426465+0j),[0.27884302],[1.],[0.39863815],[1.],"(array([0.11439516]), array([0.16725717]))","(array([0.11995439]), array([0.0585628]))","(array([0.11609686]), array([0.05930568]))","(array([0.11215059]), array([0.06001301]))","(array([0.10815516]), array([0.06067054]))","(array([0.10418013]), array([0.06126514]))","(array([0.10033856]), array([0.06178371]))","(array([0.09679664]), array([0.06221205]))","(array([0.0937683]), array([0.06253421]))","(array([0.09148396]), array([0.06273252]))","(array([0.09013873]), array([0.06278859]))"
(0.10097381122794283+0j),[0.2780906],[1.],[0.39978732],[1.],"(array([0.11058772]), array([0.16773182]))","(array([0.11610382]), array([0.05932011]))","(array([0.11215614]), array([0.06002744]))","(array([0.10815937]), array([0.06068487]))","(array([0.1041831]), array([0.06127927]))","(array([0.10034037]), array([0.06179755]))","(array([0.09679738]), array([0.06222553]))","(array([0.09376802]), array([0.06254725]))","(array([0.09148274]), array([0.06274505]))","(array([0.09013663]), array([0.06280056]))","(array([0.08984331]), array([0.06269642]))"
(0.10069268151170947+0j),[0.27654329],[1.],[0.40561247],[1.],"(array([0.10735352]), array([0.16902725]))","(array([0.11216339]), array([0.06004404]))","(array([0.10816507]), array([0.06070141]))","(array([0.10418733]), array([0.06129563]))","(array([0.10034324]), array([0.06181362]))","(array([0.09679897]), array([0.06224122]))","(array([0.09376843]), array([0.06256249]))","(array([0.09148204]), array([0.06275976]))","(array([0.0901349]), array([0.06281466]))","(array([0.08984063]), array([0.06270986]))","(array([0.09061539]), array([0.06243093]))"
(0.10151427738697408+0j),[0.27416835],[1.],[0.41565485],[1.],"(array([0.10468786]), array([0.17106374]))","(array([0.10817252]), array([0.06072048]))","(array([0.10419308]), array([0.06131454]))","(array([0.10034738]), array([0.06183225]))","(array([0.09680161]), array([0.06225947]))","(array([0.09376967]), array([0.06258025]))","(array([0.09148198]), array([0.06277695]))","(array([0.09013363]), array([0.0628312]))","(array([0.08983825]), array([0.06272567]))","(array([0.090612]), array([0.06244597]))","(array([0.09238711]), array([0.06198225]))"
(0.10335850972601106+0j),[0.2709606],[1.],[0.42925657],[1.],"(array([0.10257063]), array([0.17371609]))","(array([0.10420055]), array([0.06133635]))","(array([0.100353]), array([0.06185378]))","(array([0.09680548]), array([0.06228059]))","(array([0.0937719]), array([0.06260086]))","(array([0.09148268]), array([0.06279695]))","(array([0.09013293]), array([0.0628505]))","(array([0.08983626]), array([0.06274418]))","(array([0.09060883]), array([0.06246362]))","(array([0.09238289]), array([0.06199899]))","(array([0.09503259]), array([0.06134634]))"
(0.10612914229877665+0j),[0.26694719],[1.],[0.44565197],[1.],"(array([0.10098856]), array([0.17683401]))","(array([0.10036026]), array([0.06187849]))","(array([0.09681073]), array([0.06230488]))","(array([0.09377526]), array([0.06262461]))","(array([0.09148428]), array([0.06282003]))","(array([0.09013289]), array([0.06287281]))","(array([0.08983473]), array([0.06276564]))","(array([0.09060596]), array([0.06248414]))","(array([0.09237882]), array([0.0620185]))","(array([0.09502745]), array([0.0613648]))","(array([0.0983918]), array([0.06052609]))"
(0.10971149362013921+0j),[0.26219323],[1.],[0.46403096],[1.],"(array([0.09995653]), array([0.18025664]))","(array([0.09681745]), array([0.06233251]))","(array([0.09377984]), array([0.06265166]))","(array([0.09148684]), array([0.06284637]))","(array([0.0901336]), array([0.06289832]))","(array([0.08983374]), array([0.06279021]))","(array([0.09060344]), array([0.06250768]))","(array([0.09237494]), array([0.06204095]))","(array([0.09502239]), array([0.06138609]))","(array([0.09838571]), array([0.06054618]))","(array([0.10228806]), array([0.05953242]))"
(0.11397025123419935+0j),[0.25680708],[1.],[0.48358544],[1.],"(array([0.09953237]), array([0.18382258]))","(array([0.09378565]), array([0.06268205]))","(array([0.09149042]), array([0.06287599]))","(array([0.09013509]), array([0.06292704]))","(array([0.08983333]), array([0.06281792]))","(array([0.09060132]), array([0.06253428]))","(array([0.09237131]), array([0.06206635]))","(array([0.09501745]), array([0.06141023]))","(array([0.09837965]), array([0.06056902]))","(array([0.10228107]), array([0.05955392]))","(array([0.10654026]), array([0.05838538]))"
(0.11875014351246903+0j),[0.25094234],[1.],[0.50354632],[1.],"(array([0.09981553]), array([0.18737748]))","(array([0.09149496]), array([0.06290879]))","(array([0.09013736]), array([0.06295888]))","(array([0.08983352]), array([0.06284866]))","(array([0.09059963]), array([0.06256381]))","(array([0.09236796]), array([0.0620946]))","(array([0.09501267]), array([0.06143713]))","(array([0.09837367]), array([0.06059451]))","(array([0.10227409]), array([0.05957796]))","(array([0.1065325]), array([0.05840795]))","(array([0.11097206]), array([0.05711486]))"
(0.12388001401254484+0j),[0.244792],[1.],[0.5232149],[1.],"(array([0.10092016]), array([0.19078037]))","(array([0.09014032]), array([0.06299356]))","(array([0.08983425]), array([0.06288217]))","(array([0.09059835]), array([0.06259604]))","(array([0.09236491]), array([0.06212544]))","(array([0.0950081]), array([0.06146652]))","(array([0.09836782]), array([0.06062241]))","(array([0.1022672]), array([0.05960434]))","(array([0.10652479]), array([0.05843276]))","(array([0.11096375]), array([0.05713808]))","(array([0.11541937]), array([0.05576006]))"
(0.12918030713168005+0j),[0.23857307],[1.],[0.54199012],[1.],"(array([0.10292865]), array([0.19390909]))","(array([0.08983544]), array([0.06291808]))","(array([0.09059745]), array([0.06263059]))","(array([0.09236216]), array([0.06215853]))","(array([0.09500375]), array([0.06149808]))","(array([0.09836214]), array([0.06065239]))","(array([0.10226045]), array([0.05963271]))","(array([0.10651721]), array([0.05845951]))","(array([0.11095557]), array([0.05716317]))","(array([0.1154108]), array([0.05578349]))","(array([0.11973681]), array([0.05436715]))"
(0.1344744505795865+0j),[0.23250567],[1.],[0.55939298],[1.],"(array([0.10585188]), array([0.19666509]))","(array([0.09059683]), array([0.06266702]))","(array([0.09235965]), array([0.06219344]))","(array([0.09499963]), array([0.06153138]))","(array([0.09835667]), array([0.06068403]))","(array([0.1022539]), array([0.05966268]))","(array([0.10650984]), array([0.0584878]))","(array([0.11094761]), array([0.05718977]))","(array([0.11540247]), array([0.05580836]))","(array([0.1197283]), array([0.05439033]))","(array([0.12380342]), array([0.05298517]))"
(0.13960478387864234+0j),[0.22679351],[1.],[0.57508875],[1.],"(array([0.10961977]), array([0.19897765]))","(array([0.09235733]), array([0.06222967]))","(array([0.09499569]), array([0.06156596]))","(array([0.0983514]), array([0.0607169]))","(array([0.10224758]), array([0.05969381]))","(array([0.10650272]), array([0.05851719]))","(array([0.11093993]), array([0.05721745]))","(array([0.11539445]), array([0.05583432]))","(array([0.11972014]), array([0.05441455]))","(array([0.12379528]), array([0.05300769]))","(array([0.12752788]), array([0.05166158]))"
(0.14445292680659297+0j),[0.22161059],[1.],[0.58890708],[1.],"(array([0.11410032]), array([0.20080805]))","(array([0.09499191]), array([0.06160132]))","(array([0.09834633]), array([0.06075052]))","(array([0.10224149]), array([0.05972566]))","(array([0.10649589]), array([0.05854727]))","(array([0.11093259]), array([0.05724577]))","(array([0.11538682]), array([0.05586093]))","(array([0.11971241]), array([0.05443944]))","(array([0.1237876]), array([0.05303087]))","(array([0.12752039]), array([0.0516831]))","(array([0.13085341]), array([0.05043865]))"
(0.14896270150083918+0j),[0.21709421],[1.],[0.60085936],[1.],"(array([0.11912947]), array([0.20215349]))","(array([0.09834142]), array([0.06078442]))","(array([0.10223564]), array([0.05975777]))","(array([0.10648936]), array([0.05857759]))","(array([0.11092563]), array([0.05727432]))","(array([0.11537963]), array([0.05588776]))","(array([0.11970516]), array([0.05446459]))","(array([0.12378045]), array([0.05305435]))","(array([0.12751347]), array([0.05170493]))","(array([0.1308468]), array([0.05045889]))","(array([0.13376202]), array([0.0493512]))"
(0.15316087643494505+0j),[0.21334185],[1.],[0.6111478],[1.],"(array([0.12453733]), array([0.20305032]))","(array([0.10223003]), array([0.0597897]))","(array([0.10648315]), array([0.05860774]))","(array([0.11091907]), array([0.05730271]))","(array([0.11537292]), array([0.05591441]))","(array([0.11969846]), array([0.05448958]))","(array([0.12377388]), array([0.05307774]))","(array([0.12750715]), array([0.05172673]))","(array([0.13084082]), array([0.05047912]))","(array([0.13375644]), array([0.04936995]))","(array([0.13627757]), array([0.04842552]))"
(0.15716703377843258+0j),[0.2104097],[1.],[0.62015297],[1.],"(array([0.13016584]), array([0.20357453]))","(array([0.10647727]), array([0.05863729]))","(array([0.11091291]), array([0.05733053]))","(array([0.11536669]), array([0.05594053]))","(array([0.11969232]), array([0.05451406]))","(array([0.12376794]), array([0.05310065]))","(array([0.12750149]), array([0.05174814]))","(array([0.13083551]), array([0.05049906]))","(array([0.13375155]), array([0.04938843]))","(array([0.13627312]), array([0.04844264]))","(array([0.13846537]), array([0.04767885]))"
(0.16118185936009313+0j),[0.20831215],[1.],[0.62838158],[1.],"(array([0.1358774]), array([0.20383641]))","(array([0.11090718]), array([0.0573574]))","(array([0.11536096]), array([0.05596578]))","(array([0.11968675]), array([0.05453771]))","(array([0.12376264]), array([0.05312277]))","(array([0.12749652]), array([0.05176882]))","(array([0.1308309]), array([0.05051836]))","(array([0.13374734]), array([0.0494064]))","(array([0.13626937]), array([0.0484593]))","(array([0.13846207]), array([0.04769427]))","(array([0.14042481]), array([0.04711907]))"
(0.1654479633521827+0j),[0.20702225],[1.],[0.63636582],[1.],"(array([0.14155545]), array([0.20396629]))","(array([0.11535574]), array([0.05598983]))","(array([0.11968174]), array([0.05456025]))","(array([0.12375796]), array([0.05314385]))","(array([0.12749222]), array([0.05178851]))","(array([0.13082701]), array([0.05053675]))","(array([0.13374386]), array([0.04942356]))","(array([0.1362663]), array([0.04847528]))","(array([0.13845947]), array([0.04770909]))","(array([0.14042266]), array([0.0471328]))","(array([0.1422722]), array([0.0467447]))"
(0.17018380108166303+0j),[0.20647403],[1.],[0.64452125],[1.],"(array([0.14709798]), array([0.20409052]))","(array([0.11967729]), array([0.05458143]))","(array([0.12375388]), array([0.05316367]))","(array([0.12748857]), array([0.05180702]))","(array([0.13082381]), array([0.05055404]))","(array([0.13374108]), array([0.0494397]))","(array([0.13626393]), array([0.04849034]))","(array([0.1384575]), array([0.04772312]))","(array([0.14042114]), array([0.04714583]))","(array([0.14227112]), array([0.04675681]))","(array([0.14411345]), array([0.04654519]))"
(0.17549372615861294+0j),[0.20656854],[1.],[0.65298044],[1.],"(array([0.15240588]), array([0.20429935]))","(array([0.12375037]), array([0.05318206]))","(array([0.12748551]), array([0.0518242]))","(array([0.13082123]), array([0.05057008]))","(array([0.13373896]), array([0.04945467]))","(array([0.13626223]), array([0.04850432]))","(array([0.13845619]), array([0.04773619]))","(array([0.14042019]), array([0.04715802]))","(array([0.14227059]), array([0.04676815]))","(array([0.14411334]), array([0.04655576]))","(array([0.14600937]), array([0.04650176]))"
(0.18127659643960786+0j),[0.20718557],[1.],[0.66146308],[1.],"(array([0.15737034]), array([0.20461492]))","(array([0.127483]), array([0.05183996]))","(array([0.1308192]), array([0.05058479]))","(array([0.13373741]), array([0.04946841]))","(array([0.13626113]), array([0.04851715]))","(array([0.13845547]), array([0.04774819]))","(array([0.14041983]), array([0.04716925]))","(array([0.14227056]), array([0.04677866]))","(array([0.14411369]), array([0.04656557]))","(array([0.1460101]), array([0.04651094]))","(array([0.14794222]), array([0.04658948]))"
(0.18719973663261155+0j),[0.20820052],[1.],[0.66931022],[1.],"(array([0.16186999]), array([0.20497901]))","(array([0.13081767]), array([0.05059812]))","(array([0.13373635]), array([0.04948086]))","(array([0.13626052]), array([0.04852879]))","(array([0.13845527]), array([0.04775907]))","(array([0.14041997]), array([0.04717946]))","(array([0.14227101]), array([0.04678824]))","(array([0.14411444]), array([0.04657456]))","(array([0.14601119]), array([0.04651938]))","(array([0.14794365]), array([0.04659742]))","(array([0.14980512]), array([0.04678043]))"
(0.1927917121180994+0j),[0.20950196],[1.],[0.67573395],[1.],"(array([0.16578859]), array([0.20527941]))","(array([0.13373573]), array([0.04949203]))","(array([0.13626032]), array([0.04853923]))","(array([0.13845547]), array([0.04776885]))","(array([0.14042053]), array([0.04718863]))","(array([0.14227188]), array([0.04679686]))","(array([0.14411558]), array([0.0465827]))","(array([0.14601258]), array([0.04652706]))","(array([0.14794534]), array([0.04660466]))","(array([0.14980709]), array([0.0467873]))","(array([0.15143428]), array([0.04704779]))"
(0.1975973023681343+0j),[0.21100421],[1.],[0.6801121],[1.],"(array([0.16904721]), array([0.20540264]))","(array([0.13626048]), array([0.04854853]))","(array([0.138456]), array([0.04777756]))","(array([0.14042141]), array([0.0471968]))","(array([0.14227307]), array([0.04680456]))","(array([0.14411703]), array([0.04658997]))","(array([0.14601426]), array([0.04653395]))","(array([0.14794722]), array([0.04661121]))","(array([0.14980921]), array([0.04679352]))","(array([0.15143662]), array([0.04705373]))","(array([0.15267055]), array([0.04736923]))"
(0.20128909948834936+0j),[0.21265284],[1.],[0.68213148],[1.],"(array([0.17163011]), array([0.20527648]))","(array([0.13845681]), array([0.04778525]))","(array([0.14042254]), array([0.04720403]))","(array([0.14227449]), array([0.04681138]))","(array([0.14411871]), array([0.04659642]))","(array([0.14601616]), array([0.04654009]))","(array([0.1479493]), array([0.04661706]))","(array([0.14981145]), array([0.04679912]))","(array([0.15143903]), array([0.04705909]))","(array([0.15267312]), array([0.04737439]))","(array([0.15340864]), array([0.047729]))"
(0.2037009513102842+0j),[0.21442493],[1.],[0.68176931],[1.],"(array([0.17359079]), array([0.20488157]))","(array([0.14042386]), array([0.04721039]))","(array([0.14227608]), array([0.04681738]))","(array([0.14412055]), array([0.04660212]))","(array([0.14601822]), array([0.04654552]))","(array([0.14795154]), array([0.04662226]))","(array([0.14981382]), array([0.04680412]))","(array([0.1514415]), array([0.04706391]))","(array([0.1526757]), array([0.04737904]))","(array([0.1534113]), array([0.04773351]))","(array([0.15361081]), array([0.04811847]))"
(0.2048109712420874+0j),[0.21632636],[1.],[0.67920602],[1.],"(array([0.17503886]), array([0.20424058]))","(array([0.14227782]), array([0.04682266]))","(array([0.1441225]), array([0.04660713]))","(array([0.14602037]), array([0.04655031]))","(array([0.14795387]), array([0.04662687]))","(array([0.14981627]), array([0.04680857]))","(array([0.15144404]), array([0.04706823]))","(array([0.15267829]), array([0.04738324]))","(array([0.15341394]), array([0.04773759]))","(array([0.15361347]), array([0.04812245]))","(array([0.15329484]), array([0.04853583]))"
(0.20470707933408608+0j),[0.21838693],[1.],[0.67473949],[1.],"(array([0.17611387]), array([0.20340083]))","(array([0.14412455]), array([0.04661156]))","(array([0.1460226]), array([0.04655454]))","(array([0.14795625]), array([0.04663096]))","(array([0.14981878]), array([0.04681254]))","(array([0.15144663]), array([0.0470721]))","(array([0.15268091]), array([0.04738702]))","(array([0.15341657]), array([0.04774129]))","(array([0.1536161]), array([0.04812608]))","(array([0.15329745]), array([0.04853939]))","(array([0.15251455]), array([0.04898518]))"
(0.20355220801305351+0j),[0.22065254],[1.],[0.66872442],[1.],"(array([0.17695098]), array([0.20241968]))","(array([0.1460249]), array([0.04655832]))","(array([0.14795869]), array([0.04663461]))","(array([0.14982133]), array([0.0468161]))","(array([0.15144926]), array([0.04707559]))","(array([0.15268357]), array([0.04739046]))","(array([0.15341921]), array([0.04774468]))","(array([0.15361871]), array([0.04812942]))","(array([0.15330001]), array([0.04854268]))","(array([0.15251705]), array([0.04898842]))","(array([0.15134333]), array([0.04947512]))"
(0.20155365998808467+0j),[0.22317319],[1.],[0.66153428],[1.],"(array([0.17764264]), array([0.2013548]))","(array([0.1479612]), array([0.0466379]))","(array([0.14982394]), array([0.04681931]))","(array([0.15145193]), array([0.04707876]))","(array([0.15268627]), array([0.0473936]))","(array([0.1534219]), array([0.0477478]))","(array([0.15362134]), array([0.04813251]))","(array([0.15330258]), array([0.04854575]))","(array([0.15251954]), array([0.04899146]))","(array([0.15134572]), array([0.04947813]))","(array([0.14986321]), array([0.05001653]))"
(0.19893479637877293+0j),[0.22598648],[1.],[0.65353437],[1.],"(array([0.17820428]), array([0.20025828]))","(array([0.14982662]), array([0.04682226]))","(array([0.15145467]), array([0.04708167]))","(array([0.15268903]), array([0.0473965]))","(array([0.15342465]), array([0.0477507]))","(array([0.15362403]), array([0.04813542]))","(array([0.15330518]), array([0.04854865]))","(array([0.15252204]), array([0.04899435]))","(array([0.15134812]), array([0.04948101]))","(array([0.14986549]), array([0.05001939]))","(array([0.14815757]), array([0.05061935]))"
(0.19590550174245158+0j),[0.22910032],[1.],[0.64505232],[1.],"(array([0.17856379]), array([0.19917252]))","(array([0.15145751]), array([0.04708438]))","(array([0.15269188]), array([0.04739921]))","(array([0.15342748]), array([0.04775343]))","(array([0.15362681]), array([0.04813817]))","(array([0.15330786]), array([0.04855142]))","(array([0.1525246]), array([0.04899713]))","(array([0.15135056]), array([0.04948379]))","(array([0.1498678]), array([0.05002217]))","(array([0.14815974]), array([0.05062212]))","(array([0.14630477]), array([0.05128876]))"
(0.19263020168952988+0j),[0.23248289],[1.],[0.63633676],[1.],"(array([0.17859246]), array([0.19812566]))","(array([0.15269485]), array([0.04740176]))","(array([0.15343041]), array([0.04775601]))","(array([0.15362968]), array([0.04814078]))","(array([0.15331064]), array([0.04855407]))","(array([0.15252726]), array([0.04899981]))","(array([0.15135307]), array([0.0494865]))","(array([0.14987017]), array([0.05002488]))","(array([0.14816196]), array([0.05062483]))","(array([0.14630683]), array([0.05129147]))","(array([0.1443701]), array([0.05202208]))"
(0.18919806894821997+0j),[0.2360662],[1.],[0.62750782],[1.],"(array([0.178162]), array([0.19712584]))","(array([0.15343348]), array([0.04775845]))","(array([0.15363267]), array([0.04814327]))","(array([0.15331354]), array([0.04855662]))","(array([0.15253004]), array([0.04900241]))","(array([0.1513557]), array([0.04948913]))","(array([0.14987263]), array([0.05002755]))","(array([0.14816425]), array([0.05062752]))","(array([0.14630896]), array([0.05129416]))","(array([0.14437205]), array([0.05202477]))","(array([0.14239548]), array([0.05280804]))"
(0.18560587993135347+0j),[0.23976139],[1.],[0.61851926],[1.],"(array([0.1771869]), array([0.19615571]))","(array([0.15363582]), array([0.04814565]))","(array([0.15331656]), array([0.04855905]))","(array([0.15253293]), array([0.04900491]))","(array([0.15135844]), array([0.04949169]))","(array([0.1498752]), array([0.05003016]))","(array([0.14816665]), array([0.05063016]))","(array([0.14631117]), array([0.05129683]))","(array([0.14437408]), array([0.05202744]))","(array([0.14239731]), array([0.05281072]))","(array([0.14038954]), array([0.05362892]))"
(0.18176575935885378+0j),[0.24347777],[1.],[0.60916085],[1.],"(array([0.17563282]), array([0.19517151]))","(array([0.15331974]), array([0.04856137]))","(array([0.15253596]), array([0.04900731]))","(array([0.15136131]), array([0.04949417]))","(array([0.1498779]), array([0.0500327]))","(array([0.14816916]), array([0.05063275]))","(array([0.14631348]), array([0.05129946]))","(array([0.14437619]), array([0.0520301]))","(array([0.14239923]), array([0.05281338]))","(array([0.14039125]), array([0.05363158]))","(array([0.13832364]), array([0.05446444]))"
(0.17754594712094926+0j),[0.2471382],[1.],[0.59912431],[1.],"(array([0.1735049]), array([0.19411134]))","(array([0.15253914]), array([0.04900959]))","(array([0.15136432]), array([0.04949654]))","(array([0.14988072]), array([0.05003515]))","(array([0.14817178]), array([0.05063528]))","(array([0.1463159]), array([0.05130204]))","(array([0.14437841]), array([0.05203272]))","(array([0.14240123]), array([0.05281603]))","(array([0.14039305]), array([0.05363424]))","(array([0.13832523]), array([0.05446709]))","(array([0.13613954]), array([0.05529567]))"
(0.1728364376592143+0j),[0.25068654],[1.],[0.58812561],[1.],"(array([0.17083667]), array([0.19291397]))","(array([0.15136749]), array([0.04949879]))","(array([0.14988369]), array([0.0500375]))","(array([0.14817455]), array([0.05063772]))","(array([0.14631846]), array([0.05130455]))","(array([0.14438074]), array([0.05203529]))","(array([0.14240335]), array([0.05281864]))","(array([0.14039495]), array([0.05363688]))","(array([0.13832691]), array([0.05446973]))","(array([0.13614101]), array([0.05529831]))","(array([0.13377057]), array([0.05610767]))"
(0.16760633022856136+0j),[0.25408725],[1.],[0.5760242],[1.],"(array([0.16768653]), array([0.19154128]))","(array([0.14988685]), array([0.05003975]))","(array([0.14817748]), array([0.05064007]))","(array([0.14632116]), array([0.051307]))","(array([0.14438322]), array([0.05203781]))","(array([0.1424056]), array([0.05282122]))","(array([0.14039697]), array([0.0536395]))","(array([0.13832871]), array([0.05447237]))","(array([0.13614258]), array([0.05530095]))","(array([0.13377193]), array([0.0561103]))","(array([0.13116885]), array([0.05689018]))"
(0.1619217875456963+0j),[0.25731994],[1.],[0.56287618],[1.],"(array([0.16413708]), array([0.18999255]))","(array([0.14818063]), array([0.05064234]))","(array([0.14632407]), array([0.05130937]))","(array([0.14438589]), array([0.05204028]))","(array([0.14240803]), array([0.05282377]))","(array([0.14039915]), array([0.0536421]))","(array([0.13833065]), array([0.05447502]))","(array([0.13614428]), array([0.05530362]))","(array([0.1337734]), array([0.05611297]))","(array([0.1311701]), array([0.05689284]))","(array([0.12832465]), array([0.05763701]))"
(0.15592998930127616+0j),[0.26037274],[1.],[0.54892644],[1.],"(array([0.1602917]), array([0.18830504]))","(array([0.14632726]), array([0.0513117]))","(array([0.14438881]), array([0.05204272]))","(array([0.14241068]), array([0.05282631]))","(array([0.14040155]), array([0.05364472]))","(array([0.13833279]), array([0.05447769]))","(array([0.13614617]), array([0.05530633]))","(array([0.13377504]), array([0.05611569]))","(array([0.1311715]), array([0.05689556]))","(array([0.12832582]), array([0.05763971]))","(array([0.12527168]), array([0.05834457]))"
(0.14983419423828107+0j),[0.26323638],[1.],[0.53458564],[1.],"(array([0.15626769]), array([0.18654655]))","(array([0.14439205]), array([0.05204515]))","(array([0.14241364]), array([0.05282886]))","(array([0.14040422]), array([0.05364737]))","(array([0.13833518]), array([0.05448042]))","(array([0.13614829]), array([0.05530912]))","(array([0.1337769]), array([0.05611851]))","(array([0.1311731]), array([0.05689839]))","(array([0.12832717]), array([0.05764254]))","(array([0.12527279]), array([0.05834737]))","(array([0.12208361]), array([0.05901052]))"
(0.14387286560124474+0j),[0.26589887],[1.],[0.52041462],[1.],"(array([0.1521871]), array([0.18480796]))","(array([0.14241698]), array([0.05283144]))","(array([0.14040725]), array([0.05365008]))","(array([0.1383379]), array([0.05448323]))","(array([0.13615071]), array([0.05531201]))","(array([0.13377903]), array([0.05612146]))","(array([0.13117494]), array([0.05690137]))","(array([0.12832875]), array([0.05764553]))","(array([0.1252741]), array([0.05835034]))","(array([0.12208467]), array([0.05901346]))","(array([0.11886984]), array([0.0596325]))"
(0.13830018305126024+0j),[0.26833981],[1.],[0.50710257],[1.],"(array([0.14816548]), array([0.1831982]))","(array([0.14041073]), array([0.05365287]))","(array([0.13834103]), array([0.05448615]))","(array([0.1361535]), array([0.05531503]))","(array([0.1337815]), array([0.05612456]))","(array([0.1311771]), array([0.05690453]))","(array([0.1283306]), array([0.05764871]))","(array([0.12527566]), array([0.05835353]))","(array([0.12208595]), array([0.05901664]))","(array([0.11887085]), array([0.05963564]))","(array([0.11577124]), array([0.06020691]))"
(0.13336093833748167+0j),[0.27052448],[1.],[0.49540992],[1.],"(array([0.1442986]), array([0.18183803]))","(array([0.13834467]), array([0.0544892]))","(array([0.13615676]), array([0.05531821]))","(array([0.13378438]), array([0.05612785]))","(array([0.13117964]), array([0.05690789]))","(array([0.1283328]), array([0.05765213]))","(array([0.12527753]), array([0.05835697]))","(array([0.12208751]), array([0.05902008]))","(array([0.11887211]), array([0.05963905]))","(array([0.11577221]), array([0.06021028]))","(array([0.11295128]), array([0.06072751]))"
(0.12925941534782406+0j),[0.27239913],[1.],[0.4860629],[1.],"(array([0.14065035]), array([0.1808474]))","(array([0.13616057]), array([0.05532157]))","(array([0.13378778]), array([0.05613135]))","(array([0.13118263]), array([0.05691149]))","(array([0.12833541]), array([0.0576558]))","(array([0.12527978]), array([0.0583607]))","(array([0.12208941]), array([0.05902382]))","(array([0.11887367]), array([0.05964279]))","(array([0.11577345]), array([0.06021398]))","(array([0.1129522]), array([0.06073116]))","(array([0.1105776]), array([0.06118429]))"
(0.126132848967351+0j),[0.27389015],[1.],[0.47962898],[1.],"(array([0.13724797]), array([0.18032653]))","(array([0.13379178]), array([0.05613507]))","(array([0.13118618]), array([0.05691536]))","(array([0.12833852]), array([0.05765977]))","(array([0.12528248]), array([0.05836474]))","(array([0.12209171]), array([0.05902791]))","(array([0.1188756]), array([0.05964689]))","(array([0.11577501]), array([0.06021806]))","(array([0.11295342]), array([0.06073519]))","(array([0.11057848]), array([0.06118825]))","(array([0.10879608]), array([0.06156277]))"
(0.124042782808693+0j),[0.27490948],[1.],[0.47643109],[1.],"(array([0.13409089]), array([0.18033819]))","(array([0.13119039]), array([0.05691951]))","(array([0.12834224]), array([0.05766407]))","(array([0.12528572]), array([0.05836914]))","(array([0.12209451]), array([0.05903237]))","(array([0.11887796]), array([0.05965139]))","(array([0.11577696]), array([0.06022257]))","(array([0.11295497]), array([0.06073967]))","(array([0.11057965]), array([0.06119267]))","(array([0.1087969]), array([0.06156709]))","(array([0.10770702]), array([0.06184454]))"
(0.12298700381246484+0j),[0.27536568],[1.],[0.47653635],[1.],"(array([0.13117077]), array([0.1808999]))","(array([0.1283467]), array([0.05766874]))","(array([0.12528964]), array([0.05837395]))","(array([0.1220979]), array([0.05903728]))","(array([0.11888086]), array([0.05965636]))","(array([0.11577939]), array([0.06022756]))","(array([0.11295695]), array([0.06074466]))","(array([0.1105812]), array([0.06119761]))","(array([0.10879803]), array([0.06157195]))","(array([0.10770776]), array([0.06184929]))","(array([0.10735419]), array([0.06200921]))"
(0.12292291334817969+0j),[0.27517755],[1.],[0.47980708],[1.],"(array([0.12849076]), array([0.1819886]))","(array([0.12529438]), array([0.05837922]))","(array([0.12210205]), array([0.05904269]))","(array([0.11888443]), array([0.05966187]))","(array([0.11578241]), array([0.06023312]))","(array([0.11295945]), array([0.06075023]))","(array([0.11058321]), array([0.06120316]))","(array([0.10879956]), array([0.06157744]))","(array([0.10770884]), array([0.06185467]))","(array([0.10735484]), array([0.06201446]))","(array([0.10772935]), array([0.0620372]))"
(0.12379164971625604+0j),[0.27428597],[1.],[0.48597823],[1.],"(array([0.12607545]), array([0.18355332]))","(array([0.12210711]), array([0.05904867]))","(array([0.11888883]), array([0.05966799]))","(array([0.11578618]), array([0.06023933]))","(array([0.1129626]), array([0.06075648]))","(array([0.11058578]), array([0.06120941]))","(array([0.10880159]), array([0.06158364]))","(array([0.10771035]), array([0.06186078]))","(array([0.10735585]), array([0.06202044]))","(array([0.10772989]), array([0.06204301]))","(array([0.10878685]), array([0.06191263]))"
(0.12553747992941236+0j),[0.27266199],[1.],[0.49473136],[1.],"(array([0.12397409]), array([0.18552976]))","(array([0.11889423]), array([0.05967481]))","(array([0.11579085]), array([0.06024628]))","(array([0.11296657]), array([0.06076351]))","(array([0.11058907]), array([0.06121646]))","(array([0.10880423]), array([0.06159067]))","(array([0.10771238]), array([0.06186774]))","(array([0.10735731]), array([0.06202727]))","(array([0.1077308]), array([0.06204968]))","(array([0.10878725]), array([0.0619191]))","(array([0.11046079]), array([0.06162563]))"
(0.12811992008574513+0j),[0.27031157],[1.],[0.50574546],[1.],"(array([0.1222621]), array([0.18785201]))","(array([0.1157966]), array([0.06025406]))","(array([0.11297151]), array([0.06077141]))","(array([0.11059322]), array([0.06122442]))","(array([0.10880763]), array([0.06159862]))","(array([0.10771507]), array([0.06187564]))","(array([0.10735932]), array([0.06203507]))","(array([0.10773219]), array([0.06205732]))","(array([0.10878804]), array([0.06192653]))","(array([0.11046102]), array([0.06163283]))","(array([0.11267908]), array([0.06117379]))"
(0.13151347572305944+0j),[0.26727781],[1.],[0.51870552],[1.],"(array([0.12103952]), array([0.19045734]))","(array([0.11297759]), array([0.06078024]))","(array([0.1105984]), array([0.06123336]))","(array([0.10881193]), array([0.0616076]))","(array([0.10771854]), array([0.06188459]))","(array([0.10736201]), array([0.06204392]))","(array([0.10773414]), array([0.06206603]))","(array([0.10878931]), array([0.06193504]))","(array([0.11046164]), array([0.06164109]))","(array([0.1126791]), array([0.06118177]))","(array([0.11537014]), array([0.06056281]))"
(0.13568827072231007+0j),[0.26364066],[1.],[0.53325755],[1.],"(array([0.12041989]), array([0.19328137]))","(array([0.11060477]), array([0.06124336]))","(array([0.1088173]), array([0.06161768]))","(array([0.10772294]), array([0.06189467]))","(array([0.1073655]), array([0.06205394]))","(array([0.10773677]), array([0.0620759]))","(array([0.10879115]), array([0.06194472]))","(array([0.11046274]), array([0.06165053]))","(array([0.11267952]), array([0.06119091]))","(array([0.11536992]), array([0.06057162]))","(array([0.11845865]), array([0.05980674]))"
(0.14057710058013229+0j),[0.25951342],[1.],[0.54894216],[1.],"(array([0.12050596]), array([0.19624563]))","(array([0.10882389]), array([0.06162894]))","(array([0.10772843]), array([0.06190597]))","(array([0.10736994]), array([0.06206519]))","(array([0.10774022]), array([0.06208704]))","(array([0.10879367]), array([0.06195566]))","(array([0.11046442]), array([0.06166122]))","(array([0.11268041]), array([0.0612013]))","(array([0.11537009]), array([0.06058167]))","(array([0.11845815]), array([0.0598164]))","(array([0.12185293]), array([0.05892746]))"
(0.14605428989802513+0j),[0.25503493],[1.],[0.56518269],[1.],"(array([0.12136039]), array([0.19924864]))","(array([0.10773515]), array([0.06191855]))","(array([0.10737547]), array([0.06207777]))","(array([0.10774462]), array([0.06209952]))","(array([0.10879701]), array([0.06196797]))","(array([0.11046677]), array([0.06167329]))","(array([0.11268187]), array([0.06121306]))","(array([0.11537073]), array([0.06059306]))","(array([0.11845804]), array([0.05982739]))","(array([0.12185214]), array([0.058938]))","(array([0.12543609]), array([0.05795344]))"
(0.1519451433145964+0j),[0.25035803],[1.],[0.58135811],[1.],"(array([0.12298734]), array([0.20217136]))","(array([0.10738224]), array([0.06209177]))","(array([0.10775011]), array([0.06211346]))","(array([0.10880129]), array([0.06198175]))","(array([0.11046993]), array([0.06168682]))","(array([0.112684]), array([0.06122629]))","(array([0.11537193]), array([0.06060592]))","(array([0.11845841]), array([0.05983983]))","(array([0.12185174]), array([0.05894997]))","(array([0.12543501]), array([0.05796488]))","(array([0.12907297]), array([0.05691752]))"
(0.15805703179357905+0j),[0.24563659],[1.],[0.59690789],[1.],"(array([0.12533395]), array([0.20489519]))","(array([0.10775686]), array([0.06212897]))","(array([0.10880668]), array([0.06199713]))","(array([0.11047404]), array([0.06170197]))","(array([0.11268694]), array([0.06124112]))","(array([0.1153738]), array([0.06062038]))","(array([0.11845932]), array([0.05985385]))","(array([0.12185181]), array([0.0589635]))","(array([0.12543431]), array([0.05797787]))","(array([0.12907161]), array([0.05692991]))","(array([0.13263028]), array([0.05585422]))"
(0.16421420704340997+0j),[0.24101437],[1.],[0.61141188],[1.],"(array([0.12830762]), array([0.2073215]))","(array([0.10881333]), array([0.06201426]))","(array([0.11047926]), array([0.06171888]))","(array([0.11269082]), array([0.06125772]))","(array([0.11537647]), array([0.06063659]))","(array([0.1184609]), array([0.05986961]))","(array([0.12185243]), array([0.05897875]))","(array([0.12543409]), array([0.05799255]))","(array([0.12907063]), array([0.05694397]))","(array([0.13262866]), array([0.05586761]))","(array([0.13599743]), array([0.05479705]))"
(0.17028680878037752+0j),[0.23661736],[1.],[0.62462889],[1.],"(array([0.13179919]), array([0.20938509]))","(array([0.11048576]), array([0.06173774]))","(array([0.11269583]), array([0.06127627]))","(array([0.1153801]), array([0.06065474]))","(array([0.1184633]), array([0.05988728]))","(array([0.12185373]), array([0.05899589]))","(array([0.12543443]), array([0.0580091]))","(array([0.12907015]), array([0.05695987]))","(array([0.13262744]), array([0.05588281]))","(array([0.1359956]), array([0.05481149]))","(array([0.13909997]), array([0.05377635]))"
(0.1762104702817445+0j),[0.23254964],[1.],[0.63650016],[1.],"(array([0.13570351]), array([0.21105997]))","(array([0.11270213]), array([0.06129696]))","(array([0.11538487]), array([0.06067502]))","(array([0.11846667]), array([0.05990707]))","(array([0.12185585]), array([0.05901511]))","(array([0.12543547]), array([0.0580277]))","(array([0.12907025]), array([0.05697779]))","(array([0.13262675]), array([0.0559]))","(array([0.13599421]), array([0.05482788]))","(array([0.139098]), array([0.05379191]))","(array([0.14190432]), array([0.05281806]))"
(0.18199308498838682+0j),[0.22889194],[1.],[0.64712376],[1.],"(array([0.13993291]), array([0.21235821]))","(array([0.11539094]), array([0.06069762]))","(array([0.11847119]), array([0.05992915]))","(array([0.12185897]), array([0.05903659]))","(array([0.12543736]), array([0.05804852]))","(array([0.12907109]), array([0.05699789]))","(array([0.13262669]), array([0.05591934]))","(array([0.13599339]), array([0.05484641]))","(array([0.13909652]), array([0.05380955]))","(array([0.1419023]), array([0.05283479]))","(array([0.14441527]), array([0.05194303]))"
(0.18770454458196828+0j),[0.22570131],[1.],[0.65670229],[1.],"(array([0.14441956]), array([0.21332295]))","(array([0.11847703]), array([0.05995369]))","(array([0.12186327]), array([0.05906051]))","(array([0.12544029]), array([0.05807173]))","(array([0.12907283]), array([0.05702034]))","(array([0.13262741]), array([0.05594097]))","(array([0.13599325]), array([0.05486719]))","(array([0.13909567]), array([0.05382943]))","(array([0.14190083]), array([0.0528537]))","(array([0.14441331]), array([0.05196095]))","(array([0.14666712]), array([0.05116686]))"
(0.19344720653213765+0j),[0.22301074],[1.],[0.66546751],[1.],"(array([0.14910419]), array([0.21401601]))","(array([0.12186893]), array([0.05908696]))","(array([0.12544444]), array([0.05809745]))","(array([0.12907565]), array([0.05704525]))","(array([0.1326291]), array([0.05596501]))","(array([0.13599398]), array([0.05489033]))","(array([0.13909559]), array([0.05385164]))","(array([0.14190009]), array([0.05287492]))","(array([0.14441199]), array([0.05198113]))","(array([0.14666535]), array([0.05118597]))","(array([0.14870926]), array([0.05049975]))"
(0.19930923245220322+0j),[0.2208277],[1.],[0.67359214],[1.],"(array([0.15391439]), array([0.21450134]))","(array([0.12544998]), array([0.05812574]))","(array([0.12907976]), array([0.0570727]))","(array([0.13263194]), array([0.05599154]))","(array([0.13599576]), array([0.0549159]))","(array([0.13909647]), array([0.05387622]))","(array([0.14190022]), array([0.05289849]))","(array([0.1444115]), array([0.05200365]))","(array([0.14666433]), array([0.05120737]))","(array([0.14870782]), array([0.05052002]))","(array([0.15058777]), array([0.04994634]))"
(0.20530847731808133+0j),[0.21913337],[1.],[0.68110641],[1.],"(array([0.15874634]), array([0.21482695]))","(array([0.12908529]), array([0.05710265]))","(array([0.13263614]), array([0.05602055]))","(array([0.13599878]), array([0.0549439]))","(array([0.1390985]), array([0.05390317]))","(array([0.14190141]), array([0.05292438]))","(array([0.144412]), array([0.05202846]))","(array([0.14666425]), array([0.05123108]))","(array([0.14870726]), array([0.05054255]))","(array([0.15058683]), array([0.04996769]))","(array([0.15232621]), array([0.04950545]))"
(0.21134273620083005+0j),[0.21788578],[1.],[0.68784704],[1.],"(array([0.16346399]), array([0.21500984]))","(array([0.13264181]), array([0.0560519]))","(array([0.13600321]), array([0.05497421]))","(array([0.13910185]), array([0.05393238]))","(array([0.14190386]), array([0.05295248]))","(array([0.14441367]), array([0.05205545]))","(array([0.14666528]), array([0.05125694]))","(array([0.14870777]), array([0.05056727]))","(array([0.1505869]), array([0.0499912]))","(array([0.15232594]), array([0.04952774]))","(array([0.15391056]), array([0.04917036]))"
(0.21716952380519292+0j),[0.21702881],[1.],[0.69346901],[1.],"(array([0.16791566]), array([0.21503004]))","(array([0.13600916]), array([0.05500657]))","(array([0.13910667]), array([0.05396364]))","(array([0.1419077]), array([0.05298259]))","(array([0.14441669]), array([0.05208439]))","(array([0.14666759]), array([0.05128474]))","(array([0.14870948]), array([0.05059392]))","(array([0.15058813]), array([0.05001668]))","(array([0.15232677]), array([0.049552]))","(array([0.15391108]), array([0.04919339]))","(array([0.15528464]), array([0.04893015]))"
(0.22243134107106335+0j),[0.21650546],[1.],[0.6975255],[1.],"(array([0.1719579]), array([0.21483788]))","(array([0.13911303]), array([0.05399658]))","(array([0.14191304]), array([0.05301438]))","(array([0.14442115]), array([0.052115]))","(array([0.14667131]), array([0.05131416]))","(array([0.14871256]), array([0.05062218]))","(array([0.15059066]), array([0.0500438]))","(array([0.15232885]), array([0.04957795]))","(array([0.15391279]), array([0.04921813]))","(array([0.15528606]), array([0.04895368]))","(array([0.15636032]), array([0.04877217]))"
(0.22671872056599723+0j),[0.21627132],[1.],[0.69957913],[1.],"(array([0.17547685]), array([0.21437202]))","(array([0.14191992]), array([0.05304743]))","(array([0.14442713]), array([0.05214689]))","(array([0.1466765]), array([0.05134486]))","(array([0.14871707]), array([0.05065171]))","(array([0.15059459]), array([0.05007218]))","(array([0.15233228]), array([0.04960522]))","(array([0.1539158]), array([0.04924426]))","(array([0.15528872]), array([0.04897862]))","(array([0.15636267]), array([0.04879593]))","(array([0.1570388]), array([0.048685]))"
(0.22964783217877266+0j),[0.21630485],[1.],[0.69929666],[1.],"(array([0.17840232]), array([0.21357954]))","(array([0.14443462]), array([0.05217964]))","(array([0.14668319]), array([0.05137646]))","(array([0.14872306]), array([0.05068214]))","(array([0.15059997]), array([0.05010147]))","(array([0.15233712]), array([0.0496334]))","(array([0.15392016]), array([0.04927136]))","(array([0.15529267]), array([0.04900464]))","(array([0.15636627]), array([0.04882081]))","(array([0.15704206]), array([0.04870876]))","(array([0.1572338]), array([0.04866122]))"
(0.23093300235188027+0j),[0.21661204],[1.],[0.69650595],[1.],"(array([0.18071225]), array([0.21243107]))","(array([0.14669136]), array([0.05140852]))","(array([0.14873052]), array([0.05071309]))","(array([0.15060679]), array([0.0501313]))","(array([0.15234339]), array([0.04966215]))","(array([0.15392592]), array([0.04929907]))","(array([0.15529797]), array([0.04903133]))","(array([0.15637114]), array([0.04884648]))","(array([0.15704654]), array([0.04873335]))","(array([0.15723789]), array([0.04868475]))","(array([0.15688867]), array([0.04869906]))"
(0.23043592941766367+0j),[0.21722512],[1.],[0.69121064],[1.],"(array([0.18242758]), array([0.21092772]))","(array([0.1487394]), array([0.05074417]))","(array([0.15061503]), array([0.05016133]))","(array([0.15235105]), array([0.04969113]))","(array([0.15393306]), array([0.04932704]))","(array([0.15530461]), array([0.04905834]))","(array([0.15637731]), array([0.04887255]))","(array([0.15705224]), array([0.04875847]))","(array([0.15724314]), array([0.04870887]))","(array([0.15689346]), array([0.04872219]))","(array([0.15598439]), array([0.04880285]))"
(0.22817391089856276+0j),[0.218196],[1.],[0.68356044],[1.],"(array([0.18359774]), array([0.20909902]))","(array([0.15062462]), array([0.0501912]))","(array([0.15236005]), array([0.04972002]))","(array([0.15394152]), array([0.04935497]))","(array([0.15531256]), array([0.04908535]))","(array([0.15638474]), array([0.04889869]))","(array([0.15705916]), array([0.04878376]))","(array([0.15724954]), array([0.04873328]))","(array([0.15689932]), array([0.04874568]))","(array([0.1559897]), array([0.04882543]))","(array([0.15453785]), array([0.04898213]))"
(0.2242903754595764+0j),[0.21958673],[1.],[0.6737946],[1.],"(array([0.18427901]), array([0.20699349]))","(array([0.1523703]), array([0.0497485]))","(array([0.15395122]), array([0.04938258]))","(array([0.15532172]), array([0.04911209]))","(array([0.15639338]), array([0.04892461]))","(array([0.15706725]), array([0.04880889]))","(array([0.15725705]), array([0.04875765]))","(array([0.15690624]), array([0.04876926]))","(array([0.155996]), array([0.04884817]))","(array([0.1545435]), array([0.04900404]))","(array([0.15259224]), array([0.04924978]))"
(0.2190102876185441+0j),[0.22145821],[1.],[0.66218832],[1.],"(array([0.18451119]), array([0.20466659]))","(array([0.15396205]), array([0.04940955]))","(array([0.15533201]), array([0.04913829]))","(array([0.15640313]), array([0.04895006]))","(array([0.15707643]), array([0.04883362]))","(array([0.15726562]), array([0.04878169]))","(array([0.15691415]), array([0.04879261]))","(array([0.15600324]), array([0.04887081]))","(array([0.15455005]), array([0.04902592]))","(array([0.15259805]), array([0.0492709]))","(array([0.15020476]), array([0.0496197]))"
(0.2125984901551068+0j),[0.22385839],[1.],[0.64901729],[1.],"(array([0.18429987]), array([0.20217104]))","(array([0.15534331]), array([0.04916368]))","(array([0.15641386]), array([0.04897477]))","(array([0.15708657]), array([0.04885769]))","(array([0.15727514]), array([0.04880514]))","(array([0.156923]), array([0.04881546]))","(array([0.15601136]), array([0.04889305]))","(array([0.15455741]), array([0.04904752]))","(array([0.15260464]), array([0.04929182]))","(array([0.15021055]), array([0.04963992]))","(array([0.14743672]), array([0.05010417]))"
(0.20532652738755974+0j),[0.22681113],[1.],[0.6345375],[1.],"(array([0.18361099]), array([0.19955145]))","(array([0.15642544]), array([0.04899851]))","(array([0.15709755]), array([0.04888086]))","(array([0.15728548]), array([0.04882776]))","(array([0.15693265]), array([0.04883756]))","(array([0.15602026]), array([0.04891463]))","(array([0.15456552]), array([0.04906857]))","(array([0.15261193]), array([0.0493123]))","(array([0.150217]), array([0.04965979]))","(array([0.14744232]), array([0.0501234]))","(array([0.14434723]), array([0.05071126]))"
(0.1974472418551752+0j),[0.23030774],[1.],[0.61897136],[1.],"(array([0.18238101]), array([0.19684226]))","(array([0.15710921]), array([0.04890292]))","(array([0.15729649]), array([0.04884936]))","(array([0.15694296]), array([0.0488587]))","(array([0.15602982]), array([0.04893533]))","(array([0.15457427]), array([0.04908882]))","(array([0.15261983]), array([0.04933209]))","(array([0.15022403]), array([0.04967908]))","(array([0.14744847]), array([0.05014214]))","(array([0.1443525]), array([0.05072942]))","(array([0.14098938]), array([0.05144263]))"
(0.18917654580962137+0j),[0.23430367],[1.],[0.60249524],[1.],"(array([0.18053801]), array([0.19406748]))","(array([0.15730801]), array([0.04886974]))","(array([0.15695377]), array([0.0488787]))","(array([0.15603987]), array([0.04895496]))","(array([0.15458352]), array([0.04910808]))","(array([0.15262823]), array([0.04935097]))","(array([0.15023156]), array([0.04969755]))","(array([0.1474551]), array([0.05016017]))","(array([0.14435823]), array([0.05074697]))","(array([0.14099421]), array([0.05145965]))","(array([0.13740723]), array([0.05229213]))"
(0.1806840050328765+0j),[0.23872076],[1.],[0.58523102],[1.],"(array([0.17802389]), array([0.19124137]))","(array([0.15696493]), array([0.04889743]))","(array([0.15605028]), array([0.04897339]))","(array([0.15459313]), array([0.04912621]))","(array([0.15263701]), array([0.04936879]))","(array([0.15023946]), array([0.04971504]))","(array([0.14746211]), array([0.05017731]))","(array([0.14436434]), array([0.05076371]))","(array([0.14099942]), array([0.05147596]))","(array([0.13741155]), array([0.05230797]))","(array([0.13363358]), array([0.05324577]))"
(0.17209427265068122+0j),[0.24345457],[1.],[0.56724935],[1.],"(array([0.17481022]), array([0.18837022]))","(array([0.1560609]), array([0.04899052]))","(array([0.15460296]), array([0.0491431]))","(array([0.15264601]), array([0.04938544]))","(array([0.15024762]), array([0.04973144]))","(array([0.14746939]), array([0.05019342]))","(array([0.14437073]), array([0.05077952]))","(array([0.14100492]), array([0.05149141]))","(array([0.13741617]), array([0.05232303]))","(array([0.13363734]), array([0.0532604]))","(array([0.12968941]), array([0.0542828]))"
(0.16349831675621457+0j),[0.24838453],[1.],[0.54858917],[1.],"(array([0.17090594]), array([0.18545605]))","(array([0.15461289]), array([0.04915872]))","(array([0.15265514]), array([0.04940087]))","(array([0.15025591]), array([0.04974667]))","(array([0.14747684]), array([0.05020844]))","(array([0.14437732]), array([0.05079429]))","(array([0.14101064]), array([0.05150591]))","(array([0.13742103]), array([0.05233721]))","(array([0.13364135]), array([0.05327423]))","(array([0.1296926]), array([0.05429623]))","(array([0.12558652]), array([0.05537772]))"
(0.15496895482877956+0j),[0.2533844],[1.],[0.52928896],[1.],"(array([0.16635637]), array([0.18250175]))","(array([0.15266428]), array([0.04941506]))","(array([0.15026425]), array([0.04976071]))","(array([0.14748435]), array([0.05022232]))","(array([0.14438401]), array([0.05080799]))","(array([0.1410165]), array([0.0515194]))","(array([0.13742605]), array([0.05235045]))","(array([0.13364555]), array([0.05328718]))","(array([0.129696]), array([0.05430886]))","(array([0.12558914]), array([0.05538998]))","(array([0.12133317]), array([0.0565026]))"
(0.1465738014276639+0j),[0.25833026],[1.],[0.50941808],[1.],"(array([0.16123536]), array([0.17951648]))","(array([0.15027254]), array([0.04977359]))","(array([0.14749186]), array([0.05023508]))","(array([0.14439072]), array([0.05082061]))","(array([0.14102242]), array([0.05153186]))","(array([0.13743118]), array([0.05236273]))","(array([0.13364989]), array([0.05329923]))","(array([0.12969956]), array([0.05432065]))","(array([0.12559196]), array([0.05540146]))","(array([0.12133527]), array([0.05651374]))","(array([0.11694117]), array([0.05762915]))"
(0.13838228697806304+0j),[0.26310534],[1.],[0.48910015],[1.],"(array([0.15563471]), array([0.17651927]))","(array([0.14749931]), array([0.05024675]))","(array([0.1443974]), array([0.05083219]))","(array([0.14102833]), array([0.05154333]))","(array([0.13743634]), array([0.05237405]))","(array([0.1336543]), array([0.05331038]))","(array([0.12970324]), array([0.05433159]))","(array([0.12559492]), array([0.05541216]))","(array([0.12133754]), array([0.05652415]))","(array([0.11694279]), array([0.05763925]))","(array([0.112432]), array([0.05873016]))"
(0.1304686822404231+0j),[0.26760196],[1.],[0.46853091],[1.],"(array([0.14965599]), array([0.17354088]))","(array([0.14440403]), array([0.05084281]))","(array([0.14103423]), array([0.05155386]))","(array([0.13744151]), array([0.05238448]))","(array([0.13365876]), array([0.05332068]))","(array([0.12970701]), array([0.05434172]))","(array([0.125598]), array([0.0554221]))","(array([0.12133996]), array([0.05653386]))","(array([0.11694457]), array([0.05764869]))","(array([0.11243318]), array([0.05873931]))","(array([0.10784144]), array([0.05978025]))"
(0.12291560971282824+0j),[0.27172164],[1.],[0.4480025],[1.],"(array([0.14340633]), array([0.17062542]))","(array([0.14104009]), array([0.05156355]))","(array([0.13744668]), array([0.0523941]))","(array([0.13366325]), array([0.0533302]))","(array([0.12971083]), array([0.05435112]))","(array([0.12560117]), array([0.05543134]))","(array([0.1213425]), array([0.05654292]))","(array([0.1169465]), array([0.05765752]))","(array([0.11243453]), array([0.05874789]))","(array([0.10784224]), array([0.05978855]))","(array([0.10322436]), array([0.06075607]))"
(0.11582156120254486+0j),[0.27537387],[1.],[0.42794821],[1.],"(array([0.13699852]), array([0.1678348]))","(array([0.13745186]), array([0.05240302]))","(array([0.13366777]), array([0.05333906]))","(array([0.12971471]), array([0.05435988]))","(array([0.12560443]), array([0.05543998]))","(array([0.12134515]), array([0.0565514]))","(array([0.11694857]), array([0.05766582]))","(array([0.11243604]), array([0.05875598]))","(array([0.10784322]), array([0.0597964]))","(array([0.10322483]), array([0.06076365]))","(array([0.09866249]), array([0.06163625]))"
(0.10931250653467438+0j),[0.27847348],[1.],[0.40901385],[1.],"(array([0.13055495]), array([0.16525854]))","(array([0.13367236]), array([0.05334735]))","(array([0.12971867]), array([0.05436811]))","(array([0.12560778]), array([0.05544811]))","(array([0.12134792]), array([0.05655941]))","(array([0.11695077]), array([0.05767368]))","(array([0.11243771]), array([0.05876366]))","(array([0.10784437]), array([0.05980386]))","(array([0.10322549]), array([0.06077088]))","(array([0.09866269]), array([0.06164322]))","(array([0.09427755]), array([0.06240096]))"
(0.10355103641245467+0j),[0.28093708],[1.],[0.3921311],[1.],"(array([0.12421408]), array([0.16302743]))","(array([0.12972274]), array([0.05437592]))","(array([0.12561126]), array([0.05545585]))","(array([0.12135082]), array([0.05656705]))","(array([0.11695312]), array([0.05768119]))","(array([0.11243952]), array([0.05877101]))","(array([0.10784568]), array([0.05981104]))","(array([0.10322632]), array([0.06077785]))","(array([0.09866306]), array([0.06164996]))","(array([0.0942775]), array([0.06240745]))","(array([0.09024752]), array([0.06303124]))"
(0.09872717184827566+0j),[0.28267984],[1.],[0.37850417],[1.],"(array([0.11813393]), array([0.16132012]))","(array([0.1256149]), array([0.05546329]))","(array([0.12135389]), array([0.05657442]))","(array([0.11695564]), array([0.05768846]))","(array([0.11244151]), array([0.05877815]))","(array([0.10784716]), array([0.05981802]))","(array([0.10322733]), array([0.06078464]))","(array([0.09866362]), array([0.06165655]))","(array([0.09427764]), array([0.0624138]))","(array([0.09024727]), array([0.06303734]))","(array([0.08681347]), array([0.06350819]))"
(0.09501594500479828+0j),[0.28361547],[1.],[0.36938561],[1.],"(array([0.11248178]), array([0.16034176]))","(array([0.12135715]), array([0.0565816]))","(array([0.11695835]), array([0.05769556]))","(array([0.11244369]), array([0.05878513]))","(array([0.10784884]), array([0.05982487]))","(array([0.10322852]), array([0.06079133]))","(array([0.09866436]), array([0.06166304]))","(array([0.09427795]), array([0.06242008]))","(array([0.09024718]), array([0.06304339]))","(array([0.08681302]), array([0.06351399]))","(array([0.08425275]), array([0.06381253]))"
(0.09251889164099086+0j),[0.28366177],[1.],[0.36567026],[1.],"(array([0.10740369]), array([0.16026499]))","(array([0.11696129]), array([0.05770255]))","(array([0.1124461]), array([0.05879204]))","(array([0.10785073]), array([0.05983165]))","(array([0.10322992]), array([0.06079797]))","(array([0.0986653]), array([0.06166951]))","(array([0.09427845]), array([0.06242636]))","(array([0.09024728]), array([0.06304945]))","(array([0.08681275]), array([0.06351981]))","(array([0.08425214]), array([0.0638181]))","(array([0.08280793]), array([0.06392523]))"
(0.0912386197611549+0j),[0.28275055],[1.],[0.36759759],[1.],"(array([0.10299036]), array([0.16116408]))","(array([0.11244876]), array([0.05879892]))","(array([0.10785286]), array([0.05983843]))","(array([0.10323155]), array([0.06080462]))","(array([0.09866645]), array([0.06167601]))","(array([0.09427916]), array([0.06243268]))","(array([0.09024757]), array([0.06305557]))","(array([0.08681265]), array([0.06352571]))","(array([0.08425169]), array([0.06382375]))","(array([0.08280717]), array([0.06393062]))","(array([0.08260731]), array([0.06382923]))"
(0.09110228947276004+0j),[0.2808379],[1.],[0.37477539],[1.],"(array([0.09926569]), array([0.16299071]))","(array([0.10785527]), array([0.05984524]))","(array([0.10323344]), array([0.06081132]))","(array([0.09866785]), array([0.06168258]))","(array([0.0942801]), array([0.06243908]))","(array([0.09024807]), array([0.06306178]))","(array([0.08681275]), array([0.06353171]))","(array([0.08425142]), array([0.06382953]))","(array([0.08280658]), array([0.06393614]))","(array([0.08260642]), array([0.06383448]))","(array([0.08363386]), array([0.06351185]))"
(0.09199970418158016+0j),[0.27791142],[1.],[0.3864092],[1.],"(array([0.09620403]), array([0.16560048]))","(array([0.10323563]), array([0.06081811]))","(array([0.09866953]), array([0.06168925]))","(array([0.09428129]), array([0.0624456]))","(array([0.09024881]), array([0.06306813]))","(array([0.08681307]), array([0.06353785]))","(array([0.08425135]), array([0.06383545]))","(array([0.08280615]), array([0.06394183]))","(array([0.08260568]), array([0.06383992]))","(array([0.08363286]), array([0.06351702]))","(array([0.08575389]), array([0.06296678]))"
(0.09380704377796575+0j),[0.27399412],[1.],[0.40153344],[1.],"(array([0.09375988]), array([0.16879873]))","(array([0.09867152]), array([0.06169607]))","(array([0.09428277]), array([0.06245229]))","(array([0.09024981]), array([0.06307465]))","(array([0.08681362]), array([0.06354419]))","(array([0.08425149]), array([0.06384158]))","(array([0.08280593]), array([0.06394773]))","(array([0.08260512]), array([0.06384557]))","(array([0.08363201]), array([0.0635224]))","(array([0.08575278]), array([0.06297189]))","(array([0.08876896]), array([0.06219526]))"
(0.09639394570089051+0j),[0.26914688],[1.],[0.41915948],[1.],"(array([0.09189648]), array([0.17237792]))","(array([0.09428459]), array([0.06245919]))","(array([0.09025112]), array([0.06308142]))","(array([0.08681446]), array([0.06355078]))","(array([0.08425189]), array([0.06384797]))","(array([0.08280592]), array([0.06395389]))","(array([0.08260475]), array([0.06385149]))","(array([0.08363132]), array([0.06352806]))","(array([0.08575182]), array([0.06297728]))","(array([0.08876776]), array([0.06220036]))","(array([0.09245868]), array([0.06120679]))"
(0.09962240413614656+0j),[0.2634711],[1.],[0.43834954],[1.],"(array([0.09061097]), array([0.17613914]))","(array([0.09025278]), array([0.06308849]))","(array([0.08681561]), array([0.06355769]))","(array([0.08425256]), array([0.06385469]))","(array([0.08280616]), array([0.0639604]))","(array([0.0826046]), array([0.06385776]))","(array([0.08363081]), array([0.06353407]))","(array([0.08575101]), array([0.06298301]))","(array([0.08876669]), array([0.06220581]))","(array([0.09245739]), array([0.06121194]))","(array([0.09660575]), array([0.06001969]))"
(0.10334470151898183+0j),[0.25711266],[1.],[0.45824813],[1.],"(array([0.08995595]), array([0.17990215]))","(array([0.08681712]), array([0.06356503]))","(array([0.08425357]), array([0.06386185]))","(array([0.08280669]), array([0.06396735]))","(array([0.0826047]), array([0.06386447]))","(array([0.08363052]), array([0.06354052]))","(array([0.08575038]), array([0.06298919]))","(array([0.08876576]), array([0.06221169]))","(array([0.09245622]), array([0.06121752]))","(array([0.09660437]), array([0.06002496]))","(array([0.10100787]), array([0.05866191]))"
(0.1074038452275052+0j),[0.25026501],[1.],[0.47809533],[1.],"(array([0.09004811]), array([0.18350939]))","(array([0.08425494]), array([0.06386956]))","(array([0.08280754]), array([0.06397485]))","(array([0.08260507]), array([0.06387173]))","(array([0.08363046]), array([0.06354753]))","(array([0.08574994]), array([0.06299591]))","(array([0.08876499]), array([0.06221812]))","(array([0.09245516]), array([0.06122363]))","(array([0.09660309]), array([0.06003075]))","(array([0.10100639]), array([0.05866737]))","(array([0.1054828]), array([0.05717177]))"
(0.11163723848037638+0j),[0.2431653],[1.],[0.49723573],[1.],"(array([0.09104284]), array([0.18682771]))","(array([0.08280876]), array([0.06398304]))","(array([0.08260576]), array([0.06387969]))","(array([0.08363067]), array([0.06355522]))","(array([0.08574971]), array([0.0630033]))","(array([0.08876439]), array([0.0622252]))","(array([0.09245424]), array([0.06123039]))","(array([0.0966019]), array([0.06003717]))","(array([0.10100499]), array([0.05867344]))","(array([0.10548122]), array([0.05717748]))","(array([0.10987093]), array([0.05559791]))"
(0.11588347383436368+0j),[0.23607756],[1.],[0.51513026],[1.],"(array([0.09306634]), array([0.18974975]))","(array([0.08260681]), array([0.06388846]))","(array([0.08363118]), array([0.06356372]))","(array([0.08574974]), array([0.0630115]))","(array([0.08876399]), array([0.06223307]))","(array([0.09245347]), array([0.06123791]))","(array([0.09660082]), array([0.06004433]))","(array([0.10100366]), array([0.05868023]))","(array([0.1054797]), array([0.05718389]))","(array([0.10986925]), array([0.05560393]))","(array([0.11403762]), array([0.0539969]))"
(0.11999246976644536+0j),[0.22926521],[1.],[0.53137222],[1.],"(array([0.09614204]), array([0.192196]))","(array([0.08363204]), array([0.06357316]))","(array([0.08575005]), array([0.06302063]))","(array([0.08876382]), array([0.06224185]))","(array([0.09245289]), array([0.06124632]))","(array([0.09659988]), array([0.06005236]))","(array([0.10100243]), array([0.05868787]))","(array([0.10547823]), array([0.05719113]))","(array([0.1098676]), array([0.05561074]))","(array([0.11403584]), array([0.05400329]))","(array([0.11787635]), array([0.05242825]))"
(0.12383910417296062+0j),[0.22296396],[1.],[0.54570423],[1.],"(array([0.10016676]), array([0.19411717]))","(array([0.08575068]), array([0.06303083]))","(array([0.0887639]), array([0.06225168]))","(array([0.0924525]), array([0.06125576]))","(array([0.0965991]), array([0.06006139]))","(array([0.10100131]), array([0.05869646]))","(array([0.10547684]), array([0.05719929]))","(array([0.10986601]), array([0.05561845]))","(array([0.11403409]), array([0.05401054]))","(array([0.11787449]), array([0.05243505]))","(array([0.12131238]), array([0.05094823]))"
(0.12734006158137517+0j),[0.21736476],[1.],[0.55803354],[1.],"(array([0.10494549]), array([0.19549688]))","(array([0.08876428]), array([0.06226269]))","(array([0.09245234]), array([0.06126635]))","(array([0.09659849]), array([0.06007152]))","(array([0.10100033]), array([0.05870614]))","(array([0.10547556]), array([0.05720849]))","(array([0.10986448]), array([0.05562718]))","(array([0.11403238]), array([0.05401877]))","(array([0.11787264]), array([0.05244278]))","(array([0.12131044]), array([0.05095547]))","(array([0.12430635]), array([0.04960488]))"
(0.13047345606265826+0j),[0.21260765],[1.],[0.56844848],[1.],"(array([0.11024732]), array([0.19635458]))","(array([0.09245246]), array([0.06127823]))","(array([0.0965981]), array([0.06008293]))","(array([0.10099952]), array([0.05871704]))","(array([0.1054744]), array([0.05721887]))","(array([0.10986305]), array([0.05563704]))","(array([0.11403074]), array([0.0540281]))","(array([0.11787084]), array([0.05245157]))","(array([0.12130853]), array([0.05096372]))","(array([0.12430436]), array([0.04961259]))","(array([0.12685783]), array([0.04843542]))"
(0.13329951406048804+0j),[0.20878194],[1.],[0.57723708],[1.],"(array([0.11585078]), array([0.19674937]))","(array([0.09659796]), array([0.06009574]))","(array([0.10099891]), array([0.0587293]))","(array([0.10547341]), array([0.05723056]))","(array([0.10986176]), array([0.05564816]))","(array([0.11402921]), array([0.05403865]))","(array([0.11786912]), array([0.05246155]))","(array([0.12130668]), array([0.05097311]))","(array([0.12430242]), array([0.04962139]))","(array([0.12685582]), array([0.04844364]))","(array([0.12900921]), array([0.04746561]))"
(0.13597526856841327+0j),[0.20592837],[1.],[0.58489467],[1.],"(array([0.12157013]), array([0.19678325]))","(array([0.10099856]), array([0.05874308]))","(array([0.10547263]), array([0.05724372]))","(array([0.10986064]), array([0.05566068]))","(array([0.11402783]), array([0.05405054]))","(array([0.11786755]), array([0.05247281]))","(array([0.12130494]), array([0.05098375]))","(array([0.12430057]), array([0.0496314]))","(array([0.12685389]), array([0.04845302]))","(array([0.12900723]), array([0.04747437]))","(array([0.13084878]), array([0.04671004]))"
(0.13874840331135627+0j),[0.20404132],[1.],[0.59208535],[1.],"(array([0.12726511]), array([0.19659923]))","(array([0.10547212]), array([0.05725849]))","(array([0.10985976]), array([0.05567476]))","(array([0.11402667]), array([0.05406392]))","(array([0.11786617]), array([0.05248549]))","(array([0.12130339]), array([0.05099575]))","(array([0.12429888]), array([0.04964273]))","(array([0.12685211]), array([0.04846367]))","(array([0.12900539]), array([0.04748435]))","(array([0.13084689]), array([0.04671937]))","(array([0.13250724]), array([0.04617267]))"
(0.1419169770771884+0j),[0.20307128],[1.],[0.59952602],[1.],"(array([0.13283689]), array([0.19636744]))","(array([0.10985918]), array([0.05569047]))","(array([0.11402579]), array([0.05407887]))","(array([0.11786506]), array([0.05249968]))","(array([0.12130211]), array([0.05100919]))","(array([0.12429745]), array([0.04965544]))","(array([0.12685056]), array([0.04847566]))","(array([0.12900375]), array([0.04749563]))","(array([0.1308452]), array([0.04672993]))","(array([0.13250553]), array([0.04618255]))","(array([0.1341405]), array([0.04584734]))"
(0.1457563686026767+0j),[0.20292803],[1.],[0.6078017],[1.],"(array([0.13821319]), array([0.19625596]))","(array([0.11402525]), array([0.05409541]))","(array([0.11786429]), array([0.0525154]))","(array([0.12130117]), array([0.05102409]))","(array([0.12429638]), array([0.04966954]))","(array([0.12684936]), array([0.048489]))","(array([0.12900245]), array([0.04750821]))","(array([0.13084382]), array([0.04674177]))","(array([0.13250411]), array([0.04619365]))","(array([0.13413908]), array([0.04585773]))","(array([0.13589577]), array([0.04571843]))"
(0.150425426089102+0j),[0.20348716],[1.],[0.61715504],[1.],"(array([0.14332729]), array([0.19639032]))","(array([0.11786394]), array([0.05253258]))","(array([0.12130065]), array([0.05104039]))","(array([0.12429574]), array([0.04968499]))","(array([0.12684862]), array([0.04850361]))","(array([0.12900161]), array([0.04752202]))","(array([0.13084289]), array([0.04675481]))","(array([0.13250311]), array([0.04620593]))","(array([0.13413805]), array([0.04586926]))","(array([0.13589476]), array([0.04572923]))","(array([0.13786687]), array([0.04576185]))"
(0.1558824301515365+0j),[0.20460194],[1.],[0.62734237],[1.],"(array([0.14809937]), array([0.1968147]))","(array([0.12130064]), array([0.05105794]))","(array([0.12429562]), array([0.04970163]))","(array([0.12684842]), array([0.04851937]))","(array([0.12900133]), array([0.04753694]))","(array([0.13084252]), array([0.04676892]))","(array([0.13250266]), array([0.04621926]))","(array([0.13413755]), array([0.04588183]))","(array([0.13589427]), array([0.04574106]))","(array([0.13786643]), array([0.04577297]))","(array([0.14005408]), array([0.04594713]))"
(0.16187403700534966+0j),[0.20611963],[1.],[0.63769761],[1.],"(array([0.15243289]), array([0.19747956]))","(array([0.12429609]), array([0.04971927]))","(array([0.12684883]), array([0.04853609]))","(array([0.12900168]), array([0.04755277]))","(array([0.13084282]), array([0.04678391]))","(array([0.13250289]), array([0.04623345]))","(array([0.13413772]), array([0.04589527]))","(array([0.13589441]), array([0.04575376]))","(array([0.1378666]), array([0.04578495]))","(array([0.14005434]), array([0.04595843]))","(array([0.14235508]), array([0.04624051]))"
(0.16802502807130137+0j),[0.20789795],[1.],[0.64741128],[1.],"(array([0.15623434]), array([0.19827222]))","(array([0.12684991]), array([0.04855353]))","(array([0.12900275]), array([0.04756931]))","(array([0.13084386]), array([0.04679958]))","(array([0.13250389]), array([0.0462483]))","(array([0.13413867]), array([0.04590935]))","(array([0.13589532]), array([0.04576713]))","(array([0.13786751]), array([0.04579763]))","(array([0.14005531]), array([0.04597043]))","(array([0.14235615]), array([0.04625187]))","(array([0.14460379]), array([0.04660875]))"
(0.17396408925360624+0j),[0.20981729],[1.],[0.65582108],[1.],"(array([0.15944607]), array([0.19907164]))","(array([0.12900456]), array([0.0475863]))","(array([0.13084567]), array([0.0468157]))","(array([0.1325057]), array([0.0462636]))","(array([0.13414048]), array([0.04592388]))","(array([0.1358971]), array([0.04578094]))","(array([0.13786928]), array([0.04581078]))","(array([0.14005709]), array([0.04598296]))","(array([0.142358]), array([0.04626379]))","(array([0.14460575]), array([0.04662009]))","(array([0.14663473]), array([0.04702239]))"
(0.17940976329770983+0j),[0.21178769],[1.],[0.66255004],[1.],"(array([0.16207252]), array([0.19979057]))","(array([0.13084831]), array([0.04683204]))","(array([0.13250837]), array([0.04627913]))","(array([0.13414316]), array([0.04593865]))","(array([0.13589981]), array([0.04579501]))","(array([0.13787199]), array([0.04582421]))","(array([0.14005981]), array([0.0459958]))","(array([0.14236075]), array([0.04627609]))","(array([0.14460856]), array([0.04663185]))","(array([0.14663761]), array([0.04703365]))","(array([0.14833112]), array([0.04745791]))"
(0.18420036439518894+0j),[0.21375215],[1.],[0.66750193],[1.],"(array([0.16418967]), array([0.2003893]))","(array([0.13251192]), array([0.04629468]))","(array([0.13414677]), array([0.04595347]))","(array([0.13590346]), array([0.04580915]))","(array([0.13787569]), array([0.04583774]))","(array([0.14006354]), array([0.04600878]))","(array([0.14236449]), array([0.04628857]))","(array([0.14461231]), array([0.04664387]))","(array([0.1466414]), array([0.04704521]))","(array([0.14833493]), array([0.04746905]))","(array([0.14963988]), array([0.04789884]))"
(0.1882875687479628+0j),[0.21568745],[1.],[0.67079196],[1.],"(array([0.1659371]), array([0.20086926]))","(array([0.13415132]), array([0.04596814]))","(array([0.13590809]), array([0.04582319]))","(array([0.1378804]), array([0.04585119]))","(array([0.14006831]), array([0.04602173]))","(array([0.14236929]), array([0.04630107]))","(array([0.14461711]), array([0.04665597]))","(array([0.14664616]), array([0.04705694]))","(array([0.14833969]), array([0.0474804]))","(array([0.14964459]), array([0.04790984]))","(array([0.1505632]), array([0.04833621]))"
(0.19171401032882357+0j),[0.21760191],[1.],[0.67266824],[1.],"(array([0.16749259]), array([0.20125903]))","(array([0.13591372]), array([0.04583693]))","(array([0.13788613]), array([0.04586441]))","(array([0.14007414]), array([0.04603448]))","(array([0.14237518]), array([0.04631343]))","(array([0.144623]), array([0.04666799]))","(array([0.146652]), array([0.04706866]))","(array([0.14834544]), array([0.04749184]))","(array([0.14965026]), array([0.04792099]))","(array([0.15056875]), array([0.04834709]))","(array([0.15114199]), array([0.04876846]))"
(0.19458588384469264+0j),[0.21952815],[1.],[0.67344524],[1.],"(array([0.16903092]), array([0.2016004]))","(array([0.1378929]), array([0.04587722]))","(array([0.14008103]), array([0.04604689]))","(array([0.14238215]), array([0.0463255]))","(array([0.14463]), array([0.04667978]))","(array([0.14665896]), array([0.04708022]))","(array([0.14835228]), array([0.0475032]))","(array([0.14965695]), array([0.04793214]))","(array([0.15057527]), array([0.04835804]))","(array([0.15114831]), array([0.04877921]))","(array([0.15143962]), array([0.04920029]))"
(0.19704454260429755+0j),[0.22150969],[1.],[0.67345151],[1.],"(array([0.17067458]), array([0.20193664]))","(array([0.14008898]), array([0.04605878]))","(array([0.14239021]), array([0.04633712]))","(array([0.14463811]), array([0.0466912]))","(array([0.14666704]), array([0.04709148]))","(array([0.14836024]), array([0.04751433]))","(array([0.14966471]), array([0.04794316]))","(array([0.1505828]), array([0.04836893]))","(array([0.15115558]), array([0.04878998]))","(array([0.1514466]), array([0.04921093]))","(array([0.15152852]), array([0.04964037]))"
(0.19923791365309623+0j),[0.22358274],[1.],[0.67298765],[1.],"(array([0.17245124]), array([0.20230345]))","(array([0.14239934]), array([0.04634812]))","(array([0.14464729]), array([0.04670208]))","(array([0.1466762]), array([0.04710228]))","(array([0.14836929]), array([0.04752508]))","(array([0.14967355]), array([0.04795389]))","(array([0.15059136]), array([0.04837963]))","(array([0.15116382]), array([0.04880063]))","(array([0.15145449]), array([0.04922152]))","(array([0.15153602]), array([0.04965089]))","(array([0.15147957]), array([0.05009774]))"
(0.20129212861724613+0j),[0.22575849],[1.],[0.67228962],[1.],"(array([0.17428384]), array([0.20272244]))","(array([0.14465751]), array([0.04671226]))","(array([0.1466864]), array([0.04711247]))","(array([0.14837938]), array([0.04753531]))","(array([0.14968344]), array([0.04796417]))","(array([0.15060094]), array([0.04838996]))","(array([0.15117303]), array([0.04881101]))","(array([0.15146329]), array([0.04923191]))","(array([0.15154439]), array([0.0496613]))","(array([0.15148746]), array([0.05010814]))","(array([0.15135326]), array([0.05057776]))"
(0.20328470559197298+0j),[0.22801449],[1.],[0.67149574],[1.],"(array([0.17602805]), array([0.2031965]))","(array([0.14669756]), array([0.04712189]))","(array([0.14839042]), array([0.04754486]))","(array([0.14969427]), array([0.04797386]))","(array([0.15061146]), array([0.0483998]))","(array([0.15118316]), array([0.04882097]))","(array([0.15147297]), array([0.04924199]))","(array([0.15155357]), array([0.04967144]))","(array([0.15149612]), array([0.05011835]))","(array([0.15136135]), array([0.05058801]))","(array([0.15119176]), array([0.05107915]))"
(0.20522069412313182+0j),[0.2302995],[1.],[0.67061769],[1.],"(array([0.17753352]), array([0.20370675]))","(array([0.14840231]), array([0.04755359]))","(array([0.14970593]), array([0.04798282]))","(array([0.15062281]), array([0.04840899]))","(array([0.15119411]), array([0.04883038]))","(array([0.15148344]), array([0.04925158]))","(array([0.15156351]), array([0.0496812]))","(array([0.15150549]), array([0.05012823]))","(array([0.15137012]), array([0.050598]))","(array([0.15119988]), array([0.05108921]))","(array([0.15101193]), array([0.05159353]))"
(0.20701097148343517+0j),[0.23254837],[1.],[0.66951493],[1.],"(array([0.17868716]), array([0.2042104]))","(array([0.1497183]), array([0.04799093]))","(array([0.15063486]), array([0.04841741]))","(array([0.15120574]), array([0.0488391]))","(array([0.15149458]), array([0.04926058]))","(array([0.1515741]), array([0.04969043]))","(array([0.15151547]), array([0.05013766]))","(array([0.15137947]), array([0.05060759]))","(array([0.15120856]), array([0.05109894]))","(array([0.1510199]), array([0.05160336]))","(array([0.15079903]), array([0.05210763]))"
(0.20845469311009895+0j),[0.23470091],[1.],[0.66787632],[1.],"(array([0.17942229]), array([0.20463945]))","(array([0.15064746]), array([0.04842498]))","(array([0.15121792]), array([0.04884703]))","(array([0.15150626]), array([0.04926886]))","(array([0.15158521]), array([0.04969903]))","(array([0.15152597]), array([0.05014653]))","(array([0.1513893]), array([0.05061669]))","(array([0.15121771]), array([0.05110823]))","(array([0.15102832]), array([0.0516128]))","(array([0.15080669]), array([0.05211718]))","(array([0.15050181]), array([0.05260711]))"
(0.2092494308196977+0j),[0.23671893],[1.],[0.66524505],[1.],"(array([0.17970719]), array([0.20490396]))","(array([0.15123051]), array([0.04885411]))","(array([0.15151834]), array([0.04927634]))","(array([0.15159672]), array([0.0497069]))","(array([0.15153685]), array([0.05015474]))","(array([0.15139951]), array([0.0506252]))","(array([0.15122721]), array([0.05111699]))","(array([0.15103708]), array([0.05162175]))","(array([0.15081469]), array([0.05212629]))","(array([0.15050901]), array([0.05261634]))","(array([0.15003329]), array([0.05308062]))"
(0.20906967313639643+0j),[0.23859674],[1.],[0.66114554],[1.],"(array([0.17953438]), array([0.20490847]))","(array([0.15153071]), array([0.049283]))","(array([0.15160851]), array([0.04971399]))","(array([0.151548]), array([0.05016224]))","(array([0.15140999]), array([0.05063306]))","(array([0.15123697]), array([0.05112515]))","(array([0.15104611]), array([0.05163017]))","(array([0.15082296]), array([0.05213491]))","(array([0.15051649]), array([0.05262511]))","(array([0.15003995]), array([0.05308949]))","(array([0.14928808]), array([0.053523]))"
(0.20769341966567262+0j),[0.24036148],[1.],[0.65527248],[1.],"(array([0.17892104]), array([0.20458248]))","(array([0.15162051]), array([0.0497203]))","(array([0.15155937]), array([0.05016899]))","(array([0.15142066]), array([0.05064022]))","(array([0.15124693]), array([0.05113267]))","(array([0.15105532]), array([0.05163799]))","(array([0.1508314]), array([0.05214298]))","(array([0.15052417]), array([0.05263337]))","(array([0.15004683]), array([0.0530979]))","(array([0.14929415]), array([0.05353151]))","(array([0.14817802]), array([0.05393663]))"
(0.20507650905350214+0j),[0.24206404],[1.],[0.64758694],[1.],"(array([0.17791248]), array([0.20390523]))","(array([0.15157087]), array([0.05017501]))","(array([0.15143149]), array([0.05064668]))","(array([0.15125702]), array([0.05113954]))","(array([0.15106467]), array([0.05164522]))","(array([0.15083999]), array([0.0521505]))","(array([0.15053198]), array([0.05264113]))","(array([0.15005387]), array([0.05310583]))","(array([0.1493004]), array([0.05353956]))","(array([0.14818347]), array([0.05394476]))","(array([0.14666405]), array([0.05433034]))"
(0.20133573921864717+0j),[0.24376632],[1.],[0.63827565],[1.],"(array([0.17657678]), array([0.20290614]))","(array([0.15144244]), array([0.05065247]))","(array([0.15126725]), array([0.05114577]))","(array([0.15107414]), array([0.05165184]))","(array([0.15084869]), array([0.05215746]))","(array([0.1505399]), array([0.05264836]))","(array([0.15006102]), array([0.05311328]))","(array([0.14930679]), array([0.05354717]))","(array([0.14818909]), array([0.05395248]))","(array([0.1466689]), array([0.05433811]))","(array([0.14476241]), array([0.05471688]))"
(0.19669117365781708+0j),[0.24552978],[1.],[0.6276636],[1.],"(array([0.17499115]), array([0.201647]))","(array([0.15127762]), array([0.05115139]))","(array([0.15108375]), array([0.05165789]))","(array([0.15085752]), array([0.05216389]))","(array([0.15054796]), array([0.0526551]))","(array([0.1500683]), array([0.05312028]))","(array([0.1493133]), array([0.05355436]))","(array([0.14819485]), array([0.05395981]))","(array([0.14667391]), array([0.05434553]))","(array([0.14476668]), array([0.05472433]))","(array([0.14253023]), array([0.05511017]))"
(0.19141075200472696+0j),[0.24740683],[1.],[0.61614249],[1.],"(array([0.17322708]), array([0.20020242]))","(array([0.15109354]), array([0.0516634]))","(array([0.15086653]), array([0.0521698]))","(array([0.15055616]), array([0.05266138]))","(array([0.15007572]), array([0.05312684]))","(array([0.14931995]), array([0.05356116]))","(array([0.14820074]), array([0.05396678]))","(array([0.14667908]), array([0.05435261]))","(array([0.14477113]), array([0.05473148]))","(array([0.14253397]), array([0.05511733]))","(array([0.1400478]), array([0.05552301]))"
(0.18576720674519903+0j),[0.24943431],[1.],[0.60411943],[1.],"(array([0.17133788]), array([0.19864673]))","(array([0.15087575]), array([0.05217525]))","(array([0.15056458]), array([0.05266721]))","(array([0.15008333]), array([0.05313301]))","(array([0.14932677]), array([0.05356759]))","(array([0.14820681]), array([0.05397342]))","(array([0.14668441]), array([0.05435941]))","(array([0.14477575]), array([0.05473837]))","(array([0.14253789]), array([0.05512427]))","(array([0.14005105]), array([0.05552994]))","(array([0.13740482]), array([0.05596541]))"
(0.18000516911588288+0j),[0.25162819],[1.],[0.59197397],[1.],"(array([0.16934828]), array([0.19704626]))","(array([0.15057327]), array([0.05267264]))","(array([0.1500912]), array([0.0531388]))","(array([0.14933383]), array([0.05357369]))","(array([0.14821308]), array([0.05397977]))","(array([0.14668994]), array([0.05436594]))","(array([0.14478057]), array([0.05474504]))","(array([0.14254202]), array([0.05513102]))","(array([0.1400545]), array([0.05553671]))","(array([0.13740762]), array([0.05597215]))","(array([0.13468978]), array([0.05644326]))"
(0.17431715771612608+0j),[0.2539787],[1.],[0.58001872],[1.],"(array([0.16724575]), array([0.19545457]))","(array([0.15009939]), array([0.05314426]))","(array([0.14934118]), array([0.0535795]))","(array([0.14821963]), array([0.05398585]))","(array([0.14669571]), array([0.05437225]))","(array([0.14478561]), array([0.05475152]))","(array([0.14254636]), array([0.05513761]))","(array([0.14005818]), array([0.05554335]))","(array([0.13741064]), array([0.0559788]))","(array([0.13469218]), array([0.05644986]))","(array([0.13198071]), array([0.05695718]))"
(0.16882956994385867+0j),[0.25644635],[1.],[0.56846806],[1.],"(array([0.16497823]), array([0.19390904]))","(array([0.14934891]), array([0.05358503]))","(array([0.14822651]), array([0.0539917]))","(array([0.14670179]), array([0.05437836]))","(array([0.14479093]), array([0.05475782]))","(array([0.14255097]), array([0.05514406]))","(array([0.14006209]), array([0.0555499]))","(array([0.1374139]), array([0.05598539]))","(array([0.13469481]), array([0.05645643]))","(array([0.13198272]), array([0.05696368]))","(array([0.12933708]), array([0.05750153]))"
(0.16360000699863197+0j),[0.25896216],[1.],[0.55742234],[1.],"(array([0.162469]), array([0.19242928]))","(array([0.14823381]), array([0.05399733]))","(array([0.14670825]), array([0.05438429]))","(array([0.14479658]), array([0.05476399]))","(array([0.14255587]), array([0.05515041]))","(array([0.14006629]), array([0.05555638]))","(array([0.13741743]), array([0.05599194]))","(array([0.13469769]), array([0.056463]))","(array([0.13198499]), array([0.05697021]))","(array([0.12933875]), array([0.05750797]))","(array([0.12679452]), array([0.05806399]))"
(0.15862596676513852+0j),[0.26143603],[1.],[0.54687267],[1.],"(array([0.15965086]), array([0.19101773]))","(array([0.14671517]), array([0.05439006]))","(array([0.14480266]), array([0.05477004]))","(array([0.14256115]), array([0.05515668]))","(array([0.14007083]), array([0.05556281]))","(array([0.13742127]), array([0.05599847]))","(array([0.13470086]), array([0.05646959]))","(array([0.13198753]), array([0.05697679]))","(array([0.12934068]), array([0.05751449]))","(array([0.12679587]), array([0.0580704]))","(array([0.1243635]), array([0.05862656]))"
(0.15386330798126693+0j),[0.26377187],[1.],[0.53672783],[1.],"(array([0.15649751]), array([0.1896631]))","(array([0.14480925]), array([0.05477599]))","(array([0.1425669]), array([0.05516289]))","(array([0.14007578]), array([0.05556922]))","(array([0.13742547]), array([0.05600502]))","(array([0.13470437]), array([0.05647622]))","(array([0.13199037]), array([0.05698346]))","(array([0.12934289]), array([0.05752112]))","(array([0.12679749]), array([0.05807694]))","(array([0.12436455]), array([0.05863297]))","(array([0.12203285]), array([0.05916822]))"
(0.14925092468871068+0j),[0.26588272],[1.],[0.52686064],[1.],"(array([0.15303083]), array([0.18834664]))","(array([0.1425732]), array([0.05516906]))","(array([0.14008123]), array([0.05557563]))","(array([0.13743013]), array([0.05601162]))","(array([0.13470828]), array([0.05648293]))","(array([0.13199358]), array([0.05699023]))","(array([0.12934544]), array([0.0575279]))","(array([0.12679941]), array([0.05808367]))","(array([0.12436587]), array([0.05863959]))","(array([0.12203361]), array([0.05917468]))","(array([0.11977804]), array([0.05966834]))"
(0.14473673462695513+0j),[0.26770033],[1.],[0.51716574],[1.],"(array([0.14931002]), array([0.18705089]))","(array([0.14008731]), array([0.05558209]))","(array([0.13743535]), array([0.0560183]))","(array([0.13471269]), array([0.05648977]))","(array([0.13199724]), array([0.05699717]))","(array([0.12934839]), array([0.05753487]))","(array([0.12680169]), array([0.05809062]))","(array([0.12436753]), array([0.05864646]))","(array([0.12203467]), array([0.05918141]))","(array([0.11977854]), array([0.05967489]))","(array([0.11757292]), array([0.06010947]))"
(0.14030149574134182+0j),[0.2691784],[1.],[0.50762147],[1.],"(array([0.14541932]), array([0.18576991]))","(array([0.13744127]), array([0.0560251]))","(array([0.13471773]), array([0.05649678]))","(array([0.13200145]), array([0.05700431]))","(array([0.12935183]), array([0.05754209]))","(array([0.12680441]), array([0.05809785]))","(array([0.12436957]), array([0.05865364]))","(array([0.12203608]), array([0.05918849]))","(array([0.11977935]), array([0.05968181]))","(array([0.11757316]), array([0.06011618]))","(array([0.11540319]), array([0.06047877]))"
(0.13598048984571637+0j),[0.27029067],[1.],[0.49835698],[1.],"(array([0.14146149]), array([0.18452022]))","(array([0.13472355]), array([0.05650403]))","(array([0.13200637]), array([0.05701174]))","(array([0.12935589]), array([0.05754964]))","(array([0.12680767]), array([0.05810544]))","(array([0.12437209]), array([0.05866121]))","(array([0.12203792]), array([0.05919598]))","(array([0.11978054]), array([0.05968916]))","(array([0.11757375]), array([0.06012335]))","(array([0.1154032]), array([0.06048571]))","(array([0.11328099]), array([0.06076818]))"
(0.13188343896334354+0j),[0.27102556],[1.],[0.48972578],[1.],"(array([0.13755577]), array([0.18335277]))","(array([0.13201214]), array([0.05701952]))","(array([0.12936073]), array([0.05755758]))","(array([0.12681162]), array([0.05811347]))","(array([0.12437522]), array([0.05866926]))","(array([0.12204028]), array([0.05920397]))","(array([0.11978219]), array([0.05969705]))","(array([0.11757473]), array([0.06013107]))","(array([0.11540356]), array([0.06049323]))","(array([0.11328077]), array([0.06077544]))","(array([0.1112607]), array([0.06097357]))"
(0.12820428780958587+0j),[0.27137834],[1.],[0.48235711],[1.],"(array([0.13383697]), array([0.18236328]))","(array([0.12936651]), array([0.05756601]))","(array([0.12681643]), array([0.05812204]))","(array([0.12437909]), array([0.05867789]))","(array([0.12204329]), array([0.05921259]))","(array([0.11978441]), array([0.05970558]))","(array([0.11757621]), array([0.06013947]))","(array([0.11540435]), array([0.06050142]))","(array([0.11328091]), array([0.06078339]))","(array([0.11126024]), array([0.06098123]))","(array([0.10945302]), array([0.06109322]))"
(0.12519940822178946+0j),[0.27134315],[1.],[0.47710315],[1.],"(array([0.13044893]), array([0.18169014]))","(array([0.12682226]), array([0.05813126]))","(array([0.12438389]), array([0.05868721]))","(array([0.12204711]), array([0.05922194]))","(array([0.11978732]), array([0.05971488]))","(array([0.1175783]), array([0.06014865]))","(array([0.11540567]), array([0.06051043]))","(array([0.11328151]), array([0.06079216]))","(array([0.11126016]), array([0.06098972]))","(array([0.10945231]), array([0.06110138]))","(array([0.10802483]), array([0.06112604]))"
(0.12312129997469161+0j),[0.27090795],[1.],[0.47481361],[1.],"(array([0.12752486]), array([0.18148615]))","(array([0.1243898]), array([0.05869735]))","(array([0.12205193]), array([0.05923215]))","(array([0.11979111]), array([0.05972508]))","(array([0.11758113]), array([0.06015876]))","(array([0.11540762]), array([0.06052038]))","(array([0.11328265]), array([0.0608019]))","(array([0.11126055]), array([0.06099919]))","(array([0.10945199]), array([0.06111053]))","(array([0.10802384]), array([0.06113482]))","(array([0.10716784]), array([0.06107001]))"
(0.1221400486559365+0j),[0.27005445],[1.],[0.47603284],[1.],"(array([0.12515671]), array([0.18186761]))","(array([0.12205793]), array([0.05924338]))","(array([0.11979596]), array([0.05973634]))","(array([0.11758488]), array([0.06016996]))","(array([0.11541037]), array([0.06053145]))","(array([0.11328446]), array([0.06081276]))","(array([0.1112615]), array([0.06100979]))","(array([0.10945214]), array([0.06112081]))","(array([0.10802325]), array([0.06114473]))","(array([0.10716655]), array([0.0610795]))","(array([0.10703905]), array([0.06092158]))"
(0.12231017521307361+0j),[0.26876202],[1.],[0.48084428],[1.],"(array([0.12337249]), array([0.1828724]))","(array([0.11980207]), array([0.05974884]))","(array([0.11758976]), array([0.06018243]))","(array([0.11541408]), array([0.06054381]))","(array([0.1132871]), array([0.06082494]))","(array([0.11126315]), array([0.06102171]))","(array([0.10945288]), array([0.06113242]))","(array([0.10802314]), array([0.06115597]))","(array([0.10716565]), array([0.06109031]))","(array([0.10703742]), array([0.0609319]))","(array([0.10770896]), array([0.0606762]))"
(0.12359406219550244+0j),[0.26701254],[1.],[0.48894213],[1.],"(array([0.12213876]), array([0.18445576]))","(array([0.11759597]), array([0.06019638]))","(array([0.11541897]), array([0.06055769]))","(array([0.11329076]), array([0.06083865]))","(array([0.11126566]), array([0.06103518]))","(array([0.10945433]), array([0.06114557]))","(array([0.10802361]), array([0.06116873]))","(array([0.10716522]), array([0.06110264]))","(array([0.10703616]), array([0.06094373]))","(array([0.10770694]), array([0.06068747]))","(array([0.10915214]), array([0.06032936]))"
(0.12590538088992878+0j),[0.26479446],[1.],[0.49980735],[1.],"(array([0.12138558]), array([0.18651785]))","(array([0.11542526]), array([0.06057331]))","(array([0.11329564]), array([0.06085414]))","(array([0.11126922]), array([0.06105043]))","(array([0.10945666]), array([0.0611605]))","(array([0.10802481]), array([0.06118328]))","(array([0.10716538]), array([0.06111672]))","(array([0.10703537]), array([0.06095731]))","(array([0.10770528]), array([0.06070047]))","(array([0.1091497]), array([0.06034171]))","(array([0.11127527]), array([0.05987765]))"
(0.12914247507575852+0j),[0.26210619],[1.],[0.51285916],[1.],"(array([0.1210377]), array([0.18893769]))","(array([0.11330197]), array([0.06087165]))","(array([0.11127404]), array([0.06106773]))","(array([0.10946006]), array([0.06117749]))","(array([0.10802691]), array([0.06119986]))","(array([0.10716628]), array([0.06113283]))","(array([0.10703516]), array([0.06097287]))","(array([0.10770408]), array([0.06071543]))","(array([0.1091476]), array([0.060356]))","(array([0.11127237]), array([0.05989121]))","(array([0.11395415]), array([0.05931963]))"
(0.1332051198613478+0j),[0.25896016],[1.],[0.52753975],[1.],"(array([0.12104178]), array([0.19159684]))","(array([0.11128033]), array([0.06108735]))","(array([0.10946475]), array([0.0611968]))","(array([0.10803008]), array([0.06121877]))","(array([0.10716806]), array([0.06115124]))","(array([0.10703567]), array([0.0609907]))","(array([0.10770344]), array([0.06073261]))","(array([0.10914593]), array([0.06037248]))","(array([0.1112698]), array([0.05990692]))","(array([0.11395078]), array([0.05933451]))","(array([0.11706045]), array([0.05865664]))"
(0.1379989478974077+0j),[0.25538842],[1.],[0.54334368],[1.],"(array([0.1213877]), array([0.19439033]))","(array([0.10947091]), array([0.06121871]))","(array([0.10803453]), array([0.06124025]))","(array([0.10717091]), array([0.0611722]))","(array([0.10703706]), array([0.06101105]))","(array([0.1077035]), array([0.06075227]))","(array([0.10914481]), array([0.06039138]))","(array([0.11126764]), array([0.059925]))","(array([0.11394772]), array([0.0593517]))","(array([0.11705662]), array([0.05867291]))","(array([0.12047465]), array([0.05789396]))"
(0.1434328986203285+0j),[0.25144967],[1.],[0.55981561],[1.],"(array([0.12212301]), array([0.19722848]))","(array([0.10804041]), array([0.06126451]))","(array([0.10717499]), array([0.06119592]))","(array([0.10703948]), array([0.06103413]))","(array([0.10770441]), array([0.0607746]))","(array([0.10914438]), array([0.0604129]))","(array([0.11126602]), array([0.05994563]))","(array([0.11394509]), array([0.0593714]))","(array([0.11705311]), array([0.05869161]))","(array([0.12047041]), array([0.05791162]))","(array([0.12408916]), array([0.05704214]))"
(0.14941346833382382+0j),[0.24723485],[1.],[0.57653602],[1.],"(array([0.12335066]), array([0.2000341]))","(array([0.10718042]), array([0.0612225]))","(array([0.10704306]), array([0.06106003]))","(array([0.10770629]), array([0.06079972]))","(array([0.10914474]), array([0.06043713]))","(array([0.11126506]), array([0.05996892]))","(array([0.11394298]), array([0.05939369]))","(array([0.11705003]), array([0.05871285]))","(array([0.12046652]), array([0.05793175]))","(array([0.12408461]), array([0.05706113]))","(array([0.12780642]), array([0.05611845]))"
(0.1558383823628332+0j),[0.24286565],[1.],[0.59310917],[1.],"(array([0.12519583]), array([0.20273849]))","(array([0.10704785]), array([0.06108874]))","(array([0.10770924]), array([0.0608276]))","(array([0.10914601]), array([0.06046409]))","(array([0.11126485]), array([0.05999487]))","(array([0.1139415]), array([0.05941856]))","(array([0.11704748]), array([0.0587366]))","(array([0.12046309]), array([0.05795435]))","(array([0.12408046]), array([0.05708251]))","(array([0.12780172]), array([0.0561386]))","(array([0.13153584]), array([0.05514724]))"
(0.16259226924538359+0j),[0.23848251],[1.],[0.60916201],[1.],"(array([0.12774697]), array([0.20527859]))","(array([0.10771327]), array([0.06085811]))","(array([0.10914824]), array([0.06049362]))","(array([0.11126548]), array([0.06002333]))","(array([0.11394075]), array([0.05944588]))","(array([0.11704556]), array([0.05876274]))","(array([0.12046021]), array([0.05797926]))","(array([0.12407682]), array([0.05710618]))","(array([0.12779748]), array([0.05616097]))","(array([0.13153117]), array([0.0551683]))","(array([0.1351921]), array([0.05415833]))"
(0.16954719152068395+0j),[0.23422556],[1.],[0.62435623],[1.],"(array([0.1310077]), array([0.20759662]))","(array([0.10915143]), array([0.06052546]))","(array([0.11126698]), array([0.06005405]))","(array([0.11394077]), array([0.05947541]))","(array([0.11704435]), array([0.05879102]))","(array([0.12045798]), array([0.05800627]))","(array([0.12407377]), array([0.05713189]))","(array([0.12779382]), array([0.05618536]))","(array([0.13152706]), array([0.05519133]))","(array([0.13518769]), array([0.05417999]))","(array([0.13869621]), array([0.05318347]))"
(0.17657032290956948+0j),[0.23021755],[1.],[0.63841018],[1.],"(array([0.1348927]), array([0.20964235]))","(array([0.11126932]), array([0.06008669]))","(array([0.11394159]), array([0.05950682]))","(array([0.11704387]), array([0.05882113]))","(array([0.12045644]), array([0.05803504]))","(array([0.1240714]), array([0.05715932]))","(array([0.1277908]), array([0.05621145]))","(array([0.13152358]), array([0.05521605]))","(array([0.13518392]), array([0.05420332]))","(array([0.13869228]), array([0.05320541]))","(array([0.14197912]), array([0.05225227]))"
(0.18353970153586244+0j),[0.22655441],[1.],[0.65112595],[1.],"(array([0.13926106]), array([0.21137749]))","(array([0.11394317]), array([0.0595397]))","(array([0.11704414]), array([0.05885269]))","(array([0.12045563]), array([0.05806523]))","(array([0.12406973]), array([0.05718813]))","(array([0.12778849]), array([0.05623887]))","(array([0.1315208]), array([0.05524211]))","(array([0.13518085]), array([0.054228]))","(array([0.13868905]), array([0.05322868]))","(array([0.14197587]), array([0.05227416]))","(array([0.14498726]), array([0.05138923]))"
(0.19036700808247436+0j),[0.2233029],[1.],[0.66241686],[1.],"(array([0.14395739]), array([0.21278139]))","(array([0.11704511]), array([0.05888527]))","(array([0.12045554]), array([0.05809644]))","(array([0.12406879]), array([0.05721792]))","(array([0.12778691]), array([0.05626726]))","(array([0.13151878]), array([0.05526911]))","(array([0.13517853]), array([0.05425364]))","(array([0.1386866]), array([0.05325296]))","(array([0.14197339]), array([0.05229705]))","(array([0.14498485]), array([0.05141077]))","(array([0.14768869]), array([0.05061251]))"
(0.1970215993369746+0j),[0.22050211],[1.],[0.67232613],[1.],"(array([0.14884124]), array([0.21385644]))","(array([0.12045612]), array([0.05812826]))","(array([0.12406856]), array([0.05724834]))","(array([0.12778608]), array([0.05629626]))","(array([0.13151753]), array([0.05529671]))","(array([0.13517701]), array([0.05427988]))","(array([0.13868493]), array([0.05327787]))","(array([0.14197171]), array([0.05232064]))","(array([0.14498325]), array([0.05143302]))","(array([0.14768724]), array([0.05063346]))","(array([0.15007842]), array([0.04993386]))"
(0.20353994388846558+0j),[0.21816576],[1.],[0.68101349],[1.],"(array([0.15379988]), array([0.21463008]))","(array([0.12406901]), array([0.05727896]))","(array([0.12778595]), array([0.05632549]))","(array([0.13151702]), array([0.05532455]))","(array([0.13517628]), array([0.05430635]))","(array([0.1386841]), array([0.05330304]))","(array([0.14197085]), array([0.05234454]))","(array([0.14498247]), array([0.05145567]))","(array([0.14768661]), array([0.05065484]))","(array([0.15007799]), array([0.04995401]))","(array([0.1521791]), array([0.04935911]))"
(0.2099947758404716+0j),[0.21628456],[1.],[0.68867792],[1.],"(array([0.15874584]), array([0.21514759]))","(array([0.12778651]), array([0.05635458]))","(array([0.13151723]), array([0.05535228]))","(array([0.13517631]), array([0.05433276]))","(array([0.13868406]), array([0.05332815]))","(array([0.14197083]), array([0.05236842]))","(array([0.14498252]), array([0.05147836]))","(array([0.14768679]), array([0.05067636]))","(array([0.15007836]), array([0.04997435]))","(array([0.1521797]), array([0.04937832]))","(array([0.15403081]), array([0.04888867]))"
(0.21640831989794737+0j),[0.21482982],[1.],[0.69541043],[1.],"(array([0.16360173]), array([0.21545188]))","(array([0.13151813]), array([0.05537957]))","(array([0.13517705]), array([0.05435876]))","(array([0.13868478]), array([0.05335289]))","(array([0.14197161]), array([0.05239196]))","(array([0.14498339]), array([0.05150077]))","(array([0.14768778]), array([0.05069768]))","(array([0.15007952]), array([0.04999461]))","(array([0.15218107]), array([0.0493975]))","(array([0.1540324]), array([0.04890682]))","(array([0.15566569]), array([0.04851813]))"
(0.22264188204871227+0j),[0.21376098],[1.],[0.70104854],[1.],"(array([0.16827956]), array([0.21555586]))","(array([0.13517848]), array([0.05438404]))","(array([0.1386862]), array([0.05337699]))","(array([0.14197311]), array([0.0524149]))","(array([0.14498503]), array([0.05152262]))","(array([0.14768956]), array([0.0507185]))","(array([0.15008144]), array([0.05001445]))","(array([0.15218315]), array([0.04941638]))","(array([0.15403469]), array([0.04892474]))","(array([0.15566818]), array([0.04853515]))","(array([0.15707492]), array([0.04823949]))"
(0.22835246260747968+0j),[0.2130372],[1.],[0.70516918],[1.],"(array([0.1726687]), array([0.21542715]))","(array([0.13868827]), array([0.05340013]))","(array([0.14197528]), array([0.05243698]))","(array([0.14498736]), array([0.05154366]))","(array([0.14769206]), array([0.05073857]))","(array([0.15008409]), array([0.05003361]))","(array([0.15218594]), array([0.04943469]))","(array([0.15403762]), array([0.0489422]))","(array([0.1556713]), array([0.04855176]))","(array([0.1570782]), array([0.04825531]))","(array([0.15819174]), array([0.04804328]))"
(0.23307717467046044+0j),[0.21262936],[1.],[0.70726509],[1.],"(array([0.17664415]), array([0.21500269]))","(array([0.14197805]), array([0.05245794]))","(array([0.14499028]), array([0.05156367]))","(array([0.14769517]), array([0.05075768]))","(array([0.15008738]), array([0.05005188]))","(array([0.15218936]), array([0.04945217]))","(array([0.15404116]), array([0.04895895]))","(array([0.15567494]), array([0.04856778]))","(array([0.15708199]), array([0.0482706]))","(array([0.15819564]), array([0.04805789]))","(array([0.1589108]), array([0.04792138]))"
(0.23638106129646116+0j),[0.2125274],[1.],[0.70695614],[1.],"(array([0.18009023]), array([0.21422362]))","(array([0.14499372]), array([0.05158247]))","(array([0.14769878]), array([0.05077566]))","(array([0.15009117]), array([0.05006909]))","(array([0.15219332]), array([0.04946866]))","(array([0.15404523]), array([0.04897478]))","(array([0.15567908]), array([0.04858299]))","(array([0.1570862]), array([0.04828519]))","(array([0.15819993]), array([0.04807187]))","(array([0.15891513]), array([0.04793479]))","(array([0.15913193]), array([0.04786925]))"
(0.23796227900691722+0j),[0.21274124],[1.],[0.70408312],[1.],"(array([0.18292242]), array([0.2130623]))","(array([0.14770283]), array([0.05079236]))","(array([0.15009538]), array([0.0500851]))","(array([0.15219768]), array([0.04948403]))","(array([0.15404971]), array([0.04898955]))","(array([0.15568364]), array([0.04859722]))","(array([0.15709077]), array([0.04829892]))","(array([0.15820452]), array([0.04808508]))","(array([0.15891973]), array([0.04794749]))","(array([0.15913648]), array([0.04788148]))","(array([0.15879426]), array([0.04788683]))"
(0.2376829391102897+0j),[0.21329758],[1.],[0.69868261],[1.],"(array([0.18509758]), array([0.21152733]))","(array([0.1500999]), array([0.05009984]))","(array([0.15220233]), array([0.0494982]))","(array([0.15405448]), array([0.0490032]))","(array([0.15568849]), array([0.04861039]))","(array([0.15709565]), array([0.04831165]))","(array([0.15820936]), array([0.0480974]))","(array([0.15892452]), array([0.0479594]))","(array([0.1591412]), array([0.04789297]))","(array([0.15879885]), array([0.04789793]))","(array([0.15788376]), array([0.04797827]))"
(0.23555156235790994+0j),[0.21423579],[1.],[0.69091464],[1.],"(array([0.18661461]), array([0.20965354]))","(array([0.1522072]), array([0.04951113]))","(array([0.15405943]), array([0.04901568]))","(array([0.1556935]), array([0.04862246]))","(array([0.15710069]), array([0.04832334]))","(array([0.15821438]), array([0.04810875]))","(array([0.15892944]), array([0.04797042]))","(array([0.15914601]), array([0.04790365]))","(array([0.15880352]), array([0.04790828]))","(array([0.15788823]), array([0.0479883]))","(array([0.15642217]), array([0.04815105]))"
(0.23168763628798053+0j),[0.2156043],[1.],[0.68099485],[1.],"(array([0.18750804]), array([0.20748832]))","(array([0.15406449]), array([0.049027]))","(array([0.15569861]), array([0.04863342]))","(array([0.15710581]), array([0.04833399]))","(array([0.15821947]), array([0.04811911]))","(array([0.15893445]), array([0.04798051]))","(array([0.15915086]), array([0.04791349]))","(array([0.15880819]), array([0.04791785]))","(array([0.1578927]), array([0.0479976]))","(array([0.15642639]), array([0.04816009]))","(array([0.15445126]), array([0.04841511]))"
(0.22628561479153086+0j),[0.21745695],[1.],[0.66914939],[1.],"(array([0.18783223]), array([0.20508082]))","(array([0.15570374]), array([0.04864331]))","(array([0.15711094]), array([0.04834361]))","(array([0.15822456]), array([0.0481285]))","(array([0.15893945]), array([0.04798969]))","(array([0.15915571]), array([0.04792247]))","(array([0.15881283]), array([0.04792663]))","(array([0.15789712]), array([0.04800617]))","(array([0.15643056]), array([0.04816844]))","(array([0.15445514]), array([0.04842324]))","(array([0.1520202]), array([0.048782]))"
(0.21958511842317963+0j),[0.21984646],[1.],[0.65559323],[1.],"(array([0.1876333]), array([0.20247546]))","(array([0.15711603]), array([0.04835227]))","(array([0.15822959]), array([0.04813696]))","(array([0.15894438]), array([0.04799799]))","(array([0.15916051]), array([0.04793061]))","(array([0.15881743]), array([0.04793462]))","(array([0.15790147]), array([0.04801401]))","(array([0.15643465]), array([0.04817611]))","(array([0.15445894]), array([0.04843073]))","(array([0.1520237]), array([0.04878931]))","(array([0.14917814]), array([0.04926375]))"
(0.21184814851323847+0j),[0.2228127],[1.],[0.6405261],[1.],"(array([0.18691644]), array([0.1997097]))","(array([0.15823455]), array([0.04814458]))","(array([0.15894923]), array([0.04800547]))","(array([0.15916521]), array([0.04793798]))","(array([0.15882195]), array([0.04794188]))","(array([0.15790575]), array([0.04802116]))","(array([0.15643865]), array([0.04818314]))","(array([0.15446266]), array([0.04843762]))","(array([0.15202711]), array([0.04879606]))","(array([0.14918123]), array([0.04927034]))","(array([0.14597129]), array([0.04987078]))"
(0.20334116472704397+0j),[0.22636751],[1.],[0.6241375],[1.],"(array([0.18563159]), array([0.19681473]))","(array([0.158954]), array([0.04801224]))","(array([0.15916983]), array([0.04794466]))","(array([0.15882638]), array([0.04794848]))","(array([0.15790996]), array([0.04802768]))","(array([0.15644259]), array([0.04818958]))","(array([0.1544663]), array([0.04844397]))","(array([0.15203045]), array([0.04880229]))","(array([0.14918426]), array([0.04927646]))","(array([0.14597399]), array([0.04987676]))","(array([0.14244309]), array([0.05060888]))"
(0.19431935007186213+0j),[0.23048305],[1.],[0.60661137],[1.],"(array([0.18369602]), array([0.19381776]))","(array([0.15917438]), array([0.04795075]))","(array([0.15883074]), array([0.04795451]))","(array([0.15791409]), array([0.04803366]))","(array([0.15644647]), array([0.04819551]))","(array([0.1544699]), array([0.04844984]))","(array([0.15203374]), array([0.04880809]))","(array([0.14918724]), array([0.04928216]))","(array([0.14597666]), array([0.04988236]))","(array([0.14244543]), array([0.05061435]))","(array([0.13863534]), array([0.05147614]))"
(0.18501196142890652+0j),[0.23508996],[1.],[0.58812341],[1.],"(array([0.1810395]), array([0.1907438]))","(array([0.15883507]), array([0.04796009]))","(array([0.15791819]), array([0.0480392]))","(array([0.15645032]), array([0.04820101]))","(array([0.15447348]), array([0.04845531]))","(array([0.15203702]), array([0.04881351]))","(array([0.14919021]), array([0.04928752]))","(array([0.14597931]), array([0.04988764]))","(array([0.14244777]), array([0.05061954]))","(array([0.13863735]), array([0.05148122]))","(array([0.13458846]), array([0.05246154]))"
(0.17560997177179113+0j),[0.24008504],[1.],[0.5688302],[1.],"(array([0.1776371]), array([0.18761558]))","(array([0.15792232]), array([0.0480444]))","(array([0.15645418]), array([0.04820619]))","(array([0.15447706]), array([0.04846047]))","(array([0.15204032]), array([0.04881864]))","(array([0.1491932]), array([0.04929261]))","(array([0.14598199]), array([0.04989268]))","(array([0.14245013]), array([0.05062451]))","(array([0.1386394]), array([0.0514861]))","(array([0.13459019]), array([0.05246632]))","(array([0.13034003]), array([0.05354558]))"
(0.16625919834912542+0j),[0.24534348],[1.],[0.54885655],[1.],"(array([0.17351334]), array([0.18445208]))","(array([0.15645812]), array([0.04821113]))","(array([0.15448071]), array([0.0484654]))","(array([0.15204367]), array([0.04882356]))","(array([0.14919625]), array([0.04929751]))","(array([0.14598472]), array([0.04989754]))","(array([0.14245254]), array([0.05062932]))","(array([0.13864149]), array([0.05149084]))","(array([0.13459197]), array([0.05247097]))","(array([0.1303415]), array([0.05355013]))","(array([0.12592206]), array([0.05470253]))"
(0.1570628830601436+0j),[0.25073079],[1.],[0.52829402],[1.],"(array([0.16872788]), array([0.18126758]))","(array([0.15448447]), array([0.04847016]))","(array([0.15204712]), array([0.04882832]))","(array([0.14919938]), array([0.04930226]))","(array([0.14598754]), array([0.04990228]))","(array([0.14245504]), array([0.05063402]))","(array([0.13864367]), array([0.05149549]))","(array([0.13459383]), array([0.05247556]))","(array([0.13034305]), array([0.05355462]))","(array([0.1259233]), array([0.05470692]))","(array([0.12135933]), array([0.05590322]))"
(0.14809443791800483+0j),[0.25611175],[1.],[0.50722135],[1.],"(array([0.16335876]), array([0.17807374]))","(array([0.15205071]), array([0.04883297]))","(array([0.14920265]), array([0.04930692]))","(array([0.14599047]), array([0.04990692]))","(array([0.14245765]), array([0.05063865]))","(array([0.13864595]), array([0.05150009]))","(array([0.13459578]), array([0.0524801]))","(array([0.13034468]), array([0.05355909]))","(array([0.12592463]), array([0.0547113]))","(array([0.12136036]), array([0.0559075]))","(array([0.11667143]), array([0.05711733]))"
(0.13941408455140872+0j),[0.26135556],[1.],[0.48574125],[1.],"(array([0.15749158]), array([0.17488507]))","(array([0.14920607]), array([0.0493115]))","(array([0.14599356]), array([0.04991151]))","(array([0.14246039]), array([0.05064323]))","(array([0.13864835]), array([0.05150465]))","(array([0.13459785]), array([0.05248462]))","(array([0.13034643]), array([0.05356356]))","(array([0.12592606]), array([0.05471569]))","(array([0.12136148]), array([0.05591179]))","(array([0.11667225]), array([0.05712151]))","(array([0.11187911]), array([0.05831497]))"
(0.13108106736235672+0j),[0.26633801],[1.],[0.4640166],[1.],"(array([0.15121543]), array([0.17172529]))","(array([0.14599682]), array([0.04991605]))","(array([0.14246329]), array([0.05064777]))","(array([0.13865091]), array([0.05150918]))","(array([0.13460006]), array([0.05248913]))","(array([0.1303483]), array([0.05356803]))","(array([0.1259276]), array([0.05472009]))","(array([0.12136271]), array([0.05591611]))","(array([0.11667318]), array([0.05712573]))","(array([0.11187975]), array([0.05831907]))","(array([0.10701257]), array([0.05946752]))"
(0.12316011775311346+0j),[0.27094214],[1.],[0.44230033],[1.],"(array([0.14462354]), array([0.16863189]))","(array([0.1424664]), array([0.05065229]))","(array([0.13865364]), array([0.0515137]))","(array([0.13460243]), array([0.05249364]))","(array([0.13035033]), array([0.0535725]))","(array([0.12592929]), array([0.05472452]))","(array([0.12136407]), array([0.05592047]))","(array([0.11667422]), array([0.05713]))","(array([0.1118805]), array([0.05832323]))","(array([0.10701303]), array([0.05947156]))","(array([0.10211879]), array([0.0605479]))"
(0.1157271455147736+0j),[0.27505835],[1.],[0.4209715],[1.],"(array([0.13781705]), array([0.1656595]))","(array([0.13865658]), array([0.05151821]))","(array([0.134605]), array([0.05249815]))","(array([0.13035253]), array([0.053577]))","(array([0.12593114]), array([0.05472898]))","(array([0.12136558]), array([0.05592487]))","(array([0.11667541]), array([0.05713432]))","(array([0.11188137]), array([0.05832746]))","(array([0.10701361]), array([0.05947567]))","(array([0.10211909]), array([0.06055188]))","(array([0.09726904]), array([0.06153063]))"
(0.10887805823523382+0j),[0.27858431],[1.],[0.40059254],[1.],"(array([0.13091145]), array([0.16288604]))","(array([0.13460782]), array([0.05250269]))","(array([0.13035495]), array([0.05358154]))","(array([0.12593319]), array([0.0547335]))","(array([0.12136728]), array([0.05592934]))","(array([0.11667677]), array([0.05713873]))","(array([0.1118824]), array([0.05833178]))","(array([0.10701433]), array([0.05947989]))","(array([0.10211952]), array([0.06055598]))","(array([0.09726919]), array([0.06153459]))","(array([0.09256936]), array([0.06239186]))"
(0.1027392329300203+0j),[0.28142431],[1.],[0.38198459],[1.],"(array([0.12404441]), array([0.16042418]))","(array([0.13035766]), array([0.05358615]))","(array([0.1259355]), array([0.05473811]))","(array([0.12136921]), array([0.05593392]))","(array([0.11667834]), array([0.05714326]))","(array([0.11188363]), array([0.05833624]))","(array([0.10701523]), array([0.05948425]))","(array([0.1021201]), array([0.06056023]))","(array([0.09726948]), array([0.06153871]))","(array([0.09256938]), array([0.06239584]))","(array([0.08817557]), array([0.06310927]))"
(0.09747025724000194+0j),[0.28348781],[1.],[0.3662714],[1.],"(array([0.11738127]), array([0.1584336]))","(array([0.12593814]), array([0.05474287]))","(array([0.12137144]), array([0.05593867]))","(array([0.11668017]), array([0.05714797]))","(array([0.11188509]), array([0.05834089]))","(array([0.10701634]), array([0.05948882]))","(array([0.10212088]), array([0.0605647]))","(array([0.09726995]), array([0.06154306]))","(array([0.09256955]), array([0.06240004]))","(array([0.08817546]), array([0.06311332]))","(array([0.08430678]), array([0.06366184]))"
(0.09324201565287257+0j),[0.28468841],[1.],[0.35477155],[1.],"(array([0.11110901]), array([0.15711701]))","(array([0.12137404]), array([0.05594365]))","(array([0.11668235]), array([0.05715293]))","(array([0.11188686]), array([0.05834581]))","(array([0.10701772]), array([0.05949367]))","(array([0.1021219]), array([0.06056945]))","(array([0.09727062]), array([0.06154769]))","(array([0.0925699]), array([0.06240455]))","(array([0.08817551]), array([0.06311767]))","(array([0.08430654]), array([0.06366602]))","(array([0.08123827]), array([0.06402959]))"
(0.09018404113623753+0j),[0.28494581],[1.],[0.34864198],[1.],"(array([0.10540837]), array([0.15667759]))","(array([0.11668494]), array([0.05715823]))","(array([0.111889]), array([0.05835108]))","(array([0.10701944]), array([0.05949888]))","(array([0.10212321]), array([0.06057457]))","(array([0.09727155]), array([0.06155271]))","(array([0.09257046]), array([0.06240943]))","(array([0.08817574]), array([0.0631224]))","(array([0.08430646]), array([0.06367059]))","(array([0.0812379]), array([0.06403397]))","(array([0.07924926]), array([0.06419361]))"
(0.08833487940616505+0j),[0.28419238],[1.],[0.34843862],[1.],"(array([0.10041013]), array([0.15724399]))","(array([0.1118916]), array([0.05835677]))","(array([0.10702156]), array([0.05950453]))","(array([0.10212488]), array([0.06058015]))","(array([0.09727279]), array([0.06155819]))","(array([0.0925713]), array([0.06241478]))","(array([0.08817619]), array([0.06312761]))","(array([0.08430656]), array([0.06367562]))","(array([0.08123768]), array([0.06403881]))","(array([0.07924873]), array([0.06419825]))","(array([0.07853298]), array([0.06413708]))"
(0.08763988268387296+0j),[0.28238267],[1.],[0.35395293],[1.],"(array([0.09616578]), array([0.15881389]))","(array([0.10702417]), array([0.05951071]))","(array([0.10212698]), array([0.06058627]))","(array([0.09727441]), array([0.06156422]))","(array([0.09257246]), array([0.06242069]))","(array([0.08817692]), array([0.06313337]))","(array([0.08430689]), array([0.06368121]))","(array([0.08123763]), array([0.06404421]))","(array([0.07924835]), array([0.06420343]))","(array([0.07853229]), array([0.06414204]))","(array([0.07912864]), array([0.06384712]))"
(0.0879871272458954+0j),[0.27950186],[1.],[0.36440046],[1.],"(array([0.09265535]), array([0.16125825]))","(array([0.1021296]), array([0.06059302]))","(array([0.09727648]), array([0.06157089]))","(array([0.09257401]), array([0.06242725]))","(array([0.08817799]), array([0.06313978]))","(array([0.08430749]), array([0.06368745]))","(array([0.08123781]), array([0.06405025]))","(array([0.07924814]), array([0.06420925]))","(array([0.07853172]), array([0.06414761]))","(array([0.07912775]), array([0.06385244]))","(array([0.08092416]), array([0.06331689]))"
(0.08924206256947985+0j),[0.27557098],[1.],[0.37872487],[1.],"(array([0.0898213]), array([0.16437052]))","(array([0.09727908]), array([0.0615783]))","(array([0.09257603]), array([0.06243455]))","(array([0.08817945]), array([0.06314694]))","(array([0.08430843]), array([0.06369444]))","(array([0.08123826]), array([0.06405703]))","(array([0.07924814]), array([0.0642158]))","(array([0.07853132]), array([0.06415391]))","(array([0.07912698]), array([0.06385846]))","(array([0.08092306]), array([0.06332261]))","(array([0.08371182]), array([0.06254709]))"
(0.09126461567221984+0j),[0.27064945],[1.],[0.39582777],[1.],"(array([0.08760539]), array([0.16791927]))","(array([0.0925786]), array([0.06244271]))","(array([0.08818139]), array([0.06315496]))","(array([0.08430977]), array([0.06370229]))","(array([0.08123904]), array([0.06406467]))","(array([0.0792484]), array([0.0642232]))","(array([0.07853111]), array([0.06416103]))","(array([0.07912635]), array([0.06386529]))","(array([0.08092205]), array([0.06332913]))","(array([0.08371048]), array([0.06255328]))","(array([0.08724851]), array([0.06154682]))"
(0.09391366805261643+0j),[0.2648367],[1.],[0.4146889],[1.],"(array([0.08597851]), array([0.17168265]))","(array([0.0881839]), array([0.06316398]))","(array([0.08431159]), array([0.06371113]))","(array([0.08124023]), array([0.0640733]))","(array([0.07924899]), array([0.06423158]))","(array([0.07853115]), array([0.06416913]))","(array([0.0791259]), array([0.06387307]))","(array([0.08092116]), array([0.06333658]))","(array([0.08370921]), array([0.06256036]))","(array([0.08724691]), array([0.06155354]))","(array([0.09129514]), array([0.06033403]))"
(0.09704640501447342+0j),[0.25827465],[1.],[0.43440855],[1.],"(array([0.08496446]), array([0.17546438]))","(array([0.08431401]), array([0.06372113]))","(array([0.0812419]), array([0.06408308]))","(array([0.07924998]), array([0.0642411]))","(array([0.07853151]), array([0.06417835]))","(array([0.07912568]), array([0.06388196]))","(array([0.08092043]), array([0.0633451]))","(array([0.08370804]), array([0.06256849]))","(array([0.08724534]), array([0.06156126]))","(array([0.09129325]), array([0.06034134]))","(array([0.09563505]), array([0.05893598]))"
(0.10051683246499084+0j),[0.2511509],[1.],[0.45420974],[1.],"(array([0.08465545]), array([0.17909831]))","(array([0.08124417]), array([0.0640942]))","(array([0.07925146]), array([0.06425194]))","(array([0.07853226]), array([0.06418887]))","(array([0.07912577]), array([0.06389212]))","(array([0.08091992]), array([0.06335486]))","(array([0.083707]), array([0.06257784]))","(array([0.08724385]), array([0.06157016]))","(array([0.09129137]), array([0.06034978]))","(array([0.09563286]), array([0.05894394]))","(array([0.10007911]), array([0.0573899]))"
(0.10417581608880301+0j),[0.24369877],[1.],[0.47342866],[1.],"(array([0.08520427]), array([0.18244765]))","(array([0.07925352]), array([0.06426429]))","(array([0.07853347]), array([0.06420088]))","(array([0.07912621]), array([0.06390374]))","(array([0.08091968]), array([0.06336606]))","(array([0.08370615]), array([0.06258857]))","(array([0.08724247]), array([0.06158041]))","(array([0.09128954]), array([0.06035952]))","(array([0.09563065]), array([0.05895316]))","(array([0.1000766]), array([0.05739857]))","(array([0.10446495]), array([0.0557434]))"
(0.10787423959628173+0j),[0.23618701],[1.],[0.49151155],[1.],"(array([0.08677237]), array([0.18540326]))","(array([0.07853523]), array([0.06421454]))","(array([0.07912709]), array([0.06391698]))","(array([0.08091976]), array([0.06337884]))","(array([0.08370553]), array([0.06260085]))","(array([0.08724123]), array([0.06159215]))","(array([0.09128778]), array([0.06037071]))","(array([0.09562846]), array([0.05896377]))","(array([0.10007406]), array([0.05740859]))","(array([0.10446213]), array([0.05575281]))","(array([0.10865561]), array([0.05405327]))"
(0.1114702600600366+0j),[0.22889553],[1.],[0.50802436],[1.],"(array([0.08944379]), array([0.18788322]))","(array([0.07912847]), array([0.06393197]))","(array([0.08092024]), array([0.06339332]))","(array([0.0837052]), array([0.06261478]))","(array([0.0872402]), array([0.06160551]))","(array([0.09128615]), array([0.06038345]))","(array([0.09562633]), array([0.05897589]))","(array([0.10007151]), array([0.05742006]))","(array([0.10445926]), array([0.05576361]))","(array([0.1086525]), array([0.0540634]))","(array([0.11254024]), array([0.05238154]))"
(0.11484085106030997+0j),[0.22208459],[1.],[0.52267095],[1.],"(array([0.09316402]), array([0.18983423]))","(array([0.08092114]), array([0.06340958]))","(array([0.08370519]), array([0.06263046]))","(array([0.08723941]), array([0.06162055]))","(array([0.09128468]), array([0.06039782]))","(array([0.09562429]), array([0.05898957]))","(array([0.10006901]), array([0.05743304]))","(array([0.10445639]), array([0.05577587]))","(array([0.10864934]), array([0.05407492]))","(array([0.11253688]), array([0.05239232]))","(array([0.11603713]), array([0.05078917]))"
(0.11789701192441086+0j),[0.21597046],[1.],[0.53531216],[1.],"(array([0.09775021]), array([0.19123405]))","(array([0.08370555]), array([0.0626479]))","(array([0.08723889]), array([0.06163731]))","(array([0.09128341]), array([0.06041386]))","(array([0.09562238]), array([0.05900486]))","(array([0.10006659]), array([0.05744757]))","(array([0.10445355]), array([0.05578963]))","(array([0.10864619]), array([0.05408789]))","(array([0.11253348]), array([0.05240448]))","(array([0.11603356]), array([0.05080053]))","(array([0.11909775]), array([0.04932987]))"
(0.12060167569714965+0j),[0.21071424],[1.],[0.5459837],[1.],"(array([0.10295232]), array([0.19209465]))","(array([0.08723866]), array([0.06165581]))","(array([0.09128236]), array([0.06043158]))","(array([0.09562065]), array([0.05902177]))","(array([0.10006429]), array([0.05746365]))","(array([0.1044508]), array([0.05580487]))","(array([0.10864308]), array([0.05410229]))","(array([0.11253011]), array([0.05241803]))","(array([0.11603]), array([0.05081321]))","(array([0.11909406]), array([0.04934171]))","(array([0.12171086]), array([0.0480461]))"
(0.12298924522040304+0j),[0.2064209],[1.],[0.55491586],[1.],"(array([0.10851657]), array([0.19246595]))","(array([0.09128156]), array([0.06045099]))","(array([0.0956191]), array([0.05904031]))","(array([0.10006214]), array([0.05748129]))","(array([0.10444817]), array([0.05582161]))","(array([0.10864007]), array([0.05411812]))","(array([0.11252681]), array([0.05243296]))","(array([0.11602649]), array([0.05082723]))","(array([0.1190904]), array([0.04935481]))","(array([0.12170711]), array([0.0480583]))","(array([0.12390663]), array([0.04696771]))"
(0.12518337892270182+0j),[0.2031428],[1.],[0.56255138],[1.],"(array([0.11422675]), array([0.19244012]))","(array([0.09561776]), array([0.05906047]))","(array([0.10006016]), array([0.0575005]))","(array([0.10444568]), array([0.05583984]))","(array([0.10863719]), array([0.05413538]))","(array([0.11252363]), array([0.05244925]))","(array([0.11602308]), array([0.05084257]))","(array([0.11908684]), array([0.04936919]))","(array([0.12170344]), array([0.04807173]))","(array([0.12390289]), array([0.0469802]))","(array([0.12576089]), array([0.04611231]))"
(0.12740274477951327+0j),[0.20088395],[1.],[0.56953696],[1.],"(array([0.11992233]), array([0.19215349]))","(array([0.10005836]), array([0.05752128]))","(array([0.10444336]), array([0.05585958]))","(array([0.10863447]), array([0.05415408]))","(array([0.11252061]), array([0.05246692]))","(array([0.11601983]), array([0.05085922]))","(array([0.11908341]), array([0.04938483]))","(array([0.1216999]), array([0.04808638]))","(array([0.12389929]), array([0.04699386]))","(array([0.12575726]), array([0.04612501]))","(array([0.12739625]), array([0.04548615]))"
(0.12993867857322497+0j),[0.19960395],[1.],[0.57664524],[1.],"(array([0.12549789]), array([0.1917793]))","(array([0.10444123]), array([0.05588085]))","(array([0.10863194]), array([0.05417423]))","(array([0.11251778]), array([0.05248596]))","(array([0.11601678]), array([0.05087717]))","(array([0.1190802]), array([0.04940173]))","(array([0.12169656]), array([0.04810224]))","(array([0.12389587]), array([0.0470087]))","(array([0.12575381]), array([0.04613883]))","(array([0.1273928]), array([0.04549899]))","(array([0.12897239]), array([0.04508505]))"
(0.13309705482801973+0j),[0.19922138],[1.],[0.58460907],[1.],"(array([0.13088797]), array([0.1915048]))","(array([0.10862961]), array([0.05419584]))","(array([0.11251517]), array([0.0525064]))","(array([0.11601398]), array([0.05089645]))","(array([0.11907726]), array([0.04941987]))","(array([0.12169351]), array([0.04811929]))","(array([0.12389274]), array([0.04702469]))","(array([0.12575062]), array([0.04615379]))","(array([0.12738962]), array([0.04551292]))","(array([0.12896925]), array([0.04509799]))","(array([0.13065873]), array([0.04489524]))"
(0.13711315223811504+0j),[0.19961849],[1.],[0.59390077],[1.],"(array([0.13604314]), array([0.19149281]))","(array([0.11251283]), array([0.05252819]))","(array([0.11601147]), array([0.05091702]))","(array([0.11907463]), array([0.04943924]))","(array([0.12169081]), array([0.0481375]))","(array([0.12388997]), array([0.04704179]))","(array([0.12574781]), array([0.04616981]))","(array([0.12738679]), array([0.0455279]))","(array([0.12896646]), array([0.04511195]))","(array([0.13065603]), array([0.04490821]))","(array([0.13259087]), array([0.04489422]))"
(0.14206220205838088+0j),[0.20065001],[1.],[0.6045357],[1.],"(array([0.14090585]), array([0.19183784]))","(array([0.1160093]), array([0.05093881]))","(array([0.11907239]), array([0.04945978]))","(array([0.12168853]), array([0.04815682]))","(array([0.12388767]), array([0.04705993]))","(array([0.12574548]), array([0.04618684]))","(array([0.12738444]), array([0.04554387]))","(array([0.12896413]), array([0.04512688]))","(array([0.13065379]), array([0.04492214]))","(array([0.13258879]), array([0.04490719]))","(array([0.1348236]), array([0.04505231]))"
(0.14781674253604027+0j),[0.20215682],[1.],[0.61604019],[1.],"(array([0.14539842]), array([0.19253878]))","(array([0.11907059]), array([0.04948137]))","(array([0.12168674]), array([0.04817713]))","(array([0.1238859]), array([0.04707902]))","(array([0.12574373]), array([0.04620477]))","(array([0.12738271]), array([0.04556069]))","(array([0.12896242]), array([0.04514266]))","(array([0.13065214]), array([0.04493693]))","(array([0.13258727]), array([0.04492101]))","(array([0.1348223]), array([0.04506521]))","(array([0.13730518]), array([0.04533515]))"
(0.15409604934005797+0j),[0.20398175],[1.],[0.62766067],[1.],"(array([0.1494342]), array([0.19351192]))","(array([0.12168551]), array([0.04819827]))","(array([0.12388474]), array([0.0470989]))","(array([0.12574264]), array([0.04622344]))","(array([0.12738168]), array([0.04557823]))","(array([0.12896144]), array([0.04515914]))","(array([0.13065123]), array([0.04495241]))","(array([0.13258647]), array([0.04493555]))","(array([0.1348217]), array([0.04507885]))","(array([0.13730484]), array([0.04534793]))","(array([0.13989755]), array([0.04570716]))"
(0.1605728739134223+0j),[0.20598325],[1.],[0.63866502],[1.],"(array([0.15294765]), array([0.19463863]))","(array([0.12388426]), array([0.04711932]))","(array([0.12574229]), array([0.04624265]))","(array([0.12738144]), array([0.04559628]))","(array([0.12896131]), array([0.04517611]))","(array([0.1306512]), array([0.04496838]))","(array([0.13258656]), array([0.0449506]))","(array([0.13482195]), array([0.04509304]))","(array([0.13730533]), array([0.0453613]))","(array([0.13989833]), array([0.04571975]))","(array([0.14243409]), array([0.04613487]))"
(0.16696412466864738+0j),[0.20804488],[1.],[0.64853815],[1.],"(array([0.15592418]), array([0.19581368]))","(array([0.12574273]), array([0.04626209]))","(array([0.12738205]), array([0.04561458]))","(array([0.12896208]), array([0.04519333]))","(array([0.13065212]), array([0.04498461]))","(array([0.13258764]), array([0.04496592]))","(array([0.13482319]), array([0.04510753]))","(array([0.13730677]), array([0.04537504]))","(array([0.13990004]), array([0.04573277]))","(array([0.1424361]), array([0.04614721]))","(array([0.14477549]), array([0.04658956]))"
(0.17307530245147895+0j),[0.21008112],[1.],[0.65702974],[1.],"(array([0.1584165]), array([0.19696981]))","(array([0.12738354]), array([0.0456328]))","(array([0.12896378]), array([0.0452105]))","(array([0.13065404]), array([0.04500081]))","(array([0.13258977]), array([0.04498124]))","(array([0.13482553]), array([0.04512207]))","(array([0.1373093]), array([0.04538887]))","(array([0.13990278]), array([0.04574596]))","(array([0.14243909]), array([0.04615979]))","(array([0.14477875]), array([0.04660157]))","(array([0.14683672]), array([0.04704884]))"
(0.17880826521569193+0j),[0.21204096],[1.],[0.66411418],[1.],"(array([0.16054512]), array([0.19807953]))","(array([0.12896644]), array([0.0452273]))","(array([0.13065695]), array([0.04501669]))","(array([0.13259294]), array([0.04499629]))","(array([0.13482896]), array([0.04513637]))","(array([0.13731297]), array([0.04540252]))","(array([0.13990665]), array([0.04575904]))","(array([0.14244315]), array([0.04617236]))","(array([0.14478303]), array([0.04661366]))","(array([0.1468412]), array([0.04706047]))","(array([0.14858746]), array([0.04749762]))"
(0.18414865093112573+0j),[0.2139087],[1.],[0.66992046],[1.],"(array([0.16248205]), array([0.19914533]))","(array([0.13066084]), array([0.04503196]))","(array([0.13259714]), array([0.04501078]))","(array([0.13483346]), array([0.04515018]))","(array([0.13731775]), array([0.04541575]))","(array([0.13991166]), array([0.04577177]))","(array([0.14244834]), array([0.04618467]))","(array([0.14478835]), array([0.04662557]))","(array([0.14684668]), array([0.04707201]))","(array([0.14859307]), array([0.04750882]))","(array([0.15003957]), array([0.04792853]))"
(0.18914353447594737+0j),[0.2157],[1.],[0.67466145],[1.],"(array([0.16441579]), array([0.20018675]))","(array([0.1326023]), array([0.04502448]))","(array([0.13483896]), array([0.04516328]))","(array([0.13732358]), array([0.04542833]))","(array([0.13991777]), array([0.04578393]))","(array([0.14245464]), array([0.04619648]))","(array([0.14479477]), array([0.0466371]))","(array([0.14685316]), array([0.04708327]))","(array([0.14859963]), array([0.04751982]))","(array([0.15004616]), array([0.04793929]))","(array([0.15123124]), array([0.04834157]))"
(0.19387495746431885+0j),[0.21745142],[1.],[0.6785733],[1.],"(array([0.16650182]), array([0.20122776]))","(array([0.13484542]), array([0.04517545]))","(array([0.13733039]), array([0.04544008]))","(array([0.13992488]), array([0.04579534]))","(array([0.14246199]), array([0.04620763]))","(array([0.14480225]), array([0.04664804]))","(array([0.14686068]), array([0.04709405]))","(array([0.14860713]), array([0.04753045]))","(array([0.15005364]), array([0.04794977]))","(array([0.15123864]), array([0.04835191]))","(array([0.15221243]), array([0.04874253]))"
(0.19843294566335873+0j),[0.21920381],[1.],[0.68186844],[1.],"(array([0.16881222]), array([0.2022864]))","(array([0.13733811]), array([0.04545084]))","(array([0.13993293]), array([0.04580586]))","(array([0.14247028]), array([0.04621797]))","(array([0.14481071]), array([0.04665827]))","(array([0.14686918]), array([0.0471042]))","(array([0.14861557]), array([0.04754055]))","(array([0.15006198]), array([0.04795981]))","(array([0.15124686]), array([0.04836189]))","(array([0.15222047]), array([0.04875247]))","(array([0.15303293]), array([0.04913997]))"
(0.20289136456298296+0j),[0.22098357],[1.],[0.68470359],[1.],"(array([0.1713089]), array([0.20336778]))","(array([0.13994183]), array([0.04581536]))","(array([0.14247945]), array([0.04622739]))","(array([0.14482005]), array([0.04666766]))","(array([0.14687858]), array([0.04711362]))","(array([0.14862492]), array([0.04755]))","(array([0.15007118]), array([0.0479693]))","(array([0.15125586]), array([0.04837141]))","(array([0.15222924]), array([0.04876202]))","(array([0.15304141]), array([0.04914955]))","(array([0.15373362]), array([0.04954125]))"
(0.2072895309027322+0j),[0.22278997],[1.],[0.68716262],[1.],"(array([0.17386422]), array([0.20446094]))","(array([0.14248943]), array([0.04623579]))","(array([0.14483019]), array([0.04667614]))","(array([0.1468888]), array([0.0471222]))","(array([0.1486351]), array([0.04755871]))","(array([0.1500812]), array([0.04797814]))","(array([0.15126563]), array([0.04838038]))","(array([0.15223872]), array([0.04877108]))","(array([0.15305056]), array([0.04915871]))","(array([0.15374237]), array([0.04955051]))","(array([0.15434103]), array([0.04994908]))"
(0.21161986288708598+0j),[0.2245941],[1.],[0.68925009],[1.],"(array([0.17631882]), array([0.20553923]))","(array([0.14484108]), array([0.04668361]))","(array([0.14689975]), array([0.04712988]))","(array([0.148646]), array([0.04756661]))","(array([0.15009195]), array([0.04798626]))","(array([0.15127614]), array([0.0483887]))","(array([0.15224888]), array([0.0487796]))","(array([0.15306034]), array([0.04916739]))","(array([0.15375172]), array([0.04955935]))","(array([0.15434987]), array([0.04995806]))","(array([0.15486472]), array([0.05035992]))"
(0.2158157984387225+0j),[0.22634861],[1.],[0.69088457],[1.],"(array([0.17853596]), array([0.206562]))","(array([0.14691137]), array([0.04713659]))","(array([0.14865757]), array([0.04757362]))","(array([0.15010336]), array([0.04799359]))","(array([0.15128729]), array([0.04839633]))","(array([0.15225968]), array([0.04878749]))","(array([0.1530707]), array([0.04917552]))","(array([0.1537616]), array([0.04956769]))","(array([0.15435923]), array([0.0499666]))","(array([0.15487349]), array([0.05036865]))","(array([0.15529579]), array([0.05076504]))"
(0.21972904361130874+0j),[0.22800278],[1.],[0.69187553],[1.],"(array([0.18042446]), array([0.20747472]))","(array([0.14866973]), array([0.0475797]))","(array([0.15011534]), array([0.04800005]))","(array([0.15129899]), array([0.04840318]))","(array([0.15227102]), array([0.0487947]))","(array([0.15308161]), array([0.04918305]))","(array([0.15377199]), array([0.0495755]))","(array([0.15436906]), array([0.04997465]))","(array([0.15488269]), array([0.05037693]))","(array([0.15530431]), array([0.05077353]))","(array([0.1556034]), array([0.05115325]))"
(0.22309782929205274+0j),[0.22951894],[1.],[0.69188886],[1.],"(array([0.18193287]), array([0.20820594]))","(array([0.15012782]), array([0.04800563]))","(array([0.15131119]), array([0.0484092]))","(array([0.15228284]), array([0.04880116]))","(array([0.15309296]), array([0.04918991]))","(array([0.15378281]), array([0.04958272]))","(array([0.15437928]), array([0.04998218]))","(array([0.15489228]), array([0.05038473]))","(array([0.15531321]), array([0.05078157]))","(array([0.15561155]), array([0.0511615]))","(array([0.15572826]), array([0.05151441]))"
(0.22555259189692842+0j),[0.23088688],[1.],[0.69046865],[1.],"(array([0.18303314]), array([0.20866837]))","(array([0.15132378]), array([0.04841439]))","(array([0.15229503]), array([0.04880684]))","(array([0.15310467]), array([0.04919606]))","(array([0.15379397]), array([0.0495893]))","(array([0.15438983]), array([0.04998914]))","(array([0.15490217]), array([0.05039201]))","(array([0.1553224]), array([0.05078913]))","(array([0.15561998]), array([0.05116931]))","(array([0.1557359]), array([0.05152242]))","(array([0.15558127]), array([0.05184294]))"
(0.22672059241702658+0j),[0.23213149],[1.],[0.68719115],[1.],"(array([0.18371254]), array([0.20877714]))","(array([0.15230753]), array([0.04881172]))","(array([0.15311668]), array([0.04920146]))","(array([0.15380541]), array([0.04959519]))","(array([0.15440064]), array([0.04999548]))","(array([0.15491229]), array([0.05039873]))","(array([0.1553318]), array([0.05079618]))","(array([0.15562864]), array([0.05117663]))","(array([0.15574377]), array([0.05152998]))","(array([0.15558831]), array([0.0518507]))","(array([0.15506351]), array([0.05214045]))"
(0.22637318282295402+0j),[0.23330966],[1.],[0.68185228],[1.],"(array([0.18397779]), array([0.20848169]))","(array([0.1531289]), array([0.04920611]))","(array([0.15381705]), array([0.04960037]))","(array([0.15441163]), array([0.05000116]))","(array([0.15492259]), array([0.05040486]))","(array([0.15534137]), array([0.05080269]))","(array([0.15563744]), array([0.05118346]))","(array([0.15575179]), array([0.05153707]))","(array([0.15559552]), array([0.05185801]))","(array([0.15506988]), array([0.05214794]))","(array([0.15410461]), array([0.05241626]))"
(0.22448366765869968+0j),[0.23449809],[1.],[0.67450992],[1.],"(array([0.18385739]), array([0.20778403]))","(array([0.15382882]), array([0.04960485]))","(array([0.15442275]), array([0.05000617]))","(array([0.154933]), array([0.05041036]))","(array([0.15535103]), array([0.05080863]))","(array([0.15564633]), array([0.05118976]))","(array([0.15575989]), array([0.05154368]))","(array([0.15560283]), array([0.05186485]))","(array([0.15507638]), array([0.05215498]))","(array([0.15411029]), array([0.05242345]))","(array([0.1526883]), array([0.05268559]))"
(0.22118684617461515+0j),[0.23577926],[1.],[0.66540017],[1.],"(array([0.18339315]), array([0.20672895]))","(array([0.15443395]), array([0.05001052]))","(array([0.15494349]), array([0.05041524]))","(array([0.15536076]), array([0.05081398]))","(array([0.15565528]), array([0.05119553]))","(array([0.15576805]), array([0.05154978]))","(array([0.15561019]), array([0.05187124]))","(array([0.15508296]), array([0.05216158]))","(array([0.15411606]), array([0.05243022]))","(array([0.15269328]), array([0.05269248]))","(array([0.15084748]), array([0.05296651]))"
(0.2167098814194703+0j),[0.23722997],[1.],[0.65483826],[1.],"(array([0.18262701]), array([0.20538137]))","(array([0.15495404]), array([0.05041951]))","(array([0.15537054]), array([0.05081876]))","(array([0.15566427]), array([0.05120075]))","(array([0.15577624]), array([0.05155539]))","(array([0.15561759]), array([0.05187716]))","(array([0.15508957]), array([0.05216775]))","(array([0.15412191]), array([0.05243658]))","(array([0.15269835]), array([0.05269899]))","(array([0.1508518]), array([0.0529731]))","(array([0.14864379]), array([0.05327696]))"
(0.21131340113299263+0j),[0.2389139],[1.],[0.64314896],[1.],"(array([0.18159084]), array([0.20380744]))","(array([0.15538041]), array([0.05082298]))","(array([0.15567333]), array([0.05120545]))","(array([0.15578448]), array([0.05156051]))","(array([0.15562503]), array([0.05188263]))","(array([0.15509622]), array([0.0521735]))","(array([0.15412779]), array([0.05244256]))","(array([0.1527035]), array([0.05270513]))","(array([0.15085621]), array([0.05297935]))","(array([0.14864749]), array([0.05328328]))","(array([0.14614869]), array([0.05363272]))"
(0.2052494959789198+0j),[0.24087705],[1.],[0.63062293],[1.],"(array([0.18029983]), array([0.20206401]))","(array([0.15568251]), array([0.05120966]))","(array([0.15579283]), array([0.05156516]))","(array([0.15563255]), array([0.05188767]))","(array([0.15510294]), array([0.05217886]))","(array([0.15413375]), array([0.05244817]))","(array([0.15270872]), array([0.05271094]))","(array([0.15086072]), array([0.0529853]))","(array([0.1486513]), array([0.05328932]))","(array([0.14615183]), array([0.0536388]))","(array([0.14343099]), array([0.05404602]))"
(0.19873462898316746+0j),[0.24314437],[1.],[0.61748923],[1.],"(array([0.17874576]), array([0.20019414]))","(array([0.15580136]), array([0.05156939]))","(array([0.15564023]), array([0.0518923]))","(array([0.1551098]), array([0.05218385]))","(array([0.15413982]), array([0.05245345]))","(array([0.15271404]), array([0.05271645]))","(array([0.15086534]), array([0.05299099]))","(array([0.14865524]), array([0.05329512]))","(array([0.14615511]), array([0.05364466]))","(array([0.14343363]), array([0.05405189]))","(array([0.14054887]), array([0.05452471]))"
(0.19193571201833792+0j),[0.24571576],[1.],[0.60390091],[1.],"(array([0.17688879]), array([0.1982262]))","(array([0.15564817]), array([0.05189659]))","(array([0.15511688]), array([0.05218852]))","(array([0.15414608]), array([0.05245844]))","(array([0.15271954]), array([0.0527217]))","(array([0.15087011]), array([0.05299644]))","(array([0.14865932]), array([0.05330073]))","(array([0.14615854]), array([0.05365036]))","(array([0.14343643]), array([0.05405763]))","(array([0.14055107]), array([0.05453043]))","(array([0.13754529]), array([0.05507148]))"
(0.18496805865187868+0j),[0.24856141],[1.],[0.58993508],[1.],"(array([0.17465614]), array([0.19617542]))","(array([0.15512427]), array([0.05219288]))","(array([0.15415263]), array([0.05246316]))","(array([0.15272527]), array([0.05272672]))","(array([0.15087509]), array([0.0530017]))","(array([0.14866361]), array([0.05330617]))","(array([0.14616216]), array([0.05365593]))","(array([0.14343942]), array([0.05406327]))","(array([0.14055345]), array([0.05453609]))","(array([0.13754709]), array([0.0550771]))","(array([0.13444626]), array([0.05568287]))"
(0.1779030329078427+0j),[0.25162116],[1.],[0.57560706],[1.],"(array([0.17196329]), array([0.1940475]))","(array([0.15415955]), array([0.05246765]))","(array([0.15273134]), array([0.05273153]))","(array([0.15088037]), array([0.05300679]))","(array([0.14866814]), array([0.05331148]))","(array([0.14616602]), array([0.0536614]))","(array([0.14344263]), array([0.05406886]))","(array([0.14055604]), array([0.05454172]))","(array([0.13754909]), array([0.05508272]))","(array([0.1344477]), array([0.05568843]))","(array([0.13126237]), array([0.05634869]))"
(0.17078187800352726+0j),[0.25481222],[1.],[0.5608943],[1.],"(array([0.16875377]), array([0.19184322]))","(array([0.15273785]), array([0.05273617]))","(array([0.15088603]), array([0.05301174]))","(array([0.14867302]), array([0.05331668]))","(array([0.14617017]), array([0.0536668]))","(array([0.1434461]), array([0.05407439]))","(array([0.14055888]), array([0.05454735]))","(array([0.13755134]), array([0.05508837]))","(array([0.13444937]), array([0.05569405]))","(array([0.1312635]), array([0.05635423]))","(array([0.12799304]), array([0.05705282]))"
(0.1636312424424791+0j),[0.25804292],[1.],[0.54576387],[1.],"(array([0.1650254]), array([0.18956279]))","(array([0.15089219]), array([0.05301655]))","(array([0.14867833]), array([0.05332178]))","(array([0.1461747]), array([0.05367215]))","(array([0.14344991]), array([0.05407992]))","(array([0.14056203]), array([0.05455299]))","(array([0.13755385]), array([0.05509408]))","(array([0.13445129]), array([0.05569976]))","(array([0.13126487]), array([0.05635989]))","(array([0.12799387]), array([0.05705837]))","(array([0.12463217]), array([0.05777561]))"
(0.15647632218641924+0j),[0.26122514],[1.],[0.53019799],[1.],"(array([0.16082592]), array([0.18720937]))","(array([0.14868419]), array([0.05332682]))","(array([0.14617971]), array([0.05367746]))","(array([0.14345414]), array([0.05408545]))","(array([0.14056554]), array([0.05455868]))","(array([0.1375567]), array([0.05509986]))","(array([0.13445352]), array([0.05570559]))","(array([0.13126651]), array([0.05636569]))","(array([0.12799496]), array([0.0570641]))","(array([0.12463275]), array([0.05778121]))","(array([0.1211742]), array([0.05849684]))"
(0.14935018561480026+0j),[0.26428135],[1.],[0.51421608],[1.],"(array([0.15623319]), array([0.18479193]))","(array([0.14618533]), array([0.05368277]))","(array([0.14345892]), array([0.05409102]))","(array([0.14056952]), array([0.05456445]))","(array([0.13755996]), array([0.05510577]))","(array([0.13445612]), array([0.05571156]))","(array([0.13126848]), array([0.05637168]))","(array([0.12799636]), array([0.05707004]))","(array([0.12463359]), array([0.05778705]))","(array([0.12117453]), array([0.05850254]))","(array([0.11761938]), array([0.0591979]))"
(0.1423012825204443+0j),[0.26714655],[1.],[0.49789897],[1.],"(array([0.15133825]), array([0.18232803]))","(array([0.14346437]), array([0.05409666]))","(array([0.14057412]), array([0.05457033]))","(array([0.13756375]), array([0.05511183]))","(array([0.13445918]), array([0.05571774]))","(array([0.13127087]), array([0.05637791]))","(array([0.12799812]), array([0.05707625]))","(array([0.12463477]), array([0.05779319]))","(array([0.12117516]), array([0.05850855]))","(array([0.1176195]), array([0.05920375]))","(array([0.11397901]), array([0.05986277]))"
(0.1354024840757403+0j),[0.26976644],[1.],[0.48142589],[1.],"(array([0.14623609]), array([0.17984858]))","(array([0.14057947]), array([0.05457638]))","(array([0.13756823]), array([0.05511811]))","(array([0.13446283]), array([0.05572418]))","(array([0.13127377]), array([0.05638443]))","(array([0.12800034]), array([0.0570828]))","(array([0.12463635]), array([0.05779971]))","(array([0.12117615]), array([0.05851497]))","(array([0.11761993]), array([0.05921002]))","(array([0.11397893]), array([0.05986885]))","(array([0.11028234]), array([0.06047802]))"
(0.12876270378857108+0j),[0.27209294],[1.],[0.46513131],[1.],"(array([0.14102377]), array([0.17740578]))","(array([0.13757357]), array([0.05512468]))","(array([0.13446726]), array([0.05573096]))","(array([0.13127736]), array([0.05639135]))","(array([0.12800314]), array([0.05708978]))","(array([0.12463845]), array([0.05780668]))","(array([0.1211776]), array([0.05852188]))","(array([0.11762077]), array([0.05921681]))","(array([0.11397919]), array([0.05987547]))","(array([0.11028207]), array([0.06048442]))","(array([0.10658714]), array([0.06103214]))"
(0.12253683207518305+0j),[0.27407842],[1.],[0.44957097],[1.],"(array([0.13580361]), array([0.17508379]))","(array([0.13447266]), array([0.05573819]))","(array([0.13128181]), array([0.05639878]))","(array([0.12800672]), array([0.05709732]))","(array([0.12464121]), array([0.05781425]))","(array([0.12117962]), array([0.05852942]))","(array([0.1176221]), array([0.05922425]))","(array([0.11397989]), array([0.05988276]))","(array([0.11028218]), array([0.06049151]))","(array([0.10658669]), array([0.06103898]))","(array([0.10299361]), array([0.06151436]))"
(0.11692459876453423+0j),[0.27566972],[1.],[0.43555847],[1.],"(array([0.13068853]), array([0.17300715]))","(array([0.13128736]), array([0.05640683]))","(array([0.12801126]), array([0.05710554]))","(array([0.12464483]), array([0.05782256]))","(array([0.12118238]), array([0.05853773]))","(array([0.11762408]), array([0.0592325]))","(array([0.11398115]), array([0.05989088]))","(array([0.11028275]), array([0.06049945]))","(array([0.10658663]), array([0.06104667]))","(array([0.10299295]), array([0.06152177]))","(array([0.09965593]), array([0.06191338]))"
(0.1121475372800821+0j),[0.27680448],[1.],[0.42410701],[1.],"(array([0.12580322]), array([0.17133754]))","(array([0.12801702]), array([0.05711461]))","(array([0.12464952]), array([0.05783176]))","(array([0.12118608]), array([0.05854698]))","(array([0.11762687]), array([0.05924172]))","(array([0.1139831]), array([0.0599]))","(array([0.11028392]), array([0.06050841]))","(array([0.10658708]), array([0.06105541]))","(array([0.10299272]), array([0.06153023]))","(array([0.09965505]), array([0.06192151]))","(array([0.0967799]), array([0.06221624]))"
(0.10840265411914544+0j),[0.27741161],[1.],[0.41622959],[1.],"(array([0.12127421]), array([0.1702492]))","(array([0.12465554]), array([0.05784205]))","(array([0.12119096]), array([0.05855738]))","(array([0.11763068]), array([0.05925213]))","(array([0.11398593]), array([0.05991034]))","(array([0.11028584]), array([0.0605186]))","(array([0.10658815]), array([0.06106539]))","(array([0.10299301]), array([0.06153994]))","(array([0.0996546]), array([0.06193089]))","(array([0.09677875]), array([0.06222524]))","(array([0.09459381]), array([0.0624079]))"
(0.10581607413746165+0j),[0.27741665],[1.],[0.41266881],[1.],"(array([0.1172085]), array([0.16988572]))","(array([0.12119727]), array([0.05856912]))","(array([0.11763576]), array([0.05926394]))","(array([0.11398985]), array([0.05992211]))","(array([0.1102887]), array([0.06053025]))","(array([0.10659002]), array([0.06107685]))","(array([0.10299396]), array([0.06155113]))","(array([0.09965469]), array([0.06194175]))","(array([0.09677803]), array([0.06223571]))","(array([0.09459233]), array([0.06241792]))","(array([0.09329544]), array([0.06247191]))"
(0.10442860431187162+0j),[0.27675007],[1.],[0.41372661],[1.],"(array([0.11367329]), array([0.17032069]))","(array([0.11764237]), array([0.05927739]))","(array([0.11399512]), array([0.05993557]))","(array([0.11029271]), array([0.06054362]))","(array([0.10659287]), array([0.06109004]))","(array([0.10299572]), array([0.06156405]))","(array([0.09965544]), array([0.06195434]))","(array([0.09677784]), array([0.0622479]))","(array([0.09459126]), array([0.06242964]))","(array([0.09329354]), array([0.0624831]))","(array([0.0930023]), array([0.06239196]))"
(0.10421523215659896+0j),[0.27535563],[1.],[0.41927526],[1.],"(array([0.11069067]), array([0.1715453]))","(array([0.11400199]), array([0.05995099]))","(array([0.11029813]), array([0.06055899]))","(array([0.10659691]), array([0.06110524]))","(array([0.10299848]), array([0.061579]))","(array([0.09965702]), array([0.06196895]))","(array([0.09677831]), array([0.06226209]))","(array([0.0945907]), array([0.06244334]))","(array([0.09329202]), array([0.06249625]))","(array([0.09299989]), array([0.06240449]))","(array([0.09373367]), array([0.06215385]))"
(0.10511400825002663+0j),[0.27319684],[1.],[0.4288783],[1.],"(array([0.10824881]), array([0.17348311]))","(array([0.1103052]), array([0.06057666]))","(array([0.10660239]), array([0.06112278]))","(array([0.10300247]), array([0.06159629]))","(array([0.0996596]), array([0.06198589]))","(array([0.09677959]), array([0.06227858]))","(array([0.09459076]), array([0.06245932]))","(array([0.09329097]), array([0.06251163]))","(array([0.0929978]), array([0.06241921]))","(array([0.09373063]), array([0.06216785]))","(array([0.09542559]), array([0.06174714]))"
(0.10704525375409642+0j),[0.27026173],[1.],[0.44192035],[1.],"(array([0.10632196]), array([0.17601533]))","(array([0.10660954]), array([0.06114297]))","(array([0.10300788]), array([0.06161624]))","(array([0.09966338]), array([0.06200548]))","(array([0.09678184]), array([0.06229771]))","(array([0.09459159]), array([0.0624779]))","(array([0.09329049]), array([0.06252957]))","(array([0.09299612]), array([0.06243643]))","(array([0.09372786]), array([0.06218429]))","(array([0.09542183]), array([0.06176273]))","(array([0.09795932]), array([0.0611665]))"
(0.10991783807097617+0j),[0.26656761],[1.],[0.4576989],[1.],"(array([0.10489262]), array([0.17900249]))","(array([0.10301493]), array([0.06163917]))","(array([0.09966854]), array([0.06202804]))","(array([0.09678523]), array([0.06231979]))","(array([0.09459333]), array([0.06249937]))","(array([0.0932907]), array([0.06255035]))","(array([0.09299494]), array([0.06245644]))","(array([0.09372543]), array([0.06220344]))","(array([0.09541827]), array([0.06178096]))","(array([0.09795476]), array([0.06118375]))","(array([0.10118654]), array([0.06041285]))"
(0.11362725078221159+0j),[0.26216657],[1.],[0.47547735],[1.],"(array([0.10397269]), array([0.182298]))","(array([0.09967522]), array([0.06205379]))","(array([0.09678989]), array([0.06234502]))","(array([0.0945961]), array([0.06252397]))","(array([0.09329172]), array([0.0625742]))","(array([0.09299436]), array([0.06247944]))","(array([0.0937234]), array([0.0622255]))","(array([0.09541497]), array([0.06180202]))","(array([0.09795034]), array([0.06120375]))","(array([0.10118114]), array([0.06043174]))","(array([0.10494573]), array([0.05949448]))"
(0.11805119091445693+0j),[0.25715156],[1.],[0.49451594],[1.],"(array([0.10361874]), array([0.18575557]))","(array([0.09679588]), array([0.06237353]))","(array([0.09459997]), array([0.0625518]))","(array([0.09329362]), array([0.06260122]))","(array([0.09299445]), array([0.06250554]))","(array([0.09372186]), array([0.06225059]))","(array([0.09541199]), array([0.06182601]))","(array([0.09794611]), array([0.06122658]))","(array([0.10117583]), array([0.06045336]))","(array([0.10493952]), array([0.05951486]))","(array([0.10907165]), array([0.05842826]))"
(0.12304682988164833+0j),[0.25165968],[1.],[0.51409558],[1.],"(array([0.10393182]), array([0.18923368]))","(array([0.09460494]), array([0.06258282]))","(array([0.09329641]), array([0.06263138]))","(array([0.09299524]), array([0.0625347]))","(array([0.09372085]), array([0.06227865]))","(array([0.09540938]), array([0.06185289]))","(array([0.09794212]), array([0.06125221]))","(array([0.10117067]), array([0.06047769]))","(array([0.10493339]), array([0.05953784]))","(array([0.10906474]), array([0.05844987]))","(array([0.11340127]), array([0.05724055]))"
(0.12845191249294616+0j),[0.24586828],[1.],[0.53354308],[1.],"(array([0.10503131]), array([0.19259975]))","(array([0.09330005]), array([0.06266447]))","(array([0.09299673]), array([0.06256673]))","(array([0.09372039]), array([0.0623095]))","(array([0.09540719]), array([0.06188247]))","(array([0.09793843]), array([0.06128045]))","(array([0.10116573]), array([0.06050455]))","(array([0.10492741]), array([0.05956327]))","(array([0.10905794]), array([0.05847383]))","(array([0.11339385]), array([0.05726302]))","(array([0.11777908]), array([0.05596706]))"
(0.1340904959887115+0j),[0.23998076],[1.],[0.55225977],[1.],"(array([0.10700667]), array([0.19573484]))","(array([0.09299882]), array([0.06260132]))","(array([0.09372043]), array([0.06234285]))","(array([0.09540541]), array([0.06191446]))","(array([0.09793508]), array([0.06131102]))","(array([0.10116104]), array([0.06053364]))","(array([0.10492165]), array([0.05959086]))","(array([0.10905133]), array([0.05849989]))","(array([0.11338661]), array([0.05728752]))","(array([0.11777141]), array([0.05598998]))","(array([0.12206295]), array([0.05465075]))"
(0.13978364302465027+0j),[0.23420591],[1.],[0.56975093],[1.],"(array([0.10987435]), array([0.19853892]))","(array([0.09372091]), array([0.06237826]))","(array([0.09540401]), array([0.06194847]))","(array([0.09793205]), array([0.06134353]))","(array([0.10115665]), array([0.0605646]))","(array([0.10491615]), array([0.05962024]))","(array([0.10904497]), array([0.05852768]))","(array([0.11337963]), array([0.05731371]))","(array([0.117764]), array([0.05601454]))","(array([0.12205532]), array([0.05467369]))","(array([0.12613055]), array([0.05333795]))"
(0.14536524867621833+0j),[0.22873799],[1.],[0.58565322],[1.],"(array([0.11356695]), array([0.20093615]))","(array([0.09540292]), array([0.06198403]))","(array([0.09792932]), array([0.06137754]))","(array([0.10115256]), array([0.060597]))","(array([0.10491096]), array([0.059651]))","(array([0.10903893]), array([0.0585568]))","(array([0.11337297]), array([0.05734119]))","(array([0.11775696]), array([0.05604038]))","(array([0.12204806]), array([0.05469786]))","(array([0.12612326]), array([0.0533605]))","(array([0.12988572]), array([0.05207384]))"
(0.15070280653450163+0j),[0.22374326],[1.],[0.59975863],[1.],"(array([0.1179542]), array([0.20287986]))","(array([0.09792684]), array([0.06141258]))","(array([0.10114874]), array([0.06063039]))","(array([0.10490607]), array([0.05968271]))","(array([0.10903323]), array([0.05858682]))","(array([0.1133667]), array([0.05736954]))","(array([0.11775032]), array([0.05606708]))","(array([0.12204126]), array([0.05472292]))","(array([0.12611645]), array([0.05338389]))","(array([0.12987904]), array([0.05209563]))","(array([0.13326428]), array([0.05089874]))"
(0.1557215998993669+0j),[0.21935339],[1.],[0.61203481],[1.],"(array([0.12287583]), array([0.20435725]))","(array([0.10114516]), array([0.06066431]))","(array([0.10490147]), array([0.05971493]))","(array([0.10902788]), array([0.05861732]))","(array([0.11336084]), array([0.05739834]))","(array([0.11774416]), array([0.05609421]))","(array([0.12203496]), array([0.05474843]))","(array([0.12611018]), array([0.0534078]))","(array([0.12987293]), array([0.05211792]))","(array([0.13325842]), array([0.05091948]))","(array([0.13623912]), array([0.04984596]))"
(0.16042782093700145+0j),[0.21566287],[1.],[0.62263704],[1.],"(array([0.12816934]), array([0.20539331]))","(array([0.10489716]), array([0.0597472]))","(array([0.10902288]), array([0.05864788]))","(array([0.1133554]), array([0.0574272]))","(array([0.11773848]), array([0.0561214]))","(array([0.12202922]), array([0.054774]))","(array([0.1261045]), array([0.05343181]))","(array([0.12986744]), array([0.05214038]))","(array([0.13325321]), array([0.0509404]))","(array([0.13623425]), array([0.04986542]))","(array([0.13882395]), array([0.04894082]))"
(0.16492145058080773+0j),[0.21272813],[1.],[0.63189893],[1.],"(array([0.13368682]), array([0.20605204]))","(array([0.10901823]), array([0.05867808]))","(array([0.11335037]), array([0.05745572]))","(array([0.1177333]), array([0.05614827]))","(array([0.12202404]), array([0.05479927]))","(array([0.12609945]), array([0.05345554]))","(array([0.12986259]), array([0.05216264]))","(array([0.13324867]), array([0.05096121]))","(array([0.13623007]), array([0.0498848]))","(array([0.13882016]), array([0.04895883]))","(array([0.14107357]), array([0.04820022]))"
(0.16938638799452493+0j),[0.21056696],[1.],[0.64028194],[1.],"(array([0.13930109]), array([0.20643171]))","(array([0.11334577]), array([0.05748351]))","(array([0.11772861]), array([0.05617447]))","(array([0.12201943]), array([0.0548239]))","(array([0.12609503]), array([0.05347866]))","(array([0.12985844]), array([0.05218433]))","(array([0.13324482]), array([0.05098155]))","(array([0.13622659]), array([0.04990381]))","(array([0.13881708]), array([0.04897653]))","(array([0.14107091]), array([0.04821668]))","(array([0.14307713]), array([0.04763247]))"
(0.17404935645441463+0j),[0.2091586],[1.],[0.64827272],[1.],"(array([0.14490292]), array([0.20665079]))","(array([0.11772441]), array([0.05619964]))","(array([0.12201537]), array([0.05484758]))","(array([0.12609122]), array([0.0535009]))","(array([0.12985496]), array([0.05220519]))","(array([0.13324169]), array([0.05100111]))","(array([0.13622381]), array([0.04992214]))","(array([0.13881469]), array([0.04899368]))","(array([0.14106893]), array([0.04823266]))","(array([0.14307558]), array([0.04764735]))","(array([0.14494082]), array([0.04723718]))"
(0.1791077606565187+0j),[0.20844548],[1.],[0.65623622],[1.],"(array([0.15039218]), array([0.20682344]))","(array([0.12201184]), array([0.05487004]))","(array([0.126088]), array([0.05352199]))","(array([0.1298521]), array([0.05222498]))","(array([0.13323923]), array([0.05101967]))","(array([0.13622174]), array([0.04993954]))","(array([0.13881298]), array([0.04901]))","(array([0.1410676]), array([0.04824794]))","(array([0.14307466]), array([0.04766161]))","(array([0.14494031]), array([0.04725049]))","(array([0.14675978]), array([0.04700542]))"
(0.18463409917332155+0j),[0.20833898],[1.],[0.66425136],[1.],"(array([0.15566543]), array([0.20702752]))","(array([0.12608533]), array([0.05354175]))","(array([0.12984983]), array([0.05224352]))","(array([0.13323739]), array([0.05103706]))","(array([0.13622032]), array([0.04995586]))","(array([0.13881195]), array([0.04902531]))","(array([0.14106692]), array([0.04826231]))","(array([0.14307432]), array([0.04767509]))","(array([0.14494036]), array([0.0472631]))","(array([0.14676022]), array([0.04701723]))","(array([0.14858303]), array([0.04692054]))"
(0.1904879732887674+0j),[0.20873104],[1.],[0.6720006],[1.],"(array([0.16060527]), array([0.20727467]))","(array([0.1298481]), array([0.05226067]))","(array([0.13323609]), array([0.05105315]))","(array([0.13621947]), array([0.04997095]))","(array([0.13881151]), array([0.04903949]))","(array([0.14106684]), array([0.04827564]))","(array([0.14307456]), array([0.04768763]))","(array([0.14494091]), array([0.04727489]))","(array([0.14676112]), array([0.0470283]))","(array([0.14858429]), array([0.04693095]))","(array([0.15038259]), array([0.04696009]))"
(0.19630397569931465+0j),[0.20951085],[1.],[0.67883038],[1.],"(array([0.16508121]), array([0.20750271]))","(array([0.13323529]), array([0.05106786]))","(array([0.1362191]), array([0.04998477]))","(array([0.13881156]), array([0.04905247]))","(array([0.14106727]), array([0.04828785]))","(array([0.14307532]), array([0.04769913]))","(array([0.14494195]), array([0.04728575]))","(array([0.14676242]), array([0.04703855]))","(array([0.14858591]), array([0.04694061]))","(array([0.15038451]), array([0.04696922]))","(array([0.15204793]), array([0.04709908]))"
(0.20159498369559609+0j),[0.21058159],[1.],[0.68400041],[1.],"(array([0.1689699]), array([0.20760428]))","(array([0.13621916]), array([0.04999727]))","(array([0.13881202]), array([0.04906422]))","(array([0.14106811]), array([0.04829892]))","(array([0.14307649]), array([0.04770957]))","(array([0.14494341]), array([0.04729562]))","(array([0.14676412]), array([0.0470479]))","(array([0.14858783]), array([0.04694947]))","(array([0.1503867]), array([0.04697763]))","(array([0.15205037]), array([0.04710708]))","(array([0.1534213]), array([0.04731388]))"
(0.2059055101641231+0j),[0.21187208],[1.],[0.68694986],[1.],"(array([0.17218662]), array([0.20747669]))","(array([0.13881283]), array([0.04907476]))","(array([0.14106927]), array([0.04830885]))","(array([0.14307798]), array([0.04771895]))","(array([0.14494518]), array([0.0473045]))","(array([0.14676613]), array([0.04705633]))","(array([0.14859004]), array([0.04695751]))","(array([0.15038909]), array([0.04698529]))","(array([0.15205296]), array([0.04711439]))","(array([0.15342407]), array([0.04732088]))","(array([0.15435584]), array([0.04758545]))"
(0.20891718179034233+0j),[0.21334133],[1.],[0.68741514],[1.],"(array([0.17470896]), array([0.20705912]))","(array([0.1410707]), array([0.04831769]))","(array([0.14307971]), array([0.04772731]))","(array([0.14494718]), array([0.04731243]))","(array([0.14676838]), array([0.04706388]))","(array([0.14859247]), array([0.04696472]))","(array([0.15039167]), array([0.04699219]))","(array([0.15205567]), array([0.04712101]))","(array([0.15342692]), array([0.04732724]))","(array([0.15435879]), array([0.04759158]))","(array([0.15475873]), array([0.04790117]))"
(0.21047786801306545+0j),[0.21497815],[1.],[0.68540233],[1.],"(array([0.17658186]), array([0.20634098]))","(array([0.14308162]), array([0.04773471]))","(array([0.14494934]), array([0.04731946]))","(array([0.14677076]), array([0.04707058]))","(array([0.14859505]), array([0.04697114]))","(array([0.15039439]), array([0.04699837]))","(array([0.15205849]), array([0.04712697]))","(array([0.15342981]), array([0.04733299]))","(array([0.15436176]), array([0.04759714]))","(array([0.15476174]), array([0.04790656]))","(array([0.15460105]), array([0.04825526]))"
(0.2105818891235725+0j),[0.21679815],[1.],[0.68110059],[1.],"(array([0.17790465]), array([0.20535023]))","(array([0.14495162]), array([0.04732567]))","(array([0.14677324]), array([0.04707651]))","(array([0.14859771]), array([0.04697683]))","(array([0.1503972]), array([0.04700387]))","(array([0.15206139]), array([0.0471323]))","(array([0.15343276]), array([0.04733817]))","(array([0.15436473]), array([0.04760217]))","(array([0.15476472]), array([0.04791146]))","(array([0.15460401]), array([0.04826004]))","(array([0.15390474]), array([0.04864832]))"
(0.20933335622832658+0j),[0.21883864],[1.],[0.67479986],[1.],"(array([0.17880503]), array([0.20413632]))","(array([0.14677579]), array([0.04708176]))","(array([0.14860042]), array([0.04698188]))","(array([0.15040004]), array([0.04700875]))","(array([0.15206433]), array([0.04713705]))","(array([0.15343574]), array([0.04734281]))","(array([0.1543677]), array([0.04760672]))","(array([0.15476766]), array([0.0479159]))","(array([0.15460692]), array([0.04826439]))","(array([0.15390758]), array([0.04865259]))","(array([0.15272363]), array([0.04908639]))"
(0.20691004127614523+0j),[0.22115075],[1.],[0.66683492],[1.],"(array([0.17940452]), array([0.20275622]))","(array([0.14860317]), array([0.04698638]))","(array([0.1504029]), array([0.04701312]))","(array([0.15206728]), array([0.04714132]))","(array([0.15343874]), array([0.047347]))","(array([0.1543707]), array([0.04761084]))","(array([0.15477061]), array([0.04791996]))","(array([0.15460979]), array([0.04826837]))","(array([0.15391038]), array([0.04865651]))","(array([0.15272632]), array([0.04909026]))","(array([0.15112788]), array([0.04957952]))"
(0.20353283075958278+0j),[0.22378712],[1.],[0.65755344],[1.],"(array([0.17978039]), array([0.20126561]))","(array([0.15040581]), array([0.04701705]))","(array([0.15207025]), array([0.04714516]))","(array([0.15344175]), array([0.04735079]))","(array([0.15437371]), array([0.04761459]))","(array([0.15477356]), array([0.04792368]))","(array([0.15461265]), array([0.04827206]))","(array([0.15391314]), array([0.04866015]))","(array([0.15272897]), array([0.04909386]))","(array([0.1511304]), array([0.04958307]))","(array([0.14919425]), array([0.05013942]))"
(0.19943911369500245+0j),[0.22678535],[1.],[0.64729704],[1.],"(array([0.17993472]), array([0.19971436]))","(array([0.15207328]), array([0.04714868]))","(array([0.1534448]), array([0.04735427]))","(array([0.15437675]), array([0.04761805]))","(array([0.15477656]), array([0.04792713]))","(array([0.15461556]), array([0.0482755]))","(array([0.15391592]), array([0.04866358]))","(array([0.15273162]), array([0.04909725]))","(array([0.15113291]), array([0.04958644]))","(array([0.1491966]), array([0.05014276]))","(array([0.14700039]), array([0.05077632]))"
(0.19485603714074928+0j),[0.23015107],[1.],[0.63638056],[1.],"(array([0.17978992]), array([0.19814402]))","(array([0.15344793]), array([0.0473575]))","(array([0.15437985]), array([0.04762127]))","(array([0.15477961]), array([0.04793036]))","(array([0.15461852]), array([0.04827874]))","(array([0.15391876]), array([0.04866682]))","(array([0.15273431]), array([0.0491005]))","(array([0.15113545]), array([0.04958968]))","(array([0.14919898]), array([0.05014598]))","(array([0.1470026]), array([0.05077951]))","(array([0.14462048]), array([0.0514951]))"
(0.1899713289468101+0j),[0.23384861],[1.],[0.62505804],[1.],"(array([0.17922347]), array([0.19658488]))","(array([0.15438306]), array([0.0476243]))","(array([0.15478275]), array([0.04793341]))","(array([0.15462157]), array([0.04828182]))","(array([0.15392168]), array([0.04866993]))","(array([0.15273708]), array([0.04910363]))","(array([0.15113805]), array([0.04959281]))","(array([0.1492014]), array([0.05014911]))","(array([0.14700484]), array([0.05078263]))","(array([0.14462254]), array([0.0514982]))","(array([0.14211892]), array([0.0522924]))"
(0.18490548296823195+0j),[0.23780477],[1.],[0.61347647],[1.],"(array([0.1781221]), array([0.19505103]))","(array([0.15478602]), array([0.04793632]))","(array([0.15462473]), array([0.04828476]))","(array([0.15392471]), array([0.04867292]))","(array([0.15273996]), array([0.04910665]))","(array([0.15114075]), array([0.04959586]))","(array([0.14920391]), array([0.05015218]))","(array([0.14700716]), array([0.0507857]))","(array([0.14462466]), array([0.05150127]))","(array([0.14212084]), array([0.05229545]))","(array([0.13954129]), array([0.05315592]))"
(0.17969628278970154+0j),[0.24192339],[1.],[0.6016379],[1.],"(array([0.17641828]), array([0.19353498]))","(array([0.15462803]), array([0.04828758]))","(array([0.15392787]), array([0.04867579]))","(array([0.15274295]), array([0.04910958]))","(array([0.15114356]), array([0.04959884]))","(array([0.14920653]), array([0.05015518]))","(array([0.14700957]), array([0.05078873]))","(array([0.14462686]), array([0.0515043]))","(array([0.14212283]), array([0.05229847]))","(array([0.13954307]), array([0.05315893]))","(array([0.13690474]), array([0.05406655]))"
(0.1743083349295299+0j),[0.24610327],[1.],[0.58940188],[1.],"(array([0.17409486]), array([0.19200638]))","(array([0.15393118]), array([0.04867855]))","(array([0.15274608]), array([0.0491124]))","(array([0.15114651]), array([0.04960172]))","(array([0.14920927]), array([0.05015812]))","(array([0.1470121]), array([0.05079171]))","(array([0.14462917]), array([0.05150731]))","(array([0.14212492]), array([0.05230149]))","(array([0.13954493]), array([0.05316194]))","(array([0.13690638]), array([0.05406954]))","(array([0.134194]), array([0.05500204]))"
(0.16867179290477557+0j),[0.25025236],[1.],[0.57654871],[1.],"(array([0.17117259]), array([0.19041986]))","(array([0.15274937]), array([0.04911512]))","(array([0.15114959]), array([0.04960452]))","(array([0.14921214]), array([0.05016098]))","(array([0.14701475]), array([0.05079462]))","(array([0.14463159]), array([0.05151026]))","(array([0.14212711]), array([0.05230447]))","(array([0.1395469]), array([0.05316493]))","(array([0.13690812]), array([0.05407253]))","(array([0.1341955]), array([0.055005]))","(array([0.13136872]), array([0.05594063]))"
(0.1627362639926022+0j),[0.2542947],[1.],[0.56288673],[1.],"(array([0.16769858]), array([0.18873185]))","(array([0.15115284]), array([0.04960721]))","(array([0.14921517]), array([0.05016375]))","(array([0.14701754]), array([0.05079747]))","(array([0.14463415]), array([0.05151316]))","(array([0.14212943]), array([0.05230741]))","(array([0.13954897]), array([0.0531679]))","(array([0.13690995]), array([0.0540755]))","(array([0.13419711]), array([0.05500797]))","(array([0.13137009]), array([0.05594357]))","(array([0.12838266]), array([0.05686348]))"
(0.15651118409042536+0j),[0.25817064],[1.],[0.54834852],[1.],"(array([0.16374161]), array([0.18691935]))","(array([0.14921837]), array([0.05016643]))","(array([0.1470205]), array([0.05080022]))","(array([0.14463685]), array([0.051516]))","(array([0.14213189]), array([0.05231031]))","(array([0.13955118]), array([0.05317084]))","(array([0.13691191]), array([0.05407847]))","(array([0.13419882]), array([0.05501094]))","(array([0.13137157]), array([0.05594652]))","(array([0.12838391]), array([0.0568664]))","(array([0.12520659]), array([0.0577554]))"
(0.15007525889245033+0j),[0.2618331],[1.],[0.533034],[1.],"(array([0.15939058]), array([0.18499102]))","(array([0.14702367]), array([0.05080291]))","(array([0.14463976]), array([0.05151877]))","(array([0.14213453]), array([0.05231316]))","(array([0.13955356]), array([0.05317375]))","(array([0.13691403]), array([0.05408142]))","(array([0.13420069]), array([0.05501391]))","(array([0.13137318]), array([0.0559495]))","(array([0.12838528]), array([0.05686936]))","(array([0.12520773]), array([0.05775832]))","(array([0.12184399]), array([0.05860443]))"
(0.1435648355843782+0j),[0.26524305],[1.],[0.51721323],[1.],"(array([0.15475232]), array([0.18298806]))","(array([0.14464292]), array([0.05152151]))","(array([0.1421374]), array([0.05231599]))","(array([0.13955615]), array([0.05317666]))","(array([0.13691635]), array([0.05408438]))","(array([0.13420274]), array([0.05501692]))","(array([0.13137497]), array([0.05595252]))","(array([0.12838681]), array([0.05687238]))","(array([0.12520901]), array([0.05776132]))","(array([0.12184503]), array([0.05860739]))","(array([0.1183363]), array([0.05940091]))"
(0.13715956638200844+0j),[0.26836543],[1.],[0.50132511],[1.],"(array([0.14994809]), array([0.18098019]))","(array([0.1421406]), array([0.05231882]))","(array([0.13955904]), array([0.05317959]))","(array([0.13691894]), array([0.05408739]))","(array([0.13420503]), array([0.05501998]))","(array([0.13137698]), array([0.05595562]))","(array([0.12838854]), array([0.0568755]))","(array([0.12521047]), array([0.05776443]))","(array([0.12184624]), array([0.05861048]))","(array([0.11833727]), array([0.05940395]))","(array([0.11476323]), array([0.06013648]))"
(0.13107222208514535+0j),[0.27116526],[1.],[0.48598531],[1.],"(array([0.14510856]), array([0.17906291]))","(array([0.1395623]), array([0.05318257]))","(array([0.13692186]), array([0.05409047]))","(array([0.13420763]), array([0.05502314]))","(array([0.13137927]), array([0.05595884]))","(array([0.12839054]), array([0.05687875]))","(array([0.12521218]), array([0.05776769]))","(array([0.12184767]), array([0.05861373]))","(array([0.11833843]), array([0.05940717]))","(array([0.11476413]), array([0.06013965]))","(array([0.11124352]), array([0.06080329]))"
(0.1255372796818046+0j),[0.27360293],[1.],[0.47198213],[1.],"(array([0.14036571]), array([0.17735677]))","(array([0.13692523]), array([0.05409367]))","(array([0.13421064]), array([0.05502644]))","(array([0.13138193]), array([0.05596222]))","(array([0.12839286]), array([0.05688218]))","(array([0.12521419]), array([0.05777115]))","(array([0.12184936]), array([0.05861719]))","(array([0.11833983]), array([0.05941062]))","(array([0.11476525]), array([0.06014306]))","(array([0.11124437]), array([0.06080664]))","(array([0.1079354]), array([0.06139293]))"
(0.12078876513822982+0j),[0.27562894],[1.],[0.46021688],[1.],"(array([0.13584067]), array([0.17600269]))","(array([0.13421413]), array([0.0550299]))","(array([0.13138504]), array([0.05596579]))","(array([0.12839559]), array([0.05688582]))","(array([0.12521656]), array([0.05777485]))","(array([0.12185139]), array([0.05862091]))","(array([0.11834153]), array([0.05941434]))","(array([0.11476664]), array([0.06014676]))","(array([0.11124545]), array([0.06081029]))","(array([0.10793619]), array([0.06139651]))","(array([0.10502938]), array([0.06189539]))"
(0.11702522720151073+0j),[0.27718013],[1.],[0.45156103],[1.],"(array([0.13162921]), array([0.17514523]))","(array([0.13138868]), array([0.05596958]))","(array([0.12839882]), array([0.05688972]))","(array([0.12521938]), array([0.05777882]))","(array([0.12185383]), array([0.05862493]))","(array([0.1183436]), array([0.05941837]))","(array([0.11476835]), array([0.06015079]))","(array([0.11124683]), array([0.06081428]))","(array([0.10793724]), array([0.06140045]))","(array([0.10503012]), array([0.06189924]))","(array([0.10272542]), array([0.06229791]))"
(0.1143760220124936+0j),[0.27818029],[1.],[0.44667112],[1.],"(array([0.12779085]), array([0.17490405]))","(array([0.12840264]), array([0.0568939]))","(array([0.12522274]), array([0.05778311]))","(array([0.12185675]), array([0.05862929]))","(array([0.1183461]), array([0.05942277]))","(array([0.11477045]), array([0.0601552]))","(array([0.11124855]), array([0.06081868]))","(array([0.1079386]), array([0.0614048]))","(array([0.10503112]), array([0.06190352]))","(array([0.1027261]), array([0.06230209]))","(array([0.10119588]), array([0.06258468]))"
(0.1128896466482312+0j),[0.27854669],[1.],[0.44586178],[1.],"(array([0.12434975]), array([0.17534612]))","(array([0.12522675]), array([0.05778774]))","(array([0.12186026]), array([0.05863403]))","(array([0.11834913]), array([0.05942758]))","(array([0.11477303]), array([0.06016004]))","(array([0.11125069]), array([0.06082352]))","(array([0.10794032]), array([0.06140961]))","(array([0.10503246]), array([0.06190827]))","(array([0.10272706]), array([0.06230675]))","(array([0.10119648]), array([0.06258922]))","(array([0.1005502]), array([0.06273762]))"
(0.11254885913755464+0j),[0.27820121],[1.],[0.44909935],[1.],"(array([0.12130824]), array([0.17647444]))","(array([0.12186448]), array([0.0586392]))","(array([0.1183528]), array([0.05943285]))","(array([0.11477618]), array([0.06016537]))","(array([0.11125334]), array([0.06082887]))","(array([0.10794251]), array([0.06141496]))","(array([0.10503419]), array([0.06191357]))","(array([0.10272836]), array([0.06231197]))","(array([0.10119737]), array([0.06259433]))","(array([0.10055071]), array([0.06274259]))","(array([0.10081987]), array([0.06273845]))"
(0.11329821149758468+0j),[0.27708238],[1.],[0.45608741],[1.],"(array([0.11866476]), array([0.17823671]))","(array([0.11835726]), array([0.05943865]))","(array([0.11478005]), array([0.06017127]))","(array([0.11125663]), array([0.06083482]))","(array([0.10794525]), array([0.06142091]))","(array([0.10503641]), array([0.0619195]))","(array([0.10273009]), array([0.06231783]))","(array([0.10119863]), array([0.06260009]))","(array([0.10055153]), array([0.06274822]))","(array([0.10082027]), array([0.06274391]))","(array([0.10196738]), array([0.0625713]))"
(0.11506780950350304+0j),[0.27515538],[1.],[0.46637491],[1.],"(array([0.11642792]), array([0.18054463]))","(array([0.11478477]), array([0.06017781]))","(array([0.11126071]), array([0.06084145]))","(array([0.10794869]), array([0.06142758]))","(array([0.10503924]), array([0.06192616]))","(array([0.10273235]), array([0.06232445]))","(array([0.10120035]), array([0.06260662]))","(array([0.10055273]), array([0.06275461]))","(array([0.100821]), array([0.06275014]))","(array([0.10196765]), array([0.06257733]))","(array([0.10390815]), array([0.06222527]))"
(0.11778589566707824+0j),[0.27241898],[1.],[0.47943802],[1.],"(array([0.1146258]), array([0.18329253]))","(array([0.11126573]), array([0.06084886]))","(array([0.10795298]), array([0.06143507]))","(array([0.10504283]), array([0.06193368]))","(array([0.10273527]), array([0.06233193]))","(array([0.10120264]), array([0.06261403]))","(array([0.10055442]), array([0.0627619]))","(array([0.10082213]), array([0.06275726]))","(array([0.10196826]), array([0.06258425]))","(array([0.10390826]), array([0.06223196]))","(array([0.10653205]), array([0.06169634]))"
(0.12137929924651629+0j),[0.26891052],[1.],[0.49471936],[1.],"(array([0.11331248]), array([0.18636907]))","(array([0.10795829]), array([0.06144348]))","(array([0.10504734]), array([0.06194214]))","(array([0.102739]), array([0.0623404]))","(array([0.10120563]), array([0.06262244]))","(array([0.10055671]), array([0.0627702]))","(array([0.10082376]), array([0.0627654]))","(array([0.10196928]), array([0.06259219]))","(array([0.10390872]), array([0.06223966]))","(array([0.10653197]), array([0.06170376]))","(array([0.1097171]), array([0.06098869]))"
(0.1257630868668354+0j),[0.26470915],[1.],[0.51162937],[1.],"(array([0.11256993]), array([0.18966064]))","(array([0.10505293]), array([0.06195166]))","(array([0.10274369]), array([0.06234995]))","(array([0.10120946]), array([0.06263196]))","(array([0.10055972]), array([0.06277963]))","(array([0.10082601]), array([0.06277468]))","(array([0.10197082]), array([0.06260127]))","(array([0.1039096]), array([0.06224848]))","(array([0.10653224]), array([0.06171229]))","(array([0.10971681]), array([0.0609969]))","(array([0.11333405]), array([0.06011565]))"
(0.13082423950543687+0j),[0.2599365],[1.],[0.52953274],[1.],"(array([0.11249984]), array([0.19304916]))","(array([0.10274949]), array([0.06236067]))","(array([0.10121427]), array([0.06264268]))","(array([0.1005636]), array([0.06279028]))","(array([0.10082899]), array([0.0627852]))","(array([0.10197297]), array([0.06261158]))","(array([0.10391099]), array([0.06225854]))","(array([0.10653294]), array([0.06172205]))","(array([0.10971686]), array([0.06100632]))","(array([0.11333352]), array([0.06012469]))","(array([0.11724496]), array([0.05910004]))"
(0.13641048122619662+0j),[0.25475196],[1.],[0.5477558],[1.],"(array([0.11320074]), array([0.19641012]))","(array([0.10122021]), array([0.06265469]))","(array([0.10056847]), array([0.06280224]))","(array([0.10083284]), array([0.06279704]))","(array([0.10197586]), array([0.06262323]))","(array([0.10391299]), array([0.06226993]))","(array([0.10653413]), array([0.06173314]))","(array([0.10971733]), array([0.06101705]))","(array([0.11333332]), array([0.06013502]))","(array([0.11724416]), array([0.05910994]))","(array([0.12130238]), array([0.0579737]))"
(0.14233496901622522+0j),[0.24934077],[1.],[0.56563519],[1.],"(array([0.11473583]), array([0.19961671]))","(array([0.10057445]), array([0.06281559]))","(array([0.10083766]), array([0.06281028]))","(array([0.1019796]), array([0.06263629]))","(array([0.10391572]), array([0.06228274]))","(array([0.10653593]), array([0.06174562]))","(array([0.10971829]), array([0.06102917]))","(array([0.11333354]), array([0.06014673]))","(array([0.1172437]), array([0.05912118]))","(array([0.12130132]), array([0.05798445]))","(array([0.12535571]), array([0.05677558]))"
(0.14839627980946604+0j),[0.24389691],[1.],[0.58258853],[1.],"(array([0.11710726]), array([0.20255068]))","(array([0.10084359]), array([0.062825]))","(array([0.1019843]), array([0.06265085]))","(array([0.10391928]), array([0.06229705]))","(array([0.10653844]), array([0.06175961]))","(array([0.10971984]), array([0.06104277]))","(array([0.11333423]), array([0.0601599]))","(array([0.11724364]), array([0.05913388]))","(array([0.12130059]), array([0.05799662]))","(array([0.1253544]), array([0.05678718]))","(array([0.12926464]), array([0.05554843]))"
(0.1544050831270495+0j),[0.23860587],[1.],[0.59817457],[1.],"(array([0.12025178]), array([0.20511519]))","(array([0.10199009]), array([0.06266701]))","(array([0.10392378]), array([0.06231296]))","(array([0.10654175]), array([0.0617752]))","(array([0.10972207]), array([0.06105797]))","(array([0.1133355]), array([0.06017464]))","(array([0.11724406]), array([0.05914812]))","(array([0.12130026]), array([0.05801032]))","(array([0.12535342]), array([0.05680028]))","(array([0.1292631]), array([0.0555609]))","(array([0.13291387]), array([0.05433499]))"
(0.16021073864847124+0j),[0.23363177],[1.],[0.61212839],[1.],"(array([0.12405804]), array([0.20724509]))","(array([0.10392936]), array([0.0623306]))","(array([0.106546]), array([0.06179251]))","(array([0.10972511]), array([0.06107487]))","(array([0.11333745]), array([0.06019108]))","(array([0.11724505]), array([0.05916403]))","(array([0.12130041]), array([0.05802565]))","(array([0.12535285]), array([0.056815]))","(array([0.12926191]), array([0.05557494]))","(array([0.13291216]), array([0.05434834]))","(array([0.1362239]), array([0.05317458]))"
(0.1657247695410475+0j),[0.22911025],[1.],[0.62437443],[1.],"(array([0.12839314]), array([0.20891309]))","(array([0.10655131]), array([0.0618117]))","(array([0.10972907]), array([0.06109364]))","(array([0.11334019]), array([0.06020935]))","(array([0.11724671]), array([0.05918174]))","(array([0.12130114]), array([0.05804277]))","(array([0.12535277]), array([0.05683147]))","(array([0.12926115]), array([0.05559072]))","(array([0.1329108]), array([0.05436336]))","(array([0.13622205]), array([0.05318884]))","(array([0.13915643]), array([0.05210089]))"
(0.17093840191552429+0j),[0.22514532],[1.],[0.63502152],[1.],"(array([0.13312565]), array([0.21013196]))","(array([0.10973409]), array([0.06111442]))","(array([0.11334386]), array([0.06022961]))","(array([0.11724918]), array([0.05920142]))","(array([0.12130256]), array([0.0580618]))","(array([0.12535329]), array([0.05684982]))","(array([0.1292609]), array([0.05560835]))","(array([0.13290991]), array([0.05438023]))","(array([0.13622061]), array([0.05320488]))","(array([0.13915453]), array([0.05211609]))","(array([0.14171536]), array([0.05114087]))"
(0.17592873036878806+0j),[0.22180811],[1.],[0.64433767],[1.],"(array([0.13813801]), array([0.21095262]))","(array([0.1133486]), array([0.06025203]))","(array([0.11725259]), array([0.05922322]))","(array([0.1213048]), array([0.05808292]))","(array([0.12535453]), array([0.0568702]))","(array([0.12926128]), array([0.05562796]))","(array([0.13290958]), array([0.05439904]))","(array([0.13621968]), array([0.05322285]))","(array([0.13915309]), array([0.05213317]))","(array([0.1417135]), array([0.05115704]))","(array([0.14394341]), array([0.05031424]))"
(0.18084581010142758+0j),[0.21913588],[1.],[0.65269566],[1.],"(array([0.1433268]), array([0.21145719]))","(array([0.11725708]), array([0.05924726]))","(array([0.12130802]), array([0.05810624]))","(array([0.12535664]), array([0.05689274]))","(array([0.12926245]), array([0.05564968]))","(array([0.13290995]), array([0.05441991]))","(array([0.13621938]), array([0.05324285]))","(array([0.13915223]), array([0.05215225]))","(array([0.14171217]), array([0.05117516]))","(array([0.14394169]), array([0.05033139]))","(array([0.14591305]), array([0.04963322]))"
(0.18587456008755895+0j),[0.21713077],[1.],[0.66048313],[1.],"(array([0.14859343]), array([0.21174507]))","(array([0.12131236]), array([0.05813186]))","(array([0.12535978]), array([0.05691754]))","(array([0.12926456]), array([0.05567361]))","(array([0.13291118]), array([0.05444293]))","(array([0.13621987]), array([0.05326494]))","(array([0.13915209]), array([0.05217341]))","(array([0.14171152]), array([0.05119534]))","(array([0.14394059]), array([0.05035054]))","(array([0.1459116]), array([0.04965134]))","(array([0.14771028]), array([0.0491023]))"
(0.19117016920990781+0j),[0.21575964],[1.],[0.66798079],[1.],"(array([0.15383158]), array([0.21191171]))","(array([0.1253641]), array([0.05694463]))","(array([0.12926777]), array([0.05569978]))","(array([0.13291343]), array([0.05446814]))","(array([0.13622131]), array([0.05328917]))","(array([0.13915286]), array([0.05219664]))","(array([0.1417117]), array([0.05121758]))","(array([0.14394029]), array([0.05037175]))","(array([0.14591089]), array([0.04967148]))","(array([0.14770924]), array([0.04912136]))","(array([0.14941073]), array([0.04871802]))"
(0.1967737731497222+0j),[0.21495773],[1.],[0.67522995],[1.],"(array([0.15891881]), array([0.21202209]))","(array([0.12927222]), array([0.05572816]))","(array([0.13291688]), array([0.05449552]))","(array([0.13622389]), array([0.05331551]))","(array([0.13915469]), array([0.05222194]))","(array([0.1417129]), array([0.05124183]))","(array([0.14394095]), array([0.05039496]))","(array([0.14591109]), array([0.04969362]))","(array([0.14770907]), array([0.04914239]))","(array([0.14941026]), array([0.04873794]))","(array([0.15105108]), array([0.04846938]))"
(0.20253621691239548+0j),[0.21463873],[1.],[0.68194668],[1.],"(array([0.16371642]), array([0.2120871]))","(array([0.13292165]), array([0.05452492]))","(array([0.13622775]), array([0.05334385]))","(array([0.13915776]), array([0.05224919]))","(array([0.14171529]), array([0.05126798]))","(array([0.14394275]), array([0.05042003]))","(array([0.14591238]), array([0.04971762]))","(array([0.14770993]), array([0.04916531]))","(array([0.14941077]), array([0.04875973]))","(array([0.15105132]), array([0.04849004]))","(array([0.15260461]), array([0.04833941]))"
(0.20810375108868145+0j),[0.21471075],[1.],[0.68756603],[1.],"(array([0.16807928]), array([0.2120571]))","(array([0.136233]), array([0.05337393]))","(array([0.1391622]), array([0.05227816]))","(array([0.14171901]), array([0.05129583]))","(array([0.14394584]), array([0.05044676]))","(array([0.14591492]), array([0.04974326]))","(array([0.14771199]), array([0.04918987]))","(array([0.14941243]), array([0.04878321]))","(array([0.15105266]), array([0.0485124]))","(array([0.1526057]), array([0.04836064]))","(array([0.15397661]), array([0.0483081]))"
(0.21299884808423358+0j),[0.21509367],[1.],[0.6914309],[1.],"(array([0.17187645]), array([0.21184323]))","(array([0.13916807]), array([0.05230851]))","(array([0.14172415]), array([0.05132506]))","(array([0.14395033]), array([0.05047486]))","(array([0.14591884]), array([0.04977025]))","(array([0.14771539]), array([0.04921577]))","(array([0.14941537]), array([0.04880805]))","(array([0.15105523]), array([0.04853618]))","(array([0.15260796]), array([0.04838332]))","(array([0.15397862]), array([0.04832969]))","(array([0.1550306]), array([0.04835621]))"
(0.21675505544926346+0j),[0.2157321],[1.],[0.69301177],[1.],"(array([0.17501655]), array([0.21135654]))","(array([0.14173076]), array([0.05135527]))","(array([0.14395628]), array([0.05050396]))","(array([0.14592419]), array([0.04979823]))","(array([0.14772021]), array([0.04924267]))","(array([0.14941971]), array([0.04883391]))","(array([0.15105913]), array([0.04856102]))","(array([0.15261149]), array([0.04840715]))","(array([0.15398185]), array([0.04835246]))","(array([0.15503355]), array([0.04837793]))","(array([0.15563414]), array([0.04846862]))"
(0.21902860286592582+0j),[0.2166011],[1.],[0.69202965],[1.],"(array([0.17746605]), array([0.21054114]))","(array([0.14396368]), array([0.05053364]))","(array([0.14593099]), array([0.04982684]))","(array([0.14772646]), array([0.04927021]))","(array([0.14942547]), array([0.04886041]))","(array([0.15106444]), array([0.04858654]))","(array([0.15261638]), array([0.04843172]))","(array([0.15398636]), array([0.04837608]))","(array([0.15503773]), array([0.04840056]))","(array([0.15563798]), array([0.04849026]))","(array([0.15569705]), array([0.04863644]))"
(0.2196470643848758+0j),[0.21770541],[1.],[0.68845874],[1.],"(array([0.17925242]), array([0.209386]))","(array([0.1459392]), array([0.04985567]))","(array([0.14773413]), array([0.04929803]))","(array([0.14943264]), array([0.04888723]))","(array([0.15107114]), array([0.0486124]))","(array([0.15262265]), array([0.04845667]))","(array([0.15399219]), array([0.04840015]))","(array([0.15504316]), array([0.04842376]))","(array([0.15564303]), array([0.04851255]))","(array([0.15570169]), array([0.04865782]))","(array([0.15518534]), array([0.04885752]))"
(0.21860248140835298+0j),[0.21907485],[1.],[0.68246049],[1.],"(array([0.18045205]), array([0.20791826]))","(array([0.14774317]), array([0.04932575]))","(array([0.14944118]), array([0.04891402]))","(array([0.15107921]), array([0.04863829]))","(array([0.15263026]), array([0.04848169]))","(array([0.15399936]), array([0.04842436]))","(array([0.15504987]), array([0.04844718]))","(array([0.15564927]), array([0.04853517]))","(array([0.15570747]), array([0.04867961]))","(array([0.15519063]), array([0.04887848]))","(array([0.15411405]), array([0.04913583]))"
(0.21601463776555316+0j),[0.22075731],[1.],[0.6743044],[1.],"(array([0.18116709]), array([0.20618824]))","(array([0.14945101]), array([0.04894047]))","(array([0.15108857]), array([0.0486639]))","(array([0.15263916]), array([0.0485065]))","(array([0.15400781]), array([0.04844841]))","(array([0.15505782]), array([0.04847051]))","(array([0.15565671]), array([0.04855781]))","(array([0.15571437]), array([0.04870154]))","(array([0.15519698]), array([0.04889966]))","(array([0.15411982]), array([0.04915626]))","(array([0.15253104]), array([0.04948015]))"
(0.2120874354312976+0j),[0.22280994],[1.],[0.66430628],[1.],"(array([0.18149522]), array([0.20425484]))","(array([0.15109913]), array([0.04868897]))","(array([0.15264927]), array([0.04853084]))","(array([0.15401744]), array([0.04847206]))","(array([0.15506697]), array([0.0484935]))","(array([0.15566531]), array([0.04858019]))","(array([0.15572237]), array([0.04872331]))","(array([0.15520436]), array([0.0489208]))","(array([0.15412656]), array([0.04917673]))","(array([0.15253711]), array([0.04949995]))","(array([0.15050137]), array([0.04990232]))"
(0.20707046487262348+0j),[0.22528747],[1.],[0.65279121],[1.],"(array([0.1814976]), array([0.20217534]))","(array([0.15266048]), array([0.04855447]))","(array([0.15402818]), array([0.04849507]))","(array([0.15507719]), array([0.04851594]))","(array([0.15567498]), array([0.04860208]))","(array([0.15573143]), array([0.04874468]))","(array([0.15521275]), array([0.04894165]))","(array([0.15413424]), array([0.04919703]))","(array([0.15254407]), array([0.04951966]))","(array([0.15050758]), array([0.04992141]))","(array([0.14809639]), array([0.05041491]))"
(0.20122790068059693+0j),[0.22822765],[1.],[0.64007368],[1.],"(array([0.18117378]), array([0.19999996]))","(array([0.1540399]), array([0.04851724]))","(array([0.1550884]), array([0.04853762]))","(array([0.15568562]), array([0.04862328]))","(array([0.15574144]), array([0.04876543]))","(array([0.15522206]), array([0.04896197]))","(array([0.1541428]), array([0.0492169]))","(array([0.15255186]), array([0.04953905]))","(array([0.15051458]), array([0.04994029]))","(array([0.14810257]), array([0.05043324]))","(array([0.14538739]), array([0.05102834]))"
(0.19481196726418534+0j),[0.23163649],[1.],[0.62644231],[1.],"(array([0.18045797]), array([0.19776974]))","(array([0.15510045]), array([0.04855832]))","(array([0.15569709]), array([0.0486436]))","(array([0.15575227]), array([0.04878538]))","(array([0.15523219]), array([0.04898156]))","(array([0.15415217]), array([0.04923613]))","(array([0.15256041]), array([0.0495579]))","(array([0.15052229]), array([0.04995873]))","(array([0.14810944]), array([0.05045122]))","(array([0.1453934]), array([0.05104584]))","(array([0.14244169]), array([0.0517475]))"
(0.18803858542490418+0j),[0.23547905],[1.],[0.61213816],[1.],"(array([0.17924564]), array([0.19551521]))","(array([0.15570927]), array([0.04866286]))","(array([0.1557638]), array([0.04880435]))","(array([0.155243]), array([0.04900024]))","(array([0.15416221]), array([0.04925453]))","(array([0.15256963]), array([0.04957601]))","(array([0.15053065]), array([0.04997652]))","(array([0.14811692]), array([0.05046866]))","(array([0.1454]), array([0.05106287]))","(array([0.1424474]), array([0.05176409]))","(array([0.13931837]), array([0.05256903]))"
(0.18106709118488784+0j),[0.23968069],[1.],[0.59732551],[1.],"(array([0.17743721]), array([0.19325433]))","(array([0.15577586]), array([0.04882218]))","(array([0.15525435]), array([0.04901787]))","(array([0.15417278]), array([0.04927195]))","(array([0.15257939]), array([0.04959321]))","(array([0.15053955]), array([0.04999348]))","(array([0.14812493]), array([0.05048536]))","(array([0.14540711]), array([0.05107927]))","(array([0.14245362]), array([0.05178013]))","(array([0.13932368]), array([0.05258468]))","(array([0.13606249]), array([0.05348046]))"
(0.17399082322789475+0j),[0.24413807],[1.],[0.58206821],[1.],"(array([0.1749723]), array([0.19099009]))","(array([0.15526608]), array([0.04903432]))","(array([0.15418375]), array([0.04928827]))","(array([0.15258953]), array([0.04960938]))","(array([0.15054885]), array([0.05000949]))","(array([0.14813335]), array([0.05050117]))","(array([0.14541464]), array([0.05109486]))","(array([0.14246024]), array([0.05179546]))","(array([0.13932941]), array([0.05259969]))","(array([0.13606733]), array([0.05349512]))","(array([0.13269919]), array([0.05446155]))"
(0.16684579518721118+0j),[0.24873456],[1.],[0.56633315],[1.],"(array([0.17183986]), array([0.1887106]))","(array([0.15419496]), array([0.0493034]))","(array([0.15259994]), array([0.04962443]))","(array([0.15055842]), array([0.05002443]))","(array([0.14814206]), array([0.050516]))","(array([0.14542247]), array([0.05110953]))","(array([0.14246718]), array([0.05180995]))","(array([0.13933546]), array([0.05261395]))","(array([0.13607251]), array([0.05350909]))","(array([0.13270351]), array([0.0544752]))","(array([0.12923141]), array([0.05548735]))"
(0.15963751696844586+0j),[0.25335423],[1.],[0.55003344],[1.],"(array([0.16807079]), array([0.18639475]))","(array([0.15261048]), array([0.0496383]))","(array([0.15056814]), array([0.05003826]))","(array([0.14815094]), array([0.05052976]))","(array([0.14543049]), array([0.0511232]))","(array([0.14247434]), array([0.0518235]))","(array([0.13934176]), array([0.05262734]))","(array([0.13607795]), array([0.05352228]))","(array([0.1327081]), array([0.05448813]))","(array([0.12923518]), array([0.05549998]))","(array([0.12564519]), array([0.05653151]))"
(0.15237468349822716+0j),[0.25789056],[1.],[0.53309833],[1.],"(array([0.16372582]), array([0.18402313]))","(array([0.15057791]), array([0.05005096]))","(array([0.1481599]), array([0.05054245]))","(array([0.14543862]), array([0.05113585]))","(array([0.14248163]), array([0.05183607]))","(array([0.13934821]), array([0.05263981]))","(array([0.13608357]), array([0.0535346]))","(array([0.1327129]), array([0.05450027]))","(array([0.12923918]), array([0.05551189]))","(array([0.12564842]), array([0.05654314]))","(array([0.1219224]), array([0.05756887]))"
(0.1450934314345136+0j),[0.26224962],[1.],[0.51553751],[1.],"(array([0.15888628]), array([0.18159011]))","(array([0.14816884]), array([0.05055406]))","(array([0.14544675]), array([0.05114746]))","(array([0.14248896]), array([0.05184766]))","(array([0.13935474]), array([0.05265134]))","(array([0.1360893]), array([0.05354605]))","(array([0.13271784]), array([0.05451159]))","(array([0.12924335]), array([0.05552303]))","(array([0.12565184]), array([0.05655406]))","(array([0.1219251]), array([0.05757953]))","(array([0.11805581]), array([0.0585768]))"
(0.1378650042124411+0j),[0.26634951],[1.],[0.49747848],[1.],"(array([0.15364857]), array([0.17911153]))","(array([0.14545485]), array([0.05115808]))","(array([0.14249629]), array([0.0518583]))","(array([0.13936129]), array([0.05266197]))","(array([0.13609509]), array([0.05355662]))","(array([0.13272288]), array([0.05452208]))","(array([0.12924765]), array([0.0555334]))","(array([0.12565542]), array([0.05656426]))","(array([0.12192798]), array([0.05758953]))","(array([0.11805802]), array([0.05858655]))","(array([0.11406053]), array([0.05953542]))"
(0.13079359206319338+0j),[0.27011819],[1.],[0.47918676],[1.],"(array([0.14812141]), array([0.17662728]))","(array([0.14250357]), array([0.05186804]))","(array([0.13936783]), array([0.05267172]))","(array([0.13610089]), array([0.05356637]))","(array([0.13272796]), array([0.05453178]))","(array([0.12925202]), array([0.05554301]))","(array([0.12565911]), array([0.05657376]))","(array([0.12193101]), array([0.05759886]))","(array([0.1180604]), array([0.05859568]))","(array([0.1140623]), array([0.05954432]))","(array([0.10998058]), array([0.06042729]))"
(0.12401474169419809+0j),[0.2734908],[1.],[0.46109314],[1.],"(array([0.142425]), array([0.17420236]))","(array([0.13937435]), array([0.05268069]))","(array([0.1361067]), array([0.05357536]))","(array([0.13273308]), array([0.05454076]))","(array([0.12925646]), array([0.05555195]))","(array([0.12566289]), array([0.0565826]))","(array([0.12193415]), array([0.05760759]))","(array([0.11806293]), array([0.05860425]))","(array([0.11406423]), array([0.0595527]))","(array([0.10998195]), array([0.06043545]))","(array([0.10589417]), array([0.06123692]))"
(0.11769801956512572+0j),[0.27640645],[1.],[0.44383878],[1.],"(array([0.13669142]), array([0.17193095]))","(array([0.13611254]), array([0.05358369]))","(array([0.13273824]), array([0.0545491]))","(array([0.12926097]), array([0.05556027]))","(array([0.12566676]), array([0.05659088]))","(array([0.12193741]), array([0.05761578]))","(array([0.11806559]), array([0.05861232]))","(array([0.11406632]), array([0.0595606]))","(array([0.10998349]), array([0.06044316]))","(array([0.1058952]), array([0.06124442]))","(array([0.10192199]), array([0.06195004]))"
(0.11204764777359806+0j),[0.27880395],[1.],[0.4283144],[1.],"(array([0.1310643]), array([0.16994329]))","(array([0.13274348]), array([0.05455691]))","(array([0.12926557]), array([0.05556809]))","(array([0.12567074]), array([0.05659867]))","(array([0.12194078]), array([0.05762351]))","(array([0.11806839]), array([0.05861996]))","(array([0.11406857]), array([0.05956812]))","(array([0.10998521]), array([0.06045053]))","(array([0.10589641]), array([0.06125159]))","(array([0.10192272]), array([0.061957]))","(array([0.0982367]), array([0.06255286]))"
(0.10728640179798943+0j),[0.28061734],[1.],[0.41562056],[1.],"(array([0.12569373]), array([0.16840665]))","(array([0.1292703]), array([0.0555755]))","(array([0.12567485]), array([0.05660608]))","(array([0.12194431]), array([0.05763089]))","(array([0.11807134]), array([0.05862727]))","(array([0.11407098]), array([0.05957533]))","(array([0.10998709]), array([0.06045761]))","(array([0.10589779]), array([0.06125852]))","(array([0.10192364]), array([0.06196374]))","(array([0.09823718]), array([0.06255938]))","(array([0.09506294]), array([0.06303102]))"
(0.10361255065666951+0j),[0.28177362],[1.],[0.40686785],[1.],"(array([0.12072125]), array([0.16750447]))","(array([0.12567915]), array([0.0566132]))","(array([0.12194801]), array([0.057638]))","(array([0.11807448]), array([0.05863434]))","(array([0.11407357]), array([0.05958232]))","(array([0.10998916]), array([0.0604645]))","(array([0.10589937]), array([0.06126527]))","(array([0.10192474]), array([0.06197032]))","(array([0.09823784]), array([0.06256578]))","(array([0.09506319]), array([0.0630372]))","(array([0.09265032]), array([0.06336884]))"
(0.1011480067061748+0j),[0.28219542],[1.],[0.40286196],[1.],"(array([0.11625597]), array([0.16738947]))","(array([0.12195195]), array([0.05764491]))","(array([0.11807784]), array([0.05864123]))","(array([0.11407638]), array([0.05958917]))","(array([0.10999145]), array([0.06047126]))","(array([0.10590115]), array([0.06127192]))","(array([0.10192605]), array([0.06197683]))","(array([0.0982387]), array([0.06257211]))","(array([0.09506363]), array([0.06304335]))","(array([0.09265038]), array([0.06337476]))","(array([0.09121535]), array([0.06354928]))"
(0.09991732527132396+0j),[0.28180909],[1.],[0.40388243],[1.],"(array([0.112356]), array([0.16813427]))","(array([0.11808147]), array([0.05864803]))","(array([0.11407945]), array([0.05959593]))","(array([0.10999397]), array([0.06047796]))","(array([0.10590317]), array([0.06127853]))","(array([0.10192758]), array([0.06198332]))","(array([0.09823977]), array([0.06257845]))","(array([0.09506427]), array([0.0630495]))","(array([0.09265062]), array([0.06338072]))","(array([0.09121522]), array([0.06355501]))","(array([0.09088075]), array([0.06355522]))"
(0.09986900457322542+0j),[0.28055519],[1.],[0.4096949],[1.],"(array([0.10902981]), array([0.16971336]))","(array([0.11408281]), array([0.05960267]))","(array([0.10999678]), array([0.06048465]))","(array([0.10590545]), array([0.06128515]))","(array([0.10192936]), array([0.06198983]))","(array([0.09824107]), array([0.06258483]))","(array([0.09506513]), array([0.06305573]))","(array([0.09265107]), array([0.06338675]))","(array([0.09121529]), array([0.06356083]))","(array([0.09088048]), array([0.06356082]))","(array([0.0916519]), array([0.06337164]))"
(0.10091204274283058+0j),[0.27839813],[1.],[0.41971958],[1.],"(array([0.10625589]), array([0.17202214]))","(array([0.10999992]), array([0.06049138]))","(array([0.10590804]), array([0.06129182]))","(array([0.10193142]), array([0.06199642]))","(array([0.09824264]), array([0.06259131]))","(array([0.09506624]), array([0.06306206]))","(array([0.09265174]), array([0.06339292]))","(array([0.09121557]), array([0.0635668]))","(array([0.09088039]), array([0.06356656]))","(array([0.09165148]), array([0.06337715]))","(array([0.09343711]), array([0.06298785]))"
(0.1029420301832468+0j),[0.2753332],[1.],[0.43321063],[1.],"(array([0.10400738]), array([0.17491152]))","(array([0.10591098]), array([0.0612986]))","(array([0.10193382]), array([0.06200313]))","(array([0.09824452]), array([0.06259792]))","(array([0.09506762]), array([0.06306854]))","(array([0.09265267]), array([0.06339924]))","(array([0.09121607]), array([0.06357294]))","(array([0.09088051]), array([0.0635725]))","(array([0.09165125]), array([0.06338286]))","(array([0.09343657]), array([0.06299331]))","(array([0.09608701]), array([0.06239937]))"
(0.10585070951832724+0j),[0.27139164],[1.],[0.44937385],[1.],"(array([0.10227298]), array([0.17821712]))","(array([0.10193659]), array([0.06201001]))","(array([0.09824674]), array([0.06260472]))","(array([0.09506933]), array([0.06307523]))","(array([0.09265389]), array([0.06340579]))","(array([0.09121684]), array([0.06357932]))","(array([0.09088086]), array([0.06357868]))","(array([0.09165123]), array([0.06338881]))","(array([0.09343621]), array([0.06299902]))","(array([0.09608635]), array([0.06240483]))","(array([0.09942795]), array([0.06160927]))"
(0.10952354994127136+0j),[0.26664504],[1.],[0.46742029],[1.],"(array([0.10107394]), array([0.18177583]))","(array([0.09824938]), array([0.06261175]))","(array([0.09507141]), array([0.06308217]))","(array([0.09265545]), array([0.06341261]))","(array([0.09121791]), array([0.06358598]))","(array([0.09088148]), array([0.06358515]))","(array([0.09165144]), array([0.06339508]))","(array([0.09343606]), array([0.06300505]))","(array([0.09608587]), array([0.0624106]))","(array([0.09942719]), array([0.06161478]))","(array([0.1032814]), array([0.06062919]))"
(0.11383194586116527+0j),[0.26120971],[1.],[0.486582],[1.],"(array([0.10047666]), array([0.1854323]))","(array([0.09507393]), array([0.06308946]))","(array([0.09265741]), array([0.06341978]))","(array([0.09121934]), array([0.06359301]))","(array([0.09088242]), array([0.06359201]))","(array([0.09165193]), array([0.06340173]))","(array([0.09343614]), array([0.06301148]))","(array([0.09608559]), array([0.06241678]))","(array([0.0994266]), array([0.06162068]))","(array([0.10328054]), array([0.06063481]))","(array([0.10747168]), array([0.05948037]))"
(0.11862655315920027+0j),[0.25524903],[1.],[0.50611938],[1.],"(array([0.10059331]), array([0.18904061]))","(array([0.09265983]), array([0.06342742]))","(array([0.09122119]), array([0.06360052]))","(array([0.09088373]), array([0.06359936]))","(array([0.09165275]), array([0.06340888]))","(array([0.09343651]), array([0.0630184]))","(array([0.09608556]), array([0.06242344]))","(array([0.09942621]), array([0.06162708]))","(array([0.10327983]), array([0.06064092]))","(array([0.10747072]), array([0.05948617]))","(array([0.11182867]), array([0.05819437]))"
(0.12373706291268598+0j),[0.24896884],[1.],[0.5253404],[1.],"(array([0.1015566]), array([0.19246602]))","(array([0.09122353]), array([0.06360863]))","(array([0.09088548]), array([0.06360731]))","(array([0.09165394]), array([0.06341663]))","(array([0.0934372]), array([0.06302593]))","(array([0.09608579]), array([0.06243072]))","(array([0.09942604]), array([0.06163408]))","(array([0.10327932]), array([0.06064763]))","(array([0.10746991]), array([0.05949256]))","(array([0.11182761]), array([0.05820043]))","(array([0.11619082]), array([0.05681288]))"
(0.12898042861041623+0j),[0.24260192],[1.],[0.54363494],[1.],"(array([0.10346665]), array([0.19558911]))","(array([0.09088773]), array([0.06361599]))","(array([0.09165558]), array([0.06342513]))","(array([0.09343827]), array([0.0630342]))","(array([0.09608636]), array([0.06243873]))","(array([0.09942615]), array([0.06164181]))","(array([0.10327904]), array([0.06065505]))","(array([0.10746928]), array([0.05949966]))","(array([0.1118267]), array([0.05820719]))","(array([0.11618967]), array([0.05681928]))","(array([0.12041128]), array([0.05538543]))"
(0.1341759857406394+0j),[0.23638414],[1.],[0.56051373],[1.],"(array([0.1063384]), array([0.19831194]))","(array([0.09165773]), array([0.0634345]))","(array([0.09343978]), array([0.06304334]))","(array([0.09608729]), array([0.06244762]))","(array([0.09942658]), array([0.06165039]))","(array([0.10327901]), array([0.06066332]))","(array([0.10746887]), array([0.0595076]))","(array([0.11182595]), array([0.05821476]))","(array([0.11618865]), array([0.05682648]))","(array([0.12041004]), array([0.05539223]))","(array([0.12436616]), array([0.0539649]))"
(0.13916465329353003+0j),[0.23053132],[1.],[0.57564026],[1.],"(array([0.11008654]), array([0.20056447]))","(array([0.09344182]), array([0.0630535]))","(array([0.09608867]), array([0.0624575]))","(array([0.09942737]), array([0.06165997]))","(array([0.10327929]), array([0.06067256]))","(array([0.10746871]), array([0.05951648]))","(array([0.11182542]), array([0.05822327]))","(array([0.1161878]), array([0.05683459]))","(array([0.12040893]), array([0.05539993]))","(array([0.12436484]), array([0.05397217]))","(array([0.12796252]), array([0.05260224]))"
(0.14383018142239803+0j),[0.22522402],[1.],[0.58885188],[1.],"(array([0.11455265]), array([0.2023098]))","(array([0.09609056]), array([0.06246853]))","(array([0.0994286]), array([0.06167068]))","(array([0.10327994]), array([0.06068291]))","(array([0.10746885]), array([0.05952645]))","(array([0.11182513]), array([0.05823284]))","(array([0.11618715]), array([0.05684374]))","(array([0.12040799]), array([0.05540864]))","(array([0.12436366]), array([0.05398042]))","(array([0.12796114]), array([0.05261002]))","(array([0.13114428]), array([0.05134211]))"
(0.14812121647349816+0j),[0.22060122],[1.],[0.60017343],[1.],"(array([0.11954845]), array([0.20354814]))","(array([0.09943033]), array([0.06168265]))","(array([0.10328101]), array([0.06069451]))","(array([0.10746935]), array([0.05953764]))","(array([0.11182514]), array([0.0582436]))","(array([0.11618676]), array([0.05685405]))","(array([0.12040726]), array([0.05541848]))","(array([0.12436265]), array([0.05398978]))","(array([0.12795991]), array([0.05261887]))","(array([0.13114287]), array([0.05135046]))","(array([0.13389607]), array([0.05022051]))"
(0.152071796877269+0j),[0.21675935],[1.],[0.60982505],[1.],"(array([0.12489124]), array([0.20431976]))","(array([0.10328259]), array([0.0607075]))","(array([0.10747029]), array([0.05955019]))","(array([0.11182553]), array([0.05825568]))","(array([0.11618669]), array([0.05686564]))","(array([0.1204068]), array([0.05542958]))","(array([0.12436188]), array([0.05400036]))","(array([0.12795889]), array([0.05262893]))","(array([0.13114164]), array([0.05135997]))","(array([0.13389467]), array([0.05022947]))","(array([0.13624558]), array([0.0492639]))"
(0.15581319925451823+0j),[0.21375291],[1.],[0.61821431],[1.],"(array([0.13042321]), array([0.20470602]))","(array([0.10747174]), array([0.05956425]))","(array([0.11182637]), array([0.05826924]))","(array([0.11618701]), array([0.05687868]))","(array([0.12040669]), array([0.05544207]))","(array([0.12436141]), array([0.0540123]))","(array([0.12795813]), array([0.05264031]))","(array([0.13114064]), array([0.05137077]))","(array([0.13389348]), array([0.05023967]))","(array([0.13624423]), array([0.04927351]))","(array([0.13826354]), array([0.04848923]))"
(0.15956435000069383+0j),[0.21159475],[1.],[0.62588848],[1.],"(array([0.13601601]), array([0.20482502]))","(array([0.11182776]), array([0.05828444]))","(array([0.11618782]), array([0.05689331]))","(array([0.12040702]), array([0.05545611]))","(array([0.12436135]), array([0.05402574]))","(array([0.12795773]), array([0.05265314]))","(array([0.13113997]), array([0.05138299]))","(array([0.13389259]), array([0.05025127]))","(array([0.13624316]), array([0.04928447]))","(array([0.13826232]), array([0.04849955]))","(array([0.14005754]), array([0.04790404]))"
(0.1635897643837212+0j),[0.21025646],[1.],[0.63342632],[1.],"(array([0.14156467]), array([0.20481733]))","(array([0.11618922]), array([0.05690966]))","(array([0.1204079]), array([0.05547182]))","(array([0.12436179]), array([0.05404079]))","(array([0.12795781]), array([0.05266754]))","(array([0.13113975]), array([0.05139673]))","(array([0.1338921]), array([0.05026435]))","(array([0.13624246]), array([0.04929688]))","(array([0.13826144]), array([0.04851128]))","(array([0.14005652]), array([0.0479151]))","(array([0.14175452]), array([0.04750659]))"
(0.1681238882579624+0j),[0.2096698],[1.],[0.64127391],[1.],"(array([0.14697506]), array([0.20481933]))","(array([0.12040944]), array([0.05548928]))","(array([0.12436286]), array([0.05405755]))","(array([0.12795849]), array([0.05268358]))","(array([0.13114009]), array([0.05141206]))","(array([0.13389216]), array([0.05027898]))","(array([0.13624226]), array([0.04931082]))","(array([0.13826104]), array([0.04852451]))","(array([0.14005595]), array([0.04792761]))","(array([0.14175382]), array([0.0475184]))","(array([0.14347028]), array([0.04728604]))"
(0.17327115779179286+0j),[0.20973244],[1.],[0.64955699],[1.],"(array([0.15214957]), array([0.20492696]))","(array([0.12436467]), array([0.05407601]))","(array([0.12795989]), array([0.05270127]))","(array([0.13114114]), array([0.05142899]))","(array([0.1338929]), array([0.05029516]))","(array([0.13624273]), array([0.04932625]))","(array([0.13826126]), array([0.04853921]))","(array([0.14005596]), array([0.04794159]))","(array([0.14175367]), array([0.04753163]))","(array([0.14347001]), array([0.04729854]))","(array([0.14526974]), array([0.04722324]))"
(0.17891724186926436+0j),[0.21032021],[1.],[0.6579582],[1.],"(array([0.15697599]), array([0.2051619]))","(array([0.1279621]), array([0.05272051]))","(array([0.13114299]), array([0.05144743]))","(array([0.13389444]), array([0.05031279]))","(array([0.13624399]), array([0.0493431]))","(array([0.13826225]), array([0.0485553]))","(array([0.14005671]), array([0.04795693]))","(array([0.14175422]), array([0.04754623]))","(array([0.14347042]), array([0.04731239]))","(array([0.14527004]), array([0.04723635]))","(array([0.14713186]), array([0.04729274]))"
(0.18472173033273032+0j),[0.2113046],[1.],[0.66578981],[1.],"(array([0.1613298]), array([0.20546293]))","(array([0.13114575]), array([0.05146717]))","(array([0.13389689]), array([0.05033171]))","(array([0.13624615]), array([0.0493612]))","(array([0.13826415]), array([0.04857261]))","(array([0.14005836]), array([0.04797347]))","(array([0.14175563]), array([0.04756203]))","(array([0.14347164]), array([0.04732746]))","(array([0.14527113]), array([0.04725067]))","(array([0.14713286]), array([0.04730633]))","(array([0.14894398]), array([0.04746609]))"
(0.19022223263555318+0j),[0.21257045],[1.],[0.67226375],[1.],"(array([0.16509594]), array([0.20571733]))","(array([0.13390031]), array([0.05035166]))","(array([0.1362493]), array([0.04938033]))","(array([0.13826704]), array([0.04859092]))","(array([0.140061]), array([0.047991]))","(array([0.14175804]), array([0.0475788]))","(array([0.14347381]), array([0.04734351]))","(array([0.14527312]), array([0.04726602]))","(array([0.14713473]), array([0.04732096]))","(array([0.14894576]), array([0.04748002]))","(array([0.1505405]), array([0.04771593]))"
(0.19497925760057536+0j),[0.21402834],[1.],[0.67676718],[1.],"(array([0.16820043]), array([0.20581336]))","(array([0.13625348]), array([0.04940018]))","(array([0.13827097]), array([0.04860996]))","(array([0.14006469]), array([0.04800925]))","(array([0.1417615]), array([0.04759631]))","(array([0.14347705]), array([0.0473603]))","(array([0.14527614]), array([0.04728213]))","(array([0.14713757]), array([0.0473364]))","(array([0.14894847]), array([0.0474948]))","(array([0.15054311]), array([0.04773005]))","(array([0.15176445]), array([0.04801931]))"
(0.19867519446770565+0j),[0.21562018],[1.],[0.67898662],[1.],"(array([0.17063339]), array([0.20567929]))","(array([0.13827598]), array([0.04862946]))","(array([0.14006947]), array([0.04802798]))","(array([0.14176605]), array([0.04761429]))","(array([0.14348139]), array([0.04737758]))","(array([0.14528027]), array([0.04729876]))","(array([0.1471415]), array([0.04735241]))","(array([0.14895221]), array([0.0475102]))","(array([0.15054669]), array([0.04774484]))","(array([0.15176789]), array([0.0480335]))","(array([0.15251221]), array([0.04835979]))"
(0.201145975254418+0j),[0.21731993],[1.],[0.67889052],[1.],"(array([0.17245437]), array([0.2052939]))","(array([0.14007535]), array([0.04804692]))","(array([0.14177172]), array([0.04763252]))","(array([0.14348685]), array([0.04739513]))","(array([0.14528554]), array([0.04731568]))","(array([0.14714655]), array([0.04736874]))","(array([0.14895705]), array([0.04752598]))","(array([0.15055132]), array([0.04776008]))","(array([0.15177231]), array([0.0480482]))","(array([0.15251642]), array([0.04837395]))","(array([0.15274528]), array([0.04872801]))"
(0.20236823907614215+0j),[0.21913159],[1.],[0.67665077],[1.],"(array([0.17378085]), array([0.20467718]))","(array([0.1417785]), array([0.04765074]))","(array([0.14349344]), array([0.04741272]))","(array([0.14529193]), array([0.04733267]))","(array([0.14715276]), array([0.0473852]))","(array([0.14896303]), array([0.04754193]))","(array([0.15055705]), array([0.04777556]))","(array([0.15177778]), array([0.04806322]))","(array([0.15252163]), array([0.04838849]))","(array([0.1527502]), array([0.04874207]))","(array([0.1524795]), array([0.0491216]))"
(0.20242830133487225+0j),[0.22108468],[1.],[0.67256197],[1.],"(array([0.17476256]), array([0.20387461]))","(array([0.14350114]), array([0.04743014]))","(array([0.14529945]), array([0.04734955]))","(array([0.14716009]), array([0.04740157]))","(array([0.14897015]), array([0.04755786]))","(array([0.15056392]), array([0.04779108]))","(array([0.15178434]), array([0.04807834]))","(array([0.15252786]), array([0.04840322]))","(array([0.15275609]), array([0.0487564]))","(array([0.15248502]), array([0.04913552]))","(array([0.15176715]), array([0.04954442]))"
(0.20148841175357401+0j),[0.22322611],[1.],[0.66698111],[1.],"(array([0.1755442]), array([0.20294303]))","(array([0.14530808]), array([0.0473661]))","(array([0.14716853]), array([0.04741769]))","(array([0.14897839]), array([0.04757359]))","(array([0.1505719]), array([0.04780645]))","(array([0.15179201]), array([0.04809339]))","(array([0.15253515]), array([0.04841796]))","(array([0.15276298]), array([0.04877082]))","(array([0.15249149]), array([0.0491496]))","(array([0.15177317]), array([0.04955815]))","(array([0.15068131]), array([0.05000513]))"
(0.1997557439509613+0j),[0.22560707],[1.],[0.66028787],[1.],"(array([0.17622227]), array([0.20194063]))","(array([0.14717805]), array([0.04743337]))","(array([0.1489877]), array([0.04758894]))","(array([0.15058095]), array([0.04782152]))","(array([0.15180075]), array([0.04810821]))","(array([0.1525435]), array([0.04843253]))","(array([0.15277088]), array([0.04878515]))","(array([0.1524989]), array([0.04916368]))","(array([0.15178008]), array([0.04957195]))","(array([0.15068769]), array([0.05001864]))","(array([0.14930462]), array([0.05051484]))"
(0.19745335430635594+0j),[0.22826515],[1.],[0.65285557],[1.],"(array([0.17680905]), array([0.20092035]))","(array([0.14899804]), array([0.04760374]))","(array([0.15059104]), array([0.04783611]))","(array([0.15181051]), array([0.04812261]))","(array([0.15255286]), array([0.04844677]))","(array([0.15277977]), array([0.04879923]))","(array([0.15250726]), array([0.04917759]))","(array([0.15178788]), array([0.04958566]))","(array([0.15069492]), array([0.05003213]))","(array([0.14931124]), array([0.05052809]))","(array([0.14772159]), array([0.05108357]))"
(0.19478992203844006+0j),[0.2312068],[1.],[0.64501938],[1.],"(array([0.17722696]), array([0.19992538]))","(array([0.15060208]), array([0.04785006]))","(array([0.15182122]), array([0.04813645]))","(array([0.15256316]), array([0.04846052]))","(array([0.15278959]), array([0.0488129]))","(array([0.15251653]), array([0.04919116]))","(array([0.15179655]), array([0.04959913]))","(array([0.15070296]), array([0.05004546]))","(array([0.14931864]), array([0.05054125]))","(array([0.14772833]), array([0.05109653]))","(array([0.14601178]), array([0.05171628]))"
(0.19192675125623126+0j),[0.23439853],[1.],[0.63703177],[1.],"(array([0.17734564]), array([0.19898412]))","(array([0.15183278]), array([0.04814957]))","(array([0.15257431]), array([0.04847363]))","(array([0.15280024]), array([0.048826]))","(array([0.15252662]), array([0.04920424]))","(array([0.15180602]), array([0.04961218]))","(array([0.15071177]), array([0.05005845]))","(array([0.14932676]), array([0.05055415]))","(array([0.14773575]), array([0.0511093]))","(array([0.14601848]), array([0.05172889]))","(array([0.14424111]), array([0.05240984]))"
(0.18894601614885378+0j),[0.23777162],[1.],[0.6290085],[1.],"(array([0.17703836]), array([0.19810375]))","(array([0.15258619]), array([0.04848595]))","(array([0.15281161]), array([0.04883838]))","(array([0.15253742]), array([0.04921669]))","(array([0.15181619]), array([0.04962466]))","(array([0.15072126]), array([0.05007095]))","(array([0.14933554]), array([0.05056664]))","(array([0.1477438]), array([0.05112174]))","(array([0.14602579]), array([0.05174124]))","(array([0.14424766]), array([0.05242206]))","(array([0.14245085]), array([0.05315263]))"
(0.18583066648499802+0j),[0.24123789],[1.],[0.6208853],[1.],"(array([0.17621933]), array([0.19726384]))","(array([0.15282358]), array([0.04884993]))","(array([0.1525488]), array([0.04922837]))","(array([0.15182694]), array([0.04963645]))","(array([0.15073132]), array([0.05008283]))","(array([0.14934488]), array([0.05057857]))","(array([0.14775239]), array([0.0511337]))","(array([0.14603362]), array([0.05175317]))","(array([0.14425472]), array([0.05243393]))","(array([0.14245713]), array([0.0531644]))","(array([0.14064655]), array([0.05392683]))"
(0.1824704354826054+0j),[0.24470878],[1.],[0.61241783],[1.],"(array([0.17484972]), array([0.19641473]))","(array([0.15256063]), array([0.04923918]))","(array([0.15183812]), array([0.04964744]))","(array([0.15074181]), array([0.05009396]))","(array([0.14935465]), array([0.05058982]))","(array([0.14776141]), array([0.05114504]))","(array([0.14604187]), array([0.05176456]))","(array([0.1442622]), array([0.05244532]))","(array([0.14246382]), array([0.05317574]))","(array([0.14065246]), array([0.05393809]))","(array([0.13879316]), array([0.05471235]))"
(0.17870627909562176+0j),[0.24811087],[1.],[0.6032552],[1.],"(array([0.17292746]), array([0.19548652]))","(array([0.1518496]), array([0.04965754]))","(array([0.15075261]), array([0.05010427]))","(array([0.14936472]), array([0.05060031]))","(array([0.14777074]), array([0.05115567]))","(array([0.14605044]), array([0.0517753]))","(array([0.14426999]), array([0.05245612]))","(array([0.14247084]), array([0.05318656]))","(array([0.14065869]), array([0.05394887]))","(array([0.13879862]), array([0.05472304]))","(array([0.1368233]), array([0.05549077]))"
(0.1744054170570482+0j),[0.25139338],[1.],[0.59307971],[1.],"(array([0.17047921]), array([0.19441048]))","(array([0.1507636]), array([0.05011372]))","(array([0.149375]), array([0.05060998]))","(array([0.14778028]), array([0.05116553]))","(array([0.14605922]), array([0.05178531]))","(array([0.144278]), array([0.05246625]))","(array([0.14247808]), array([0.05319676]))","(array([0.14066517]), array([0.05395909]))","(array([0.13880433]), array([0.05473323]))","(array([0.13682825]), array([0.05550088]))","(array([0.13466128]), array([0.05624801]))"
(0.16952545503228064+0j),[0.25452741],[1.],[0.58173718],[1.],"(array([0.16755912]), array([0.19314439]))","(array([0.14938537]), array([0.0506188]))","(array([0.14778993]), array([0.05117458]))","(array([0.14606812]), array([0.05179457]))","(array([0.14428616]), array([0.05247567]))","(array([0.14248548]), array([0.05320629]))","(array([0.14067181]), array([0.05396869]))","(array([0.13881023]), array([0.05474285]))","(array([0.13683341]), array([0.05551047]))","(array([0.1346657]), array([0.05625752]))","(array([0.13225351]), array([0.05697508]))"
(0.16413098582960886+0j),[0.25749988],[1.],[0.5692848],[1.],"(array([0.16424839]), array([0.1916871]))","(array([0.14779962]), array([0.05118285]))","(array([0.1460771]), array([0.05180307]))","(array([0.14429439]), array([0.05248436]))","(array([0.14249297]), array([0.05321515]))","(array([0.14067857]), array([0.05397765]))","(array([0.13881625]), array([0.05475188]))","(array([0.13683871]), array([0.0555195]))","(array([0.1346703]), array([0.05626652]))","(array([0.1322574]), array([0.05698399]))","(array([0.12958856]), array([0.05766721]))"
(0.15837314844869751+0j),[0.26030654],[1.],[0.55597265],[1.],"(array([0.16065052]), array([0.19007717]))","(array([0.1460861]), array([0.05181084]))","(array([0.14430267]), array([0.05249236]))","(array([0.14250052]), array([0.05322333]))","(array([0.1406854]), array([0.05398599]))","(array([0.13882237]), array([0.05476031]))","(array([0.13684413]), array([0.05552799]))","(array([0.13467503]), array([0.05627501]))","(array([0.13226146]), array([0.05699243]))","(array([0.12959195]), array([0.05767557]))","(array([0.12670051]), array([0.05832243]))"
(0.1524617994103825+0j),[0.2629458],[1.],[0.54221415],[1.],"(array([0.15688307]), array([0.18838354]))","(array([0.14431099]), array([0.05249971]))","(array([0.14250814]), array([0.0532309]))","(array([0.1406923]), array([0.05399373]))","(array([0.13882857]), array([0.05476819]))","(array([0.13684965]), array([0.05553595]))","(array([0.13467987]), array([0.05628301]))","(array([0.13226565]), array([0.05700043]))","(array([0.1295955]), array([0.0576835]))","(array([0.12670343]), array([0.05833027]))","(array([0.12366362]), array([0.05894]))"
(0.14664299938932937+0j),[0.26541317],[1.],[0.52856706],[1.],"(array([0.15306746]), array([0.18669723]))","(array([0.14251583]), array([0.0532379]))","(array([0.14069929]), array([0.05400094]))","(array([0.13883487]), array([0.05477556]))","(array([0.13685527]), array([0.05554343]))","(array([0.13468484]), array([0.05629056]))","(array([0.13226997]), array([0.05700801]))","(array([0.1295992]), array([0.05769106]))","(array([0.12670653]), array([0.05833777]))","(array([0.12366613]), array([0.0589474]))","(array([0.12058698]), array([0.05951917]))"
(0.14117797710178498+0j),[0.26769524],[1.],[0.51570849],[1.],"(array([0.14931653]), array([0.18512599]))","(array([0.14070642]), array([0.05400768]))","(array([0.13884131]), array([0.05478249]))","(array([0.13686103]), array([0.05555051]))","(array([0.13468994]), array([0.05629773]))","(array([0.13227444]), array([0.05701523]))","(array([0.12960306]), array([0.0576983]))","(array([0.12670979]), array([0.05834498]))","(array([0.12366882]), array([0.05895453]))","(array([0.12058911]), array([0.05952619]))","(array([0.11760955]), array([0.06005783]))"
(0.13631637024377066+0j),[0.26976324],[1.],[0.50437524],[1.],"(array([0.14571997]), array([0.18378767]))","(array([0.13884793]), array([0.05478904]))","(array([0.13686698]), array([0.05555723]))","(array([0.13469523]), array([0.05630459]))","(array([0.13227909]), array([0.05702217]))","(array([0.1296071]), array([0.05770528]))","(array([0.12671324]), array([0.05835195]))","(array([0.1236717]), array([0.05896147]))","(array([0.12059144]), array([0.05953304]))","(array([0.11761134]), array([0.06006456]))","(array([0.11489067]), array([0.06055116]))"
(0.13226412058934892+0j),[0.27156755],[1.],[0.49525959],[1.],"(array([0.14233128]), array([0.18279743]))","(array([0.13687318]), array([0.05556368]))","(array([0.13470076]), array([0.05631118]))","(array([0.13228398]), array([0.05702888]))","(array([0.12961136]), array([0.05771205]))","(array([0.1267169]), array([0.05835876]))","(array([0.12367479]), array([0.05896826]))","(array([0.12059398]), array([0.05953978]))","(array([0.11761335]), array([0.0600712]))","(array([0.11489217]), array([0.06055767]))","(array([0.1125916]), array([0.06099024]))"
(0.12915730945137974+0j),[0.27303634],[1.],[0.48889206],[1.],"(array([0.13916425]), array([0.18224967]))","(array([0.13470659]), array([0.05631759]))","(array([0.13228915]), array([0.05703542]))","(array([0.12961589]), array([0.05771869]))","(array([0.12672082]), array([0.05836545]))","(array([0.12367812]), array([0.05897496]))","(array([0.12059675]), array([0.05954645]))","(array([0.11761559]), array([0.06007781]))","(array([0.1148939]), array([0.06056417]))","(array([0.11259284]), array([0.0609966]))","(array([0.11085043]), array([0.06136129]))"
(0.1270546469388754+0j),[0.27408086],[1.],[0.48556562],[1.],"(array([0.1362056]), array([0.18220191]))","(array([0.13229468]), array([0.05704184]))","(array([0.12962076]), array([0.05772524]))","(array([0.12672506]), array([0.05837208]))","(array([0.12368175]), array([0.05898163]))","(array([0.1205998]), array([0.05955312]))","(array([0.11761809]), array([0.06008443]))","(array([0.11489587]), array([0.06057071]))","(array([0.11259431]), array([0.06100302]))","(array([0.11085142]), array([0.06136755]))","(array([0.10976025]), array([0.06164614]))"
(0.1259500331859417+0j),[0.27460732],[1.],[0.48533028],[1.],"(array([0.1334391]), array([0.18266857]))","(array([0.12962603]), array([0.05773175]))","(array([0.12672967]), array([0.05837869]))","(array([0.12368573]), array([0.05898831]))","(array([0.12060318]), array([0.05955982]))","(array([0.11762088]), array([0.06009112]))","(array([0.11489812]), array([0.06057734]))","(array([0.11259603]), array([0.06100955]))","(array([0.11085265]), array([0.06137394]))","(array([0.10976101]), array([0.06165235]))","(array([0.10935992]), array([0.06182416]))"
(0.12579581050712127+0j),[0.27453127],[1.],[0.4880439],[1.],"(array([0.13086562]), array([0.18362601]))","(array([0.12673473]), array([0.05838533]))","(array([0.12369012]), array([0.05899504]))","(array([0.12060693]), array([0.0595666]))","(array([0.11762403]), array([0.06009791]))","(array([0.11490068]), array([0.06058409]))","(array([0.11259805]), array([0.06101623]))","(array([0.11085415]), array([0.06138051]))","(array([0.10976202]), array([0.06165876]))","(array([0.10936046]), array([0.06183038]))","(array([0.10963918]), array([0.06187527]))"
(0.1265270719800183+0j),[0.27379002],[1.],[0.49344753],[1.],"(array([0.12851097]), array([0.18502492]))","(array([0.123695]), array([0.05900186]))","(array([0.12061114]), array([0.05957351]))","(array([0.11762759]), array([0.06010484]))","(array([0.11490362]), array([0.06059102]))","(array([0.11260041]), array([0.0610231]))","(array([0.11085596]), array([0.06138729]))","(array([0.1097633]), array([0.06166541]))","(array([0.10936126]), array([0.06183685]))","(array([0.10963952]), array([0.06188154]))","(array([0.11055291]), array([0.06178294]))"
(0.12808302116883913+0j),[0.27235079],[1.],[0.50124148],[1.],"(array([0.12642718]), array([0.1868047]))","(array([0.12061589]), array([0.05958057]))","(array([0.11763165]), array([0.06011197]))","(array([0.11490702]), array([0.06059817]))","(array([0.11260317]), array([0.06103022]))","(array([0.11085813]), array([0.06139434]))","(array([0.10976492]), array([0.06167234]))","(array([0.10936235]), array([0.06184362]))","(array([0.10964013]), array([0.06188812]))","(array([0.11055305]), array([0.0617893]))","(array([0.11203813]), array([0.06153646]))"
(0.13042371349640675+0j),[0.27021517],[1.],[0.51114528],[1.],"(array([0.12469356]), array([0.18890622]))","(array([0.1176363]), array([0.06011935]))","(array([0.11491096]), array([0.0606056]))","(array([0.11260643]), array([0.06103765]))","(array([0.11086074]), array([0.06140171]))","(array([0.10976692]), array([0.06167962]))","(array([0.10936379]), array([0.06185077]))","(array([0.10964103]), array([0.06189509]))","(array([0.11055346]), array([0.06179605]))","(array([0.11203809]), array([0.06154297]))","(array([0.11402946]), array([0.06113241]))"
(0.133535732650207+0j),[0.26742074],[1.],[0.52291722],[1.],"(array([0.1234157]), array([0.19127864]))","(array([0.11491556]), array([0.06061337]))","(array([0.11261029]), array([0.06104545]))","(array([0.11086389]), array([0.0614095]))","(array([0.1097694]), array([0.06168733]))","(array([0.10936564]), array([0.06185836]))","(array([0.1096423]), array([0.06190251]))","(array([0.11055419]), array([0.06180328]))","(array([0.11203832]), array([0.06154996]))","(array([0.11402923]), array([0.06113913]))","(array([0.11646799]), array([0.06057525]))"
(0.13741501933198594+0j),[0.26404004],[1.],[0.53630678],[1.],"(array([0.12271431]), array([0.19387525]))","(array([0.11261485]), array([0.06105372]))","(array([0.11086768]), array([0.06141778]))","(array([0.10977245]), array([0.06169557]))","(array([0.10936799]), array([0.0618665]))","(array([0.109644]), array([0.0619105]))","(array([0.1105553]), array([0.06181107]))","(array([0.11203888]), array([0.06155753]))","(array([0.11402928]), array([0.06114643]))","(array([0.11646758]), array([0.06058227]))","(array([0.11929815]), array([0.05987747]))"
(0.14202740603902367+0j),[0.26017672],[1.],[0.55096082],[1.],"(array([0.12269928]), array([0.19663804]))","(array([0.11087223]), array([0.06142666]))","(array([0.10977619]), array([0.06170443]))","(array([0.10937095]), array([0.06187529]))","(array([0.10964624]), array([0.06191916]))","(array([0.11055686]), array([0.06181955]))","(array([0.11203983]), array([0.06156578]))","(array([0.11402967]), array([0.06115443]))","(array([0.11646745]), array([0.06058997]))","(array([0.11929756]), array([0.05988486]))","(array([0.12245176]), array([0.05905895]))"
(0.14727631723779805+0j),[0.25595814],[1.],[0.56637724],[1.],"(array([0.12343778]), array([0.19948265]))","(array([0.10978075]), array([0.06171405]))","(array([0.10937465]), array([0.06188485]))","(array([0.10964912]), array([0.06192861]))","(array([0.11055898]), array([0.06182884]))","(array([0.11204125]), array([0.06157485]))","(array([0.11403045]), array([0.06116325]))","(array([0.11646766]), array([0.06059849]))","(array([0.11929725]), array([0.05989305]))","(array([0.12245098]), array([0.05906679]))","(array([0.12583221]), array([0.05814573]))"
(0.15300578061675033+0j),[0.25152488],[1.],[0.58196478],[1.],"(array([0.12493496]), array([0.20229919]))","(array([0.10937921]), array([0.06189531]))","(array([0.10965277]), array([0.06193899]))","(array([0.11056177]), array([0.06183906]))","(array([0.11204324]), array([0.06158487]))","(array([0.11403172]), array([0.06117301]))","(array([0.11646828]), array([0.06060796]))","(array([0.11929728]), array([0.05990219]))","(array([0.12245049]), array([0.05907555]))","(array([0.12583126]), array([0.0581541]))","(array([0.12931611]), array([0.05716805]))"
(0.15903164721043933+0j),[0.24701899],[1.],[0.59715698],[1.],"(array([0.12713674]), array([0.20496998]))","(array([0.10965731]), array([0.06195043]))","(array([0.11056535]), array([0.06185037]))","(array([0.11204592]), array([0.06159598]))","(array([0.11403358]), array([0.06118386]))","(array([0.11646939]), array([0.06061852]))","(array([0.11929773]), array([0.0599124]))","(array([0.12245035]), array([0.05908539]))","(array([0.12583059]), array([0.05816353]))","(array([0.12931499]), array([0.05717703]))","(array([0.13277291]), array([0.05615778]))"
(0.1651790785727844+0j),[0.24257373],[1.],[0.61150722],[1.],"(array([0.12994883]), array([0.20739166]))","(array([0.11056986]), array([0.0618629]))","(array([0.11204941]), array([0.06160832]))","(array([0.11403613]), array([0.06119596]))","(array([0.11647109]), array([0.06063031]))","(array([0.11929868]), array([0.05992385]))","(array([0.12245063]), array([0.05909645]))","(array([0.12583029]), array([0.05817416]))","(array([0.12931417]), array([0.05718719]))","(array([0.13277165]), array([0.05616744]))","(array([0.13608847]), array([0.05514599]))"
(0.17131382565109707+0j),[0.23830623],[1.],[0.62473874],[1.],"(array([0.13326088]), array([0.20949133]))","(array([0.11205387]), array([0.06162207]))","(array([0.11403953]), array([0.06120945]))","(array([0.11647352]), array([0.0606435]))","(array([0.11930024]), array([0.05993667]))","(array([0.12245142]), array([0.05910888]))","(array([0.12583041]), array([0.05818614]))","(array([0.12931372]), array([0.05719869]))","(array([0.1327707]), array([0.05617842]))","(array([0.1360871]), array([0.05515641]))","(array([0.13918134]), array([0.05416089]))"
(0.1773629119309443+0j),[0.2343136],[1.],[0.63675364],[1.],"(array([0.13696793]), array([0.21123386]))","(array([0.11404392]), array([0.06122453]))","(array([0.11647682]), array([0.06065826]))","(array([0.11930254]), array([0.05995107]))","(array([0.12245285]), array([0.05912284]))","(array([0.12583107]), array([0.05819965]))","(array([0.12931372]), array([0.0572117]))","(array([0.13277015]), array([0.05619089]))","(array([0.13608606]), array([0.05516829]))","(array([0.13917991]), array([0.05417216]))","(array([0.14200936]), array([0.05322662]))"
(0.18332136419205577+0j),[0.23067182],[1.],[0.64760845],[1.],"(array([0.14098539]), array([0.21262161]))","(array([0.11648114]), array([0.06067479]))","(array([0.11930575]), array([0.05996722]))","(array([0.12245505]), array([0.05913855]))","(array([0.1258324]), array([0.05821486]))","(array([0.1293143]), array([0.05722638]))","(array([0.13277008]), array([0.05620501]))","(array([0.13608547]), array([0.05518181]))","(array([0.13917885]), array([0.05418502]))","(array([0.14200792]), array([0.05323882]))","(array([0.14456791]), array([0.05236267]))"
(0.18924124981736573+0j),[0.2274363],[1.],[0.65746059],[1.],"(array([0.14525366]), array([0.21368741]))","(array([0.11931003]), array([0.05998532]))","(array([0.12245821]), array([0.05915619]))","(array([0.12583456]), array([0.05823198]))","(array([0.1293156]), array([0.05724294]))","(array([0.13277064]), array([0.05622096]))","(array([0.13608541]), array([0.05519713]))","(array([0.13917828]), array([0.05419968]))","(array([0.14200692]), array([0.05325276]))","(array([0.14456655]), array([0.05237588]))","(array([0.14688117]), array([0.05158383]))"
(0.1952017160527914+0j),[0.22464244],[1.],[0.6664926],[1.],"(array([0.14972763]), array([0.21448222]))","(array([0.12246249]), array([0.05917594]))","(array([0.12583773]), array([0.05825119]))","(array([0.12931779]), array([0.05726154]))","(array([0.132772]), array([0.05623893]))","(array([0.13608605]), array([0.05521443]))","(array([0.13917833]), array([0.05421628]))","(array([0.14200648]), array([0.05326862]))","(array([0.14456569]), array([0.05239096]))","(array([0.14687998]), array([0.05159812]))","(array([0.14898769]), array([0.0509004]))"
(0.20126378516218424+0j),[0.22230465],[1.],[0.67482777],[1.],"(array([0.15435177]), array([0.21505897]))","(array([0.12584208]), array([0.0582726]))","(array([0.12932105]), array([0.05728232]))","(array([0.13277431]), array([0.05625903]))","(array([0.13608757]), array([0.05523381]))","(array([0.13917917]), array([0.05423493]))","(array([0.14200675]), array([0.05328651]))","(array([0.14456551]), array([0.05240805]))","(array([0.1468794]), array([0.05161438]))","(array([0.1489868]), array([0.0509158]))","(array([0.15092247]), array([0.05031808]))"
(0.20741967309299084+0j),[0.22041492],[1.],[0.68245788],[1.],"(array([0.15903579]), array([0.21545594]))","(array([0.12932555]), array([0.05730532]))","(array([0.13277777]), array([0.05628132]))","(array([0.13609013]), array([0.05525534]))","(array([0.13918097]), array([0.05425567]))","(array([0.14200791]), array([0.05330645]))","(array([0.14456613]), array([0.05242718]))","(array([0.14687959]), array([0.05163265]))","(array([0.14898662]), array([0.05093318]))","(array([0.15092201]), array([0.05033457]))","(array([0.15269935]), array([0.04983779]))"
(0.21355306392177528+0j),[0.2189442],[1.],[0.68920892],[1.],"(array([0.1636502]), array([0.21568418]))","(array([0.13278252]), array([0.05630571]))","(array([0.1360939]), array([0.05527895]))","(array([0.1391839]), array([0.05427845]))","(array([0.14201013]), array([0.05332839]))","(array([0.14456775]), array([0.05244826]))","(array([0.1468807]), array([0.05165288]))","(array([0.14898732]), array([0.05095253]))","(array([0.15092236]), array([0.05035298]))","(array([0.15269944]), array([0.04985526]))","(array([0.15429887]), array([0.04945551]))"
(0.21942906817994862+0j),[0.21784936],[1.],[0.69476466],[1.],"(array([0.16804449]), array([0.2157243]))","(array([0.13609898]), array([0.05530445]))","(array([0.13918809]), array([0.0543031]))","(array([0.14201354]), array([0.05335216]))","(array([0.1445705]), array([0.05247115]))","(array([0.14688289]), array([0.05167488]))","(array([0.14898904]), array([0.05097364]))","(array([0.15092369]), array([0.05037319]))","(array([0.15270045]), array([0.04987452]))","(array([0.15429963]), array([0.04947381]))","(array([0.15566689]), array([0.04916324]))"
(0.22472061578156446+0j),[0.21708425],[1.],[0.69873996],[1.],"(array([0.17207428]), array([0.21553435]))","(array([0.13919361]), array([0.05432935]))","(array([0.14201825]), array([0.05337752]))","(array([0.14457449]), array([0.0524956]))","(array([0.14688628]), array([0.05169842]))","(array([0.14899191]), array([0.05099628]))","(array([0.15092612]), array([0.05039493]))","(array([0.15270251]), array([0.04989535]))","(array([0.15430138]), array([0.04949368]))","(array([0.15566839]), array([0.04918217]))","(array([0.15672536]), array([0.04895101]))"
(0.22905779895218434+0j),[0.21661192],[1.],[0.70076435],[1.],"(array([0.17562414]), array([0.21506435]))","(array([0.14202429]), array([0.05340413]))","(array([0.14457979]), array([0.0525213]))","(array([0.14689094]), array([0.0517232]))","(array([0.14899601]), array([0.05102015]))","(array([0.15092974]), array([0.05041791]))","(array([0.1527057]), array([0.04991745]))","(array([0.15430422]), array([0.04951488]))","(array([0.15567094]), array([0.04920242]))","(array([0.15672764]), array([0.04897033]))","(array([0.1573899]), array([0.04880946]))"
(0.23208267881632869+0j),[0.21641467],[1.],[0.70054328],[1.],"(array([0.1786201]), array([0.2142705]))","(array([0.14458641]), array([0.05254792]))","(array([0.14689689]), array([0.05174891]))","(array([0.14900137]), array([0.05104495]))","(array([0.15093459]), array([0.05044182]))","(array([0.15271011]), array([0.04994049]))","(array([0.15430822]), array([0.04953707]))","(array([0.15567458]), array([0.04922374]))","(array([0.15673097]), array([0.04899074]))","(array([0.15739293]), array([0.04882897]))","(array([0.15758608]), array([0.04873241]))"
(0.2335062573654322+0j),[0.21650001],[1.],[0.69789896],[1.],"(array([0.18103207]), array([0.21312553]))","(array([0.14690412]), array([0.05177521]))","(array([0.149008]), array([0.05107037]))","(array([0.15094069]), array([0.05046636]))","(array([0.15271574]), array([0.04996417]))","(array([0.15431341]), array([0.04955993]))","(array([0.15567937]), array([0.04924579]))","(array([0.15673539]), array([0.04901197]))","(array([0.15739701]), array([0.04884933]))","(array([0.1575898]), array([0.04875191]))","(array([0.15726095]), array([0.04871868]))"
(0.2331627104755919+0j),[0.21690083],[1.],[0.69279791],[1.],"(array([0.18286835]), array([0.21162571]))","(array([0.14901587]), array([0.0510961]))","(array([0.15094801]), array([0.05049125]))","(array([0.15272256]), array([0.04998823]))","(array([0.15431978]), array([0.04958319]))","(array([0.15568531]), array([0.04926828]))","(array([0.1567409]), array([0.0490337]))","(array([0.15740212]), array([0.04887029]))","(array([0.15759452]), array([0.04877206]))","(array([0.15726525]), array([0.04873802]))","(array([0.15639076]), array([0.04877284]))"
(0.23103572200788763+0j),[0.21766998],[1.],[0.68534721],[1.],"(array([0.18416302]), array([0.20979307]))","(array([0.1509565]), array([0.0505162]))","(array([0.15273054]), array([0.0500124]))","(array([0.15432729]), array([0.04960659]))","(array([0.15569237]), array([0.04929095]))","(array([0.15674751]), array([0.04905566]))","(array([0.15740826]), array([0.04889155]))","(array([0.15760021]), array([0.04879261]))","(array([0.15727048]), array([0.04875782]))","(array([0.1563955]), array([0.04879188]))","(array([0.15498362]), array([0.04890459]))"
(0.22724238056908733+0j),[0.21887056],[1.],[0.67575324],[1.],"(array([0.18495696]), array([0.20767009]))","(array([0.15273962]), array([0.05003643]))","(array([0.15433589]), array([0.0496299]))","(array([0.15570049]), array([0.04931357]))","(array([0.15675517]), array([0.04907761]))","(array([0.15741544]), array([0.04891287]))","(array([0.15760687]), array([0.04881329]))","(array([0.15727662]), array([0.04877784]))","(array([0.1564011]), array([0.04881121]))","(array([0.15498865]), array([0.04892323]))","(array([0.15307445]), array([0.04912709]))"
(0.22199195600438423+0j),[0.22056441],[1.],[0.66426944],[1.],"(array([0.18527714]), array([0.20530918]))","(array([0.15434549]), array([0.04965288]))","(array([0.15570961]), array([0.0493359]))","(array([0.1567638]), array([0.04909934]))","(array([0.15742357]), array([0.048934]))","(array([0.15761446]), array([0.04883385]))","(array([0.15728363]), array([0.04879783]))","(array([0.15640752]), array([0.0488306]))","(array([0.15499446]), array([0.04894199]))","(array([0.15307962]), array([0.04914521]))","(array([0.15071452]), array([0.04945447]))"
(0.21554241809353408+0j),[0.22280036],[1.],[0.65115681],[1.],"(array([0.18512162]), array([0.20276236]))","(array([0.15571963]), array([0.04935774]))","(array([0.15677332]), array([0.04912061]))","(array([0.15743256]), array([0.04895474]))","(array([0.1576229]), array([0.04885408]))","(array([0.15729147]), array([0.04881756]))","(array([0.15641472]), array([0.04884982]))","(array([0.155001]), array([0.04896066]))","(array([0.15308548]), array([0.0491633]))","(array([0.15071967]), array([0.04947197]))","(array([0.14796114]), array([0.04989924]))"
(0.20816469335865656+0j),[0.2256039],[1.],[0.63666004],[1.],"(array([0.18445677]), array([0.20007479]))","(array([0.15678362]), array([0.04914124]))","(array([0.15744232]), array([0.04897489]))","(array([0.15763209]), array([0.04887377]))","(array([0.15730005]), array([0.04883681]))","(array([0.15642263]), array([0.04886863]))","(array([0.15500821]), array([0.04897902]))","(array([0.15309196]), array([0.04918117]))","(array([0.15072542]), array([0.04948932]))","(array([0.14796614]), array([0.04991604]))","(array([0.14487062]), array([0.05046978]))"
(0.20011575643804208+0j),[0.22896996],[1.],[0.62099264],[1.],"(array([0.18322766]), array([0.19728196]))","(array([0.15745273]), array([0.04899425]))","(array([0.15764191]), array([0.04889274]))","(array([0.15730924]), array([0.04885539]))","(array([0.15643116]), array([0.04888684]))","(array([0.15501602]), array([0.04899684]))","(array([0.15309902]), array([0.04919859]))","(array([0.1507317]), array([0.0495063]))","(array([0.14797164]), array([0.04993254]))","(array([0.14487534]), array([0.05048578]))","(array([0.14149388]), array([0.05116832]))"
(0.1916201414594674+0j),[0.23286003],[1.],[0.60432612],[1.],"(array([0.1813752]), array([0.19440924]))","(array([0.15765224]), array([0.04891081]))","(array([0.15731893]), array([0.04887314]))","(array([0.15644017]), array([0.04890426]))","(array([0.15502431]), array([0.04901395]))","(array([0.15310655]), array([0.04921537]))","(array([0.15073845]), array([0.04952272]))","(array([0.14797759]), array([0.04994857]))","(array([0.14488048]), array([0.05050138]))","(array([0.14149822]), array([0.05118346]))","(array([0.13787364]), array([0.0519899]))"
(0.18286073075553874+0j),[0.23720367],[1.],[0.58678497],[1.],"(array([0.17885174]), array([0.1914728]))","(array([0.15732899]), array([0.04888991]))","(array([0.15644955]), array([0.04892077]))","(array([0.15503296]), array([0.04903019]))","(array([0.15311446]), array([0.04923134]))","(array([0.15074557]), array([0.04953841]))","(array([0.1479839]), array([0.04996395]))","(array([0.14488598]), array([0.0505164]))","(array([0.14150291]), array([0.05119809]))","(array([0.13787752]), array([0.0520041]))","(array([0.13404257]), array([0.05292209]))"
(0.17397957982230608+0j),[0.24190342],[1.],[0.56845233],[1.],"(array([0.17563201]), array([0.18848186]))","(array([0.15645916]), array([0.04893626]))","(array([0.15504186]), array([0.04904546]))","(array([0.1531226]), array([0.0492464]))","(array([0.15075295]), array([0.04955323]))","(array([0.14799049]), array([0.04997852]))","(array([0.14489176]), array([0.05053069]))","(array([0.14150788]), array([0.05121206]))","(array([0.1378817]), array([0.05201772]))","(array([0.13404596]), array([0.05293532]))","(array([0.13002346]), array([0.05394587]))"
(0.16508684718620364+0j),[0.2468427],[1.],[0.54938846],[1.],"(array([0.171721]), array([0.1854425]))","(array([0.15505089]), array([0.04905969]))","(array([0.15313089]), array([0.04926046]))","(array([0.15076048]), array([0.04956711]))","(array([0.14799725]), array([0.0499922]))","(array([0.14489774]), array([0.05054415]))","(array([0.14151307]), array([0.05122527]))","(array([0.1378861]), array([0.05203064]))","(array([0.13404959]), array([0.05294791]))","(array([0.13002634]), array([0.0539581]))","(array([0.1258319]), array([0.05503697]))"
(0.15627278799367753+0j),[0.25189505],[1.],[0.52965661],[1.],"(array([0.16715742]), array([0.18236246]))","(array([0.15313923]), array([0.04927348]))","(array([0.15076808]), array([0.04958]))","(array([0.1480041]), array([0.05000494]))","(array([0.14490383]), array([0.05055672]))","(array([0.1415184]), array([0.05123765]))","(array([0.13789066]), array([0.05204278]))","(array([0.1340534]), array([0.05295979]))","(array([0.13002942]), array([0.05396967]))","(array([0.12583426]), array([0.0550482]))","(array([0.12148127]), array([0.05616788]))"
(0.1476174880521581+0j),[0.25693258],[1.],[0.50934728],[1.],"(array([0.16200974]), array([0.17925526]))","(array([0.15077568]), array([0.0495919]))","(array([0.14801096]), array([0.05001673]))","(array([0.14490996]), array([0.05056838]))","(array([0.1415238]), array([0.05124915]))","(array([0.13789533]), array([0.05205411]))","(array([0.13405735]), array([0.05297091]))","(array([0.13003265]), array([0.05398054]))","(array([0.1258368]), array([0.05505879]))","(array([0.12148315]), array([0.05617815]))","(array([0.1169885]), array([0.05730984]))"
(0.13919625048708872+0j),[0.26183198],[1.],[0.48859575],[1.],"(array([0.15636665]), array([0.17614275]))","(array([0.1480178]), array([0.0500276]))","(array([0.14491609]), array([0.05057915]))","(array([0.14152922]), array([0.05125981]))","(array([0.13790006]), array([0.05206463]))","(array([0.13406138]), array([0.05298127]))","(array([0.130036]), array([0.0539907]))","(array([0.12583949]), array([0.05506872]))","(array([0.1214852]), array([0.05618781]))","(array([0.11698993]), array([0.0573192]))","(array([0.1123787]), array([0.05843443]))"
(0.13108246576870453+0j),[0.26647777],[1.],[0.467596],[1.],"(array([0.15032761]), array([0.17305601]))","(array([0.14492219]), array([0.05058909]))","(array([0.14153465]), array([0.05126967]))","(array([0.1379048]), array([0.05207439]))","(array([0.13406546]), array([0.05299089]))","(array([0.13003943]), array([0.05400017]))","(array([0.12584229]), array([0.055078]))","(array([0.12148738]), array([0.05619687]))","(array([0.11699153]), array([0.057328]))","(array([0.11237973]), array([0.05844295]))","(array([0.10768875]), array([0.05951463]))"
(0.12335150749687805+0j),[0.27076339],[1.],[0.4466214],[1.],"(array([0.14399726]), array([0.17003652]))","(array([0.14154007]), array([0.05127882]))","(array([0.13790958]), array([0.05208346]))","(array([0.13406959]), array([0.05299986]))","(array([0.13004294]), array([0.05400901]))","(array([0.12584518]), array([0.05508669]))","(array([0.12148968]), array([0.05620538]))","(array([0.11699326]), array([0.0573363]))","(array([0.11238093]), array([0.058451]))","(array([0.10768943]), array([0.05952241]))","(array([0.10297117]), array([0.06052532]))"
(0.11608858803296362+0j),[0.27459076],[1.],[0.42606478],[1.],"(array([0.1374844]), array([0.1671401]))","(array([0.13791439]), array([0.05209193]))","(array([0.13407378]), array([0.05300826]))","(array([0.13004652]), array([0.05401732]))","(array([0.12584818]), array([0.05509487]))","(array([0.12149211]), array([0.05621341]))","(array([0.11699514]), array([0.05734415]))","(array([0.11238227]), array([0.05845864]))","(array([0.10769027]), array([0.05952982]))","(array([0.10297154]), array([0.06053247]))","(array([0.09830099]), array([0.06144333]))"
(0.10940120735198898+0j),[0.27786825],[1.],[0.40650731],[1.],"(array([0.1309055]), array([0.16444633]))","(array([0.13407806]), array([0.05301621]))","(array([0.1300502]), array([0.05402519]))","(array([0.12585128]), array([0.05510264]))","(array([0.12149466]), array([0.05622105]))","(array([0.11699715]), array([0.05735164]))","(array([0.11238377]), array([0.05846596]))","(array([0.10769128]), array([0.05953693]))","(array([0.10297208]), array([0.06053935]))","(array([0.0983011]), array([0.06144996]))","(array([0.09378805]), array([0.06224726]))"
(0.10343163521475666+0j),[0.2805075],[1.],[0.38880243],[1.],"(array([0.12439191]), array([0.16207301]))","(array([0.13005402]), array([0.05403273]))","(array([0.12585453]), array([0.05511011]))","(array([0.12149735]), array([0.05622842]))","(array([0.11699931]), array([0.05735888]))","(array([0.11238543]), array([0.05847304]))","(array([0.10769245]), array([0.05954383]))","(array([0.1029728]), array([0.06054604]))","(array([0.09830138]), array([0.06145643]))","(array([0.09378792]), array([0.06225348]))","(array([0.08959418]), array([0.06291683]))"
(0.09835592510404685+0j),[0.28242027],[1.],[0.37410373],[1.],"(array([0.118097]), array([0.16018741]))","(array([0.12585796]), array([0.05511736]))","(array([0.12150023]), array([0.05623559]))","(array([0.11700166]), array([0.05736594]))","(array([0.11238726]), array([0.05847997]))","(array([0.1076938]), array([0.0595506]))","(array([0.10297368]), array([0.06055263]))","(array([0.09830183]), array([0.06146281]))","(array([0.09378797]), array([0.06225962]))","(array([0.08959385]), array([0.06292273]))","(array([0.08594587]), array([0.0634322]))"
(0.09435157139715909+0j),[0.28351777],[1.],[0.3637043],[1.],"(array([0.11219176]), array([0.15899459]))","(array([0.12150333]), array([0.05624266]))","(array([0.11700422]), array([0.05737292]))","(array([0.1123893]), array([0.05848684]))","(array([0.10769535]), array([0.05955732]))","(array([0.10297476]), array([0.06055918]))","(array([0.09830247]), array([0.06146917]))","(array([0.09378819]), array([0.06226577]))","(array([0.08959369]), array([0.06292864]))","(array([0.08594535]), array([0.06343786]))","(array([0.08311928]), array([0.06377347]))"
(0.09153888718934045+0j),[0.28371521],[1.],[0.35864621],[1.],"(array([0.10683846]), array([0.15868566]))","(array([0.11700703]), array([0.05737988]))","(array([0.11239158]), array([0.0584937]))","(array([0.10769711]), array([0.05956406]))","(array([0.10297605]), array([0.06056576]))","(array([0.0983033]), array([0.06147558]))","(array([0.09378859]), array([0.06227198]))","(array([0.08959369]), array([0.06293463]))","(array([0.08594499]), array([0.06344361]))","(array([0.08311859]), array([0.06377896]))","(array([0.0813781]), array([0.06392102]))"
(0.08994192260009908+0j),[0.28294123],[1.],[0.35934513],[1.],"(array([0.10215166]), array([0.15936567]))","(array([0.11239413]), array([0.05850061]))","(array([0.10769914]), array([0.05957086]))","(array([0.10297757]), array([0.06057243]))","(array([0.09830435]), array([0.06148208]))","(array([0.0937892]), array([0.0622783]))","(array([0.08959389]), array([0.06294074]))","(array([0.0859448]), array([0.06344949]))","(array([0.08311805]), array([0.06378459]))","(array([0.08137725]), array([0.06392639]))","(array([0.08088707]), array([0.06385718]))"
(0.08950068785393649+0j),[0.2811484],[1.],[0.36552576],[1.],"(array([0.09817613]), array([0.16101335]))","(array([0.10770146]), array([0.05957777]))","(array([0.10297937]), array([0.06057922]))","(array([0.09830565]), array([0.06148872]))","(array([0.09379004]), array([0.06228477]))","(array([0.08959429]), array([0.06294701]))","(array([0.0859448]), array([0.06345554]))","(array([0.08311768]), array([0.0637904]))","(array([0.08137655]), array([0.06393194]))","(array([0.08088608]), array([0.06386246]))","(array([0.08166223]), array([0.06356848]))"
(0.09010886456216022+0j),[0.27832095],[1.],[0.37642945],[1.],"(array([0.09489659]), array([0.16349717]))","(array([0.10298148]), array([0.06058617]))","(array([0.09830725]), array([0.06149554]))","(array([0.09379114]), array([0.06229143]))","(array([0.08959493]), array([0.06295348]))","(array([0.08594501]), array([0.0634618]))","(array([0.0831175]), array([0.06379643]))","(array([0.08137602]), array([0.06393772]))","(array([0.08088523]), array([0.06386797]))","(array([0.08166111]), array([0.06357371]))","(array([0.08358707]), array([0.06304781]))"
(0.09164168464622047+0j),[0.27447883],[1.],[0.39107025],[1.],"(array([0.09226669]), array([0.16662184]))","(array([0.09830916]), array([0.06150258]))","(array([0.09379254]), array([0.06229832]))","(array([0.08959584]), array([0.0629602]))","(array([0.08594547]), array([0.06346831]))","(array([0.08311754]), array([0.06380272]))","(array([0.08137567]), array([0.06394377]))","(array([0.08088455]), array([0.06387376]))","(array([0.08166013]), array([0.06357922]))","(array([0.08358584]), array([0.06305302]))","(array([0.08646489]), array([0.06229566]))"
(0.09396631913688284+0j),[0.26967962],[1.],[0.40841461],[1.],"(array([0.09023994]), array([0.17017129]))","(array([0.09379428]), array([0.0623055]))","(array([0.08959706]), array([0.06296721]))","(array([0.0859462]), array([0.06347514]))","(array([0.08311782]), array([0.06380933]))","(array([0.08137554]), array([0.06395014]))","(array([0.08088405]), array([0.06387987]))","(array([0.0816593]), array([0.06358505]))","(array([0.08358473]), array([0.06305857]))","(array([0.08646354]), array([0.0623009]))","(array([0.09006792]), array([0.06132083]))"
(0.09694267257272883+0j),[0.2640205],[1.],[0.42747747],[1.],"(array([0.08879709]), array([0.1739356]))","(array([0.08959864]), array([0.06297461]))","(array([0.08594725]), array([0.06348236]))","(array([0.08311838]), array([0.06381634]))","(array([0.08137565]), array([0.06395691]))","(array([0.08088375]), array([0.06388639]))","(array([0.08165865]), array([0.06359129]))","(array([0.08358376]), array([0.06306451]))","(array([0.08646231]), array([0.06230654]))","(array([0.09006647]), array([0.06132615]))","(array([0.09416847]), array([0.06014081]))"
(0.10042244379702478+0j),[0.2576416],[1.],[0.4473654],[1.],"(array([0.08797077]), array([0.17772437]))","(array([0.08594867]), array([0.06349008]))","(array([0.08311926]), array([0.06382385]))","(array([0.08137604]), array([0.06396419]))","(array([0.0808837]), array([0.0638934]))","(array([0.08165819]), array([0.06359803]))","(array([0.08358295]), array([0.06307095]))","(array([0.0864612]), array([0.06231267]))","(array([0.09006511]), array([0.06133195]))","(array([0.09416691]), array([0.06014628]))","(array([0.09855464]), array([0.05878241]))"
(0.10425011231265978+0j),[0.25072966],[1.],[0.46729309],[1.],"(array([0.08786078]), array([0.18137224]))","(array([0.08312052]), array([0.06383197]))","(array([0.08137675]), array([0.06397209]))","(array([0.08088391]), array([0.06390104]))","(array([0.08165796]), array([0.06360538]))","(array([0.08358233]), array([0.06307799]))","(array([0.08646023]), array([0.06231938]))","(array([0.09006385]), array([0.06133833]))","(array([0.09416541]), array([0.06015231]))","(array([0.09855296]), array([0.05878808]))","(array([0.10303709]), array([0.05728256]))"
(0.10826640195420492+0j),[0.24351687],[1.],[0.48658914],[1.],"(array([0.08862011]), array([0.18474075]))","(array([0.08137783]), array([0.06398073]))","(array([0.08088443]), array([0.06390942]))","(array([0.08165798]), array([0.06361346]))","(array([0.0835819]), array([0.06308575]))","(array([0.08645942]), array([0.06232681]))","(array([0.09006271]), array([0.0613454]))","(array([0.094164]), array([0.06015901]))","(array([0.09855133]), array([0.05879441]))","(array([0.1030353]), array([0.0572885]))","(array([0.10745159]), array([0.05568858]))"
(0.11231396585018344+0j),[0.23626778],[1.],[0.50470159],[1.],"(array([0.09039489]), array([0.18771895]))","(array([0.0808853]), array([0.06391866]))","(array([0.08165828]), array([0.0636224]))","(array([0.08358171]), array([0.06309436]))","(array([0.08645879]), array([0.06233505]))","(array([0.0900617]), array([0.06135328]))","(array([0.09416268]), array([0.0601665]))","(array([0.09854976]), array([0.05880149]))","(array([0.10303353]), array([0.05729517]))","(array([0.10744967]), array([0.05569484]))","(array([0.11166026]), array([0.05405658]))"
(0.11624572567485288+0j),[0.22925329],[1.],[0.52120838],[1.],"(array([0.09324265]), array([0.19022438]))","(array([0.08165891]), array([0.06363234]))","(array([0.08358177]), array([0.06310394]))","(array([0.08645836]), array([0.06234425]))","(array([0.09006085]), array([0.06136207]))","(array([0.09416147]), array([0.06017488]))","(array([0.09854826]), array([0.05880945]))","(array([0.10303179]), array([0.05730269]))","(array([0.10744777]), array([0.05570191]))","(array([0.11165823]), array([0.0540632]))","(array([0.11555343]), array([0.05244697]))"
(0.11993651742072137+0j),[0.22272166],[1.],[0.53583141],[1.],"(array([0.0970893]), array([0.19220457]))","(array([0.08358212]), array([0.06311462]))","(array([0.08645816]), array([0.06235452]))","(array([0.09006017]), array([0.06137191]))","(array([0.09416039]), array([0.06018426]))","(array([0.09854684]), array([0.05881838]))","(array([0.10303011]), array([0.05731115]))","(array([0.10744588]), array([0.05570989]))","(array([0.1116562]), array([0.05407069]))","(array([0.1155513]), array([0.05245397]))","(array([0.11905227]), array([0.05091826]))"
(0.12329812330489304+0j),[0.21687785],[1.],[0.54845073],[1.],"(array([0.10175172]), array([0.19363913]))","(array([0.08645821]), array([0.062366]))","(array([0.09005968]), array([0.06138292]))","(array([0.09415945]), array([0.06019479]))","(array([0.09854553]), array([0.0588284]))","(array([0.1030285]), array([0.05732066]))","(array([0.10744404]), array([0.05571889]))","(array([0.11165419]), array([0.05407916]))","(array([0.11554916]), array([0.05246191]))","(array([0.11905006]), array([0.05092567]))","(array([0.12211202]), array([0.04952147]))"
(0.12629745743793966+0j),[0.21187479],[1.],[0.55912039],[1.],"(array([0.10699464]), array([0.19454226]))","(array([0.09005943]), array([0.06139524]))","(array([0.09415869]), array([0.06020658]))","(array([0.09854435]), array([0.05883964]))","(array([0.10302699]), array([0.05733135]))","(array([0.10744226]), array([0.05572902]))","(array([0.11165221]), array([0.05408873]))","(array([0.11554704]), array([0.05247091]))","(array([0.11904784]), array([0.05093409]))","(array([0.12210975]), array([0.04952933]))","(array([0.12472528]), array([0.04829685]))"
(0.12897695367115497+0j),[0.20781262],[1.],[0.56808844],[1.],"(array([0.11258274]), array([0.19496636]))","(array([0.09415813]), array([0.06021979]))","(array([0.09854333]), array([0.05885226]))","(array([0.10302559]), array([0.05734335]))","(array([0.10744058]), array([0.05574041]))","(array([0.1116503]), array([0.05409951]))","(array([0.11554497]), array([0.05248108]))","(array([0.11904566]), array([0.05094364]))","(array([0.12210749]), array([0.04953825]))","(array([0.12472298]), array([0.04830517]))","(array([0.12692605]), array([0.0472728]))"
(0.13147210130335824+0j),[0.20474088],[1.],[0.57581265],[1.],"(array([0.11831361]), array([0.19500613]))","(array([0.09854251]), array([0.05886639]))","(array([0.10302436]), array([0.05735682]))","(array([0.10743902]), array([0.0557532]))","(array([0.11164851]), array([0.05411163]))","(array([0.11554299]), array([0.05249253]))","(array([0.11904354]), array([0.05095443]))","(array([0.12210529]), array([0.04954838]))","(array([0.12472072]), array([0.04831463]))","(array([0.12692376]), array([0.04728162]))","(array([0.12879384]), array([0.04646613]))"
(0.13401291100553156+0j),[0.20266132],[1.],[0.58294033],[1.],"(array([0.12403276]), array([0.19479907]))","(array([0.10302332]), array([0.05737189]))","(array([0.10743764]), array([0.05576753]))","(array([0.11164687]), array([0.05412521]))","(array([0.11554115]), array([0.05250538]))","(array([0.11904156]), array([0.05096656]))","(array([0.1221032]), array([0.0495598]))","(array([0.12471857]), array([0.04832534]))","(array([0.12692157]), array([0.04729163]))","(array([0.12879163]), array([0.04647546]))","(array([0.13045325]), array([0.0458826]))"
(0.13689361316657814+0j),[0.2015308],[1.],[0.59021322],[1.],"(array([0.1296334]), array([0.1945155]))","(array([0.10743648]), array([0.05578348]))","(array([0.11164544]), array([0.05414035]))","(array([0.11553953]), array([0.05251971]))","(array([0.11903979]), array([0.05098011]))","(array([0.12210132]), array([0.04957257]))","(array([0.1247166]), array([0.04833737]))","(array([0.12691954]), array([0.0473029]))","(array([0.12878958]), array([0.04648599]))","(array([0.13045121]), array([0.04589242]))","(array([0.13206114]), array([0.04551761]))"
(0.14040784493182815+0j),[0.20126465],[1.],[0.59829412],[1.],"(array([0.13504321]), array([0.19433291]))","(array([0.11164428]), array([0.05415707]))","(array([0.11553817]), array([0.05253556]))","(array([0.1190383]), array([0.05099509]))","(array([0.12209972]), array([0.04958671]))","(array([0.12471491]), array([0.0483507]))","(array([0.12691779]), array([0.04731545]))","(array([0.12878778]), array([0.04649776]))","(array([0.1304494]), array([0.04590342]))","(array([0.13205936]), array([0.04552787]))","(array([0.13377627]), array([0.0453569]))"
(0.1447598892146927+0j),[0.2017423],[1.],[0.60755325],[1.],"(array([0.14020291]), array([0.19439693]))","(array([0.11553715]), array([0.05255283]))","(array([0.11903715]), array([0.05101144]))","(array([0.12209849]), array([0.04960216]))","(array([0.12471362]), array([0.04836527]))","(array([0.12691644]), array([0.04732918]))","(array([0.12878637]), array([0.04651069]))","(array([0.13044796]), array([0.04591556]))","(array([0.13205792]), array([0.04553923]))","(array([0.13377489]), array([0.04536751]))","(array([0.13571563]), array([0.04537746]))"
(0.14997512853791248+0j),[0.20281771],[1.],[0.61789158],[1.],"(array([0.1450444]), array([0.19477947]))","(array([0.11903642]), array([0.05102901]))","(array([0.1220977]), array([0.04961878]))","(array([0.12471279]), array([0.04838096]))","(array([0.12691557]), array([0.04734398]))","(array([0.12878546]), array([0.04652464]))","(array([0.13044701]), array([0.0459287]))","(array([0.13205696]), array([0.04555159]))","(array([0.13377397]), array([0.0453791]))","(array([0.1357148]), array([0.04538832]))","(array([0.13791017]), array([0.04554933]))"
(0.15586567834251572+0j),[0.2043345],[1.],[0.62874155],[1.],"(array([0.14948104]), array([0.19545677]))","(array([0.12209742]), array([0.04963636]))","(array([0.1247125]), array([0.04839757]))","(array([0.12691527]), array([0.04735967]))","(array([0.12878515]), array([0.04653944]))","(array([0.13044668]), array([0.04594266]))","(array([0.1320566]), array([0.04556476]))","(array([0.13377362]), array([0.04539151]))","(array([0.13571452]), array([0.04539999]))","(array([0.13791002]), array([0.0455603]))","(array([0.1402849]), array([0.04583842]))"
(0.16209587116500856+0j),[0.20614247],[1.],[0.63930602],[1.],"(array([0.15342122]), array([0.19632918]))","(array([0.1247128]), array([0.04841488]))","(array([0.12691561]), array([0.04737602]))","(array([0.12878551]), array([0.04655489]))","(array([0.13044704]), array([0.04595725]))","(array([0.13205697]), array([0.04557855]))","(array([0.13377398]), array([0.04540455]))","(array([0.13571492]), array([0.04541231]))","(array([0.13791052]), array([0.04557193]))","(array([0.14028555]), array([0.04584939]))","(array([0.1426861]), array([0.04621015]))"
(0.16830313966545166+0j),[0.20811088],[1.],[0.64886716],[1.],"(array([0.15679972]), array([0.19727326]))","(array([0.12691662]), array([0.04739281]))","(array([0.12878658]), array([0.04657076]))","(array([0.13044816]), array([0.04597226]))","(array([0.13205812]), array([0.04559275]))","(array([0.13377516]), array([0.045418]))","(array([0.13571613]), array([0.04542507]))","(array([0.13791179]), array([0.04558404]))","(array([0.14028695]), array([0.04586088]))","(array([0.14268765]), array([0.04622105]))","(array([0.14494326]), array([0.0466329]))"
(0.17419344798490485+0j),[0.21013665],[1.],[0.656967],[1.],"(array([0.15960722]), array([0.19818963]))","(array([0.1287884]), array([0.04658684]))","(array([0.13045006]), array([0.04598748]))","(array([0.1320601]), array([0.04560717]))","(array([0.13377721]), array([0.04543169]))","(array([0.13571824]), array([0.04543808]))","(array([0.13791395]), array([0.04559644]))","(array([0.14028918]), array([0.0458727]))","(array([0.14269002]), array([0.04623233]))","(array([0.14494576]), array([0.04664366]))","(array([0.14692414]), array([0.04708037]))"
(0.17958193441722603+0j),[0.21214886],[1.],[0.66343232],[1.],"(array([0.16190467]), array([0.19902384]))","(array([0.13045279]), array([0.04600271]))","(array([0.13206293]), array([0.04562163]))","(array([0.13378015]), array([0.04544542]))","(array([0.13572127]), array([0.04545117]))","(array([0.13791708]), array([0.04560895]))","(array([0.14029237]), array([0.04588469]))","(array([0.14269328]), array([0.04624383]))","(array([0.14494913]), array([0.04665471]))","(array([0.14692761]), array([0.04709098]))","(array([0.1485578]), array([0.04753303]))"
(0.18439341441629759+0j),[0.21411069],[1.],[0.66831642],[1.],"(array([0.16382046]), array([0.19976403]))","(array([0.13206666]), array([0.04563593]))","(array([0.13378401]), array([0.04545904]))","(array([0.13572527]), array([0.04546418]))","(array([0.1379212]), array([0.04562141]))","(array([0.14029659]), array([0.04589668]))","(array([0.14269755]), array([0.0462554]))","(array([0.14495345]), array([0.04666589]))","(array([0.14693198]), array([0.04710178]))","(array([0.14856222]), array([0.04754348]))","(array([0.14983082]), array([0.04797881]))"
(0.18864341697321257+0j),[0.21601867],[1.],[0.67182023],[1.],"(array([0.16552962]), array([0.20042834]))","(array([0.13378883]), array([0.04547237]))","(array([0.13573025]), array([0.04547694]))","(array([0.13792634]), array([0.04563368]))","(array([0.14030186]), array([0.04590852]))","(array([0.1427029]), array([0.04626688]))","(array([0.14495882]), array([0.04667705]))","(array([0.14693735]), array([0.04711265]))","(array([0.14856758]), array([0.04755406]))","(array([0.14983615]), array([0.04798912]))","(array([0.15077186]), array([0.04841329]))"
(0.192412162362587+0j),[0.21789718],[1.],[0.67422118],[1.],"(array([0.1672158]), array([0.20105061]))","(array([0.13573625]), array([0.04548929]))","(array([0.13793251]), array([0.04564559]))","(array([0.1403082]), array([0.04592007]))","(array([0.14270935]), array([0.04627812]))","(array([0.1449653]), array([0.04668804]))","(array([0.14694379]), array([0.04712343]))","(array([0.14857394]), array([0.04756463]))","(array([0.14984243]), array([0.04799949]))","(array([0.15077803]), array([0.04842347]))","(array([0.15143484]), array([0.0488389]))"
(0.1958167348723384+0j),[0.21978679],[1.],[0.6758162],[1.],"(array([0.16902189]), array([0.2016679]))","(array([0.13793975]), array([0.04565698]))","(array([0.14031561]), array([0.04593116]))","(array([0.14271689]), array([0.04628899]))","(array([0.1449729]), array([0.04669873]))","(array([0.14695136]), array([0.04713398]))","(array([0.1485814]), array([0.04757507]))","(array([0.14984972]), array([0.04800981]))","(array([0.15078515]), array([0.04843366]))","(array([0.15144175]), array([0.04884898]))","(array([0.1518845]), array([0.04926307]))"
(0.1989833672496563+0j),[0.22172696],[1.],[0.6768773],[1.],"(array([0.1710029]), array([0.20231064]))","(array([0.14032409]), array([0.04594163]))","(array([0.14272552]), array([0.04629931]))","(array([0.1449816]), array([0.04670896]))","(array([0.14696003]), array([0.04714415]))","(array([0.14858995]), array([0.0475852]))","(array([0.14985808]), array([0.04801992]))","(array([0.15079326]), array([0.04844373]))","(array([0.1514496]), array([0.048859]))","(array([0.15189203]), array([0.04927305]))","(array([0.15218498]), array([0.04969489]))"
(0.20202107173734762+0j),[0.22373749],[1.],[0.67761712],[1.],"(array([0.17310506]), array([0.20299578]))","(array([0.1427352]), array([0.04630893]))","(array([0.14499136]), array([0.04671858]))","(array([0.14696978]), array([0.0471538]))","(array([0.14859958]), array([0.04759491]))","(array([0.14986749]), array([0.04802968]))","(array([0.15080238]), array([0.04845354]))","(array([0.15145838]), array([0.04886884]))","(array([0.15190045]), array([0.04928292]))","(array([0.15219299]), array([0.04970477]))","(array([0.152391]), array([0.05014106]))"
(0.20499815989762585+0j),[0.22580716],[1.],[0.67816238],[1.],"(array([0.17519254]), array([0.20372271]))","(array([0.14500211]), array([0.04672742]))","(array([0.14698051]), array([0.04716277]))","(array([0.1486102]), array([0.04760402]))","(array([0.1498779]), array([0.04803895]))","(array([0.15081247]), array([0.04846295]))","(array([0.15146808]), array([0.04887837]))","(array([0.15190973]), array([0.04929254]))","(array([0.15220181]), array([0.04971447]))","(array([0.15239931]), array([0.05015083]))","(array([0.1525409]), array([0.05060258]))"
(0.20792242167105496+0j),[0.22789498],[1.],[0.67853372],[1.],"(array([0.17710776]), array([0.20447142]))","(array([0.14699215]), array([0.04717092]))","(array([0.14862171]), array([0.04761241]))","(array([0.14988917]), array([0.04804757]))","(array([0.15082343]), array([0.04847181]))","(array([0.15147864]), array([0.04888743]))","(array([0.15191981]), array([0.04930178]))","(array([0.15221138]), array([0.04972386]))","(array([0.15240833]), array([0.05016036]))","(array([0.15254931]), array([0.05061221]))","(array([0.1526513]), array([0.0510735]))"
(0.21072207014582384+0j),[0.22994269],[1.],[0.67862666],[1.],"(array([0.17872297]), array([0.20520181]))","(array([0.14863399]), array([0.04761994]))","(array([0.14990121]), array([0.04805543]))","(array([0.15083513]), array([0.04847998]))","(array([0.15148992]), array([0.04889591]))","(array([0.1519306]), array([0.04931052]))","(array([0.15222162]), array([0.04973282]))","(array([0.15241798]), array([0.0501695]))","(array([0.15255833]), array([0.05062152]))","(array([0.15265963]), array([0.05108295]))","(array([0.15271263]), array([0.05154254]))"
(0.21322324542722407+0j),[0.23189237],[1.],[0.67818793],[1.],"(array([0.179958]), array([0.2058525]))","(array([0.14991386]), array([0.04806243]))","(array([0.15084743]), array([0.04848737]))","(array([0.15150179]), array([0.04890368]))","(array([0.15194196]), array([0.04931863]))","(array([0.15223241]), array([0.04974123]))","(array([0.15242815]), array([0.05017818]))","(array([0.15256784]), array([0.05063041]))","(array([0.15266845]), array([0.05109203]))","(array([0.15272069]), array([0.05155177]))","(array([0.15268421]), array([0.0519964]))"
(0.2151376903512709+0j),[0.23370404],[1.],[0.67680805],[1.],"(array([0.1807713]), array([0.20634069]))","(array([0.15086021]), array([0.04849391]))","(array([0.15151412]), array([0.04891065]))","(array([0.15195377]), array([0.04932602]))","(array([0.15224364]), array([0.04974901]))","(array([0.15243874]), array([0.05018627]))","(array([0.15257775]), array([0.05063879]))","(array([0.15267764]), array([0.05110064]))","(array([0.15272914]), array([0.05156058]))","(array([0.15269185]), array([0.05200536]))","(array([0.15249086]), array([0.05242376]))"
(0.21610865708119317+0j),[0.23536877],[1.],[0.67399968],[1.],"(array([0.1811456]), array([0.20657113]))","(array([0.15152681]), array([0.04891681]))","(array([0.15196593]), array([0.04933264]))","(array([0.15225519]), array([0.04975607]))","(array([0.15244964]), array([0.05019373]))","(array([0.15258796]), array([0.05064659]))","(array([0.15268712]), array([0.05110873]))","(array([0.15273786]), array([0.0515689]))","(array([0.15269979]), array([0.05201388]))","(array([0.15249797]), array([0.05243243]))","(array([0.15203111]), array([0.05281885]))"
(0.21583632421415044+0j),[0.23691265],[1.],[0.66938237],[1.],"(array([0.18108415]), array([0.20646229]))","(array([0.15197834]), array([0.04933848]))","(array([0.152267]), array([0.04976239]))","(array([0.15246079]), array([0.05020051]))","(array([0.1525984]), array([0.05065376]))","(array([0.15269682]), array([0.05111625]))","(array([0.1527468]), array([0.05157671]))","(array([0.15270795]), array([0.05202191]))","(array([0.15250532]), array([0.05244064]))","(array([0.15203762]), array([0.0528272]))","(array([0.15120698]), array([0.05318348]))"
(0.21419181475355234+0j),[0.23839008],[1.],[0.66283059],[1.],"(array([0.18061525]), array([0.20597658]))","(array([0.152279]), array([0.04976797]))","(array([0.15247213]), array([0.05020658]))","(array([0.15260902]), array([0.05066029]))","(array([0.1527067]), array([0.05112317]))","(array([0.1527559]), array([0.05158396]))","(array([0.15271626]), array([0.05202944]))","(array([0.15251284]), array([0.05244838]))","(array([0.15204433]), array([0.05283511]))","(array([0.15121286]), array([0.0531915]))","(array([0.14996133]), array([0.05352675]))"
(0.2112316888014611+0j),[0.2398707],[1.],[0.65446874],[1.],"(array([0.17979076]), array([0.20512969]))","(array([0.15248363]), array([0.05021197]))","(array([0.15261981]), array([0.05066617]))","(array([0.15271672]), array([0.0511295]))","(array([0.15276515]), array([0.05159067]))","(array([0.15272471]), array([0.05203647]))","(array([0.15252049]), array([0.05245566]))","(array([0.15205119]), array([0.05284258]))","(array([0.15121891]), array([0.05319912]))","(array([0.14996657]), array([0.05353446]))","(array([0.14829372]), array([0.0538627]))"
(0.20714364623227882+0j),[0.24142643],[1.],[0.64458057],[1.],"(array([0.17867446]), array([0.20397573]))","(array([0.15263078]), array([0.05067143]))","(array([0.15272692]), array([0.05113523]))","(array([0.15277455]), array([0.05159684]))","(array([0.15273331]), array([0.052043]))","(array([0.15252828]), array([0.05246249]))","(array([0.15205818]), array([0.05284964]))","(array([0.15122512]), array([0.05320635]))","(array([0.14997199]), array([0.05354181]))","(array([0.14829836]), array([0.05387012]))","(array([0.14624969]), array([0.05420732]))"
