Price,Adj Close,Close,High,Low,Open,Volume
Ticker,AAPL,AAPL,AAPL,AAPL,AAPL,AAPL
Date,,,,,,
2014-01-02,17.124879837036133,19.754642486572266,19.89392852783203,19.71500015258789,19.845714569091797,234684800
2014-01-03,16.74871826171875,19.320714950561523,19.774999618530273,19.301071166992188,19.7450008392334,392467600
2014-01-06,16.84005355834961,19.426071166992188,19.5285701751709,19.05714225769043,19.194643020629883,412610800
2014-01-07,16.71961212158203,19.28714370727539,19.498571395874023,19.211429595947266,19.440000534057617,317209200
2014-01-08,16.82550621032715,19.409286499023438,19.484285354614258,19.238929748535156,19.243213653564453,258529600
2014-01-09,16.61064338684082,19.161428451538086,19.53071403503418,19.11964225769043,19.5285701751709,279148800
2014-01-10,16.499805450439453,19.033571243286133,19.314285278320312,18.96821403503418,19.27964210510254,304976000
2014-01-13,16.586183547973633,19.133214950561523,19.375,18.924285888671875,18.925357818603516,378492800
2014-01-14,16.916217803955078,19.51392936706543,19.526071548461914,19.2021427154541,19.222143173217773,332561600
2014-01-15,17.255847930908203,19.90571403503418,20.007143020629883,19.7021427154541,19.768571853637695,391638800
2014-01-16,17.159564971923828,19.79464340209961,19.887500762939453,19.702856063842773,19.81785774230957,229278000
2014-01-17,16.739124298095703,19.309642791748047,19.716785430908203,19.282142639160156,19.695714950561523,426739600
2014-01-21,16.999187469482422,19.609643936157227,19.645357131958008,19.30071449279785,19.32107162475586,328526800
2014-01-22,17.074729919433594,19.696786880493164,19.903213500976562,19.56464385986328,19.675357818603516,379985200
2014-01-23,17.21931266784668,19.863571166992188,19.875,19.457500457763672,19.640714645385742,403239200
2014-01-24,16.906309127807617,19.502500534057617,19.843570709228516,19.45535659790039,19.78571319580078,429354800
2014-01-27,17.043458938598633,19.66071319580078,19.814285278320312,19.491071701049805,19.645357131958008,554878800
2014-01-28,15.681221008300781,18.08928680419922,18.39285659790039,17.93107032775879,18.170000076293945,1065523200
2014-01-29,15.503203392028809,17.883928298950195,18.120357513427734,17.807857513427734,17.998214721679688,502810000
2014-01-30,15.47317123413086,17.849285125732422,18.08928680419922,17.739286422729492,17.947856903076172,678501600
2014-01-31,15.498557090759277,17.878570556640625,17.911785125732422,17.626785278320312,17.684999465942383,464797200
2014-02-03,15.527347564697266,17.911785125732422,18.133214950561523,17.832143783569336,17.95035743713379,401464000
2014-02-04,15.752119064331055,18.171070098876953,18.19499969482422,17.955713272094727,18.066070556640625,376681200
2014-02-05,15.869771957397461,18.306785583496094,18.402856826782227,18.08035659790039,18.091428756713867,328344800
2014-02-06,15.962271690368652,18.30392837524414,18.33928680419922,18.136070251464844,18.216428756713867,257765200
2014-02-07,16.185579299926758,18.559999465942383,18.676071166992188,18.47785758972168,18.62071418762207,370280400
2014-02-10,16.475543975830078,18.892499923706055,18.999643325805664,18.5,18.523571014404297,345559200
2014-02-11,16.692628860473633,19.141429901123047,19.20535659790039,18.91071319580078,18.95035743713379,282256800
2014-02-12,16.69138526916504,19.139999389648438,19.270000457763672,19.044286727905273,19.176786422729492,308100800
2014-02-13,16.95642852783203,19.44392967224121,19.45892906188965,19.078571319580078,19.094999313354492,307398000
2014-02-14,16.942726135253906,19.428213119506836,19.499286651611328,19.328929901123047,19.37392807006836,272924400
2014-02-18,17.005008697509766,19.499643325805664,19.68535614013672,19.48607063293457,19.5,260251600
2014-02-19,16.736541748046875,19.19178581237793,19.53178596496582,19.08392906188965,19.45535659790039,313768000
2014-02-20,16.542816162109375,18.969642639160156,19.178571701049805,18.89285659790039,19.035356521606445,305858000
2014-02-21,16.35906219482422,18.758928298950195,19.091785430908203,18.735713958740234,19.028213500976562,278784800
2014-02-24,16.43069839477539,18.8410701751709,18.92571449279785,18.65785789489746,18.683929443359375,288909600
2014-02-25,16.259708404541016,18.645000457763672,18.9132137298584,18.60714340209961,18.906429290771484,231952000
2014-02-26,16.113004684448242,18.47678565979004,18.75,18.41428565979004,18.70035743713379,276217200
2014-02-27,16.434432983398438,18.84535789489746,18.885000228881836,18.430356979370117,18.46928596496582,301882000
2014-02-28,16.389894485473633,18.794286727905273,19.02678680419922,18.64714241027832,18.895713806152344,371968800
2014-03-03,16.43723487854004,18.84857177734375,18.951786041259766,18.671785354614258,18.693571090698242,238781200
2014-03-04,16.54561996459961,18.972856521606445,19.022857666015625,18.848928451538086,18.96428680419922,259140000
2014-03-05,16.58050537109375,19.01285743713379,19.09821319580078,18.897499084472656,18.961429595947266,200062800
2014-03-06,16.530364990234375,18.95535659790039,19.087142944335938,18.860713958740234,19.028213500976562,185488800
2014-03-07,16.520713806152344,18.944286346435547,18.999286651611328,18.787500381469727,18.967500686645508,220729600
2014-03-10,16.5356502532959,18.961429595947266,19.047500610351562,18.869285583496094,18.8700008392334,178584000
2014-03-11,16.69667625427246,19.14607048034668,19.240713119506836,19.02107048034668,19.123214721679688,279224400
2014-03-12,16.712871551513672,19.164642333984375,19.191070556640625,19.0,19.089643478393555,199326400
2014-03-13,16.52724266052246,18.951786041259766,19.273571014404297,18.898571014404297,19.194286346435547,257742800
2014-03-14,16.341623306274414,18.738929748535156,18.960357666015625,18.678571701049805,18.885356903076172,237199200
2014-03-17,16.405466079711914,18.812143325805664,18.927499771118164,18.780357360839844,18.8464298248291,199544800
2014-03-18,16.55060577392578,18.97857093811035,18.99892807006836,18.757143020629883,18.782142639160156,209647200
2014-03-19,16.54624366760254,18.97357177734375,19.15142822265625,18.89285659790039,19.009286880493164,224756000
2014-03-20,16.466510772705078,18.882143020629883,19.023929595947266,18.83392906188965,18.92464256286621,208398400
2014-03-21,16.596391677856445,19.031070709228516,19.0625,18.797500610351562,18.997499465942383,374046400
2014-03-24,16.79323387145996,19.256786346435547,19.303571701049805,19.109285354614258,19.229286193847656,355700800
2014-03-25,16.973875045776367,19.46392822265625,19.491071701049805,19.27107048034668,19.33928680419922,282293200
2014-03-26,16.811607360839844,19.277856826782227,19.60714340209961,19.2450008392334,19.518571853637695,299768000
2014-03-27,16.739347457885742,19.19499969482422,19.33928680419922,19.11142921447754,19.286428451538086,222031600
2014-03-28,16.720657348632812,19.17357063293457,19.24785614013672,19.08035659790039,19.2257137298584,200564000
2014-03-31,16.716917037963867,19.169286727905273,19.31464385986328,19.140356063842773,19.258214950561523,168669200
2014-04-01,16.869842529296875,19.344642639160156,19.352500915527344,19.17035675048828,19.205713272094727,200760000
2014-04-02,16.89787483215332,19.376785278320312,19.40999984741211,19.295000076293945,19.37071418762207,180420800
2014-04-03,16.78076934814453,19.24250030517578,19.375,19.20142936706543,19.335357666015625,162344000
2014-04-04,16.56368064880371,18.99357032775879,19.28571319580078,18.94928550720215,19.278928756713867,275251200
2014-04-07,16.303619384765625,18.695356369018555,18.96071434020996,18.63892936706543,18.85785675048828,289850400
2014-04-08,16.302690505981445,18.694286346435547,18.790000915527344,18.524999618530273,18.756786346435547,243888400
2014-04-09,16.516965866088867,18.940000534057617,18.94607162475586,18.643571853637695,18.665714263916016,206169600
2014-04-10,16.303939819335938,18.695714950561523,19.00857162475586,18.684642791748047,18.952856063842773,239652000
2014-04-11,16.183401107788086,18.5575008392334,18.672500610351562,18.46928596496582,18.53571319580078,271717600
2014-04-14,16.247873306274414,18.63142967224121,18.648571014404297,18.471786499023438,18.639286041259766,205674000
2014-04-15,16.132015228271484,18.498571395874023,18.6299991607666,18.26178550720215,18.581071853637695,266490000
2014-04-16,16.16472053527832,18.53607177734375,18.6103572845459,18.36214256286621,18.501785278320312,214765600
2014-04-17,16.34940528869629,18.74785614013672,18.84857177734375,18.542856216430664,18.571428298950195,284334400
2014-04-21,16.543439865112305,18.97035789489746,19.0049991607666,18.71285629272461,18.762142181396484,182548800
2014-04-22,16.55994987487793,18.989286422729492,18.993928909301758,18.803571701049805,18.868213653564453,202563200
2014-04-23,16.34348487854004,18.741071701049805,18.968929290771484,18.730356216430664,18.895000457763672,394940000
2014-04-24,17.683361053466797,20.27750015258789,20.35714340209961,20.026071548461914,20.293214797973633,759911600
2014-04-25,17.813241958618164,20.426429748535156,20.428213119506836,20.141429901123047,20.161785125732422,390275200
2014-04-28,18.50310707092285,21.217500686645508,21.27678680419922,20.448213577270508,20.457143783569336,669485600
2014-04-29,18.448286056518555,21.15464210510254,21.28499984741211,21.05392837524414,21.204999923706055,337377600
2014-04-30,18.37851905822754,21.074642181396484,21.408214569091797,21.064285278320312,21.165714263916016,456640800
2014-05-01,18.421817779541016,21.124286651611328,21.242856979370117,20.941429138183594,21.14285659790039,244048000
2014-05-02,18.456066131591797,21.163570404052734,21.2214298248291,21.061071395874023,21.155000686645508,191514400
2014-05-05,18.717073440551758,21.46285629272461,21.46428680419922,21.071428298950195,21.07642936706543,287067200
2014-05-06,18.513071060180664,21.22892951965332,21.586071014404297,21.22892951965332,21.492856979370117,374564400
2014-05-07,18.448286056518555,21.15464210510254,21.331785202026367,20.9903564453125,21.258928298950195,282864400
2014-05-08,18.415403366088867,20.999643325805664,21.22892951965332,20.94285774230957,21.008928298950195,230297200
2014-05-09,18.338666915893555,20.91214370727539,20.9375,20.726070404052734,20.876428604125977,291597600
2014-05-12,18.566986083984375,21.172500610351562,21.2021427154541,20.97857093811035,20.981786727905273,213208800
2014-05-13,18.596113204956055,21.205713272094727,21.233570098876953,21.0964298248291,21.14285659790039,159737200
2014-05-14,18.599563598632812,21.20964241027832,21.33571434020996,21.13357162475586,21.158214569091797,166404000
2014-05-15,18.441394805908203,21.029285430908203,21.30714225769043,21.001428604125977,21.239286422729492,230846000
2014-05-16,18.713563919067383,21.339643478393555,21.340356826782227,20.907142639160156,21.022499084472656,276256400
2014-05-19,18.935302734375,21.592500686645508,21.690357208251953,21.333213806152344,21.35178565979004,317755200
2014-05-20,18.93906021118164,21.596786499023438,21.657142639160156,21.45464324951172,21.589643478393555,234836000
2014-05-21,18.98917579650879,21.653928756713867,21.667856216430664,21.50214385986328,21.565357208251953,196859600
2014-05-22,19.01923179626465,21.688213348388672,21.780357360839844,21.575000762939453,21.66428565979004,200760000
2014-05-23,19.234085083007812,21.93321418762207,21.95464324951172,21.659643173217773,21.6875,232209600
2014-05-27,19.594257354736328,22.343929290771484,22.352142333984375,21.986785888671875,21.99571418762207,348866000
2014-05-28,19.543516159057617,22.28607177734375,22.493928909301758,22.277856826782227,22.35785675048828,315481600
2014-05-29,19.899627685546875,22.692142486572266,22.745357513427734,22.42035675048828,22.423213958740234,376474000
2014-05-30,19.82508087158203,22.60714340209961,23.006071090698242,22.46071434020996,22.78499984741211,564020800
2014-06-02,19.688840866088867,22.451786041259766,22.672500610351562,22.23214340209961,22.641429901123047,369350800
2014-06-03,19.967262268066406,22.769285202026367,22.812143325805664,22.4375,22.44499969482422,292709200
2014-06-04,20.19527244567871,23.029285430908203,23.13892936706543,22.71821403503418,22.765714645385742,335482000
2014-06-05,20.27451515197754,23.11964225769043,23.19178581237793,22.95035743713379,23.078571319580078,303805600
2014-06-06,20.218765258789062,23.05607032775879,23.259286880493164,23.016786575317383,23.21071434020996,349938400
2014-06-09,20.54228973388672,23.424999237060547,23.469999313354492,22.9375,23.174999237060547,301660000
2014-06-10,20.662864685058594,23.5625,23.762500762939453,23.392499923706055,23.6825008392334,251108000
2014-06-11,20.577373504638672,23.46500015258789,23.690000534057617,23.36750030517578,23.532499313354492,182724000
2014-06-12,20.233169555664062,23.072500228881836,23.530000686645508,22.975000381469727,23.510000228881836,218996000
2014-06-13,20.01173973083496,22.81999969482422,23.110000610351562,22.719999313354492,23.049999237060547,218100000
2014-06-16,20.21343421936035,23.049999237060547,23.1875,22.862499237060547,22.877500534057617,142244000
2014-06-17,20.1871280670166,23.020000457763672,23.174999237060547,22.950000762939453,23.077499389648438,118904000
2014-06-18,20.209056854248047,23.045000076293945,23.072500228881836,22.837499618530273,23.0674991607666,134056000
2014-06-19,20.138898849487305,22.96500015258789,23.075000762939453,22.834999084472656,23.072500228881836,142112000
2014-06-20,19.93062973022461,22.727500915527344,23.137500762939453,22.725000381469727,22.962499618530273,403592000
2014-06-23,19.9130916595459,22.707500457763672,22.905000686645508,22.649999618530273,22.829999923706055,174776000
2014-06-24,19.792512893676758,22.56999969482422,22.934999465942383,22.547500610351562,22.6875,156144000
2014-06-25,19.8100528717041,22.59000015258789,22.674999237060547,22.412500381469727,22.552499771118164,147476000
2014-06-26,19.92844009399414,22.725000381469727,22.762500762939453,22.450000762939453,22.592500686645508,130516000
2014-06-27,20.16520881652832,22.9950008392334,23.0,22.6924991607666,22.704999923706055,256116000
2014-06-30,20.37348175048828,23.232500076293945,23.4325008392334,23.022499084472656,23.024999618530273,197929200
2014-07-01,20.502822875976562,23.3799991607666,23.517499923706055,23.282499313354492,23.3799991607666,152892000
2014-07-02,20.494056701660156,23.3700008392334,23.514999389648438,23.272499084472656,23.467500686645508,113860000
2014-07-03,20.614633560180664,23.50749969482422,23.524999618530273,23.299999237060547,23.417499542236328,91567200
2014-07-07,21.039960861206055,23.99250030517578,23.997499465942383,23.524999618530273,23.53499984741211,225872000
2014-07-08,20.904024124145508,23.837499618530273,24.200000762939453,23.479999542236328,24.0674991607666,260888000
2014-07-09,20.912797927856445,23.84749984741211,23.987499237060547,23.690000534057617,23.860000610351562,145744000
2014-07-10,20.836069107055664,23.760000228881836,23.887500762939453,23.3799991607666,23.440000534057617,158744000
2014-07-11,20.87552833557129,23.80500030517578,23.97249984741211,23.71500015258789,23.84000015258789,136072000
2014-07-14,21.145187377929688,24.112499237060547,24.22249984741211,23.912500381469727,23.96500015258789,171240000
2014-07-15,20.89745330810547,23.829999923706055,24.212499618530273,23.75749969482422,24.200000762939453,181911600
2014-07-16,20.7790584564209,23.69499969482422,24.274999618530273,23.684999465942383,24.24250030517578,213585200
2014-07-17,20.408559799194336,23.272499084472656,23.81999969482422,23.142499923706055,23.75749969482422,229192000
2014-07-18,20.702327728271484,23.607500076293945,23.684999465942383,23.2549991607666,23.405000686645508,199952000
2014-07-21,20.594905853271484,23.485000610351562,23.75,23.43000030517578,23.747499465942383,156316000
2014-07-22,20.765918731689453,23.68000030517578,23.72249984741211,23.530000686645508,23.670000076293945,220788000
2014-07-23,21.30742073059082,24.297500610351562,24.469999313354492,23.792499542236328,23.854999542236328,371672000
2014-07-24,21.272342681884766,24.25749969482422,24.329999923706055,24.104999542236328,24.260000228881836,182916000
2014-07-25,21.41265296936035,24.417499542236328,24.459999084472656,24.15999984741211,24.212499618530273,173876000
2014-07-28,21.7086181640625,24.7549991607666,24.809999465942383,24.387500762939453,24.454999923706055,221272000
2014-07-29,21.568307876586914,24.594999313354492,24.860000610351562,24.5625,24.832500457763672,172572000
2014-07-30,21.517885208129883,24.537500381469727,24.674999237060547,24.417499542236328,24.610000610351562,132040000
2014-07-31,20.95882797241211,23.899999618530273,24.362499237060547,23.832500457763672,24.290000915527344,227372000
2014-08-01,21.075027465820312,24.032499313354492,24.155000686645508,23.702499389648438,23.725000381469727,194044000
2014-08-04,20.956649780273438,23.897499084472656,24.145000457763672,23.792499542236328,24.092500686645508,159832000
2014-08-05,20.853609085083008,23.780000686645508,23.920000076293945,23.59000015258789,23.84000015258789,223732000
2014-08-06,20.818525314331055,23.739999771118164,23.8700008392334,23.677499771118164,23.6875,154232000
2014-08-07,20.81632423400879,23.6200008392334,23.987499237060547,23.524999618530273,23.732500076293945,186844000
2014-08-08,20.873600006103516,23.684999465942383,23.704999923706055,23.31999969482422,23.565000534057617,167460000
2014-08-11,21.14901351928711,23.997499465942383,24.020000457763672,23.709999084472656,23.8174991607666,146340000
2014-08-12,21.144617080688477,23.99250030517578,24.219999313354492,23.90250015258789,24.010000228881836,135180000
2014-08-13,21.424415588378906,24.309999465942383,24.309999465942383,24.010000228881836,24.037500381469727,127664000
2014-08-14,21.48170280456543,24.375,24.392499923706055,24.200000762939453,24.332500457763672,112464000
2014-08-15,21.587465286254883,24.4950008392334,24.547500610351562,24.21500015258789,24.475000381469727,195804000
2014-08-18,21.84744644165039,24.790000915527344,24.842500686645508,24.4950008392334,24.622499465942383,190288000
2014-08-19,22.149293899536133,25.13249969482422,25.170000076293945,24.829999923706055,24.852500915527344,277596000
2014-08-20,22.15810775756836,25.142499923706055,25.272499084472656,24.987499237060547,25.110000610351562,210796000
2014-08-21,22.160301208496094,25.145000457763672,25.235000610351562,25.02750015258789,25.142499923706055,133912000
2014-08-22,22.323347091674805,25.329999923706055,25.36750030517578,25.047500610351562,25.072500228881836,176736000
2014-08-25,22.37181854248047,25.385000228881836,25.542499542236328,25.31999969482422,25.447500228881836,161080000
2014-08-26,22.228607177734375,25.22249984741211,25.375,25.21500015258789,25.354999542236328,132608000
2014-08-27,22.501808166503906,25.532499313354492,25.642499923706055,25.174999237060547,25.2549991607666,209476000
2014-08-28,22.52825164794922,25.5625,25.69499969482422,25.389999389648438,25.397499084472656,273840000
2014-08-29,22.583330154418945,25.625,25.725000381469727,25.549999237060547,25.71500015258789,178380000
2014-09-02,22.75959587097168,25.825000762939453,25.934999465942383,25.68000030517578,25.764999389648438,214256000
2014-09-03,21.798969268798828,24.735000610351562,25.799999237060547,24.645000457763672,25.774999618530273,501684000
2014-09-04,21.618309020996094,24.530000686645508,25.022499084472656,24.447500228881836,24.712499618530273,342872000
2014-09-05,21.805583953857422,24.74250030517578,24.84749984741211,24.577499389648438,24.700000762939453,233828000
2014-09-08,21.671186447143555,24.59000015258789,24.827499389648438,24.512500762939453,24.825000762939453,185426800
2014-09-09,21.58966827392578,24.497499465942383,25.770000457763672,24.03499984741211,24.770000457763672,759385200
2014-09-10,22.252845764160156,25.25,25.27750015258789,24.440000534057617,24.502500534057617,403478400
2014-09-11,22.34758758544922,25.357500076293945,25.360000610351562,24.905000686645508,25.102500915527344,249412400
2014-09-12,22.39826011657715,25.415000915527344,25.547500610351562,25.270000457763672,25.302499771118164,250504400
2014-09-15,22.391647338867188,25.407499313354492,25.762500762939453,25.360000610351562,25.702499389648438,245266000
2014-09-16,22.221994400024414,25.21500015258789,25.315000534057617,24.72249984741211,24.950000762939453,267632400
2014-09-17,22.380638122558594,25.395000457763672,25.450000762939453,25.147499084472656,25.3174991607666,243706000
2014-09-18,22.426902770996094,25.447500228881836,25.587499618530273,25.389999389648438,25.482500076293945,149197600
2014-09-19,22.244028091430664,25.239999771118164,25.587499618530273,25.125,25.572500228881836,283609600
2014-09-22,22.266061782836914,25.264999389648438,25.53499984741211,25.145000457763672,25.450000762939453,211153600
2014-09-23,22.61418342590332,25.65999984741211,25.735000610351562,25.135000228881836,25.149999618530273,253608800
2014-09-24,22.418092727661133,25.4375,25.712499618530273,25.299999237060547,25.540000915527344,240687200
2014-09-25,21.563234329223633,24.467500686645508,25.177499771118164,24.43000030517578,25.127500534057617,400368000
2014-09-26,22.19776153564453,25.1875,25.1875,24.600000381469727,24.63249969482422,249482000
2014-09-29,22.05674934387207,25.02750015258789,25.110000610351562,24.657499313354492,24.662500381469727,199065200
2014-09-30,22.19776153564453,25.1875,25.385000228881836,25.13249969482422,25.202499389648438,221056400
2014-10-01,21.85184669494629,24.795000076293945,25.172500610351562,24.674999237060547,25.147499084472656,205965200
2014-10-02,22.010486602783203,24.975000381469727,25.05500030517578,24.510000228881836,24.8174991607666,191031200
2014-10-03,21.948795318603516,24.905000686645508,25.052499771118164,24.760000228881836,24.860000610351562,173878400
2014-10-06,21.948795318603516,24.905000686645508,25.162500381469727,24.854999542236328,24.987499237060547,148204800
2014-10-07,21.757108688354492,24.6875,25.030000686645508,24.6825008392334,24.857500076293945,168376800
2014-10-08,22.208778381347656,25.200000762939453,25.27750015258789,24.577499389648438,24.690000534057617,229618800
2014-10-09,22.25724983215332,25.2549991607666,25.594999313354492,25.15250015258789,25.385000228881836,309506000
2014-10-10,22.193359375,25.1825008392334,25.50749969482422,25.075000762939453,25.172500610351562,265326400
2014-10-13,21.99065399169922,24.952499389648438,25.44499969482422,24.952499389648438,25.332500457763672,214333600
2014-10-14,21.757108688354492,24.6875,25.1299991607666,24.642499923706055,25.09749984741211,254754400
2014-10-15,21.490520477294922,24.385000228881836,24.787500381469727,23.795000076293945,24.49250030517578,403734400
2014-10-16,21.20850944519043,24.065000534057617,24.43000030517578,23.852500915527344,23.887500762939453,288618000
2014-10-17,21.51915740966797,24.417499542236328,24.75,24.202499389648438,24.375,272718800
2014-10-20,21.979644775390625,24.940000534057617,24.989999771118164,24.55500030517578,24.579999923706055,310069200
2014-10-21,22.57672119140625,25.61750030517578,25.7549991607666,25.3174991607666,25.7549991607666,378495600
2014-10-22,22.6912899017334,25.747499465942383,26.02750015258789,25.649999618530273,25.709999084472656,273052400
2014-10-23,23.096696853637695,26.207500457763672,26.262500762939453,25.907499313354492,26.020000457763672,284298800
2014-10-24,23.182615280151367,26.30500030517578,26.372499465942383,26.13249969482422,26.295000076293945,188215600
2014-10-27,23.158384323120117,26.27750015258789,26.3700008392334,26.174999237060547,26.212499618530273,136750800
2014-10-28,23.517513275146484,26.684999465942383,26.684999465942383,26.337499618530273,26.350000381469727,192243600
2014-10-29,23.649702072143555,26.834999084472656,26.842500686645508,26.59000015258789,26.662500381469727,210751600
2014-10-30,23.570383071899414,26.7450008392334,26.837499618530273,26.475000381469727,26.739999771118164,162619200
2014-10-31,23.795122146606445,27.0,27.010000228881836,26.802499771118164,27.002500534057617,178557200
2014-11-03,24.103578567504883,27.350000381469727,27.575000762939453,27.002500534057617,27.05500030517578,209130400
2014-11-04,23.927316665649414,27.149999618530273,27.372499465942383,26.93000030517578,27.34000015258789,166297600
2014-11-05,23.984596252441406,27.21500015258789,27.325000762939453,27.032499313354492,27.274999618530273,149743600
2014-11-06,24.053194046020508,27.174999237060547,27.197500228881836,26.950000762939453,27.149999618530273,139874000
2014-11-07,24.12179946899414,27.252500534057617,27.329999923706055,27.137500762939453,27.1875,134766000
2014-11-10,24.08196449279785,27.207500457763672,27.332500457763672,27.167499542236328,27.2549991607666,108782000
2014-11-11,24.274478912353516,27.424999237060547,27.4375,27.100000381469727,27.174999237060547,109769200
2014-11-12,24.61746597290039,27.8125,27.857500076293945,27.342500686645508,27.344999313354492,187769600
2014-11-13,24.964868545532227,28.204999923706055,28.362499237060547,27.899999618530273,27.950000762939453,238091600
2014-11-14,25.26580810546875,28.545000076293945,28.547500610351562,27.802499771118164,28.287500381469727,176254400
2014-11-17,25.223770141601562,28.497499465942383,29.31999969482422,28.325000762939453,28.5674991607666,186986800
2014-11-18,25.5512638092041,28.86750030517578,28.922500610351562,28.47249984741211,28.485000610351562,176896000
2014-11-19,25.374237060546875,28.667499542236328,28.934999465942383,28.450000762939453,28.860000610351562,167476800
2014-11-20,25.737138748168945,29.077499389648438,29.21500015258789,28.712499618530273,28.727500915527344,173582000
2014-11-21,25.77254295349121,29.11750030517578,29.392499923706055,29.00749969482422,29.377500534057617,228717200
2014-11-24,26.250511169433594,29.657499313354492,29.6924991607666,29.155000686645508,29.212499618530273,189803200
2014-11-25,26.02259635925293,29.399999618530273,29.9375,29.362499237060547,29.767499923706055,275361600
2014-11-26,26.33238410949707,29.75,29.774999618530273,29.457500457763672,29.485000610351562,163073200
2014-11-28,26.316898345947266,29.732500076293945,29.850000381469727,29.512500762939453,29.8174991607666,99257600
2014-12-01,25.462753295898438,28.767499923706055,29.8125,27.8174991607666,29.702499389648438,335256000
2014-12-02,25.365385055541992,28.657499313354492,28.9375,28.1875,28.375,237395600
2014-12-03,25.653060913085938,28.982500076293945,29.087499618530273,28.77750015258789,28.9375,172253600
2014-12-04,25.55569076538086,28.872499465942383,29.299999237060547,28.822500228881836,28.9424991607666,168178000
2014-12-05,25.447263717651367,28.75,29.020000457763672,28.65999984741211,28.997499465942383,153275600
2014-12-08,24.871931076049805,28.100000381469727,28.662500381469727,27.905000686645508,28.524999618530273,230659600
2014-12-09,25.252540588378906,28.530000686645508,28.575000762939453,27.337499618530273,27.547500610351562,240832000
2014-12-10,24.77235984802246,27.987499237060547,28.712499618530273,27.885000228881836,28.602500915527344,178261200
2014-12-11,24.699338912963867,27.905000686645508,28.450000762939453,27.834999084472656,28.065000534057617,165606800
2014-12-12,24.2811222076416,27.4325008392334,27.967500686645508,27.395000457763672,27.614999771118164,224112400
2014-12-15,23.949193954467773,27.0575008392334,27.899999618530273,26.587499618530273,27.674999237060547,268872400
2014-12-16,23.6217041015625,26.6875,27.540000915527344,26.565000534057617,26.592500686645508,243162800
2014-12-17,24.210309982299805,27.352500915527344,27.459999084472656,26.704999923706055,26.780000686645508,213647200
2014-12-18,24.927248001098633,28.162500381469727,28.162500381469727,27.665000915527344,27.967500686645508,236024800
2014-12-19,24.734745025634766,27.94499969482422,28.309999465942383,27.915000915527344,28.065000534057617,353719200
2014-12-22,24.99143409729004,28.235000610351562,28.372499465942383,27.99250030517578,28.040000915527344,180670000
2014-12-23,24.902912139892578,28.135000228881836,28.332500457763672,28.114999771118164,28.3075008392334,104113600
2014-12-24,24.785633087158203,28.002500534057617,28.177499771118164,28.002500534057617,28.145000457763672,57918400
2014-12-26,25.223770141601562,28.497499465942383,28.6299991607666,28.002500534057617,28.024999618530273,134884000
2014-12-29,25.206071853637695,28.477500915527344,28.6924991607666,28.424999237060547,28.447500228881836,110395600
2014-12-30,24.898487091064453,28.1299991607666,28.479999542236328,28.02750015258789,28.40999984741211,119526000
2014-12-31,24.424945831298828,27.594999313354492,28.282499313354492,27.552499771118164,28.204999923706055,165613600
2015-01-02,24.19260597229004,27.332500457763672,27.860000610351562,26.837499618530273,27.84749984741211,212818400
2015-01-05,23.51105308532715,26.5625,27.162500381469727,26.352500915527344,27.072500228881836,257142000
2015-01-06,23.513273239135742,26.565000534057617,26.857500076293945,26.157499313354492,26.635000228881836,263188400
2015-01-07,23.842981338500977,26.9375,27.049999237060547,26.674999237060547,26.799999237060547,160423600
2015-01-08,24.759082794189453,27.97249984741211,28.037500381469727,27.174999237060547,27.3075008392334,237458000
2015-01-09,24.785633087158203,28.002500534057617,28.3125,27.552499771118164,28.167499542236328,214798000
2015-01-12,24.174903869628906,27.3125,28.157499313354492,27.200000762939453,28.149999618530273,198603200
2015-01-13,24.389541625976562,27.55500030517578,28.200000762939453,27.227500915527344,27.857500076293945,268367600
2015-01-14,24.29660987854004,27.450000762939453,27.622499465942383,27.125,27.260000228881836,195826400
2015-01-15,23.637187957763672,26.704999923706055,27.514999389648438,26.665000915527344,27.5,240056000
2015-01-16,23.45352554321289,26.497499465942383,26.895000457763672,26.299999237060547,26.75749969482422,314053200
2015-01-20,24.057626724243164,27.18000030517578,27.24250030517578,26.625,26.959999084472656,199599600
2015-01-21,24.241289138793945,27.387500762939453,27.764999389648438,27.0674991607666,27.237499237060547,194303600
2015-01-22,24.871931076049805,28.100000381469727,28.11750030517578,27.43000030517578,27.565000534057617,215185600
2015-01-23,25.00027847290039,28.2450008392334,28.4375,27.88249969482422,28.075000762939453,185859200
2015-01-26,25.026824951171875,28.274999618530273,28.59000015258789,28.200000762939453,28.434999465942383,222460000
2015-01-27,24.150564193725586,27.28499984741211,28.1200008392334,27.25749969482422,28.104999542236328,382274800
2015-01-28,25.515857696533203,28.827499389648438,29.530000686645508,28.827499389648438,29.407499313354492,585908400
2015-01-29,26.310266494750977,29.725000381469727,29.797500610351562,28.889999389648438,29.079999923706055,337745600
2015-01-30,25.92523193359375,29.290000915527344,30.0,29.212499618530273,29.600000381469727,334982000
2015-02-02,26.250511169433594,29.657499313354492,29.792499542236328,29.020000457763672,29.512500762939453,250956400
2015-02-03,26.25493621826172,29.662500381469727,29.772499084472656,29.40250015258789,29.625,207662800
2015-02-04,26.456308364868164,29.889999389648438,30.127500534057617,29.577499389648438,29.625,280598800
2015-02-05,26.645137786865234,29.985000610351562,30.0575008392334,29.8125,30.0049991607666,168984800
2015-02-06,26.420761108398438,29.732500076293945,30.0625,29.612499237060547,30.0049991607666,174826400
2015-02-09,26.59625816345215,29.93000030517578,29.959999084472656,29.607500076293945,29.637500762939453,155559200
2015-02-10,27.107208251953125,30.5049991607666,30.537500381469727,30.040000915527344,30.042499542236328,248034000
2015-02-11,27.742578506469727,31.219999313354492,31.229999542236328,30.625,30.6924991607666,294247200
2015-02-12,28.09358024597168,31.614999771118164,31.8700008392334,31.392499923706055,31.514999389648438,297898000
2015-02-13,28.231311798095703,31.770000457763672,31.81999969482422,31.412500381469727,31.81999969482422,217088800
2015-02-17,28.397932052612305,31.957500457763672,32.220001220703125,31.729999542236328,31.872499465942383,252609600
2015-02-18,28.595645904541016,32.18000030517578,32.19499969482422,31.862499237060547,31.907499313354492,179566800
2015-02-19,28.535659790039062,32.11249923706055,32.25749969482422,32.08250045776367,32.119998931884766,149449600
2015-02-20,28.768924713134766,32.375,32.375,32.01250076293945,32.154998779296875,195793600
2015-02-23,29.546463012695312,33.25,33.25,32.415000915527344,32.505001068115234,283896400
2015-02-24,29.362071990966797,33.04249954223633,33.400001525878906,32.79249954223633,33.23500061035156,276912400
2015-02-25,28.611196517944336,32.1974983215332,32.900001525878906,32.037498474121094,32.88999938964844,298846800
2015-02-26,28.973316192626953,32.60499954223633,32.717498779296875,31.65250015258789,32.1974983215332,365150000
2015-02-27,28.537885665893555,32.1150016784668,32.64250183105469,32.060001373291016,32.5,248059200
2015-03-02,28.677837371826172,32.272499084472656,32.56999969482422,32.07500076293945,32.3125,192386800
2015-03-03,28.737825393676758,32.34000015258789,32.380001068115234,32.022499084472656,32.2400016784668,151265200
2015-03-04,28.555652618408203,32.1349983215332,32.38999938964844,32.08000183105469,32.275001525878906,126665200
2015-03-05,28.082469940185547,31.602500915527344,32.1875,31.440000534057617,32.14500045776367,226068400
2015-03-06,28.124679565429688,31.649999618530273,32.342498779296875,31.565000534057617,32.099998474121094,291368400
2015-03-09,28.244644165039062,31.78499984741211,32.39250183105469,31.264999389648438,31.989999771118164,354114000
2015-03-10,27.66037940979004,31.127500534057617,31.80500030517578,30.950000762939453,31.602500915527344,275426400
2015-03-11,27.156084060668945,30.559999465942383,31.1924991607666,30.52750015258789,31.1875,275756000
2015-03-12,27.647052764892578,31.112499237060547,31.225000381469727,30.407499313354492,30.577499389648438,193450800
2015-03-13,27.45599937438965,30.897499084472656,31.350000381469727,30.645000457763672,31.100000381469727,207309200
2015-03-16,27.758121490478516,31.237499237060547,31.237499237060547,30.717500686645508,30.969999313354492,143497200
2015-03-17,28.222423553466797,31.760000228881836,31.829999923706055,31.412500381469727,31.475000381469727,204092400
2015-03-18,28.540109634399414,32.11750030517578,32.290000915527344,31.592500686645508,31.75,261083600
2015-03-19,28.32461929321289,31.875,32.3125,31.850000381469727,32.1875,183238000
2015-03-20,27.969175338745117,31.475000381469727,32.099998474121094,31.290000915527344,32.0625,274780400
2015-03-23,28.260194778442383,31.802499771118164,31.962499618530273,31.6299991607666,31.780000686645508,150838800
2015-03-24,28.144670486450195,31.672500610351562,32.0099983215332,31.639999389648438,31.8075008392334,131369200
2015-03-25,27.409345626831055,30.844999313354492,31.704999923706055,30.844999313354492,31.635000228881836,206620800
2015-03-26,27.60039520263672,31.059999465942383,31.219999313354492,30.649999618530273,30.690000534057617,190291600
2015-03-27,27.38046646118164,30.8125,31.174999237060547,30.727500915527344,31.142499923706055,158184800
2015-03-30,28.07358169555664,31.592500686645508,31.600000381469727,31.0,31.012500762939453,188398800
2015-03-31,27.64261245727539,31.107500076293945,31.622499465942383,31.09000015258789,31.522499084472656,168362400
2015-04-01,27.602615356445312,31.0625,31.280000686645508,30.774999618530273,31.204999923706055,162485600
2015-04-02,27.840312957763672,31.329999923706055,31.389999389648438,31.047500610351562,31.25749969482422,128880400
2015-04-06,28.291296005249023,31.837499618530273,31.877500534057617,31.082500457763672,31.11750030517578,148776000
2015-04-07,27.993614196777344,31.502500534057617,32.029998779296875,31.4950008392334,31.90999984741211,140049200
2015-04-08,27.90252685546875,31.399999618530273,31.600000381469727,31.24250030517578,31.462499618530273,149316800
2015-04-09,28.11579132080078,31.639999389648438,31.645000457763672,31.165000915527344,31.462499618530273,129936000
2015-04-10,28.235754013061523,31.774999618530273,31.802499771118164,31.315000534057617,31.487499237060547,160752000
2015-04-13,28.18021583557129,31.712499618530273,32.14250183105469,31.65250015258789,32.092498779296875,145460400
2015-04-14,28.05803108215332,31.575000762939453,31.822500228881836,31.477500915527344,31.75,102098400
2015-04-15,28.1646728515625,31.69499969482422,31.782499313354492,31.502500534057617,31.602500915527344,115881600
2015-04-16,28.029155731201172,31.542499542236328,31.774999618530273,31.52750015258789,31.56999969482422,113476000
2015-04-17,27.713687896728516,31.1875,31.53499984741211,31.114999771118164,31.387500762939453,207828000
2015-04-20,28.34683609008789,31.899999618530273,32.029998779296875,31.292499542236328,31.392499923706055,188217200
2015-04-21,28.193546295166016,31.727500915527344,32.04999923706055,31.667499542236328,32.025001525878906,129740400
2015-04-22,28.573427200317383,32.154998779296875,32.217498779296875,31.579999923706055,31.747499465942383,150618000
2015-04-23,28.806690216064453,32.41749954223633,32.60499954223633,32.03499984741211,32.07500076293945,183083600
2015-04-24,28.94219970703125,32.56999969482422,32.657501220703125,32.307498931884766,32.622501373291016,178103600
2015-04-27,29.46870994567871,33.162498474121094,33.282501220703125,32.787498474121094,33.07749938964844,387816800
2015-04-28,29.004404067993164,32.63999938964844,33.6349983215332,32.39250183105469,33.6150016784668,475696000
2015-04-29,28.577869415283203,32.15999984741211,32.897499084472656,32.07500076293945,32.540000915527344,253544400
2015-04-30,27.80255126953125,31.287500381469727,32.15999984741211,31.145000457763672,32.15999984741211,332781600
2015-05-01,28.646739959716797,32.23749923706055,32.532501220703125,31.325000762939453,31.524999618530273,234050400
2015-05-04,28.591196060180664,32.17499923706055,32.64250183105469,32.064998626708984,32.375,203953200
2015-05-05,27.946956634521484,31.450000762939453,32.11249923706055,31.44499969482422,32.037498474121094,197085600
2015-05-06,27.771461486816406,31.252500534057617,31.6875,30.84000015258789,31.639999389648438,288564000
2015-05-07,27.94322395324707,31.315000534057617,31.520000457763672,31.0049991607666,31.1924991607666,175763600
2015-05-08,28.469701766967773,31.905000686645508,31.905000686645508,31.52750015258789,31.670000076293945,222201600
2015-05-11,28.179698944091797,31.579999923706055,31.889999389648438,31.407499313354492,31.84749984741211,168143200
2015-05-12,28.079307556152344,31.467500686645508,31.719999313354492,31.204999923706055,31.399999618530273,192640000
2015-05-13,28.110544204711914,31.502500534057617,31.797500610351562,31.467500686645508,31.537500381469727,138776800
2015-05-14,28.766399383544922,32.23749923706055,32.23749923706055,31.790000915527344,31.852500915527344,180814000
2015-05-15,28.726247787475586,32.192501068115234,32.372501373291016,32.0525016784668,32.26750183105469,152832000
2015-05-18,29.043020248413086,32.54750061035156,32.68000030517578,32.09000015258789,32.095001220703125,203531600
2015-05-19,29.016254425048828,32.51750183105469,32.720001220703125,32.40999984741211,32.67250061035156,178532800
2015-05-20,29.014026641845703,32.51499938964844,32.744998931884766,32.334999084472656,32.5,145819600
2015-05-21,29.31072235107422,32.84749984741211,32.907501220703125,32.45750045776367,32.51750183105469,158921600
2015-05-22,29.567258834838867,33.1349983215332,33.24250030517578,32.849998474121094,32.900001525878906,182384000
2015-05-26,28.915861129760742,32.404998779296875,33.227500915527344,32.279998779296875,33.150001525878906,282790400
2015-05-27,29.45572280883789,33.0099983215332,33.064998626708984,32.51250076293945,32.584999084472656,183332800
2015-05-28,29.397720336914062,32.94499969482422,32.98749923706055,32.775001525878906,32.96500015258789,122933200
2015-05-29,29.063093185424805,32.56999969482422,32.86249923706055,32.474998474121094,32.807498931884766,203538000
2015-06-01,29.12109375,32.6349983215332,32.84749984741211,32.51250076293945,32.56999969482422,128451200
2015-06-02,28.991718292236328,32.4900016784668,32.665000915527344,32.33000183105469,32.46500015258789,134670400
2015-06-03,29.027400970458984,32.529998779296875,32.73500061035156,32.474998474121094,32.665000915527344,123934000
2015-06-04,28.857864379882812,32.34000015258789,32.64500045776367,32.227500915527344,32.39500045776367,153800400
2015-06-05,28.699478149414062,32.162498474121094,32.42250061035156,32.09000015258789,32.375,142507200
2015-06-08,28.509857177734375,31.950000762939453,32.3025016784668,31.707500457763672,32.224998474121094,210699200
2015-06-09,28.42508316040039,31.854999542236328,32.02000045776367,31.405000686645508,31.674999237060547,224301600
2015-06-10,28.750789642333984,32.220001220703125,32.334999084472656,31.962499618530273,31.979999542236328,156349200
2015-06-11,28.686092376708984,32.147499084472656,32.54499816894531,32.119998931884766,32.29499816894531,141563600
2015-06-12,28.369314193725586,31.792499542236328,32.08250045776367,31.77750015258789,32.04750061035156,147544800
2015-06-15,28.313539505004883,31.729999542236328,31.809999465942383,31.427499771118164,31.524999618530273,175955600
2015-06-16,28.465242385864258,31.899999618530273,31.962499618530273,31.592500686645508,31.75749969482422,125976400
2015-06-17,28.3983211517334,31.825000762939453,31.969999313354492,31.684999465942383,31.93000030517578,131672400
2015-06-18,28.527706146240234,31.969999313354492,32.07749938964844,31.80500030517578,31.8075008392334,141628800
2015-06-19,28.242158889770508,31.649999618530273,31.954999923706055,31.600000381469727,31.927499771118164,218867600
2015-06-22,28.467470169067383,31.90250015258789,32.01499938964844,31.770000457763672,31.872499465942383,136157200
2015-06-23,28.338083267211914,31.75749969482422,31.90250015258789,31.719999313354492,31.8700008392334,121075600
2015-06-24,28.57900619506836,32.02750015258789,32.45000076293945,31.780000686645508,31.802499771118164,221123600
2015-06-25,28.44293212890625,31.875,32.29999923706055,31.875,32.21500015258789,127752400
2015-06-26,28.27562141418457,31.6875,31.997499465942383,31.627500534057617,31.917499542236328,176267200
2015-06-29,27.780380249023438,31.13249969482422,31.61750030517578,31.1200008392334,31.364999771118164,196645600
2015-06-30,27.981151580810547,31.357500076293945,31.530000686645508,31.21500015258789,31.392499923706055,177482800
2015-07-01,28.242158889770508,31.649999618530273,31.735000610351562,31.497499465942383,31.725000381469727,120955200
2015-07-02,28.206466674804688,31.610000610351562,31.672500610351562,31.4424991607666,31.607500076293945,108844000
2015-07-06,28.108312606811523,31.5,31.5575008392334,31.212499618530273,31.235000610351562,112241600
2015-07-07,28.039148330688477,31.422500610351562,31.537500381469727,30.9424991607666,31.47249984741211,187787200
2015-07-08,27.3431453704834,30.642499923706055,31.15999984741211,30.635000228881836,31.1200008392334,243046400
2015-07-09,26.785438537597656,30.017499923706055,31.014999389648438,29.80500030517578,30.962499618530273,314380000
2015-07-10,27.501529693603516,30.81999969482422,30.962499618530273,30.302499771118164,30.485000610351562,245418000
2015-07-13,28.032459259033203,31.415000915527344,31.440000534057617,31.079999923706055,31.25749969482422,165762000
2015-07-14,28.021305084228516,31.40250015258789,31.592500686645508,31.260000228881836,31.510000228881836,127072400
2015-07-15,28.29123878479004,31.704999923706055,31.787500381469727,31.395000457763672,31.43000030517578,134596800
2015-07-16,28.668243408203125,32.127498626708984,32.14250183105469,31.837499618530273,31.934999465942383,144889600
2015-07-17,28.915861129760742,32.404998779296875,32.404998779296875,32.07749938964844,32.27000045776367,184658800
2015-07-20,29.46240997314453,33.01750183105469,33.24250030517578,32.67499923706055,32.74250030517578,235600800
2015-07-21,29.167945861816406,32.6875,33.22999954223633,32.58000183105469,33.212501525878906,307025600
2015-07-22,27.934307098388672,31.30500030517578,31.375,30.497499465942383,30.497499465942383,461802400
2015-07-23,27.92091941833496,31.290000915527344,31.772499084472656,31.264999389648438,31.549999237060547,203998000
2015-07-24,27.773691177368164,31.125,31.434999465942383,30.975000381469727,31.329999923706055,168649200
2015-07-27,27.38775062561035,30.6924991607666,30.90250015258789,30.530000686645508,30.772499084472656,177822000
2015-07-28,27.523836135864258,30.844999313354492,30.977500915527344,30.637500762939453,30.844999313354492,134472400
2015-07-29,27.43683433532715,30.747499465942383,30.875,30.5674991607666,30.787500381469727,148046800
2015-07-30,27.29852867126465,30.592500686645508,30.642499923706055,30.427499771118164,30.579999923706055,134513200
2015-07-31,27.059823989868164,30.325000762939453,30.65999984741211,30.227500915527344,30.649999618530273,171540000
2015-08-03,26.421810150146484,29.610000610351562,30.642499923706055,29.3799991607666,30.375,279904000
2015-08-04,25.57408332824707,28.65999984741211,29.424999237060547,28.3125,29.354999542236328,496554400
2015-08-05,25.74364471435547,28.850000381469727,29.360000610351562,28.024999618530273,28.237499237060547,397250400
2015-08-06,25.799667358398438,28.782499313354492,29.125,28.530000686645508,28.99250030517578,211612000
2015-08-07,25.887062072753906,28.8799991607666,29.0625,28.625,28.645000457763672,154681600
2015-08-10,26.8282413482666,29.93000030517578,29.997499465942383,29.13249969482422,29.13249969482422,219806400
2015-08-11,25.43215560913086,28.372499465942383,29.545000076293945,28.332500457763672,29.452499389648438,388331200
2015-08-12,25.824312210083008,28.809999465942383,28.854999542236328,27.407499313354492,28.13249969482422,404870000
2015-08-13,25.80414390563965,28.787500381469727,29.100000381469727,28.635000228881836,29.010000228881836,194143200
2015-08-14,25.98565673828125,28.989999771118164,29.077499389648438,28.502500534057617,28.579999923706055,171718000
2015-08-17,26.254573822021484,29.290000915527344,29.412500381469727,28.875,29.010000228881836,163538800
2015-08-18,26.106670379638672,29.125,29.360000610351562,29.002500534057617,29.107500076293945,138242800
2015-08-19,25.77277374267578,28.752500534057617,29.1299991607666,28.670000076293945,29.024999618530273,193146000
2015-08-20,25.243907928466797,28.162500381469727,28.587499618530273,27.907499313354492,28.520000457763672,274006400
2015-08-21,23.699932098388672,26.440000534057617,27.975000381469727,26.412500381469727,27.607500076293945,513102000
2015-08-24,23.108335494995117,25.780000686645508,27.200000762939453,23.0,23.717500686645508,648825200
2015-08-25,23.247264862060547,25.934999465942383,27.77750015258789,25.875,27.77750015258789,414406400
2015-08-26,24.580608367919922,27.422500610351562,27.47249984741211,26.262500762939453,26.772499084472656,387098400
2015-08-27,25.304420471191406,28.229999542236328,28.309999465942383,27.5049991607666,28.0575008392334,338464400
2015-08-28,25.387338638305664,28.322500228881836,28.327499389648438,27.885000228881836,28.042499542236328,212657600
2015-08-31,25.268564224243164,28.190000534057617,28.63249969482422,28.0,28.00749969482422,224917200
2015-09-01,24.13913917541504,26.93000030517578,27.969999313354492,26.84000015258789,27.537500381469727,307383600
2015-09-02,25.174449920654297,28.084999084472656,28.084999084472656,27.282499313354492,27.5575008392334,247555200
2015-09-03,24.732988357543945,27.592500686645508,28.19499969482422,27.510000228881836,28.122499465942383,212935600
2015-09-04,24.48648452758789,27.3174991607666,27.612499237060547,27.127500534057617,27.24250030517578,199985200
2015-09-08,25.1677188873291,28.077499389648438,28.139999389648438,27.579999923706055,27.9375,219374400
2015-09-09,24.683685302734375,27.537500381469727,28.5049991607666,27.4424991607666,28.440000534057617,340043200
2015-09-10,25.225982666015625,28.142499923706055,28.31999969482422,27.475000381469727,27.5674991607666,251571200
2015-09-11,25.59349822998047,28.552499771118164,28.552499771118164,27.940000534057617,27.947500228881836,199662000
2015-09-14,25.839998245239258,28.827499389648438,29.22249984741211,28.71500015258789,29.145000457763672,233453600
2015-09-15,26.0573673248291,29.06999969482422,29.13249969482422,28.604999542236328,28.982500076293945,173364800
2015-09-16,26.086503982543945,29.102500915527344,29.135000228881836,28.860000610351562,29.0625,148694000
2015-09-17,25.528512954711914,28.479999542236328,29.122499465942383,28.43000030517578,28.915000915527344,256450400
2015-09-18,25.42319107055664,28.362499237060547,28.575000762939453,27.967500686645508,28.052499771118164,297141200
2015-09-21,25.817590713500977,28.802499771118164,28.842500686645508,28.415000915527344,28.417499542236328,200888000
2015-09-22,25.4119930267334,28.350000381469727,28.545000076293945,28.1299991607666,28.344999313354492,201384800
2015-09-23,25.618144989013672,28.579999923706055,28.68000030517578,28.325000762939453,28.407499313354492,143026800
2015-09-24,25.770532608032227,28.75,28.875,28.092500686645508,28.3125,200878000
2015-09-25,25.705541610717773,28.677499771118164,29.172500610351562,28.5049991607666,29.110000610351562,224607600
2015-09-28,25.196857452392578,28.110000610351562,28.642499923706055,28.110000610351562,28.462499618530273,208436000
2015-09-29,24.439430236816406,27.264999389648438,28.377500534057617,26.96500015258789,28.207500457763672,293461600
2015-09-30,24.71729850769043,27.575000762939453,27.885000228881836,27.1825008392334,27.542499542236328,265892000
2015-10-01,24.55596351623535,27.395000457763672,27.405000686645508,26.827499389648438,27.267499923706055,255716400
2015-10-02,24.735231399536133,27.594999313354492,27.752500534057617,26.887500762939453,27.002500534057617,232079200
2015-10-05,24.824859619140625,27.69499969482422,27.842500686645508,27.267499923706055,27.469999313354492,208258800
2015-10-06,24.943632125854492,27.827499389648438,27.934999465942383,27.4424991607666,27.657499313354492,192787200
2015-10-07,24.824859619140625,27.69499969482422,27.9424991607666,27.352500915527344,27.934999465942383,187062400
2015-10-08,24.538026809692383,27.375,27.547500610351562,27.052499771118164,27.547500610351562,247918400
2015-10-09,25.125152587890625,28.030000686645508,28.06999969482422,27.372499465942383,27.5,211064400
2015-10-12,25.008623123168945,27.899999618530273,28.1875,27.860000610351562,28.1825008392334,121868800
2015-10-13,25.05120277404785,27.947500228881836,28.112499237060547,27.670000076293945,27.704999923706055,132197200
2015-10-14,24.697134017944336,27.552499771118164,27.8799991607666,27.389999389648438,27.822500228881836,177849600
2015-10-15,25.06688690185547,27.96500015258789,28.024999618530273,27.622499465942383,27.732500076293945,150694000
2015-10-16,24.88313102722168,27.760000228881836,28.0,27.63249969482422,27.94499969482422,156930400
2015-10-19,25.037752151489258,27.9325008392334,27.9375,27.52750015258789,27.700000762939453,119036800
2015-10-20,25.49489974975586,28.4424991607666,28.542499542236328,27.704999923706055,27.834999084472656,195871200
2015-10-21,25.49266242980957,28.440000534057617,28.895000457763672,28.424999237060547,28.5,167180800
2015-10-22,25.882577896118164,28.875,28.875,28.524999618530273,28.582500457763672,166616400
2015-10-23,26.684829711914062,29.770000457763672,29.8075008392334,29.082500457763672,29.174999237060547,237467600
2015-10-26,25.833276748657227,28.81999969482422,29.532499313354492,28.729999542236328,29.520000457763672,265335200
2015-10-27,25.669687271118164,28.637500762939453,29.135000228881836,28.497499465942383,28.850000381469727,279537600
2015-10-28,26.72740364074707,29.8174991607666,29.825000762939453,29.014999389648438,29.232500076293945,342205600
2015-10-29,27.00975227355957,30.13249969482422,30.172500610351562,29.5674991607666,29.674999237060547,204909200
2015-10-30,26.77894401550293,29.875,30.30500030517578,29.862499237060547,30.247499465942383,197461200
2015-11-02,27.155414581298828,30.295000076293945,30.34000015258789,29.90250015258789,30.200000762939453,128813200
2015-11-03,27.46691131591797,30.642499923706055,30.872499465942383,30.174999237060547,30.197500228881836,182076000
2015-11-04,27.339168548583984,30.5,30.954999923706055,30.405000686645508,30.782499313354492,179544400
2015-11-05,27.213144302368164,30.229999542236328,30.672500610351562,30.045000076293945,30.462499618530273,158210800
2015-11-06,27.24464988708496,30.264999389648438,30.452499389648438,30.155000686645508,30.27750015258789,132169200
2015-11-09,27.134380340576172,30.142499923706055,30.452499389648438,30.012500762939453,30.239999771118164,135485600
2015-11-10,26.279178619384766,29.1924991607666,29.517499923706055,29.014999389648438,29.225000381469727,236511600
2015-11-11,26.13065528869629,29.02750015258789,29.354999542236328,28.802499771118164,29.092500686645508,180872000
2015-11-12,26.042879104614258,28.93000030517578,29.204999923706055,28.912500381469727,29.065000534057617,130102400
2015-11-13,25.282209396362305,28.084999084472656,28.892499923706055,28.0674991607666,28.799999237060547,183249600
2015-11-16,25.6962947845459,28.545000076293945,28.559999465942383,27.75,27.844999313354492,152426800
2015-11-17,25.586027145385742,28.422500610351562,28.762500762939453,28.329999923706055,28.729999542236328,110467600
2015-11-18,26.396207809448242,29.322500228881836,29.372499465942383,28.875,28.940000534057617,186698800
2015-11-19,26.731538772583008,29.69499969482422,29.9375,29.190000534057617,29.40999984741211,173183200
2015-11-20,26.84856605529785,29.825000762939453,29.979999542236328,29.712499618530273,29.799999237060547,137148400
2015-11-23,26.499732971191406,29.4375,29.9325008392334,29.334999084472656,29.8174991607666,129930000
2015-11-24,26.75404167175293,29.719999313354492,29.837499618530273,29.280000686645508,29.332500457763672,171212800
2015-11-25,26.562753677368164,29.50749969482422,29.8075008392334,29.479999542236328,29.802499771118164,85553200
2015-11-27,26.51323890686035,29.452499389648438,29.602500915527344,29.399999618530273,29.572500228881836,52185600
2015-11-30,26.62351417541504,29.575000762939453,29.852500915527344,29.4375,29.497499465942383,156721200
2015-12-01,26.40745735168457,29.334999084472656,29.702499389648438,29.21500015258789,29.6875,139409600
2015-12-02,26.168907165527344,29.06999969482422,29.52750015258789,29.020000457763672,29.334999084472656,133546400
2015-12-03,25.92584991455078,28.799999237060547,29.197500228881836,28.55500030517578,29.137500762939453,166278000
2015-12-04,26.787799835205078,29.75749969482422,29.8125,28.77750015258789,28.822500228881836,231108000
2015-12-07,26.6190128326416,29.56999969482422,29.96500015258789,29.452499389648438,29.7450008392334,128336800
2015-12-08,26.607755661010742,29.5575008392334,29.649999618530273,29.21500015258789,29.3799991607666,137238000
2015-12-09,26.020376205444336,28.905000686645508,29.422500610351562,28.770000457763672,29.40999984741211,185445600
2015-12-10,26.144145965576172,29.042499542236328,29.235000610351562,28.877500534057617,29.010000228881836,116850800
2015-12-11,25.471250534057617,28.295000076293945,28.84749984741211,28.212499618530273,28.797500610351562,187544800
2015-12-14,25.313709259033203,28.1200008392334,28.170000076293945,27.447500228881836,28.045000076293945,257274800
2015-12-15,24.865867614746094,27.622499465942383,28.200000762939453,27.587499618530273,27.985000610351562,213292400
2015-12-16,25.057159423828125,27.834999084472656,27.997499465942383,27.200000762939453,27.767499923706055,224954000
2015-12-17,24.52604103088379,27.2450008392334,28.0625,27.2450008392334,28.0049991607666,179091200
2015-12-18,23.862138748168945,26.50749969482422,27.3799991607666,26.452499389648438,27.227500915527344,385813200
2015-12-21,24.154706954956055,26.832500457763672,26.842500686645508,26.392499923706055,26.81999969482422,190362400
2015-12-22,24.132198333740234,26.8075008392334,26.93000030517578,26.612499237060547,26.850000381469727,131157600
2015-12-23,24.442773818969727,27.15250015258789,27.212499618530273,26.799999237060547,26.8174991607666,130629600
2015-12-24,24.312238693237305,27.00749969482422,27.25,26.987499237060547,27.25,54281600
2015-12-28,24.039928436279297,26.704999923706055,26.922500610351562,26.545000076293945,26.897499084472656,106816800
2015-12-29,24.472017288208008,27.184999465942383,27.357500076293945,26.71500015258789,26.739999771118164,123724800
2015-12-30,24.152450561523438,26.829999923706055,27.174999237060547,26.795000076293945,27.145000457763672,100855200
2015-12-31,23.688852310180664,26.315000534057617,26.75749969482422,26.204999923706055,26.752500534057617,163649200
2016-01-04,23.7091007232666,26.337499618530273,26.342500686645508,25.5,25.65250015258789,270597600
2016-01-05,23.114967346191406,25.677499771118164,26.462499618530273,25.602500915527344,26.4375,223164000
2016-01-06,22.662616729736328,25.174999237060547,25.592500686645508,24.967500686645508,25.139999389648438,273829600
2016-01-07,21.706148147583008,24.112499237060547,25.032499313354492,24.107500076293945,24.670000076293945,324377600
2016-01-08,21.820924758911133,24.239999771118164,24.77750015258789,24.190000534057617,24.637500762939453,283192000
2016-01-11,22.174257278442383,24.63249969482422,24.764999389648438,24.334999084472656,24.74250030517578,198957600
2016-01-12,22.496076583862305,24.989999771118164,25.172500610351562,24.709999084472656,25.137500762939453,196616800
2016-01-13,21.917692184448242,24.34749984741211,25.297500610351562,24.325000762939453,25.079999923706055,249758400
2016-01-14,22.397058486938477,24.8799991607666,25.1200008392334,23.934999465942383,24.489999771118164,252680400
2016-01-15,21.85918617248535,24.282499313354492,24.427499771118164,23.84000015258789,24.049999237060547,319335600
2016-01-19,21.753414154052734,24.165000915527344,24.662500381469727,23.875,24.602500915527344,212350800
2016-01-20,21.78266716003418,24.197500228881836,24.547500610351562,23.354999542236328,23.774999618530273,289337600
2016-01-21,21.672393798828125,24.075000762939453,24.469999313354492,23.735000610351562,24.264999389648438,208646000
2016-01-22,22.824661254882812,25.354999542236328,25.364999771118164,24.592500686645508,24.657499313354492,263202000
2016-01-25,22.379058837890625,24.860000610351562,25.38249969482422,24.802499771118164,25.3799991607666,207178000
2016-01-26,22.50283432006836,24.997499465942383,25.219999313354492,24.517499923706055,24.982500076293945,300308000
2016-01-27,21.024246215820312,23.354999542236328,24.157499313354492,23.334999084472656,24.010000228881836,533478800
2016-01-28,21.17502784729004,23.522499084472656,23.6299991607666,23.09749984741211,23.447500228881836,222715200
2016-01-29,21.90644645690918,24.334999084472656,24.334999084472656,23.587499618530273,23.697500228881836,257666000
2016-02-01,21.701650619506836,24.107500076293945,24.177499771118164,23.850000381469727,24.11750030517578,163774000
2016-02-02,21.262798309326172,23.6200008392334,24.010000228881836,23.56999969482422,23.854999542236328,149428800
2016-02-03,21.683645248413086,24.087499618530273,24.209999084472656,23.520000457763672,23.75,183857200
2016-02-04,21.85787582397461,24.149999618530273,24.332500457763672,23.797500610351562,23.96500015258789,185886800
2016-02-05,21.274091720581055,23.5049991607666,24.229999542236328,23.422500610351562,24.1299991607666,185672400
2016-02-08,21.498104095458984,23.752500534057617,23.924999237060547,23.260000228881836,23.282499313354492,216085600
2016-02-09,21.493576049804688,23.747499465942383,23.985000610351562,23.482500076293945,23.572500228881836,177324800
2016-02-10,21.330657958984375,23.5674991607666,24.087499618530273,23.524999618530273,23.979999542236328,169374400
2016-02-11,21.201684951782227,23.424999237060547,23.68000030517578,23.147499084472656,23.447500228881836,200298800
2016-02-12,21.267305374145508,23.497499465942383,23.625,23.252500534057617,23.547500610351562,161405600
2016-02-16,21.866926193237305,24.15999984741211,24.212499618530273,23.65250015258789,23.7549991607666,196231600
2016-02-17,22.20180892944336,24.530000686645508,24.552499771118164,24.037500381469727,24.167499542236328,179452800
2016-02-18,21.78094482421875,24.065000534057617,24.72249984741211,24.022499084472656,24.709999084472656,156084000
2016-02-19,21.731163024902344,24.010000228881836,24.190000534057617,23.950000762939453,24.0,141496800
2016-02-22,21.921228408813477,24.219999313354492,24.225000381469727,23.979999542236328,24.077499389648438,137123200
2016-02-23,21.425697326660156,23.672500610351562,24.125,23.637500762939453,24.100000381469727,127770400
2016-02-24,21.744741439819336,24.024999618530273,24.094999313354492,23.329999923706055,23.4950008392334,145022800
2016-02-25,21.894079208374023,24.190000534057617,24.190000534057617,23.8125,24.012500762939453,110330800
2016-02-26,21.928020477294922,24.227500915527344,24.5049991607666,24.145000457763672,24.299999237060547,115964400
2016-02-29,21.87824249267578,24.172500610351562,24.5575008392334,24.162500381469727,24.21500015258789,140865200
2016-03-01,22.747127532958984,25.13249969482422,25.1924991607666,24.354999542236328,24.412500381469727,201628400
2016-03-02,22.79690170288086,25.1875,25.22249984741211,24.90999984741211,25.127500534057617,132678400
2016-03-03,22.96661376953125,25.375,25.427499771118164,25.112499237060547,25.145000457763672,147822800
2016-03-04,23.308279037475586,25.752500534057617,25.9375,25.342500686645508,25.592500686645508,184220400
2016-03-07,23.050331115722656,25.467500686645508,25.707500457763672,25.239999771118164,25.59749984741211,143315600
2016-03-08,22.860260009765625,25.25749969482422,25.440000534057617,25.100000381469727,25.19499969482422,126247600
2016-03-09,22.880624771118164,25.280000686645508,25.395000457763672,25.0674991607666,25.327499389648438,108806800
2016-03-10,22.891937255859375,25.292499542236328,25.559999465942383,25.037500381469727,25.352500915527344,134054400
2016-03-11,23.138580322265625,25.565000534057617,25.56999969482422,25.375,25.559999465942383,109632800
2016-03-14,23.197406768798828,25.6299991607666,25.727500915527344,25.44499969482422,25.477500915527344,100304400
2016-03-15,23.66353416442871,26.145000457763672,26.295000076293945,25.962499618530273,25.989999771118164,160270800
2016-03-16,23.978044509887695,26.49250030517578,26.577499389648438,26.147499084472656,26.15250015258789,153214000
2016-03-17,23.939571380615234,26.450000762939453,26.61750030517578,26.239999771118164,26.3799991607666,137682800
2016-03-18,23.96673011779785,26.479999542236328,26.625,26.297500610351562,26.584999084472656,176820800
2016-03-21,23.964473724365234,26.477500915527344,26.912500381469727,26.28499984741211,26.482500076293945,142010800
2016-03-22,24.147750854492188,26.68000030517578,26.822500228881836,26.302499771118164,26.3125,129777600
2016-03-23,24.014249801635742,26.532499313354492,26.767499923706055,26.475000381469727,26.6200008392334,102814000
2016-03-24,23.91016387939453,26.417499542236328,26.5625,26.22249984741211,26.36750030517578,104532000
2016-03-28,23.801551818847656,26.297500610351562,26.547500610351562,26.264999389648438,26.5,77645600
2016-03-29,24.364971160888672,26.920000076293945,26.947500228881836,26.219999313354492,26.22249984741211,124760400
2016-03-30,24.790355682373047,27.389999389648438,27.604999542236328,27.149999618530273,27.162500381469727,182404400
2016-03-31,24.661386489868164,27.247499465942383,27.475000381469727,27.219999313354492,27.43000030517578,103553600
2016-04-01,24.887651443481445,27.497499465942383,27.5,27.049999237060547,27.19499969482422,103496000
2016-04-04,25.14334487915039,27.780000686645508,28.047500610351562,27.5674991607666,27.604999542236328,149424800
2016-04-05,24.846927642822266,27.452499389648438,27.6825008392334,27.354999542236328,27.377500534057617,106314800
2016-04-06,25.107139587402344,27.739999771118164,27.7450008392334,27.299999237060547,27.5575008392334,105616400
2016-04-07,24.55955696105957,27.135000228881836,27.604999542236328,27.030000686645508,27.487499237060547,127207600
2016-04-08,24.58671760559082,27.165000915527344,27.4424991607666,27.042499542236328,27.227500915527344,94326800
2016-04-11,24.668167114257812,27.2549991607666,27.65250015258789,27.207500457763672,27.24250030517578,117630000
2016-04-12,24.989479064941406,27.610000610351562,27.625,27.165000915527344,27.334999084472656,108929200
2016-04-13,25.351520538330078,28.010000228881836,28.084999084472656,27.700000762939453,27.700000762939453,133029200
2016-04-14,25.365089416503906,28.024999618530273,28.09749984741211,27.832500457763672,27.905000686645508,101895600
2016-04-15,24.85597801208496,27.462499618530273,28.075000762939453,27.4325008392334,28.02750015258789,187756000
2016-04-18,24.31971549987793,26.8700008392334,27.237499237060547,26.735000610351562,27.22249984741211,243286000
2016-04-19,24.19074058532715,26.727500915527344,27.0,26.5575008392334,26.969999313354492,129539600
2016-04-20,24.240522384643555,26.782499313354492,27.022499084472656,26.514999389648438,26.65999984741211,122444000
2016-04-21,23.978044509887695,26.49250030517578,26.732500076293945,26.3799991607666,26.732500076293945,126210000
2016-04-22,23.912431716918945,26.420000076293945,26.6200008392334,26.155000686645508,26.252500534057617,134732400
2016-04-25,23.776657104492188,26.270000457763672,26.412500381469727,26.127500534057617,26.25,112126400
2016-04-26,23.61147689819336,26.087499618530273,26.325000762939453,25.977500915527344,25.977500915527344,224064800
2016-04-27,22.13393211364746,24.454999923706055,24.677499771118164,23.920000076293945,24.0,458408400
2016-04-28,21.457372665405273,23.707500457763672,24.469999313354492,23.5625,24.40250015258789,328970800
2016-04-29,21.210737228393555,23.434999465942383,23.68000030517578,23.127500534057617,23.497499465942383,274126000
2016-05-02,21.188112258911133,23.40999984741211,23.520000457763672,23.100000381469727,23.49250030517578,192640400
2016-05-03,21.53656768798828,23.795000076293945,23.934999465942383,23.420000076293945,23.549999237060547,227325200
2016-05-04,21.31256103515625,23.547500610351562,23.975000381469727,23.454999923706055,23.799999237060547,164102000
2016-05-05,21.22604751586914,23.309999465942383,23.517499923706055,23.170000076293945,23.5,143562000
2016-05-06,21.10767364501953,23.18000030517578,23.362499237060547,22.962499618530273,23.342500686645508,174799600
2016-05-09,21.123611450195312,23.197500228881836,23.4424991607666,23.147499084472656,23.25,131745600
2016-05-10,21.267024993896484,23.354999542236328,23.392499923706055,23.02750015258789,23.332500457763672,134747200
2016-05-11,21.059871673583984,23.127500534057617,23.392499923706055,23.114999771118164,23.3700008392334,114876400
2016-05-12,20.565868377685547,22.584999084472656,23.19499969482422,22.36750030517578,23.18000030517578,305258800
2016-05-13,20.60684585571289,22.6299991607666,22.917499542236328,22.5,22.5,177571200
2016-05-16,21.37174415588379,23.469999313354492,23.59749984741211,22.912500381469727,23.09749984741211,245039200
2016-05-17,21.28296661376953,23.372499465942383,23.674999237060547,23.252500534057617,23.637500762939453,187667600
2016-05-18,21.526548385620117,23.639999389648438,23.802499771118164,23.47249984741211,23.540000915527344,168249600
2016-05-19,21.444595336914062,23.549999237060547,23.65999984741211,23.392499923706055,23.65999984741211,121768400
2016-05-20,21.676795959472656,23.80500030517578,23.857500076293945,23.6299991607666,23.65999984741211,128104000
2016-05-23,21.952253341674805,24.107500076293945,24.297500610351562,23.917499542236328,23.967500686645508,152074400
2016-05-24,22.286903381347656,24.475000381469727,24.522499084472656,24.209999084472656,24.30500030517578,140560800
2016-05-25,22.678462982177734,24.905000686645508,24.934999465942383,24.52750015258789,24.667499542236328,152675200
2016-05-26,22.85828971862793,25.102500915527344,25.1825008392334,24.65999984741211,24.920000076293945,225324800
2016-05-27,22.84463882446289,25.087499618530273,25.11750030517578,24.8125,24.860000610351562,145364800
2016-05-31,22.733097076416016,24.96500015258789,25.100000381469727,24.704999923706055,24.899999618530273,169228800
2016-06-01,22.414384841918945,24.614999771118164,24.885000228881836,24.582500457763672,24.7549991607666,116693200
2016-06-02,22.245925903320312,24.43000030517578,24.459999084472656,24.157499313354492,24.399999618530273,160766400
2016-06-03,22.291458129882812,24.479999542236328,24.5674991607666,24.362499237060547,24.447500228881836,114019600
2016-06-06,22.453088760375977,24.657499313354492,25.47249984741211,24.387500762939453,24.497499465942383,93170000
2016-06-07,22.54414939880371,24.75749969482422,24.967500686645508,24.739999771118164,24.8125,89638000
2016-06-08,22.523651123046875,24.735000610351562,24.889999389648438,24.670000076293945,24.7549991607666,83392400
2016-06-09,22.685291290283203,24.912500381469727,24.997499465942383,24.614999771118164,24.625,106405600
2016-06-10,22.49861717224121,24.707500457763672,24.837499618530273,24.6200008392334,24.63249969482422,126851600
2016-06-13,22.159412384033203,24.334999084472656,24.780000686645508,24.274999618530273,24.672500610351562,152082000
2016-06-14,22.186731338500977,24.364999771118164,24.6200008392334,24.1875,24.329999923706055,127727600
2016-06-15,22.113887786865234,24.28499984741211,24.602500915527344,24.25749969482422,24.454999923706055,117780800
2016-06-16,22.20722198486328,24.387500762939453,24.4375,24.017499923706055,24.112499237060547,125307200
2016-06-17,21.70184326171875,23.832500457763672,24.162500381469727,23.825000762939453,24.155000686645508,244032800
2016-06-20,21.64947509765625,23.774999618530273,24.142499923706055,23.75749969482422,24.0,137647600
2016-06-21,21.83388328552246,23.977500915527344,24.087499618530273,23.670000076293945,23.735000610351562,142185600
2016-06-22,21.751920700073242,23.887500762939453,24.22249984741211,23.837499618530273,24.0625,116876400
2016-06-23,21.877126693725586,24.024999618530273,24.072500228881836,23.8125,23.985000610351562,128960800
2016-06-24,21.262479782104492,23.350000381469727,23.665000915527344,23.162500381469727,23.227500915527344,301245600
2016-06-27,20.952871322631836,23.010000228881836,23.262500762939453,22.875,23.25,181958400
2016-06-28,21.30573081970215,23.397499084472656,23.415000915527344,23.03499984741211,23.225000381469727,161779600
2016-06-29,21.490131378173828,23.600000381469727,23.637500762939453,23.407499313354492,23.49250030517578,146124000
2016-06-30,21.763309478759766,23.899999618530273,23.9424991607666,23.575000762939453,23.610000610351562,143345600
2016-07-01,21.829326629638672,23.97249984741211,24.11750030517578,23.832500457763672,23.872499465942383,104106000
2016-07-05,21.624439239501953,23.747499465942383,23.850000381469727,23.614999771118164,23.84749984741211,110820800
2016-07-06,21.747377395629883,23.88249969482422,23.915000915527344,23.592500686645508,23.649999618530273,123796400
2016-07-07,21.8407039642334,23.985000610351562,24.125,23.905000686645508,23.924999237060547,100558400
2016-07-08,22.00916290283203,24.170000076293945,24.22249984741211,24.012500762939453,24.122499465942383,115648400
2016-07-11,22.077465057373047,24.2450008392334,24.412500381469727,24.1825008392334,24.1875,95179600
2016-07-12,22.177627563476562,24.354999542236328,24.424999237060547,24.280000686645508,24.292499542236328,96670000
2016-07-13,22.05242347717285,24.217500686645508,24.417499542236328,24.209999084472656,24.352500915527344,103568800
2016-07-14,22.4895076751709,24.697500228881836,24.747499465942383,24.329999923706055,24.34749984741211,155676000
2016-07-15,22.487228393554688,24.69499969482422,24.825000762939453,24.625,24.729999542236328,120548000
2016-07-18,22.726268768310547,24.957500457763672,25.032499313354492,24.649999618530273,24.674999237060547,145975600
2016-07-19,22.735368728637695,24.967500686645508,25.0,24.834999084472656,24.889999389648438,95119600
2016-07-20,22.755859375,24.989999771118164,25.114999771118164,24.934999465942383,25.0,105104000
2016-07-21,22.635204315185547,24.857500076293945,25.25,24.782499313354492,24.957500457763672,130808000
2016-07-22,22.459918975830078,24.665000915527344,24.825000762939453,24.577499389648438,24.815000534057617,113254800
2016-07-25,22.159412384033203,24.334999084472656,24.709999084472656,24.229999542236328,24.5625,161531600
2016-07-26,22.006887435913086,24.167499542236328,24.49250030517578,24.104999542236328,24.204999923706055,224959200
2016-07-27,23.43653106689453,25.737499237060547,26.087499618530273,25.6875,26.0674991607666,369379200
2016-07-28,23.752962112426758,26.084999084472656,26.112499237060547,25.704999923706055,25.707500457763672,159479200
2016-07-29,23.723369598388672,26.052499771118164,26.137500762939453,25.920000076293945,26.047500610351562,110934800
2016-08-01,24.14223861694336,26.512500762939453,26.537500381469727,26.102500915527344,26.102500915527344,152671600
2016-08-02,23.784839630126953,26.1200008392334,26.517499923706055,26.0,26.512500762939453,135266400
2016-08-03,24.08305549621582,26.447500228881836,26.459999084472656,26.1924991607666,26.202499389648438,120810400
2016-08-04,24.231830596923828,26.467500686645508,26.5,26.31999969482422,26.395000457763672,109634800
2016-08-05,24.600332260131836,26.8700008392334,26.912500381469727,26.545000076293945,26.5674991607666,162213600
2016-08-08,24.80403709411621,27.092500686645508,27.092500686645508,26.790000915527344,26.8799991607666,112148800
2016-08-09,24.904747009277344,27.202499389648438,27.235000610351562,27.002500534057617,27.0575008392334,105260800
2016-08-10,24.71934700012207,27.0,27.225000381469727,26.940000534057617,27.177499771118164,96034000
2016-08-11,24.70333480834961,26.982500076293945,27.232500076293945,26.962499618530273,27.1299991607666,109938000
2016-08-12,24.76054573059082,27.045000076293945,27.110000610351562,26.94499969482422,26.94499969482422,74641600
2016-08-15,25.058095932006836,27.3700008392334,27.385000228881836,27.020000457763672,27.03499984741211,103472800
2016-08-16,25.035207748413086,27.344999313354492,27.5575008392334,27.302499771118164,27.407499313354492,135177600
2016-08-17,24.99858856201172,27.30500030517578,27.342500686645508,27.084999084472656,27.274999618530273,101424000
2016-08-18,24.96654510498047,27.270000457763672,27.399999618530273,27.2549991607666,27.3075008392334,87938800
2016-08-19,25.03063201904297,27.34000015258789,27.422500610351562,27.09000015258789,27.1924991607666,101472400
2016-08-22,24.836084365844727,27.127500534057617,27.274999618530273,26.962499618530273,27.21500015258789,103280800
2016-08-23,24.913898468017578,27.212499618530273,27.329999923706055,27.13249969482422,27.147499084472656,85030800
2016-08-24,24.726215362548828,27.00749969482422,27.1875,26.920000076293945,27.142499923706055,94700400
2016-08-25,24.62093162536621,26.892499923706055,26.969999313354492,26.670000076293945,26.84749984741211,100344800
2016-08-26,24.47673225402832,26.735000610351562,26.987499237060547,26.577499389648438,26.852500915527344,111065200
2016-08-29,24.44927215576172,26.704999923706055,26.860000610351562,26.572500228881836,26.655000686645508,99881200
2016-08-30,24.261587142944336,26.5,26.625,26.375,26.450000762939453,99455600
2016-08-31,24.284469604492188,26.524999618530273,26.642499923706055,26.40999984741211,26.415000915527344,118649600
2016-09-01,24.428672790527344,26.6825008392334,26.700000762939453,26.405000686645508,26.53499984741211,106806000
2016-09-02,24.657550811767578,26.9325008392334,27.0,26.704999923706055,26.924999237060547,107210000
2016-09-06,24.65068244934082,26.924999237060547,27.075000762939453,26.877500534057617,26.975000381469727,107521600
2016-09-07,24.801746368408203,27.09000015258789,27.190000534057617,26.767499923706055,26.957500457763672,169457200
2016-09-08,24.15172004699707,26.3799991607666,26.8174991607666,26.309999465942383,26.8125,212008000
2016-09-09,23.604686737060547,25.782499313354492,26.43000030517578,25.782499313354492,26.15999984741211,186228000
2016-09-12,24.13340950012207,26.360000610351562,26.43000030517578,25.63249969482422,25.662500381469727,181171200
2016-09-13,24.70790672302246,26.987499237060547,27.197500228881836,26.809999465942383,26.877500534057617,248704800
2016-09-14,25.582244873046875,27.9424991607666,28.25749969482422,27.149999618530273,27.1825008392334,443554800
2016-09-15,26.451995849609375,28.892499923706055,28.9325008392334,28.372499465942383,28.46500015258789,359934400
2016-09-16,26.3032169342041,28.729999542236328,29.032499313354492,28.510000228881836,28.780000686645508,319547600
2016-09-19,25.996517181396484,28.395000457763672,29.045000076293945,28.3125,28.797500610351562,188092000
2016-09-20,25.994226455688477,28.392499923706055,28.530000686645508,28.127500534057617,28.262500762939453,138057200
2016-09-21,25.989654541015625,28.387500762939453,28.497499465942383,28.110000610351562,28.462499618530273,144012800
2016-09-22,26.234560012817383,28.655000686645508,28.735000610351562,28.5,28.587499618530273,124296000
2016-09-23,25.797386169433594,28.177499771118164,28.697500228881836,27.887500762939453,28.604999542236328,209924800
2016-09-26,25.8362979888916,28.219999313354492,28.34749984741211,27.887500762939453,27.90999984741211,119477600
2016-09-27,25.884366989135742,28.272499084472656,28.295000076293945,28.084999084472656,28.25,98429600
2016-09-28,26.08120346069336,28.487499237060547,28.65999984741211,28.357500076293945,28.422500610351562,118564400
2016-09-29,25.67608070373535,28.045000076293945,28.450000762939453,27.950000762939453,28.290000915527344,143548000
2016-09-30,25.875211715698242,28.262500762939453,28.342500686645508,27.950000762939453,28.114999771118164,145516400
2016-10-03,25.75389862060547,28.1299991607666,28.262500762939453,28.06999969482422,28.177499771118164,86807200
2016-10-04,25.863771438598633,28.25,28.577499389648438,28.157499313354492,28.264999389648438,118947200
2016-10-05,25.875211715698242,28.262500762939453,28.415000915527344,28.172500610351562,28.350000381469727,85812400
2016-10-06,26.067472457885742,28.47249984741211,28.584999084472656,28.282499313354492,28.424999237060547,115117200
2016-10-07,26.10637855529785,28.514999389648438,28.639999389648438,28.377500534057617,28.577499389648438,97433600
2016-10-10,26.561859130859375,29.012500762939453,29.1875,28.68000030517578,28.7549991607666,144944000
2016-10-11,26.61907958984375,29.075000762939453,29.672500610351562,29.049999237060547,29.424999237060547,256164000
2016-10-12,26.85711097717285,29.334999084472656,29.4950008392334,29.1875,29.337499618530273,150347200
2016-10-13,26.774717330932617,29.2450008392334,29.360000610351562,28.93000030517578,29.197500228881836,140769600
2016-10-14,26.92349624633789,29.407499313354492,29.542499542236328,29.282499313354492,29.469999313354492,142608800
2016-10-17,26.90517807006836,29.387500762939453,29.459999084472656,29.19499969482422,29.332500457763672,94499600
2016-10-18,26.886873245239258,29.36750030517578,29.552499771118164,29.362499237060547,29.545000076293945,98214000
2016-10-19,26.8067626953125,29.280000686645508,29.440000534057617,28.450000762939453,29.3125,80138400
2016-10-20,26.793033599853516,29.264999389648438,29.344999313354492,29.082500457763672,29.21500015258789,96503200
2016-10-21,26.687740325927734,29.149999618530273,29.227500915527344,29.06999969482422,29.202499389648438,92770800
2016-10-24,26.928068161010742,29.412500381469727,29.434999465942383,29.25,29.274999618530273,94154800
2016-10-25,27.065399169921875,29.5625,29.59000015258789,29.327499389648438,29.487499237060547,192516000
2016-10-26,26.456567764282227,28.897499084472656,28.924999237060547,28.327499389648438,28.577499389648438,264536800
2016-10-27,26.20250701904297,28.6200008392334,28.96500015258789,28.524999618530273,28.84749984741211,138248000
2016-10-28,26.028562545776367,28.43000030517578,28.802499771118164,28.362499237060547,28.467500686645508,151446800
2016-10-31,25.98736000061035,28.385000228881836,28.5575008392334,28.299999237060547,28.412500381469727,105677600
2016-11-01,25.518144607543945,27.872499465942383,28.4424991607666,27.63249969482422,28.364999771118164,175303200
2016-11-02,25.54103660583496,27.897499084472656,28.087499618530273,27.8075008392334,27.850000381469727,113326800
2016-11-03,25.267276763916016,27.457500457763672,27.864999771118164,27.387500762939453,27.7450008392334,107730400
2016-11-04,25.03951644897461,27.209999084472656,27.5625,27.02750015258789,27.13249969482422,123348000
2016-11-07,25.400705337524414,27.602500915527344,27.627500534057617,27.364999771118164,27.520000457763672,130240000
2016-11-08,25.550251007080078,27.764999389648438,27.93000030517578,27.424999237060547,27.577499389648438,97016800
2016-11-09,25.508827209472656,27.719999313354492,27.829999923706055,27.012500762939453,27.469999313354492,236705600
2016-11-10,24.797954559326172,26.947500228881836,27.772499084472656,26.457500457763672,27.772499084472656,228538000
2016-11-11,24.9451904296875,27.107500076293945,27.217500686645508,26.637500762939453,26.780000686645508,136575600
2016-11-14,24.319433212280273,26.427499771118164,26.952499389648438,26.020000457763672,26.927499771118164,204702000
2016-11-15,24.641515731811523,26.77750015258789,26.920000076293945,26.540000915527344,26.642499923706055,129058000
2016-11-16,25.304079055786133,27.497499465942383,27.5575008392334,26.649999618530273,26.674999237060547,235362000
2016-11-17,25.29487419128418,27.487499237060547,27.587499618530273,27.207500457763672,27.452499389648438,110528000
2016-11-18,25.320178985595703,27.514999389648438,27.635000228881836,27.415000915527344,27.43000030517578,113715600
2016-11-21,25.70438003540039,27.9325008392334,27.997499465942383,27.502500534057617,27.530000686645508,117058400
2016-11-22,25.720487594604492,27.950000762939453,28.104999542236328,27.850000381469727,27.987499237060547,103862000
2016-11-23,25.589345932006836,27.8075008392334,27.877500534057617,27.582500457763672,27.84000015258789,109705600
2016-11-25,25.718189239501953,27.947500228881836,27.967500686645508,27.737499237060547,27.782499313354492,45903600
2016-11-28,25.667572021484375,27.892499923706055,28.11750030517578,27.84749984741211,27.857500076293945,108776000
2016-11-29,25.642255783081055,27.864999771118164,28.00749969482422,27.517499923706055,27.69499969482422,114115200
2016-11-30,25.42601203918457,27.6299991607666,28.049999237060547,27.5674991607666,27.899999618530273,144649200
2016-12-01,25.189056396484375,27.372499465942383,27.735000610351562,27.25749969482422,27.592500686645508,148347600
2016-12-02,25.283374786376953,27.475000381469727,27.522499084472656,27.212499618530273,27.292499542236328,106112000
2016-12-05,25.10162925720215,27.27750015258789,27.50749969482422,27.0625,27.5,137298000
2016-12-06,25.29487419128418,27.487499237060547,27.59000015258789,27.297500610351562,27.375,104782000
2016-12-07,25.5433406829834,27.75749969482422,27.797500610351562,27.290000915527344,27.315000534057617,119994800
2016-12-08,25.794105529785156,28.030000686645508,28.107500076293945,27.649999618530273,27.71500015258789,108273200
2016-12-09,26.21510887145996,28.487499237060547,28.674999237060547,28.077499389648438,28.077499389648438,137610400
2016-12-12,26.065568923950195,28.325000762939453,28.75,28.122499465942383,28.322500228881836,105497600
2016-12-13,26.500385284423828,28.797500610351562,28.979999542236328,28.4375,28.459999084472656,174935200
2016-12-14,26.500385284423828,28.797500610351562,29.049999237060547,28.7450008392334,28.760000228881836,136127200
2016-12-15,26.64531898498535,28.954999923706055,29.1825008392334,28.8075008392334,28.844999313354492,186098000
2016-12-16,26.679828643798828,28.99250030517578,29.125,28.912500381469727,29.11750030517578,177404400
2016-12-19,26.833959579467773,29.15999984741211,29.344999313354492,28.9375,28.950000762939453,111117600
2016-12-20,26.90528678894043,29.237499237060547,29.375,29.170000076293945,29.184999465942383,85700000
2016-12-21,26.930591583251953,29.264999389648438,29.350000381469727,29.19499969482422,29.200000762939453,95132800
2016-12-22,26.753448486328125,29.072500228881836,29.127500534057617,28.90999984741211,29.087499618530273,104343600
2016-12-23,26.806354522705078,29.1299991607666,29.1299991607666,28.897499084472656,28.897499084472656,56998000
2016-12-27,26.976600646972656,29.315000534057617,29.450000762939453,29.122499465942383,29.1299991607666,73187600
2016-12-28,26.8615779876709,29.190000534057617,29.5049991607666,29.049999237060547,29.3799991607666,83623600
2016-12-29,26.854673385620117,29.1825008392334,29.27750015258789,29.100000381469727,29.112499237060547,60158000
2016-12-30,26.64531898498535,28.954999923706055,29.299999237060547,28.857500076293945,29.162500381469727,122345200
2017-01-03,26.721237182617188,29.037500381469727,29.082500457763672,28.690000534057617,28.950000762939453,115127600
2017-01-04,26.69133186340332,29.0049991607666,29.127500534057617,28.9375,28.962499618530273,84472400
2017-01-05,26.827064514160156,29.15250015258789,29.21500015258789,28.952499389648438,28.979999542236328,88774400
2017-01-06,27.12613868713379,29.477500915527344,29.540000915527344,29.11750030517578,29.19499969482422,127007600
2017-01-09,27.374603271484375,29.747499465942383,29.857500076293945,29.485000610351562,29.487499237060547,134247600
2017-01-10,27.402204513549805,29.77750015258789,29.844999313354492,29.575000762939453,29.6924991607666,97848400
2017-01-11,27.549448013305664,29.9375,29.982500076293945,29.649999618530273,29.684999465942383,110354400
2017-01-12,27.434417724609375,29.8125,29.825000762939453,29.552499771118164,29.725000381469727,108344800
2017-01-13,27.3861026763916,29.760000228881836,29.905000686645508,29.702499389648438,29.77750015258789,104447600
2017-01-17,27.60696029663086,30.0,30.059999465942383,29.55500030517578,29.584999084472656,137759200
2017-01-18,27.604658126831055,29.997499465942383,30.125,29.927499771118164,30.0,94852000
2017-01-19,27.556350708007812,29.94499969482422,30.022499084472656,29.842500686645508,29.850000381469727,102389200
2017-01-20,27.60696029663086,30.0,30.112499237060547,29.9325008392334,30.112499237060547,130391600
2017-01-23,27.625362396240234,30.020000457763672,30.202499389648438,29.9424991607666,30.0,88200800
2017-01-24,27.600059509277344,29.99250030517578,30.024999618530273,29.875,29.887500762939453,92844000
2017-01-25,28.039470672607422,30.469999313354492,30.524999618530273,30.06999969482422,30.104999542236328,129510400
2017-01-26,28.05327606201172,30.485000610351562,30.610000610351562,30.399999618530273,30.417499542236328,105350400
2017-01-27,28.055570602416992,30.487499237060547,30.587499618530273,30.399999618530273,30.53499984741211,82251600
2017-01-30,27.981952667236328,30.407499313354492,30.407499313354492,30.165000915527344,30.232500076293945,121510000
2017-01-31,27.917539596557617,30.337499618530273,30.34749984741211,30.155000686645508,30.287500381469727,196804000
2017-02-01,29.619964599609375,32.1875,32.622501373291016,31.752500534057617,31.75749969482422,447940000
2017-02-02,29.569355010986328,32.13249969482422,32.34749984741211,31.94499969482422,31.9950008392334,134841600
2017-02-03,29.695877075195312,32.27000045776367,32.29750061035156,32.040000915527344,32.07749938964844,98029200
2017-02-06,29.974258422851562,32.5724983215332,32.625,32.224998474121094,32.282501220703125,107383600
2017-02-07,30.259525299072266,32.88249969482422,33.022499084472656,32.61249923706055,32.6349983215332,152735200
2017-02-08,30.37686538696289,33.0099983215332,33.05500030517578,32.80500030517578,32.837501525878906,92016400
2017-02-09,30.59635353088379,33.10499954223633,33.11249923706055,32.779998779296875,32.912498474121094,113399600
2017-02-10,30.527048110961914,33.029998779296875,33.23500061035156,33.01250076293945,33.1150016784668,80262000
2017-02-13,30.797382354736328,33.3224983215332,33.45500183105469,33.1875,33.27000045776367,92141600
2017-02-14,31.19710922241211,33.755001068115234,33.772499084472656,33.3125,33.36750030517578,132904800
2017-02-15,31.310319900512695,33.877498626708984,34.067501068115234,33.654998779296875,33.880001068115234,142492400
2017-02-16,31.27335548400879,33.837501525878906,33.974998474121094,33.709999084472656,33.91749954223633,90338400
2017-02-17,31.35885238647461,33.93000030517578,33.95750045776367,33.775001525878906,33.775001525878906,88792800
2017-02-21,31.585290908813477,34.17499923706055,34.1875,33.994998931884766,34.057498931884766,98028800
2017-02-22,31.680004119873047,34.27750015258789,34.279998779296875,34.02750015258789,34.10749816894531,83347600
2017-02-23,31.546003341674805,34.13249969482422,34.369998931884766,34.07500076293945,34.345001220703125,83152800
2017-02-24,31.576038360595703,34.165000915527344,34.165000915527344,33.81999969482422,33.977500915527344,87106400
2017-02-27,31.638416290283203,34.23249816894531,34.36000061035156,34.06999969482422,34.28499984741211,81029600
2017-02-28,31.65227508544922,34.247501373291016,34.36000061035156,34.17499923706055,34.27000045776367,93931600
2017-03-01,32.299232482910156,34.9474983215332,35.037498474121094,34.400001525878906,34.47249984741211,145658400
2017-03-02,32.10747146606445,34.7400016784668,35.06999969482422,34.689998626708984,35.0,104844000
2017-03-03,32.29692459106445,34.94499969482422,34.95750045776367,34.647499084472656,34.69499969482422,84432400
2017-03-06,32.19526672363281,34.834999084472656,34.942501068115234,34.650001525878906,34.842498779296875,87000000
2017-03-07,32.23685073852539,34.880001068115234,34.994998931884766,34.6974983215332,34.76499938964844,69785200
2017-03-08,32.11669921875,34.75,34.95000076293945,34.70500183105469,34.73749923706055,74828800
2017-03-09,32.04277038574219,34.66999816894531,34.6974983215332,34.26250076293945,34.685001373291016,88623600
2017-03-10,32.149051666259766,34.78499984741211,34.84000015258789,34.65999984741211,34.8125,78451200
2017-03-13,32.16291427612305,34.79999923706055,34.85749816894531,34.70500183105469,34.712501525878906,69686800
2017-03-14,32.11439514160156,34.747501373291016,34.912498474121094,34.709999084472656,34.82500076293945,61236400
2017-03-15,32.45404052734375,35.1150016784668,35.1875,34.75749969482422,34.852500915527344,102767200
2017-03-16,32.50719451904297,35.17250061035156,35.255001068115234,35.064998626708984,35.18000030517578,76928000
2017-03-17,32.34543991088867,34.997501373291016,35.25,34.97249984741211,35.25,175540000
2017-03-20,32.68511199951172,35.3650016784668,35.375,35.057498931884766,35.099998474121094,86168000
2017-03-21,32.310787200927734,34.959999084472656,35.70000076293945,34.932498931884766,35.52750015258789,158119600
2017-03-22,32.67585754394531,35.35499954223633,35.400001525878906,34.939998626708984,34.962501525878906,103440800
2017-03-23,32.56034851074219,35.22999954223633,35.39500045776367,35.15250015258789,35.314998626708984,81385200
2017-03-24,32.49564743041992,35.15999984741211,35.435001373291016,35.087501525878906,35.375,89582400
2017-03-27,32.55110168457031,35.220001220703125,35.30500030517578,34.654998779296875,34.84749984741211,94300400
2017-03-28,33.22577667236328,35.95000076293945,36.0099983215332,35.154998779296875,35.227500915527344,133499200
2017-03-29,33.29970932006836,36.029998779296875,36.122501373291016,35.79750061035156,35.91999816894531,116760000
2017-03-30,33.25580978393555,35.98249816894531,36.125,35.875,36.04750061035156,84829200
2017-03-31,33.193424224853516,35.915000915527344,36.067501068115234,35.752498626708984,35.93000030517578,78646800
2017-04-03,33.202667236328125,35.92499923706055,36.029998779296875,35.76250076293945,35.9275016784668,79942800
2017-04-04,33.44989776611328,36.192501068115234,36.22249984741211,35.79249954223633,35.8125,79565600
2017-04-05,33.27660369873047,36.005001068115234,36.3650016784668,35.95249938964844,36.05500030517578,110871600
2017-04-06,33.193424224853516,35.915000915527344,36.130001068115234,35.86249923706055,36.0724983215332,84596000
2017-04-07,33.1194953918457,35.834999084472656,36.04499816894531,35.817501068115234,35.932498931884766,66688800
2017-04-10,33.080204010009766,35.79249954223633,35.970001220703125,35.724998474121094,35.900001525878906,75733600
2017-04-11,32.72438049316406,35.407501220703125,35.837501525878906,35.01499938964844,35.73500061035156,121517600
2017-04-12,32.76366424560547,35.45000076293945,35.537498474121094,35.252498626708984,35.400001525878906,81400000
2017-04-13,32.590370178222656,35.26250076293945,35.595001220703125,35.26250076293945,35.477500915527344,71291600
2017-04-17,32.77060317993164,35.45750045776367,35.470001220703125,35.217498779296875,35.369998931884766,66328400
2017-04-18,32.62502670288086,35.29999923706055,35.5099983215332,35.27750015258789,35.352500915527344,58790000
2017-04-19,32.504859924316406,35.16999816894531,35.5,35.11249923706055,35.470001220703125,69313600
2017-04-20,32.91155242919922,35.61000061035156,35.72999954223633,35.290000915527344,35.30500030517578,93278400
2017-04-21,32.87225341796875,35.567501068115234,35.66999816894531,35.462501525878906,35.61000061035156,69283600
2017-04-24,33.188804626464844,35.90999984741211,35.98749923706055,35.79499816894531,35.875,68537200
2017-04-25,33.39444351196289,36.13249969482422,36.224998474121094,35.967498779296875,35.977500915527344,75486000
2017-04-26,33.19804382324219,35.91999816894531,36.150001525878906,35.845001220703125,36.11750030517578,80164800
2017-04-27,33.22344970703125,35.9474983215332,36.040000915527344,35.82749938964844,35.97999954223633,56985200
2017-04-28,33.191104888916016,35.912498474121094,36.07500076293945,35.817501068115234,36.022499084472656,83441600
2017-05-01,33.868106842041016,36.64500045776367,36.79999923706055,36.2400016784668,36.275001525878906,134411600
2017-05-02,34.082984924316406,36.877498626708984,37.022499084472656,36.709999084472656,36.8849983215332,181408800
2017-05-03,33.979007720947266,36.76499938964844,36.872501373291016,36.067501068115234,36.397499084472656,182788000
2017-05-04,33.85655975341797,36.63249969482422,36.78499984741211,36.45249938964844,36.630001068115234,93487600
2017-05-05,34.41802215576172,37.2400016784668,37.244998931884766,36.689998626708984,36.689998626708984,109310800
2017-05-08,35.353790283203125,38.252498626708984,38.42499923706055,37.25749969482422,37.25749969482422,195009600
2017-05-09,35.58023452758789,38.497501373291016,38.720001220703125,38.36249923706055,38.467498779296875,156521600
2017-05-10,35.41156005859375,38.314998626708984,38.48500061035156,38.02750015258789,38.407501220703125,103222800
2017-05-11,35.71780014038086,38.48749923706055,38.51750183105469,38.07749938964844,38.11249923706055,109020400
2017-05-12,36.21662521362305,39.025001525878906,39.10499954223633,38.66749954223633,38.67499923706055,130108000
2017-05-15,36.123809814453125,38.92499923706055,39.162498474121094,38.76250076293945,39.002498626708984,104038800
2017-05-16,36.07046127319336,38.86750030517578,39.01499938964844,38.68000030517578,38.98500061035156,80194000
2017-05-17,34.859378814697266,37.5625,38.64250183105469,37.4275016784668,38.400001525878906,203070800
2017-05-18,35.39067840576172,38.1349983215332,38.334999084472656,37.782501220703125,37.817501068115234,134272800
2017-05-19,35.511322021484375,38.26499938964844,38.494998931884766,38.157501220703125,38.345001220703125,107843200
2017-05-22,35.72709274291992,38.497501373291016,38.64500045776367,38.227500915527344,38.5,91865600
2017-05-23,35.68300247192383,38.45000076293945,38.724998474121094,38.32749938964844,38.724998474121094,79675600
2017-05-24,35.57627868652344,38.334999084472656,38.54249954223633,38.16749954223633,38.459999084472656,76712000
2017-05-25,35.699249267578125,38.467498779296875,38.587501525878906,38.25749969482422,38.432498931884766,76942400
2017-05-26,35.63893127441406,38.40250015258789,38.560001373291016,38.32749938964844,38.5,87710400
2017-05-30,35.65284729003906,38.41749954223633,38.60749816894531,38.33250045776367,38.35499954223633,80507600
2017-05-31,35.441715240478516,38.189998626708984,38.54249954223633,38.095001220703125,38.49250030517578,97804800
2017-06-01,35.539146423339844,38.29499816894531,38.33250045776367,38.05500030517578,38.29249954223633,65616400
2017-06-02,36.0658073425293,38.86249923706055,38.86249923706055,38.22249984741211,38.39500045776367,111082800
2017-06-05,35.713165283203125,38.48249816894531,38.61249923706055,38.3650016784668,38.584999084472656,101326800
2017-06-06,35.833805084228516,38.61249923706055,38.95249938964844,38.44499969482422,38.474998474121094,106499600
2017-06-07,36.04725646972656,38.842498779296875,38.994998931884766,38.619998931884766,38.755001068115234,84278400
2017-06-08,35.95908737182617,38.747501373291016,38.8849983215332,38.599998474121094,38.8125,85003200
2017-06-09,34.56473159790039,37.244998931884766,38.79750061035156,36.505001068115234,38.79750061035156,259530800
2017-06-12,33.73877716064453,36.35499954223633,36.522499084472656,35.627498626708984,36.435001373291016,289229200
2017-06-13,34.010223388671875,36.647499084472656,36.86249923706055,36.287498474121094,36.790000915527344,136661600
2017-06-14,33.678443908691406,36.290000915527344,36.875,35.959999084472656,36.875,126124800
2017-06-15,33.47658920288086,36.0724983215332,36.119998931884766,35.5525016784668,35.83000183105469,128661600
2017-06-16,33.00794219970703,35.567501068115234,36.125,35.54999923706055,35.94499969482422,201444400
2017-06-19,33.95220184326172,36.584999084472656,36.685001373291016,35.915000915527344,35.915000915527344,130165600
2017-06-20,33.643653869628906,36.252498626708984,36.717498779296875,36.23500061035156,36.717498779296875,99600400
2017-06-21,33.84317398071289,36.467498779296875,36.51750183105469,36.15250015258789,36.380001068115234,85063200
2017-06-22,33.78750228881836,36.407501220703125,36.67499923706055,36.279998779296875,36.442501068115234,76425200
2017-06-23,33.938289642333984,36.56999969482422,36.790000915527344,36.27750015258789,36.282501220703125,141757600
2017-06-26,33.83155822753906,36.45500183105469,37.06999969482422,36.345001220703125,36.79249954223633,102769600
2017-06-27,33.34666061401367,35.932498931884766,36.540000915527344,35.904998779296875,36.252498626708984,99047600
2017-06-28,33.83390426635742,36.45750045776367,36.52750015258789,35.790000915527344,36.122501373291016,88329600
2017-06-29,33.33506774902344,35.91999816894531,36.282501220703125,35.56999969482422,36.1775016784668,125997600
2017-06-30,33.41395568847656,36.005001068115234,36.2400016784668,35.94499969482422,36.11249923706055,92096400
2017-07-03,33.29331588745117,35.875,36.32500076293945,35.775001525878906,36.220001220703125,57111200
2017-07-05,33.43019104003906,36.022499084472656,36.1974983215332,35.68000030517578,35.92250061035156,86278400
2017-07-06,33.11466979980469,35.682498931884766,35.875,35.602500915527344,35.755001068115234,96515200
2017-07-07,33.45106506347656,36.04499816894531,36.1875,35.724998474121094,35.724998474121094,76806800
2017-07-10,33.655242919921875,36.26499938964844,36.48749923706055,35.842498779296875,36.02750015258789,84362400
2017-07-11,33.76430130004883,36.38249969482422,36.462501525878906,36.095001220703125,36.182498931884766,79127200
2017-07-12,33.81300735473633,36.435001373291016,36.54499816894531,36.20500183105469,36.467498779296875,99538000
2017-07-13,34.283992767333984,36.942501068115234,37.122501373291016,36.36000061035156,36.375,100797600
2017-07-14,34.578636169433594,37.2599983215332,37.33250045776367,36.83250045776367,36.99250030517578,80528400
2017-07-17,34.69929122924805,37.38999938964844,37.724998474121094,37.14250183105469,37.20500183105469,95174000
2017-07-18,34.819923400878906,37.52000045776367,37.532501220703125,37.16749954223633,37.29999923706055,71475200
2017-07-19,35.038021087646484,37.755001068115234,37.85499954223633,37.48749923706055,37.619998931884766,83692000
2017-07-20,34.880252838134766,37.584999084472656,37.935001373291016,37.54750061035156,37.875,68974800
2017-07-21,34.864009857177734,37.567501068115234,37.61000061035156,37.220001220703125,37.497501373291016,105010400
2017-07-24,35.286258697509766,38.022499084472656,38.11000061035156,37.474998474121094,37.64500045776367,85972800
2017-07-25,35.43708801269531,38.185001373291016,38.459999084472656,37.95000076293945,37.95000076293945,75415600
2017-07-26,35.60411834716797,38.3650016784668,38.48249816894531,38.26499938964844,38.337501525878906,63124000
2017-07-27,34.93130111694336,37.63999938964844,38.497501373291016,36.82500076293945,38.4375,129905200
2017-07-28,34.68535614013672,37.375,37.557498931884766,37.29750061035156,37.47249984741211,68854800
2017-07-31,34.50672149658203,37.182498931884766,37.58250045776367,37.032501220703125,37.474998474121094,79383600
2017-08-01,34.812984466552734,37.51250076293945,37.55500030517578,37.102500915527344,37.275001525878906,141474400
2017-08-02,36.45792007446289,39.28499984741211,39.9375,39.040000915527344,39.81999969482422,279747200
2017-08-03,36.09366226196289,38.89250183105469,39.3025016784668,38.755001068115234,39.26250076293945,108389200
2017-08-04,36.28391647338867,39.09749984741211,39.349998474121094,38.92250061035156,39.01750183105469,82239600
2017-08-07,36.84537124633789,39.70249938964844,39.72999954223633,39.16749954223633,39.26499938964844,87481200
2017-08-08,37.14002227783203,40.02000045776367,40.45750045776367,39.567501068115234,39.650001525878906,144823600
2017-08-09,37.367401123046875,40.26499938964844,40.317501068115234,39.77750015258789,39.814998626708984,104526000
2017-08-10,36.17717361450195,38.83000183105469,40.0,38.657501220703125,39.974998474121094,163217200
2017-08-11,36.6802864074707,39.369998931884766,39.64250183105469,39.01750183105469,39.150001525878906,105028400
2017-08-14,37.23228454589844,39.962501525878906,40.0525016784668,39.6875,39.83000183105469,88490800
2017-08-15,37.63990783691406,40.400001525878906,40.54999923706055,40.03499984741211,40.165000915527344,117862000
2017-08-16,37.48851013183594,40.23749923706055,40.627498626708984,40.037498474121094,40.48500061035156,110686400
2017-08-17,36.7687873840332,39.46500015258789,40.1775016784668,39.459999084472656,40.130001068115234,111762400
2017-08-18,36.6849365234375,39.375,39.875,39.18000030517578,39.46500015258789,109712400
2017-08-21,36.61738967895508,39.3025016784668,39.47249984741211,38.77750015258789,39.375,105474000
2017-08-22,37.21598815917969,39.94499969482422,40.0,39.505001068115234,39.557498931884766,86418400
2017-08-23,37.26258087158203,39.994998931884766,40.11750030517578,39.720001220703125,39.76750183105469,77596400
2017-08-24,37.09721755981445,39.817501068115234,40.185001373291016,39.63750076293945,40.10749816894531,79275600
2017-08-25,37.234642028808594,39.96500015258789,40.13999938964844,39.817501068115234,39.912498474121094,101920400
2017-08-28,37.60962677001953,40.36750030517578,40.5,39.98249816894531,40.03499984741211,103864000
2017-08-29,37.945045471191406,40.727500915527344,40.779998779296875,40.0,40.025001525878906,118067600
2017-08-30,38.047523498535156,40.837501525878906,40.97249984741211,40.65250015258789,40.95000076293945,109078400
2017-08-31,38.19892120361328,41.0,41.130001068115234,40.869998931884766,40.90999984741211,107140400
2017-09-01,38.210567474365234,41.01250076293945,41.23500061035156,40.907501220703125,41.20000076293945,66364400
2017-09-05,37.75171661376953,40.52000045776367,41.0625,40.13999938964844,40.9375,117874000
2017-09-06,37.712120056152344,40.477500915527344,40.747501373291016,40.130001068115234,40.6775016784668,86606800
2017-09-07,37.56072235107422,40.314998626708984,40.560001373291016,40.09000015258789,40.522499084472656,87714000
2017-09-08,36.94813919067383,39.657501220703125,40.287498474121094,39.63249969482422,40.21500015258789,114446000
2017-09-11,37.616615295410156,40.375,40.51250076293945,39.97249984741211,40.125,126323200
2017-09-12,37.4675407409668,40.21500015258789,40.9900016784668,39.692501068115234,40.65250015258789,286856000
2017-09-13,37.185707092285156,39.912498474121094,39.9900016784668,39.477500915527344,39.967498779296875,179629600
2017-09-14,36.86662673950195,39.56999969482422,39.849998474121094,39.522499084472656,39.747501373291016,95042800
2017-09-15,37.23927688598633,39.970001220703125,40.24250030517578,39.5,39.61750030517578,196458400
2017-09-18,36.95745086669922,39.66749954223633,40.125,39.5,40.02750015258789,113077600
2017-09-19,36.971435546875,39.682498931884766,39.942501068115234,39.61000061035156,39.877498626708984,83242400
2017-09-20,36.35186767578125,39.01750183105469,39.564998626708984,38.45750045776367,39.474998474121094,211805600
2017-09-21,35.727630615234375,38.34749984741211,38.95000076293945,38.1875,38.95000076293945,150046800
2017-09-22,35.37826156616211,37.97249984741211,38.067501068115234,37.63999938964844,37.8849983215332,186581600
2017-09-25,35.06614303588867,37.63750076293945,37.95750045776367,37.290000915527344,37.497501373291016,177549200
2017-09-26,35.66941833496094,38.28499984741211,38.47999954223633,37.92250061035156,37.94499969482422,146640000
2017-09-27,35.923282623291016,38.557498931884766,38.68000030517578,38.3849983215332,38.45000076293945,102016800
2017-09-28,35.70201110839844,38.31999969482422,38.56999969482422,38.17499923706055,38.47249984741211,88022000
2017-09-29,35.89767074584961,38.529998779296875,38.532501220703125,38.0,38.3025016784668,105199200
2017-10-02,35.82544708251953,38.45249938964844,38.61249923706055,38.18000030517578,38.564998626708984,74795200
2017-10-03,35.98151397705078,38.619998931884766,38.772499084472656,38.477500915527344,38.502498626708984,64921200
2017-10-04,35.74860382080078,38.369998931884766,38.46500015258789,38.1150016784668,38.407501220703125,80655200
2017-10-05,36.1934700012207,38.84749984741211,38.86000061035156,38.51250076293945,38.54499816894531,85135200
2017-10-06,36.172508239746094,38.82500076293945,38.872501373291016,38.63999938964844,38.74250030517578,69630400
2017-10-09,36.298282623291016,38.959999084472656,39.182498931884766,38.872501373291016,38.95249938964844,65051600
2017-10-10,36.3122673034668,38.974998474121094,39.5,38.775001525878906,39.01499938964844,62468000
2017-10-11,36.46366500854492,39.13750076293945,39.244998931884766,38.9375,38.99250030517578,67622400
2017-10-12,36.3355598449707,39.0,39.342498779296875,38.932498931884766,39.087501525878906,64500400
2017-10-13,36.56614685058594,39.247501373291016,39.31999969482422,39.102500915527344,39.182498931884766,65576800
2017-10-16,37.23927688598633,39.970001220703125,40.0,39.412498474121094,39.474998474121094,96486000
2017-10-17,37.37671661376953,40.11750030517578,40.217498779296875,39.807498931884766,39.94499969482422,75989200
2017-10-18,37.211341857910156,39.939998626708984,40.1775016784668,39.900001525878906,40.10499954223633,65496800
2017-10-19,36.33089828491211,38.994998931884766,39.27000045776367,38.755001068115234,39.1875,170336800
2017-10-20,36.393795013427734,39.0625,39.4375,38.9900016784668,39.15250015258789,95896400
2017-10-23,36.37514877319336,39.04249954223633,39.42250061035156,38.875,39.22249984741211,87937200
2017-10-24,36.591758728027344,39.275001525878906,39.35499954223633,39.04999923706055,39.0724983215332,71028800
2017-10-25,36.431060791015625,39.102500915527344,39.38750076293945,38.817501068115234,39.227500915527344,84828400
2017-10-26,36.663963317871094,39.352500915527344,39.45750045776367,39.19499969482422,39.307498931884766,68002000
2017-10-27,37.977638244628906,40.76250076293945,40.900001525878906,39.67499923706055,39.8224983215332,177816800
2017-10-30,38.83246994018555,41.68000030517578,42.01750183105469,40.93000030517578,40.97249984741211,178803200
2017-10-31,39.372833251953125,42.2599983215332,42.412498474121094,41.73500061035156,41.974998474121094,144187200
2017-11-01,38.87205505371094,41.72249984741211,42.48500061035156,41.40250015258789,42.467498779296875,134551200
2017-11-02,39.15622329711914,42.02750015258789,42.125,41.31999969482422,41.650001525878906,165573600
2017-11-03,40.17874526977539,43.125,43.564998626708984,42.779998779296875,43.5,237594400
2017-11-06,40.58635330200195,43.5625,43.747501373291016,42.93000030517578,43.092498779296875,140105200
2017-11-07,40.71678924560547,43.70249938964844,43.8125,43.400001525878906,43.477500915527344,97446000
2017-11-08,41.04985809326172,44.060001373291016,44.060001373291016,43.58250045776367,43.665000915527344,97638000
2017-11-09,40.96601486206055,43.970001220703125,44.025001525878906,43.28499984741211,43.77750015258789,117930400
2017-11-10,40.8304443359375,43.66749954223633,43.845001220703125,43.567501068115234,43.77750015258789,100582000
2017-11-13,40.666805267333984,43.49250030517578,43.625,43.349998474121094,43.375,67928400
2017-11-14,40.05201721191406,42.834999084472656,43.369998931884766,42.79499816894531,43.2599983215332,99130000
2017-11-15,39.52373123168945,42.27000045776367,42.58000183105469,42.095001220703125,42.49250030517578,116632400
2017-11-16,39.995906829833984,42.775001525878906,42.967498779296875,42.57500076293945,42.79499816894531,94550000
2017-11-17,39.773841857910156,42.537498474121094,42.84749984741211,42.40999984741211,42.7599983215332,87598000
2017-11-20,39.734107971191406,42.494998931884766,42.63999938964844,42.38999938964844,42.5724983215332,65049600
2017-11-21,40.47278594970703,43.28499984741211,43.42499923706055,42.69499969482422,42.69499969482422,100525200
2017-11-22,40.898223876953125,43.7400016784668,43.75,43.26250076293945,43.34000015258789,102355600
2017-11-24,40.900569915771484,43.74250030517578,43.875,43.662498474121094,43.775001525878906,56106800
2017-11-27,40.694862365722656,43.522499084472656,43.77000045776367,43.334999084472656,43.76250076293945,82867200
2017-11-28,40.456417083740234,43.26750183105469,43.717498779296875,42.96500015258789,43.57500076293945,105715200
2017-11-29,39.61723327636719,42.369998931884766,43.22999954223633,41.790000915527344,43.157501220703125,166665600
2017-11-30,40.17123031616211,42.962501525878906,43.03499984741211,42.11000061035156,42.60749816894531,166108800
2017-12-01,39.984222412109375,42.76250076293945,42.91749954223633,42.125,42.48749923706055,159037200
2017-12-04,39.69203567504883,42.45000076293945,43.154998779296875,42.407501220703125,43.119998931884766,130169600
2017-12-05,39.65462875366211,42.40999984741211,42.880001068115234,42.099998474121094,42.26499938964844,109400800
2017-12-06,39.50735855102539,42.252498626708984,42.54999923706055,41.6150016784668,41.875,114240000
2017-12-07,39.579833984375,42.33000183105469,42.61000061035156,42.227500915527344,42.25749969482422,102693200
2017-12-08,39.59151840209961,42.342498779296875,42.75,42.20500183105469,42.622501373291016,93420800
2017-12-11,40.3629035949707,43.16749954223633,43.22249984741211,42.1974983215332,42.29999923706055,141095200
2017-12-12,40.13618087768555,42.92499923706055,43.09749984741211,42.8650016784668,43.037498474121094,77636800
2017-12-13,40.269412994384766,43.067501068115234,43.3849983215332,43.0,43.125,95273600
2017-12-14,40.257728576660156,43.05500030517578,43.282501220703125,42.912498474121094,43.099998474121094,81906000
2017-12-15,40.666805267333984,43.49250030517578,43.54249954223633,43.1150016784668,43.407501220703125,160677200
2017-12-18,41.239505767822266,44.10499954223633,44.29999923706055,43.71500015258789,43.720001220703125,117684400
2017-12-19,40.80004119873047,43.6349983215332,43.84749984741211,43.522499084472656,43.75749969482422,109745600
2017-12-20,40.7556266784668,43.587501525878906,43.85499954223633,43.3125,43.717498779296875,93902400
2017-12-21,40.90990447998047,43.752498626708984,44.005001068115234,43.525001525878906,43.54249954223633,83799600
2017-12-22,40.90990447998047,43.752498626708984,43.85499954223633,43.625,43.66999816894531,65397600
2017-12-26,39.87202835083008,42.64250183105469,42.86750030517578,42.41999816894531,42.70000076293945,132742000
2017-12-27,39.87903594970703,42.650001525878906,42.69499969482422,42.4275016784668,42.525001525878906,85992800
2017-12-28,39.991249084472656,42.77000045776367,42.962501525878906,42.619998931884766,42.75,65920800
2017-12-29,39.55879592895508,42.307498931884766,42.647499084472656,42.30500030517578,42.630001068115234,103999600
2018-01-02,40.2670783996582,43.064998626708984,43.07500076293945,42.314998626708984,42.540000915527344,102223600
2018-01-03,40.26005935668945,43.057498931884766,43.63750076293945,42.9900016784668,43.13249969482422,118071600
2018-01-04,40.44707489013672,43.25749969482422,43.36750030517578,43.02000045776367,43.1349983215332,89738400
2018-01-05,40.90756607055664,43.75,43.842498779296875,43.26250076293945,43.36000061035156,94640000
2018-01-08,40.7556266784668,43.587501525878906,43.90250015258789,43.48249816894531,43.587501525878906,82271200
2018-01-09,40.75096130371094,43.58250045776367,43.76499938964844,43.352500915527344,43.63750076293945,86336000
2018-01-10,40.741600036621094,43.5724983215332,43.57500076293945,43.25,43.290000915527344,95839600
2018-01-11,40.9730224609375,43.81999969482422,43.872501373291016,43.622501373291016,43.647499084472656,74670800
2018-01-12,41.396121978759766,44.272499084472656,44.34000015258789,43.912498474121094,44.04499816894531,101672400
2018-01-16,41.18574523925781,44.04750061035156,44.84749984741211,44.03499984741211,44.474998474121094,118263600
2018-01-17,41.865989685058594,44.775001525878906,44.8125,43.76750183105469,44.037498474121094,137547200
2018-01-18,41.90338897705078,44.814998626708984,45.025001525878906,44.5625,44.842498779296875,124773600
2018-01-19,41.716365814208984,44.6150016784668,44.89500045776367,44.352500915527344,44.65250015258789,129700400
2018-01-22,41.375083923339844,44.25,44.44499969482422,44.150001525878906,44.32500076293945,108434400
2018-01-23,41.38444900512695,44.2599983215332,44.86000061035156,44.20500183105469,44.32500076293945,130756400
2018-01-24,40.72524642944336,43.55500030517578,44.32500076293945,43.29999923706055,44.3125,204420400
2018-01-25,39.998252868652344,42.77750015258789,43.73749923706055,42.63249969482422,43.627498626708984,166116000
2018-01-26,40.091758728027344,42.877498626708984,43.0,42.51499938964844,43.0,156572000
2018-01-29,39.261924743652344,41.9900016784668,42.540000915527344,41.76750183105469,42.540000915527344,202561600
2018-01-30,39.03049850463867,41.74250030517578,41.842498779296875,41.17499923706055,41.38249969482422,184192800
2018-01-31,39.13802719116211,41.85749816894531,42.11000061035156,41.625,41.717498779296875,129915600
2018-02-01,39.21983337402344,41.94499969482422,42.154998779296875,41.689998626708984,41.79249954223633,188923200
2018-02-02,37.518089294433594,40.125,41.70000076293945,40.025001525878906,41.5,346375200
2018-02-05,36.580718994140625,39.122501373291016,40.970001220703125,39.0,39.775001525878906,290954000
2018-02-06,38.10948944091797,40.75749969482422,40.93000030517578,38.5,38.70750045776367,272975200
2018-02-07,37.29367446899414,39.8849983215332,40.849998474121094,39.76750183105469,40.772499084472656,206434400
2018-02-08,36.26749038696289,38.787498474121094,40.25,38.75749969482422,40.0724983215332,217562000
2018-02-09,36.71109390258789,39.102500915527344,39.47249984741211,37.560001373291016,39.26750183105469,282690400
2018-02-12,38.18976593017578,40.6775016784668,40.97249984741211,39.377498626708984,39.625,243278000
2018-02-13,38.57233428955078,41.084999084472656,41.1875,40.412498474121094,40.48749923706055,130196800
2018-02-14,39.283512115478516,41.842498779296875,41.8849983215332,40.720001220703125,40.7599983215332,162579600
2018-02-15,40.60259246826172,43.247501373291016,43.272499084472656,42.25,42.4474983215332,204588800
2018-02-16,40.47113800048828,43.10749816894531,43.70500183105469,42.942501068115234,43.09000015258789,160704400
2018-02-20,40.335025787353516,42.962501525878906,43.564998626708984,42.85499954223633,43.01250076293945,135722000
2018-02-21,40.151939392089844,42.76750183105469,43.529998779296875,42.752498626708984,43.20750045776367,149886400
2018-02-22,40.48758316040039,43.125,43.48749923706055,42.9275016784668,42.95000076293945,123967600
2018-02-23,41.19171905517578,43.875,43.912498474121094,43.3849983215332,43.41749954223633,135249600
2018-02-26,42.00615310668945,44.74250030517578,44.84749984741211,44.0525016784668,44.087501525878906,152648800
2018-02-27,41.87002182006836,44.59749984741211,45.119998931884766,44.540000915527344,44.775001525878906,155712400
2018-02-28,41.80664825439453,44.529998779296875,45.154998779296875,44.51250076293945,44.814998626708984,151128400
2018-03-01,41.0743522644043,43.75,44.94499969482422,43.165000915527344,44.6349983215332,195208000
2018-03-02,41.35835647583008,44.0525016784668,44.07500076293945,43.11249923706055,43.20000076293945,153816000
2018-03-05,41.50153350830078,44.20500183105469,44.435001373291016,43.630001068115234,43.8025016784668,113605600
2018-03-06,41.4663200378418,44.16749954223633,44.5625,44.032501220703125,44.477500915527344,95154000
2018-03-07,41.081398010253906,43.75749969482422,43.962501525878906,43.567501068115234,43.73500061035156,126814000
2018-03-08,41.52968978881836,44.23500061035156,44.279998779296875,43.76750183105469,43.869998931884766,95096400
2018-03-09,42.243221282958984,44.994998931884766,45.0,44.34749984741211,44.4900016784668,128740800
2018-03-12,42.651611328125,45.43000030517578,45.59749984741211,45.0525016784668,45.0724983215332,128828400
2018-03-13,42.240875244140625,44.99250030517578,45.875,44.810001373291016,45.647499084472656,126774000
2018-03-14,41.88176345825195,44.61000061035156,45.130001068115234,44.45249938964844,45.08000183105469,117473600
2018-03-15,41.931053161621094,44.662498474121094,45.060001373291016,44.51750183105469,44.625,90975200
2018-03-16,41.78317642211914,44.505001068115234,44.779998779296875,44.404998779296875,44.662498474121094,157618800
2018-03-19,41.144771575927734,43.82500076293945,44.36750030517578,43.415000915527344,44.33000183105469,133787200
2018-03-20,41.13068771362305,43.810001373291016,44.20000076293945,43.73500061035156,43.810001373291016,78597600
2018-03-21,40.198883056640625,42.817501068115234,43.772499084472656,42.814998626708984,43.7599983215332,148219600
2018-03-22,39.630882263183594,42.212501525878906,43.16999816894531,42.150001525878906,42.5,165963200
2018-03-23,38.71317672729492,41.23500061035156,42.47999954223633,41.23500061035156,42.09749984741211,164115200
2018-03-26,40.55094528198242,43.192501068115234,43.275001525878906,41.61000061035156,42.01750183105469,150164800
2018-03-27,39.51118469238281,42.084999084472656,43.787498474121094,41.72999954223633,43.41999816894531,163690400
2018-03-28,39.07461929321289,41.619998931884766,42.505001068115234,41.29750061035156,41.8125,166674000
2018-03-29,39.37974548339844,41.94499969482422,42.9375,41.724998474121094,41.95249938964844,153594000
2018-04-02,39.12156295776367,41.66999816894531,42.23500061035156,41.11750030517578,41.65999984741211,150347200
2018-04-03,39.522926330566406,42.09749984741211,42.1875,41.220001220703125,41.90999984741211,121112000
2018-04-04,40.27867889404297,42.90250015258789,43.002498626708984,41.192501068115234,41.220001220703125,138422000
2018-04-05,40.558006286621094,43.20000076293945,43.557498931884766,43.02000045776367,43.14500045776367,107732800
2018-04-06,39.52058410644531,42.095001220703125,43.119998931884766,42.04999923706055,42.74250030517578,140021200
2018-04-09,39.91254425048828,42.51250076293945,43.272499084472656,42.462501525878906,42.470001220703125,116070800
2018-04-10,40.663612365722656,43.3125,43.5,42.88249969482422,43.25,113634400
2018-04-11,40.4734992980957,43.11000061035156,43.47999954223633,42.92499923706055,43.057498931884766,89726400
2018-04-12,40.87250900268555,43.53499984741211,43.75,43.2599983215332,43.352500915527344,91557200
2018-04-13,41.010990142822266,43.682498931884766,43.959999084472656,43.462501525878906,43.69499969482422,100497200
2018-04-16,41.266815185546875,43.95500183105469,44.04750061035156,43.70750045776367,43.75749969482422,86313600
2018-04-17,41.83482360839844,44.560001373291016,44.73500061035156,44.102500915527344,44.122501373291016,106421600
2018-04-18,41.74093246459961,44.459999084472656,44.70500183105469,44.220001220703125,44.45249938964844,83018000
2018-04-19,40.558006286621094,43.20000076293945,43.84749984741211,43.165000915527344,43.439998626708984,139235200
2018-04-20,38.89625930786133,41.43000030517578,42.80500030517578,41.35749816894531,42.650001525878906,261964400
2018-04-23,38.7835807800293,41.310001373291016,41.72999954223633,41.022499084472656,41.70750045776367,146062000
2018-04-24,38.24374771118164,40.73500061035156,41.58250045776367,40.30500030517578,41.41749954223633,134768000
2018-04-25,38.41039276123047,40.912498474121094,41.35499954223633,40.602500915527344,40.654998779296875,113528400
2018-04-26,38.54418182373047,41.05500030517578,41.432498931884766,40.842498779296875,41.029998779296875,111852000
2018-04-27,38.098228454589844,40.58000183105469,41.08250045776367,40.157501220703125,41.0,142623200
2018-04-30,38.78826904296875,41.314998626708984,41.814998626708984,40.459999084472656,40.532501220703125,169709600
2018-05-01,39.6895637512207,42.275001525878906,42.29999923706055,41.317501068115234,41.602500915527344,214277600
2018-05-02,41.44284439086914,44.14250183105469,44.4375,43.45000076293945,43.807498931884766,266157600
2018-05-03,41.51795959472656,44.22249984741211,44.375,43.61000061035156,43.970001220703125,136272800
2018-05-04,43.14685821533203,45.95750045776367,46.0625,44.54249954223633,44.5625,224805200
2018-05-07,43.45901870727539,46.290000915527344,46.91749954223633,46.1875,46.29499816894531,169805600
2018-05-08,43.66790771484375,46.51250076293945,46.55500030517578,45.91749954223633,46.247501373291016,113611200
2018-05-09,43.975379943847656,46.84000015258789,46.849998474121094,46.30500030517578,46.63750076293945,92844800
2018-05-10,44.60440444946289,47.5099983215332,47.592498779296875,46.912498474121094,46.935001373291016,111957200
2018-05-11,44.434749603271484,47.147499084472656,47.51499938964844,46.86249923706055,47.372501373291016,104848800
2018-05-14,44.33108901977539,47.037498474121094,47.38249969482422,46.96500015258789,47.252498626708984,83115200
2018-05-15,43.928184509277344,46.61000061035156,46.76750183105469,46.275001525878906,46.69499969482422,94780800
2018-05-16,44.338157653808594,47.04499816894531,47.1150016784668,46.5,46.51750183105469,76732400
2018-05-17,44.057777404785156,46.747501373291016,47.227500915527344,46.59000015258789,47.0,69176000
2018-05-18,43.897552490234375,46.57749938964844,46.95249938964844,46.532501220703125,46.79750061035156,73190800
2018-05-21,44.20856857299805,46.907501220703125,47.317501068115234,46.727500915527344,47.0,73603200
2018-05-22,44.09782409667969,46.790000915527344,47.220001220703125,46.69499969482422,47.095001220703125,60962800
2018-05-23,44.38057327270508,47.09000015258789,47.125,46.439998626708984,46.587501525878906,80233600
2018-05-24,44.33108901977539,47.037498474121094,47.209999084472656,46.5525016784668,47.192501068115234,92936000
2018-05-25,44.432403564453125,47.14500045776367,47.412498474121094,46.912498474121094,47.057498931884766,69844000
2018-05-29,44.27219009399414,46.974998474121094,47.1875,46.717498779296875,46.900001525878906,90056400
2018-05-30,44.177940368652344,46.875,47.0,46.69499969482422,46.93000030517578,74762000
2018-05-31,44.02949523925781,46.717498779296875,47.057498931884766,46.53499984741211,46.80500030517578,109931200
2018-06-01,44.82352828979492,47.560001373291016,47.564998626708984,46.9375,46.997501373291016,93770000
2018-06-04,45.19816207885742,47.95750045776367,48.35499954223633,47.837501525878906,47.90999984741211,105064800
2018-06-05,45.546871185302734,48.32749938964844,48.48500061035156,48.09000015258789,48.26750183105469,86264000
2018-06-06,45.70471954345703,48.494998931884766,48.52000045776367,47.97999954223633,48.407501220703125,83734400
2018-06-07,45.582210540771484,48.3650016784668,48.54999923706055,48.084999084472656,48.53499984741211,85388800
2018-06-08,45.16752243041992,47.92499923706055,48.0,47.442501068115234,47.79249954223633,106627200
2018-06-11,45.05678939819336,47.807498931884766,47.99250030517578,47.5525016784668,47.837501525878906,73234000
2018-06-12,45.3041877746582,48.06999969482422,48.15250015258789,47.787498474121094,47.84749984741211,67644400
2018-06-13,44.931907653808594,47.67499923706055,48.220001220703125,47.61000061035156,48.10499954223633,86553600
2018-06-14,44.95547866821289,47.70000076293945,47.89250183105469,47.55500030517578,47.88750076293945,86440400
2018-06-15,44.4936637878418,47.209999084472656,47.540000915527344,47.064998626708984,47.50749969482422,246876800
2018-06-18,44.47010040283203,47.185001373291016,47.30500030517578,46.79999923706055,46.970001220703125,73939600
2018-06-19,43.75147247314453,46.42250061035156,46.58250045776367,45.86249923706055,46.28499984741211,134314000
2018-06-20,43.94232177734375,46.625,46.79999923706055,46.432498931884766,46.587501525878906,82514800
2018-06-21,43.69729232788086,46.3650016784668,47.087501525878906,46.23500061035156,46.8125,102847600
2018-06-22,43.57006072998047,46.22999954223633,46.537498474121094,46.17499923706055,46.529998779296875,108801600
2018-06-25,42.92210388183594,45.54249954223633,46.22999954223633,45.182498931884766,45.849998474121094,126652400
2018-06-26,43.4546012878418,46.10749816894531,46.63249969482422,45.6349983215332,45.747501373291016,98276800
2018-06-27,43.3909912109375,46.040000915527344,46.81999969482422,46.00749969482422,46.307498931884766,101141200
2018-06-28,43.70671081542969,46.375,46.5525016784668,45.95000076293945,46.025001525878906,69460800
2018-06-29,43.61481475830078,46.27750015258789,46.79750061035156,45.727500915527344,46.5724983215332,90950800
2018-07-02,44.10254669189453,46.79499816894531,46.82500076293945,45.85499954223633,45.95500183105469,70925200
2018-07-03,43.334442138671875,45.97999954223633,46.98749923706055,45.8849983215332,46.9474983215332,55819200
2018-07-05,43.68315505981445,46.349998474121094,46.602500915527344,46.06999969482422,46.314998626708984,66416800
2018-07-06,44.28867721557617,46.99250030517578,47.10749816894531,46.29999923706055,46.35499954223633,69940800
2018-07-09,44.90364074707031,47.64500045776367,47.66999816894531,47.32500076293945,47.375,79026400
2018-07-10,44.849449157714844,47.587501525878906,47.81999969482422,47.54499816894531,47.6775016784668,63756400
2018-07-11,44.26747512817383,46.970001220703125,47.44499969482422,46.90250015258789,47.125,75326000
2018-07-12,45.009666442871094,47.75749969482422,47.852500915527344,47.32749938964844,47.38249969482422,72164400
2018-07-13,45.080352783203125,47.83250045776367,47.959999084472656,47.724998474121094,47.77000045776367,50055600
2018-07-16,44.98138427734375,47.727500915527344,48.162498474121094,47.60499954223633,47.880001068115234,60172400
2018-07-17,45.10862350463867,47.86249923706055,47.967498779296875,47.29999923706055,47.4375,62138000
2018-07-18,44.86122512817383,47.599998474121094,47.95000076293945,47.48249816894531,47.94499969482422,65573600
2018-07-19,45.209938049316406,47.970001220703125,48.13750076293945,47.42250061035156,47.42250061035156,81147200
2018-07-20,45.10626220703125,47.86000061035156,48.10749816894531,47.54249954223633,47.94499969482422,82704800
2018-07-23,45.14632034301758,47.90250015258789,47.9900016784668,47.38999938964844,47.66999816894531,63957600
2018-07-24,45.473819732666016,48.25,48.415000915527344,48.01250076293945,48.11249923706055,74791600
2018-07-25,45.902652740478516,48.70500183105469,48.712501525878906,48.10749816894531,48.26499938964844,66839600
2018-07-26,45.75892639160156,48.5525016784668,48.9900016784668,48.40250015258789,48.65250015258789,76304000
2018-07-27,44.997894287109375,47.744998931884766,48.79750061035156,47.525001525878906,48.747501373291016,96096000
2018-07-30,44.745784759521484,47.477500915527344,48.04999923706055,47.26750183105469,47.974998474121094,84118000
2018-07-31,44.83530807495117,47.5724983215332,48.03499984741211,47.334999084472656,47.57500076293945,157492000
2018-08-01,47.476558685302734,50.375,50.439998626708984,49.32749938964844,49.782501220703125,271742800
2018-08-02,48.86433410644531,51.84749984741211,52.095001220703125,50.087501525878906,50.14500045776367,249616000
2018-08-03,49.00570297241211,51.997501373291016,52.185001373291016,51.369998931884766,51.75749969482422,133789600
2018-08-06,49.260169982910156,52.26750183105469,52.3125,51.76750183105469,52.0,101701600
2018-08-07,48.79835510253906,51.77750015258789,52.375,51.689998626708984,52.33000183105469,102349600
2018-08-08,48.83134841918945,51.8125,51.95249938964844,51.130001068115234,51.51250076293945,90102000
2018-08-09,49.21540451049805,52.220001220703125,52.44499969482422,51.79999923706055,52.38249969482422,93970400
2018-08-10,49.06880187988281,51.88249969482422,52.275001525878906,51.66749954223633,51.84000015258789,98444800
2018-08-13,49.385650634765625,52.217498779296875,52.73749923706055,51.92499923706055,52.32749938964844,103563600
2018-08-14,49.59370803833008,52.4375,52.63999938964844,52.064998626708984,52.540000915527344,82992000
2018-08-15,49.709564208984375,52.560001373291016,52.685001373291016,52.08250045776367,52.30500030517578,115230400
2018-08-16,50.437801361083984,53.33000183105469,53.45249938964844,52.86750030517578,52.9375,114001600
2018-08-17,51.4450569152832,54.39500045776367,54.48749923706055,53.290000915527344,53.36000061035156,141708000
2018-08-20,50.94381332397461,53.8650016784668,54.79499816894531,53.77750015258789,54.525001525878906,121150800
2018-08-21,50.8444938659668,53.7599983215332,54.29750061035156,53.50749969482422,54.20000076293945,104639200
2018-08-22,50.84685134887695,53.76250076293945,54.09000015258789,53.459999084472656,53.525001525878906,76072400
2018-08-23,50.950889587402344,53.872501373291016,54.26250076293945,53.650001525878906,53.662498474121094,75532800
2018-08-24,51.10929489135742,54.040000915527344,54.224998474121094,53.77750015258789,54.150001525878906,73905600
2018-08-27,51.53017044067383,54.48500061035156,54.685001373291016,54.08250045776367,54.287498474121094,82100400
2018-08-28,51.94631576538086,54.92499923706055,55.1349983215332,54.72999954223633,54.752498626708984,91107200
2018-08-29,52.72184753417969,55.744998931884766,55.872501373291016,54.852500915527344,55.037498474121094,109019200
2018-08-30,53.206539154052734,56.25749969482422,57.064998626708984,55.599998474121094,55.8125,195175200
2018-08-31,53.82129669189453,56.907501220703125,57.217498779296875,56.5,56.627498626708984,173360400
2018-09-04,53.993896484375,57.09000015258789,57.29499816894531,56.657501220703125,57.102500915527344,109560400
2018-09-05,53.64159393310547,56.717498779296875,57.41749954223633,56.275001525878906,57.247501373291016,133332000
2018-09-06,52.75020217895508,55.775001525878906,56.837501525878906,55.32500076293945,56.557498931884766,137160000
2018-09-07,52.324615478515625,55.32500076293945,56.342498779296875,55.1775016784668,55.462501525878906,150479200
2018-09-10,51.62238693237305,54.58250045776367,55.462501525878906,54.11750030517578,55.23749923706055,158066000
2018-09-11,52.92754364013672,55.962501525878906,56.07500076293945,54.13999938964844,54.502498626708984,142996000
2018-09-12,52.27023696899414,55.26750183105469,56.25,54.959999084472656,56.23500061035156,197114800
2018-09-13,53.5328369140625,56.602500915527344,57.087501525878906,55.64250183105469,55.880001068115234,166825600
2018-09-14,52.92518615722656,55.959999084472656,56.709999084472656,55.630001068115234,56.4375,127997200
2018-09-17,51.5159912109375,54.470001220703125,55.73749923706055,54.317501068115234,55.537498474121094,148780400
2018-09-18,51.60110855102539,54.560001373291016,55.462501525878906,54.279998779296875,54.4474983215332,126286800
2018-09-19,51.6318473815918,54.592498779296875,54.904998779296875,53.82500076293945,54.625,108495200
2018-09-20,52.02433776855469,55.00749969482422,55.56999969482422,54.787498474121094,55.060001373291016,106435200
2018-09-21,51.4639778137207,54.415000915527344,55.34000015258789,54.3224983215332,55.19499969482422,384986800
2018-09-24,52.204036712646484,55.1974983215332,55.314998626708984,54.157501220703125,54.20500183105469,110773600
2018-09-25,52.53504943847656,55.54750061035156,55.70500183105469,54.92499923706055,54.9375,98217600
2018-09-26,52.11655044555664,55.10499954223633,55.9375,54.939998626708984,55.25,95938800
2018-09-27,53.187625885009766,56.23749923706055,56.61000061035156,55.8849983215332,55.95500183105469,120724800
2018-09-28,53.374427795410156,56.435001373291016,56.459999084472656,56.005001068115234,56.1974983215332,91717600
2018-10-01,53.73381423950195,56.814998626708984,57.35499954223633,56.587501525878906,56.98749923706055,94403200
2018-10-02,54.211429595947266,57.31999969482422,57.5,56.657501220703125,56.8125,99152800
2018-10-03,54.871097564697266,58.01750183105469,58.36750030517578,57.44499969482422,57.51250076293945,114619200
2018-10-04,53.90641784667969,56.997501373291016,58.087501525878906,56.682498931884766,57.69499969482422,128168000
2018-10-05,53.031585693359375,56.0724983215332,57.102500915527344,55.14500045776367,56.9900016784668,134322000
2018-10-08,52.908626556396484,55.942501068115234,56.20000076293945,55.04999923706055,55.5525016784668,118655600
2018-10-09,53.64159393310547,56.717498779296875,56.817501068115234,55.5625,55.90999984741211,107564000
2018-10-10,51.156593322753906,54.09000015258789,56.587501525878906,54.01250076293945,56.3650016784668,167962400
2018-10-11,50.70497512817383,53.61249923706055,54.875,53.08000183105469,53.630001068115234,212497600
2018-10-12,52.51613235473633,55.52750015258789,55.720001220703125,54.209999084472656,55.10499954223633,161351600
2018-10-15,51.393035888671875,54.34000015258789,55.45750045776367,54.317501068115234,55.290000915527344,123164000
2018-10-16,52.52559280395508,55.537498474121094,55.747501373291016,54.189998626708984,54.73249816894531,116736000
2018-10-17,52.298606872558594,55.29750061035156,55.65999984741211,54.834999084472656,55.57500076293945,91541600
2018-10-18,51.07620620727539,54.005001068115234,54.935001373291016,53.25,54.46500015258789,130325200
2018-10-19,51.854103088378906,54.82749938964844,55.314998626708984,54.35749816894531,54.51499938964844,132314800
2018-10-22,52.17092514038086,55.162498474121094,55.84000015258789,54.73500061035156,54.9474983215332,115168400
2018-10-23,52.662723541259766,55.682498931884766,55.8125,53.67499923706055,53.95750045776367,155071200
2018-10-24,50.85630416870117,53.772499084472656,56.057498931884766,53.6349983215332,55.650001525878906,163702000
2018-10-25,51.96995162963867,54.95000076293945,55.345001220703125,54.1875,54.4275016784668,119423200
2018-10-26,51.14240264892578,54.07500076293945,55.04750061035156,53.16749954223633,53.974998474121094,189033600
2018-10-29,50.18244934082031,53.060001373291016,54.92250061035156,51.522499084472656,54.79750061035156,183742000
2018-10-30,50.433082580566406,53.32500076293945,53.79499816894531,52.317501068115234,52.787498474121094,146640000
2018-10-31,51.74769973754883,54.71500015258789,55.11249923706055,54.154998779296875,54.220001220703125,153435600
2018-11-01,52.54214859008789,55.55500030517578,55.59000015258789,54.20249938964844,54.76250076293945,233292800
2018-11-02,49.05699920654297,51.869998931884766,53.412498474121094,51.35749816894531,52.38750076293945,365314800
2018-11-05,47.66435623168945,50.397499084472656,51.09749984741211,49.54249954223633,51.07500076293945,264654800
2018-11-06,48.17979431152344,50.942501068115234,51.18000030517578,50.42250061035156,50.47999954223633,127531600
2018-11-07,49.640995025634766,52.48749923706055,52.51499938964844,51.032501220703125,51.49250030517578,133697600
2018-11-08,49.467803955078125,52.122501373291016,52.529998779296875,51.6875,52.494998931884766,101450400
2018-11-09,48.513973236083984,51.11750030517578,51.502498626708984,50.5625,51.38750076293945,137463200
2018-11-12,46.07013702392578,48.54249954223633,49.962501525878906,48.4474983215332,49.75,204542000
2018-11-13,45.609825134277344,48.057498931884766,49.29499816894531,47.86249923706055,47.907501220703125,187531600
2018-11-14,44.32147979736328,46.70000076293945,48.619998931884766,46.48249816894531,48.474998474121094,243204000
2018-11-15,45.415279388427734,47.852500915527344,47.99250030517578,46.724998474121094,47.09749984741211,185915200
2018-11-16,45.91828536987305,48.38249969482422,48.74250030517578,47.3650016784668,47.625,147713200
2018-11-19,44.098445892333984,46.46500015258789,47.67499923706055,46.247501373291016,47.5,167701200
2018-11-20,41.991512298583984,44.244998931884766,45.36750030517578,43.877498626708984,44.592498779296875,271300800
2018-11-21,41.944061279296875,44.19499969482422,45.067501068115234,44.13750076293945,44.932498931884766,124496800
2018-11-23,40.87873077392578,43.0724983215332,44.150001525878906,43.025001525878906,43.73500061035156,94496000
2018-11-26,41.431556701660156,43.654998779296875,43.73749923706055,42.564998626708984,43.560001373291016,179994000
2018-11-27,41.34138870239258,43.560001373291016,43.692501068115234,42.720001220703125,42.877498626708984,165549600
2018-11-28,42.931087493896484,45.23500061035156,45.3224983215332,43.73249816894531,44.182498931884766,184250000
2018-11-29,42.60128402709961,44.88750076293945,45.70000076293945,44.42499923706055,45.665000915527344,167080000
2018-11-30,42.37114334106445,44.64500045776367,45.08250045776367,44.25749969482422,45.0724983215332,158126000
2018-12-03,43.851680755615234,46.20500183105469,46.23500061035156,45.3025016784668,46.1150016784668,163210000
2018-12-04,41.9227294921875,44.17250061035156,45.59749984741211,44.067501068115234,45.23749923706055,165377200
2018-12-06,41.45529556274414,43.68000030517578,43.69499969482422,42.60499954223633,42.939998626708984,172393600
2018-12-07,39.97711944580078,42.122501373291016,43.622501373291016,42.07500076293945,43.372501373291016,169126400
2018-12-10,40.2404899597168,42.400001525878906,42.522499084472656,40.83250045776367,41.25,248104000
2018-12-11,40.01033020019531,42.157501220703125,42.9474983215332,41.75,42.915000915527344,189126800
2018-12-12,40.12185287475586,42.275001525878906,42.97999954223633,42.255001068115234,42.599998474121094,142510800
2018-12-13,40.560791015625,42.73749923706055,43.14250183105469,42.38750076293945,42.622501373291016,127594400
2018-12-14,39.262935638427734,41.369998931884766,42.27000045776367,41.31999969482422,42.25,162814800
2018-12-17,38.89755630493164,40.98500061035156,42.087501525878906,40.682498931884766,41.36249923706055,177151600
2018-12-18,39.40293884277344,41.51750183105469,41.88249969482422,41.09749984741211,41.345001220703125,135366000
2018-12-19,38.173892974853516,40.22249984741211,41.86249923706055,39.772499084472656,41.5,196189200
2018-12-20,37.21059036254883,39.20750045776367,40.52750015258789,38.82500076293945,40.099998474121094,259092000
2018-12-21,35.76325225830078,37.682498931884766,39.540000915527344,37.407501220703125,39.21500015258789,382978400
2018-12-24,34.837913513183594,36.70750045776367,37.88750076293945,36.647499084472656,37.037498474121094,148676800
2018-12-26,37.291255950927734,39.29249954223633,39.307498931884766,36.68000030517578,37.07500076293945,234330000
2018-12-27,37.04924392700195,39.037498474121094,39.192501068115234,37.51750183105469,38.959999084472656,212468400
2018-12-28,37.06821823120117,39.057498931884766,39.630001068115234,38.63750076293945,39.375,169165600
2018-12-31,37.426490783691406,39.435001373291016,39.84000015258789,39.119998931884766,39.63249969482422,140014000
2019-01-02,37.469200134277344,39.47999954223633,39.712501525878906,38.557498931884766,38.72249984741211,148158800
2019-01-03,33.73699951171875,35.54750061035156,36.43000030517578,35.5,35.994998931884766,365248800
2019-01-04,35.177207946777344,37.064998626708984,37.13750076293945,35.95000076293945,36.13249969482422,234428400
2019-01-07,35.09891128540039,36.98249816894531,37.20750045776367,36.474998474121094,37.17499923706055,219111200
2019-01-08,35.76799392700195,37.6875,37.95500183105469,37.130001068115234,37.38999938964844,164101200
2019-01-09,36.375404357910156,38.32749938964844,38.63249969482422,37.407501220703125,37.8224983215332,180396400
2019-01-10,36.491668701171875,38.45000076293945,38.49250030517578,37.71500015258789,38.125,143122800
2019-01-11,36.133392333984375,38.0724983215332,38.42499923706055,37.877498626708984,38.220001220703125,108092800
2019-01-14,35.59005355834961,37.5,37.817501068115234,37.30500030517578,37.712501525878906,129756800
2019-01-15,36.318450927734375,38.26750183105469,38.34749984741211,37.51250076293945,37.567501068115234,114843600
2019-01-16,36.76214599609375,38.73500061035156,38.970001220703125,38.25,38.27000045776367,122278800
2019-01-17,36.98043441772461,38.96500015258789,39.415000915527344,38.314998626708984,38.54999923706055,119284800
2019-01-18,37.20821762084961,39.20500183105469,39.470001220703125,38.994998931884766,39.375,135004000
2019-01-22,36.3730354309082,38.32500076293945,39.182498931884766,38.154998779296875,39.102500915527344,121576000
2019-01-23,36.5201416015625,38.47999954223633,38.78499984741211,37.92499923706055,38.537498474121094,92522400
2019-01-24,36.23067092895508,38.17499923706055,38.619998931884766,37.935001373291016,38.52750015258789,101766000
2019-01-25,37.43123245239258,39.439998626708984,39.532501220703125,38.58000183105469,38.869998931884766,134142000
2019-01-28,37.084842681884766,39.07500076293945,39.08250045776367,38.415000915527344,38.9474983215332,104768400
2019-01-29,36.700462341308594,38.66999816894531,39.532501220703125,38.52750015258789,39.0625,166348800
2019-01-30,39.2083740234375,41.3125,41.537498474121094,40.057498931884766,40.8125,244439200
2019-01-31,39.490718841552734,41.61000061035156,42.25,41.13999938964844,41.52750015258789,162958400
2019-02-01,39.509708404541016,41.630001068115234,42.244998931884766,41.48249816894531,41.7400016784668,130672400
2019-02-04,40.63197326660156,42.8125,42.915000915527344,41.81999969482422,41.852500915527344,125982000
2019-02-05,41.3271598815918,43.54499816894531,43.77000045776367,43.087501525878906,43.21500015258789,144406400
2019-02-06,41.34138870239258,43.560001373291016,43.89250183105469,43.212501525878906,43.662498474121094,112958400
2019-02-07,40.55842971801758,42.73500061035156,43.48500061035156,42.584999084472656,43.099998474121094,126966800
2019-02-08,40.6060905456543,42.602500915527344,42.665000915527344,42.10499954223633,42.247501373291016,95280000
2019-02-11,40.372554779052734,42.35749816894531,42.8025016784668,42.3125,42.76250076293945,83973600
2019-02-12,40.720455169677734,42.72249984741211,42.75,42.42499923706055,42.525001525878906,89134000
2019-02-13,40.551265716552734,42.54499816894531,43.119998931884766,42.47999954223633,42.84749984741211,89960800
2019-02-14,40.699005126953125,42.70000076293945,42.814998626708984,42.345001220703125,42.4275016784668,87342800
2019-02-15,40.608455657958984,42.60499954223633,42.92499923706055,42.4375,42.8125,98507200
2019-02-19,40.72998809814453,42.73249816894531,42.86000061035156,42.372501373291016,42.4275016784668,75891200
2019-02-20,40.992095947265625,43.00749969482422,43.33000183105469,42.747501373291016,42.79750061035156,104457600
2019-02-21,40.760963439941406,42.76499938964844,43.092498779296875,42.57500076293945,42.95000076293945,68998800
2019-02-22,41.21609115600586,43.24250030517578,43.25,42.845001220703125,42.89500045776367,75652800
2019-02-25,41.51632308959961,43.557498931884766,43.967498779296875,43.48749923706055,43.540000915527344,87493600
2019-02-26,41.54015350341797,43.58250045776367,43.82500076293945,43.29249954223633,43.4275016784668,68280800
2019-02-27,41.668827056884766,43.717498779296875,43.75,43.182498931884766,43.3025016784668,111341600
2019-02-28,41.25897979736328,43.287498474121094,43.727500915527344,43.22999954223633,43.58000183105469,112861600
2019-03-01,41.692657470703125,43.74250030517578,43.787498474121094,43.22249984741211,43.56999969482422,103544800
2019-03-04,41.90235900878906,43.962501525878906,44.4375,43.49250030517578,43.92250061035156,109744800
2019-03-05,41.82609939575195,43.88249969482422,44.0,43.6349983215332,43.98500061035156,78949600
2019-03-06,41.5854377746582,43.630001068115234,43.872501373291016,43.48500061035156,43.66749954223633,83241600
2019-03-07,41.104087829589844,43.125,43.61000061035156,43.005001068115234,43.467498779296875,99185600
2019-03-08,41.20179748535156,43.227500915527344,43.26750183105469,42.375,42.58000183105469,95997600
2019-03-11,42.629112243652344,44.724998474121094,44.779998779296875,43.837501525878906,43.872501373291016,128044000
2019-03-12,43.108070373535156,45.227500915527344,45.66749954223633,44.842498779296875,45.0,129870400
2019-03-13,43.29869842529297,45.4275016784668,45.82500076293945,45.22999954223633,45.5625,124130000
2019-03-14,43.78002166748047,45.932498931884766,46.025001525878906,45.63999938964844,45.974998474121094,94318000
2019-03-15,44.349525451660156,46.529998779296875,46.83250045776367,45.935001373291016,46.212501525878906,156171600
2019-03-18,44.802284240722656,47.005001068115234,47.09749984741211,46.4474983215332,46.45000076293945,104879200
2019-03-19,44.447227478027344,46.63249969482422,47.247501373291016,46.47999954223633,47.087501525878906,126585600
2019-03-20,44.835636138916016,47.040000915527344,47.372501373291016,46.182498931884766,46.557498931884766,124140800
2019-03-21,46.48694610595703,48.772499084472656,49.08250045776367,47.45249938964844,47.505001068115234,204136800
2019-03-22,45.52427291870117,47.76250076293945,49.42250061035156,47.69499969482422,48.834999084472656,169630800
2019-03-25,44.97383499145508,47.185001373291016,47.994998931884766,46.650001525878906,47.877498626708984,175381200
2019-03-26,44.50917053222656,46.6974983215332,48.220001220703125,46.14500045776367,47.915000915527344,199202000
2019-03-27,44.90949630737305,47.11750030517578,47.439998626708984,46.63750076293945,47.1875,119393600
2019-03-28,44.96907043457031,47.18000030517578,47.38999938964844,46.88249969482422,47.23749923706055,83121600
2019-03-29,45.26215362548828,47.48749923706055,47.52000045776367,47.1349983215332,47.45750045776367,94256000
2019-04-01,45.569549560546875,47.810001373291016,47.91999816894531,47.095001220703125,47.90999984741211,111448000
2019-04-02,46.23197555541992,48.505001068115234,48.6150016784668,47.76250076293945,47.772499084472656,91062800
2019-04-03,46.548892974853516,48.837501525878906,49.125,48.287498474121094,48.3125,93087200
2019-04-04,46.62990951538086,48.92250061035156,49.092498779296875,48.28499984741211,48.6974983215332,76457200
2019-04-05,46.94206237792969,49.25,49.275001525878906,48.98249816894531,49.11249923706055,74106400
2019-04-08,47.68073654174805,50.025001525878906,50.057498931884766,49.084999084472656,49.10499954223633,103526800
2019-04-09,47.53776550292969,49.875,50.712501525878906,49.807498931884766,50.08000183105469,143072800
2019-04-10,47.80464553833008,50.154998779296875,50.185001373291016,49.54499816894531,49.66999816894531,86781200
2019-04-11,47.4067268371582,49.73749923706055,50.25,49.61000061035156,50.212501525878906,83603200
2019-04-12,47.38764953613281,49.717498779296875,50.03499984741211,49.0525016784668,49.79999923706055,111042800
2019-04-15,47.47343444824219,49.807498931884766,49.962501525878906,49.502498626708984,49.64500045776367,70146400
2019-04-16,47.478214263916016,49.8125,50.342498779296875,49.63999938964844,49.8650016784668,102785600
2019-04-17,48.402748107910156,50.782501220703125,50.845001220703125,49.65250015258789,49.8849983215332,115627200
2019-04-18,48.576690673828125,50.96500015258789,51.037498474121094,50.630001068115234,50.779998779296875,96783200
2019-04-22,48.73634338378906,51.13249969482422,51.23500061035156,50.584999084472656,50.70750045776367,77758000
2019-04-23,49.439292907714844,51.869998931884766,51.9375,50.974998474121094,51.10749816894531,93292000
2019-04-24,49.3630485534668,51.790000915527344,52.119998931884766,51.76250076293945,51.84000015258789,70162400
2019-04-25,48.91505432128906,51.31999969482422,51.939998626708984,51.279998779296875,51.70750045776367,74172800
2019-04-26,48.681541442871094,51.07500076293945,51.25,50.529998779296875,51.224998474121094,74596400
2019-04-29,48.75540542602539,51.15250015258789,51.49250030517578,50.96500015258789,51.099998474121094,88818800
2019-04-30,47.81657028198242,50.16749954223633,50.849998474121094,49.77750015258789,50.76499938964844,186139600
2019-05-01,50.163665771484375,52.630001068115234,53.82749938964844,52.307498931884766,52.470001220703125,259309200
2019-05-02,49.837223052978516,52.287498474121094,53.162498474121094,52.032501220703125,52.459999084472656,127985200
2019-05-03,50.456756591796875,52.9375,52.959999084472656,52.557498931884766,52.72249984741211,83569600
2019-05-06,49.67757034301758,52.119998931884766,52.209999084472656,50.875,51.0724983215332,129772400
2019-05-07,48.33842086791992,50.71500015258789,51.85499954223633,50.20750045776367,51.470001220703125,155054800
2019-05-08,48.34795379638672,50.724998474121094,51.334999084472656,50.4375,50.474998474121094,105358000
2019-05-09,47.828487396240234,50.18000030517578,50.41999816894531,49.165000915527344,50.099998474121094,139634400
2019-05-10,47.16588592529297,49.29499816894531,49.712501525878906,48.192501068115234,49.35499954223633,164834800
2019-05-13,44.42462921142578,46.43000030517578,47.369998931884766,45.712501525878906,46.9275016784668,229722400
2019-05-14,45.127891540527344,47.165000915527344,47.42499923706055,46.352500915527344,46.602500915527344,146118800
2019-05-15,45.668479919433594,47.72999954223633,47.9375,46.505001068115234,46.567501068115234,106178800
2019-05-16,45.46756362915039,47.52000045776367,48.11750030517578,47.209999084472656,47.477500915527344,132125600
2019-05-17,45.209224700927734,47.25,47.724998474121094,46.689998626708984,46.73249816894531,131516400
2019-05-20,43.795536041259766,45.772499084472656,46.087501525878906,45.06999969482422,45.880001068115234,154449200
2019-05-21,44.635135650634766,46.650001525878906,47.0,46.17499923706055,46.30500030517578,113459200
2019-05-22,43.721378326416016,45.69499969482422,46.4275016784668,45.63750076293945,46.165000915527344,118994400
2019-05-23,42.97507858276367,44.915000915527344,45.1349983215332,44.45249938964844,44.95000076293945,146118800
2019-05-24,42.810020446777344,44.74250030517578,45.53499984741211,44.654998779296875,45.04999923706055,94858800
2019-05-28,42.63300323486328,44.557498931884766,45.147499084472656,44.477500915527344,44.72999954223633,111792800
2019-05-29,42.4296875,44.345001220703125,44.837501525878906,44.0,44.10499954223633,113924800
2019-05-30,42.64974594116211,44.57500076293945,44.807498931884766,44.16749954223633,44.48749923706055,84873600
2019-05-31,41.87712860107422,43.76750183105469,44.497501373291016,43.747501373291016,44.057498931884766,108174400
2019-06-03,41.453739166259766,43.32500076293945,44.47999954223633,42.567501068115234,43.900001525878906,161584400
2019-06-04,42.97029113769531,44.90999984741211,44.95750045776367,43.630001068115234,43.86000061035156,123872000
2019-06-05,43.663963317871094,45.6349983215332,46.247501373291016,45.28499984741211,46.06999969482422,119093600
2019-06-06,44.30503845214844,46.30500030517578,46.36750030517578,45.537498474121094,45.77000045776367,90105200
2019-06-07,45.48430252075195,47.537498474121094,47.97999954223633,46.442501068115234,46.627498626708984,122737600
2019-06-10,46.06555938720703,48.14500045776367,48.842498779296875,47.904998779296875,47.95249938964844,104883600
2019-06-11,46.598995208740234,48.70249938964844,49.0,48.400001525878906,48.71500015258789,107731600
2019-06-12,46.45067596435547,48.54750061035156,48.99250030517578,48.34749984741211,48.48749923706055,73012800
2019-06-13,46.44111251831055,48.537498474121094,49.1974983215332,48.400001525878906,48.67499923706055,86698400
2019-06-14,46.10383987426758,48.185001373291016,48.397499084472656,47.57500076293945,47.88750076293945,75046000
2019-06-17,46.3789176940918,48.47249984741211,48.7400016784668,48.04249954223633,48.224998474121094,58676400
2019-06-18,47.46968078613281,49.61249923706055,50.0724983215332,48.8025016784668,49.01250076293945,106204000
2019-06-19,47.33095169067383,49.467498779296875,49.970001220703125,49.32749938964844,49.91999816894531,84496800
2019-06-20,47.711280822753906,49.8650016784668,50.15250015258789,49.50749969482422,50.092498779296875,86056000
2019-06-21,47.54862594604492,49.69499969482422,50.212501525878906,49.537498474121094,49.70000076293945,191202400
2019-06-24,47.50077819824219,49.64500045776367,50.040000915527344,49.54249954223633,49.6349983215332,72881600
2019-06-25,46.780792236328125,48.89250183105469,49.814998626708984,48.8224983215332,49.60749816894531,84281200
2019-06-26,47.79258728027344,49.95000076293945,50.247501373291016,49.337501525878906,49.442501068115234,104270000
2019-06-27,47.77825927734375,49.935001373291016,50.39250183105469,49.89250183105469,50.0724983215332,83598800
2019-06-28,47.3429069519043,49.47999954223633,49.875,49.26250076293945,49.66999816894531,124442400
2019-07-01,48.211212158203125,50.38750076293945,51.122501373291016,50.162498474121094,50.79249954223633,109012000
2019-07-02,48.493473052978516,50.682498931884766,50.782501220703125,50.34000015258789,50.352500915527344,67740800
2019-07-03,48.895328521728516,51.102500915527344,51.11000061035156,50.67250061035156,50.81999969482422,45448000
2019-07-05,48.852264404296875,51.057498931884766,51.27000045776367,50.724998474121094,50.837501525878906,69062000
2019-07-08,47.84523391723633,50.005001068115234,50.349998474121094,49.602500915527344,50.20249938964844,101354400
2019-07-09,48.13706588745117,50.310001373291016,50.377498626708984,49.70249938964844,49.79999923706055,82312000
2019-07-10,48.61305618286133,50.807498931884766,50.932498931884766,50.38999938964844,50.462501525878906,71588400
2019-07-11,48.25904846191406,50.4375,51.09749984741211,50.4275016784668,50.82749938964844,80767200
2019-07-12,48.62980651855469,50.82500076293945,51.0,50.54999923706055,50.61249923706055,70380800
2019-07-15,49.08668899536133,51.3025016784668,51.467498779296875,51.0,51.022499084472656,67789600
2019-07-16,48.91685485839844,51.125,51.52750015258789,50.875,51.147499084472656,67467200
2019-07-17,48.64177703857422,50.837501525878906,51.272499084472656,50.817501068115234,51.01250076293945,56430000
2019-07-18,49.19432830810547,51.415000915527344,51.470001220703125,50.92499923706055,51.0,74162400
2019-07-19,48.4599723815918,50.647499084472656,51.625,50.59000015258789,51.4474983215332,83717200
2019-07-22,49.56747817993164,51.80500030517578,51.807498931884766,50.90250015258789,50.912498474121094,89111600
2019-07-23,49.95499038696289,52.209999084472656,52.227500915527344,51.8224983215332,52.1150016784668,73420800
2019-07-24,49.914329528808594,52.16749954223633,52.287498474121094,51.79249954223633,51.91749954223633,59966400
2019-07-25,49.519649505615234,51.755001068115234,52.310001373291016,51.682498931884766,52.22249984741211,55638400
2019-07-26,49.69186782836914,51.935001373291016,52.432498931884766,51.78499984741211,51.869998931884766,70475600
2019-07-29,50.155914306640625,52.41999816894531,52.65999984741211,52.11000061035156,52.1150016784668,86693600
2019-07-30,49.940650939941406,52.19499969482422,52.540000915527344,51.82749938964844,52.189998626708984,135742800
2019-07-31,50.95964050292969,53.2599983215332,55.342498779296875,52.82500076293945,54.10499954223633,277125600
2019-08-01,49.85691833496094,52.10749816894531,54.50749969482422,51.685001373291016,53.474998474121094,216071600
2019-08-02,48.80204391479492,51.005001068115234,51.60749816894531,50.407501220703125,51.38249969482422,163448400
2019-08-05,46.24736404418945,48.334999084472656,49.662498474121094,48.14500045776367,49.497501373291016,209572000
2019-08-06,47.122840881347656,49.25,49.51750183105469,48.5099983215332,49.07749938964844,143299200
2019-08-07,47.61079788208008,49.7599983215332,49.88999938964844,48.45500183105469,48.852500915527344,133457600
2019-08-08,48.66091537475586,50.85749816894531,50.88249969482422,49.84749984741211,50.04999923706055,108038000
2019-08-09,48.259918212890625,50.247501373291016,50.689998626708984,49.8224983215332,50.32500076293945,98478800
2019-08-12,48.13746643066406,50.119998931884766,50.51250076293945,49.787498474121094,49.904998779296875,89927600
2019-08-13,50.17601013183594,52.24250030517578,53.03499984741211,50.119998931884766,50.255001068115234,188874000
2019-08-14,48.68251037597656,50.6875,51.61000061035156,50.647499084472656,50.790000915527344,146189600
2019-08-15,48.440006256103516,50.435001373291016,51.28499984741211,49.91749954223633,50.8650016784668,108909600
2019-08-16,49.58293533325195,51.625,51.790000915527344,50.959999084472656,51.06999969482422,110481600
2019-08-19,50.507354736328125,52.587501525878906,53.182498931884766,52.50749969482422,52.654998779296875,97654400
2019-08-20,50.50975799560547,52.59000015258789,53.337501525878906,52.58000183105469,52.720001220703125,107537200
2019-08-21,51.05720901489258,53.15999984741211,53.412498474121094,52.900001525878906,53.247501373291016,86141600
2019-08-22,51.01400375366211,53.1150016784668,53.61000061035156,52.6875,53.29750061035156,89014800
2019-08-23,48.6561164855957,50.65999984741211,53.01250076293945,50.25,52.35749816894531,187272000
2019-08-26,49.580543518066406,51.622501373291016,51.79750061035156,51.26499938964844,51.46500015258789,104174400
2019-08-27,49.021080017089844,51.040000915527344,52.13750076293945,50.88249969482422,51.96500015258789,103493200
2019-08-28,49.35002517700195,51.38249969482422,51.43000030517578,50.83000183105469,51.025001525878906,63755200
2019-08-29,50.18560791015625,52.252498626708984,52.33000183105469,51.665000915527344,52.125,83962000
2019-08-30,50.12078094482422,52.185001373291016,52.61249923706055,51.79999923706055,52.540000915527344,84573600
2019-09-03,49.39085006713867,51.42499923706055,51.744998931884766,51.05500030517578,51.60749816894531,80092000
2019-09-04,50.22883224487305,52.29750061035156,52.369998931884766,51.83000183105469,52.09749984741211,76752400
2019-09-05,51.210880279541016,53.31999969482422,53.49250030517578,52.877498626708984,53.0,95654800
2019-09-06,51.20608139038086,53.314998626708984,53.60499954223633,53.127498626708984,53.51250076293945,77449200
2019-09-09,51.42459487915039,53.54249954223633,54.11000061035156,52.76750183105469,53.709999084472656,109237600
2019-09-10,52.03206253051758,54.17499923706055,54.19499969482422,52.9275016784668,53.46500015258789,127111600
2019-09-11,53.686431884765625,55.897499084472656,55.9275016784668,54.432498931884766,54.51750183105469,177158400
2019-09-12,53.566383361816406,55.772499084472656,56.60499954223633,55.71500015258789,56.20000076293945,128906800
2019-09-13,52.524295806884766,54.6875,55.1974983215332,54.255001068115234,55.0,159053200
2019-09-16,52.8004264831543,54.974998474121094,55.032501220703125,54.38999938964844,54.432498931884766,84632400
2019-09-17,52.992515563964844,55.17499923706055,55.20500183105469,54.779998779296875,54.9900016784668,73274800
2019-09-18,53.48955154418945,55.692501068115234,55.712501525878906,54.86000061035156,55.26499938964844,101360000
2019-09-19,53.05493927001953,55.2400016784668,55.939998626708984,55.092498779296875,55.502498626708984,88242400
2019-09-20,52.27937698364258,54.432498931884766,55.63999938964844,54.36750030517578,55.345001220703125,221652400
2019-09-23,52.51708221435547,54.68000030517578,54.959999084472656,54.412498474121094,54.73749923706055,76662000
2019-09-24,52.26737976074219,54.41999816894531,55.622501373291016,54.29750061035156,55.25749969482422,124763200
2019-09-25,53.07173538208008,55.25749969482422,55.375,54.28499984741211,54.63750076293945,87613600
2019-09-26,52.79802322387695,54.97249984741211,55.23500061035156,54.70750045776367,55.0,75334000
2019-09-27,52.541107177734375,54.70500183105469,55.2400016784668,54.31999969482422,55.1349983215332,101408000
2019-09-30,53.777671813964844,55.99250030517578,56.14500045776367,55.1974983215332,55.224998474121094,103909600
2019-10-01,53.926544189453125,56.147499084472656,57.05500030517578,56.04999923706055,56.26750183105469,139223200
2019-10-02,52.574729919433594,54.7400016784668,55.89500045776367,54.48249816894531,55.76499938964844,138449200
2019-10-03,53.021331787109375,55.20500183105469,55.2400016784668,53.782501220703125,54.60749816894531,114426000
2019-10-04,54.50761413574219,56.752498626708984,56.872501373291016,55.97249984741211,56.40999984741211,138478800
2019-10-07,54.519615173339844,56.76499938964844,57.48249816894531,56.459999084472656,56.567501068115234,122306000
2019-10-08,53.880924224853516,56.099998474121094,57.01499938964844,56.08250045776367,56.45500183105469,111820000
2019-10-09,54.51240158081055,56.75749969482422,56.9474983215332,56.40999984741211,56.75749969482422,74770400
2019-10-10,55.247154235839844,57.522499084472656,57.61000061035156,56.82500076293945,56.98249816894531,113013600
2019-10-11,56.71662902832031,59.0525016784668,59.40999984741211,58.07749938964844,58.23749923706055,166795600
2019-10-14,56.63499069213867,58.967498779296875,59.532501220703125,58.66749954223633,58.724998474121094,96427600
2019-10-15,56.502933502197266,58.83000183105469,59.412498474121094,58.720001220703125,59.09749984741211,87360000
2019-10-16,56.27482986450195,58.592498779296875,58.810001373291016,58.29999923706055,58.342498779296875,73903200
2019-10-17,56.49332809448242,58.81999969482422,59.037498474121094,58.380001068115234,58.772499084472656,67585200
2019-10-18,56.7646598815918,59.102500915527344,59.39500045776367,58.5724983215332,58.647499084472656,97433600
2019-10-21,57.749114990234375,60.127498626708984,60.247501373291016,59.33000183105469,59.380001068115234,87247200
2019-10-22,57.6170539855957,59.9900016784668,60.54999923706055,59.904998779296875,60.290000915527344,82293600
2019-10-23,58.39019775390625,60.79499816894531,60.810001373291016,60.30500030517578,60.525001525878906,75828800
2019-10-24,58.48624801635742,60.89500045776367,61.20000076293945,60.45249938964844,61.127498626708984,69275200
2019-10-25,59.20658493041992,61.64500045776367,61.682498931884766,60.720001220703125,60.790000915527344,73477200
2019-10-28,59.79966354370117,62.26250076293945,62.3125,61.68000030517578,61.85499954223633,96572800
2019-10-29,58.4166145324707,60.8224983215332,62.4375,60.64250183105469,62.24250030517578,142839600
2019-10-30,58.409420013427734,60.814998626708984,61.32500076293945,60.3025016784668,61.189998626708984,124522000
2019-10-31,59.73003005981445,62.189998626708984,62.29249954223633,59.314998626708984,61.810001373291016,139162000
2019-11-01,61.425209045410156,63.95500183105469,63.98249816894531,62.290000915527344,62.3849983215332,151125200
2019-11-04,61.82858657836914,64.375,64.4625015258789,63.845001220703125,64.3324966430664,103272000
2019-11-05,61.73977279663086,64.28250122070312,64.54750061035156,64.08000183105469,64.26249694824219,79897600
2019-11-06,61.766170501708984,64.30999755859375,64.37249755859375,63.842498779296875,64.19249725341797,75864400
2019-11-07,62.479026794433594,64.85749816894531,65.0875015258789,64.52749633789062,64.68499755859375,94940400
2019-11-08,62.65001678466797,65.03500366210938,65.11000061035156,64.2125015258789,64.67250061035156,69986400
2019-11-11,63.14613342285156,65.55000305175781,65.61750030517578,64.56999969482422,64.57499694824219,81821200
2019-11-12,63.088340759277344,65.48999786376953,65.69750213623047,65.2300033569336,65.38749694824219,87388800
2019-11-13,63.69284439086914,66.11750030517578,66.19499969482422,65.26750183105469,65.28250122070312,102734400
2019-11-14,63.25210189819336,65.66000366210938,66.22000122070312,65.5250015258789,65.9375,89182800
2019-11-15,64.00348663330078,66.44000244140625,66.44499969482422,65.75250244140625,65.91999816894531,100206400
2019-11-18,64.32623291015625,66.7750015258789,66.85749816894531,66.05750274658203,66.44999694824219,86703200
2019-11-19,64.1311264038086,66.57250213623047,67.0,66.34750366210938,66.9749984741211,76167200
2019-11-20,63.38457107543945,65.79750061035156,66.5199966430664,65.0999984741211,66.38500213623047,106234400
2019-11-21,63.10037612915039,65.50250244140625,66.00250244140625,65.29499816894531,65.92250061035156,121395200
2019-11-22,63.044986724853516,65.44499969482422,65.79499816894531,65.20999908447266,65.64749908447266,65325200
2019-11-25,64.150390625,66.59249877929688,66.61000061035156,65.62999725341797,65.67749786376953,84020400
2019-11-26,63.64947509765625,66.07250213623047,66.79000091552734,65.625,66.73500061035156,105207600
2019-11-27,64.50444030761719,66.95999908447266,66.99500274658203,66.32749938964844,66.3949966430664,65235600
2019-11-29,64.36231994628906,66.8125,67.0,66.4749984741211,66.6500015258789,46617600
2019-12-02,63.61817932128906,66.04000091552734,67.0625,65.86250305175781,66.81749725341797,94487200
2019-12-03,62.483848571777344,64.86250305175781,64.88249969482422,64.07250213623047,64.57749938964844,114430400
2019-12-04,63.03535461425781,65.43499755859375,65.82749938964844,65.16999816894531,65.26750183105469,67181600
2019-12-05,63.96016311645508,66.3949966430664,66.47250366210938,65.68250274658203,65.94750213623047,74424400
2019-12-06,65.19561004638672,67.67749786376953,67.75,66.82499694824219,66.87000274658203,106075600
2019-12-09,64.2828598022461,66.7300033569336,67.69999694824219,66.22750091552734,67.5,128042400
2019-12-10,64.65855407714844,67.12000274658203,67.51750183105469,66.46499633789062,67.1500015258789,90420400
2019-12-11,65.2100830078125,67.69249725341797,67.7750015258789,67.125,67.20249938964844,78756800
2019-12-12,65.376220703125,67.86499786376953,68.13999938964844,66.83000183105469,66.94499969482422,137310400
2019-12-13,66.264892578125,68.7874984741211,68.82499694824219,67.73249816894531,67.86499786376953,133587600
2019-12-16,67.39923095703125,69.96499633789062,70.19750213623047,69.24500274658203,69.25,128186000
2019-12-17,67.53167724609375,70.10250091552734,70.44249725341797,69.69999694824219,69.89250183105469,114158400
2019-12-18,67.37032318115234,69.93499755859375,70.4749984741211,69.77999877929688,69.94999694824219,116028400
2019-12-19,67.43775939941406,70.00499725341797,70.29499816894531,69.73750305175781,69.875,98369200
2019-12-20,67.29808807373047,69.86000061035156,70.6624984741211,69.63999938964844,70.55750274658203,275978000
2019-12-23,68.39628601074219,71.0,71.0625,70.09249877929688,70.13249969482422,98572000
2019-12-24,68.4613037109375,71.06749725341797,71.22250366210938,70.7300033569336,71.17250061035156,48478800
2019-12-26,69.81959533691406,72.47750091552734,72.49500274658203,71.17500305175781,71.20500183105469,93121200
2019-12-27,69.79309844970703,72.44999694824219,73.49250030517578,72.02999877929688,72.77999877929688,146266000
2019-12-30,70.20732116699219,72.87999725341797,73.17250061035156,71.30500030517578,72.36499786376953,144114400
2019-12-31,70.72029113769531,73.4124984741211,73.41999816894531,72.37999725341797,72.48249816894531,100805600
2020-01-02,72.33386993408203,75.0875015258789,75.1500015258789,73.79750061035156,74.05999755859375,135480400
2020-01-03,71.63065338134766,74.35749816894531,75.1449966430664,74.125,74.2874984741211,146322800
2020-01-06,72.20140838623047,74.94999694824219,74.98999786376953,73.1875,73.44750213623047,118387200
2020-01-07,71.86185455322266,74.59750366210938,75.2249984741211,74.37000274658203,74.95999908447266,108872000
2020-01-08,73.01782989501953,75.79750061035156,76.11000061035156,74.29000091552734,74.29000091552734,132079200
2020-01-09,74.56879425048828,77.40750122070312,77.60749816894531,76.55000305175781,76.80999755859375,170108400
2020-01-10,74.73738861083984,77.5824966430664,78.1675033569336,77.0625,77.6500015258789,140644800
2020-01-13,76.33409881591797,79.23999786376953,79.26750183105469,77.7874984741211,77.91000366210938,121532000
2020-01-14,75.30333709716797,78.16999816894531,79.39250183105469,78.0425033569336,79.17500305175781,161954400
2020-01-15,74.98062133789062,77.83499908447266,78.875,77.38749694824219,77.9625015258789,121923600
2020-01-16,75.91985321044922,78.80999755859375,78.92500305175781,78.02249908447266,78.39749908447266,108829200
2020-01-17,76.7603530883789,79.68250274658203,79.68499755859375,78.75,79.06749725341797,137816400
2020-01-21,76.24017333984375,79.14250183105469,79.75499725341797,79.0,79.29750061035156,110843200
2020-01-22,76.51229858398438,79.42500305175781,79.99749755859375,79.32749938964844,79.6449966430664,101832400
2020-01-23,76.88077545166016,79.80750274658203,79.88999938964844,78.9124984741211,79.4800033569336,104472000
2020-01-24,76.6592025756836,79.57749938964844,80.8324966430664,79.37999725341797,80.0625,146537600
2020-01-27,74.40504455566406,77.23750305175781,77.94249725341797,76.22000122070312,77.51499938964844,161940000
2020-01-28,76.50989532470703,79.42250061035156,79.5999984741211,78.04750061035156,78.1500015258789,162234000
2020-01-29,78.11143493652344,81.08499908447266,81.9625015258789,80.34500122070312,81.11250305175781,216229200
2020-01-30,77.99822235107422,80.96749877929688,81.02249908447266,79.6875,80.13500213623047,126743200
2020-01-31,74.53988647460938,77.37750244140625,80.66999816894531,77.07250213623047,80.23249816894531,199588400
2020-02-03,74.33517456054688,77.16500091552734,78.37249755859375,75.55500030517578,76.07499694824219,173788400
2020-02-04,76.78927612304688,79.7125015258789,79.91000366210938,78.40750122070312,78.82749938964844,136616400
2020-02-05,77.41542053222656,80.36250305175781,81.19000244140625,79.73750305175781,80.87999725341797,118826800
2020-02-06,78.32096099853516,81.30249786376953,81.30500030517578,80.06500244140625,80.64250183105469,105425600
2020-02-07,77.25636291503906,80.00749969482422,80.8499984741211,79.5,80.59249877929688,117684000
2020-02-10,77.623291015625,80.38749694824219,80.38749694824219,78.4625015258789,78.54499816894531,109348800
2020-02-11,77.15496826171875,79.90249633789062,80.9749984741211,79.67749786376953,80.9000015258789,94323200
2020-02-12,78.98723602294922,81.80000305175781,81.80500030517578,80.36750030517578,80.36750030517578,113730400
2020-02-13,78.42475128173828,81.21749877929688,81.55500030517578,80.8375015258789,81.04750061035156,94747600
2020-02-14,78.4440689086914,81.23750305175781,81.49500274658203,80.7125015258789,81.18499755859375,80113600
2020-02-18,77.00769805908203,79.75,79.9375,78.65249633789062,78.83999633789062,152531200
2020-02-19,78.12300872802734,80.90499877929688,81.14250183105469,80.0,80.0,93984000
2020-02-20,77.32154083251953,80.07499694824219,81.1624984741211,79.55249786376953,80.65750122070312,100566000
2020-02-21,75.57136535644531,78.26249694824219,80.11250305175781,77.625,79.65499877929688,129554000
2020-02-24,71.981689453125,74.54499816894531,76.04499816894531,72.30750274658203,74.31500244140625,222195200
2020-02-25,69.54351043701172,72.0199966430664,75.63249969482422,71.53250122070312,75.23750305175781,230673600
2020-02-26,70.64674377441406,73.1624984741211,74.47000122070312,71.625,71.63249969482422,198054800
2020-02-27,66.02867126464844,68.37999725341797,71.5,68.23999786376953,70.2750015258789,320605600
2020-02-28,65.99005126953125,68.33999633789062,69.60250091552734,64.09249877929688,64.31500244140625,426510000
2020-03-02,72.1337890625,74.70249938964844,75.36000061035156,69.43000030517578,70.56999969482422,341397200
2020-03-03,69.84286499023438,72.33000183105469,76.0,71.44999694824219,75.9175033569336,319475600
2020-03-04,73.08248901367188,75.68499755859375,75.8499984741211,73.28250122070312,74.11000061035156,219178400
2020-03-05,70.71192169189453,73.2300033569336,74.88749694824219,72.85250091552734,73.87999725341797,187572800
2020-03-06,69.77287292480469,72.25749969482422,72.70500183105469,70.30750274658203,70.5,226176800
2020-03-09,64.25436401367188,66.5425033569336,69.52249908447266,65.75,65.9375,286744800
2020-03-10,68.88207244873047,71.33499908447266,71.61000061035156,67.34249877929688,69.28500366210938,285290000
2020-03-11,66.48976135253906,68.85749816894531,70.30500030517578,67.96499633789062,69.34750366210938,255598800
2020-03-12,59.923587799072266,62.057498931884766,67.5,62.0,63.98500061035156,418474000
2020-03-13,67.10295104980469,69.49250030517578,69.9800033569336,63.23749923706055,66.22250366210938,370732000
2020-03-16,58.47035217285156,60.5525016784668,64.7699966430664,60.0,60.48749923706055,322423600
2020-03-17,61.041290283203125,63.21500015258789,64.40249633789062,59.599998474121094,61.877498626708984,324056000
2020-03-18,59.54701232910156,61.66749954223633,62.5,59.279998779296875,59.942501068115234,300233600
2020-03-19,59.09074783325195,61.19499969482422,63.209999084472656,60.65250015258789,61.84749984741211,271857200
2020-03-20,55.33933639526367,57.310001373291016,62.95750045776367,57.0,61.79499816894531,401693200
2020-03-23,54.16370391845703,56.092498779296875,57.125,53.15250015258789,57.02000045776367,336752800
2020-03-24,59.59770202636719,61.720001220703125,61.92250061035156,58.57500076293945,59.09000015258789,287531200
2020-03-25,59.26939010620117,61.380001068115234,64.5625,61.07500076293945,62.6875,303602000
2020-03-26,62.38832473754883,64.61000061035156,64.66999816894531,61.59000015258789,61.630001068115234,252087200
2020-03-27,59.80530548095703,61.935001373291016,63.967498779296875,61.76250076293945,63.1875,204216800
2020-03-30,61.512027740478516,63.70249938964844,63.880001068115234,62.349998474121094,62.685001373291016,167976400
2020-03-31,61.38649368286133,63.5724983215332,65.62249755859375,63.0,63.900001525878906,197002000
2020-04-01,58.15652847290039,60.227500915527344,62.18000030517578,59.782501220703125,61.625,176218400
2020-04-02,59.12696075439453,61.23249816894531,61.287498474121094,59.224998474121094,60.084999084472656,165934000
2020-04-03,58.2772216796875,60.352500915527344,61.42499923706055,59.74250030517578,60.70000076293945,129880000
2020-04-06,63.361175537109375,65.61750030517578,65.77749633789062,62.345001220703125,62.724998474121094,201820400
2020-04-07,62.6273078918457,64.85749816894531,67.92500305175781,64.75,67.69999694824219,202887200
2020-04-08,64.23021697998047,66.51750183105469,66.84249877929688,65.30750274658203,65.68499755859375,168895200
2020-04-09,64.6937255859375,66.99749755859375,67.51750183105469,66.17500305175781,67.17500305175781,161834800
2020-04-13,65.96351623535156,68.3125,68.42500305175781,66.4574966430664,67.07749938964844,131022800
2020-04-14,69.29486083984375,71.76249694824219,72.0625,69.51249694824219,70.0,194994800
2020-04-15,68.6623764038086,71.10749816894531,71.5824966430664,70.15750122070312,70.5999984741211,131154400
2020-04-16,69.20797729492188,71.67250061035156,72.05000305175781,70.5875015258789,71.84500122070312,157125200
2020-04-17,68.26891326904297,70.69999694824219,71.73750305175781,69.21499633789062,71.17250061035156,215250000
2020-04-20,66.85186767578125,69.23249816894531,70.41999816894531,69.2125015258789,69.48750305175781,130015200
2020-04-21,64.78546142578125,67.09249877929688,69.3125,66.35749816894531,69.06999969482422,180991600
2020-04-22,66.65152740478516,69.0250015258789,69.4749984741211,68.05000305175781,68.40249633789062,116862400
2020-04-23,66.39319610595703,68.75749969482422,70.4375,68.71749877929688,68.96749877929688,124814400
2020-04-24,68.30995178222656,70.74250030517578,70.75250244140625,69.25,69.30000305175781,126161200
2020-04-27,68.35823059082031,70.7925033569336,71.13500213623047,69.98750305175781,70.44999694824219,117087600
2020-04-28,67.25019836425781,69.6449966430664,71.4574966430664,69.55000305175781,71.2699966430664,112004800
2020-04-29,69.45903015136719,71.93250274658203,72.4175033569336,70.97250366210938,71.18250274658203,137280800
2020-04-30,70.92434692382812,73.44999694824219,73.63249969482422,72.0875015258789,72.48999786376953,183064000
2020-05-01,69.78250885009766,72.26750183105469,74.75,71.4625015258789,71.5625,240616800
2020-05-04,70.76985168457031,73.29000091552734,73.42250061035156,71.58000183105469,72.2925033569336,133568000
2020-05-05,71.83203125,74.38999938964844,75.25,73.61499786376953,73.76499938964844,147751200
2020-05-06,72.5731430053711,75.15750122070312,75.80999755859375,74.71749877929688,75.11499786376953,142333600
2020-05-07,73.32389831542969,75.93499755859375,76.2925033569336,75.49250030517578,75.80500030517578,115215200
2020-05-08,75.06914520263672,77.53250122070312,77.5875015258789,76.07250213623047,76.41000366210938,133838400
2020-05-11,76.2503662109375,78.75250244140625,79.26249694824219,76.80999755859375,77.0250015258789,145946400
2020-05-12,75.37895202636719,77.85250091552734,79.92250061035156,77.72750091552734,79.4574966430664,162301200
2020-05-13,74.46884155273438,76.9124984741211,78.98750305175781,75.80249786376953,78.0374984741211,200622400
2020-05-14,74.92631530761719,77.38500213623047,77.44750213623047,75.38249969482422,76.12750244140625,158929200
2020-05-15,74.48335266113281,76.92749786376953,76.9749984741211,75.05249786376953,75.0875015258789,166348400
2020-05-18,76.23827362060547,78.73999786376953,79.125,77.58000183105469,78.2925033569336,135178400
2020-05-19,75.79771423339844,78.28500366210938,79.62999725341797,78.25250244140625,78.75749969482422,101729600
2020-05-20,77.27185821533203,79.80750274658203,79.87999725341797,79.12999725341797,79.16999816894531,111504800
2020-05-21,76.69575500488281,79.2125015258789,80.22250366210938,78.96749877929688,79.66500091552734,102688800
2020-05-22,77.1895523071289,79.72250366210938,79.80750274658203,78.8375015258789,78.94249725341797,81803200
2020-05-26,76.66670989990234,79.18250274658203,81.05999755859375,79.125,80.875,125522000
2020-05-27,77.00074005126953,79.52749633789062,79.67749786376953,78.27249908447266,79.03500366210938,112945200
2020-05-28,77.03462982177734,79.5625,80.86000061035156,78.90750122070312,79.19249725341797,133560800
2020-05-29,76.95960998535156,79.48500061035156,80.2874984741211,79.11750030517578,79.8125,153532400
2020-06-01,77.90604400634766,80.4625015258789,80.5875015258789,79.30249786376953,79.4375,80791200
2020-06-02,78.2667007446289,80.83499908447266,80.86000061035156,79.73249816894531,80.1875,87642800
2020-06-03,78.69755554199219,81.27999877929688,81.55000305175781,80.57499694824219,81.16500091552734,104491200
2020-06-04,78.01982116699219,80.58000183105469,81.40499877929688,80.19499969482422,81.09750366210938,87560400
2020-06-05,80.24187469482422,82.875,82.9375,80.80750274658203,80.8375015258789,137250400
2020-06-08,80.71633911132812,83.36499786376953,83.4000015258789,81.83000183105469,82.5625,95654400
2020-06-09,83.26518249511719,85.99749755859375,86.40249633789062,83.00250244140625,83.03500366210938,147712400
2020-06-10,85.40739440917969,88.20999908447266,88.69249725341797,86.52249908447266,86.9749984741211,166651600
2020-06-11,81.30695343017578,83.9749984741211,87.76499938964844,83.87000274658203,87.32749938964844,201662400
2020-06-12,82.00889587402344,84.69999694824219,86.94999694824219,83.55500030517578,86.18000030517578,200146000
2020-06-15,83.02311706542969,85.74749755859375,86.41999816894531,83.1449966430664,83.3125,138808800
2020-06-16,85.22341918945312,88.0199966430664,88.30000305175781,86.18000030517578,87.86499786376953,165428800
2020-06-17,85.10479736328125,87.89749908447266,88.8499984741211,87.77249908447266,88.7874984741211,114406400
2020-06-18,85.13867950439453,87.93250274658203,88.36250305175781,87.30500030517578,87.85250091552734,96820400
2020-06-19,84.65215301513672,87.43000030517578,89.13999938964844,86.2874984741211,88.66000366210938,264476000
2020-06-22,86.86698150634766,89.71749877929688,89.86499786376953,87.7874984741211,87.83499908447266,135445200
2020-06-23,88.72114562988281,91.63249969482422,93.09500122070312,90.56749725341797,91.0,212155600
2020-06-24,87.15501403808594,90.01499938964844,92.19750213623047,89.62999725341797,91.25,192623200
2020-06-25,88.31206512451172,91.20999908447266,91.25,89.39250183105469,90.17500305175781,137522400
2020-06-26,85.5986099243164,88.40750122070312,91.33000183105469,88.25499725341797,91.10250091552734,205256800
2020-06-29,87.57136535644531,90.44499969482422,90.5425033569336,87.81999969482422,88.3125,130646000
2020-06-30,88.30237579345703,91.19999694824219,91.49500274658203,90.0,90.0199966430664,140223200
2020-07-01,88.13536834716797,91.02749633789062,91.83999633789062,90.97750091552734,91.27999877929688,110737200
2020-07-02,88.13536834716797,91.02749633789062,92.61750030517578,90.91000366210938,91.9625015258789,114041600
2020-07-06,90.49300384521484,93.4625015258789,93.94499969482422,92.46749877929688,92.5,118655600
2020-07-07,90.21221160888672,93.17250061035156,94.65499877929688,93.05750274658203,93.85250091552734,112424400
2020-07-08,92.31328582763672,95.34249877929688,95.375,94.08999633789062,94.18000030517578,117092000
2020-07-09,92.71025848388672,95.75250244140625,96.31749725341797,94.67250061035156,96.26249694824219,125642800
2020-07-10,92.8724365234375,95.91999816894531,95.9800033569336,94.70500183105469,95.33499908447266,90257200
2020-07-13,92.4439926147461,95.47750091552734,99.95500183105469,95.25749969482422,97.26499938964844,191649200
2020-07-14,93.9737777709961,97.05750274658203,97.25499725341797,93.87750244140625,94.83999633789062,170989200
2020-07-15,94.62008666992188,97.7249984741211,99.24749755859375,96.48999786376953,98.98999786376953,153198000
2020-07-16,93.4557876586914,96.52249908447266,97.40499877929688,95.90499877929688,96.5625,110577600
2020-07-17,93.26698303222656,96.32749938964844,97.14749908447266,95.83999633789062,96.98750305175781,92186800
2020-07-20,95.23249816894531,98.35749816894531,98.5,96.0625,96.4175033569336,90318000
2020-07-21,93.91808319091797,97.0,99.25,96.74250030517578,99.17250061035156,103433200
2020-07-22,94.18193817138672,97.27249908447266,97.9749984741211,96.60250091552734,96.69249725341797,89001600
2020-07-23,89.89511108398438,92.84500122070312,97.07749938964844,92.01000213623047,96.99749755859375,197004400
2020-07-24,89.67244720458984,92.61499786376953,92.97000122070312,89.1449966430664,90.98750305175781,185438800
2020-07-27,91.7977066040039,94.80999755859375,94.90499877929688,93.4800033569336,93.70999908447266,121214000
2020-07-28,90.2896728515625,93.25250244140625,94.55000305175781,93.24749755859375,94.36750030517578,103625600
2020-07-29,92.0203857421875,95.04000091552734,95.2300033569336,93.7125015258789,93.75,90329200
2020-07-30,93.13385772705078,96.19000244140625,96.29750061035156,93.76750183105469,94.1875,158130000
2020-07-31,102.88389587402344,106.26000213623047,106.41500091552734,100.82499694824219,102.88500213623047,374336800
2020-08-03,105.47630310058594,108.9375,111.63749694824219,107.89250183105469,108.19999694824219,308151200
2020-08-04,106.18073272705078,109.66500091552734,110.79000091552734,108.38749694824219,109.13249969482422,173071600
2020-08-05,106.56558227539062,110.0625,110.39250183105469,108.89749908447266,109.37750244140625,121776800
2020-08-06,110.28358459472656,113.90249633789062,114.4124984741211,109.79750061035156,110.40499877929688,202428800
2020-08-07,107.77619171142578,111.11250305175781,113.67500305175781,110.2925033569336,113.20500183105469,198045600
2020-08-10,109.34269714355469,112.72750091552734,113.7750015258789,110.0,112.5999984741211,212403600
2020-08-11,106.09087371826172,109.375,112.48249816894531,109.10749816894531,111.97000122070312,187902400
2020-08-12,109.61672973632812,113.01000213623047,113.2750015258789,110.29750061035156,110.49749755859375,165598000
2020-08-13,111.5566635131836,115.01000213623047,116.0425033569336,113.92749786376953,114.43000030517578,210082000
2020-08-14,111.45726776123047,114.90750122070312,115.0,113.04499816894531,114.83000183105469,165565200
2020-08-17,111.166259765625,114.60749816894531,116.0875015258789,113.9625015258789,116.0625,119561600
2020-08-18,112.09257507324219,115.5625,116.0,114.00749969482422,114.35250091552734,105633600
2020-08-19,112.23320007324219,115.7074966430664,117.1624984741211,115.61000061035156,115.98249816894531,145538000
2020-08-20,114.72361755371094,118.2750015258789,118.39250183105469,115.73249816894531,115.75,126907200
2020-08-21,120.63563537597656,124.37000274658203,124.86750030517578,119.25,119.26249694824219,338054800
2020-08-24,122.07846069335938,125.85749816894531,128.78500366210938,123.9375,128.69749450683594,345937600
2020-08-25,121.07695770263672,124.82499694824219,125.18000030517578,123.05249786376953,124.69750213623047,211495600
2020-08-26,122.72349548339844,126.52249908447266,126.99250030517578,125.0824966430664,126.18000030517578,163022400
2020-08-27,121.25641632080078,125.01000213623047,127.48500061035156,123.8324966430664,127.14250183105469,155552400
2020-08-28,121.05997467041016,124.80750274658203,126.44249725341797,124.57749938964844,126.01249694824219,187630000
2020-08-31,125.16537475585938,129.0399932861328,131.0,126.0,127.58000183105469,225702700
2020-09-01,130.15106201171875,134.17999267578125,134.8000030517578,130.52999877929688,132.75999450683594,151948100
2020-09-02,127.45452880859375,131.39999389648438,137.97999572753906,127.0,137.58999633789062,200119000
2020-09-03,117.25040435791016,120.87999725341797,128.83999633789062,120.5,126.91000366210938,257599600
2020-09-04,117.32801055908203,120.95999908447266,123.69999694824219,110.88999938964844,120.06999969482422,332607200
2020-09-08,109.43241882324219,112.81999969482422,118.98999786376953,112.68000030517578,113.94999694824219,231366600
2020-09-09,113.79732513427734,117.31999969482422,119.13999938964844,115.26000213623047,117.26000213623047,176940500
2020-09-10,110.08230590820312,113.48999786376953,120.5,112.5,120.36000061035156,182274400
2020-09-11,108.63703918457031,112.0,115.2300033569336,110.0,114.56999969482422,180860300
2020-09-14,111.89617156982422,115.36000061035156,115.93000030517578,112.80000305175781,114.72000122070312,140150100
2020-09-15,112.07075500488281,115.54000091552734,118.83000183105469,113.61000061035156,118.33000183105469,184642000
2020-09-16,108.76315307617188,112.12999725341797,116.0,112.04000091552734,115.2300033569336,154679000
2020-09-17,107.02689361572266,110.33999633789062,112.19999694824219,108.70999908447266,109.72000122070312,178011000
2020-09-18,103.63198852539062,106.83999633789062,110.87999725341797,106.08999633789062,110.4000015258789,287104900
2020-09-21,106.77470397949219,110.08000183105469,110.19000244140625,103.0999984741211,104.54000091552734,195713800
2020-09-22,108.45275115966797,111.80999755859375,112.86000061035156,109.16000366210938,112.68000030517578,183055400
2020-09-23,103.9035873413086,107.12000274658203,112.11000061035156,106.7699966430664,111.62000274658203,150718700
2020-09-24,104.97054290771484,108.22000122070312,110.25,105.0,105.16999816894531,167743300
2020-09-25,108.90863037109375,112.27999877929688,112.44000244140625,107.66999816894531,108.43000030517578,149981400
2020-09-28,111.5081787109375,114.95999908447266,115.31999969482422,112.77999877929688,115.01000213623047,137672400
2020-09-29,110.664306640625,114.08999633789062,115.30999755859375,113.56999969482422,114.55000305175781,99382200
2020-09-30,112.33265686035156,115.80999755859375,117.26000213623047,113.62000274658203,113.79000091552734,142675200
2020-10-01,113.28321075439453,116.79000091552734,117.72000122070312,115.83000183105469,117.63999938964844,116120400
2020-10-02,109.62642669677734,113.0199966430664,115.37000274658203,112.22000122070312,112.88999938964844,144712000
2020-10-05,113.00193786621094,116.5,116.6500015258789,113.55000305175781,113.91000366210938,106243800
2020-10-06,109.76222229003906,113.16000366210938,116.12000274658203,112.25,115.69999694824219,161498200
2020-10-07,111.62457275390625,115.08000183105469,115.55000305175781,114.12999725341797,114.62000274658203,96849000
2020-10-08,111.51787567138672,114.97000122070312,116.4000015258789,114.58999633789062,116.25,83477200
2020-10-09,113.45782470703125,116.97000122070312,117.0,114.91999816894531,115.27999877929688,100506900
2020-10-12,120.66473388671875,124.4000015258789,125.18000030517578,119.27999877929688,120.05999755859375,240226800
2020-10-13,117.46380615234375,121.0999984741211,125.38999938964844,119.6500015258789,125.2699966430664,262330500
2020-10-14,117.55109405517578,121.19000244140625,123.02999877929688,119.62000274658203,121.0,150712000
2020-10-15,117.08551788330078,120.70999908447266,121.19999694824219,118.1500015258789,118.72000122070312,112559200
2020-10-16,115.44627380371094,119.0199966430664,121.55000305175781,118.80999755859375,121.27999877929688,115393800
2020-10-19,112.49755096435547,115.9800033569336,120.41999816894531,115.66000366210938,119.95999908447266,120639300
2020-10-20,113.98160552978516,117.51000213623047,118.9800033569336,115.62999725341797,116.19999694824219,124423700
2020-10-21,113.36082458496094,116.87000274658203,118.70999908447266,116.44999694824219,116.66999816894531,89946000
2020-10-22,112.27445220947266,115.75,118.04000091552734,114.58999633789062,117.44999694824219,101988000
2020-10-23,111.58577728271484,115.04000091552734,116.55000305175781,114.27999877929688,116.38999938964844,82572600
2020-10-26,111.59547424316406,115.05000305175781,116.55000305175781,112.87999725341797,114.01000213623047,111850700
2020-10-27,113.09893035888672,116.5999984741211,117.27999877929688,114.54000091552734,115.48999786376953,92276800
2020-10-28,107.861083984375,111.19999694824219,115.43000030517578,111.0999984741211,115.05000305175781,143937800
2020-10-29,111.85735321044922,115.31999969482422,116.93000030517578,112.19999694824219,112.37000274658203,146129200
2020-10-30,105.5913314819336,108.86000061035156,111.98999786376953,107.72000122070312,111.05999755859375,190272600
2020-11-02,105.50401306152344,108.7699966430664,110.68000030517578,107.31999969482422,109.11000061035156,122866900
2020-11-03,107.12388610839844,110.44000244140625,111.48999786376953,108.7300033569336,109.66000366210938,107624400
2020-11-04,111.49847412109375,114.94999694824219,115.58999633789062,112.3499984741211,114.13999938964844,138235500
2020-11-05,115.45594787597656,119.02999877929688,119.62000274658203,116.87000274658203,117.94999694824219,126387100
2020-11-06,115.32481384277344,118.69000244140625,119.19999694824219,116.12999725341797,118.31999969482422,114457900
2020-11-09,113.02197265625,116.31999969482422,121.98999786376953,116.05000305175781,120.5,154515300
2020-11-10,112.6819076538086,115.97000122070312,117.58999633789062,114.12999725341797,115.55000305175781,138023400
2020-11-11,116.10210418701172,119.48999786376953,119.62999725341797,116.44000244140625,117.19000244140625,112295000
2020-11-12,115.8300552368164,119.20999908447266,120.52999877929688,118.56999969482422,119.62000274658203,103162300
2020-11-13,115.87864685058594,119.26000213623047,119.66999816894531,117.87000274658203,119.44000244140625,81581900
2020-11-16,116.8891372680664,120.30000305175781,120.98999786376953,118.1500015258789,118.91999816894531,91183000
2020-11-17,116.00494384765625,119.38999938964844,120.66999816894531,118.95999908447266,119.55000305175781,74271000
2020-11-18,114.68350219726562,118.02999877929688,119.81999969482422,118.0,118.61000061035156,76322100
2020-11-19,115.27620697021484,118.63999938964844,119.05999755859375,116.80999755859375,117.58999633789062,74113000
2020-11-20,114.0130615234375,117.33999633789062,118.7699966430664,117.29000091552734,118.63999938964844,73604300
2020-11-23,110.62203979492188,113.8499984741211,117.62000274658203,113.75,117.18000030517578,127959300
2020-11-24,111.90459442138672,115.16999816894531,115.8499984741211,112.58999633789062,113.91000366210938,113874200
2020-11-25,112.74020385742188,116.02999877929688,116.75,115.16999816894531,115.55000305175781,76499200
2020-11-27,113.28433227539062,116.58999633789062,117.48999786376953,116.22000122070312,116.56999969482422,46691300
2020-11-30,115.67460632324219,119.05000305175781,120.97000122070312,116.80999755859375,116.97000122070312,169410200
2020-12-01,119.24054718017578,122.72000122070312,123.47000122070312,120.01000213623047,121.01000213623047,127728200
2020-12-02,119.59033203125,123.08000183105469,123.37000274658203,120.88999938964844,122.0199966430664,89004200
2020-12-03,119.45429229736328,122.94000244140625,123.77999877929688,122.20999908447266,123.5199966430664,78967600
2020-12-04,118.78385162353516,122.25,122.86000061035156,121.5199966430664,122.5999984741211,78260400
2020-12-07,120.2413101196289,123.75,124.56999969482422,122.25,122.30999755859375,86712000
2020-12-08,120.85345458984375,124.37999725341797,124.9800033569336,123.08999633789062,124.37000274658203,82225500
2020-12-09,118.32717895507812,121.77999877929688,125.94999694824219,121.0,124.52999877929688,115089200
2020-12-10,119.74579620361328,123.23999786376953,123.87000274658203,120.1500015258789,120.5,81312200
2020-12-11,118.9393310546875,122.41000366210938,122.76000213623047,120.55000305175781,122.43000030517578,86939800
2020-12-14,118.32717895507812,121.77999877929688,123.3499984741211,121.54000091552734,122.5999984741211,79184500
2020-12-15,124.25423431396484,127.87999725341797,127.9000015258789,124.12999725341797,124.33999633789062,157243700
2020-12-16,124.18620300292969,127.80999755859375,128.3699951171875,126.55999755859375,127.41000366210938,98208600
2020-12-17,125.05096435546875,128.6999969482422,129.5800018310547,128.0399932861328,128.89999389648438,94359800
2020-12-18,123.0688247680664,126.66000366210938,129.10000610351562,126.12000274658203,128.9600067138672,192541500
2020-12-21,124.59428405761719,128.22999572753906,128.30999755859375,123.44999694824219,125.0199966430664,121251600
2020-12-22,128.1408233642578,131.8800048828125,134.41000366210938,129.64999389648438,131.61000061035156,168904800
2020-12-23,127.24689483642578,130.9600067138672,132.42999267578125,130.77999877929688,132.16000366210938,88223700
2020-12-24,128.228271484375,131.97000122070312,133.4600067138672,131.10000610351562,131.32000732421875,54930100
2020-12-28,132.814453125,136.69000244140625,137.33999633789062,133.50999450683594,133.99000549316406,124486200
2020-12-29,131.0460205078125,134.8699951171875,138.7899932861328,134.33999633789062,138.0500030517578,121047300
2020-12-30,129.9286651611328,133.72000122070312,135.99000549316406,133.39999389648438,135.5800018310547,96452100
2020-12-31,128.92782592773438,132.69000244140625,134.74000549316406,131.72000122070312,134.0800018310547,99116600
2021-01-04,125.7408676147461,129.41000366210938,133.61000061035156,126.76000213623047,133.52000427246094,143301900
2021-01-05,127.29547882080078,131.00999450683594,131.74000549316406,128.42999267578125,128.88999938964844,97664900
2021-01-06,123.0105209350586,126.5999984741211,131.0500030517578,126.37999725341797,127.72000122070312,155088000
2021-01-07,127.20804595947266,130.9199981689453,131.6300048828125,127.86000061035156,128.36000061035156,109578200
2021-01-08,128.3059844970703,132.0500030517578,132.6300048828125,130.22999572753906,132.42999267578125,105158200
2021-01-11,125.32304382324219,128.97999572753906,130.1699981689453,128.5,129.19000244140625,100384500
2021-01-12,125.14816284179688,128.8000030517578,129.69000244140625,126.86000061035156,128.5,91951100
2021-01-13,127.17886352539062,130.88999938964844,131.4499969482422,128.49000549316406,128.75999450683594,88636800
2021-01-14,125.2550048828125,128.91000366210938,131.0,128.75999450683594,130.8000030517578,90221800
2021-01-15,123.53520202636719,127.13999938964844,130.22000122070312,127.0,128.77999877929688,111598500
2021-01-19,124.20565032958984,127.83000183105469,128.7100067138672,126.94000244140625,127.77999877929688,90757300
2021-01-20,128.2865447998047,132.02999877929688,132.49000549316406,128.5500030517578,128.66000366210938,104319500
2021-01-21,132.98934936523438,136.8699951171875,139.6699981689453,133.58999633789062,133.8000030517578,120150900
2021-01-22,135.126953125,139.07000732421875,139.85000610351562,135.02000427246094,136.27999877929688,114459400
2021-01-25,138.86778259277344,142.9199981689453,145.08999633789062,136.5399932861328,143.07000732421875,157611700
2021-01-26,139.1009979248047,143.16000366210938,144.3000030517578,141.3699951171875,143.60000610351562,98390600
2021-01-27,138.0321502685547,142.05999755859375,144.3000030517578,140.41000366210938,143.42999267578125,140843800
2021-01-28,133.20309448242188,137.08999633789062,141.99000549316406,136.6999969482422,139.52000427246094,142621100
2021-01-29,128.21856689453125,131.9600067138672,136.74000549316406,130.2100067138672,135.8300018310547,177523800
2021-02-01,130.3367462158203,134.13999938964844,135.3800048828125,130.92999267578125,133.75,106239800
2021-02-02,131.16265869140625,134.99000549316406,136.30999755859375,134.61000061035156,135.72999572753906,83305400
2021-02-03,130.14239501953125,133.94000244140625,135.77000427246094,133.61000061035156,135.75999450683594,89880900
2021-02-04,133.4945831298828,137.38999938964844,137.39999389648438,134.58999633789062,136.3000030517578,84183100
2021-02-05,133.0810089111328,136.75999450683594,137.4199981689453,135.86000061035156,137.35000610351562,75693800
2021-02-08,133.2269744873047,136.91000366210938,136.9600067138672,134.9199981689453,136.02999877929688,71297200
2021-02-09,132.3511962890625,136.00999450683594,137.8800048828125,135.85000610351562,136.6199951171875,76774200
2021-02-10,131.7478485107422,135.38999938964844,136.99000549316406,134.39999389648438,136.47999572753906,73046600
2021-02-11,131.49488830566406,135.1300048828125,136.38999938964844,133.77000427246094,135.89999389648438,64280000
2021-02-12,131.72842407226562,135.3699951171875,135.52999877929688,133.69000244140625,134.35000610351562,60145100
2021-02-16,129.60707092285156,133.19000244140625,136.00999450683594,132.7899932861328,135.49000549316406,80576300
2021-02-17,127.32026672363281,130.83999633789062,132.22000122070312,129.47000122070312,131.25,97918500
2021-02-18,126.220703125,129.7100067138672,130.0,127.41000366210938,129.1999969482422,96856700
2021-02-19,126.3763427734375,129.8699951171875,130.7100067138672,128.8000030517578,130.24000549316406,87668800
2021-02-22,122.61048889160156,126.0,129.72000122070312,125.5999984741211,128.00999450683594,103916400
2021-02-23,122.47425842285156,125.86000061035156,126.70999908447266,118.38999938964844,123.76000213623047,158273000
2021-02-24,121.97797393798828,125.3499984741211,125.55999755859375,122.2300033569336,124.94000244140625,111039900
2021-02-25,117.73523712158203,120.98999786376953,126.45999908447266,120.54000091552734,124.68000030517578,148199500
2021-02-26,117.99797058105469,121.26000213623047,124.8499984741211,121.19999694824219,122.58999633789062,164560400
2021-03-01,124.35232543945312,127.79000091552734,127.93000030517578,122.79000091552734,123.75,116307900
2021-03-02,121.75413513183594,125.12000274658203,128.72000122070312,125.01000213623047,128.41000366210938,102260900
2021-03-03,118.77645874023438,122.05999755859375,125.70999908447266,121.83999633789062,124.80999755859375,112966300
2021-03-04,116.89838409423828,120.12999725341797,123.5999984741211,118.62000274658203,121.75,178155000
2021-03-05,118.15367889404297,121.41999816894531,121.94000244140625,117.56999969482422,120.9800033569336,153766600
2021-03-08,113.22980499267578,116.36000061035156,121.0,116.20999908447266,120.93000030517578,154376600
2021-03-09,117.83255767822266,121.08999633789062,122.05999755859375,118.79000091552734,119.02999877929688,129525800
2021-03-10,116.75241088867188,119.9800033569336,122.16999816894531,119.44999694824219,121.69000244140625,111943300
2021-03-11,118.67915344238281,121.95999908447266,123.20999908447266,121.26000213623047,122.54000091552734,103026500
2021-03-12,117.77418518066406,121.02999877929688,121.16999816894531,119.16000366210938,120.4000015258789,88105100
2021-03-15,120.654541015625,123.98999786376953,124.0,120.41999816894531,121.41000366210938,92403800
2021-03-16,122.19205474853516,125.56999969482422,127.22000122070312,124.72000122070312,125.69999694824219,115227900
2021-03-17,121.40382385253906,124.76000213623047,125.86000061035156,122.33999633789062,124.05000305175781,111932600
2021-03-18,117.28762817382812,120.52999877929688,123.18000030517578,120.31999969482422,122.87999725341797,121229700
2021-03-19,116.76213836669922,119.98999786376953,121.43000030517578,119.68000030517578,119.9000015258789,185549500
2021-03-22,120.0707015991211,123.38999938964844,123.87000274658203,120.26000213623047,120.33000183105469,111912300
2021-03-23,119.24356842041016,122.54000091552734,124.23999786376953,122.13999938964844,123.33000183105469,95467100
2021-03-24,116.85945892333984,120.08999633789062,122.9000015258789,120.06999969482422,122.81999969482422,88530500
2021-03-25,117.34601593017578,120.58999633789062,121.66000366210938,119.0,119.54000091552734,98844700
2021-03-26,117.94933319091797,121.20999908447266,121.4800033569336,118.91999816894531,120.3499984741211,94071200
2021-03-29,118.12449645996094,121.38999938964844,122.58000183105469,120.7300033569336,121.6500015258789,80819200
2021-03-30,116.6745834350586,119.9000015258789,120.4000015258789,118.86000061035156,120.11000061035156,85671900
2021-03-31,118.86405181884766,122.1500015258789,123.5199966430664,121.1500015258789,121.6500015258789,118323800
2021-04-01,119.69117736816406,123.0,124.18000030517578,122.48999786376953,123.66000366210938,75089100
2021-04-05,122.51317596435547,125.9000015258789,126.16000366210938,123.06999969482422,123.87000274658203,88651200
2021-04-06,122.8147964477539,126.20999908447266,127.12999725341797,125.6500015258789,126.5,80171300
2021-04-07,124.45936584472656,127.9000015258789,127.91999816894531,125.13999938964844,125.83000183105469,83466700
2021-04-08,126.85319519042969,130.36000061035156,130.38999938964844,128.52000427246094,128.9499969482422,88844600
2021-04-09,129.42214965820312,133.0,133.0399932861328,129.47000122070312,129.8000030517578,106686700
2021-04-12,127.7094955444336,131.24000549316406,132.85000610351562,130.6300048828125,132.52000427246094,91420000
2021-04-13,130.813720703125,134.42999267578125,134.66000366210938,131.92999267578125,132.44000244140625,91266500
2021-04-14,128.47824096679688,132.02999877929688,135.0,131.66000366210938,134.94000244140625,87222800
2021-04-15,130.8818359375,134.5,135.0,133.63999938964844,133.82000732421875,89347100
2021-04-16,130.55096435546875,134.16000366210938,134.6699981689453,133.27999877929688,134.3000030517578,84922400
2021-04-19,131.21266174316406,134.83999633789062,135.47000122070312,133.33999633789062,133.50999450683594,94264200
2021-04-20,129.52923583984375,133.11000061035156,135.52999877929688,131.80999755859375,135.02000427246094,94812300
2021-04-21,129.9087371826172,133.5,133.75,131.3000030517578,132.36000061035156,68847100
2021-04-22,128.3907012939453,131.94000244140625,134.14999389648438,131.41000366210938,133.0399932861328,84566500
2021-04-23,130.7066650390625,134.32000732421875,135.1199951171875,132.16000366210938,132.16000366210938,78657500
2021-04-26,131.09591674804688,134.72000122070312,135.05999755859375,133.55999755859375,134.8300018310547,66905100
2021-04-27,130.7747802734375,134.38999938964844,135.41000366210938,134.11000061035156,135.00999450683594,66015800
2021-04-28,129.98658752441406,133.5800018310547,135.02000427246094,133.0800018310547,134.30999755859375,107760100
2021-04-29,129.8892364501953,133.47999572753906,137.07000732421875,132.4499969482422,136.47000122070312,151101000
2021-04-30,127.92359924316406,131.4600067138672,133.55999755859375,131.07000732421875,131.77999877929688,109839500
2021-05-03,128.97454833984375,132.5399932861328,134.07000732421875,131.8300018310547,132.0399932861328,75135100
2021-05-04,124.41070556640625,127.8499984741211,131.49000549316406,126.69999694824219,131.19000244140625,137564700
2021-05-05,124.65398406982422,128.10000610351562,130.4499969482422,127.97000122070312,129.1999969482422,84000900
2021-05-06,126.24989318847656,129.74000549316406,129.75,127.12999725341797,127.88999938964844,78128300
2021-05-07,126.92244720458984,130.2100067138672,131.25999450683594,129.47999572753906,130.85000610351562,78973300
2021-05-10,123.64729309082031,126.8499984741211,129.5399932861328,126.80999755859375,129.41000366210938,88071200
2021-05-11,122.73102569580078,125.91000366210938,126.2699966430664,122.7699966430664,123.5,126142800
2021-05-12,119.6702880859375,122.7699966430664,124.63999938964844,122.25,123.4000015258789,112172300
2021-05-13,121.81475830078125,124.97000122070312,126.1500015258789,124.26000213623047,124.58000183105469,105861300
2021-05-14,124.2321548461914,127.44999694824219,127.88999938964844,125.8499984741211,126.25,81918000
2021-05-17,123.0819320678711,126.2699966430664,126.93000030517578,125.16999816894531,126.81999969482422,74244600
2021-05-18,121.69776916503906,124.8499984741211,126.98999786376953,124.77999877929688,126.55999755859375,63342900
2021-05-19,121.54182434082031,124.69000244140625,124.91999816894531,122.86000061035156,123.16000366210938,92612000
2021-05-20,124.09565734863281,127.30999755859375,127.72000122070312,125.0999984741211,125.2300033569336,76857100
2021-05-21,122.26313018798828,125.43000030517578,128.0,125.20999908447266,127.81999969482422,79295400
2021-05-24,123.8909683227539,127.0999984741211,127.94000244140625,125.94000244140625,126.01000213623047,63092900
2021-05-25,123.69602966308594,126.9000015258789,128.32000732421875,126.31999969482422,127.81999969482422,72009500
2021-05-26,123.64729309082031,126.8499984741211,127.38999938964844,126.41999816894531,126.95999908447266,56575900
2021-05-27,122.11692810058594,125.27999877929688,127.63999938964844,125.08000183105469,126.44000244140625,94625600
2021-05-28,121.46385192871094,124.61000061035156,125.80000305175781,124.55000305175781,125.56999969482422,71311100
2021-06-01,121.14215850830078,124.27999877929688,125.3499984741211,123.94000244140625,125.08000183105469,67637100
2021-06-02,121.90247344970703,125.05999755859375,125.23999786376953,124.05000305175781,124.27999877929688,59278900
2021-06-03,120.42085266113281,123.54000091552734,124.8499984741211,123.12999725341797,124.68000030517578,76229200
2021-06-04,122.71151733398438,125.88999938964844,126.16000366210938,123.8499984741211,124.06999969482422,75169300
2021-06-07,122.72126007080078,125.9000015258789,126.31999969482422,124.83000183105469,126.16999816894531,71057600
2021-06-08,123.5400390625,126.73999786376953,128.4600067138672,126.20999908447266,126.5999984741211,74403800
2021-06-09,123.92019653320312,127.12999725341797,127.75,126.5199966430664,127.20999908447266,56877900
2021-06-10,122.92595672607422,126.11000061035156,128.19000244140625,125.94000244140625,127.0199966430664,71186400
2021-06-11,124.13465881347656,127.3499984741211,127.44000244140625,126.0999984741211,126.52999877929688,53522400
2021-06-14,127.18563842773438,130.47999572753906,130.5399932861328,127.06999969482422,127.81999969482422,96906500
2021-06-15,126.3668441772461,129.63999938964844,130.60000610351562,129.38999938964844,129.94000244140625,62746300
2021-06-16,126.86395263671875,130.14999389648438,130.88999938964844,128.4600067138672,130.3699951171875,91815000
2021-06-17,128.46253967285156,131.7899932861328,132.5500030517578,129.64999389648438,129.8000030517578,96721700
2021-06-18,127.16615295410156,130.4600067138672,131.50999450683594,130.24000549316406,130.7100067138672,108953300
2021-06-21,128.95968627929688,132.3000030517578,132.41000366210938,129.2100067138672,130.3000030517578,79663300
2021-06-22,130.5972442626953,133.97999572753906,134.0800018310547,131.6199951171875,132.1300048828125,74783600
2021-06-23,130.32432556152344,133.6999969482422,134.32000732421875,133.22999572753906,133.77000427246094,60214200
2021-06-24,130.04164123535156,133.41000366210938,134.63999938964844,132.92999267578125,134.4499969482422,68711000
2021-06-25,129.74920654296875,133.11000061035156,133.88999938964844,132.80999755859375,133.4600067138672,70783700
2021-06-28,131.37705993652344,134.77999877929688,135.25,133.35000610351562,133.41000366210938,62111300
2021-06-29,132.88792419433594,136.3300018310547,136.49000549316406,134.35000610351562,134.8000030517578,64556100
2021-06-30,133.5020294189453,136.9600067138672,137.41000366210938,135.8699951171875,136.1699981689453,63261400
2021-07-01,133.80416870117188,137.27000427246094,137.3300018310547,135.75999450683594,136.60000610351562,52485800
2021-07-02,136.42630004882812,139.9600067138672,140.0,137.75,137.89999389648438,78852600
2021-07-06,138.43421936035156,142.02000427246094,143.14999389648438,140.07000732421875,140.07000732421875,108181800
2021-07-07,140.91990661621094,144.57000732421875,144.88999938964844,142.66000366210938,143.5399932861328,104911600
2021-07-08,139.6234893798828,143.24000549316406,144.05999755859375,140.6699981689453,141.5800018310547,105575500
2021-07-09,141.44627380371094,145.11000061035156,145.64999389648438,142.64999389648438,142.75,99890800
2021-07-12,140.85166931152344,144.5,146.32000732421875,144.0,146.2100067138672,76299700
2021-07-13,141.96286010742188,145.63999938964844,147.4600067138672,143.6300048828125,144.02999877929688,100827100
2021-07-14,145.38421630859375,149.14999389648438,149.57000732421875,147.67999267578125,148.10000610351562,127050800
2021-07-15,144.73118591308594,148.47999572753906,150.0,147.08999633789062,149.24000549316406,106820300
2021-07-16,142.69393920898438,146.38999938964844,149.75999450683594,145.8800048828125,148.4600067138672,93251400
2021-07-19,138.8533935546875,142.4499969482422,144.07000732421875,141.6699981689453,143.75,121434600
2021-07-20,142.45997619628906,146.14999389648438,147.10000610351562,142.9600067138672,143.4600067138672,96350000
2021-07-21,141.72894287109375,145.39999389648438,146.1300048828125,144.6300048828125,145.52999877929688,74993500
2021-07-22,143.0935821533203,146.8000030517578,148.1999969482422,145.80999755859375,145.94000244140625,77338200
2021-07-23,144.80914306640625,148.55999755859375,148.72000122070312,146.9199981689453,147.5500030517578,71447400
2021-07-26,145.22830200195312,148.99000549316406,149.8300018310547,147.6999969482422,148.27000427246094,72434100
2021-07-27,143.0643310546875,146.77000427246094,149.2100067138672,145.5500030517578,149.1199951171875,104818600
2021-07-28,141.31956481933594,144.97999572753906,146.97000122070312,142.5399932861328,144.80999755859375,118931200
2021-07-29,141.96286010742188,145.63999938964844,146.5500030517578,144.5800018310547,144.69000244140625,56699500
2021-07-30,142.1772918701172,145.86000061035156,146.3300018310547,144.11000061035156,144.3800048828125,70440600
2021-08-02,141.8459014892578,145.52000427246094,146.9499969482422,145.25,146.36000061035156,62880000
2021-08-03,143.63943481445312,147.36000061035156,148.0399932861328,145.17999267578125,145.80999755859375,64786600
2021-08-04,143.2397918701172,146.9499969482422,147.7899932861328,146.27999877929688,147.27000427246094,56368300
2021-08-05,143.3469696044922,147.05999755859375,147.83999633789062,146.1699981689453,146.97999572753906,46397700
2021-08-06,142.6636505126953,146.13999938964844,147.11000061035156,145.6300048828125,146.35000610351562,54126800
2021-08-09,142.61483764648438,146.08999633789062,146.6999969482422,145.52000427246094,146.1999969482422,48908700
2021-08-10,142.1365203857422,145.60000610351562,147.7100067138672,145.3000030517578,146.44000244140625,69023100
2021-08-11,142.39031982421875,145.86000061035156,146.72000122070312,145.52999877929688,146.0500030517578,48493500
2021-08-12,145.3482666015625,148.88999938964844,149.0500030517578,145.83999633789062,146.19000244140625,72282600
2021-08-13,145.55328369140625,149.10000610351562,149.44000244140625,148.27000427246094,148.97000122070312,59375000
2021-08-16,147.52517700195312,151.1199951171875,151.19000244140625,146.47000122070312,148.5399932861328,103296000
2021-08-17,146.61734008789062,150.19000244140625,151.67999267578125,149.08999633789062,150.22999572753906,92229700
2021-08-18,142.87844848632812,146.36000061035156,150.72000122070312,146.14999389648438,149.8000030517578,86326000
2021-08-19,143.21031188964844,146.6999969482422,148.0,144.5,145.02999877929688,86960300
2021-08-20,144.6649169921875,148.19000244140625,148.5,146.77999877929688,147.44000244140625,60549600
2021-08-23,146.1487579345703,149.7100067138672,150.19000244140625,147.88999938964844,148.30999755859375,60131800
2021-08-24,146.06089782714844,149.6199951171875,150.86000061035156,149.14999389648438,149.4499969482422,48606400
2021-08-25,144.83084106445312,148.36000061035156,150.32000732421875,147.8000030517578,149.80999755859375,58991300
2021-08-26,144.0303497314453,147.5399932861328,149.1199951171875,147.50999450683594,148.35000610351562,48597200
2021-08-27,145.06512451171875,148.60000610351562,148.75,146.8300018310547,147.47999572753906,55802400
2021-08-30,149.47763061523438,153.1199951171875,153.49000549316406,148.61000061035156,149.0,90956700
2021-08-31,148.21832275390625,151.8300018310547,152.8000030517578,151.2899932861328,152.66000366210938,86453100
2021-09-01,148.88214111328125,152.50999450683594,154.97999572753906,152.33999633789062,152.8300018310547,80313700
2021-09-02,149.99502563476562,153.64999389648438,154.72000122070312,152.39999389648438,153.8699951171875,71115500
2021-09-03,150.62957763671875,154.3000030517578,154.6300048828125,153.08999633789062,153.75999450683594,57808700
2021-09-07,152.9626922607422,156.69000244140625,157.25999450683594,154.38999938964844,154.97000122070312,82278300
2021-09-08,151.4202880859375,155.11000061035156,157.0399932861328,153.97999572753906,156.97999572753906,74420200
2021-09-09,150.40505981445312,154.07000732421875,156.11000061035156,153.9499969482422,155.49000549316406,57305700
2021-09-10,145.4263458251953,148.97000122070312,155.47999572753906,148.6999969482422,155.0,140893200
2021-09-13,145.99253845214844,149.5500030517578,151.4199981689453,148.75,150.6300048828125,102404300
2021-09-14,144.5965576171875,148.1199951171875,151.07000732421875,146.91000366210938,150.35000610351562,109296300
2021-09-15,145.4849395751953,149.02999877929688,149.44000244140625,146.3699951171875,148.55999755859375,83281300
2021-09-16,145.2506103515625,148.7899932861328,148.97000122070312,147.22000122070312,148.44000244140625,68034100
2021-09-17,142.5855712890625,146.05999755859375,148.82000732421875,145.75999450683594,148.82000732421875,129868800
2021-09-20,139.539794921875,142.94000244140625,144.83999633789062,141.27000427246094,143.8000030517578,123478900
2021-09-21,140.0181121826172,143.42999267578125,144.60000610351562,142.77999877929688,143.92999267578125,75834000
2021-09-22,142.3805694580078,145.85000610351562,146.42999267578125,143.6999969482422,144.4499969482422,76404300
2021-09-23,143.33726501464844,146.8300018310547,147.0800018310547,145.63999938964844,146.64999389648438,64838200
2021-09-24,143.4250946044922,146.9199981689453,147.47000122070312,145.55999755859375,145.66000366210938,53477900
2021-09-27,141.9119415283203,145.3699951171875,145.9600067138672,143.82000732421875,145.47000122070312,74150700
2021-09-28,138.5343017578125,141.91000366210938,144.75,141.69000244140625,143.25,108972300
2021-09-29,139.43243408203125,142.8300018310547,144.4499969482422,142.02999877929688,142.47000122070312,74602000
2021-09-30,138.13404846191406,141.5,144.3800048828125,141.27999877929688,143.66000366210938,89056700
2021-10-01,139.25668334960938,142.64999389648438,142.9199981689453,139.11000061035156,141.89999389648438,94639600
2021-10-04,135.83018493652344,139.13999938964844,142.2100067138672,138.27000427246094,141.75999450683594,98322000
2021-10-05,137.7532958984375,141.11000061035156,142.24000549316406,139.36000061035156,139.49000549316406,80861100
2021-10-06,138.62217712402344,142.0,142.14999389648438,138.3699951171875,139.47000122070312,83221100
2021-10-07,139.88145446777344,143.2899932861328,144.22000122070312,142.72000122070312,143.05999755859375,61732700
2021-10-08,139.50071716308594,142.89999389648438,144.17999267578125,142.55999755859375,144.02999877929688,58773200
2021-10-11,139.41290283203125,142.80999755859375,144.80999755859375,141.80999755859375,142.27000427246094,64452200
2021-10-12,138.14382934570312,141.50999450683594,143.25,141.0399932861328,143.22999572753906,73035900
2021-10-13,137.55809020996094,140.91000366210938,141.39999389648438,139.1999969482422,141.24000549316406,78762700
2021-10-14,140.3402862548828,143.75999450683594,143.8800048828125,141.50999450683594,142.11000061035156,69907100
2021-10-15,141.3946075439453,144.83999633789062,144.89999389648438,143.50999450683594,143.77000427246094,67940300
2021-10-18,143.0639190673828,146.5500030517578,146.83999633789062,143.16000366210938,143.4499969482422,85589200
2021-10-19,145.22137451171875,148.75999450683594,149.1699981689453,146.5500030517578,147.00999450683594,76378900
2021-10-20,145.70944213867188,149.25999450683594,149.75,148.1199951171875,148.6999969482422,58418800
2021-10-21,145.92422485351562,149.47999572753906,149.63999938964844,147.8699951171875,148.80999755859375,61421000
2021-10-22,145.15301513671875,148.69000244140625,150.17999267578125,148.63999938964844,149.69000244140625,58883400
2021-10-25,145.1042022705078,148.63999938964844,149.3699951171875,147.6199951171875,148.67999267578125,50720600
2021-10-26,145.76803588867188,149.32000732421875,150.83999633789062,149.00999450683594,149.3300018310547,60893400
2021-10-27,145.30917358398438,148.85000610351562,149.72999572753906,148.49000549316406,149.36000061035156,56094900
2021-10-28,148.94068908691406,152.57000732421875,153.1699981689453,149.72000122070312,149.82000732421875,100077900
2021-10-29,146.236572265625,149.8000030517578,149.94000244140625,146.41000366210938,147.22000122070312,124953200
2021-11-01,145.4165802001953,148.9600067138672,149.6999969482422,147.8000030517578,148.99000549316406,74588300
2021-11-02,146.4513702392578,150.02000427246094,151.57000732421875,148.64999389648438,148.66000366210938,69122000
2021-11-03,147.88641357421875,151.49000549316406,151.97000122070312,149.82000732421875,150.38999938964844,54511500
2021-11-04,147.36903381347656,150.9600067138672,152.42999267578125,150.63999938964844,151.5800018310547,60394600
2021-11-05,147.89694213867188,151.27999877929688,152.1999969482422,150.05999755859375,151.88999938964844,65463900
2021-11-08,147.07574462890625,150.44000244140625,151.57000732421875,150.16000366210938,151.41000366210938,55020900
2021-11-09,147.4374542236328,150.80999755859375,151.42999267578125,150.05999755859375,150.1999969482422,56787900
2021-11-10,144.61207580566406,147.9199981689453,150.1300048828125,147.85000610351562,150.02000427246094,65187100
2021-11-11,144.5631866455078,147.8699951171875,149.42999267578125,147.67999267578125,148.9600067138672,41000000
2021-11-12,146.63575744628906,149.99000549316406,150.39999389648438,147.47999572753906,148.42999267578125,63804000
2021-11-15,146.64556884765625,150.0,151.8800048828125,149.42999267578125,150.3699951171875,59222800
2021-11-16,147.6232147216797,151.0,151.49000549316406,149.33999633789062,149.94000244140625,59256200
2021-11-17,150.05752563476562,153.49000549316406,155.0,150.99000549316406,151.0,88807000
2021-11-18,154.33953857421875,157.8699951171875,158.6699981689453,153.0500030517578,153.7100067138672,137827700
2021-11-19,156.95962524414062,160.5500030517578,161.02000427246094,156.52999877929688,157.64999389648438,117305600
2021-11-22,157.41912841796875,161.02000427246094,165.6999969482422,161.0,161.67999267578125,117467900
2021-11-23,157.80043029785156,161.41000366210938,161.8000030517578,159.05999755859375,161.1199951171875,96041900
2021-11-24,158.31854248046875,161.94000244140625,162.13999938964844,159.63999938964844,160.75,69463600
2021-11-26,153.3032684326172,156.80999755859375,160.4499969482422,156.36000061035156,159.57000732421875,76959800
2021-11-29,156.65655517578125,160.24000549316406,161.19000244140625,158.7899932861328,159.3699951171875,88748200
2021-11-30,161.6033935546875,165.3000030517578,165.52000427246094,159.9199981689453,159.99000549316406,174048100
2021-12-01,161.0852508544922,164.77000427246094,170.3000030517578,164.52999877929688,167.47999572753906,152052500
2021-12-02,160.09780883789062,163.75999450683594,164.1999969482422,157.8000030517578,158.74000549316406,136739200
2021-12-03,158.2207489013672,161.83999633789062,164.9600067138672,159.72000122070312,164.02000427246094,118023100
2021-12-06,161.62295532226562,165.32000732421875,167.8800048828125,164.27999877929688,164.2899932861328,107497000
2021-12-07,167.3519287109375,171.17999267578125,171.5800018310547,168.33999633789062,169.0800018310547,120405400
2021-12-08,171.16473388671875,175.0800018310547,175.9600067138672,170.6999969482422,172.1300048828125,116998900
2021-12-09,170.65635681152344,174.55999755859375,176.75,173.9199981689453,174.91000366210938,108923700
2021-12-10,175.43698120117188,179.4499969482422,179.6300048828125,174.69000244140625,175.2100067138672,115402700
2021-12-13,171.80996704101562,175.74000549316406,182.1300048828125,175.52999877929688,181.1199951171875,153237000
2021-12-14,170.4314727783203,174.3300018310547,177.74000549316406,172.2100067138672,175.25,139380400
2021-12-15,175.29029846191406,179.3000030517578,179.5,172.30999755859375,175.11000061035156,131063300
2021-12-16,168.4077911376953,172.25999450683594,181.13999938964844,170.75,179.27999877929688,150185800
2021-12-17,167.31277465820312,171.13999938964844,173.47000122070312,169.69000244140625,169.92999267578125,195432700
2021-12-20,165.9539031982422,169.75,170.5800018310547,167.4600067138672,168.27999877929688,107499100
2021-12-21,169.1214599609375,172.99000549316406,173.1999969482422,169.1199951171875,171.55999755859375,91185900
2021-12-22,171.71217346191406,175.63999938964844,175.86000061035156,172.14999389648438,173.0399932861328,92135300
2021-12-23,172.3378448486328,176.27999877929688,176.85000610351562,175.27000427246094,175.85000610351562,68356600
2021-12-27,176.29725646972656,180.3300018310547,180.4199981689453,177.07000732421875,177.08999633789062,74919600
2021-12-28,175.28053283691406,179.2899932861328,181.3300018310547,178.52999877929688,180.16000366210938,79144300
2021-12-29,175.3685302734375,179.3800048828125,180.6300048828125,178.13999938964844,179.3300018310547,62348900
2021-12-30,174.21493530273438,178.1999969482422,180.57000732421875,178.08999633789062,179.47000122070312,59773000
2021-12-31,173.5989990234375,177.57000732421875,179.22999572753906,177.25999450683594,178.08999633789062,64062300
2022-01-03,177.9397430419922,182.00999450683594,182.8800048828125,177.7100067138672,177.8300018310547,104487900
2022-01-04,175.68136596679688,179.6999969482422,182.94000244140625,179.1199951171875,182.6300048828125,99310400
2022-01-05,171.00827026367188,174.9199981689453,180.1699981689453,174.63999938964844,179.61000061035156,94537600
2022-01-06,168.15357971191406,172.0,175.3000030517578,171.63999938964844,172.6999969482422,96904000
2022-01-07,168.3197479248047,172.1699981689453,174.13999938964844,171.02999877929688,172.88999938964844,86709100
2022-01-10,168.33935546875,172.19000244140625,172.5,168.1699981689453,169.0800018310547,106765600
2022-01-11,171.16473388671875,175.0800018310547,175.17999267578125,170.82000732421875,172.32000732421875,76138300
2022-01-12,171.60467529296875,175.52999877929688,177.17999267578125,174.82000732421875,176.1199951171875,74805200
2022-01-13,168.33935546875,172.19000244140625,176.6199951171875,171.7899932861328,175.77999877929688,84505800
2022-01-14,169.1996612548828,173.07000732421875,173.77999877929688,171.08999633789062,171.33999633789062,80440800
2022-01-18,166.0028076171875,169.8000030517578,172.5399932861328,169.41000366210938,171.50999450683594,90956700
2022-01-19,162.51263427734375,166.22999572753906,171.0800018310547,165.94000244140625,170.0,94815000
2022-01-20,160.83108520507812,164.50999450683594,169.67999267578125,164.17999267578125,166.97999572753906,91420500
2022-01-21,158.77801513671875,162.41000366210938,166.3300018310547,162.3000030517578,164.4199981689453,122848900
2022-01-24,158.00572204589844,161.6199951171875,162.3000030517578,154.6999969482422,160.02000427246094,162294600
2022-01-25,156.20684814453125,159.77999877929688,162.75999450683594,157.02000427246094,158.97999572753906,115798400
2022-01-26,156.11888122558594,159.69000244140625,164.38999938964844,157.82000732421875,163.5,108275300
2022-01-27,155.65936279296875,159.22000122070312,163.83999633789062,158.27999877929688,162.4499969482422,121954600
2022-01-28,166.52090454101562,170.3300018310547,170.35000610351562,162.8000030517578,165.7100067138672,179935700
2022-01-31,170.87142944335938,174.77999877929688,175.0,169.50999450683594,170.16000366210938,115541600
2022-02-01,170.70523071289062,174.61000061035156,174.83999633789062,172.30999755859375,174.00999450683594,86213900
2022-02-02,171.90771484375,175.83999633789062,175.8800048828125,173.3300018310547,174.75,84914300
2022-02-03,169.03347778320312,172.89999389648438,176.24000549316406,172.1199951171875,174.47999572753906,89418100
2022-02-04,168.74957275390625,172.38999938964844,174.10000610351562,170.67999267578125,171.67999267578125,82465400
2022-02-07,168.03500366210938,171.66000366210938,173.9499969482422,170.9499969482422,172.86000061035156,77251200
2022-02-08,171.13809204101562,174.8300018310547,175.35000610351562,171.42999267578125,171.72999572753906,74829200
2022-02-09,172.55743408203125,176.27999877929688,176.64999389648438,174.89999389648438,176.0500030517578,71285000
2022-02-10,168.4852752685547,172.1199951171875,175.47999572753906,171.5500030517578,174.13999938964844,90865900
2022-02-11,165.0787811279297,168.63999938964844,173.0800018310547,168.0399932861328,172.3300018310547,98670700
2022-02-14,165.31370544433594,168.8800048828125,169.5800018310547,166.55999755859375,167.3699951171875,86185500
2022-02-15,169.14111328125,172.7899932861328,172.9499969482422,170.25,170.97000122070312,62527400
2022-02-16,168.90621948242188,172.5500030517578,173.33999633789062,170.0500030517578,171.85000610351562,61177400
2022-02-17,165.31370544433594,168.8800048828125,171.91000366210938,168.47000122070312,171.02999877929688,69589300
2022-02-18,163.7670440673828,167.3000030517578,170.5399932861328,166.19000244140625,169.82000732421875,82772700
2022-02-22,160.8500213623047,164.32000732421875,166.69000244140625,162.14999389648438,164.97999572753906,91162800
2022-02-23,156.6897735595703,160.07000732421875,166.14999389648438,159.75,165.5399932861328,90009200
2022-02-24,159.30337524414062,162.74000549316406,162.85000610351562,152.0,152.5800018310547,141147500
2022-02-25,161.36880493164062,164.85000610351562,165.1199951171875,160.8699951171875,163.83999633789062,91974200
2022-02-28,161.63311767578125,165.1199951171875,165.4199981689453,162.42999267578125,163.05999755859375,95056600
2022-03-01,159.7536163330078,163.1999969482422,166.60000610351562,161.97000122070312,164.6999969482422,83474400
2022-03-02,163.0426788330078,166.55999755859375,167.36000061035156,162.9499969482422,164.38999938964844,79724800
2022-03-03,162.7196807861328,166.22999572753906,168.91000366210938,165.5500030517578,168.47000122070312,76678400
2022-03-04,159.72425842285156,163.1699981689453,165.5500030517578,162.10000610351562,164.49000549316406,83737200
2022-03-07,155.93600463867188,159.3000030517578,165.02000427246094,159.0399932861328,163.36000061035156,96418800
2022-03-08,154.1152801513672,157.44000244140625,162.8800048828125,155.8000030517578,158.82000732421875,131148300
2022-03-09,159.50892639160156,162.9499969482422,163.41000366210938,159.41000366210938,161.47999572753906,91454900
2022-03-10,155.17247009277344,158.52000427246094,160.38999938964844,155.97999572753906,160.1999969482422,105342000
2022-03-11,151.4625244140625,154.72999572753906,159.27999877929688,154.5,158.92999267578125,96970100
2022-03-14,147.43931579589844,150.6199951171875,154.1199951171875,150.10000610351562,151.4499969482422,108732100
2022-03-15,151.8148956298828,155.08999633789062,155.57000732421875,150.3800048828125,150.89999389648438,92964300
2022-03-16,156.2198944091797,159.58999633789062,160.0,154.4600067138672,157.0500030517578,102300200
2022-03-17,157.22811889648438,160.6199951171875,161.0,157.6300048828125,158.61000061035156,75615400
2022-03-18,160.5171661376953,163.97999572753906,164.47999572753906,159.75999450683594,160.50999450683594,123511700
2022-03-21,161.8876495361328,165.3800048828125,166.35000610351562,163.00999450683594,163.50999450683594,95811400
2022-03-22,165.2549591064453,168.82000732421875,169.4199981689453,164.91000366210938,165.50999450683594,81532000
2022-03-23,166.6156005859375,170.2100067138672,172.63999938964844,167.64999389648438,167.99000549316406,98062700
2022-03-24,170.3941192626953,174.07000732421875,174.13999938964844,170.2100067138672,171.05999755859375,90131400
2022-03-25,171.03036499023438,174.72000122070312,175.27999877929688,172.75,173.8800048828125,80546200
2022-03-28,171.89183044433594,175.60000610351562,175.72999572753906,172.0,172.1699981689453,90371900
2022-03-29,175.1808624267578,178.9600067138672,179.00999450683594,176.33999633789062,176.69000244140625,100589400
2022-03-30,174.01593017578125,177.77000427246094,179.61000061035156,176.6999969482422,178.5500030517578,92633200
2022-03-31,170.92269897460938,174.61000061035156,178.02999877929688,174.39999389648438,177.83999633789062,103049300
2022-04-01,170.62904357910156,174.30999755859375,174.8800048828125,171.94000244140625,174.02999877929688,78751300
2022-04-04,174.67181396484375,178.44000244140625,178.49000549316406,174.44000244140625,174.57000732421875,76468400
2022-04-05,171.36318969726562,175.05999755859375,178.3000030517578,174.4199981689453,177.5,73401800
2022-04-06,168.20140075683594,171.8300018310547,173.6300048828125,170.1300048828125,172.36000061035156,89058800
2022-04-07,168.50485229492188,172.13999938964844,173.36000061035156,169.85000610351562,171.16000366210938,77594700
2022-04-08,166.49815368652344,170.08999633789062,171.77999877929688,169.1999969482422,171.77999877929688,76575500
2022-04-11,162.2498016357422,165.75,169.02999877929688,165.5,168.7100067138672,72246700
2022-04-12,164.1194610595703,167.66000366210938,169.8699951171875,166.63999938964844,168.02000427246094,79265200
2022-04-13,166.80157470703125,170.39999389648438,171.0399932861328,166.77000427246094,167.38999938964844,70618900
2022-04-14,161.79949951171875,165.2899932861328,171.27000427246094,165.0399932861328,170.6199951171875,75329400
2022-04-18,161.58416748046875,165.07000732421875,166.60000610351562,163.57000732421875,163.9199981689453,69023900
2022-04-19,163.86492919921875,167.39999389648438,167.82000732421875,163.91000366210938,165.02000427246094,67723800
2022-04-20,163.69857788085938,167.22999572753906,168.8800048828125,166.10000610351562,168.75999450683594,67929800
2022-04-21,162.90562438964844,166.4199981689453,171.52999877929688,165.91000366210938,168.91000366210938,87227800
2022-04-22,158.37344360351562,161.7899932861328,167.8699951171875,161.5,166.4600067138672,84882400
2022-04-25,159.44041442871094,162.8800048828125,163.1699981689453,158.4600067138672,161.1199951171875,96046400
2022-04-26,153.48878479003906,156.8000030517578,162.33999633789062,156.72000122070312,162.25,95623200
2022-04-27,153.2636260986328,156.57000732421875,159.7899932861328,155.3800048828125,155.91000366210938,88063200
2022-04-28,160.18438720703125,163.63999938964844,164.52000427246094,158.92999267578125,159.25,130216800
2022-04-29,154.32083129882812,157.64999389648438,166.1999969482422,157.25,161.83999633789062,131747600
2022-05-02,154.62432861328125,157.9600067138672,158.22999572753906,153.27000427246094,156.7100067138672,123055300
2022-05-03,156.11219787597656,159.47999572753906,160.7100067138672,156.32000732421875,158.14999389648438,88966500
2022-05-04,162.51409912109375,166.02000427246094,166.47999572753906,159.25999450683594,159.6699981689453,108256500
2022-05-05,153.45941162109375,156.77000427246094,164.0800018310547,154.9499969482422,163.85000610351562,130525300
2022-05-06,154.18487548828125,157.27999877929688,159.44000244140625,154.17999267578125,156.00999450683594,116124600
2022-05-09,149.06759643554688,152.05999755859375,155.8300018310547,151.49000549316406,154.92999267578125,131577900
2022-05-10,151.46937561035156,154.50999450683594,156.74000549316406,152.92999267578125,155.52000427246094,115366700
2022-05-11,143.6169891357422,146.5,155.4499969482422,145.80999755859375,153.5,142689800
2022-05-12,139.75454711914062,142.55999755859375,146.1999969482422,138.8000030517578,142.77000427246094,182602000
2022-05-13,144.21499633789062,147.11000061035156,148.10000610351562,143.11000061035156,144.58999633789062,113990900
2022-05-16,142.6759033203125,145.5399932861328,147.52000427246094,144.17999267578125,145.5500030517578,86643800
2022-05-17,146.30308532714844,149.24000549316406,149.77000427246094,146.67999267578125,148.86000061035156,78336300
2022-05-18,138.04879760742188,140.82000732421875,147.36000061035156,139.89999389648438,146.85000610351562,109742900
2022-05-19,134.64707946777344,137.35000610351562,141.66000366210938,136.60000610351562,139.8800048828125,136095600
2022-05-20,134.8823699951172,137.58999633789062,140.6999969482422,132.61000061035156,139.08999633789062,137426100
2022-05-23,140.29371643066406,143.11000061035156,143.25999450683594,137.64999389648438,137.7899932861328,117726300
2022-05-24,137.5978546142578,140.36000061035156,141.97000122070312,137.3300018310547,140.80999755859375,104132700
2022-05-25,137.7547149658203,140.52000427246094,141.7899932861328,138.33999633789062,138.42999267578125,92482700
2022-05-26,140.95053100585938,143.77999877929688,144.33999633789062,137.13999938964844,137.38999938964844,90601500
2022-05-27,146.6952362060547,149.63999938964844,149.67999267578125,145.25999450683594,145.38999938964844,90978500
2022-05-31,145.9109649658203,148.83999633789062,150.66000366210938,146.83999633789062,149.07000732421875,103718400
2022-06-01,145.78350830078125,148.7100067138672,151.74000549316406,147.67999267578125,149.89999389648438,74286600
2022-06-02,148.23434448242188,151.2100067138672,151.27000427246094,146.86000061035156,147.8300018310547,72348100
2022-06-03,142.51904296875,145.3800048828125,147.97000122070312,144.4600067138672,146.89999389648438,88570300
2022-06-06,143.26406860351562,146.13999938964844,148.57000732421875,144.89999389648438,147.02999877929688,71598400
2022-06-07,145.78350830078125,148.7100067138672,149.0,144.10000610351562,144.35000610351562,67808200
2022-06-08,145.0482940673828,147.9600067138672,149.8699951171875,147.4600067138672,148.5800018310547,53950200
2022-06-09,139.83299255371094,142.63999938964844,147.9499969482422,142.52999877929688,147.0800018310547,69473000
2022-06-10,134.431396484375,137.1300048828125,140.75999450683594,137.05999755859375,140.27999877929688,91437900
2022-06-13,129.28472900390625,131.8800048828125,135.1999969482422,131.44000244140625,132.8699951171875,122207100
2022-06-14,130.1473846435547,132.75999450683594,133.88999938964844,131.47999572753906,133.1300048828125,84784300
2022-06-15,132.76486206054688,135.42999267578125,137.33999633789062,132.16000366210938,134.2899932861328,91533000
2022-06-16,127.50051879882812,130.05999755859375,132.38999938964844,129.0399932861328,132.0800018310547,108123900
2022-06-17,128.9710235595703,131.55999755859375,133.0800018310547,129.80999755859375,130.07000732421875,134520300
2022-06-21,133.19618225097656,135.8699951171875,137.05999755859375,133.32000732421875,133.4199981689453,81000500
2022-06-22,132.68646240234375,135.35000610351562,137.75999450683594,133.91000366210938,134.7899932861328,73409200
2022-06-23,135.54893493652344,138.27000427246094,138.58999633789062,135.6300048828125,136.82000732421875,72433800
2022-06-24,138.87225341796875,141.66000366210938,141.91000366210938,139.77000427246094,139.89999389648438,89116800
2022-06-27,138.87225341796875,141.66000366210938,143.49000549316406,140.97000122070312,142.6999969482422,70207900
2022-06-28,134.73533630371094,137.44000244140625,143.4199981689453,137.32000732421875,142.1300048828125,67083400
2022-06-29,136.49009704589844,139.22999572753906,140.6699981689453,136.6699981689453,137.4600067138672,66242400
2022-06-30,134.0294647216797,136.72000122070312,138.3699951171875,133.77000427246094,137.25,98964500
2022-07-01,136.1959686279297,138.92999267578125,139.0399932861328,135.66000366210938,136.0399932861328,71051600
2022-07-05,138.7742156982422,141.55999755859375,141.61000061035156,136.92999267578125,137.77000427246094,73353800
2022-07-06,140.10745239257812,142.9199981689453,144.1199951171875,141.0800018310547,141.35000610351562,74064300
2022-07-07,143.46995544433594,146.35000610351562,146.5500030517578,143.27999877929688,143.2899932861328,66253700
2022-07-08,144.14634704589844,147.0399932861328,147.5500030517578,145.0,145.25999450683594,64547800
2022-07-11,142.01910400390625,144.8699951171875,146.63999938964844,143.77999877929688,145.6699981689453,63141600
2022-07-12,142.9895782470703,145.86000061035156,148.4499969482422,145.0500030517578,145.75999450683594,77588800
2022-07-13,142.62686157226562,145.49000549316406,146.4499969482422,142.1199951171875,142.99000549316406,71185600
2022-07-14,145.54823303222656,148.47000122070312,148.9499969482422,143.25,144.0800018310547,78140700
2022-07-15,147.2147674560547,150.1699981689453,150.86000061035156,148.1999969482422,149.77999877929688,76259900
2022-07-18,144.17581176757812,147.07000732421875,151.57000732421875,146.6999969482422,150.74000549316406,81420900
2022-07-19,148.02847290039062,151.0,151.22999572753906,146.91000366210938,147.9199981689453,82982400
2022-07-20,150.02830505371094,153.0399932861328,153.72000122070312,150.3699951171875,151.1199951171875,64823400
2022-07-21,152.2928466796875,155.35000610351562,155.57000732421875,151.94000244140625,154.5,65086600
2022-07-22,151.05764770507812,154.08999633789062,156.27999877929688,153.41000366210938,155.38999938964844,66675400
2022-07-25,149.94009399414062,152.9499969482422,155.0399932861328,152.27999877929688,154.00999450683594,53623900
2022-07-26,148.6166534423828,151.60000610351562,153.08999633789062,150.8000030517578,152.25999450683594,55138700
2022-07-27,153.7045135498047,156.7899932861328,157.3300018310547,152.16000366210938,152.5800018310547,78620700
2022-07-28,154.2534942626953,157.35000610351562,157.63999938964844,154.41000366210938,156.97999572753906,81378700
2022-07-29,159.3119354248047,162.50999450683594,163.6300048828125,159.5,161.24000549316406,101786900
2022-08-01,158.3316192626953,161.50999450683594,163.58999633789062,160.88999938964844,161.00999450683594,67829400
2022-08-02,156.8611602783203,160.00999450683594,162.41000366210938,159.6300048828125,160.10000610351562,59907000
2022-08-03,162.86068725585938,166.1300048828125,166.58999633789062,160.75,160.83999633789062,82507500
2022-08-04,162.5469970703125,165.80999755859375,167.19000244140625,164.42999267578125,166.00999450683594,55474100
2022-08-05,162.32122802734375,165.35000610351562,165.85000610351562,163.0,163.2100067138672,56697000
2022-08-08,161.84999084472656,164.8699951171875,167.80999755859375,164.1999969482422,166.3699951171875,60276900
2022-08-09,161.8990936279297,164.9199981689453,165.82000732421875,163.25,164.02000427246094,63135500
2022-08-10,166.1399688720703,169.24000549316406,169.33999633789062,166.89999389648438,167.67999267578125,70170500
2022-08-11,165.40371704101562,168.49000549316406,170.99000549316406,168.19000244140625,170.05999755859375,57149200
2022-08-12,168.94757080078125,172.10000610351562,172.1699981689453,169.39999389648438,169.82000732421875,68039400
2022-08-15,170.01760864257812,173.19000244140625,173.38999938964844,171.35000610351562,171.52000427246094,54091700
2022-08-16,169.8605499267578,173.02999877929688,173.7100067138672,171.66000366210938,172.77999877929688,56377100
2022-08-17,171.3527069091797,174.5500030517578,176.14999389648438,172.57000732421875,172.77000427246094,79542000
2022-08-18,170.9600067138672,174.14999389648438,174.89999389648438,173.1199951171875,173.75,62290100
2022-08-19,168.37818908691406,171.52000427246094,173.74000549316406,171.30999755859375,173.02999877929688,70346300
2022-08-22,164.5005645751953,167.57000732421875,169.86000061035156,167.13999938964844,169.69000244140625,69026800
2022-08-23,164.1667938232422,167.22999572753906,168.7100067138672,166.64999389648438,167.0800018310547,54147100
2022-08-24,164.46131896972656,167.52999877929688,168.11000061035156,166.25,167.32000732421875,53841500
2022-08-25,166.9154815673828,170.02999877929688,170.13999938964844,168.35000610351562,168.77999877929688,51218200
2022-08-26,160.62289428710938,163.6199951171875,171.0500030517578,163.55999755859375,170.57000732421875,78961000
2022-08-29,158.42393493652344,161.3800048828125,162.89999389648438,159.82000732421875,161.14999389648438,73314000
2022-08-30,155.9991912841797,158.91000366210938,162.55999755859375,157.72000122070312,162.1300048828125,77906200
2022-08-31,154.34011840820312,157.22000122070312,160.5800018310547,157.13999938964844,160.30999755859375,87991100
2022-09-01,155.0666046142578,157.9600067138672,158.4199981689453,154.6699981689453,156.63999938964844,74229900
2022-09-02,152.9559783935547,155.80999755859375,160.36000061035156,154.97000122070312,159.75,76957800
2022-09-06,151.6993865966797,154.52999877929688,157.08999633789062,153.69000244140625,156.47000122070312,73714800
2022-09-07,153.1032257080078,155.9600067138672,156.6699981689453,153.61000061035156,154.82000732421875,87449600
2022-09-08,151.63070678710938,154.4600067138672,156.36000061035156,152.67999267578125,154.63999938964844,84923800
2022-09-09,154.48739624023438,157.3699951171875,157.82000732421875,154.75,155.47000122070312,68028800
2022-09-12,160.4364013671875,163.42999267578125,164.25999450683594,159.3000030517578,159.58999633789062,104956000
2022-09-13,151.02203369140625,153.83999633789062,160.5399932861328,153.3699951171875,159.89999389648438,122656600
2022-09-14,152.46511840820312,155.30999755859375,157.10000610351562,153.61000061035156,154.7899932861328,87965400
2022-09-15,149.57894897460938,152.3699951171875,155.24000549316406,151.3800048828125,154.64999389648438,90481100
2022-09-16,147.9395751953125,150.6999969482422,151.35000610351562,148.3699951171875,151.2100067138672,162278800
2022-09-19,151.6503143310547,154.47999572753906,154.55999755859375,149.10000610351562,149.30999755859375,81474200
2022-09-20,154.02598571777344,156.89999389648438,158.0800018310547,153.0800018310547,153.39999389648438,107689800
2022-09-21,150.90428161621094,153.72000122070312,158.74000549316406,153.60000610351562,157.33999633789062,101696800
2022-09-22,149.9422149658203,152.74000549316406,154.47000122070312,150.91000366210938,152.3800048828125,86652500
2022-09-23,147.67453002929688,150.42999267578125,151.47000122070312,148.55999755859375,151.19000244140625,96029900
2022-09-26,148.00827026367188,150.77000427246094,153.77000427246094,149.63999938964844,149.66000366210938,93339400
2022-09-27,148.9801788330078,151.75999450683594,154.72000122070312,149.9499969482422,152.74000549316406,84442700
2022-09-28,147.0952911376953,149.83999633789062,150.63999938964844,144.83999633789062,147.63999938964844,146691400
2022-09-29,139.87014770507812,142.47999572753906,146.72000122070312,140.67999267578125,146.10000610351562,128138200
2022-09-30,135.6685333251953,138.1999969482422,143.10000610351562,138.0,141.27999877929688,124925300
2022-10-03,139.84068298339844,142.4499969482422,143.07000732421875,137.69000244140625,138.2100067138672,114311700
2022-10-04,143.423828125,146.10000610351562,146.22000122070312,144.25999450683594,145.02999877929688,87830100
2022-10-05,143.7183074951172,146.39999389648438,147.3800048828125,143.00999450683594,144.07000732421875,79471000
2022-10-06,142.76612854003906,145.42999267578125,147.5399932861328,145.22000122070312,145.80999755859375,68402200
2022-10-07,137.5238800048828,140.08999633789062,143.10000610351562,139.4499969482422,142.5399932861328,85925600
2022-10-10,137.84788513183594,140.4199981689453,141.88999938964844,138.57000732421875,140.4199981689453,74899000
2022-10-11,136.43421936035156,138.97999572753906,141.35000610351562,138.22000122070312,139.89999389648438,77033700
2022-10-12,135.8059539794922,138.33999633789062,140.36000061035156,138.16000366210938,139.1300048828125,70433700
2022-10-13,140.3708038330078,142.99000549316406,143.58999633789062,134.3699951171875,134.99000549316406,113224000
2022-10-14,135.84521484375,138.3800048828125,144.52000427246094,138.19000244140625,144.30999755859375,88598000
2022-10-17,139.80142211914062,142.41000366210938,142.89999389648438,140.27000427246094,141.07000732421875,85250900
2022-10-18,141.1168975830078,143.75,146.6999969482422,140.61000061035156,145.49000549316406,99136600
2022-10-19,141.2248992919922,143.86000061035156,144.9499969482422,141.5,141.69000244140625,61758300
2022-10-20,140.76344299316406,143.38999938964844,145.88999938964844,142.64999389648438,143.02000427246094,64522000
2022-10-21,144.57240295410156,147.27000427246094,147.85000610351562,142.64999389648438,142.8699951171875,86548600
2022-10-24,146.7124786376953,149.4499969482422,150.22999572753906,146.0,147.19000244140625,75981900
2022-10-25,149.549560546875,152.33999633789062,152.49000549316406,149.36000061035156,150.08999633789062,74732300
2022-10-26,146.6142578125,149.35000610351562,151.99000549316406,148.0399932861328,150.9600067138672,88194300
2022-10-27,142.1476593017578,144.8000030517578,149.0500030517578,144.1300048828125,148.07000732421875,109180200
2022-10-28,152.8872528076172,155.74000549316406,157.5,147.82000732421875,148.1999969482422,164762400
2022-10-31,150.5312042236328,153.33999633789062,154.24000549316406,151.9199981689453,153.16000366210938,97943200
2022-11-01,147.89048767089844,150.64999389648438,155.4499969482422,149.1300048828125,155.0800018310547,80379300
2022-11-02,142.37339782714844,145.02999877929688,152.1699981689453,145.0,148.9499969482422,93604600
2022-11-03,136.3360595703125,138.8800048828125,142.8000030517578,138.75,142.05999755859375,97918500
2022-11-04,136.070556640625,138.3800048828125,142.6699981689453,134.3800048828125,142.08999633789062,140814800
2022-11-07,136.60154724121094,138.9199981689453,139.14999389648438,135.6699981689453,137.11000061035156,83374600
2022-11-08,137.1719207763672,139.5,141.42999267578125,137.49000549316406,140.41000366210938,89908500
2022-11-09,132.6191864013672,134.8699951171875,138.5500030517578,134.58999633789062,138.5,74917800
2022-11-10,144.4188995361328,146.8699951171875,146.8699951171875,139.5,141.24000549316406,118854000
2022-11-11,147.20166015625,149.6999969482422,150.00999450683594,144.3699951171875,145.82000732421875,93979700
2022-11-14,145.80535888671875,148.27999877929688,150.27999877929688,147.42999267578125,148.97000122070312,73374100
2022-11-15,147.53594970703125,150.0399932861328,153.58999633789062,148.55999755859375,152.22000122070312,89868300
2022-11-16,146.30682373046875,148.7899932861328,149.8699951171875,147.2899932861328,149.1300048828125,64218300
2022-11-17,148.20465087890625,150.72000122070312,151.47999572753906,146.14999389648438,146.42999267578125,80389400
2022-11-18,148.76513671875,151.2899932861328,152.6999969482422,149.97000122070312,152.30999755859375,74829600
2022-11-21,145.53985595703125,148.00999450683594,150.3699951171875,147.72000122070312,150.16000366210938,58724100
2022-11-22,147.67364501953125,150.17999267578125,150.4199981689453,146.92999267578125,148.1300048828125,51804100
2022-11-23,148.54879760742188,151.07000732421875,151.8300018310547,149.33999633789062,149.4499969482422,58301400
2022-11-25,145.63821411132812,148.11000061035156,148.8800048828125,147.1199951171875,148.30999755859375,35195900
2022-11-28,141.81312561035156,144.22000122070312,146.63999938964844,143.3800048828125,145.13999938964844,69246000
2022-11-29,138.8140411376953,141.1699981689453,144.80999755859375,140.35000610351562,144.2899932861328,83763800
2022-11-30,145.5595245361328,148.02999877929688,148.72000122070312,140.5500030517578,141.39999389648438,111380900
2022-12-01,145.83486938476562,148.30999755859375,149.1300048828125,146.61000061035156,148.2100067138672,71250400
2022-12-02,145.34317016601562,147.80999755859375,148.0,145.64999389648438,145.9600067138672,65447400
2022-12-05,144.1829071044922,146.6300048828125,150.9199981689453,145.77000427246094,147.77000427246094,68826400
2022-12-06,140.52499389648438,142.91000366210938,147.3000030517578,141.9199981689453,147.07000732421875,64727200
2022-12-07,138.58787536621094,140.94000244140625,143.3699951171875,140.0,142.19000244140625,69721100
2022-12-08,140.26930236816406,142.64999389648438,143.52000427246094,141.10000610351562,142.36000061035156,62128300
2022-12-09,139.78749084472656,142.16000366210938,145.57000732421875,140.89999389648438,142.33999633789062,76097000
2022-12-12,142.07862854003906,144.49000549316406,144.5,141.05999755859375,142.6999969482422,70462700
2022-12-13,143.04229736328125,145.47000122070312,149.97000122070312,144.24000549316406,149.5,93886200
2022-12-14,140.8199920654297,143.2100067138672,146.66000366210938,141.16000366210938,145.35000610351562,82291200
2022-12-15,134.22193908691406,136.5,141.8000030517578,136.02999877929688,141.11000061035156,98931900
2022-12-16,132.26515197753906,134.50999450683594,137.64999389648438,133.72999572753906,136.69000244140625,160156900
2022-12-19,130.16090393066406,132.3699951171875,135.1999969482422,131.32000732421875,135.11000061035156,79592600
2022-12-20,130.09207153320312,132.3000030517578,133.25,129.88999938964844,131.38999938964844,77432800
2022-12-21,133.18946838378906,135.4499969482422,136.80999755859375,132.75,132.97999572753906,85928000
2022-12-22,130.02320861816406,132.22999572753906,134.55999755859375,130.3000030517578,134.35000610351562,77852100
2022-12-23,129.65940856933594,131.86000061035156,132.4199981689453,129.63999938964844,130.9199981689453,63814900
2022-12-27,127.8599624633789,130.02999877929688,131.41000366210938,128.72000122070312,131.3800048828125,69007800
2022-12-28,123.93653106689453,126.04000091552734,131.02999877929688,125.87000274658203,129.6699981689453,85438400
2022-12-29,127.44697570800781,129.61000061035156,130.47999572753906,127.7300033569336,127.98999786376953,75703700
2022-12-30,127.76158905029297,129.92999267578125,129.9499969482422,127.43000030517578,128.41000366210938,77034200
2023-01-03,122.98270416259766,125.06999969482422,130.89999389648438,124.16999816894531,130.27999877929688,112117500
2023-01-04,124.25119018554688,126.36000061035156,128.66000366210938,125.08000183105469,126.88999938964844,89113600
2023-01-05,122.93354034423828,125.0199966430664,127.7699966430664,124.76000213623047,127.12999725341797,80962700
2023-01-06,127.4568099975586,129.6199951171875,130.2899932861328,124.88999938964844,126.01000213623047,87754700
2023-01-09,127.97794342041016,130.14999389648438,133.41000366210938,129.88999938964844,130.47000122070312,70790800
2023-01-10,128.54824829101562,130.72999572753906,131.25999450683594,128.1199951171875,130.25999450683594,63896200
2023-01-11,131.26220703125,133.49000549316406,133.50999450683594,130.4600067138672,131.25,69458900
2023-01-12,131.18353271484375,133.41000366210938,134.25999450683594,131.44000244140625,133.8800048828125,71379600
2023-01-13,132.51100158691406,134.75999450683594,134.9199981689453,131.66000366210938,132.02999877929688,57809700
2023-01-17,133.67129516601562,135.94000244140625,137.2899932861328,134.1300048828125,134.8300018310547,63646600
2023-01-18,132.95347595214844,135.2100067138672,138.61000061035156,135.02999877929688,136.82000732421875,69672800
2023-01-19,133.01251220703125,135.27000427246094,136.25,133.77000427246094,134.0800018310547,58280400
2023-01-20,135.569091796875,137.8699951171875,138.02000427246094,134.22000122070312,135.27999877929688,80223600
2023-01-23,138.75503540039062,141.11000061035156,143.32000732421875,137.89999389648438,138.1199951171875,81760300
2023-01-24,140.15135192871094,142.52999877929688,143.16000366210938,140.3000030517578,140.30999755859375,66435100
2023-01-25,139.49249267578125,141.86000061035156,142.42999267578125,138.80999755859375,140.88999938964844,65799300
2023-01-26,141.55747985839844,143.9600067138672,144.25,141.89999389648438,143.1699981689453,54105100
2023-01-27,143.49459838867188,145.92999267578125,147.22999572753906,143.0800018310547,143.16000366210938,70555800
2023-01-30,140.61346435546875,143.0,145.5500030517578,142.85000610351562,144.9600067138672,64015300
2023-01-31,141.8819580078125,144.2899932861328,144.33999633789062,142.27999877929688,142.6999969482422,65874500
2023-02-01,143.0029296875,145.42999267578125,146.61000061035156,141.32000732421875,143.97000122070312,77663600
2023-02-02,148.302978515625,150.82000732421875,151.17999267578125,148.1699981689453,148.89999389648438,118339000
2023-02-03,151.92156982421875,154.5,157.3800048828125,147.8300018310547,148.02999877929688,154357300
2023-02-06,149.19776916503906,151.72999572753906,153.10000610351562,150.77999877929688,152.57000732421875,69858300
2023-02-07,152.06906127929688,154.64999389648438,155.22999572753906,150.63999938964844,150.63999938964844,83322600
2023-02-08,149.3846435546875,151.9199981689453,154.5800018310547,151.1699981689453,153.8800048828125,64120100
2023-02-09,148.35215759277344,150.8699951171875,154.3300018310547,150.4199981689453,153.77999877929688,56007100
2023-02-10,148.71652221679688,151.00999450683594,151.33999633789062,149.22000122070312,149.4600067138672,57450700
2023-02-13,151.51339721679688,153.85000610351562,154.25999450683594,150.9199981689453,150.9499969482422,62199000
2023-02-14,150.8732452392578,153.1999969482422,153.77000427246094,150.86000061035156,152.1199951171875,61707600
2023-02-15,152.97088623046875,155.3300018310547,155.5,152.8800048828125,153.11000061035156,65573800
2023-02-16,151.37551879882812,153.7100067138672,156.3300018310547,153.35000610351562,153.50999450683594,68167900
2023-02-17,150.233154296875,152.5500030517578,153.0,150.85000610351562,152.35000610351562,59144100
2023-02-21,146.2249298095703,148.47999572753906,151.3000030517578,148.41000366210938,150.1999969482422,58867200
2023-02-22,146.64840698242188,148.91000366210938,149.9499969482422,147.16000366210938,148.8699951171875,51011300
2023-02-23,147.13096618652344,149.39999389648438,150.33999633789062,147.24000549316406,150.08999633789062,48394200
2023-02-24,144.48184204101562,146.7100067138672,147.19000244140625,145.72000122070312,147.11000061035156,55469600
2023-02-27,145.67343139648438,147.9199981689453,149.1699981689453,147.4499969482422,147.7100067138672,44998500
2023-02-28,145.1712188720703,147.41000366210938,149.0800018310547,146.8300018310547,147.0500030517578,50547000
2023-03-01,143.1030731201172,145.30999755859375,147.22999572753906,145.00999450683594,146.8300018310547,55479000
2023-03-02,143.69398498535156,145.91000366210938,146.7100067138672,143.89999389648438,144.3800048828125,52238100
2023-03-03,148.73622131347656,151.02999877929688,151.11000061035156,147.3300018310547,148.0399932861328,70732300
2023-03-06,151.4936981201172,153.8300018310547,156.3000030517578,153.4600067138672,153.7899932861328,87558000
2023-03-07,149.29754638671875,151.60000610351562,154.02999877929688,151.1300048828125,153.6999969482422,56182000
2023-03-08,150.5482635498047,152.8699951171875,153.47000122070312,151.8300018310547,152.80999755859375,47204800
2023-03-09,148.3029022216797,150.58999633789062,154.5399932861328,150.22999572753906,153.55999755859375,53833600
2023-03-10,146.24465942382812,148.5,150.94000244140625,147.61000061035156,150.2100067138672,68572400
2023-03-13,148.1847381591797,150.47000122070312,153.13999938964844,147.6999969482422,147.80999755859375,84457100
2023-03-14,150.2725067138672,152.58999633789062,153.39999389648438,150.10000610351562,151.27999877929688,73695900
2023-03-15,150.6664276123047,152.99000549316406,153.25,149.9199981689453,151.19000244140625,77167900
2023-03-16,153.4830322265625,155.85000610351562,156.4600067138672,151.63999938964844,152.16000366210938,76161100
2023-03-17,152.6459197998047,155.0,156.74000549316406,154.27999877929688,156.0800018310547,98944600
2023-03-20,155.00946044921875,157.39999389648438,157.82000732421875,154.14999389648438,155.07000732421875,73641400
2023-03-21,156.86090087890625,159.27999877929688,159.39999389648438,156.5399932861328,157.32000732421875,73938300
2023-03-22,155.43295288085938,157.8300018310547,162.13999938964844,157.80999755859375,159.3000030517578,75701800
2023-03-23,156.51622009277344,158.92999267578125,161.5500030517578,157.67999267578125,158.8300018310547,67622100
2023-03-24,157.81619262695312,160.25,160.33999633789062,157.85000610351562,158.86000061035156,59196500
2023-03-27,155.87612915039062,158.27999877929688,160.77000427246094,157.8699951171875,159.94000244140625,52390300
2023-03-28,155.2556610107422,157.64999389648438,158.49000549316406,155.97999572753906,157.97000122070312,45992200
2023-03-29,158.32830810546875,160.77000427246094,161.0500030517578,159.35000610351562,159.3699951171875,51305700
2023-03-30,159.89414978027344,162.36000061035156,162.47000122070312,161.27000427246094,161.52999877929688,49501700
2023-03-31,162.3955841064453,164.89999389648438,165.0,161.91000366210938,162.44000244140625,68749800
2023-04-03,163.6462860107422,166.1699981689453,166.2899932861328,164.22000122070312,164.27000427246094,56976200
2023-04-04,163.11451721191406,165.6300048828125,166.83999633789062,165.11000061035156,166.60000610351562,46278300
2023-04-05,161.2728729248047,163.75999450683594,165.0500030517578,161.8000030517578,164.74000549316406,51511700
2023-04-06,162.15921020507812,164.66000366210938,164.9600067138672,162.0,162.42999267578125,45390100
2023-04-10,159.5691680908203,162.02999877929688,162.02999877929688,160.0800018310547,161.4199981689453,47716900
2023-04-11,158.35784912109375,160.8000030517578,162.36000061035156,160.50999450683594,162.35000610351562,47644200
2023-04-12,157.66847229003906,160.10000610351562,162.05999755859375,159.77999877929688,161.22000122070312,50133100
2023-04-13,163.04554748535156,165.55999755859375,165.8000030517578,161.4199981689453,161.6300048828125,68445600
2023-04-14,162.7008514404297,165.2100067138672,166.32000732421875,163.82000732421875,164.58999633789062,49386500
2023-04-17,162.72056579589844,165.22999572753906,165.38999938964844,164.02999877929688,165.08999633789062,41516200
2023-04-18,163.94171142578125,166.47000122070312,167.41000366210938,165.64999389648438,166.10000610351562,49923000
2023-04-19,165.0841064453125,167.6300048828125,168.16000366210938,165.5399932861328,165.8000030517578,47720200
2023-04-20,164.11898803710938,166.64999389648438,167.8699951171875,165.55999755859375,166.08999633789062,52456400
2023-04-21,162.51377868652344,165.02000427246094,166.4499969482422,164.49000549316406,165.0500030517578,58337300
2023-04-24,162.81903076171875,165.3300018310547,165.60000610351562,163.88999938964844,165.0,41949600
2023-04-25,161.28274536132812,163.77000427246094,166.30999755859375,163.72999572753906,165.19000244140625,48714100
2023-04-26,161.2728729248047,163.75999450683594,165.27999877929688,162.8000030517578,163.05999755859375,45498800
2023-04-27,165.85226440429688,168.41000366210938,168.55999755859375,165.19000244140625,165.19000244140625,64902300
2023-04-28,167.10296630859375,169.67999267578125,169.85000610351562,167.8800048828125,168.49000549316406,55275900
2023-05-01,167.01434326171875,169.58999633789062,170.4499969482422,168.63999938964844,169.27999877929688,52472900
2023-05-02,165.9803009033203,168.5399932861328,170.35000610351562,167.5399932861328,170.08999633789062,48425700
2023-05-03,164.90682983398438,167.4499969482422,170.9199981689453,167.16000366210938,169.5,65136000
2023-05-04,163.27206420898438,165.7899932861328,167.0399932861328,164.30999755859375,164.88999938964844,81235400
2023-05-05,170.9339141845703,173.57000732421875,174.3000030517578,170.75999450683594,170.97999572753906,113453200
2023-05-08,170.86495971679688,173.5,173.85000610351562,172.11000061035156,172.47999572753906,55962800
2023-05-09,169.16123962402344,171.77000427246094,173.5399932861328,171.60000610351562,173.0500030517578,45326900
2023-05-10,170.9240264892578,173.55999755859375,174.02999877929688,171.89999389648438,173.02000427246094,53724500
2023-05-11,171.11114501953125,173.75,174.58999633789062,172.1699981689453,173.85000610351562,49514700
2023-05-12,170.1841583251953,172.57000732421875,174.05999755859375,171.0,173.6199951171875,45533100
2023-05-15,169.69107055664062,172.07000732421875,173.2100067138672,171.47000122070312,173.16000366210938,37266700
2023-05-16,169.69107055664062,172.07000732421875,173.13999938964844,171.8000030517578,171.99000549316406,42110300
2023-05-17,170.30250549316406,172.69000244140625,172.92999267578125,170.4199981689453,171.7100067138672,57951600
2023-05-18,172.6298828125,175.0500030517578,175.24000549316406,172.5800018310547,173.0,65496700
2023-05-19,172.7383575439453,175.16000366210938,176.38999938964844,174.94000244140625,176.38999938964844,55809500
2023-05-22,171.79161071777344,174.1999969482422,174.7100067138672,173.4499969482422,173.97999572753906,43570900
2023-05-23,169.1881103515625,171.55999755859375,173.3800048828125,171.27999877929688,173.1300048828125,50747300
2023-05-24,169.46424865722656,171.83999633789062,172.4199981689453,170.52000427246094,171.08999633789062,45143500
2023-05-25,170.59835815429688,172.99000549316406,173.89999389648438,171.69000244140625,172.41000366210938,56058300
2023-05-26,173.00457763671875,175.42999267578125,175.77000427246094,173.11000061035156,173.32000732421875,54835000
2023-05-30,174.84878540039062,177.3000030517578,178.99000549316406,176.57000732421875,176.9600067138672,55964400
2023-05-31,174.79946899414062,177.25,179.35000610351562,176.75999450683594,177.3300018310547,99625300
2023-06-01,177.6001739501953,180.08999633789062,180.1199951171875,176.92999267578125,177.6999969482422,68901800
2023-06-02,178.4482879638672,180.9499969482422,181.77999877929688,179.25999450683594,181.02999877929688,61996900
2023-06-05,177.09722900390625,179.5800018310547,184.9499969482422,178.0399932861328,182.6300048828125,121946500
2023-06-06,176.7323760986328,179.2100067138672,180.1199951171875,177.42999267578125,179.97000122070312,64848400
2023-06-07,175.36155700683594,177.82000732421875,181.2100067138672,177.32000732421875,178.44000244140625,61944600
2023-06-08,178.07357788085938,180.57000732421875,180.83999633789062,177.4600067138672,177.89999389648438,50214900
2023-06-09,178.4581756591797,180.9600067138672,182.22999572753906,180.6300048828125,181.5,48900000
2023-06-12,181.24905395507812,183.7899932861328,183.88999938964844,180.97000122070312,181.27000427246094,54274900
2023-06-13,180.77566528320312,183.30999755859375,184.14999389648438,182.44000244140625,182.8000030517578,54929100
2023-06-14,181.40682983398438,183.9499969482422,184.38999938964844,182.02000427246094,183.3699951171875,57462900
2023-06-15,183.43833923339844,186.00999450683594,186.52000427246094,183.77999877929688,183.9600067138672,65433200
2023-06-16,182.3634033203125,184.9199981689453,186.99000549316406,184.27000427246094,186.72999572753906,101256200
2023-06-20,182.45217895507812,185.00999450683594,186.10000610351562,184.41000366210938,184.41000366210938,49799100
2023-06-21,181.41668701171875,183.9600067138672,185.41000366210938,182.58999633789062,184.89999389648438,49515700
2023-06-22,184.4146728515625,187.0,187.0500030517578,183.6699981689453,183.74000549316406,51245300
2023-06-23,184.0990753173828,186.67999267578125,187.55999755859375,185.00999450683594,185.5500030517578,53117000
2023-06-26,182.70858764648438,185.27000427246094,188.0500030517578,185.22999572753906,186.8300018310547,48088700
2023-06-27,185.45997619628906,188.05999755859375,188.38999938964844,185.6699981689453,185.88999938964844,50730800
2023-06-28,186.63352966308594,189.25,189.89999389648438,187.60000610351562,187.92999267578125,51216800
2023-06-29,186.96884155273438,189.58999633789062,190.07000732421875,188.94000244140625,189.0800018310547,46347300
2023-06-30,191.2882843017578,193.97000122070312,194.47999572753906,191.25999450683594,191.6300048828125,85213200
2023-07-03,189.7991943359375,192.4600067138672,193.8800048828125,191.75999450683594,193.77999877929688,31458200
2023-07-05,188.6847686767578,191.3300018310547,192.97999572753906,190.6199951171875,191.57000732421875,46920300
2023-07-06,189.1581268310547,191.80999755859375,192.02000427246094,189.1999969482422,189.83999633789062,45094300
2023-07-07,188.0437774658203,190.67999267578125,192.6699981689453,190.24000549316406,191.41000366210938,46815000
2023-07-10,186.0023956298828,188.61000061035156,189.99000549316406,187.0399932861328,189.25999450683594,59922200
2023-07-11,185.47972106933594,188.0800018310547,189.3000030517578,186.60000610351562,189.16000366210938,46638100
2023-07-12,187.1463623046875,189.77000427246094,191.6999969482422,188.47000122070312,189.67999267578125,60750200
2023-07-13,187.90570068359375,190.5399932861328,191.19000244140625,189.77999877929688,190.5,41342300
2023-07-14,188.0536346435547,190.69000244140625,191.17999267578125,189.6300048828125,190.22999572753906,41616200
2023-07-17,191.30801391601562,193.99000549316406,194.32000732421875,191.80999755859375,191.89999389648438,50520200
2023-07-18,191.05162048339844,193.72999572753906,194.3300018310547,192.4199981689453,193.35000610351562,48288200
2023-07-19,192.40269470214844,195.10000610351562,198.22999572753906,192.64999389648438,193.10000610351562,80507300
2023-07-20,190.45993041992188,193.1300048828125,196.47000122070312,192.5,195.08999633789062,59581200
2023-07-21,189.2863311767578,191.94000244140625,194.97000122070312,191.22999572753906,194.10000610351562,71951700
2023-07-24,190.08514404296875,192.75,194.91000366210938,192.25,193.41000366210938,45377800
2023-07-25,190.94313049316406,193.6199951171875,194.44000244140625,192.9199981689453,193.3300018310547,37283200
2023-07-26,191.81094360351562,194.5,195.63999938964844,193.32000732421875,193.6699981689453,47471900
2023-07-27,190.54867553710938,193.22000122070312,197.1999969482422,192.5500030517578,196.02000427246094,47460200
2023-07-28,193.12258911132812,195.8300018310547,196.6300048828125,194.13999938964844,194.6699981689453,48291400
2023-07-31,193.73399353027344,196.4499969482422,196.49000549316406,195.25999450683594,196.05999755859375,38824100
2023-08-01,192.90560913085938,195.61000061035156,196.72999572753906,195.27999877929688,196.24000549316406,35175100
2023-08-02,189.91751098632812,192.5800018310547,195.17999267578125,191.85000610351562,195.0399932861328,50389300
2023-08-03,188.5270233154297,191.1699981689453,192.3699951171875,190.69000244140625,191.57000732421875,61235200
2023-08-04,179.4739227294922,181.99000549316406,187.3800048828125,181.9199981689453,185.52000427246094,115956800
2023-08-07,176.37734985351562,178.85000610351562,183.1300048828125,177.35000610351562,182.1300048828125,97576100
2023-08-08,177.314208984375,179.8000030517578,180.27000427246094,177.5800018310547,179.69000244140625,67823000
2023-08-09,175.72645568847656,178.19000244140625,180.92999267578125,177.00999450683594,180.8699951171875,60378500
2023-08-10,175.50946044921875,177.97000122070312,180.75,177.60000610351562,179.47999572753906,54686900
2023-08-11,175.5687713623047,177.7899932861328,178.6199951171875,176.5500030517578,177.32000732421875,52036700
2023-08-14,177.21786499023438,179.4600067138672,179.69000244140625,177.30999755859375,177.97000122070312,43675600
2023-08-15,175.2329864501953,177.4499969482422,179.47999572753906,177.0500030517578,178.8800048828125,43622600
2023-08-16,174.36398315429688,176.57000732421875,178.5399932861328,176.5,177.1300048828125,46964900
2023-08-17,171.8261260986328,174.0,177.50999450683594,173.47999572753906,177.13999938964844,66062900
2023-08-18,172.30999755859375,174.49000549316406,175.10000610351562,171.9600067138672,172.3000030517578,61172200
2023-08-21,173.6431121826172,175.83999633789062,176.1300048828125,173.74000549316406,175.07000732421875,46311900
2023-08-22,175.01573181152344,177.22999572753906,177.67999267578125,176.25,177.05999755859375,42038900
2023-08-23,178.8571319580078,181.1199951171875,181.5500030517578,178.3300018310547,178.52000427246094,52722800
2023-08-24,174.17637634277344,176.3800048828125,181.10000610351562,176.00999450683594,180.6699981689453,54945800
2023-08-25,176.3784942626953,178.61000061035156,179.14999389648438,175.82000732421875,177.3800048828125,51449600
2023-08-28,177.9387664794922,180.19000244140625,180.58999633789062,178.5500030517578,180.08999633789062,43820700
2023-08-29,181.81964111328125,184.1199951171875,184.89999389648438,179.5,179.6999969482422,53003900
2023-08-30,185.30555725097656,187.64999389648438,187.85000610351562,184.74000549316406,184.94000244140625,60813900
2023-08-31,185.52281188964844,187.8699951171875,189.1199951171875,187.47999572753906,187.83999633789062,60794500
2023-09-01,187.09295654296875,189.4600067138672,189.9199981689453,188.27999877929688,189.49000549316406,45766500
2023-09-05,187.3299560546875,189.6999969482422,189.97999572753906,187.61000061035156,188.27999877929688,45280000
2023-09-06,180.62478637695312,182.91000366210938,188.85000610351562,181.47000122070312,188.39999389648438,81755800
2023-09-07,175.3416290283203,177.55999755859375,178.2100067138672,173.5399932861328,175.17999267578125,112488800
2023-09-08,175.95387268066406,178.17999267578125,180.24000549316406,177.7899932861328,178.35000610351562,65551300
2023-09-11,177.119140625,179.36000061035156,180.3000030517578,177.33999633789062,180.07000732421875,58953100
2023-09-12,174.09735107421875,176.3000030517578,180.1300048828125,174.82000732421875,179.49000549316406,90370200
2023-09-13,172.0334930419922,174.2100067138672,177.3000030517578,173.97999572753906,176.50999450683594,84267900
2023-09-14,173.5443572998047,175.74000549316406,176.10000610351562,173.5800018310547,174.0,60895800
2023-09-15,172.82347106933594,175.00999450683594,176.5,173.82000732421875,176.47999572753906,109259500
2023-09-18,175.74649047851562,177.97000122070312,179.3800048828125,176.1699981689453,176.47999572753906,67257600
2023-09-19,176.832763671875,179.07000732421875,179.6300048828125,177.1300048828125,177.52000427246094,51826900
2023-09-20,173.29747009277344,175.49000549316406,179.6999969482422,175.39999389648438,179.25999450683594,58436200
2023-09-21,171.75694274902344,173.92999267578125,176.3000030517578,173.86000061035156,174.5500030517578,63149100
2023-09-22,172.606201171875,174.7899932861328,177.0800018310547,174.0500030517578,174.6699981689453,56725400
2023-09-25,173.88009643554688,176.0800018310547,176.97000122070312,174.14999389648438,174.1999969482422,46172700
2023-09-26,169.81161499023438,171.9600067138672,175.1999969482422,171.66000366210938,174.82000732421875,64588900
2023-09-27,168.30068969726562,170.42999267578125,173.0399932861328,169.0500030517578,172.6199951171875,66921800
2023-09-28,168.55746459960938,170.69000244140625,172.02999877929688,167.6199951171875,169.33999633789062,56294400
2023-09-29,169.07095336914062,171.2100067138672,173.07000732421875,170.33999633789062,172.02000427246094,51861100
2023-10-02,171.5792236328125,173.75,174.3000030517578,170.92999267578125,171.22000122070312,52164500
2023-10-03,170.24607849121094,172.39999389648438,173.6300048828125,170.82000732421875,172.25999450683594,49594600
2023-10-04,171.49034118652344,173.66000366210938,174.2100067138672,170.97000122070312,171.08999633789062,53020300
2023-10-05,172.7247314453125,174.91000366210938,175.4499969482422,172.67999267578125,173.7899932861328,48527900
2023-10-06,175.2725067138672,177.49000549316406,177.99000549316406,173.17999267578125,173.8000030517578,57266700
2023-10-09,176.75376892089844,178.99000549316406,179.0500030517578,175.8000030517578,176.80999755859375,42390800
2023-10-10,176.16122436523438,178.38999938964844,179.72000122070312,177.9499969482422,178.10000610351562,43698000
2023-10-11,177.55364990234375,179.8000030517578,179.85000610351562,177.60000610351562,178.1999969482422,47551100
2023-10-12,178.4522705078125,180.7100067138672,182.33999633789062,179.0399932861328,180.07000732421875,56743100
2023-10-13,176.61550903320312,178.85000610351562,181.92999267578125,178.13999938964844,181.4199981689453,51427100
2023-10-16,176.48712158203125,178.72000122070312,179.0800018310547,176.50999450683594,176.75,52517000
2023-10-17,174.93675231933594,177.14999389648438,178.4199981689453,174.8000030517578,176.64999389648438,57549400
2023-10-18,173.6431121826172,175.83999633789062,177.5800018310547,175.11000061035156,175.5800018310547,54764400
2023-10-19,173.2678680419922,175.4600067138672,177.83999633789062,175.19000244140625,176.0399932861328,59302900
2023-10-20,170.72010803222656,172.8800048828125,175.4199981689453,172.63999938964844,175.30999755859375,64244000
2023-10-23,170.83860778808594,173.0,174.00999450683594,169.92999267578125,170.91000366210938,55980100
2023-10-24,171.2730712890625,173.44000244140625,173.6699981689453,171.4499969482422,173.0500030517578,43816600
2023-10-25,168.9623565673828,171.10000610351562,173.05999755859375,170.64999389648438,171.8800048828125,57157000
2023-10-26,164.80494689941406,166.88999938964844,171.3800048828125,165.6699981689453,170.3699951171875,70625300
2023-10-27,166.11831665039062,168.22000122070312,168.9600067138672,166.8300018310547,166.91000366210938,58499100
2023-10-30,168.16244506835938,170.2899932861328,171.1699981689453,168.8699951171875,169.02000427246094,51131000
2023-10-31,168.63645935058594,170.77000427246094,170.89999389648438,167.89999389648438,169.35000610351562,44846000
2023-11-01,171.7964630126953,173.97000122070312,174.22999572753906,170.1199951171875,171.0,56934900
2023-11-02,175.3514862060547,177.57000732421875,177.77999877929688,175.4600067138672,175.52000427246094,77334800
2023-11-03,174.44297790527344,176.64999389648438,176.82000732421875,173.35000610351562,174.24000549316406,79829200
2023-11-06,176.99075317382812,179.22999572753906,179.42999267578125,176.2100067138672,176.3800048828125,63841300
2023-11-07,179.5484161376953,181.82000732421875,182.44000244140625,178.97000122070312,179.17999267578125,70530000
2023-11-08,180.6050262451172,182.88999938964844,183.4499969482422,181.58999633789062,182.35000610351562,49340300
2023-11-09,180.1310272216797,182.41000366210938,184.1199951171875,181.80999755859375,182.9600067138672,53763500
2023-11-10,184.3136749267578,186.39999389648438,186.57000732421875,183.52999877929688,183.97000122070312,66133400
2023-11-13,182.73158264160156,184.8000030517578,186.02999877929688,184.2100067138672,185.82000732421875,43627500
2023-11-14,185.342041015625,187.44000244140625,188.11000061035156,186.3000030517578,187.6999969482422,60108400
2023-11-15,185.9056396484375,188.00999450683594,189.5,187.77999877929688,187.85000610351562,53790500
2023-11-16,187.58663940429688,189.7100067138672,190.9600067138672,188.64999389648438,189.57000732421875,54412900
2023-11-17,187.56686401367188,189.69000244140625,190.3800048828125,188.57000732421875,190.25,50922700
2023-11-20,189.30711364746094,191.4499969482422,191.91000366210938,189.8800048828125,189.88999938964844,46505100
2023-11-21,188.50624084472656,190.63999938964844,191.52000427246094,189.74000549316406,191.41000366210938,38134500
2023-11-22,189.16873168945312,191.30999755859375,192.92999267578125,190.8300018310547,191.49000549316406,39617700
2023-11-24,187.84371948242188,189.97000122070312,190.89999389648438,189.25,190.8699951171875,24048300
2023-11-27,187.6657257080078,189.7899932861328,190.6699981689453,188.89999389648438,189.9199981689453,40552600
2023-11-28,188.2689208984375,190.39999389648438,191.0800018310547,189.39999389648438,189.77999877929688,38415400
2023-11-29,187.25042724609375,189.3699951171875,192.08999633789062,188.97000122070312,190.89999389648438,43014200
2023-11-30,187.8239288330078,189.9499969482422,190.32000732421875,188.19000244140625,189.83999633789062,48794400
2023-12-01,189.09951782226562,191.24000549316406,191.55999755859375,189.22999572753906,190.3300018310547,45704800
2023-12-04,187.3097686767578,189.42999267578125,190.0500030517578,187.4499969482422,189.97999572753906,43389500
2023-12-05,191.255126953125,193.4199981689453,194.39999389648438,190.17999267578125,190.2100067138672,66628400
2023-12-06,190.1674346923828,192.32000732421875,194.75999450683594,192.11000061035156,194.4499969482422,41089700
2023-12-07,192.09561157226562,194.27000427246094,195.0,193.58999633789062,193.6300048828125,47477700
2023-12-08,193.51950073242188,195.7100067138672,195.99000549316406,193.6699981689453,194.1999969482422,53406400
2023-12-11,191.01780700683594,193.17999267578125,193.49000549316406,191.4199981689453,193.11000061035156,60943700
2023-12-12,192.5306396484375,194.7100067138672,194.72000122070312,191.72000122070312,193.0800018310547,52696900
2023-12-13,195.74427795410156,197.9600067138672,198.0,194.85000610351562,195.08999633789062,70404200
2023-12-14,195.89263916015625,198.11000061035156,199.6199951171875,196.16000366210938,198.02000427246094,66831600
2023-12-15,195.35867309570312,197.57000732421875,198.39999389648438,197.0,197.52999877929688,128538400
2023-12-18,193.6974639892578,195.88999938964844,196.6300048828125,194.38999938964844,196.08999633789062,55751900
2023-12-19,194.7357177734375,196.94000244140625,196.9499969482422,195.88999938964844,196.16000366210938,40714100
2023-12-20,192.64930725097656,194.8300018310547,197.67999267578125,194.8300018310547,196.89999389648438,52242800
2023-12-21,192.5010223388672,194.67999267578125,197.0800018310547,193.5,196.10000610351562,46482500
2023-12-22,191.43312072753906,193.60000610351562,195.41000366210938,192.97000122070312,195.17999267578125,37149600
2023-12-26,190.88926696777344,193.0500030517578,193.88999938964844,192.8300018310547,193.61000061035156,28919300
2023-12-27,190.98812866210938,193.14999389648438,193.5,191.08999633789062,192.49000549316406,48087700
2023-12-28,191.41329956054688,193.5800018310547,194.66000366210938,193.1699981689453,194.13999938964844,34049900
2023-12-29,190.37509155273438,192.52999877929688,194.39999389648438,191.72999572753906,193.89999389648438,42672100
