Es,Sx,Sxx,Sy,Syy,PQ-10,PQ-9,PQ-8,PQ-7,PQ-6,PQ-5,PQ-4,PQ-3,PQ-2,PQ-1,PQ0
(0.005429857831468681+0j),[4.50467596e-18],[1.],[0.14696999],[1.],"(array([0.00830026]), array([0.01437648]))","(array([0.]), array([0.]))","(array([0.]), array([0.]))","(array([0.]), array([0.]))","(array([0.]), array([0.]))","(array([0.]), array([0.]))","(array([0.]), array([0.]))","(array([0.]), array([0.]))","(array([0.]), array([0.]))","(array([0.]), array([0.]))","(array([0.01660052]), array([9.75781955e-17]))"
(0.0274979917714245+0j),[2.74484346e-15],[1.],[0.32691945],[1.],"(array([0.02679344]), array([0.0464076]))","(array([3.28950693e-28]), array([4.75958817e-29]))","(array([-3.31610203e-29]), array([-4.15616936e-29]))","(array([3.63256451e-28]), array([1.07526321e-27]))","(array([9.58777137e-26]), array([1.10386001e-25]))","(array([4.5986648e-27]), array([7.81853111e-27]))","(array([5.75208669e-27]), array([-5.0428808e-27]))","(array([-2.80389212e-27]), array([-7.34232596e-26]))","(array([8.75357552e-26]), array([-3.89102756e-26]))","(array([0.01660052]), array([4.0939474e-16]))","(array([0.05358688]), array([5.89805982e-16]))"
(0.07380448916602562+0j),[6.5807194e-15],[1.],[0.52192755],[1.],"(array([0.048049]), array([0.08322331]))","(array([1.4840693e-22]), array([1.04435495e-22]))","(array([3.30982398e-22]), array([5.62792769e-22]))","(array([-4.41973203e-21]), array([2.83306662e-21]))","(array([-2.10182323e-21]), array([1.53884912e-21]))","(array([-8.13865505e-22]), array([5.64109083e-22]))","(array([-6.97101393e-21]), array([3.54155493e-21]))","(array([-3.4797003e-23]), array([-1.09862871e-22]))","(array([0.01660052]), array([3.43908929e-16]))","(array([0.05358688]), array([5.79397641e-16]))","(array([0.09609801]), array([1.20042865e-15]))"
(0.14720679635141212+0j),[5.30908498e-15],[1.],[0.70469968],[1.],"(array([0.06949649]), array([0.12037144]))","(array([-5.62501135e-21]), array([1.12701811e-21]))","(array([-2.85170487e-21]), array([5.26910824e-22]))","(array([2.11650952e-21]), array([1.56224326e-21]))","(array([4.8277249e-22]), array([-7.43483506e-23]))","(array([-3.06995347e-21]), array([3.17449359e-22]))","(array([-4.0384094e-22]), array([9.9912685e-22]))","(array([0.01660052]), array([2.87530416e-16]))","(array([0.05358688]), array([6.31439345e-16]))","(array([0.09609801]), array([1.1379786e-15]))","(array([0.13899297]), array([2.01227923e-15]))"
(0.24267940882717345+0j),[2.08408718e-15],[1.],[0.84588199],[1.],"(array([0.08788452]), array([0.15222046]))","(array([1.40342967e-20]), array([9.97236154e-20]))","(array([-2.25096356e-20]), array([3.61150756e-20]))","(array([-2.96380066e-22]), array([7.00783754e-21]))","(array([1.29225064e-21]), array([-1.45109709e-20]))","(array([-6.39793879e-21]), array([4.76146502e-21]))","(array([0.01660052]), array([2.11202583e-16]))","(array([0.05358688]), array([3.13984949e-16]))","(array([0.09609801]), array([1.57859836e-15]))","(array([0.13899297]), array([1.56819002e-15]))","(array([0.17576904]), array([3.67761377e-16]))"
(0.34748077227288465+0j),[5.38303978e-15],[1.],[0.92491463],[1.],"(array([0.10033471]), array([0.17378481]))","(array([3.97426979e-20]), array([9.05327163e-20]))","(array([-4.2815423e-19]), array([2.7697178e-19]))","(array([-5.18374988e-19]), array([2.80616896e-19]))","(array([-2.40610025e-19]), array([5.42203034e-20]))","(array([0.01660052]), array([2.11636264e-16]))","(array([0.05358688]), array([3.694961e-16]))","(array([0.09609801]), array([1.53002611e-15]))","(array([0.13899297]), array([1.39471767e-15]))","(array([0.17576904]), array([7.70217223e-16]))","(array([0.20066941]), array([1.68615122e-15]))"
(0.44530936262880666+0j),[9.18291736e-15],[1.],[0.93830715],[1.],"(array([0.10546556]), array([0.18267172]))","(array([-1.69650015e-18]), array([2.21289063e-18]))","(array([-1.37500124e-18]), array([9.54177724e-19]))","(array([-4.03601258e-19]), array([1.66207523e-19]))","(array([0.01660053]), array([2.01661604e-16]))","(array([0.05358688]), array([3.05311332e-16]))","(array([0.09609801]), array([1.14144805e-15]))","(array([0.13899297]), array([4.8919202e-16]))","(array([0.17576905]), array([9.85322934e-16]))","(array([0.20066941]), array([2.7339242e-15]))","(array([0.21093113]), array([1.0269563e-15]))"
(0.5222235897290697+0j),[6.37138297e-15],[1.],[0.89986533],[1.],"(array([0.10389227]), array([0.17994669]))","(array([-1.3462073e-18]), array([9.7945979e-19]))","(array([5.43804033e-18]), array([3.98036228e-17]))","(array([0.01660053]), array([1.96891115e-16]))","(array([0.0535869]), array([2.77555756e-16]))","(array([0.09609804]), array([1.15532584e-15]))","(array([0.13899302]), array([2.25514052e-16]))","(array([0.17576909]), array([9.29811783e-16]))","(array([0.20066945]), array([3.07393e-15]))","(array([0.21093115]), array([3.26128013e-16]))","(array([0.20778454]), array([1.84574578e-15]))"
(0.5707915820707646+0j),[7.96648253e-15],[1.],[0.83295559],[1.],"(array([0.09777866]), array([0.16935761]))","(array([2.05714977e-18]), array([4.08326963e-17]))","(array([0.01660053]), array([1.95590072e-16]))","(array([0.05358694]), array([3.03576608e-16]))","(array([0.09609814]), array([1.26981758e-15]))","(array([0.13899317]), array([4.33680869e-16]))","(array([0.17576926]), array([1.63757896e-15]))","(array([0.2006696]), array([3.42781359e-15]))","(array([0.21093128]), array([7.56339436e-16]))","(array([0.20778463]), array([1.99146255e-15]))","(array([0.19555732]), array([1.39471767e-15]))"
(0.5905657755598688+0j),[2.33521933e-16],[1.],[0.76020153],[1.],"(array([0.08977571]), array([0.15549609]))","(array([0.01660054]), array([2.03830008e-16]))","(array([0.05358701]), array([3.72965547e-16]))","(array([0.09609833]), array([1.30451205e-15]))","(array([0.13899349]), array([1.94289029e-16]))","(array([0.17576966]), array([7.84095011e-16]))","(array([0.20066997]), array([2.74086309e-15]))","(array([0.21093161]), array([3.60822483e-16]))","(array([0.20778491]), array([1.11022302e-15]))","(array([0.19555752]), array([-1.38777878e-16]))","(array([0.17955142]), array([-1.21430643e-15]))"
(0.5850934428187877+0j),[-0.00052114],[1.],[0.69679234],[1.],"(array([0.09869137]), array([0.14206046]))","(array([0.05358712]), array([3.52148866e-16]))","(array([0.09609865]), array([1.31145095e-15]))","(array([0.13899402]), array([1.52655666e-16]))","(array([0.17577037]), array([1.03389519e-15]))","(array([0.20067067]), array([3.24046345e-15]))","(array([0.2109322]), array([8.39606162e-16]))","(array([0.20778544]), array([8.74300632e-16]))","(array([0.19555799]), array([-8.39606162e-16]))","(array([0.17955176]), array([-9.99200722e-16]))","(array([0.16407344]), array([-6.25319745e-05]))"
(0.5595849491880558+0j),[-0.00174619],[1.],[0.64820311],[1.],"(array([0.12954473]), array([0.13101459]))","(array([0.09609902]), array([7.6727192e-10]))","(array([0.13899472]), array([7.88036747e-10]))","(array([0.17577135]), array([2.7099039e-10]))","(array([0.20067166]), array([5.0460814e-10]))","(array([0.21093296]), array([-2.9495989e-11]))","(array([0.20778614]), array([5.5835226e-10]))","(array([0.19555875]), array([1.18913074e-11]))","(array([0.17955241]), array([3.08677681e-10]))","(array([0.16407394]), array([-6.25322534e-05]))","(array([0.15144121]), array([-0.00027409]))"
(0.5196786135741638+0j),[-0.00251913],[1.],[0.61171296],[1.],"(array([0.1675086]), array([0.12264468]))","(array([0.13899535]), array([1.02125464e-08]))","(array([0.17577231]), array([6.69695673e-09]))","(array([0.20067275]), array([5.97495763e-09]))","(array([0.21093397]), array([-6.97182335e-09]))","(array([0.20778732]), array([5.24502254e-09]))","(array([0.19555998]), array([-9.75247298e-09]))","(array([0.17955354]), array([-9.37617624e-09]))","(array([0.16407501]), array([-6.25394035e-05]))","(array([0.15144217]), array([-0.00027409]))","(array([0.1419193]), array([-0.00052093]))"
(0.4705389345195928+0j),[-0.00107528],[1.],[0.58070156],[1.],"(array([0.206599]), array([0.11616078]))","(array([0.17577329]), array([1.92412667e-08]))","(array([0.20067386]), array([1.68234943e-08]))","(array([0.21093503]), array([-3.3303259e-08]))","(array([0.20778853]), array([-7.43705895e-10]))","(array([0.1955612]), array([-8.76667558e-10]))","(array([0.17955471]), array([-5.64868639e-08]))","(array([0.16407615]), array([-6.25994411e-05]))","(array([0.15144332]), array([-0.00027416]))","(array([0.14192038]), array([-0.00052099]))","(array([0.13440188]), array([-0.00046817]))"
(0.4172399707839079+0j),[0.00433587],[1.],[0.54905104],[1.],"(array([0.23922436]), array([0.11048404]))","(array([0.20067485]), array([3.62076008e-08]))","(array([0.21093589]), array([-4.9833287e-08]))","(array([0.20778937]), array([-1.87787012e-08]))","(array([0.19556207]), array([6.47219203e-08]))","(array([0.17955556]), array([-6.00182458e-08]))","(array([0.16407699]), array([-6.25970678e-05]))","(array([0.15144419]), array([-0.00027417]))","(array([0.14192123]), array([-0.00052103]))","(array([0.13440269]), array([-0.00046822]))","(array([0.12741]), array([0.00028826]))"
(0.3649233568235492+0j),[0.01490126],[1.],[0.51474009],[1.],"(array([0.25886212]), array([0.10496652]))","(array([0.21093667]), array([-2.10197156e-08]))","(array([0.20778999]), array([-6.05310953e-08]))","(array([0.19556274]), array([5.61051447e-08]))","(array([0.17955619]), array([-8.76695262e-08]))","(array([0.16407761]), array([-6.25934321e-05]))","(array([0.15144477]), array([-0.00027417]))","(array([0.14192176]), array([-0.00052106]))","(array([0.1344032]), array([-0.00046828]))","(array([0.12741051]), array([0.00028818]))","(array([0.11999994]), array([0.00208761]))"
(0.31833984540864246+0j),[0.03056697],[1.],[0.4813298],[1.],"(array([0.26272039]), array([0.09982141]))","(array([0.20779078]), array([-1.26510731e-07]))","(array([0.19556343]), array([3.22539708e-09]))","(array([0.17955678]), array([-1.42928381e-07]))","(array([0.16407821]), array([-6.26711631e-05]))","(array([0.15144522]), array([-0.00027421]))","(array([0.14192215]), array([-0.0005211]))","(array([0.13440358]), array([-0.00046834]))","(array([0.12741089]), array([0.00028811]))","(array([0.12000033]), array([0.00208752]))","(array([0.1123421]), array([0.00506157]))"
(0.281188451897412+0j),[0.04980651],[1.],[0.45657033],[1.],"(array([0.25283364]), array([0.09607929]))","(array([0.19556379]), array([-1.47724523e-08]))","(array([0.17955707]), array([-1.37055859e-07]))","(array([0.16407854]), array([-6.27207871e-05]))","(array([0.15144559]), array([-0.00027428]))","(array([0.14192248]), array([-0.00052118]))","(array([0.13440389]), array([-0.00046841]))","(array([0.12741119]), array([0.00028802]))","(array([0.12000063]), array([0.00208743]))","(array([0.1123424]), array([0.00506147]))","(array([0.10573085]), array([0.00902923]))"
(0.2559973943695223+0j),[0.07012209],[1.],[0.44939081],[1.],"(array([0.23488428]), array([0.09516724]))","(array([0.17955736]), array([-1.1057059e-07]))","(array([0.16407876]), array([-6.27125682e-05]))","(array([0.15144583]), array([-0.00027431]))","(array([0.14192272]), array([-0.00052123]))","(array([0.13440413]), array([-0.00046847]))","(array([0.12741141]), array([0.00028796]))","(array([0.12000083]), array([0.00208734]))","(array([0.11234258]), array([0.00506136]))","(array([0.105731]), array([0.00902912]))","(array([0.10207919]), array([0.01352992]))"
(0.244716832796815+0j),[0.08901388],[1.],[0.46626001],[1.],"(array([0.21555122]), array([0.09833138]))","(array([0.16407897]), array([-6.27056169e-05]))","(array([0.15144601]), array([-0.00027435]))","(array([0.14192291]), array([-0.00052129]))","(array([0.13440432]), array([-0.00046852]))","(array([0.12741157]), array([0.00028792]))","(array([0.12000095]), array([0.00208731]))","(array([0.11234266]), array([0.00506133]))","(array([0.10573107]), array([0.00902909]))","(array([0.10207925]), array([0.01352991]))","(array([0.103156]), array([0.01799344]))"
(0.24928429346898906+0j),[0.10407615],[1.],[0.50758034],[1.],"(array([0.20002677]), array([0.10592135]))","(array([0.1514462]), array([-0.00027441]))","(array([0.1419231]), array([-0.00052135]))","(array([0.13440449]), array([-0.00046857]))","(array([0.12741172]), array([0.00028788]))","(array([0.12000108]), array([0.00208729]))","(array([0.11234277]), array([0.00506133]))","(array([0.10573116]), array([0.00902911]))","(array([0.10207934]), array([0.01352993]))","(array([0.1031561]), array([0.01799348]))","(array([0.10976052]), array([0.02185977]))"
(0.2713336507132089+0j),[0.11340549],[1.],[0.56610319],[1.],"(array([0.19067246]), array([0.11694461]))","(array([0.14192336]), array([-0.00052145]))","(array([0.13440474]), array([-0.00046867]))","(array([0.12741196]), array([0.00028781]))","(array([0.12000129]), array([0.00208726]))","(array([0.11234295]), array([0.00506136]))","(array([0.10573134]), array([0.00902919]))","(array([0.10207952]), array([0.01353003]))","(array([0.10315629]), array([0.01799361]))","(array([0.10976072]), array([0.02185993]))","(array([0.12113024]), array([0.02463817]))"
(0.31075177896772277+0j),[0.11572891],[1.],[0.62760821],[1.],"(array([0.18684609]), array([0.12921826]))","(array([0.13440518]), array([-0.00046875]))","(array([0.12741235]), array([0.00028773]))","(array([0.12000158]), array([0.00208726]))","(array([0.1123432]), array([0.00506147]))","(array([0.10573161]), array([0.00902934]))","(array([0.10207981]), array([0.01353018]))","(array([0.10315659]), array([0.01799376]))","(array([0.10976104]), array([0.0218601]))","(array([0.12113056]), array([0.02463837]))","(array([0.13482361]), array([0.02596564]))"
(0.36390645655917053+0j),[0.1106666],[1.],[0.67481271],[1.],"(array([0.1858017]), array([0.13985382]))","(array([0.12741322]), array([0.0002876]))","(array([0.12000232]), array([0.00208718]))","(array([0.1123438]), array([0.00506144]))","(array([0.1057321]), array([0.00902933]))","(array([0.10208025]), array([0.01353022]))","(array([0.10315702]), array([0.01799382]))","(array([0.10976148]), array([0.02186021]))","(array([0.1211311]), array([0.02463847]))","(array([0.13482436]), array([0.0259657]))","(array([0.14722903]), array([0.02565111]))"
(0.42311563041392747+0j),[0.09906214],[1.],[0.69387457],[1.],"(array([0.18422477]), array([0.14617549]))","(array([0.12000549]), array([0.00208647]))","(array([0.11234637]), array([0.00506102]))","(array([0.10573413]), array([0.00902916]))","(array([0.10208182]), array([0.01353027]))","(array([0.10315829]), array([0.01799411]))","(array([0.10976264]), array([0.02186064]))","(array([0.12113248]), array([0.024639]))","(array([0.1348264]), array([0.02596618]))","(array([0.14723195]), array([0.02565148]))","(array([0.15476001]), array([0.02374555]))"
(0.47836078265516385+0j),[0.08295143],[1.],[0.6800781],[1.],"(array([0.17981818]), array([0.1468333]))","(array([0.11235056]), array([0.0050605]))","(array([0.10573825]), array([0.00902876]))","(array([0.10208564]), array([0.01353008]))","(array([0.10316147]), array([0.01799431]))","(array([0.10976508]), array([0.02186123]))","(array([0.12113475]), array([0.02463981]))","(array([0.13482897]), array([0.02596718]))","(array([0.14723476]), array([0.02565267]))","(array([0.15476319]), array([0.02374695]))","(array([0.15527577]), array([0.02057911]))"
(0.5205884035761396+0j),[0.0649935],[1.],[0.63954245],[1.],"(array([0.17236975]), array([0.14239202]))","(array([0.10574052]), array([0.00902986]))","(array([0.10208775]), array([0.01353127]))","(array([0.10316357]), array([0.01799547]))","(array([0.10976737]), array([0.02186215]))","(array([0.12113756]), array([0.02464052]))","(array([0.13483252]), array([0.0259679]))","(array([0.14723847]), array([0.02565353]))","(array([0.15476572]), array([0.02374808]))","(array([0.15527671]), array([0.02058042]))","(array([0.14895932]), array([0.01669235]))"
(0.5445165031864077+0j),[0.04751437],[1.],[0.58546199],[1.],"(array([0.16380634]), array([0.13491837]))","(array([0.10208872]), array([0.013534]))","(array([0.10316469]), array([0.01799786]))","(array([0.10976894]), array([0.0218642]))","(array([0.12114014]), array([0.02464209]))","(array([0.13483669]), array([0.02596914]))","(array([0.14724423]), array([0.02565467]))","(array([0.15477132]), array([0.02374929]))","(array([0.15527994]), array([0.02058167]))","(array([0.14895979]), array([0.01669347]))","(array([0.13807218]), array([0.01266006]))"
(0.5492835707053147+0j),[0.03180949],[1.],[0.53162551],[1.],"(array([0.15724691]), array([0.12686162]))","(array([0.1031651]), array([0.01800174]))","(array([0.10977013]), array([0.02186743]))","(array([0.12114241]), array([0.02464474]))","(array([0.13484063]), array([0.02597121]))","(array([0.1472507]), array([0.02565638]))","(array([0.15477969]), array([0.02375079]))","(array([0.15528722]), array([0.02058308]))","(array([0.14896333]), array([0.01669461]))","(array([0.13807202]), array([0.01266078]))","(array([0.12573788]), array([0.00889562]))"
(0.5371486111418781+0j),[0.01813459],[1.],[0.48733381],[1.],"(array([0.15563386]), array([0.12002514]))","(array([0.10977052]), array([0.02187186]))","(array([0.12114407]), array([0.02464842]))","(array([0.13484385]), array([0.02597419]))","(array([0.14725634]), array([0.02565872]))","(array([0.15478851]), array([0.02375275]))","(array([0.15529741]), array([0.02058477]))","(array([0.14897104]), array([0.01669604]))","(array([0.13807498]), array([0.01266172]))","(array([0.12573683]), array([0.00889599]))","(array([0.11460065]), array([0.00557148]))"
(0.5115948157603744+0j),[0.00622641],[1.],[0.45547845],[1.],"(array([0.1604582]), array([0.11503057]))","(array([0.12114459]), array([0.02465297]))","(array([0.13484595]), array([0.02597798]))","(array([0.1472603]), array([0.02566161]))","(array([0.15479542]), array([0.02375486]))","(array([0.15530738]), array([0.02058648]))","(array([0.14898112]), array([0.01669752]))","(array([0.13808149]), array([0.01266298]))","(array([0.12573854]), array([0.00889683]))","(array([0.11459886]), array([0.00557183]))","(array([0.10603067]), array([0.00268125]))"
(0.47602498070074484+0j),[-0.00414467],[1.],[0.43348925],[1.],"(array([0.17101413]), array([0.11136217]))","(array([0.13484657]), array([0.02598235]))","(array([0.14726248]), array([0.02566507]))","(array([0.15479949]), array([0.02375719]))","(array([0.15531451]), array([0.02058806]))","(array([0.14899042]), array([0.01669885]))","(array([0.13808967]), array([0.01266423]))","(array([0.12574301]), array([0.00889801]))","(array([0.11459942]), array([0.00557281]))","(array([0.10602876]), array([0.00268191]))","(array([0.10003426]), array([0.00016462]))"
(0.4335018099430646+0j),[-0.01282043],[1.],[0.41588784],[1.],"(array([0.18439817]), array([0.10783579]))","(array([0.1472632]), array([0.02566887]))","(array([0.15480131]), array([0.02375987]))","(array([0.15531803]), array([0.02058966]))","(array([0.14899653]), array([0.01669995]))","(array([0.1380968]), array([0.01266527]))","(array([0.12574852]), array([0.00889917]))","(array([0.11460201]), array([0.00557409]))","(array([0.10602882]), array([0.0026832]))","(array([0.10003291]), array([0.00016572]))","(array([0.09566904]), array([-0.00198882]))"
(0.38709705650052856+0j),[-0.01912563],[1.],[0.39721025],[1.],"(array([0.19628217]), array([0.10321262]))","(array([0.15480216]), array([0.02376265]))","(array([0.1553193]), array([0.02059136]))","(array([0.14899916]), array([0.01670093]))","(array([0.13810119]), array([0.01266602]))","(array([0.12575315]), array([0.00890001]))","(array([0.1146053]), array([0.00557516]))","(array([0.10603033]), array([0.00268449]))","(array([0.1000331]), array([0.00016712]))","(array([0.09566859]), array([-0.00198753]))","(array([0.09166996]), array([-0.00368386]))"
(0.34018032345824917+0j),[-0.02207761],[1.],[0.3746256],[1.],"(array([0.20242959]), array([0.09680736]))","(array([0.15532027]), array([0.02059303]))","(array([0.14900001]), array([0.01670183]))","(array([0.13810298]), array([0.01266654]))","(array([0.12575598]), array([0.00890046]))","(array([0.11460814]), array([0.00557575]))","(array([0.1060324]), array([0.00268533]))","(array([0.10003432]), array([0.0001682]))","(array([0.09566926]), array([-0.00198634]))","(array([0.09167038]), array([-0.00368272]))","(array([0.08707737]), array([-0.00472925]))"
(0.2962381309305642+0j),[-0.02084885],[1.],[0.34959734],[1.],"(array([0.20043353]), array([0.08890949]))","(array([0.1490011]), array([0.01670263]))","(array([0.13810372]), array([0.0126669]))","(array([0.12575734]), array([0.00890064]))","(array([0.11461017]), array([0.00557595]))","(array([0.10603444]), array([0.00268569]))","(array([0.10003598]), array([0.00016879]))","(array([0.09567058]), array([-0.00198556]))","(array([0.09167151]), array([-0.00368187]))","(array([0.0870784]), array([-0.0047284]))","(array([0.08172452]), array([-0.00491553]))"
(0.258330249419108+0j),[-0.01527503],[1.],[0.32799078],[1.],"(array([0.19079256]), array([0.08083818]))","(array([0.13810483]), array([0.01266698]))","(array([0.12575817]), array([0.00890062]))","(array([0.1146114]), array([0.00557599]))","(array([0.10603597]), array([0.0026858]))","(array([0.10003741]), array([0.00016905]))","(array([0.09567183]), array([-0.00198514]))","(array([0.09167264]), array([-0.0036814]))","(array([0.08707947]), array([-0.00472794]))","(array([0.08172554]), array([-0.00491509]))","(array([0.0764417]), array([-0.00412795]))"
(0.22870416650809805+0j),[-0.00611811],[1.],[0.31846095],[1.],"(array([0.17665368]), array([0.07456879]))","(array([0.12575889]), array([0.00890044]))","(array([0.11461204]), array([0.00557587]))","(array([0.10603666]), array([0.00268576]))","(array([0.10003803]), array([0.00016908]))","(array([0.09567236]), array([-0.00198504]))","(array([0.09167316]), array([-0.00368126]))","(array([0.08708]), array([-0.00472781]))","(array([0.08172609]), array([-0.00491498]))","(array([0.07644225]), array([-0.00412787]))","(array([0.07288536]), array([-0.00243556]))"
(0.20903080933328008+0j),[0.00505693],[1.],[0.32965905],[1.],"(array([0.16236541]), array([0.07209485]))","(array([0.11461237]), array([0.00557577]))","(array([0.10603695]), array([0.00268566]))","(array([0.10003824]), array([0.000169]))","(array([0.09567253]), array([-0.00198506]))","(array([0.09167335]), array([-0.00368123]))","(array([0.08708023]), array([-0.00472776]))","(array([0.08172636]), array([-0.00491494]))","(array([0.07644256]), array([-0.00412784]))","(array([0.07288568]), array([-0.00243554]))","(array([0.07303321]), array([-0.00010624]))"
(0.20113979401880097+0j),[0.01625749],[1.],[0.36716863],[1.],"(array([0.15174556]), array([0.07479808]))","(array([0.10603718]), array([0.00268557]))","(array([0.10003844]), array([0.00016886]))","(array([0.09567272]), array([-0.00198516]))","(array([0.09167357]), array([-0.00368128]))","(array([0.0870805]), array([-0.00472776]))","(array([0.08172666]), array([-0.00491491]))","(array([0.07644288]), array([-0.00412781]))","(array([0.07288603]), array([-0.00243552]))","(array([0.07303356]), array([-0.00010623]))","(array([0.07851648]), array([0.00245218]))"
(0.20754544465009725+0j),[0.02550558],[1.],[0.43081084],[1.],"(array([0.14687454]), array([0.08299266]))","(array([0.10003902]), array([0.00016859]))","(array([0.09567334]), array([-0.00198549]))","(array([0.09167416]), array([-0.00368156]))","(array([0.08708108]), array([-0.00472792]))","(array([0.08172729]), array([-0.00491495]))","(array([0.07644361]), array([-0.00412781]))","(array([0.07288682]), array([-0.00243556]))","(array([0.07303434]), array([-0.00010637]))","(array([0.07851722]), array([0.00245195]))","(array([0.08996825]), array([0.00478693]))"
(0.23095395090298+0j),[0.0311567],[1.],[0.5129222],[1.],"(array([0.14767873]), array([0.09565744]))","(array([0.09567402]), array([-0.00198562]))","(array([0.09167481]), array([-0.00368184]))","(array([0.08708152]), array([-0.00472812]))","(array([0.0817277]), array([-0.00491491]))","(array([0.07644415]), array([-0.00412766]))","(array([0.07288745]), array([-0.00243546]))","(array([0.07303498]), array([-0.00010635]))","(array([0.0785178]), array([0.00245186]))","(array([0.08996873]), array([0.00478673]))","(array([0.10651759]), array([0.00648673]))"
(0.27252308669294756+0j),[0.03206269],[1.],[0.59862575],[1.],"(array([0.15221223]), array([0.11040911]))","(array([0.09167505]), array([-0.00368195]))","(array([0.08708175]), array([-0.00472825]))","(array([0.08172789]), array([-0.00491494]))","(array([0.07644434]), array([-0.0041276]))","(array([0.07288767]), array([-0.00243538]))","(array([0.07303523]), array([-0.0001063]))","(array([0.07851806]), array([0.00245192]))","(array([0.08996896]), array([0.00478682]))","(array([0.10651773]), array([0.00648686]))","(array([0.12560933]), array([0.00723384]))"
(0.32971903406315395+0j),[0.02784235],[1.],[0.6692921],[1.],"(array([0.15744296]), array([0.12393512]))","(array([0.0870823]), array([-0.00472832]))","(array([0.08172841]), array([-0.00491506]))","(array([0.07644488]), array([-0.00412767]))","(array([0.07288823]), array([-0.00243536]))","(array([0.07303581]), array([-0.00010621]))","(array([0.07851872]), array([0.00245198]))","(array([0.08996975]), array([0.00478692]))","(array([0.10651856]), array([0.00648705]))","(array([0.12561013]), array([0.00723412]))","(array([0.14340984]), array([0.00685273]))"
(0.395375124713541+0j),[0.01909574],[1.],[0.70885543],[1.],"(array([0.16039331]), array([0.13298055]))","(array([0.08172996]), array([-0.00491524]))","(array([0.07644633]), array([-0.00412802]))","(array([0.07288974]), array([-0.00243571]))","(array([0.07303735]), array([-0.00010638]))","(array([0.07852021]), array([0.00245197]))","(array([0.08997129]), array([0.00478693]))","(array([0.10652044]), array([0.00648706]))","(array([0.12561232]), array([0.00723435]))","(array([0.14341229]), array([0.00685332]))","(array([0.155925]), array([0.00536747]))"
(0.45912759890279614+0j),[0.00737784],[1.],[0.71024508],[1.],"(array([0.15934891]), array([0.13556877]))","(array([0.07644859]), array([-0.00412821]))","(array([0.07289199]), array([-0.00243594]))","(array([0.07303949]), array([-0.00010653]))","(array([0.07852213]), array([0.00245196]))","(array([0.08997322]), array([0.00478679]))","(array([0.10652284]), array([0.00648672]))","(array([0.12561518]), array([0.00723419]))","(array([0.14341521]), array([0.00685383]))","(array([0.15592783]), array([0.0053688]))","(array([0.16048644]), array([0.00302592]))"
(0.5107784262978963+0j),[-0.00529128],[1.],[0.67806858],[1.],"(array([0.15464996]), array([0.13179307]))","(array([0.07289347]), array([-0.00243515]))","(array([0.07304085]), array([-0.0001057]))","(array([0.07852352]), array([0.00245262]))","(array([0.08997504]), array([0.00478693]))","(array([0.10652559]), array([0.00648622]))","(array([0.12561889]), array([0.00723345]))","(array([0.14341911]), array([0.00685338]))","(array([0.15593057]), array([0.00536911]))","(array([0.1604876]), array([0.00302695]))","(array([0.15682742]), array([0.0002403]))"
(0.5435901466160201+0j),[-0.01725208],[1.],[0.6257079],[1.],"(array([0.14863705]), array([0.12362294]))","(array([0.07304119]), array([-0.000104]))","(array([0.07852397]), array([0.00245409]))","(array([0.08997602]), array([0.00478798]))","(array([0.1065277]), array([0.0064867]))","(array([0.12562263]), array([0.00723345]))","(array([0.14342442]), array([0.0068532]))","(array([0.15593594]), array([0.00536908]))","(array([0.16049094]), array([0.00302721]))","(array([0.15682826]), array([0.00024069]))","(array([0.1470558]), array([-0.002565]))"
(0.5556054756379512+0j),[-0.02771875],[1.],[0.56878016],[1.],"(array([0.1447271]), array([0.1138383]))","(array([0.078524]), array([0.00245659]))","(array([0.08997675]), array([0.00478997]))","(array([0.10652948]), array([0.00648818]))","(array([0.12562598]), array([0.00723437]))","(array([0.14343005]), array([0.00685364]))","(array([0.15594355]), array([0.00536926]))","(array([0.16049804]), array([0.00302742]))","(array([0.1568323]), array([0.00024086]))","(array([0.14705652]), array([-0.00256504]))","(array([0.1345325]), array([-0.00511106]))"
(0.5486825296153076+0j),[-0.0366932],[1.],[0.51907503],[1.],"(array([0.14605118]), array([0.10479554]))","(array([0.08997699]), array([0.00479299]))","(array([0.10653093]), array([0.00649059]))","(array([0.12562893]), array([0.00723615]))","(array([0.14343515]), array([0.00685469]))","(array([0.15595159]), array([0.0053697]))","(array([0.16050778]), array([0.00302756]))","(array([0.15684029]), array([0.00024096]))","(array([0.14706035]), array([-0.00256515]))","(array([0.13453251]), array([-0.00511151]))","(array([0.12240229]), array([-0.00731265]))"
(0.5264810391550688+0j),[-0.0444776],[1.],[0.48166569],[1.],"(array([0.15423113]), array([0.09767141]))","(array([0.10653146]), array([0.00649388]))","(array([0.12563101]), array([0.00723875]))","(array([0.14343906]), array([0.00685642]))","(array([0.15595818]), array([0.00537042]))","(array([0.16051743]), array([0.00302764]))","(array([0.15685051]), array([0.00024087]))","(array([0.14706755]), array([-0.00256521]))","(array([0.13453516]), array([-0.00511172]))","(array([0.1224014]), array([-0.00731315]))","(array([0.11257092]), array([-0.00920876]))"
(0.4928453539395446+0j),[-0.0512009],[1.],[0.45537933],[1.],"(array([0.1686489]), array([0.09238516]))","(array([0.12563174]), array([0.00724209]))","(array([0.14344139]), array([0.00685892]))","(array([0.15596237]), array([0.00537172]))","(array([0.16052455]), array([0.00302783]))","(array([0.15685998]), array([0.00024064]))","(array([0.14707626]), array([-0.00256534]))","(array([0.13454038]), array([-0.00511165]))","(array([0.12240269]), array([-0.00731303]))","(array([0.11256959]), array([-0.0092088]))","(array([0.10544999]), array([-0.01085166]))"
(0.4512515485651117+0j),[-0.05651157],[1.],[0.43529909],[1.],"(array([0.1863652]), array([0.08800481]))","(array([0.14344227]), array([0.00686195]))","(array([0.15596447]), array([0.00537369]))","(array([0.16052835]), array([0.00302853]))","(array([0.15686639]), array([0.00024056]))","(array([0.14708385]), array([-0.0025655]))","(array([0.13454647]), array([-0.00511149]))","(array([0.12240583]), array([-0.00731253]))","(array([0.11257006]), array([-0.00920813]))","(array([0.10544892]), array([-0.01085107]))","(array([0.10031542]), array([-0.01221755]))"
(0.40503050329604084+0j),[-0.05952335],[1.],[0.41586686],[1.],"(array([0.20281378]), array([0.08337301]))","(array([0.1559655]), array([0.00537594]))","(array([0.16052992]), array([0.00302971]))","(array([0.15686936]), array([0.00024085]))","(array([0.14708862]), array([-0.00256552]))","(array([0.13455152]), array([-0.00511136]))","(array([0.12240949]), array([-0.00731204]))","(array([0.11257184]), array([-0.00920729]))","(array([0.10544927]), array([-0.01085003]))","(array([0.10031505]), array([-0.01221657]))","(array([0.09595167]), array([-0.01316494]))"
(0.3576913952828852+0j),[-0.05908921],[1.],[0.39372314],[1.],"(array([0.21327895]), array([0.07773513]))","(array([0.16053102]), array([0.00303101]))","(array([0.15687041]), array([0.00024139]))","(array([0.14709068]), array([-0.00256541]))","(array([0.13455461]), array([-0.00511129]))","(array([0.12241255]), array([-0.00731177]))","(array([0.11257405]), array([-0.00920672]))","(array([0.10545055]), array([-0.01084918]))","(array([0.10031572]), array([-0.01221556]))","(array([0.09595207]), array([-0.01316396]))","(array([0.09132641]), array([-0.01345967]))"
(0.31284759239041116+0j),[-0.05431788],[1.],[0.36961093],[1.],"(array([0.21473272]), array([0.0711873]))","(array([0.15687155]), array([0.00024191]))","(array([0.14709152]), array([-0.00256529]))","(array([0.13455607]), array([-0.00511133]))","(array([0.12241464]), array([-0.00731176]))","(array([0.11257612]), array([-0.00920654]))","(array([0.10545222]), array([-0.01084876]))","(array([0.10031703]), array([-0.01221494]))","(array([0.09595317]), array([-0.01316325]))","(array([0.09132741]), array([-0.01345896]))","(array([0.08612995]), array([-0.01286617]))"
(0.27375209701565034+0j),[-0.04509759],[1.],[0.34871789],[1.],"(array([0.2071424]), array([0.06478349]))","(array([0.14709264]), array([-0.00256537]))","(array([0.13455693]), array([-0.00511148]))","(array([0.1224159]), array([-0.00731187]))","(array([0.1125777]), array([-0.00920658]))","(array([0.10545371]), array([-0.01084866]))","(array([0.10031833]), array([-0.01221469]))","(array([0.09595435]), array([-0.01316294]))","(array([0.09132852]), array([-0.01345864]))","(array([0.08613102]), array([-0.01286586]))","(array([0.08103314]), array([-0.01126822]))"
(0.24290909479033304+0j),[-0.03232757],[1.],[0.33923521],[1.],"(array([0.1934541]), array([0.06022672]))","(array([0.13455769]), array([-0.00511175]))","(array([0.12241657]), array([-0.00731206]))","(array([0.11257846]), array([-0.0092067]))","(array([0.10545441]), array([-0.01084873]))","(array([0.10031894]), array([-0.01221468]))","(array([0.09595493]), array([-0.0131629]))","(array([0.09132909]), array([-0.0134586]))","(array([0.0861316]), array([-0.01286585]))","(array([0.08103372]), array([-0.01126822]))","(array([0.07756277]), array([-0.00875632]))"
(0.22223840003259673+0j),[-0.0177361],[1.],[0.34960262],[1.],"(array([0.17824402]), array([0.05929265]))","(array([0.12241692]), array([-0.0073122]))","(array([0.11257878]), array([-0.00920683]))","(array([0.10545467]), array([-0.01084884]))","(array([0.10031914]), array([-0.01221475]))","(array([0.09595514]), array([-0.01316291]))","(array([0.09132934]), array([-0.0134586]))","(array([0.08613188]), array([-0.01286585]))","(array([0.08103402]), array([-0.01126823]))","(array([0.07756309]), array([-0.00875634]))","(array([0.0776211]), array([-0.00563258]))"
(0.21372962341365842+0j),[-0.0034564],[1.],[0.38534805],[1.],"(array([0.16584688]), array([0.0632332]))","(array([0.11257903]), array([-0.00920694]))","(array([0.10545489]), array([-0.01084901]))","(array([0.10031935]), array([-0.01221489]))","(array([0.09595537]), array([-0.01316299]))","(array([0.09132961]), array([-0.01345863]))","(array([0.08613219]), array([-0.01286584]))","(array([0.08103437]), array([-0.01126822]))","(array([0.07756345]), array([-0.00875634]))","(array([0.07762146]), array([-0.0056326]))","(array([0.08281082]), array([-0.00233946]))"
(0.2555002774555463+0j),[0.00576513],[1.],[0.52037568],[1.],"(array([0.1634288]), array([0.07975396]))","(array([0.1054555]), array([-0.01084935]))","(array([0.10032]), array([-0.01221529]))","(array([0.09595599]), array([-0.01316336]))","(array([0.09133022]), array([-0.01345887]))","(array([0.08613285]), array([-0.01286597]))","(array([0.08103512]), array([-0.0112683]))","(array([0.07756426]), array([-0.00875645]))","(array([0.07762226]), array([-0.00563279]))","(array([0.08281157]), array([-0.00233975]))","(array([0.10247113]), array([0.00044278]))"
(0.31192076717786005+0j),[0.00695086],[1.],[0.61992964],[1.],"(array([0.16860766]), array([0.10172111]))","(array([0.10032088]), array([-0.01221549]))","(array([0.09595686]), array([-0.01316377]))","(array([0.09133084]), array([-0.01345925]))","(array([0.08613339]), array([-0.01286607]))","(array([0.08103578]), array([-0.01126823]))","(array([0.07756503]), array([-0.0087564]))","(array([0.07762305]), array([-0.0056328]))","(array([0.08281229]), array([-0.00233983]))","(array([0.10247161]), array([0.00044258]))","(array([0.12907123]), array([0.00159313]))"
(0.3754260834637427+0j),[0.00133218],[1.],[0.6782918],[1.],"(array([0.17286359]), array([0.11554895]))","(array([0.09595749]), array([-0.01316399]))","(array([0.09133144]), array([-0.01345946]))","(array([0.08613393]), array([-0.0128662]))","(array([0.08103629]), array([-0.01126824]))","(array([0.07756553]), array([-0.00875634]))","(array([0.07762359]), array([-0.00563275]))","(array([0.08281291]), array([-0.00233978]))","(array([0.10247225]), array([0.00044275]))","(array([0.1290718]), array([0.0015934]))","(array([0.14692879]), array([0.00105867]))"
(0.4384903650012204+0j),[-0.00934462],[1.],[0.69520072],[1.],"(array([0.17435]), array([0.1209691]))","(array([0.09133417]), array([-0.0134599]))","(array([0.08613646]), array([-0.01286665]))","(array([0.08103869]), array([-0.01126868]))","(array([0.07756782]), array([-0.00875653]))","(array([0.07762571]), array([-0.00563272]))","(array([0.08281503]), array([-0.00233979]))","(array([0.10247495]), array([0.00044279]))","(array([0.12907516]), array([0.0015939]))","(array([0.14693239]), array([0.00105969]))","(array([0.15537349]), array([-0.00081992]))"
(0.49467918550122475+0j),[-0.02296167],[1.],[0.67523336],[1.],"(array([0.1719033]), array([0.11887325]))","(array([0.08614038]), array([-0.01286734]))","(array([0.08104282]), array([-0.01126954]))","(array([0.07757196]), array([-0.0087575]))","(array([0.07762965]), array([-0.00563338]))","(array([0.08281855]), array([-0.00234011]))","(array([0.10247856]), array([0.00044242]))","(array([0.12907957]), array([0.00159371]))","(array([0.14693722]), array([0.00106051]))","(array([0.15537854]), array([-0.00081802]))","(array([0.15490793]), array([-0.00360207]))"
(0.5393849540651585+0j),[-0.03725558],[1.],[0.62642488],[1.],"(array([0.16550445]), array([0.11100562]))","(array([0.08104583]), array([-0.01126944]))","(array([0.07757499]), array([-0.00875717]))","(array([0.07763239]), array([-0.005633]))","(array([0.08282118]), array([-0.00233985]))","(array([0.10248179]), array([0.00044188]))","(array([0.12908386]), array([0.00159245]))","(array([0.14694176]), array([0.00105969]))","(array([0.15538179]), array([-0.00081766]))","(array([0.15490938]), array([-0.00360065]))","(array([0.1469802]), array([-0.0067889]))"
(0.5701122249503585+0j),[-0.05032558],[1.],[0.55860696],[1.],"(array([0.15643705]), array([0.09949321]))","(array([0.07757605]), array([-0.00875579]))","(array([0.07763332]), array([-0.00563159]))","(array([0.08282209]), array([-0.00233863]))","(array([0.10248385]), array([0.00044226]))","(array([0.12908784]), array([0.00159185]))","(array([0.14694744]), array([0.00105866]))","(array([0.15538744]), array([-0.00081842]))","(array([0.1549126]), array([-0.00360085]))","(array([0.1469805]), array([-0.00678876]))","(array([0.13363982]), array([-0.00990596]))"
(0.586336778893349+0j),[-0.0610573],[1.],[0.48173603],[1.],"(array([0.14705937]), array([0.08636941]))","(array([0.07763359]), array([-0.0056287]))","(array([0.0828226]), array([-0.00233612]))","(array([0.10248563]), array([0.00044408]))","(array([0.12909187]), array([0.00159275]))","(array([0.14695406]), array([0.00105875]))","(array([0.15539628]), array([-0.00081883]))","(array([0.15492063]), array([-0.00360121]))","(array([0.1469847]), array([-0.00678909]))","(array([0.1336398]), array([-0.00990648]))","(array([0.11714322]), array([-0.01261095]))"
(0.5890835156140013+0j),[-0.06922592],[1.],[0.40473416],[1.],"(array([0.14021791]), array([0.0732644]))","(array([0.08282303]), array([-0.0023318]))","(array([0.10248759]), array([0.00044761]))","(array([0.12909653]), array([0.00159528]))","(array([0.14696155]), array([0.00106007]))","(array([0.15540733]), array([-0.0008187]))","(array([0.15493355]), array([-0.00360168]))","(array([0.14699496]), array([-0.00678966]))","(array([0.133644]), array([-0.00990736]))","(array([0.11714139]), array([-0.01261232]))","(array([0.09963623]), array([-0.01475499]))"
(0.5804333605001732+0j),[-0.07525131],[1.],[0.33485612],[1.],"(array([0.13845718]), array([0.06130995]))","(array([0.10248918]), array([0.00045318]))","(array([0.12910148]), array([0.00159968]))","(array([0.14696979]), array([0.00106293]))","(array([0.15541935]), array([-0.00081789]))","(array([0.15494965]), array([-0.00360241]))","(array([0.14701136]), array([-0.00679095]))","(array([0.13365504]), array([-0.00990875]))","(array([0.11714385]), array([-0.01261406]))","(array([0.09963101]), array([-0.01475724]))","(array([0.08295349]), array([-0.01636351]))"
(0.5188585864019255+0j),[-0.08121523],[1.],[0.31938077],[1.],"(array([0.15473617]), array([0.05550543]))","(array([0.1291052]), array([0.00160596]))","(array([0.14697765]), array([0.00106737]))","(array([0.15543086]), array([-0.00081593]))","(array([0.1549657]), array([-0.00360297]))","(array([0.14703083]), array([-0.00679293]))","(array([0.13367248]), array([-0.00991104]))","(array([0.11715328]), array([-0.0126162]))","(array([0.09963]), array([-0.01475937]))","(array([0.08294421]), array([-0.01636581]))","(array([0.0738052]), array([-0.01772659]))"
(0.4619174340524464+0j),[-0.08728479],[1.],[0.30413026],[1.],"(array([0.18081734]), array([0.05298418]))","(array([0.14697959]), array([0.00107131]))","(array([0.15543467]), array([-0.00081361]))","(array([0.1549718]), array([-0.00360233]))","(array([0.14704016]), array([-0.00679336]))","(array([0.13368315]), array([-0.00991185]))","(array([0.11716145]), array([-0.01261694]))","(array([0.0996329]), array([-0.01475978]))","(array([0.08294177]), array([-0.01636581]))","(array([0.0738008]), array([-0.01772668]))","(array([0.07035703]), array([-0.01909731]))"
(0.4091320421460774+0j),[-0.09145027],[1.],[0.28881298],[1.],"(array([0.19797331]), array([0.04889477]))","(array([0.15543622]), array([-0.0008117]))","(array([0.15497347]), array([-0.00360123]))","(array([0.14704267]), array([-0.00679292]))","(array([0.13368679]), array([-0.00991178]))","(array([0.11716517]), array([-0.012617]))","(array([0.09963545]), array([-0.01475972]))","(array([0.0829427]), array([-0.01636533]))","(array([0.07380096]), array([-0.01772591]))","(array([0.07035722]), array([-0.01909673]))","(array([0.06692118]), array([-0.02025585]))"
(0.360331587910554+0j),[-0.09235892],[1.],[0.27335276],[1.],"(array([0.20518919]), array([0.04372721]))","(array([0.15497563]), array([-0.00360056]))","(array([0.14704424]), array([-0.00679265]))","(array([0.13368857]), array([-0.00991176]))","(array([0.11716766]), array([-0.01261713]))","(array([0.09963826]), array([-0.01475983]))","(array([0.08294478]), array([-0.01636519]))","(array([0.0738022]), array([-0.01772517]))","(array([0.07035837]), array([-0.0190959]))","(array([0.0669224]), array([-0.02025505]))","(array([0.06345534]), array([-0.02082373]))"
(0.31560895253821686+0j),[-0.08934858],[1.],[0.25788244],[1.],"(array([0.20277146]), array([0.03804276]))","(array([0.14704689]), array([-0.00679307]))","(array([0.13369027]), array([-0.00991224]))","(array([0.11716962]), array([-0.01261743]))","(array([0.09964148]), array([-0.01476002]))","(array([0.08294756]), array([-0.01636504]))","(array([0.07380413]), array([-0.01772417]))","(array([0.07036008]), array([-0.01909479]))","(array([0.06692405]), array([-0.02025385]))","(array([0.06345694]), array([-0.02082259]))","(array([0.05996698]), array([-0.02057533]))"
(0.27524370328645076+0j),[-0.08221211],[1.],[0.24272603],[1.],"(array([0.1921092]), array([0.03243588]))","(array([0.13369254]), array([-0.00991306]))","(array([0.11717118]), array([-0.01261807]))","(array([0.09964378]), array([-0.01476025]))","(array([0.08294961]), array([-0.01636477]))","(array([0.07380576]), array([-0.01772336]))","(array([0.07036152]), array([-0.01909392]))","(array([0.0669254]), array([-0.02025296]))","(array([0.06345823]), array([-0.02082172]))","(array([0.05996821]), array([-0.02057454]))","(array([0.05650772]), array([-0.01941462]))"
(0.23957469914324733+0j),[-0.07102733],[1.],[0.22836539],[1.],"(array([0.17528006]), array([0.02746815]))","(array([0.11717229]), array([-0.01261857]))","(array([0.09964474]), array([-0.01476057]))","(array([0.08295029]), array([-0.01636493]))","(array([0.0738063]), array([-0.01772345]))","(array([0.07036206]), array([-0.01909392]))","(array([0.066926]), array([-0.02025293]))","(array([0.0634589]), array([-0.02082169]))","(array([0.05996893]), array([-0.02057453]))","(array([0.05650847]), array([-0.01941464]))","(array([0.05316947]), array([-0.01732852]))"
(0.20886126614524825+0j),[-0.05609381],[1.],[0.21533613],[1.],"(array([0.15464109]), array([0.0235608]))","(array([0.09964526]), array([-0.01476083]))","(array([0.08295061]), array([-0.01636521]))","(array([0.07380652]), array([-0.01772376]))","(array([0.07036232]), array([-0.01909413]))","(array([0.06692633]), array([-0.02025309]))","(array([0.06345929]), array([-0.02082181]))","(array([0.05996938]), array([-0.02057464]))","(array([0.05650896]), array([-0.01941475]))","(array([0.05316999]), array([-0.01732864]))","(array([0.05006839]), array([-0.01436098]))"
(0.18316273291762622+0j),[-0.03794619],[1.],[0.20416558],[1.],"(array([0.1324948]), array([0.02092009]))","(array([0.08295088]), array([-0.01636542]))","(array([0.07380673]), array([-0.01772399]))","(array([0.07036259]), array([-0.01909434]))","(array([0.06692663]), array([-0.02025326]))","(array([0.06345961]), array([-0.02082195]))","(array([0.05996971]), array([-0.02057475]))","(array([0.05650931]), array([-0.01941486]))","(array([0.05317034]), array([-0.01732875]))","(array([0.05006874]), array([-0.0143611]))","(array([0.04732616]), array([-0.01060868]))"
(0.16226687743223528+0j),[-0.01742433],[1.],[0.19545564],[1.],"(array([0.11088114]), array([0.01955424]))","(array([0.07380688]), array([-0.01772409]))","(array([0.07036275]), array([-0.01909444]))","(array([0.0669268]), array([-0.02025333]))","(array([0.0634598]), array([-0.02082198]))","(array([0.05996992]), array([-0.02057475]))","(array([0.05650952]), array([-0.01941485]))","(array([0.05317056]), array([-0.01732876]))","(array([0.05006896]), array([-0.01436113]))","(array([0.04732637]), array([-0.01060873]))","(array([0.04507292]), array([-0.00622878]))"
(0.18804642726941365+0j),[-0.00198394],[1.],[0.3810334],[1.],"(array([0.10813788]), array([0.03774874]))","(array([0.07036278]), array([-0.01909449]))","(array([0.06692683]), array([-0.02025336]))","(array([0.06345984]), array([-0.02082196]))","(array([0.05996999]), array([-0.02057471]))","(array([0.05650961]), array([-0.01941482]))","(array([0.05317064]), array([-0.01732874]))","(array([0.05006903]), array([-0.01436114]))","(array([0.04732643]), array([-0.01060875]))","(array([0.04507297]), array([-0.00622882]))","(array([0.06520772]), array([-0.00199474]))"
(0.2380779343706794+0j),[0.00338957],[1.],[0.53329482],[1.],"(array([0.12186864]), array([0.07076151]))","(array([0.06692785]), array([-0.02025401]))","(array([0.06346076]), array([-0.02082281]))","(array([0.05997052]), array([-0.02057526]))","(array([0.05650989]), array([-0.01941498]))","(array([0.05317095]), array([-0.01732882]))","(array([0.0500695]), array([-0.01436145]))","(array([0.04732698]), array([-0.01060928]))","(array([0.04507348]), array([-0.00622941]))","(array([0.06520819]), array([-0.00199561]))","(array([0.10357217]), array([0.00032165]))"
(0.3032906568640418+0j),[0.00094951],[1.],[0.64150151],[1.],"(array([0.13293602]), array([0.09530367]))","(array([0.06346094]), array([-0.02082294]))","(array([0.05997065]), array([-0.02057536]))","(array([0.05651001]), array([-0.01941503]))","(array([0.0531711]), array([-0.01732888]))","(array([0.05006969]), array([-0.01436154]))","(array([0.04732717]), array([-0.01060938]))","(array([0.04507365]), array([-0.0062295]))","(array([0.06520835]), array([-0.00199569]))","(array([0.1035723]), array([0.00032156]))","(array([0.13308492]), array([0.00061474]))"
(0.37443160441998086+0j),[-0.00689259],[1.],[0.70169846],[1.],"(array([0.14001278]), array([0.11059403]))","(array([0.05997123]), array([-0.02057546]))","(array([0.05651047]), array([-0.01941513]))","(array([0.05317157]), array([-0.01732895]))","(array([0.05007019]), array([-0.01436151]))","(array([0.04732769]), array([-0.01060926]))","(array([0.04507426]), array([-0.00622935]))","(array([0.06520922]), array([-0.00199552]))","(array([0.1035735]), array([0.00032181]))","(array([0.13308612]), array([0.00061499]))","(array([0.1520957]), array([-0.00058548]))"
(0.4432219505321268+0j),[-0.017796],[1.],[0.71596569],[1.],"(array([0.1425471]), array([0.11696597]))","(array([0.05651224]), array([-0.01941654]))","(array([0.05317364]), array([-0.01733058]))","(array([0.05007245]), array([-0.01436304]))","(array([0.04732996]), array([-0.01061037]))","(array([0.04507631]), array([-0.00622989]))","(array([0.06521116]), array([-0.00199546]))","(array([0.10357639]), array([0.00032186]))","(array([0.13309035]), array([0.00061528]))","(array([0.15210128]), array([-0.00058475]))","(array([0.160415]), array([-0.00273819]))"
(0.5031834399523789+0j),[-0.02973517],[1.],[0.69089484],[1.],"(array([0.14066386]), array([0.11562877]))","(array([0.05317645]), array([-0.01733266]))","(array([0.05007512]), array([-0.01436434]))","(array([0.04733231]), array([-0.01061125]))","(array([0.04507856]), array([-0.00623035]))","(array([0.0652132]), array([-0.0019956]))","(array([0.10357936]), array([0.00032116]))","(array([0.1330943]), array([0.00061504]))","(array([0.15210565]), array([-0.00058377]))","(array([0.16041972]), array([-0.00273615]))","(array([0.15904495]), array([-0.00534782]))"
(0.5500143081809787+0j),[-0.04105096],[1.],[0.63592865],[1.],"(array([0.13501306]), array([0.10840484]))","(array([0.05007702]), array([-0.01436461]))","(array([0.04733336]), array([-0.01061087]))","(array([0.04507908]), array([-0.00622977]))","(array([0.06521431]), array([-0.00199553]))","(array([0.10358232]), array([0.0003198]))","(array([0.13309851]), array([0.00061347]))","(array([0.15210996]), array([-0.00058468]))","(array([0.16042246]), array([-0.00273591]))","(array([0.15904573]), array([-0.00534669]))","(array([0.14982697]), array([-0.0079984]))"
(0.5815999593040605+0j),[-0.05055629],[1.],[0.56168973],[1.],"(array([0.12657707]), array([0.09739983]))","(array([0.04733362]), array([-0.01060939]))","(array([0.04507896]), array([-0.00622828]))","(array([0.06521484]), array([-0.00199442]))","(array([0.10358498]), array([0.00032]))","(array([0.13310319]), array([0.00061314]))","(array([0.15211649]), array([-0.0005853]))","(array([0.16042906]), array([-0.00273636]))","(array([0.15904989]), array([-0.00534693]))","(array([0.14982804]), array([-0.00799864]))","(array([0.13505666]), array([-0.01036746]))"
(0.5977240262644127+0j),[-0.05745062],[1.],[0.47849741],[1.],"(array([0.1164734]), array([0.08468779]))","(array([0.04507899]), array([-0.00622543]))","(array([0.06521558]), array([-0.0019919]))","(array([0.1035882]), array([0.00032185]))","(array([0.13310893]), array([0.00061431]))","(array([0.15212508]), array([-0.00058499]))","(array([0.16043993]), array([-0.00273656]))","(array([0.15905971]), array([-0.0053472]))","(array([0.14983345]), array([-0.0079992]))","(array([0.13505711]), array([-0.01036847]))","(array([0.11711492]), array([-0.01223006]))"
(0.5996364709666041+0j),[-0.06130568],[1.],[0.39543809],[1.],"(array([0.1058153]), array([0.07208818]))","(array([0.06521659]), array([-0.00198754]))","(array([0.10359202]), array([0.00032559]))","(array([0.13311585]), array([0.00061728]))","(array([0.15213526]), array([-0.00058368]))","(array([0.16045399]), array([-0.00273679]))","(array([0.15907538]), array([-0.00534798]))","(array([0.14984579]), array([-0.00800006]))","(array([0.13506238]), array([-0.01036972]))","(array([0.11711304]), array([-0.01223189]))","(array([0.09820459]), array([-0.01344808]))"
(0.5378503245643041+0j),[-0.06507392],[1.],[0.37609857],[1.],"(array([0.12109961]), array([0.06621507]))","(array([0.1035954]), array([0.00033146]))","(array([0.13312304]), array([0.0006223]))","(array([0.15214614]), array([-0.00058046]))","(array([0.16046914]), array([-0.0027364]))","(array([0.15909448]), array([-0.00534935]))","(array([0.14986439]), array([-0.00800172]))","(array([0.13507454]), array([-0.01037122]))","(array([0.11711541]), array([-0.01223354]))","(array([0.09819809]), array([-0.01345009]))","(array([0.08701192]), array([-0.01430654]))"
(0.48053837591756715+0j),[-0.0698481],[1.],[0.35769702],[1.],"(array([0.15822087]), array([0.06436987]))","(array([0.13312468]), array([0.00062614]))","(array([0.1521496]), array([-0.0005776]))","(array([0.16047497]), array([-0.00273526]))","(array([0.1591036]), array([-0.00534986]))","(array([0.14987521]), array([-0.00800283]))","(array([0.13508341]), array([-0.01037215]))","(array([0.11711938]), array([-0.01223408]))","(array([0.0981966]), array([-0.0134503]))","(array([0.08700821]), array([-0.01430681]))","(array([0.08277678]), array([-0.01529224]))"
(0.42705949916796637+0j),[-0.07316676],[1.],[0.33953372],[1.],"(array([0.18649554]), array([0.0606437]))","(array([0.15215064]), array([-0.00057581]))","(array([0.16047639]), array([-0.00273409]))","(array([0.15910603]), array([-0.00534955]))","(array([0.1498788]), array([-0.00800308]))","(array([0.13508704]), array([-0.01037249]))","(array([0.11712181]), array([-0.01223419]))","(array([0.09819741]), array([-0.01345]))","(array([0.08700826]), array([-0.01430623]))","(array([0.0827769]), array([-0.01529181]))","(array([0.07866857]), array([-0.01621665]))"
(0.37715358506875096+0j),[-0.07328807],[1.],[0.32115188],[1.],"(array([0.20380267]), array([0.05568577]))","(array([0.16047826]), array([-0.00273327]))","(array([0.15910765]), array([-0.00534914]))","(array([0.14988075]), array([-0.00800311]))","(array([0.13508955]), array([-0.01037271]))","(array([0.11712441]), array([-0.01223434]))","(array([0.0981993]), array([-0.01344989]))","(array([0.08700936]), array([-0.01430559]))","(array([0.08277797]), array([-0.01529111]))","(array([0.07866975]), array([-0.01621596]))","(array([0.07455599]), array([-0.01660613]))"
(0.33090524316286307+0j),[-0.06933033],[1.],[0.30242512],[1.],"(array([0.20966013]), array([0.05012731]))","(array([0.15911032]), array([-0.00534937]))","(array([0.14988272]), array([-0.00800341]))","(array([0.13509174]), array([-0.01037296]))","(array([0.11712755]), array([-0.01223453]))","(array([0.09820207]), array([-0.01344984]))","(array([0.08701129]), array([-0.01430473]))","(array([0.08277975]), array([-0.01529013]))","(array([0.07867152]), array([-0.01621488]))","(array([0.07455776]), array([-0.01660506]))","(array([0.07037405]), array([-0.01616642]))"
(0.2886595261518981+0j),[-0.06103621],[1.],[0.28356673],[1.],"(array([0.20496433]), array([0.04453639]))","(array([0.14988518]), array([-0.00800409]))","(array([0.13509355]), array([-0.01037342]))","(array([0.11713]), array([-0.01223471]))","(array([0.09820437]), array([-0.01344962]))","(array([0.08701316]), array([-0.01430392]))","(array([0.08278145]), array([-0.01528926]))","(array([0.07867314]), array([-0.01621399]))","(array([0.07455932]), array([-0.01660417]))","(array([0.07037555]), array([-0.01616558]))","(array([0.06613248]), array([-0.01477128]))"
(0.25088267853743496+0j),[-0.04853973],[1.],[0.26509137],[1.],"(array([0.19158448]), array([0.03941032]))","(array([0.13509472]), array([-0.01037383]))","(array([0.11713103]), array([-0.01223495]))","(array([0.0982052]), array([-0.0134497]))","(array([0.0870139]), array([-0.0143039]))","(array([0.08278217]), array([-0.01528919]))","(array([0.07867389]), array([-0.01621389]))","(array([0.07456011]), array([-0.01660408]))","(array([0.07037637]), array([-0.0161655]))","(array([0.06613331]), array([-0.01477123]))","(array([0.06191423]), array([-0.01240855]))"
(0.21800569165962752+0j),[-0.0322443],[1.],[0.24768006],[1.],"(array([0.17193593]), array([0.03515996]))","(array([0.11713158]), array([-0.01223519]))","(array([0.09820557]), array([-0.01344989]))","(array([0.08701419]), array([-0.01430412]))","(array([0.0827825]), array([-0.01528935]))","(array([0.07867427]), array([-0.01621402]))","(array([0.07456053]), array([-0.01660418]))","(array([0.07037682]), array([-0.01616559]))","(array([0.06613378]), array([-0.01477132]))","(array([0.06191472]), array([-0.01240865]))","(array([0.05785567]), array([-0.00914026]))"
(0.19027915485289723+0j),[-0.01279772],[1.],[0.23207052],[1.],"(array([0.14859601]), array([0.03208876]))","(array([0.09820589]), array([-0.01345008]))","(array([0.08701446]), array([-0.01430431]))","(array([0.08278281]), array([-0.01528953]))","(array([0.07867461]), array([-0.01621418]))","(array([0.07456087]), array([-0.01660431]))","(array([0.07037716]), array([-0.01616569]))","(array([0.06613412]), array([-0.01477141]))","(array([0.06191505]), array([-0.01240874]))","(array([0.05785599]), array([-0.00914035]))","(array([0.05411861]), array([-0.00508754]))"
(0.16766620720489245+0j),[0.00882206],[1.],[0.21914864],[1.],"(array([0.12402786]), array([0.030403]))","(array([0.08701463]), array([-0.0143044]))","(array([0.08278301]), array([-0.01528961]))","(array([0.07867481]), array([-0.01621425]))","(array([0.07456107]), array([-0.01660434]))","(array([0.07037737]), array([-0.0161657]))","(array([0.06613433]), array([-0.01477142]))","(array([0.06191525]), array([-0.01240874]))","(array([0.0578562]), array([-0.00914036]))","(array([0.05411881]), array([-0.00508757]))","(array([0.05088925]), array([-0.0004361]))"
(0.16892104936794142+0j),[0.02735507],[1.],[0.30602465],[1.],"(array([0.1129817]), array([0.03903911]))","(array([0.08278304]), array([-0.01528964]))","(array([0.07867484]), array([-0.01621426]))","(array([0.07456112]), array([-0.01660433]))","(array([0.07037744]), array([-0.01616567]))","(array([0.0661344]), array([-0.01477138]))","(array([0.06191532]), array([-0.01240872]))","(array([0.05785626]), array([-0.00914036]))","(array([0.05411886]), array([-0.00508758]))","(array([0.05088929]), array([-0.00043613]))","(array([0.0591809]), array([0.00418382]))"
(0.18755141285613094+0j),[0.03891698],[1.],[0.41447885],[1.],"(array([0.11687752]), array([0.05893432]))","(array([0.07867509]), array([-0.01621453]))","(array([0.07456136]), array([-0.01660456]))","(array([0.07037765]), array([-0.01616585]))","(array([0.0661346]), array([-0.01477149]))","(array([0.06191551]), array([-0.01240876]))","(array([0.05785646]), array([-0.00914035]))","(array([0.05411911]), array([-0.0050876]))","(array([0.05088953]), array([-0.00043618]))","(array([0.05918114]), array([0.00418375]))","(array([0.08132769]), array([0.00758539]))"
(0.22606785523289885+0j),[0.04360206],[1.],[0.5294394],[1.],"(array([0.1238713]), array([0.08090514]))","(array([0.07456194]), array([-0.01660473]))","(array([0.07037811]), array([-0.01616608]))","(array([0.0661349]), array([-0.01477152]))","(array([0.0619158]), array([-0.01240872]))","(array([0.05785683]), array([-0.00914047]))","(array([0.05411948]), array([-0.00508785]))","(array([0.05088986]), array([-0.00043646]))","(array([0.05918141]), array([0.00418338]))","(array([0.0813279]), array([0.00758485]))","(array([0.10670715]), array([0.00941864]))"
(0.28321609222254623+0j),[0.04194378],[1.],[0.63066881],[1.],"(array([0.13175919]), array([0.10196392]))","(array([0.07037824]), array([-0.01616613]))","(array([0.06613501]), array([-0.01477153]))","(array([0.06191593]), array([-0.01240871]))","(array([0.05785697]), array([-0.00914044]))","(array([0.05411961]), array([-0.00508782]))","(array([0.05088999]), array([-0.00043643]))","(array([0.05918158]), array([0.00418341]))","(array([0.08132811]), array([0.0075849]))","(array([0.10670734]), array([0.00941868]))","(array([0.13128601]), array([0.00975071]))"
(0.35244367087240425+0j),[0.03506951],[1.],[0.69917862],[1.],"(array([0.13806015]), array([0.11859274]))","(array([0.06613575]), array([-0.01477156]))","(array([0.06191668]), array([-0.01240888]))","(array([0.05785782]), array([-0.0091406]))","(array([0.05412051]), array([-0.00508781]))","(array([0.05089077]), array([-0.00043623]))","(array([0.05918236]), array([0.00418367]))","(array([0.08132924]), array([0.00758514]))","(array([0.1067087]), array([0.00941901]))","(array([0.13128753]), array([0.00975124]))","(array([0.15055237]), array([0.00876662]))"
(0.42298211825561977+0j),[0.02462999],[1.],[0.72472703],[1.],"(array([0.14082668]), array([0.12815655]))","(array([0.06191847]), array([-0.01240953]))","(array([0.05785949]), array([-0.00914118]))","(array([0.05412204]), array([-0.0050882]))","(array([0.05089211]), array([-0.00043636]))","(array([0.0591835]), array([0.00418379]))","(array([0.08133055]), array([0.00758526]))","(array([0.10671061]), array([0.00941909]))","(array([0.13129003]), array([0.00975166]))","(array([0.15055551]), array([0.00876752]))","(array([0.16113571]), array([0.00678253]))"
(0.4833456551449394+0j),[0.01255569],[1.],[0.70976242],[1.],"(array([0.13934732]), array([0.1301096]))","(array([0.05786154]), array([-0.00914178]))","(array([0.05412359]), array([-0.00508827]))","(array([0.0508934]), array([-0.00043622]))","(array([0.05918482]), array([0.004184]))","(array([0.08133238]), array([0.00758491]))","(array([0.10671318]), array([0.00941846]))","(array([0.13129289]), array([0.00975143]))","(array([0.15055794]), array([0.00876823]))","(array([0.16113759]), array([0.00678418]))","(array([0.16215259]), array([0.00420946]))"
(0.5251981875903636+0j),[0.000621],[1.],[0.667317],[1.],"(array([0.13429657]), array([0.1261846]))","(array([0.05412422]), array([-0.00508752]))","(array([0.05089344]), array([-0.00043534]))","(array([0.05918499]), array([0.00418465]))","(array([0.0813336]), array([0.00758483]))","(array([0.10671565]), array([0.00941796]))","(array([0.13129649]), array([0.00975087]))","(array([0.15056179]), array([0.00876793]))","(array([0.16114011]), array([0.00678437]))","(array([0.16215336]), array([0.00420999]))","(array([0.15542534]), array([0.00147176]))"
(0.5453155825160717+0j),[-0.00986866],[1.],[0.61424173],[1.],"(array([0.12726529]), array([0.11944153]))","(array([0.05089323]), array([-0.00043354]))","(array([0.05918497]), array([0.0041862]))","(array([0.08133448]), array([0.00758594]))","(array([0.10671777]), array([0.00941872]))","(array([0.13130029]), array([0.00975138]))","(array([0.15056738]), array([0.00876826]))","(array([0.16114592]), array([0.00678469]))","(array([0.16215711]), array([0.00421025]))","(array([0.15542656]), array([0.00147181]))","(array([0.14442536]), array([-0.00107691]))"
(0.5449512872221572+0j),[-0.01819011],[1.],[0.56424126],[1.],"(array([0.11999788]), array([0.1128479]))","(array([0.0591849]), array([0.00418896]))","(array([0.08133528]), array([0.00758828]))","(array([0.10671984]), array([0.00942067]))","(array([0.13130411]), array([0.00975279]))","(array([0.15057374]), array([0.00876907]))","(array([0.16115432]), array([0.00678517]))","(array([0.16216472]), array([0.00421066]))","(array([0.15543091]), array([0.00147195]))","(array([0.14442641]), array([-0.00107716]))","(array([0.13266391]), array([-0.00320696]))"
(0.5275148140313695+0j),[-0.02503899],[1.],[0.52439078],[1.],"(array([0.12468709]), array([0.107811]))","(array([0.08133576]), array([0.00759174]))","(array([0.10672152]), array([0.00942366]))","(array([0.13130741]), array([0.0097552]))","(array([0.15057945]), array([0.00877046]))","(array([0.16116311]), array([0.00678572]))","(array([0.16217466]), array([0.00421096]))","(array([0.15543859]), array([0.00147222]))","(array([0.14443008]), array([-0.00107717]))","(array([0.13266418]), array([-0.00320736]))","(array([0.12249746]), array([-0.00492056]))"
(0.49689949777980674+0j),[-0.03128103],[1.],[0.49513652],[1.],"(array([0.14424997]), array([0.10376449]))","(array([0.10672212]), array([0.00942701]))","(array([0.13130946]), array([0.00975799]))","(array([0.15058334]), array([0.00877232]))","(array([0.16116989]), array([0.00678641]))","(array([0.16218397]), array([0.0042111]))","(array([0.15544755]), array([0.00147237]))","(array([0.14443596]), array([-0.00107695]))","(array([0.13266633]), array([-0.00320725]))","(array([0.12249694]), array([-0.0049207]))","(array([0.1147513]), array([-0.00640288]))"
(0.4569435788925536+0j),[-0.03650408],[1.],[0.47235385],[1.],"(array([0.16787547]), array([0.09994277]))","(array([0.13130997]), array([0.00976082]))","(array([0.15058517]), array([0.00877439]))","(array([0.16117363]), array([0.00678732]))","(array([0.16219044]), array([0.00421116]))","(array([0.15545533]), array([0.00147234]))","(array([0.14444241]), array([-0.00107671]))","(array([0.13266996]), array([-0.00320674]))","(array([0.12249788]), array([-0.00492009]))","(array([0.11475062]), array([-0.00640238]))","(array([0.10897076]), array([-0.00770542]))"
(0.4113090485336206+0j),[-0.03967712],[1.],[0.45061314],[1.],"(array([0.19082807]), array([0.095529]))","(array([0.15058587]), array([0.00877664]))","(array([0.16117508]), array([0.00678867]))","(array([0.16219348]), array([0.00421152]))","(array([0.15546023]), array([0.0014723]))","(array([0.14444762]), array([-0.00107657]))","(array([0.13267382]), array([-0.0032062]))","(array([0.12249987]), array([-0.00491917]))","(array([0.11475116]), array([-0.00640126]))","(array([0.10897056]), array([-0.00770436]))","(array([0.10404099]), array([-0.00866312]))"
(0.36379412168341013+0j),[-0.03947978],[1.],[0.42629332],[1.],"(array([0.20783538]), array([0.0899321]))","(array([0.16117605]), array([0.0067901]))","(array([0.16219457]), array([0.0042122]))","(array([0.15546238]), array([0.00147243]))","(array([0.14445077]), array([-0.00107649]))","(array([0.13267689]), array([-0.00320587]))","(array([0.1225021]), array([-0.0049185]))","(array([0.11475246]), array([-0.00640029]))","(array([0.10897127]), array([-0.00770323]))","(array([0.10404144]), array([-0.00866202]))","(array([0.09891166]), array([-0.00900559]))"
(0.31829211262721147+0j),[-0.03487597],[1.],[0.39978029],[1.],"(array([0.21509846]), array([0.08327289]))","(array([0.16219568]), array([0.0042128]))","(array([0.15546327]), array([0.00147264]))","(array([0.14445226]), array([-0.00107646]))","(array([0.13267896]), array([-0.00320578]))","(array([0.12250412]), array([-0.00491823]))","(array([0.1147541]), array([-0.00639979]))","(array([0.10897255]), array([-0.00770254]))","(array([0.10404253]), array([-0.00866124]))","(array([0.09891266]), array([-0.00900481]))","(array([0.09320103]), array([-0.00846068]))"
(0.2783342161415003+0j),[-0.02567597],[1.],[0.37603311],[1.],"(array([0.21191162]), array([0.07655655]))","(array([0.15546439]), array([0.00147263]))","(array([0.14445314]), array([-0.00107653]))","(array([0.13268023]), array([-0.0032058]))","(array([0.12250574]), array([-0.0049182]))","(array([0.11475566]), array([-0.00639963]))","(array([0.10897393]), array([-0.00770224]))","(array([0.10404379]), array([-0.00866088]))","(array([0.09891386]), array([-0.00900445]))","(array([0.09320218]), array([-0.00846033]))","(array([0.08751248]), array([-0.0068864]))"
(0.24666280586711115+0j),[-0.01277139],[1.],[0.36322877],[1.],"(array([0.20091263]), array([0.07146891]))","(array([0.14445393]), array([-0.00107675]))","(array([0.13268094]), array([-0.00320594]))","(array([0.12250658]), array([-0.00491825]))","(array([0.11475649]), array([-0.00639964]))","(array([0.10897468]), array([-0.00770219]))","(array([0.10404449]), array([-0.00866081]))","(array([0.09891454]), array([-0.00900438]))","(array([0.09320285]), array([-0.0084603]))","(array([0.08751313]), array([-0.00688638]))","(array([0.08334506]), array([-0.00436328]))"
(0.22534566347521373+0j),[0.00207327],[1.],[0.36996644],[1.],"(array([0.18679705]), array([0.06987331]))","(array([0.13268132]), array([-0.00320606]))","(array([0.12250694]), array([-0.00491834]))","(array([0.11475679]), array([-0.00639972]))","(array([0.10897493]), array([-0.00770222]))","(array([0.10404474]), array([-0.00866081]))","(array([0.09891481]), array([-0.00900438]))","(array([0.09320314]), array([-0.00846029]))","(array([0.08751344]), array([-0.0068864]))","(array([0.08334537]), array([-0.0043633]))","(array([0.08261812]), array([-0.00119649]))"
(0.21641415968550587+0j),[0.01666408],[1.],[0.40200483],[1.],"(array([0.17429839]), array([0.07319942]))","(array([0.12250722]), array([-0.00491844]))","(array([0.11475706]), array([-0.00639986]))","(array([0.10897517]), array([-0.00770234]))","(array([0.104045]), array([-0.00866087]))","(array([0.0989151]), array([-0.00900439]))","(array([0.09320346]), array([-0.00846029]))","(array([0.08751377]), array([-0.00688639]))","(array([0.08334572]), array([-0.0043633]))","(array([0.08261846]), array([-0.00119651]))","(array([0.0869793]), array([0.00216059]))"
(0.2588589701150059+0j),[0.02614887],[1.],[0.53251307],[1.],"(array([0.17102397]), array([0.08913456]))","(array([0.11475775]), array([-0.00640014]))","(array([0.1089759]), array([-0.00770268]))","(array([0.10404567]), array([-0.00866119]))","(array([0.09891573]), array([-0.0090046]))","(array([0.09320413]), array([-0.00846039]))","(array([0.08751454]), array([-0.00688645]))","(array([0.08334653]), array([-0.0043634]))","(array([0.08261925]), array([-0.00119668]))","(array([0.08698002]), array([0.00216033]))","(array([0.10571439]), array([0.00500931]))"
(0.31521136816719786+0j),[0.02738958],[1.],[0.62807644],[1.],"(array([0.17506007]), array([0.11044318]))","(array([0.10897681]), array([-0.00770284]))","(array([0.10404658]), array([-0.00866154]))","(array([0.09891641]), array([-0.00900492]))","(array([0.09320473]), array([-0.00846045]))","(array([0.08751524]), array([-0.00688634]))","(array([0.08334733]), array([-0.00436329]))","(array([0.08262007]), array([-0.00119663]))","(array([0.08698075]), array([0.00216032]))","(array([0.10571489]), array([0.0050092]))","(array([0.13134667]), array([0.00619765]))"
(0.37817667943770356+0j),[0.0215455],[1.],[0.68330004],[1.],"(array([0.17828145]), array([0.12362567]))","(array([0.10404727]), array([-0.00866169]))","(array([0.09891707]), array([-0.00900507]))","(array([0.09320533]), array([-0.00846053]))","(array([0.0875158]), array([-0.00688631]))","(array([0.08334788]), array([-0.00436319]))","(array([0.08262065]), array([-0.00119652]))","(array([0.08698141]), array([0.00216043]))","(array([0.10571557]), array([0.00500942]))","(array([0.13134726]), array([0.00619799]))","(array([0.14839633]), array([0.00564493]))"
(0.44046187816666627+0j),[0.01036147],[1.],[0.69801389],[1.],"(array([0.17897205]), array([0.12847263]))","(array([0.09892005]), array([-0.00900523]))","(array([0.09320808]), array([-0.00846069]))","(array([0.08751837]), array([-0.00688649]))","(array([0.08335027]), array([-0.00436319]))","(array([0.08262282]), array([-0.00119637]))","(array([0.08698357]), array([0.0021605]))","(array([0.10571834]), array([0.00500954]))","(array([0.13135074]), array([0.00619859]))","(array([0.14840005]), array([0.00564609]))","(array([0.15623885]), array([0.00368384]))"
(0.4958109902356239+0j),[-0.00399745],[1.],[0.67674483],[1.],"(array([0.17594717]), array([0.12591791]))","(array([0.09321226]), array([-0.0084609]))","(array([0.0875228]), array([-0.00688689]))","(array([0.08335468]), array([-0.00436372]))","(array([0.08262698]), array([-0.00119667]))","(array([0.08698726]), array([0.00216043]))","(array([0.10572208]), array([0.00500928]))","(array([0.13135525]), array([0.00619848]))","(array([0.14840486]), array([0.00564703]))","(array([0.15624372]), array([0.00368591]))","(array([0.15538014]), array([0.00076032]))"
(0.5397441317393372+0j),[-0.01919402],[1.],[0.62740762],[1.],"(array([0.16909374]), array([0.11773258]))","(array([0.08752586]), array([-0.00688645]))","(array([0.08335777]), array([-0.0043631]))","(array([0.08262976]), array([-0.00119599]))","(array([0.08698991]), array([0.00216095]))","(array([0.10572533]), array([0.00500898]))","(array([0.13135951]), array([0.00619744]))","(array([0.14840933]), array([0.00564638]))","(array([0.15624684]), array([0.00368638]))","(array([0.15538139]), array([0.0007618]))","(array([0.14724861]), array([-0.00261288]))"
(0.5698548722008032+0j),[-0.03323993],[1.],[0.55967498],[1.],"(array([0.15959556]), array([0.10604989]))","(array([0.08335887]), array([-0.00436154]))","(array([0.08263076]), array([-0.00119444]))","(array([0.08699092]), array([0.00216231]))","(array([0.10572744]), array([0.00500958]))","(array([0.13136349]), array([0.00619709]))","(array([0.148415]), array([0.0056456]))","(array([0.15625248]), array([0.00368585]))","(array([0.15538461]), array([0.00076177]))","(array([0.14724893]), array([-0.00261261]))","(array([0.13386167]), array([-0.00594263]))"
(0.585673458299139+0j),[-0.04493922],[1.],[0.48331936],[1.],"(array([0.1497469]), array([0.09288933]))","(array([0.08263113]), array([-0.0011914]))","(array([0.08699154]), array([0.00216499]))","(array([0.10572932]), array([0.00501161]))","(array([0.1313676]), array([0.00619823]))","(array([0.14842167]), array([0.00564598]))","(array([0.15626134]), array([0.00368577]))","(array([0.15539263]), array([0.00076173]))","(array([0.14725312]), array([-0.00261267]))","(array([0.13386167]), array([-0.00594293]))","(array([0.11743649]), array([-0.00886741]))"
(0.5882463540482348+0j),[-0.05401376],[1.],[0.40706945],[1.],"(array([0.14237683]), array([0.07984875]))","(array([0.08699207]), array([0.00216952]))","(array([0.1057314]), array([0.00501539]))","(array([0.13137238]), array([0.00620108]))","(array([0.14842926]), array([0.00564766]))","(array([0.15627246]), array([0.00368636]))","(array([0.15540557]), array([0.00076175]))","(array([0.14726336]), array([-0.00261278]))","(array([0.13386587]), array([-0.00594341]))","(array([0.11743472]), array([-0.00886843]))","(array([0.10007613]), array([-0.01122299]))"
(0.5796417466379421+0j),[-0.06086085],[1.],[0.33799193],[1.],"(array([0.14004561]), array([0.06801563]))","(array([0.10573311]), array([0.00502123]))","(array([0.13137747]), array([0.00620583]))","(array([0.14843761]), array([0.00565094]))","(array([0.15628458]), array([0.0036877]))","(array([0.15542173]), array([0.00076169]))","(array([0.14727977]), array([-0.00261338]))","(array([0.13387691]), array([-0.00594419]))","(array([0.11743723]), array([-0.00886965]))","(array([0.10007106]), array([-0.01122478]))","(array([0.0835718]), array([-0.01302626]))"
(0.5177363150509541+0j),[-0.06755093],[1.],[0.32267415],[1.],"(array([0.15560636]), array([0.0622875]))","(array([0.13138133]), array([0.00621244]))","(array([0.1484456]), array([0.0056558]))","(array([0.1562962]), array([0.00369018]))","(array([0.15543784]), array([0.00076184]))","(array([0.14729923]), array([-0.00261452]))","(array([0.13389431]), array([-0.00594566]))","(array([0.11744667]), array([-0.00887109]))","(array([0.10007017]), array([-0.01122635]))","(array([0.08356275]), array([-0.01302809]))","(array([0.07453489]), array([-0.01456375]))"
(0.46048311125325925+0j),[-0.07426684],[1.],[0.30732491],[1.],"(array([0.18085573]), array([0.05973218]))","(array([0.14844761]), array([0.00565989]))","(array([0.15630006]), array([0.00369271]))","(array([0.15544399]), array([0.00076279]))","(array([0.14730856]), array([-0.00261452]))","(array([0.13390492]), array([-0.00594599]))","(array([0.11745479]), array([-0.0088714]))","(array([0.10007308]), array([-0.01122643]))","(array([0.08356043]), array([-0.01302783]))","(array([0.07453064]), array([-0.01456363]))","(array([0.07109236]), array([-0.01608865]))"
(0.4074319614047398+0j),[-0.07904094],[1.],[0.29168084],[1.],"(array([0.19730113]), array([0.05551164]))","(array([0.15630162]), array([0.00369468]))","(array([0.15544567]), array([0.00076397]))","(array([0.14731106]), array([-0.00261395]))","(array([0.13390852]), array([-0.00594577]))","(array([0.11745846]), array([-0.00887132]))","(array([0.10007562]), array([-0.01122625]))","(array([0.08356139]), array([-0.01302727]))","(array([0.07453087]), array([-0.01456279]))","(array([0.07109261]), array([-0.016088]))","(array([0.06760755]), array([-0.01738826]))"
(0.3584339561123706+0j),[-0.08055028],[1.],[0.27571032],[1.],"(array([0.20398464]), array([0.05011132]))","(array([0.15544784]), array([0.00076474]))","(array([0.14731264]), array([-0.00261358]))","(array([0.13391029]), array([-0.00594564]))","(array([0.11746094]), array([-0.00887134]))","(array([0.10007844]), array([-0.01122627]))","(array([0.0835635]), array([-0.01302706]))","(array([0.07453215]), array([-0.01456198]))","(array([0.07109381]), array([-0.0160871]))","(array([0.06760881]), array([-0.01738739]))","(array([0.06404643]), array([-0.01809222]))"
(0.31359475668743336+0j),[-0.07814685],[1.],[0.25959585],[1.],"(array([0.2012261]), array([0.04410438]))","(array([0.14731532]), array([-0.00261388]))","(array([0.13391201]), array([-0.00594599]))","(array([0.11746291]), array([-0.00887152]))","(array([0.10008169]), array([-0.01122635]))","(array([0.0835663]), array([-0.01302681]))","(array([0.0745341]), array([-0.0145609]))","(array([0.07109554]), array([-0.01608591]))","(array([0.06761048]), array([-0.01738611]))","(array([0.06404805]), array([-0.018091]))","(array([0.06042711]), array([-0.01797987]))"
(0.2731976190441162+0j),[-0.07162417],[1.],[0.24370903],[1.],"(array([0.19040146]), array([0.03810776]))","(array([0.13391429]), array([-0.0059467]))","(array([0.11746449]), array([-0.00887206]))","(array([0.100084]), array([-0.01122648]))","(array([0.08356834]), array([-0.01302645]))","(array([0.07453573]), array([-0.01456002]))","(array([0.07109698]), array([-0.01608497]))","(array([0.06761183]), array([-0.01738516]))","(array([0.06404933]), array([-0.01809007]))","(array([0.06042833]), array([-0.01797902]))","(array([0.05681222]), array([-0.01695685]))"
(0.23757753504977597+0j),[-0.06105272],[1.],[0.22857319],[1.],"(array([0.17356046]), array([0.03271047]))","(array([0.1174656]), array([-0.00887251]))","(array([0.10008497]), array([-0.01122675]))","(array([0.08356902]), array([-0.01302657]))","(array([0.07453627]), array([-0.01456007]))","(array([0.07109751]), array([-0.01608494]))","(array([0.06761242]), array([-0.0173851]))","(array([0.06404999]), array([-0.01809]))","(array([0.06042904]), array([-0.01797898]))","(array([0.05681296]), array([-0.01695683]))","(array([0.05330375]), array([-0.01500925]))"
(0.20698405118326524+0j),[-0.04672324],[1.],[0.21475892],[1.],"(array([0.15302398]), array([0.02836148]))","(array([0.10008549]), array([-0.01122699]))","(array([0.08356933]), array([-0.01302683]))","(array([0.07453648]), array([-0.01456037]))","(array([0.07109777]), array([-0.01608513]))","(array([0.06761275]), array([-0.01738524]))","(array([0.06405038]), array([-0.01809011]))","(array([0.0604295]), array([-0.01797907]))","(array([0.05681346]), array([-0.01695693]))","(array([0.05330427]), array([-0.01500935]))","(array([0.05002646]), array([-0.01217917]))"
(0.18146237622872222+0j),[-0.02916398],[1.],[0.20282378],[1.],"(array([0.13105379]), array([0.02528977]))","(array([0.08356961]), array([-0.01302703]))","(array([0.07453671]), array([-0.01456058]))","(array([0.07109804]), array([-0.01608533]))","(array([0.06761305]), array([-0.0173854]))","(array([0.0640507]), array([-0.01809024]))","(array([0.06042983]), array([-0.01797917]))","(array([0.05681381]), array([-0.01695702]))","(array([0.05330462]), array([-0.01500945]))","(array([0.05002681]), array([-0.01217928]))","(array([0.04710936]), array([-0.00856154]))"
(0.16078348338724305+0j),[-0.00921035],[1.],[0.19339447],[1.],"(array([0.10964806]), array([0.02351825]))","(array([0.07453686]), array([-0.01456068]))","(array([0.0710982]), array([-0.01608542]))","(array([0.06761323]), array([-0.01738546]))","(array([0.06405089]), array([-0.01809025]))","(array([0.06043003]), array([-0.01797916]))","(array([0.05681402]), array([-0.01695701]))","(array([0.05330484]), array([-0.01500945]))","(array([0.05002703]), array([-0.0121793]))","(array([0.04710958]), array([-0.00856158]))","(array([0.0446888]), array([-0.00431227]))"
(0.1864404367974994+0j),[0.0057229],[1.],[0.37921467],[1.],"(array([0.10709559]), array([0.04142943]))","(array([0.07109823]), array([-0.01608546]))","(array([0.06761325]), array([-0.01738549]))","(array([0.06405094]), array([-0.01809024]))","(array([0.06043011]), array([-0.01797913]))","(array([0.05681411]), array([-0.01695697]))","(array([0.05330492]), array([-0.01500944]))","(array([0.0500271]), array([-0.01217931]))","(array([0.04710963]), array([-0.00856161]))","(array([0.04468885]), array([-0.00431231]))","(array([0.06476955]), array([-0.00020127]))"
(0.2362937055790719+0j),[0.01067238],[1.],[0.53186518],[1.],"(array([0.12095738]), array([0.07429563]))","(array([0.06761428]), array([-0.01738609]))","(array([0.06405186]), array([-0.01809104]))","(array([0.06043064]), array([-0.01797963]))","(array([0.05681439]), array([-0.0169571]))","(array([0.05330522]), array([-0.01500948]))","(array([0.05002756]), array([-0.01217959]))","(array([0.04711017]), array([-0.0085621]))","(array([0.04468935]), array([-0.00431287]))","(array([0.06477001]), array([-0.00020211]))","(array([0.10320348]), array([0.00201029]))"
(0.30132990990238245+0j),[0.00787306],[1.],[0.64067427],[1.],"(array([0.13210727]), array([0.09874823]))","(array([0.06405204]), array([-0.01809115]))","(array([0.06043077]), array([-0.01797972]))","(array([0.05681451]), array([-0.01695713]))","(array([0.05330538]), array([-0.01500953]))","(array([0.05002775]), array([-0.01217967]))","(array([0.04711036]), array([-0.00856219]))","(array([0.04468952]), array([-0.00431295]))","(array([0.06477017]), array([-0.00020217]))","(array([0.10320361]), array([0.00201022]))","(array([0.13282664]), array([0.00221524]))"
(0.3723578541010156+0j),[-0.00027659],[1.],[0.70168934],[1.],"(array([0.13922977]), array([0.11399683]))","(array([0.06043139]), array([-0.01797973]))","(array([0.056815]), array([-0.01695715]))","(array([0.05330587]), array([-0.01500952]))","(array([0.05002826]), array([-0.01217956]))","(array([0.04711089]), array([-0.00856199]))","(array([0.04469012]), array([-0.00431272]))","(array([0.06477102]), array([-0.00020194]))","(array([0.10320479]), array([0.00201054]))","(array([0.13282783]), array([0.00221555]))","(array([0.15198957]), array([0.00094003]))"
(0.4411502705093014+0j),[-0.01144244],[1.],[0.71694134],[1.],"(array([0.14177054]), array([0.1203439]))","(array([0.05681687]), array([-0.01695815]))","(array([0.05330801]), array([-0.01501076]))","(array([0.05003057]), array([-0.01218073]))","(array([0.04711317]), array([-0.00856277]))","(array([0.04469216]), array([-0.00431296]))","(array([0.06477293]), array([-0.0002016]))","(array([0.10320765]), array([0.00201084]))","(array([0.132832]), array([0.00221609]))","(array([0.15199508]), array([0.00094102]))","(array([0.16047357]), array([-0.00127613]))"
(0.5012705225303634+0j),[-0.02360093],[1.],[0.69296067],[1.],"(array([0.13983999]), array([0.11895645]))","(array([0.05331105]), array([-0.01501195]))","(array([0.05003338]), array([-0.01218119]))","(array([0.04711559]), array([-0.00856286]))","(array([0.04469441]), array([-0.00431267]))","(array([0.06477494]), array([-0.00020107]))","(array([0.10321058]), array([0.00201077]))","(array([0.1328359]), array([0.00221646]))","(array([0.15199938]), array([0.00094259]))","(array([0.16047823]), array([-0.00127353]))","(array([0.15923248]), array([-0.00393604]))"
(0.5484642929690863+0j),[-0.03509714],[1.],[0.63913364],[1.],"(array([0.13408073]), array([0.11163625]))","(array([0.0500356]), array([-0.01218001]))","(array([0.04711682]), array([-0.00856111]))","(array([0.04469498]), array([-0.00431081]))","(array([0.06477603]), array([-0.00019978]))","(array([0.10321349]), array([0.00201061]))","(array([0.13284003]), array([0.00221606]))","(array([0.15200363]), array([0.00094279]))","(array([0.16048099]), array([-0.00127224]))","(array([0.15923339]), array([-0.00393392]))","(array([0.15008036]), array([-0.00661947]))"
(0.5806752497769425+0j),[-0.04475814],[1.],[0.5659968],[1.],"(array([0.12549403]), array([0.10051221]))","(array([0.04711742]), array([-0.00855757]))","(array([0.044695]), array([-0.00430735]))","(array([0.06477655]), array([-0.00019679]))","(array([0.10321606]), array([0.00201264]))","(array([0.13284458]), array([0.00221752]))","(array([0.15201006]), array([0.00094391]))","(array([0.16048759]), array([-0.00127102]))","(array([0.15923773]), array([-0.00393258]))","(array([0.15008182]), array([-0.0066182]))","(array([0.13533671]), array([-0.00900219]))"
(0.5977235813899777+0j),[-0.051812],[1.],[0.48369754],[1.],"(array([0.11523539]), array([0.08769915]))","(array([0.04469522]), array([-0.00430208]))","(array([0.0647773]), array([-0.00019194]))","(array([0.10321916]), array([0.00201676]))","(array([0.13285015]), array([0.0022209]))","(array([0.15201849]), array([0.00094638]))","(array([0.16049839]), array([-0.00126912]))","(array([0.15924767]), array([-0.00393083]))","(array([0.15008765]), array([-0.00661684]))","(array([0.13533788]), array([-0.00900136]))","(array([0.1174319]), array([-0.01086636]))"
(0.6008248172642169+0j),[-0.05586379],[1.],[0.40106898],[1.],"(array([0.10444467]), array([0.07502153]))","(array([0.06477834]), array([-0.00018543]))","(array([0.10322288]), array([0.00202262]))","(array([0.13285688]), array([0.00222595]))","(array([0.15202844]), array([0.00094975]))","(array([0.16051225]), array([-0.0012673]))","(array([0.15926327]), array([-0.00392961]))","(array([0.15010018]), array([-0.00661578]))","(array([0.13534372]), array([-0.00900079]))","(array([0.11743097]), array([-0.01086643]))","(array([0.09858294]), array([-0.01208942]))"
(0.5400256930549785+0j),[-0.05987276],[1.],[0.3819707],[1.],"(array([0.11969139]), array([0.06901776]))","(array([0.10322621]), array([0.00202978]))","(array([0.13286388]), array([0.00223228]))","(array([0.15203906]), array([0.0009543]))","(array([0.16052712]), array([-0.00126551]))","(array([0.15928207]), array([-0.00392953]))","(array([0.15011856]), array([-0.00661601]))","(array([0.13535596]), array([-0.00900093]))","(array([0.11743387]), array([-0.0108668]))","(array([0.0985774]), array([-0.01209021]))","(array([0.08739182]), array([-0.01296673]))"
(0.4835759770469112+0j),[-0.0649447],[1.],[0.36379455],[1.],"(array([0.15691671]), array([0.06705786]))","(array([0.13286557]), array([0.0022365]))","(array([0.15204252]), array([0.00095759]))","(array([0.16053291]), array([-0.00126389]))","(array([0.15929107]), array([-0.00392948]))","(array([0.15012918]), array([-0.00661654]))","(array([0.13536465]), array([-0.00900129]))","(array([0.11743785]), array([-0.01086682]))","(array([0.09857617]), array([-0.01208994]))","(array([0.08738848]), array([-0.01296655]))","(array([0.0831656]), array([-0.01398782]))"
(0.4307781237916589+0j),[-0.06864737],[1.],[0.34582222],[1.],"(array([0.18538199]), array([0.06326516]))","(array([0.1520436]), array([0.00095975]))","(array([0.16053436]), array([-0.00126234]))","(array([0.15929352]), array([-0.00392878]))","(array([0.15013274]), array([-0.00661637]))","(array([0.13536824]), array([-0.00900122]))","(array([0.11744028]), array([-0.01086654]))","(array([0.09857705]), array([-0.01208929]))","(array([0.08738864]), array([-0.01296565]))","(array([0.08316583]), array([-0.01398708]))","(array([0.07911632]), array([-0.01497115]))"
(0.3813537171474958+0j),[-0.069235],[1.],[0.32758295],[1.],"(array([0.20295903]), array([0.05826082]))","(array([0.16053625]), array([-0.00125977]))","(array([0.15929532]), array([-0.00392668]))","(array([0.15013504]), array([-0.00661476]))","(array([0.13537122]), array([-0.00899986]))","(array([0.11744345]), array([-0.01086518]))","(array([0.09857961]), array([-0.01208774]))","(array([0.08739048]), array([-0.01296364]))","(array([0.08316762]), array([-0.01398506]))","(array([0.07911818]), array([-0.0149692]))","(array([0.07508615]), array([-0.01544927]))"
(0.3354038529357378+0j),[-0.06579169],[1.],[0.30894023],[1.],"(array([0.20911807]), array([0.05265222]))","(array([0.15929842]), array([-0.00392276]))","(array([0.15013792]), array([-0.00661107]))","(array([0.13537476]), array([-0.00899629]))","(array([0.11744823]), array([-0.01086171]))","(array([0.09858425]), array([-0.01208417]))","(array([0.08739437]), array([-0.01295942]))","(array([0.08317132]), array([-0.01398086]))","(array([0.07912176]), array([-0.01496502]))","(array([0.07508956]), array([-0.01544521]))","(array([0.07098067]), array([-0.01512296]))"
(0.29331228523151304+0j),[-0.05801804],[1.],[0.29010215],[1.],"(array([0.20468765]), array([0.04699555]))","(array([0.15014201]), array([-0.00660477]))","(array([0.13537902]), array([-0.00899003]))","(array([0.11745376]), array([-0.01085545]))","(array([0.09859004]), array([-0.01207774]))","(array([0.08739989]), array([-0.01295264]))","(array([0.08317655]), array([-0.01397424]))","(array([0.0791267]), array([-0.01495859]))","(array([0.07509416]), array([-0.01543899]))","(array([0.07098485]), array([-0.015117]))","(array([0.06678749]), array([-0.01385514]))"
(0.255583649873077+0j),[-0.04601858],[1.],[0.27157968],[1.],"(array([0.19150123]), array([0.04179051]))","(array([0.13538386]), array([-0.00898052]))","(array([0.11745942]), array([-0.01084614]))","(array([0.09859618]), array([-0.01206859]))","(array([0.08740615]), array([-0.01294373]))","(array([0.08318262]), array([-0.01396559]))","(array([0.07913249]), array([-0.01495022]))","(array([0.07509955]), array([-0.01543094]))","(array([0.07098974]), array([-0.01510926]))","(array([0.06679177]), array([-0.01384774]))","(array([0.06258337]), array([-0.01162631]))"
(0.22266512747103476+0j),[-0.03018324],[1.],[0.25404058],[1.],"(array([0.17200398]), array([0.03745785]))","(array([0.11746603]), array([-0.01083389]))","(array([0.09860351]), array([-0.01205672]))","(array([0.08741369]), array([-0.01293232]))","(array([0.08318997]), array([-0.01395455]))","(array([0.0791395]), array([-0.01493955]))","(array([0.07510605]), array([-0.01542062]))","(array([0.07099557]), array([-0.01509934]))","(array([0.06679683]), array([-0.01383821]))","(array([0.06258757]), array([-0.01161719]))","(array([0.05851482]), array([-0.00849861]))"
(0.19479846197051798+0j),[-0.01115098],[1.],[0.23819532],[1.],"(array([0.1488306]), array([0.03430516]))","(array([0.09861197]), array([-0.01204282]))","(array([0.08742243]), array([-0.01291894]))","(array([0.08319848]), array([-0.01394166]))","(array([0.07914758]), array([-0.0149271]))","(array([0.07511349]), array([-0.0154086]))","(array([0.07100223]), array([-0.01508774]))","(array([0.06680256]), array([-0.01382706]))","(array([0.0625923]), array([-0.01160649]))","(array([0.05851849]), array([-0.00848838]))","(array([0.05475836]), array([-0.00459457]))"
(0.17193575304077452+0j),[0.01012413],[1.],[0.22490016],[1.],"(array([0.12445161]), array([0.03252869]))","(array([0.08743206]), array([-0.01290397]))","(array([0.08320781]), array([-0.01392725]))","(array([0.0791564]), array([-0.01491318]))","(array([0.07512163]), array([-0.01539514]))","(array([0.07100949]), array([-0.01507473]))","(array([0.06680881]), array([-0.01381454]))","(array([0.06259743]), array([-0.01159449]))","(array([0.05852245]), array([-0.0084769]))","(array([0.05476115]), array([-0.00458359]))","(array([0.05150212]), array([-9.20766322e-05]))"
(0.19857594769497658+0j),[0.02613121],[1.],[0.39804567],[1.],"(array([0.11852193]), array([0.0494096]))","(array([0.08321781]), array([-0.01391152]))","(array([0.07916584]), array([-0.01489799]))","(array([0.07513032]), array([-0.01538044]))","(array([0.07101726]), array([-0.01506053]))","(array([0.06681549]), array([-0.01380086]))","(array([0.06260289]), array([-0.01158138]))","(array([0.05852663]), array([-0.00846438]))","(array([0.05476404]), array([-0.00457162]))","(array([0.05150374]), array([-8.06187686e-05]))","(array([0.06949176]), array([0.00423321]))"
(0.2474086293838983+0j),[0.0318018],[1.],[0.53997272],[1.],"(array([0.12992286]), array([0.08023207]))","(array([0.07917724]), array([-0.0148819]))","(array([0.07514079]), array([-0.01536522]))","(array([0.07102634]), array([-0.01504567]))","(array([0.06682314]), array([-0.01378619]))","(array([0.06260924]), array([-0.01156714]))","(array([0.05853175]), array([-0.00845087]))","(array([0.0547678]), array([-0.00455882]))","(array([0.05150608]), array([-6.83623661e-05]))","(array([0.06949324]), array([0.00424466]))","(array([0.10486419]), array([0.0066242]))"
(0.3101902103407125+0j),[0.02923465],[1.],[0.64075754],[1.],"(array([0.13922644]), array([0.10300348]))","(array([0.07515127]), array([-0.01534802]))","(array([0.07103567]), array([-0.01502911]))","(array([0.06683116]), array([-0.01377021]))","(array([0.06261586]), array([-0.01155176]))","(array([0.05853687]), array([-0.00843606]))","(array([0.05477139]), array([-0.00454457]))","(array([0.05150816]), array([-5.46497495e-05]))","(array([0.06949445]), array([0.00425781]))","(array([0.10486516]), array([0.00663681]))","(array([0.13209989]), array([0.00693984]))"
(0.37839420803870294+0j),[0.02078855],[1.],[0.69661653],[1.],"(array([0.14503471]), array([0.11703779]))","(array([0.07104627]), array([-0.0150112]))","(array([0.06684022]), array([-0.01375297]))","(array([0.06262335]), array([-0.01153514]))","(array([0.05854275]), array([-0.00841998]))","(array([0.05477564]), array([-0.00452899]))","(array([0.05151088]), array([-3.961396e-05]))","(array([0.06949647]), array([0.00427226]))","(array([0.10486719]), array([0.00665081]))","(array([0.13210191]), array([0.00695335]))","(array([0.14957837]), array([0.00567429]))"
(0.4443190318723707+0j),[0.00885091],[1.],[0.70943256],[1.],"(array([0.14665201]), array([0.12265881]))","(array([0.06685187]), array([-0.0137357]))","(array([0.06263355]), array([-0.0115188]))","(array([0.05855126]), array([-0.00840419]))","(array([0.05478223]), array([-0.0045134]))","(array([0.05151537]), array([-2.40747623e-05]))","(array([0.06949972]), array([0.00428776]))","(array([0.10487103]), array([0.00666578]))","(array([0.13210704]), array([0.00696808]))","(array([0.14958524]), array([0.00568897]))","(array([0.15701838]), array([0.003362]))"
(0.5019474693738354+0j),[-0.00443451],[1.],[0.68539987],[1.],"(array([0.14407845]), array([0.12105306]))","(array([0.06264493]), array([-0.0115015]))","(array([0.0585605]), array([-0.00838688]))","(array([0.05478916]), array([-0.00449641]))","(array([0.05152027]), array([-7.41577693e-06]))","(array([0.06950323]), array([0.00430401]))","(array([0.10487494]), array([0.00668092]))","(array([0.13211154]), array([0.00698322]))","(array([0.1495903]), array([0.00570479]))","(array([0.15702425]), array([0.00337832]))","(array([0.15533735]), array([0.00051938]))"
(0.5473437040390565+0j),[-0.01727231],[1.],[0.63339278],[1.],"(array([0.13790496]), array([0.11403743]))","(array([0.05856882]), array([-0.00836782]))","(array([0.05479483]), array([-0.0044776]))","(array([0.05152359]), array([1.07777228e-05]))","(array([0.06950594]), array([0.00432099]))","(array([0.10487881]), array([0.00669613]))","(array([0.13211631]), array([0.00699777]))","(array([0.14959545]), array([0.00571939]))","(array([0.15702866]), array([0.00339333]))","(array([0.15534088]), array([0.00053456]))","(array([0.14634453]), array([-0.00240578]))"
(0.5786292620947606+0j),[-0.02836048],[1.],[0.56323117],[1.],"(array([0.12909663]), array([0.1036644]))","(array([0.05479976]), array([-0.00445757]))","(array([0.05152641]), array([2.99760706e-05]))","(array([0.06950817]), array([0.00433909]))","(array([0.10488242]), array([0.0067129]))","(array([0.13212149]), array([0.00701361]))","(array([0.14960262]), array([0.0057345]))","(array([0.15703659]), array([0.00340805]))","(array([0.15534758]), array([0.00054885]))","(array([0.14634954]), array([-0.00239211]))","(array([0.13228164]), array([-0.0050657]))"
(0.5956283099159356+0j),[-0.03683212],[1.],[0.48426578],[1.],"(array([0.11874396]), array([0.09185889]))","(array([0.05152937]), array([5.04332081e-05]))","(array([0.06951057]), array([0.00435848]))","(array([0.10488648]), array([0.00673109]))","(array([0.1321276]), array([0.00703071]))","(array([0.14961159]), array([0.0057504]))","(array([0.1570483]), array([0.00342304]))","(array([0.15535924]), array([0.00056322]))","(array([0.14635833]), array([-0.0023786]))","(array([0.13228707]), array([-0.00505316]))","(array([0.11538039]), array([-0.00722573]))"
(0.5994187310250632+0j),[-0.04222597],[1.],[0.40462944],[1.],"(array([0.10789443]), array([0.08020473]))","(array([0.06951317]), array([0.00437992]))","(array([0.10489105]), array([0.00675134]))","(array([0.13213469]), array([0.00704974]))","(array([0.1496219]), array([0.00576752]))","(array([0.15706286]), array([0.0034384]))","(array([0.15537614]), array([0.00057762]))","(array([0.14637326]), array([-0.00236487]))","(array([0.13229683]), array([-0.00504042]))","(array([0.11538476]), array([-0.00721408]))","(array([0.09759439]), array([-0.00874767]))"
(0.5397813826020584+0j),[-0.04738645],[1.],[0.38628616],[1.],"(array([0.12158913]), array([0.07482048]))","(array([0.10489526]), array([0.00677506]))","(array([0.13214204]), array([0.00707213]))","(array([0.14963278]), array([0.00578778]))","(array([0.15707844]), array([0.0034558]))","(array([0.15539634]), array([0.00059307]))","(array([0.14639411]), array([-0.00235025]))","(array([0.13231312]), array([-0.00502637]))","(array([0.11539349]), array([-0.00720089]))","(array([0.09759603]), array([-0.00873541]))","(array([0.08702793]), array([-0.00989722]))"
(0.484238332851511+0j),[-0.05345434],[1.],[0.36860097],[1.],"(array([0.15605511]), array([0.07313037]))","(array([0.13214482]), array([0.00709677]))","(array([0.1496375]), array([0.00581091]))","(array([0.15708624]), array([0.00347681]))","(array([0.15540841]), array([0.00061214]))","(array([0.14640908]), array([-0.00233232]))","(array([0.13232771]), array([-0.00500903]))","(array([0.11540493]), array([-0.00718399]))","(array([0.0976034]), array([-0.00871894]))","(array([0.08703348]), array([-0.0098814]))","(array([0.08302991]), array([-0.01114172]))"
(0.43221792270508996+0j),[-0.05812023],[1.],[0.35094165],[1.],"(array([0.18236192]), array([0.06947001]))","(array([0.14964067]), array([0.00583899]))","(array([0.15709089]), array([0.00350348]))","(array([0.15541569]), array([0.0006372]))","(array([0.14641932]), array([-0.00230861]))","(array([0.13233981]), array([-0.00498631]))","(array([0.11541743]), array([-0.00716197]))","(array([0.09761527]), array([-0.00869735]))","(array([0.08704481]), array([-0.00986028]))","(array([0.08304105]), array([-0.01112143]))","(array([0.07910662]), array([-0.01231935]))"
(0.3835276456152762+0j),[-0.05971403],[1.],[0.33290933],[1.],"(array([0.19844862]), array([0.06443583]))","(array([0.15709708]), array([0.00353828]))","(array([0.15542395]), array([0.00067046]))","(array([0.14643051]), array([-0.00227692]))","(array([0.13235399]), array([-0.004956]))","(array([0.11543363]), array([-0.00713276]))","(array([0.09763186]), array([-0.00866891]))","(array([0.08706088]), array([-0.0098323]))","(array([0.08305674]), array([-0.01109432]))","(array([0.07912164]), array([-0.01229316]))","(array([0.07512382]), array([-0.01299005]))"
(0.33829236050996+0j),[-0.05734365],[1.],[0.31441609],[1.],"(array([0.20376247]), array([0.05865672]))","(array([0.1554353]), array([0.0007137]))","(array([0.14644472]), array([-0.00223531]))","(array([0.13237177]), array([-0.00491593]))","(array([0.11545486]), array([-0.00709416]))","(array([0.09765412]), array([-0.00863135]))","(array([0.08708275]), array([-0.00979527]))","(array([0.08307796]), array([-0.01105843]))","(array([0.07914177]), array([-0.01225838]))","(array([0.07514239]), array([-0.01295649]))","(array([0.07102881]), array([-0.01287494]))"
(0.2968493555914946+0j),[-0.05069277],[1.],[0.29567445],[1.],"(array([0.19913501]), array([0.05274286]))","(array([0.14646277]), array([-0.00218245]))","(array([0.13239348]), array([-0.0048648]))","(array([0.11548054]), array([-0.00704468]))","(array([0.09768164]), array([-0.00858313]))","(array([0.0871105]), array([-0.00974816]))","(array([0.08310486]), array([-0.01101286]))","(array([0.07916717]), array([-0.01221434]))","(array([0.07516566]), array([-0.012914]))","(array([0.07104947]), array([-0.01283404]))","(array([0.06685754]), array([-0.01185092]))"
(0.2596050799698837+0j),[-0.03981883],[1.],[0.27714194],[1.],"(array([0.18641481]), array([0.04724863]))","(array([0.13241889]), array([-0.00480247]))","(array([0.11550982]), array([-0.00698439]))","(array([0.09771343]), array([-0.00852474]))","(array([0.08714306]), array([-0.00969174]))","(array([0.08313657]), array([-0.01095835]))","(array([0.07919722]), array([-0.01216166]))","(array([0.07519324]), array([-0.01286317]))","(array([0.07107392]), array([-0.01278509]))","(array([0.0668784]), array([-0.01180385]))","(array([0.06272095]), array([-0.00990195]))"
(0.22690903501064194+0j),[-0.02503896],[1.],[0.25939605],[1.],"(array([0.16795432]), array([0.04262175]))","(array([0.11554255]), array([-0.0069156]))","(array([0.09774913]), array([-0.00845824]))","(array([0.08717971]), array([-0.00962768]))","(array([0.08317231]), array([-0.0108965]))","(array([0.07923111]), array([-0.01210189]))","(array([0.0752244]), array([-0.01280545]))","(array([0.07110157]), array([-0.01272944]))","(array([0.06690196]), array([-0.01175031]))","(array([0.06274007]), array([-0.0098505]))","(array([0.05876405]), array([-0.00707538]))"
(0.19896512827368604+0j),[-0.00691103],[1.],[0.24306986],[1.],"(array([0.14613412]), array([0.03916458]))","(array([0.09778685]), array([-0.00838787]))","(array([0.08721846]), array([-0.0095599]))","(array([0.08321005]), array([-0.01083115]))","(array([0.0792669]), array([-0.01203875]))","(array([0.07525731]), array([-0.01274444]))","(array([0.07113079]), array([-0.01267057]))","(array([0.06692689]), array([-0.0116936]))","(array([0.06276029]), array([-0.009796]))","(array([0.05877937]), array([-0.00702306]))","(array([0.05512278]), array([-0.00346025]))"
(0.17576566629087462+0j),[0.01368157],[1.],[0.22898687],[1.],"(array([0.12309448]), array([0.03705931]))","(array([0.08725692]), array([-0.00949253]))","(array([0.08324743]), array([-0.01076621]))","(array([0.07930232]), array([-0.011976]))","(array([0.07528988]), array([-0.01268375]))","(array([0.07115975]), array([-0.01261193]))","(array([0.06695162]), array([-0.01163708]))","(array([0.06278037]), array([-0.00974166]))","(array([0.0587946]), array([-0.00697092]))","(array([0.0551331]), array([-0.0034102]))","(array([0.05193316]), array([0.00080379]))"
(0.20175482844642556+0j),[0.02932032],[1.],[0.39783274],[1.],"(array([0.11767136]), array([0.05313583]))","(array([0.08328317]), array([-0.01070391]))","(array([0.07933616]), array([-0.01191581]))","(array([0.07532101]), array([-0.01262552]))","(array([0.07118744]), array([-0.01255565]))","(array([0.06697527]), array([-0.01158279]))","(array([0.06279956]), array([-0.00968945]))","(array([0.05880911]), array([-0.00692082]))","(array([0.0551429]), array([-0.00336213]))","(array([0.05193833]), array([0.00084994]))","(array([0.06937143]), array([0.00497428]))"
(0.2492829067456847+0j),[0.03485225],[1.],[0.53704036],[1.],"(array([0.12895853]), array([0.08302374]))","(array([0.07936948]), array([-0.01185879]))","(array([0.07535164]), array([-0.01257088]))","(array([0.07121445]), array([-0.01250278]))","(array([0.06699822]), array([-0.01153145]))","(array([0.06281832]), array([-0.00963981]))","(array([0.05882356]), array([-0.00687308]))","(array([0.05515288]), array([-0.00331624]))","(array([0.05194381]), array([0.00089412]))","(array([0.06937426]), array([0.00501627]))","(array([0.1039405]), array([0.00730685]))"
(0.3105609646589658+0j),[0.03224538],[1.],[0.63670292],[1.],"(array([0.13821741]), array([0.10529336]))","(array([0.07538069]), array([-0.01251727]))","(array([0.07124028]), array([-0.01245113]))","(array([0.06702031]), array([-0.01148159]))","(array([0.06283633]), array([-0.00959166]))","(array([0.05883728]), array([-0.00682658]))","(array([0.05516221]), array([-0.00327135]))","(array([0.05194882]), array([0.00093742]))","(array([0.06937668]), array([0.00505778]))","(array([0.10394217]), array([0.00734662]))","(array([0.1308211]), array([0.0076121]))"
(0.3773961839337477+0j),[0.02380251],[1.],[0.69281523],[1.],"(array([0.14405746]), array([0.11914049]))","(array([0.07126687]), array([-0.01239898]))","(array([0.06704299]), array([-0.0114313]))","(array([0.06285484]), array([-0.00954311]))","(array([0.05885145]), array([-0.00677963]))","(array([0.055172]), array([-0.00322593]))","(array([0.05195437]), array([0.00098126]))","(array([0.06937982]), array([0.0050999]))","(array([0.10394472]), array([0.00738721]))","(array([0.13082358]), array([0.00765117]))","(array([0.14830424]), array([0.00635312]))"
(0.44231356020226104+0j),[0.01188856],[1.],[0.70689056],[1.],"(array([0.14580305]), array([0.12480742]))","(array([0.06706886]), array([-0.01138012]))","(array([0.06287648]), array([-0.009494]))","(array([0.05886851]), array([-0.00673218]))","(array([0.05518422]), array([-0.00317977]))","(array([0.05196166]), array([0.00102624]))","(array([0.0693841]), array([0.00514365]))","(array([0.10394894]), array([0.00742937]))","(array([0.13082901]), array([0.00769209]))","(array([0.14831211]), array([0.00639295]))","(array([0.15604294]), array([0.00405276]))"
(0.4994052052776531+0j),[-0.00136949],[1.],[0.68463384],[1.],"(array([0.14348423]), array([0.12341793]))","(array([0.06289953]), array([-0.00944256]))","(array([0.05888651]), array([-0.006682]))","(array([0.05519699]), array([-0.00313115]))","(array([0.05196951]), array([0.00107331]))","(array([0.06938876]), array([0.00518909]))","(array([0.10395325]), array([0.0074727]))","(array([0.13083361]), array([0.00773448]))","(array([0.1483178]), array([0.00643492]))","(array([0.15605061]), array([0.00409409]))","(array([0.15490147]), array([0.0012208]))"
(0.5446998989399644+0j),[-0.01419626],[1.],[0.63440221],[1.],"(array([0.13768705]), array([0.11669636]))","(array([0.05890341]), array([-0.00662956]))","(array([0.05520849]), array([-0.00308039]))","(array([0.05197589]), array([0.00112207]))","(array([0.06939267]), array([0.00523546]))","(array([0.10395749]), array([0.00751647]))","(array([0.1308385]), array([0.00777671]))","(array([0.14832372]), array([0.00647612]))","(array([0.15605715]), array([0.0041345]))","(array([0.15490893]), array([0.00126024]))","(array([0.1465916]), array([-0.00170459]))"
(0.5761536907238864+0j),[-0.02530012],[1.],[0.56560666],[1.],"(array([0.12930835]), array([0.1065711]))","(array([0.05521898]), array([-0.00302984]))","(array([0.05198169]), array([0.00117042]))","(array([0.06939606]), array([0.00528154]))","(array([0.10396143]), array([0.00756034]))","(array([0.13084376]), array([0.00781885]))","(array([0.14833152]), array([0.00651661]))","(array([0.15606702]), array([0.00417357]))","(array([0.15491936]), array([0.00129785]))","(array([0.14660233]), array([-0.00166854]))","(array([0.13320028]), array([-0.00438416]))"
(0.59337560139833+0j),[-0.03380271],[1.],[0.48745063],[1.],"(array([0.11931679]), array([0.09486065]))","(array([0.05198722]), array([0.00121705]))","(array([0.0693994]), array([0.005326]))","(array([0.10396571]), array([0.00760274]))","(array([0.13084988]), array([0.00785938]))","(array([0.14834099]), array([0.00655513]))","(array([0.15608038]), array([0.00421033]))","(array([0.15493431]), array([0.00133313]))","(array([0.14661625]), array([-0.00163495]))","(array([0.13321258]), array([-0.00435229]))","(array([0.11679437]), array([-0.00658132]))"
(0.5972775690343953+0j),[-0.03921669],[1.],[0.4081772],[1.],"(array([0.10866833]), array([0.08314234]))","(array([0.06940265]), array([0.00536857]))","(array([0.10397031]), array([0.00764336]))","(array([0.13085689]), array([0.0078981]))","(array([0.14835164]), array([0.00659127]))","(array([0.15609626]), array([0.00424399]))","(array([0.15495397]), array([0.00136512]))","(array([0.14663556]), array([-0.0016043]))","(array([0.13322822]), array([-0.00432328]))","(array([0.11680579]), array([-0.00655398]))","(array([0.09926646]), array([-0.00814528]))"
(0.53650038027755+0j),[-0.04435714],[1.],[0.38931672],[1.],"(array([0.12186326]), array([0.07762602]))","(array([0.10397437]), array([0.00768285]))","(array([0.13086401]), array([0.00793573]))","(array([0.14836266]), array([0.00662625]))","(array([0.15611278]), array([0.00427556]))","(array([0.15497625]), array([0.00139417]))","(array([0.14665985]), array([-0.00157662]))","(array([0.13324921]), array([-0.00429666]))","(array([0.11682012]), array([-0.00652868]))","(array([0.09927416]), array([-0.00812134]))","(array([0.08877947]), array([-0.0093301]))"
(0.4798784619197352+0j),[-0.05036134],[1.],[0.37097347],[1.],"(array([0.1555281]), array([0.07580755]))","(array([0.13086626]), array([0.00797012]))","(array([0.14836708]), array([0.00665877]))","(array([0.15612079]), array([0.00430559]))","(array([0.15498928]), array([0.00142187]))","(array([0.14667671]), array([-0.00155042]))","(array([0.1332666]), array([-0.00427135]))","(array([0.11683506]), array([-0.00650409]))","(array([0.09928542]), array([-0.00809742]))","(array([0.08878899]), array([-0.00930705]))","(array([0.08475081]), array([-0.01060377]))"
(0.4268930115724136+0j),[-0.05490595],[1.],[0.35252223],[1.],"(array([0.18144976]), array([0.07201864]))","(array([0.14836941]), array([0.00668964]))","(array([0.1561248]), array([0.00433488]))","(array([0.15499621]), array([0.00144939]))","(array([0.14668695]), array([-0.00152439]))","(array([0.13327912]), array([-0.00424639]))","(array([0.11684836]), array([-0.00647988]))","(array([0.09929836]), array([-0.00807367]))","(array([0.08880148]), array([-0.00928379]))","(array([0.08476309]), array([-0.0105814]))","(array([0.08073872]), array([-0.01180139]))"
(0.37737010555831035+0j),[-0.05630235],[1.],[0.33357161],[1.],"(array([0.19748292]), array([0.06684365]))","(array([0.1561293]), array([0.00436425]))","(array([0.1550025]), array([0.00147735]))","(array([0.1466959]), array([-0.00149784]))","(array([0.13329087]), array([-0.00422103]))","(array([0.11686206]), array([-0.00645539]))","(array([0.0993125]), array([-0.00804974]))","(array([0.08881516]), array([-0.00926013]))","(array([0.08477644]), array([-0.01055844]))","(array([0.08075152]), array([-0.01177921]))","(array([0.07663082]), array([-0.01247467]))"
(0.3314391928141638+0j),[-0.05365361],[1.],[0.31404919],[1.],"(array([0.20300268]), array([0.06091027]))","(array([0.1550099]), array([0.00150553]))","(array([0.14670508]), array([-0.00147077]))","(array([0.13330264]), array([-0.00419493]))","(array([0.11687666]), array([-0.00643019]))","(array([0.09932787]), array([-0.00802509]))","(array([0.08883009]), array([-0.00923552]))","(array([0.08479089]), array([-0.01053453]))","(array([0.08076523]), array([-0.011756]))","(array([0.07664349]), array([-0.01245229]))","(array([0.07238414]), array([-0.01233622]))"
(0.2894516929362702+0j),[-0.04665704],[1.],[0.29420135],[1.],"(array([0.19877057]), array([0.05481868]))","(array([0.14671478]), array([-0.0014436]))","(array([0.13331416]), array([-0.00416854]))","(array([0.11689075]), array([-0.00640449]))","(array([0.09934305]), array([-0.00799981]))","(array([0.08884532]), array([-0.00921052]))","(array([0.08480559]), array([-0.01051031]))","(array([0.08077909]), array([-0.01173257]))","(array([0.07665619]), array([-0.01242969]))","(array([0.07239542]), array([-0.01231452]))","(array([0.06802626]), array([-0.01125421]))"
(0.2518532041842485+0j),[-0.03540049],[1.],[0.27454915],[1.],"(array([0.18651515]), array([0.04910167]))","(array([0.13332488]), array([-0.00414247]))","(array([0.11690326]), array([-0.00637915]))","(array([0.09935673]), array([-0.00797514]))","(array([0.08885939]), array([-0.00918662]))","(array([0.08481929]), array([-0.01048717]))","(array([0.08079208]), array([-0.01171022]))","(array([0.07666814]), array([-0.01240814]))","(array([0.07240604]), array([-0.01229379]))","(array([0.06803534]), array([-0.01123433]))","(array([0.06364859]), array([-0.0092054]))"
(0.21904863387579063+0j),[-0.02024516],[1.],[0.25576798],[1.],"(array([0.16842845]), array([0.04419294]))","(array([0.11691467]), array([-0.00635513]))","(array([0.09936929]), array([-0.00795186]))","(array([0.08887237]), array([-0.0091642]))","(array([0.08483196]), array([-0.01046549]))","(array([0.08080413]), array([-0.01168926]))","(array([0.07667923]), array([-0.0123879]))","(array([0.0724159]), array([-0.0122743]))","(array([0.06804374]), array([-0.0112156]))","(array([0.0636554]), array([-0.00918746]))","(array([0.05938674]), array([-0.00623893]))"
(0.19128089877324483+0j),[-0.00180455],[1.],[0.23860274],[1.],"(array([0.14675599]), array([0.04041161]))","(array([0.09938068]), array([-0.00793077]))","(array([0.08888413]), array([-0.00914388]))","(array([0.08484345]), array([-0.01044589]))","(array([0.08081503]), array([-0.01167032]))","(array([0.07668925]), array([-0.0123696]))","(array([0.07242479]), array([-0.01225664]))","(array([0.06805132]), array([-0.01119862]))","(array([0.06366152]), array([-0.00917117]))","(array([0.05939134]), array([-0.00622335]))","(array([0.05539854]), array([-0.00246282]))"
(0.16853285959631603+0j),[0.01897385],[1.],[0.22396217],[1.],"(array([0.12363688]), array([0.03798244]))","(array([0.08889445]), array([-0.00912588]))","(array([0.0848535]), array([-0.01042854]))","(array([0.08082456]), array([-0.01165355]))","(array([0.07669801]), array([-0.01235338]))","(array([0.07243257]), array([-0.01224097]))","(array([0.06805794]), array([-0.01118353]))","(array([0.06366687]), array([-0.0091567]))","(array([0.05939535]), array([-0.00620952]))","(array([0.05540119]), array([-0.0024496]))","(array([0.05186928]), array([0.00194912]))"
(0.16967463787285475+0j),[0.03688555],[1.],[0.30844642],[1.],"(array([0.11322849]), array([0.04578071]))","(array([0.08486229]), array([-0.01041311]))","(array([0.08083287]), array([-0.01163864]))","(array([0.07670566]), array([-0.01233895]))","(array([0.07243936]), array([-0.01222702]))","(array([0.06806372]), array([-0.01117009]))","(array([0.06367152]), array([-0.00914381]))","(array([0.0593988]), array([-0.0061972]))","(array([0.05540343]), array([-0.00243785]))","(array([0.05187033]), array([0.00196035]))","(array([0.05969958]), array([0.00637939]))"
(0.18782934283833613+0j),[0.04802593],[1.],[0.41478325],[1.],"(array([0.1171377]), array([0.06478868]))","(array([0.08084144]), array([-0.01162396]))","(array([0.07671353]), array([-0.01232474]))","(array([0.07244634]), array([-0.01221326]))","(array([0.06806965]), array([-0.01115677]))","(array([0.0636763]), array([-0.00913096]))","(array([0.05940241]), array([-0.00618487]))","(array([0.0554059]), array([-0.00242608]))","(array([0.05187159]), array([0.00197161]))","(array([0.05969996]), array([0.0063901]))","(array([0.08124711]), array([0.00964951]))"
(0.22552107218000841+0j),[0.05243113],[1.],[0.52821186],[1.],"(array([0.1240076]), array([0.08592632]))","(array([0.07672262]), array([-0.01230867]))","(array([0.07245436]), array([-0.01219787]))","(array([0.06807639]), array([-0.01114179]))","(array([0.06368178]), array([-0.00911649]))","(array([0.05940661]), array([-0.00617109]))","(array([0.05540872]), array([-0.00241295]))","(array([0.05187303]), array([0.00198416]))","(array([0.05970034]), array([0.006402]))","(array([0.08124687]), array([0.00966069]))","(array([0.10604569]), array([0.01139167]))"
(0.28161752366860254+0j),[0.0505837],[1.],[0.62887144],[1.],"(array([0.13171449]), array([0.10626512]))","(array([0.07246294]), array([-0.01218065]))","(array([0.06808369]), array([-0.0111252]))","(array([0.06368768]), array([-0.00910051]))","(array([0.05941104]), array([-0.0061557]))","(array([0.05541163]), array([-0.00239815]))","(array([0.05187445]), array([0.00199837]))","(array([0.05970068]), array([0.00641557]))","(array([0.08124659]), array([0.00967364]))","(array([0.10604506]), array([0.01140405]))","(array([0.1301672]), array([0.01166242]))"
(0.3498172352945031+0j),[0.04356983],[1.],[0.69801146],[1.],"(array([0.13785361]), array([0.12235663]))","(array([0.06809236]), array([-0.01110727]))","(array([0.06369482]), array([-0.00908346]))","(array([0.05941667]), array([-0.00613931]))","(array([0.05541563]), array([-0.00238222]))","(array([0.05187671]), array([0.00201386]))","(array([0.05970167]), array([0.0064305]))","(array([0.08124718]), array([0.0096879]))","(array([0.10604561]), array([0.01141778]))","(array([0.13016817]), array([0.01167578]))","(array([0.14919352]), array([0.0106387]))"
(0.41966779307090574+0j),[0.03299811],[1.],[0.725299],[1.],"(array([0.14053501]), array([0.13162677]))","(array([0.06370331]), array([-0.00906588]))","(array([0.05942327]), array([-0.00612231]))","(array([0.05542031]), array([-0.00236574]))","(array([0.05187948]), array([0.00202989]))","(array([0.05970293]), array([0.00644605]))","(array([0.0812478]), array([0.00970276]))","(array([0.10604633]), array([0.011432]))","(array([0.13016952]), array([0.01168975]))","(array([0.1491961]), array([0.01065252]))","(array([0.15982239]), array([0.00863002]))"
(0.47991751588632725+0j),[0.02077951],[1.],[0.71273188],[1.],"(array([0.13904483]), array([0.13350698]))","(array([0.05943045]), array([-0.00610454]))","(array([0.05542522]), array([-0.00234825]))","(array([0.05188241]), array([0.0020468]))","(array([0.05970452]), array([0.00646228]))","(array([0.08124903]), array([0.00971778]))","(array([0.10604775]), array([0.01144616]))","(array([0.1301712]), array([0.01170368]))","(array([0.14919795]), array([0.01066673]))","(array([0.15982477]), array([0.0086445]))","(array([0.16113471]), array([0.00604011]))"
(0.5222875589984299+0j),[0.00866569],[1.],[0.67272403],[1.],"(array([0.13400626]), array([0.12964285]))","(array([0.05542932]), array([-0.00232921]))","(array([0.05188423]), array([0.00206507]))","(array([0.05970508]), array([0.00647951]))","(array([0.08124968]), array([0.00973363]))","(array([0.10604903]), array([0.01146102]))","(array([0.13017355]), array([0.01171792]))","(array([0.14920115]), array([0.0106806]))","(array([0.15982783]), array([0.00865819]))","(array([0.16113749]), array([0.00605351]))","(array([0.1548404]), array([0.00328705]))"
(0.5434315502317305+0j),[-0.00204816],[1.],[0.6216092],[1.],"(array([0.12694041]), array([0.12297982]))","(array([0.05188592]), array([0.00208505]))","(array([0.05970549]), array([0.00649836]))","(array([0.08124999]), array([0.0097513]))","(array([0.10604994]), array([0.0114777]))","(array([0.13017604]), array([0.01173377]))","(array([0.14920596]), array([0.0106957]))","(array([0.15983399]), array([0.00867267]))","(array([0.16114317]), array([0.00606732]))","(array([0.15484516]), array([0.0033001]))","(array([0.14426685]), array([0.00071816]))"
(0.5443932074840153+0j),[-0.01064336],[1.],[0.57286431],[1.],"(array([0.11953796]), array([0.11639787]))","(array([0.0597059]), array([0.00651944]))","(array([0.08125018]), array([0.00977113]))","(array([0.10605073]), array([0.01149643]))","(array([0.13017849]), array([0.01175136]))","(array([0.14921147]), array([0.01071213]))","(array([0.15984262]), array([0.00868819]))","(array([0.16115258]), array([0.00608215]))","(array([0.15485309]), array([0.00331408]))","(array([0.14427302]), array([0.00073122]))","(array([0.13281251]), array([-0.00144121]))"
(0.5283817104882742+0j),[-0.01778795],[1.],[0.53362526],[1.],"(array([0.12385721]), array([0.11127971]))","(array([0.08125001]), array([0.00979349]))","(array([0.10605106]), array([0.01151754]))","(array([0.13018033]), array([0.01177121]))","(array([0.14921631]), array([0.01073039]))","(array([0.15985168]), array([0.00870504]))","(array([0.16116435]), array([0.00609815]))","(array([0.15486445]), array([0.00332939]))","(array([0.1442821]), array([0.00074565]))","(array([0.13281946]), array([-0.0014277]))","(array([0.12278962]), array([-0.00319091]))"
(0.4990905557142344+0j),[-0.02433016],[1.],[0.50454657],[1.],"(array([0.1429004]), array([0.10718145]))","(array([0.10605011]), array([0.01154243]))","(array([0.13018072]), array([0.01179473]))","(array([0.14921928]), array([0.01075223]))","(array([0.15985896]), array([0.00872508]))","(array([0.16117598]), array([0.00611695]))","(array([0.15487775]), array([0.00334747]))","(array([0.14429427]), array([0.00076305]))","(array([0.13282943]), array([-0.00141109]))","(array([0.12279782]), array([-0.00317514]))","(array([0.11515198]), array([-0.00471259]))"
(0.46023432216015+0j),[-0.02987345],[1.],[0.48178664],[1.],"(array([0.16603104]), array([0.103346]))","(array([0.13017928]), array([0.01182333]))","(array([0.14922008]), array([0.01077915]))","(array([0.15986354]), array([0.00874999]))","(array([0.16118562]), array([0.00614018]))","(array([0.15489113]), array([0.0033697]))","(array([0.14430859]), array([0.00078463]))","(array([0.13284268]), array([-0.00139012]))","(array([0.12280948]), array([-0.00315483]))","(array([0.11516243]), array([-0.00469307]))","(array([0.10947696]), array([-0.00606122]))"
(0.41547074557753255+0j),[-0.03340849],[1.],[0.46013969],[1.],"(array([0.18861161]), array([0.09891896]))","(array([0.14921959]), array([0.01081119]))","(array([0.15986609]), array([0.00878007]))","(array([0.16119272]), array([0.00616826]))","(array([0.15490305]), array([0.00339633]))","(array([0.1443234]), array([0.00081036]))","(array([0.13285812]), array([-0.00136505]))","(array([0.12282426]), array([-0.00313035]))","(array([0.11517622]), array([-0.0046692]))","(array([0.10948986]), array([-0.00603815]))","(array([0.10462158]), array([-0.00707654]))"
(0.36860484128708954+0j),[-0.03362963],[1.],[0.43603166],[1.],"(array([0.20550373]), array([0.09334759]))","(array([0.15986829]), array([0.00881489]))","(array([0.16119857]), array([0.00620112]))","(array([0.15491356]), array([0.00342742]))","(array([0.14433796]), array([0.00084012]))","(array([0.13287482]), array([-0.00133624]))","(array([0.12284141]), array([-0.0031023]))","(array([0.11519292]), array([-0.0046418]))","(array([0.10950574]), array([-0.00601146]))","(array([0.10463647]), array([-0.00705076]))","(array([0.09959518]), array([-0.0074974]))"
(0.32353683489674506+0j),[-0.02949382],[1.],[0.40972137],[1.],"(array([0.21298878]), array([0.08674866]))","(array([0.16120496]), array([0.00623798]))","(array([0.1549239]), array([0.00346248]))","(array([0.14435245]), array([0.00087358]))","(array([0.13289241]), array([-0.00130409]))","(array([0.1228604]), array([-0.00307117]))","(array([0.11521198]), array([-0.00461149]))","(array([0.10952417]), array([-0.00598191]))","(array([0.10465383]), array([-0.00702212]))","(array([0.09961109]), array([-0.00746979]))","(array([0.09402305]), array([-0.00705796]))"
(0.28381297349020496+0j),[-0.02077958],[1.],[0.38591776],[1.],"(array([0.21030309]), array([0.08008249]))","(array([0.15493507]), array([0.00349987]))","(array([0.14436723]), array([0.00090937]))","(array([0.13291038]), array([-0.00126972]))","(array([0.12288031]), array([-0.00303804]))","(array([0.11523238]), array([-0.00457932]))","(array([0.1095441]), array([-0.0059506]))","(array([0.10467268]), array([-0.00699177]))","(array([0.09962837]), array([-0.00744056]))","(array([0.09403837]), array([-0.0070299]))","(array([0.08846651]), array([-0.00561507]))"
(0.2521997845153399+0j),[-0.0083307],[1.],[0.37252444],[1.],"(array([0.19992255]), array([0.07496844]))","(array([0.14438196]), array([0.00094526]))","(array([0.13292782]), array([-0.00123521]))","(array([0.12289956]), array([-0.00300477]))","(array([0.11525225]), array([-0.00454711]))","(array([0.10956367]), array([-0.00591931]))","(array([0.10469127]), array([-0.00696145]))","(array([0.09964542]), array([-0.00741134]))","(array([0.09405343]), array([-0.00700189]))","(array([0.08847934]), array([-0.00558823]))","(array([0.08435187]), array([-0.00323771]))"
(0.23077941697701282+0j),[0.00613697],[1.],[0.37796395],[1.],"(array([0.18634114]), array([0.07321227]))","(array([0.13294395]), array([-0.00120266]))","(array([0.12291723]), array([-0.00297342]))","(array([0.11527052]), array([-0.00451679]))","(array([0.10958173]), array([-0.00588987]))","(array([0.10470848]), array([-0.00693291]))","(array([0.09966124]), array([-0.00738381]))","(array([0.09406742]), array([-0.00697546]))","(array([0.08849124]), array([-0.00556291]))","(array([0.08436164]), array([-0.00321342]))","(array([0.08353045]), array([-0.00021086]))"
(0.22156438026667544+0j),[0.0204612],[1.],[0.40801065],[1.],"(array([0.17414084]), array([0.07622599]))","(array([0.12293283]), array([-0.00294568]))","(array([0.11528666]), array([-0.00449001]))","(array([0.10959772]), array([-0.00586389]))","(array([0.10472376]), array([-0.00690772]))","(array([0.09967532]), array([-0.00735948]))","(array([0.09407992]), array([-0.00695206]))","(array([0.08850194]), array([-0.00554047]))","(array([0.08437047]), array([-0.00319188]))","(array([0.08353748]), array([-0.00019018]))","(array([0.08762316]), array([0.00303383]))"
(0.2633828449752876+0j),[0.02984724],[1.],[0.53408103],[1.],"(array([0.17072443]), array([0.09146655]))","(array([0.11530069]), array([-0.00446762]))","(array([0.10961164]), array([-0.00584228]))","(array([0.104737]), array([-0.00688681]))","(array([0.09968751]), array([-0.00733923]))","(array([0.09409084]), array([-0.00693251]))","(array([0.08851149]), array([-0.00552163]))","(array([0.08437855]), array([-0.00317377]))","(array([0.08354403]), array([-0.00017284]))","(array([0.08762827]), array([0.00305038]))","(array([0.10563589]), array([0.00581651]))"
(0.3185200958314592+0j),[0.03114664],[1.],[0.62655855],[1.],"(array([0.174446]), array([0.11197668]))","(array([0.10962453]), array([-0.00582236]))","(array([0.10474931]), array([-0.0068678]))","(array([0.09969871]), array([-0.00732092]))","(array([0.09410082]), array([-0.00691465]))","(array([0.08852023]), array([-0.00550423]))","(array([0.084386]), array([-0.00315695]))","(array([0.08355016]), array([-0.00015665]))","(array([0.08763311]), array([0.00306591]))","(array([0.10563984]), array([0.00583132]))","(array([0.1303979]), array([0.00700044]))"
(0.3800282884233992+0j),[0.02542943],[1.],[0.68014635],[1.],"(array([0.17744441]), array([0.12459568]))","(array([0.10476214]), array([-0.00684757]))","(array([0.09971056]), array([-0.00730147]))","(array([0.09411138]), array([-0.00689586]))","(array([0.08852935]), array([-0.00548599]))","(array([0.08439362]), array([-0.00313925]))","(array([0.08355641]), array([-0.00013954]))","(array([0.08763821]), array([0.00308244]))","(array([0.10564425]), array([0.00584737]))","(array([0.130402]), array([0.007016]))","(array([0.14683999]), array([0.00647602]))"
(0.4409316518887947+0j),[0.01438492],[1.],[0.69463016],[1.],"(array([0.17798377]), array([0.12908313]))","(array([0.09972604]), array([-0.00727987]))","(array([0.09412523]), array([-0.00687509]))","(array([0.08854142]), array([-0.00546601]))","(array([0.08440385]), array([-0.00311982]))","(array([0.0835648]), array([-0.00012062]))","(array([0.08764515]), array([0.00310068]))","(array([0.10565104]), array([0.00586505]))","(array([0.13040934]), array([0.00703353]))","(array([0.14684758]), array([0.00649349]))","(array([0.15431753]), array([0.00455721]))"
(0.49525221609797965+0j),[0.00013462],[1.],[0.67431253],[1.],"(array([0.17496852]), array([0.12639986]))","(array([0.09414197]), array([-0.00685213]))","(array([0.08855658]), array([-0.00544406]))","(array([0.08441706]), array([-0.00309876]))","(array([0.08357587]), array([-0.00010006]))","(array([0.08765408]), array([0.00312077]))","(array([0.10565912]), array([0.00588433]))","(array([0.13041788]), array([0.00705241]))","(array([0.14685639]), array([0.00651277]))","(array([0.15432664]), array([0.00457691]))","(array([0.15338183]), array([0.0016838]))"
(0.5387030276078076+0j),[-0.01502623],[1.],[0.62670671],[1.],"(array([0.16829903]), array([0.11830245]))","(array([0.0885712]), array([-0.0054192]))","(array([0.08442968]), array([-0.00307466]))","(array([0.08358628]), array([-7.67770398e-05]))","(array([0.08766263]), array([0.00314314]))","(array([0.10566726]), array([0.00590531]))","(array([0.1304266]), array([0.00707215]))","(array([0.14686519]), array([0.00653228]))","(array([0.15433434]), array([0.0045968]))","(array([0.15338815]), array([0.00170396]))","(array([0.14545647]), array([-0.00164028]))"
(0.5689455077019873+0j),[-0.02914364],[1.],[0.56097547],[1.],"(array([0.15908939]), array([0.10685165]))","(array([0.08444108]), array([-0.00304784]))","(array([0.08359558]), array([-5.09729951e-05]))","(array([0.08767014]), array([0.00316789]))","(array([0.10567476]), array([0.00592866]))","(array([0.13043543]), array([0.00709406]))","(array([0.14687549]), array([0.00655323]))","(array([0.15434484]), array([0.00461734]))","(array([0.15339688]), array([0.00172427]))","(array([0.14546312]), array([-0.00162041]))","(array([0.13247916]), array([-0.00493436]))"
(0.5854460336398492+0j),[-0.04102914],[1.],[0.48637715],[1.],"(array([0.14952055]), array([0.09398226]))","(array([0.08360475]), array([-2.23615624e-05]))","(array([0.08767767]), array([0.00319517]))","(array([0.10568236]), array([0.00595454]))","(array([0.13044469]), array([0.00711847]))","(array([0.146887]), array([0.00657632]))","(array([0.15435866]), array([0.00463941]))","(array([0.15341042]), array([0.00174573]))","(array([0.14547379]), array([-0.00159969]))","(array([0.13248664]), array([-0.00491459]))","(array([0.11656111]), array([-0.00784843]))"
(0.5890916988878748+0j),[-0.0503842],[1.],[0.41124792],[1.],"(array([0.14228823]), array([0.08119174]))","(array([0.08768539]), array([0.00322528]))","(array([0.10569037]), array([0.00598304]))","(array([0.13045479]), array([0.00714537]))","(array([0.14689957]), array([0.0066015]))","(array([0.1543748]), array([0.00466297]))","(array([0.15342883]), array([0.00176815]))","(array([0.14549041]), array([-0.00157807]))","(array([0.13249842]), array([-0.00489408]))","(array([0.11656796]), array([-0.00782919]))","(array([0.09966664]), array([-0.01022126]))"
(0.5817456454853006+0j),[-0.0575802],[1.],[0.34243009],[1.],"(array([0.13987196]), array([0.06950227]))","(array([0.10569816]), array([0.00601412]))","(array([0.13046529]), array([0.00717467]))","(array([0.14691294]), array([0.00662874]))","(array([0.15439199]), array([0.0046878]))","(array([0.15345043]), array([0.00179108]))","(array([0.14551301]), array([-0.0015563]))","(array([0.13251684]), array([-0.00487321]))","(array([0.11657911]), array([-0.00780954]))","(array([0.09967105]), array([-0.01020293]))","(array([0.08348363]), array([-0.01206639]))"
(0.5210021000545675+0j),[-0.06463296],[1.],[0.32752966],[1.],"(array([0.1548183]), array([0.06380123]))","(array([0.13047472]), array([0.00720601]))","(array([0.14692601]), array([0.00665779]))","(array([0.15440866]), array([0.00471397]))","(array([0.15347199]), array([0.00181448]))","(array([0.14553854]), array([-0.00153471]))","(array([0.13254128]), array([-0.00485265]))","(array([0.11659687]), array([-0.00778976]))","(array([0.09967959]), array([-0.01018409]))","(array([0.08348444]), array([-0.01204854]))","(array([0.07458347]), array([-0.01365828]))"
(0.4646442147111682+0j),[-0.07172103],[1.],[0.31258682],[1.],"(array([0.17931691]), array([0.06133925]))","(array([0.14693417]), array([0.00668874]))","(array([0.15441876]), array([0.00474276]))","(array([0.15348491]), array([0.00184108]))","(array([0.1455554]), array([-0.00150973]))","(array([0.13256029]), array([-0.00482879]))","(array([0.11661434]), array([-0.00776673]))","(array([0.09969263]), array([-0.01016172]))","(array([0.08349244]), array([-0.01202668]))","(array([0.07458941]), array([-0.0136373]))","(array([0.07127986]), array([-0.01524266]))"
(0.4122475241965174+0j),[-0.07689975],[1.],[0.29732294],[1.],"(array([0.19529137]), array([0.0572529]))","(array([0.15442793]), array([0.00477596]))","(array([0.15349498]), array([0.00187267]))","(array([0.14556739]), array([-0.00147964]))","(array([0.13257451]), array([-0.00479999]))","(array([0.11662958]), array([-0.0077391]))","(array([0.09970725]), array([-0.01013501]))","(array([0.08350536]), array([-0.01200055]))","(array([0.07460132]), array([-0.01361179]))","(array([0.07129159]), array([-0.01521818]))","(array([0.06794436]), array([-0.01661164]))"
(0.3637136734878134+0j),[-0.07884232],[1.],[0.28168997],[1.],"(array([0.20175257]), array([0.05198113]))","(array([0.15350684]), array([0.0019088]))","(array([0.14558006]), array([-0.00144494]))","(array([0.13258881]), array([-0.0047667]))","(array([0.11664568]), array([-0.00770715]))","(array([0.0997242]), array([-0.01010423]))","(array([0.08352133]), array([-0.01197059]))","(array([0.07461619]), array([-0.01358228]))","(array([0.0713061]), array([-0.0151896]))","(array([0.06795821]), array([-0.01658403]))","(array([0.06451376]), array([-0.01739773]))"
(0.3191635664382967+0j),[-0.07687831],[1.],[0.26584223],[1.],"(array([0.19907398]), array([0.0460954]))","(array([0.14559518]), array([-0.00140638]))","(array([0.13260468]), array([-0.00472947]))","(array([0.11666313]), array([-0.00767116]))","(array([0.09974347]), array([-0.01006947]))","(array([0.08353991]), array([-0.01193665]))","(array([0.07463369]), array([-0.01354872]))","(array([0.07132305]), array([-0.01515707]))","(array([0.06797421]), array([-0.0165525]))","(array([0.06452837]), array([-0.01736731]))","(array([0.06101452]), array([-0.01738358]))"
(0.27887649042531915+0j),[-0.07077286],[1.],[0.25011548],[1.],"(array([0.18862438]), array([0.04020293]))","(array([0.13262243]), array([-0.00468888]))","(array([0.11668165]), array([-0.00763183]))","(array([0.09976342]), array([-0.01003122]))","(array([0.08355947]), array([-0.01189923]))","(array([0.0746527]), array([-0.01351211]))","(array([0.07134146]), array([-0.01512166]))","(array([0.06799152]), array([-0.01651826]))","(array([0.06454408]), array([-0.01733425]))","(array([0.06102825]), array([-0.01735174]))","(array([0.05750846]), array([-0.01647254]))"
(0.24318047077258367+0j),[-0.06057468],[1.],[0.2349941],[1.],"(array([0.17236413]), array([0.03487445]))","(array([0.11670048]), array([-0.00759044]))","(array([0.09978284]), array([-0.00999111]))","(array([0.08357864]), array([-0.01186039]))","(array([0.07467165]), array([-0.01347461]))","(array([0.07135998]), array([-0.01508541]))","(array([0.06800905]), array([-0.01648321]))","(array([0.06456008]), array([-0.0173004]))","(array([0.06104224]), array([-0.0173191]))","(array([0.05752011]), array([-0.0164411]))","(array([0.05409049]), array([-0.01464589]))"
(0.21232713238460962+0j),[-0.04655857],[1.],[0.22101663],[1.],"(array([0.15249384]), array([0.03054095]))","(array([0.0998016]), array([-0.00995134]))","(array([0.08359727]), array([-0.01182204]))","(array([0.07469011]), array([-0.01343772]))","(array([0.07137807]), array([-0.01504976]))","(array([0.06802619]), array([-0.01644873]))","(array([0.06457574]), array([-0.01726706]))","(array([0.06105595]), array([-0.01728689]))","(array([0.05753152]), array([-0.01641006]))","(array([0.05409937]), array([-0.01461604]))","(array([0.0508764]), array([-0.01193916]))"
(0.1863815737560611+0j),[-0.02924048],[1.],[0.20872527],[1.],"(array([0.13112072]), array([0.02742645]))","(array([0.08361461]), array([-0.0117863]))","(array([0.07470732]), array([-0.01340335]))","(array([0.07139491]), array([-0.01501662]))","(array([0.06804214]), array([-0.01641668]))","(array([0.06459028]), array([-0.01723605]))","(array([0.06106868]), array([-0.01725691]))","(array([0.05754211]), array([-0.01638113]))","(array([0.05410758]), array([-0.01458822]))","(array([0.05088215]), array([-0.01191248]))","(array([0.04798969]), array([-0.00843862]))"
(0.16515555295185447+0j),[-0.00944281],[1.],[0.19875309],[1.],"(array([0.11012417]), array([0.02555852]))","(array([0.07472229]), array([-0.01337331]))","(array([0.07140951]), array([-0.01498768]))","(array([0.06805594]), array([-0.01638867]))","(array([0.06460287]), array([-0.01720891]))","(array([0.06107971]), array([-0.01723064]))","(array([0.05755128]), array([-0.01635578]))","(array([0.0541147]), array([-0.01456384]))","(array([0.05088712]), array([-0.01188911]))","(array([0.0479925]), array([-0.00841626]))","(array([0.04556212]), array([-0.0042885]))"
(0.16587937000467695+0j),[0.00774804],[1.],[0.28822963],[1.],"(array([0.10204287]), array([0.03380679]))","(array([0.07142144]), array([-0.01496381]))","(array([0.0680672]), array([-0.01636559]))","(array([0.06461314]), array([-0.01718654]))","(array([0.06108871]), array([-0.01720897]))","(array([0.05755876]), array([-0.01633485]))","(array([0.05412048]), array([-0.0145437]))","(array([0.05089112]), array([-0.01186982]))","(array([0.04799471]), array([-0.00839782]))","(array([0.04556261]), array([-0.00427089]))","(array([0.0544924]), array([-7.18550013e-05]))"
(0.18357214638758582+0j),[0.01845793],[1.],[0.39951118],[1.],"(array([0.10738649]), array([0.0534536]))","(array([0.06807684]), array([-0.01634644]))","(array([0.06462194]), array([-0.01716798]))","(array([0.06109639]), array([-0.01719096]))","(array([0.05756513]), array([-0.0163174]))","(array([0.05412542]), array([-0.01452685]))","(array([0.05089459]), array([-0.01185361]))","(array([0.04799674]), array([-0.00838231]))","(array([0.04556317]), array([-0.00425604]))","(array([0.05449187]), array([-5.77420134e-05]))","(array([0.07721195]), array([0.00306075]))"
(0.2210687820517929+0j),[0.02278718],[1.],[0.51788254],[1.],"(array([0.11559855]), array([0.07546887]))","(array([0.06463041]), array([-0.01715073]))","(array([0.06110375]), array([-0.01717441]))","(array([0.05757116]), array([-0.01630125]))","(array([0.05413013]), array([-0.01451122]))","(array([0.05089798]), array([-0.0118387]))","(array([0.04799873]), array([-0.00836809]))","(array([0.04556376]), array([-0.00424244]))","(array([0.05449137]), array([-4.49021565e-05]))","(array([0.07721081]), array([0.00307275]))","(array([0.10325601]), array([0.00475095]))"
(0.277457774037711+0j),[0.02127689],[1.],[0.62318777],[1.],"(array([0.12455192]), array([0.09675547]))","(array([0.06111104]), array([-0.01715727]))","(array([0.05757722]), array([-0.01628468]))","(array([0.05413486]), array([-0.0144952]))","(array([0.0509013]), array([-0.01182324]))","(array([0.04800061]), array([-0.00835319]))","(array([0.04556425]), array([-0.00422814]))","(array([0.05449082]), array([-3.12621196e-05]))","(array([0.07720963]), array([0.00308573]))","(array([0.10325446]), array([0.00476329]))","(array([0.12859037]), array([0.00505835]))"
(0.3464865679895568+0j),[0.01502779],[1.],[0.69621202],[1.],"(array([0.13184994]), array([0.11369734]))","(array([0.05758447]), array([-0.0162666]))","(array([0.05414064]), array([-0.01447792]))","(array([0.05090563]), array([-0.01180657]))","(array([0.0480034]), array([-0.00833698]))","(array([0.0455654]), array([-0.00421239]))","(array([0.05449076]), array([-1.61581399e-05]))","(array([0.07720914]), array([0.00310007]))","(array([0.1032539]), array([0.00477705]))","(array([0.1285902]), array([0.00507168]))","(array([0.14867875]), array([0.00416432]))"
(0.4175676849479162+0j),[0.00559225],[1.],[0.72620165],[1.],"(array([0.13558532]), array([0.1235828]))","(array([0.05414781]), array([-0.01445941]))","(array([0.05091095]), array([-0.01178864]))","(array([0.04800685]), array([-0.00831959]))","(array([0.04556703]), array([-0.00419549]))","(array([0.05449089]), array([1.71333128e-07]))","(array([0.07720857]), array([0.0031156]))","(array([0.10325341]), array([0.00479184]))","(array([0.12859037]), array([0.00508608]))","(array([0.14868026]), array([0.00417844]))","(array([0.16010275]), array([0.00237258]))"
(0.47919653615989294+0j),[-0.00524382],[1.],[0.71497174],[1.],"(array([0.13504054]), array([0.12578656]))","(array([0.0509169]), array([-0.01176948]))","(array([0.04801056]), array([-0.00830076]))","(array([0.04556878]), array([-0.00417729]))","(array([0.05449126]), array([1.76224004e-05]))","(array([0.07720848]), array([0.00313175]))","(array([0.10325352]), array([0.004807]))","(array([0.12859083]), array([0.00510088]))","(array([0.14868107]), array([0.00419339]))","(array([0.16010439]), array([0.00238767]))","(array([0.16189399]), array([6.74814389e-05]))"
(0.5228233200633056+0j),[-0.01588163],[1.],[0.67505949],[1.],"(array([0.13085749]), array([0.12196967]))","(array([0.04801348]), array([-0.00828038]))","(array([0.04556936]), array([-0.00415775]))","(array([0.05449052]), array([3.60223214e-05]))","(array([0.07720779]), array([0.00314862]))","(array([0.10325349]), array([0.00482273]))","(array([0.12859192]), array([0.00511587]))","(array([0.14868308]), array([0.00420791]))","(array([0.16010642]), array([0.00240193]))","(array([0.16189595]), array([8.13941537e-05]))","(array([0.1557825]), array([-0.00236464]))"
(0.544901511904903+0j),[-0.02515815],[1.],[0.62317009],[1.],"(array([0.12459539]), array([0.11515811]))","(array([0.04556973]), array([-0.0041373]))","(array([0.05448961]), array([5.52599868e-05]))","(array([0.07720675]), array([0.00316658]))","(array([0.10325308]), array([0.00483962]))","(array([0.12859313]), array([0.00513182]))","(array([0.1486867]), array([0.00422296]))","(array([0.16011154]), array([0.00241628]))","(array([0.16190078]), array([9.50280855e-05]))","(array([0.15578661]), array([-0.00235179]))","(array([0.14518229]), array([-0.00461]))"
(0.5463872698945266+0j),[-0.03242866],[1.],[0.57324358],[1.],"(array([0.11796549]), array([0.10834022]))","(array([0.05448873]), array([7.51788923e-05]))","(array([0.0772057]), array([0.00318525]))","(array([0.10325267]), array([0.00485716]))","(array([0.12859441]), array([0.00514816]))","(array([0.14869108]), array([0.00423802]))","(array([0.16011912]), array([0.00243033]))","(array([0.16190925]), array([0.00010839]))","(array([0.15579367]), array([-0.00233925]))","(array([0.14518764]), array([-0.00459834]))","(array([0.13359677]), array([-0.00646779]))"
(0.5305102011666956+0j),[-0.03837578],[1.],[0.53285136],[1.],"(array([0.12308924]), array([0.10302311]))","(array([0.07720449]), array([0.00320408]))","(array([0.10325204]), array([0.00487482]))","(array([0.12859534]), array([0.00516459]))","(array([0.14869494]), array([0.00425282]))","(array([0.16012711]), array([0.00244366]))","(array([0.16191987]), array([0.00012088]))","(array([0.15580376]), array([-0.00232731]))","(array([0.14519532]), array([-0.00458714]))","(array([0.13360221]), array([-0.00645739]))","(array([0.12344882]), array([-0.00794957]))"
(0.5011379422870974+0j),[-0.04383327],[1.],[0.50296925],[1.],"(array([0.14300294]), array([0.09873492]))","(array([0.1032504]), array([0.004893]))","(array([0.12859506]), array([0.00518156]))","(array([0.14869704]), array([0.00426823]))","(array([0.16013318]), array([0.00245729]))","(array([0.16192991]), array([0.00013335]))","(array([0.15581509]), array([-0.00231537]))","(array([0.14520515]), array([-0.0045756]))","(array([0.13360952]), array([-0.00644638]))","(array([0.12345418]), array([-0.00793918]))","(array([0.1156246]), array([-0.00923094]))"
(0.4621563543830626+0j),[-0.04836664],[1.],[0.47983503],[1.],"(array([0.16709122]), array([0.09478432]))","(array([0.12859308]), array([0.00520015]))","(array([0.14869699]), array([0.00428538]))","(array([0.16013627]), array([0.00247261]))","(array([0.16193734]), array([0.00014717]))","(array([0.15582558]), array([-0.00230227]))","(array([0.14521595]), array([-0.00456279]))","(array([0.13361878]), array([-0.0064338]))","(array([0.12346156]), array([-0.00792692]))","(array([0.11563068]), array([-0.00921918]))","(array([0.10976042]), array([-0.01035547]))"
(0.4172545151475019+0j),[-0.05091039],[1.],[0.45817479],[1.],"(array([0.19066213]), array([0.09042394]))","(array([0.14869558]), array([0.0043047]))","(array([0.16013705]), array([0.0024903]))","(array([0.16194161]), array([0.00016315]))","(array([0.15583368]), array([-0.00228739]))","(array([0.14522613]), array([-0.00454837]))","(array([0.13362898]), array([-0.00641957]))","(array([0.12347074]), array([-0.00791283]))","(array([0.11563875]), array([-0.00920534]))","(array([0.1097677]), array([-0.01034211]))","(array([0.1048307]), array([-0.01115578]))"
(0.37023650092744664+0j),[-0.05010452],[1.],[0.43432652],[1.],"(array([0.20842421]), array([0.08507699]))","(array([0.16013722]), array([0.00251033]))","(array([0.16194412]), array([0.00018164]))","(array([0.15583955]), array([-0.00227022]))","(array([0.145235]), array([-0.00453201]))","(array([0.13363928]), array([-0.00640363]))","(array([0.12348111]), array([-0.00789714]))","(array([0.11564858]), array([-0.00918987]))","(array([0.10977684]), array([-0.01032697]))","(array([0.10483918]), array([-0.01114118]))","(array([0.09980348]), array([-0.01135575]))"
(0.3249974943495258+0j),[-0.04488178],[1.],[0.4084642],[1.],"(array([0.21651453]), array([0.07883223]))","(array([0.16194673]), array([0.00020225]))","(array([0.15584459]), array([-0.00225087]))","(array([0.14524295]), array([-0.00451369]))","(array([0.1336495]), array([-0.00638601]))","(array([0.12349231]), array([-0.00787999]))","(array([0.11565977]), array([-0.00917307]))","(array([0.10978758]), array([-0.01031053]))","(array([0.10484925]), array([-0.01112522]))","(array([0.09981271]), array([-0.01134039]))","(array([0.09427127]), array([-0.01067813]))"
(0.28509496785556154+0j),[-0.03503754],[1.],[0.38523638],[1.],"(array([0.21410631]), array([0.07261515]))","(array([0.15585015]), array([-0.00223003]))","(array([0.14525082]), array([-0.00449381]))","(array([0.13365965]), array([-0.00636693]))","(array([0.12350395]), array([-0.00786158]))","(array([0.11567182]), array([-0.00915516]))","(array([0.10979935]), array([-0.01029306]))","(array([0.10486038]), array([-0.01110829]))","(array([0.09982293]), array([-0.01132411]))","(array([0.09428035]), array([-0.01066255]))","(array([0.08877436]), array([-0.00897731]))"
(0.2533286149438581+0j),[-0.02146343],[1.],[0.37251384],[1.],"(array([0.20370068]), array([0.06800482]))","(array([0.14525885]), array([-0.00447321]))","(array([0.13366957]), array([-0.00634712]))","(array([0.12351525]), array([-0.00784245]))","(array([0.11568365]), array([-0.00913664]))","(array([0.10981103]), array([-0.01027507]))","(array([0.10487149]), array([-0.01109089]))","(array([0.09983313]), array([-0.01130739]))","(array([0.09428939]), array([-0.01064658]))","(array([0.08878208]), array([-0.00896208]))","(array([0.08473154]), array([-0.00633104]))"
(0.23182965288915566+0j),[-0.00593014],[1.],[0.37868846],[1.],"(array([0.18989331]), array([0.06676442]))","(array([0.13367908]), array([-0.00632744]))","(array([0.12352595]), array([-0.00782349]))","(array([0.11569486]), array([-0.00911831]))","(array([0.10982217]), array([-0.01025729]))","(array([0.10488212]), array([-0.01107367]))","(array([0.09984291]), array([-0.01129082]))","(array([0.09429805]), array([-0.01063074]))","(array([0.08878947]), array([-0.00894695]))","(array([0.08473762]), array([-0.00631659]))","(array([0.08399127]), array([-0.003041]))"
(0.2226622336901158+0j),[0.00936183],[1.],[0.40946123],[1.],"(array([0.17738323]), array([0.07026389]))","(array([0.12353615]), array([-0.00780533]))","(array([0.11570555]), array([-0.00910081]))","(array([0.10983282]), array([-0.01024034]))","(array([0.10489234]), array([-0.01105724]))","(array([0.09985234]), array([-0.01127497]))","(array([0.09430643]), array([-0.01061554]))","(array([0.08879665]), array([-0.00893243]))","(array([0.08474358]), array([-0.0063027]))","(array([0.08399605]), array([-0.00302772]))","(array([0.08816294]), array([0.00044422]))"
(0.2648954808673949+0j),[0.01955032],[1.],[0.53581469],[1.],"(array([0.17368201]), array([0.08591354]))","(array([0.11571616]), array([-0.0090843]))","(array([0.10984342]), array([-0.01022446]))","(array([0.10490243]), array([-0.0110419]))","(array([0.09986164]), array([-0.01126013]))","(array([0.09431478]), array([-0.01060122]))","(array([0.08880399]), array([-0.00891867]))","(array([0.08474984]), array([-0.00628953]))","(array([0.08400116]), array([-0.00301517]))","(array([0.08816699]), array([0.00045613]))","(array([0.10621973]), array([0.00343096]))"
(0.32049296704756747+0j),[0.02145563],[1.],[0.62800876],[1.],"(array([0.17701794]), array([0.10662671]))","(array([0.10985461]), array([-0.01020764]))","(array([0.10491316]), array([-0.01102593]))","(array([0.09987137]), array([-0.01124479]))","(array([0.09432343]), array([-0.01058626]))","(array([0.08881161]), array([-0.00890411]))","(array([0.08475636]), array([-0.00627549]))","(array([0.08400657]), array([-0.00300171]))","(array([0.08817131]), array([0.00046901]))","(array([0.1062233]), array([0.00344319]))","(array([0.13084502]), array([0.00476618]))"
(0.38239664200741846+0j),[0.01620558],[1.],[0.68084115],[1.],"(array([0.17960044]), array([0.11930773]))","(array([0.10492525]), array([-0.01100725]))","(array([0.09988254]), array([-0.01122689]))","(array([0.09433339]), array([-0.01056902]))","(array([0.08882019]), array([-0.00888741]))","(array([0.08476355]), array([-0.00625933]))","(array([0.0840125]), array([-0.00298612]))","(array([0.08817618]), array([0.00048403]))","(array([0.1062276]), array([0.00345776]))","(array([0.13084911]), array([0.00478032]))","(array([0.14702327]), array([0.00435681]))"
(0.4435550432306063+0j),[0.00552498],[1.],[0.69421296],[1.],"(array([0.17985435]), array([0.12383002]))","(array([0.09989747]), array([-0.01120674]))","(array([0.09434674]), array([-0.0105497]))","(array([0.08883184]), array([-0.00886889]))","(array([0.08477342]), array([-0.00624135]))","(array([0.08402064]), array([-0.00296865]))","(array([0.08818298]), array([0.00050083]))","(array([0.10623437]), array([0.00347404]))","(array([0.13085652]), array([0.00479649]))","(array([0.14703096]), array([0.00437298]))","(array([0.15422621]), array([0.00253198]))"
(0.49792484058522496+0j),[-0.00844116],[1.],[0.67256168],[1.],"(array([0.1766269]), array([0.12115016]))","(array([0.09436282]), array([-0.01052861]))","(array([0.08884645]), array([-0.0088488]))","(array([0.08478621]), array([-0.00622216]))","(array([0.08403141]), array([-0.00294994]))","(array([0.08819177]), array([0.00051911]))","(array([0.10624245]), array([0.00349159]))","(array([0.13086518]), array([0.00481366]))","(array([0.14703996]), array([0.0043906]))","(array([0.15423551]), array([0.00255012]))","(array([0.15298203]), array([-0.00026495]))"
(0.5411865743742571+0j),[-0.02337706],[1.],[0.62358316],[1.],"(array([0.16979016]), array([0.11305262]))","(array([0.08886033]), array([-0.00882637]))","(array([0.08479826]), array([-0.00620042]))","(array([0.08404141]), array([-0.00292897]))","(array([0.08820007]), array([0.00053922]))","(array([0.1062505]), array([0.00351032]))","(array([0.13087394]), array([0.00483115]))","(array([0.14704887]), array([0.00440795]))","(array([0.15424335]), array([0.00256799]))","(array([0.15298845]), array([-0.00024666]))","(array([0.14473201]), array([-0.00352647]))"
(0.5710184280688916+0j),[-0.03730965],[1.],[0.55664388],[1.],"(array([0.16044805]), array([0.10162898]))","(array([0.08480884]), array([-0.00617657]))","(array([0.08405009]), array([-0.00290602]))","(array([0.08820715]), array([0.00056117]))","(array([0.10625776]), array([0.00353088]))","(array([0.1308827]), array([0.00485026]))","(array([0.1470592]), array([0.00442615]))","(array([0.15425386]), array([0.00258591]))","(array([0.1529971]), array([-0.0002288]))","(array([0.14473844]), array([-0.00350888]))","(array([0.13144517]), array([-0.00676759]))"
(0.5869569262464386+0j),[-0.04903496],[1.],[0.48118217],[1.],"(array([0.15078442]), array([0.08883429]))","(array([0.08405849]), array([-0.0028807]))","(array([0.08821414]), array([0.00058526]))","(array([0.10626502]), array([0.00355359]))","(array([0.13089178]), array([0.00487148]))","(array([0.14707066]), array([0.00444609]))","(array([0.15426764]), array([0.00260495]))","(array([0.15301052]), array([-0.00021023]))","(array([0.1447488]), array([-0.00349088]))","(array([0.13145215]), array([-0.00675039]))","(array([0.1152642]), array([-0.00963315]))"
(0.5899879521422867+0j),[-0.05824741],[1.],[0.40562183],[1.],"(array([0.14351386]), array([0.07619118]))","(array([0.08822125]), array([0.00061184]))","(array([0.10627264]), array([0.0035786]))","(array([0.13090162]), array([0.00489488]))","(array([0.14708307]), array([0.00446782]))","(array([0.15428367]), array([0.00262515]))","(array([0.15302872]), array([-0.00019103]))","(array([0.14476504]), array([-0.00347233]))","(array([0.13146331]), array([-0.00673278]))","(array([0.11527022]), array([-0.00961668]))","(array([0.0982012]), array([-0.01195962]))"
(0.5820753647844065+0j),[-0.06531376],[1.],[0.33679804],[1.],"(array([0.14110843]), array([0.0647145]))","(array([0.10628009]), array([0.00360634]))","(array([0.13091192]), array([0.00492082]))","(array([0.1470963]), array([0.00449173]))","(array([0.15430074]), array([0.00264673]))","(array([0.15305012]), array([-0.00017123]))","(array([0.14478727]), array([-0.00345355]))","(array([0.13148113]), array([-0.00671476]))","(array([0.11528056]), array([-0.00959973]))","(array([0.09820464]), array([-0.01194386]))","(array([0.08195432]), array([-0.01375885]))"
(0.5218643530459863+0j),[-0.07223503],[1.],[0.32216283],[1.],"(array([0.15605858]), array([0.0592424]))","(array([0.13092139]), array([0.00494972]))","(array([0.14710947]), array([0.00451831]))","(array([0.15431749]), array([0.0026705]))","(array([0.1530717]), array([-0.00015015]))","(array([0.14481268]), array([-0.00343419]))","(array([0.13150526]), array([-0.00669631]))","(array([0.1152978]), array([-0.00958193]))","(array([0.09821251]), array([-0.01192688]))","(array([0.08195439]), array([-0.01374278]))","(array([0.07305218]), array([-0.01530259]))"
(0.4660339692542745+0j),[-0.07918181],[1.],[0.30761684],[1.],"(array([0.18040134]), array([0.05699655]))","(array([0.14711834]), array([0.00454885]))","(array([0.15432834]), array([0.00269889]))","(array([0.15308537]), array([-0.00012388]))","(array([0.14483024]), array([-0.00340946]))","(array([0.13152488]), array([-0.00667264]))","(array([0.11531572]), array([-0.00955907]))","(array([0.09822581]), array([-0.01190465]))","(array([0.08196249]), array([-0.01372104]))","(array([0.07305814]), array([-0.01528172]))","(array([0.069792]), array([-0.01683735]))"
(0.41411588513978975+0j),[-0.08422126],[1.],[0.29288013],[1.],"(array([0.19612006]), array([0.05313327]))","(array([0.15433917]), array([0.00273434]))","(array([0.15309718]), array([-9.0015908e-05]))","(array([0.14484403]), array([-0.00337707]))","(array([0.13154089]), array([-0.00664154]))","(array([0.11533266]), array([-0.00952917]))","(array([0.09824195]), array([-0.01187574]))","(array([0.08197665]), array([-0.01369279]))","(array([0.07307113]), array([-0.01525419]))","(array([0.06980479]), array([-0.01681092]))","(array([0.06654936]), array([-0.01815946]))"
(0.3659877415338891+0j),[-0.08604441],[1.],[0.27789101],[1.],"(array([0.20233687]), array([0.0480926]))","(array([0.15311172]), array([-4.91002042e-05]))","(array([0.14485952]), array([-0.00333762]))","(array([0.13155809]), array([-0.00660356]))","(array([0.11535162]), array([-0.00949264]))","(array([0.09826155]), array([-0.01184053]))","(array([0.08199494]), array([-0.01365855]))","(array([0.07308813]), array([-0.01522057]))","(array([0.06982138]), array([-0.01677837]))","(array([0.06656519]), array([-0.01812801]))","(array([0.06324534]), array([-0.01890432]))"
(0.32175342035204596+0j),[-0.08398532],[1.],[0.2627784],[1.],"(array([0.19940414]), array([0.04244326]))","(array([0.14487849]), array([-0.00329176]))","(array([0.13157798]), array([-0.00655918]))","(array([0.1153731]), array([-0.00944968]))","(array([0.09828465]), array([-0.01179903]))","(array([0.08201694]), array([-0.01361811]))","(array([0.07310883]), array([-0.01518076]))","(array([0.06984147]), array([-0.01673981]))","(array([0.06658417]), array([-0.01809063]))","(array([0.0632627]), array([-0.01886822]))","(array([0.05990169]), array([-0.01885936]))"
(0.2816781237862992+0j),[-0.07780322],[1.],[0.24784381],[1.],"(array([0.1887091]), array([0.03679086]))","(array([0.13160081]), array([-0.00650906]))","(array([0.11539676]), array([-0.00940109]))","(array([0.09830955]), array([-0.01175183]))","(array([0.08204104]), array([-0.01357205]))","(array([0.07313214]), array([-0.01513581]))","(array([0.0698641]), array([-0.01669635]))","(array([0.06660547]), array([-0.0180486]))","(array([0.06328207]), array([-0.0188276]))","(array([0.05991865]), array([-0.01882017]))","(array([0.05657615]), array([-0.0179305]))"
(0.2460787417327011+0j),[-0.06753363],[1.],[0.23353059],[1.],"(array([0.17224144]), array([0.03170529]))","(array([0.11542155]), array([-0.00934874]))","(array([0.09833474]), array([-0.01170111]))","(array([0.08206557]), array([-0.01352298]))","(array([0.07315619]), array([-0.01508845]))","(array([0.06988761]), array([-0.01665058]))","(array([0.06662774]), array([-0.01800433]))","(array([0.06330239]), array([-0.01878481]))","(array([0.05993645]), array([-0.01877884]))","(array([0.05659101]), array([-0.01789063]))","(array([0.05335901]), array([-0.01609933]))"
(0.2152028654616754+0j),[-0.05343475],[1.],[0.22033321],[1.],"(array([0.15222544]), array([0.02761605]))","(array([0.09835951]), array([-0.01165019]))","(array([0.0820898]), array([-0.01347386]))","(array([0.07318]), array([-0.01504119]))","(array([0.06991093]), array([-0.01660493]))","(array([0.06664986]), array([-0.01796016]))","(array([0.06332261]), array([-0.01874206]))","(array([0.05995418]), array([-0.01873751]))","(array([0.0566058]), array([-0.01785073]))","(array([0.05337057]), array([-0.01606088]))","(array([0.05035829]), array([-0.01339794]))"
(0.18912115614419456+0j),[-0.03600538],[1.],[0.20875209],[1.],"(array([0.13080216]), array([0.02474155]))","(array([0.08211241]), array([-0.01342794]))","(array([0.07320227]), array([-0.01499704]))","(array([0.06993272]), array([-0.01656236]))","(array([0.06667049]), array([-0.01791896]))","(array([0.06334145]), array([-0.01870218]))","(array([0.05997071]), array([-0.0186989]))","(array([0.05661959]), array([-0.01781342]))","(array([0.05338133]), array([-0.01602494]))","(array([0.0503659]), array([-0.01336339]))","(array([0.04768556]), array([-0.00990499]))"
(0.16766329577996533+0j),[-0.01605417],[1.],[0.19938697],[1.],"(array([0.1098444]), array([0.02310248]))","(array([0.07322157]), array([-0.01495865]))","(array([0.06995155]), array([-0.01652536]))","(array([0.0666883]), array([-0.01788315]))","(array([0.06335773]), array([-0.01866745]))","(array([0.05998499]), array([-0.01866526]))","(array([0.05663151]), array([-0.01778089]))","(array([0.05339064]), array([-0.01599359]))","(array([0.05037247]), array([-0.01333328]))","(array([0.04768938]), array([-0.00987611]))","(array([0.04545824]), array([-0.00575476]))"
(0.16809620849452064+0j),[0.00132538],[1.],[0.28842274],[1.],"(array([0.10176703]), array([0.03144352]))","(array([0.06996679]), array([-0.01649519]))","(array([0.06670271]), array([-0.01785397]))","(array([0.06337089]), array([-0.01863915]))","(array([0.05999655]), array([-0.01863781]))","(array([0.05664116]), array([-0.01775434]))","(array([0.05339815]), array([-0.01596799]))","(array([0.05037774]), array([-0.01330869]))","(array([0.0476924]), array([-0.00985254]))","(array([0.0454591]), array([-0.0057322]))","(array([0.05442375]), array([-0.00152193]))"
(0.1854690022611813+0j),[0.01223888],[1.],[0.39915393],[1.],"(array([0.10705088]), array([0.05102767]))","(array([0.06671592]), array([-0.01782782]))","(array([0.06338296]), array([-0.0186138]))","(array([0.06000713]), array([-0.0186132]))","(array([0.05664996]), array([-0.01773048]))","(array([0.05340502]), array([-0.01594492]))","(array([0.05038261]), array([-0.01328648]))","(array([0.0476953]), array([-0.00983123]))","(array([0.04546001]), array([-0.00571173]))","(array([0.05442315]), array([-0.00150243]))","(array([0.07698863]), array([0.00164402]))"
(0.22259105246004798+0j),[0.01679215],[1.],[0.51691236],[1.],"(array([0.11519061]), array([0.07288946]))","(array([0.06339608]), array([-0.01858681]))","(array([0.06001858]), array([-0.01858723]))","(array([0.05665944]), array([-0.0177052]))","(array([0.05341245]), array([-0.01592044]))","(array([0.05038795]), array([-0.01326297]))","(array([0.04769847]), array([-0.00980867]))","(array([0.04546102]), array([-0.00569009]))","(array([0.05442248]), array([-0.00148188]))","(array([0.07698692]), array([0.00166337]))","(array([0.10277026]), array([0.00337598]))"
(0.27853442208379553+0j),[0.01553434],[1.],[0.62170494],[1.],"(array([0.1240743]), array([0.0939832]))","(array([0.06003094]), array([-0.01855843]))","(array([0.05666977]), array([-0.01767735]))","(array([0.05342055]), array([-0.01589348]))","(array([0.05039369]), array([-0.01323689]))","(array([0.0477018]), array([-0.0097835]))","(array([0.04546203]), array([-0.00566586]))","(array([0.05442169]), array([-0.00145874]))","(array([0.07698499]), array([0.0016854]))","(array([0.10276767]), array([0.00339694]))","(array([0.12779813]), array([0.00373386]))"
(0.3471004608352222+0j),[0.00956303],[1.],[0.69451161],[1.],"(array([0.13135307]), array([0.11078528]))","(array([0.05668168]), array([-0.01764697]))","(array([0.05343]), array([-0.01586427]))","(array([0.05040066]), array([-0.01320866]))","(array([0.04770618]), array([-0.00975609]))","(array([0.04546376]), array([-0.00563931]))","(array([0.05442139]), array([-0.00143329]))","(array([0.07698368]), array([0.0017096]))","(array([0.10276595]), array([0.0034201]))","(array([0.12779678]), array([0.00375612]))","(array([0.14764792]), array([0.00290222]))"
(0.4178116324846752+0j),[0.00041148],[1.],[0.72464721],[1.],"(array([0.13516049]), array([0.12065359]))","(array([0.05344089]), array([-0.01583368]))","(array([0.05040864]), array([-0.01317902]))","(array([0.04771124]), array([-0.00972737]))","(array([0.04546598]), array([-0.00561149]))","(array([0.05442128]), array([-0.00140649]))","(array([0.07698228]), array([0.00173512]))","(array([0.10276423]), array([0.0034444]))","(array([0.12779566]), array([0.00377957]))","(array([0.14764842]), array([0.00292493]))","(array([0.15898698]), array([0.00118201]))"
(0.47925406856074104+0j),[-0.01015906],[1.],[0.71381136],[1.],"(array([0.13478491]), array([0.12296364]))","(array([0.05041716]), array([-0.01314867]))","(array([0.04771653]), array([-0.00969776]))","(array([0.04546836]), array([-0.00558292]))","(array([0.05442147]), array([-0.00137909]))","(array([0.07698141]), array([0.0017608]))","(array([0.10276315]), array([0.00346868]))","(array([0.12779485]), array([0.00380307]))","(array([0.14764825]), array([0.00294812]))","(array([0.15898822]), array([0.00120491]))","(array([0.16085296]), array([-0.00105052]))"
(0.5228911758738192+0j),[-0.02057241],[1.],[0.67432688],[1.],"(array([0.13084512]), array([0.11933411]))","(array([0.04772093]), array([-0.00966738]))","(array([0.04546955]), array([-0.00555381]))","(array([0.0544206]), array([-0.00135153]))","(array([0.07698002]), array([0.00178644]))","(array([0.10276203]), array([0.00349282]))","(array([0.12779472]), array([0.0038261]))","(array([0.14764928]), array([0.00297027]))","(array([0.15898982]), array([0.00122642]))","(array([0.16085524]), array([-0.00102971]))","(array([0.15492773]), array([-0.00341816]))"
(0.5451172584835031+0j),[-0.02967213],[1.],[0.62274454],[1.],"(array([0.12483878]), array([0.11270228]))","(array([0.04547052]), array([-0.00552447]))","(array([0.05441958]), array([-0.0013238]))","(array([0.07697833]), array([0.00181253]))","(array([0.10276059]), array([0.00351747]))","(array([0.12779479]), array([0.00384946]))","(array([0.14765194]), array([0.00299239]))","(array([0.15899445]), array([0.0012475]))","(array([0.16086028]), array([-0.00100966]))","(array([0.15493282]), array([-0.00339917]))","(array([0.14451579]), array([-0.005612]))"
(0.5468187786668204+0j),[-0.03680627],[1.],[0.57297245],[1.],"(array([0.1184328]), array([0.10601626]))","(array([0.05441861]), array([-0.00129594]))","(array([0.07697666]), array([0.00183878]))","(array([0.10275922]), array([0.00354225]))","(array([0.12779499]), array([0.0038727]))","(array([0.14765539]), array([0.00301403]))","(array([0.1590015]), array([0.00126782]))","(array([0.16086885]), array([-0.00099032]))","(array([0.15494072]), array([-0.00338091]))","(array([0.14452267]), array([-0.00559484]))","(array([0.13306124]), array([-0.00743043]))"
(0.5311988505100023+0j),[-0.04263686],[1.],[0.53264643],[1.],"(array([0.1235823]), array([0.10077676]))","(array([0.07697484]), array([0.00186502]))","(array([0.10275765]), array([0.00356697]))","(array([0.12779486]), array([0.00389586]))","(array([0.14765834]), array([0.00303526]))","(array([0.15900897]), array([0.00128727]))","(array([0.16087953]), array([-0.00097198]))","(array([0.15495159]), array([-0.00336338]))","(array([0.14453181]), array([-0.00557827]))","(array([0.13306867]), array([-0.00741486]))","(array([0.12296571]), array([-0.0088788]))"
(0.5020903215480658+0j),[-0.04797958],[1.],[0.50280409],[1.],"(array([0.14333874]), array([0.09658659]))","(array([0.10275484]), array([0.00359392]))","(array([0.12779329]), array([0.00392119]))","(array([0.14765936]), array([0.00305864]))","(array([0.15901448]), array([0.00130851]))","(array([0.16088975]), array([-0.00095225]))","(array([0.15496395]), array([-0.00334449]))","(array([0.14454351]), array([-0.00556008]))","(array([0.13307852]), array([-0.00739746]))","(array([0.12297401]), array([-0.00886225]))","(array([0.11519885]), array([-0.01013045]))"
(0.4633472281890823+0j),[-0.05239018],[1.],[0.4797488],[1.],"(array([0.16717336]), array([0.09275681]))","(array([0.12778963]), array([0.00395083]))","(array([0.14765794]), array([0.00308634]))","(array([0.15901693]), array([0.00133391]))","(array([0.16089754]), array([-0.0009288]))","(array([0.15497593]), array([-0.00332219]))","(array([0.14455687]), array([-0.00553847]))","(array([0.13309118]), array([-0.00737644]))","(array([0.12298534]), array([-0.00884186]))","(array([0.11520912]), array([-0.01011085]))","(array([0.10940911]), array([-0.01122708]))"
(0.4186671171517456+0j),[-0.0548064],[1.],[0.45826435],[1.],"(array([0.19043942]), array([0.08851355]))","(array([0.14765492]), array([0.00311823]))","(array([0.159017]), array([0.00136362]))","(array([0.16090234]), array([-0.00090133]))","(array([0.1549859]), array([-0.00329633]))","(array([0.14457017]), array([-0.00551356]))","(array([0.13310548]), array([-0.00735214]))","(array([0.12299924]), array([-0.00881809]))","(array([0.1152222]), array([-0.01008766]))","(array([0.1094214]), array([-0.01120469]))","(array([0.10453807]), array([-0.01199751]))"
(0.37183830017176794+0j),[-0.05387825],[1.],[0.43469178],[1.],"(array([0.20797969]), array([0.08331109]))","(array([0.15901638]), array([0.00139684]))","(array([0.16090544]), array([-0.00087022]))","(array([0.15499387]), array([-0.0032671]))","(array([0.14458251]), array([-0.00548567]))","(array([0.13312032]), array([-0.00732516]))","(array([0.12301482]), array([-0.00879178]))","(array([0.11523752]), array([-0.01006193]))","(array([0.10943602]), array([-0.01117965]))","(array([0.10455178]), array([-0.01197336]))","(array([0.09958858]), array([-0.01217007]))"
(0.32672876756592184+0j),[-0.04854375],[1.],[0.40915593],[1.],"(array([0.2160237]), array([0.07723917]))","(array([0.16090861]), array([-0.00083658]))","(array([0.15500105]), array([-0.00323528]))","(array([0.14459405]), array([-0.00545542]))","(array([0.13313523]), array([-0.00729613]))","(array([0.12303141]), array([-0.00876366]))","(array([0.11525441]), array([-0.01003454]))","(array([0.10945243]), array([-0.01115296]))","(array([0.10456725]), array([-0.01194752]))","(array([0.09960274]), array([-0.01214522]))","(array([0.09415949]), array([-0.01147095]))"
(0.28687739281328817+0j),[-0.03859392],[1.],[0.38621829],[1.],"(array([0.21374274]), array([0.07120132]))","(array([0.15500858]), array([-0.00320254]))","(array([0.14460525]), array([-0.00542417]))","(array([0.13314979]), array([-0.00726616]))","(array([0.12304816]), array([-0.00873478]))","(array([0.11527187]), array([-0.01000651]))","(array([0.10946961]), array([-0.01112569]))","(array([0.10458353]), array([-0.01192114]))","(array([0.09961766]), array([-0.01211988]))","(array([0.09417269]), array([-0.0114467]))","(array([0.08877579]), array([-0.00975465]))"
(0.2550849007964182+0j),[-0.02490831],[1.],[0.37366211],[1.],"(array([0.20357256]), array([0.06674719]))","(array([0.14461607]), array([-0.00539378]))","(array([0.13316342]), array([-0.00723697]))","(array([0.12306378]), array([-0.00870665]))","(array([0.11528832]), array([-0.00997929]))","(array([0.10948593]), array([-0.01109927]))","(array([0.10459908]), array([-0.01189559]))","(array([0.09963191]), array([-0.01209533]))","(array([0.09418526]), array([-0.01142325]))","(array([0.08878648]), array([-0.00973228]))","(array([0.08483163]), array([-0.00709508]))"
(0.23350044248361096+0j),[-0.00924752],[1.],[0.3798333],[1.],"(array([0.18998483]), array([0.06562467]))","(array([0.13317568]), array([-0.00721008]))","(array([0.1230777]), array([-0.00868075]))","(array([0.11530299]), array([-0.00995427]))","(array([0.10950057]), array([-0.01107502]))","(array([0.10461307]), array([-0.01187212]))","(array([0.09964477]), array([-0.01207275]))","(array([0.09419661]), array([-0.01140165]))","(array([0.08879611]), array([-0.00971166]))","(array([0.08483953]), array([-0.00707539]))","(array([0.08416104]), array([-0.00378845]))"
(0.22421257387888424+0j),[0.00618774],[1.],[0.41044656],[1.],"(array([0.17761387]), array([0.06920724]))","(array([0.12308973]), array([-0.0086583]))","(array([0.11531569]), array([-0.00993263]))","(array([0.10951327]), array([-0.01105406]))","(array([0.10462525]), array([-0.01185182]))","(array([0.099656]), array([-0.01205319]))","(array([0.09420657]), array([-0.0113829]))","(array([0.08880462]), array([-0.00969375]))","(array([0.08484656]), array([-0.00705826]))","(array([0.08416664]), array([-0.00377207]))","(array([0.08837461]), array([-0.00027936]))"
(0.26636782048975216+0j),[0.01651573],[1.],[0.53611453],[1.],"(array([0.17393047]), array([0.0848787]))","(array([0.11532667]), array([-0.00991484]))","(array([0.10952427]), array([-0.01103693]))","(array([0.10463574]), array([-0.01183529]))","(array([0.09966566]), array([-0.01203721]))","(array([0.09421523]), array([-0.0113675]))","(array([0.08881222]), array([-0.00967896]))","(array([0.084853]), array([-0.00704411]))","(array([0.0841719]), array([-0.00375859]))","(array([0.08837876]), array([-0.00026655]))","(array([0.10640836]), array([0.00273786]))"
(0.3218418680676606+0j),[0.0185382],[1.],[0.62774308],[1.],"(array([0.17729227]), array([0.10562418]))","(array([0.10953459]), array([-0.011021]))","(array([0.10464564]), array([-0.01182017]))","(array([0.09967463]), array([-0.01202268]))","(array([0.0942232]), array([-0.01135334]))","(array([0.08881922]), array([-0.00966518]))","(array([0.08485901]), array([-0.00703084]))","(array([0.08417688]), array([-0.00374587]))","(array([0.08838274]), array([-0.00025439]))","(array([0.10641165]), array([0.00274941]))","(array([0.13102926]), array([0.00410498]))"
(0.3835942475564591+0j),[0.01336735],[1.],[0.68005702],[1.],"(array([0.17993906]), array([0.11836222]))","(array([0.10465608]), array([-0.0118037]))","(array([0.09968428]), array([-0.01200691]))","(array([0.09423178]), array([-0.01133814]))","(array([0.08882662]), array([-0.00965046]))","(array([0.0848652]), array([-0.00701659]))","(array([0.084182]), array([-0.00373214]))","(array([0.08838697]), array([-0.00024115]))","(array([0.10641542]), array([0.00276226]))","(array([0.13103289]), array([0.00411746]))","(array([0.14724109]), array([0.00371997]))"
(0.4445526756536832+0j),[0.00273432],[1.],[0.6929067],[1.],"(array([0.18022351]), array([0.12288842]))","(array([0.09969742]), array([-0.01198936]))","(array([0.09424353]), array([-0.01132133]))","(array([0.08883688]), array([-0.00963436]))","(array([0.08487392]), array([-0.00700094]))","(array([0.08418919]), array([-0.00371692]))","(array([0.088393]), array([-0.00022653]))","(array([0.10642156]), array([0.0027764]))","(array([0.13103977]), array([0.00413156]))","(array([0.14724836]), array([0.00373415]))","(array([0.15442316]), array([0.00190621]))"
(0.49865055576203193+0j),[-0.01119923],[1.],[0.67073545],[1.],"(array([0.17703885]), array([0.12017863]))","(array([0.0942578]), array([-0.01130312]))","(array([0.08884992]), array([-0.00961703]))","(array([0.0848854]), array([-0.0069844]))","(array([0.08419889]), array([-0.00370076]))","(array([0.08840091]), array([-0.00021071]))","(array([0.1064289]), array([0.00279156]))","(array([0.13104776]), array([0.0041464]))","(array([0.14725676]), array([0.00374951]))","(array([0.15443191]), array([0.00192216]))","(array([0.15312828]), array([-0.00088977]))"
(0.5415508802701912+0j),[-0.02609853],[1.],[0.62128765],[1.],"(array([0.17026284]), array([0.11202065]))","(array([0.08886196]), array([-0.00959768]))","(array([0.08489588]), array([-0.00696562]))","(array([0.0842076]), array([-0.00368264]))","(array([0.08840819]), array([-0.00019336]))","(array([0.1064361]), array([0.00280761]))","(array([0.13105578]), array([0.00416128]))","(array([0.147265]), array([0.00376431]))","(array([0.15443908]), array([0.00193755]))","(array([0.153134]), array([-0.0008739]))","(array([0.14480199]), array([-0.00415576]))"
(0.5709296025589826+0j),[-0.03997681],[1.],[0.55400591],[1.],"(array([0.16098808]), array([0.10052253]))","(array([0.0849047]), array([-0.00694508]))","(array([0.08421484]), array([-0.00366289]))","(array([0.08841412]), array([-0.00017449]))","(array([0.10644241]), array([0.00282518]))","(array([0.13106372]), array([0.00417746]))","(array([0.14727462]), array([0.00377965]))","(array([0.15444893]), array([0.00195269]))","(array([0.15314193]), array([-0.00085875]))","(array([0.1448076]), array([-0.00414081]))","(array([0.13142853]), array([-0.00740151]))"
(0.5863382006869909+0j),[-0.05162146],[1.],[0.47840535],[1.],"(array([0.15138626]), array([0.0876711]))","(array([0.0842216]), array([-0.00364125]))","(array([0.08841981]), array([-0.00015396]))","(array([0.1064486]), array([0.00284442]))","(array([0.13107188]), array([0.0041953]))","(array([0.14728528]), array([0.00379628]))","(array([0.15446199]), array([0.00196847]))","(array([0.15315458]), array([-0.00084334]))","(array([0.14481705]), array([-0.00412588]))","(array([0.13143441]), array([-0.00738729]))","(array([0.11518021]), array([-0.01026847]))"
(0.5888005983430307+0j),[-0.06072094],[1.],[0.40298511],[1.],"(array([0.14415924]), array([0.07500591]))","(array([0.08842546]), array([-0.00013139]))","(array([0.10645503]), array([0.00286554]))","(array([0.13108072]), array([0.00421491]))","(array([0.14729683]), array([0.00381428]))","(array([0.15447725]), array([0.00198499]))","(array([0.15317202]), array([-0.00082776]))","(array([0.14483237]), array([-0.00411084]))","(array([0.13144439]), array([-0.00737308]))","(array([0.11518481]), array([-0.01025528]))","(array([0.09807966]), array([-0.01258911]))"
(0.5803330645314774+0j),[-0.06764156],[1.],[0.3346189],[1.],"(array([0.14179204]), array([0.06356874]))","(array([0.10646109]), array([0.00288871]))","(array([0.13108983]), array([0.00423638]))","(array([0.14730904]), array([0.0038338]))","(array([0.15449338]), array([0.00200222]))","(array([0.15319252]), array([-0.00081226]))","(array([0.1448536]), array([-0.00409627]))","(array([0.13146094]), array([-0.00735914]))","(array([0.11519355]), array([-0.01024226]))","(array([0.09808125]), array([-0.01257715]))","(array([0.08185112]), array([-0.01437438]))"
(0.519672475122086+0j),[-0.07440013],[1.],[0.31982705],[1.],"(array([0.15671741]), array([0.05815564]))","(array([0.13109776]), array([0.00425954]))","(array([0.14732086]), array([0.00385474]))","(array([0.15450885]), array([0.00202042]))","(array([0.15321282]), array([-0.00079669]))","(array([0.14487767]), array([-0.00408233]))","(array([0.13148351]), array([-0.00734596]))","(array([0.11520887]), array([-0.01022955]))","(array([0.09808686]), array([-0.01256507]))","(array([0.08184876]), array([-0.01436303]))","(array([0.07297779]), array([-0.01589954]))"
(0.4634771460221379+0j),[-0.08118946],[1.],[0.30511734],[1.],"(array([0.18102344]), array([0.05591738]))","(array([0.14732756]), array([0.00387702]))","(array([0.15451755]), array([0.00204071]))","(array([0.15322422]), array([-0.00077838]))","(array([0.1448928]), array([-0.00406538]))","(array([0.13150048]), array([-0.00732985]))","(array([0.11522388]), array([-0.01021398]))","(array([0.09809703]), array([-0.01254985]))","(array([0.08185365]), array([-0.01434804]))","(array([0.07298059]), array([-0.01588519]))","(array([0.06968683]), array([-0.0174156]))"
(0.4112802739731564+0j),[-0.08607007],[1.],[0.29022168],[1.],"(array([0.19673816]), array([0.05204531]))","(array([0.1545252]), array([0.00206446]))","(array([0.15323261]), array([-0.00075594]))","(array([0.1449028]), array([-0.00404411]))","(array([0.13151235]), array([-0.00730953]))","(array([0.11523638]), array([-0.01019449]))","(array([0.09810858]), array([-0.01253096]))","(array([0.08186332]), array([-0.01432945]))","(array([0.07298921]), array([-0.01586696]))","(array([0.06969532]), array([-0.01739815]))","(array([0.06640568]), array([-0.01871849]))"
(0.362959688848763+0j),[-0.08772281],[1.],[0.27509304],[1.],"(array([0.20288899]), array([0.04698089]))","(array([0.15324266]), array([-0.00073001]))","(array([0.14491328]), array([-0.00401924]))","(array([0.131524]), array([-0.00728566]))","(array([0.11524941]), array([-0.01017157]))","(array([0.09812211]), array([-0.01250886]))","(array([0.08187571]), array([-0.01430786]))","(array([0.07300044]), array([-0.01584555]))","(array([0.06970626]), array([-0.01737738]))","(array([0.06641616]), array([-0.01869841]))","(array([0.06306139]), array([-0.01943838]))"
(0.3186208859917167+0j),[-0.08548361],[1.],[0.25987731],[1.],"(array([0.1998492]), array([0.04129907]))","(array([0.14492608]), array([-0.0039914]))","(array([0.13153703]), array([-0.00725873]))","(array([0.11526351]), array([-0.01014544]))","(array([0.09813766]), array([-0.01248356]))","(array([0.08189035]), array([-0.01428307]))","(array([0.07301392]), array([-0.01582082]))","(array([0.06971928]), array([-0.01735338]))","(array([0.06642847]), array([-0.01867511]))","(array([0.06307268]), array([-0.01941588]))","(array([0.05967652]), array([-0.0193588]))"
(0.27853360593717685+0j),[-0.07912017],[1.],[0.24489496],[1.],"(array([0.18900867]), array([0.03561243]))","(array([0.13155184]), array([-0.00722904]))","(array([0.11527854]), array([-0.01011657]))","(array([0.09815369]), array([-0.01245535]))","(array([0.08190573]), array([-0.01425535]))","(array([0.07302863]), array([-0.01579355]))","(array([0.06973349]), array([-0.01732698]))","(array([0.06644184]), array([-0.01864957]))","(array([0.06308486]), array([-0.0193912]))","(array([0.05968721]), array([-0.01933502]))","(array([0.05630949]), array([-0.01838415]))"
(0.24301881679052156+0j),[-0.06867875],[1.],[0.23060826],[1.],"(array([0.17237395]), array([0.03049875]))","(array([0.11529396]), array([-0.01008569]))","(array([0.09816925]), array([-0.01242535]))","(array([0.08192072]), array([-0.01422626]))","(array([0.07304324]), array([-0.01576545]))","(array([0.06974778]), array([-0.01729979]))","(array([0.0664554]), array([-0.01862326]))","(array([0.06309728]), array([-0.01936577]))","(array([0.05969813]), array([-0.01931048]))","(array([0.05631864]), array([-0.0183605]))","(array([0.05305204]), array([-0.01649651]))"
(0.21232070024166788+0j),[-0.05442794],[1.],[0.21752568],[1.],"(array([0.15220617]), array([0.0263942]))","(array([0.09818443]), array([-0.01239514]))","(array([0.08193542]), array([-0.01419712]))","(array([0.07305762]), array([-0.01573743]))","(array([0.06976188]), array([-0.01727269]))","(array([0.06646881]), array([-0.01859702]))","(array([0.06310956]), array([-0.01934038]))","(array([0.05970893]), array([-0.01928592]))","(array([0.05632768]), array([-0.0183368]))","(array([0.05305913]), array([-0.01647369]))","(array([0.05001579]), array([-0.01373173]))"
(0.18649640896215938+0j),[-0.03687592],[1.],[0.20615201],[1.],"(array([0.1306684]), array([0.02352337]))","(array([0.08194936]), array([-0.0141694]))","(array([0.07307129]), array([-0.01571078]))","(array([0.06977527]), array([-0.01724699]))","(array([0.06648151]), array([-0.01857216]))","(array([0.06312117]), array([-0.0193163]))","(array([0.05971913]), array([-0.01926261]))","(array([0.0563362]), array([-0.01831428]))","(array([0.05306579]), array([-0.01645201]))","(array([0.05002051]), array([-0.0137109]))","(array([0.04731709]), array([-0.01017559]))"
(0.165349913019118+0j),[-0.01683702],[1.],[0.19707625],[1.],"(array([0.10967243]), array([0.02190957]))","(array([0.07308353]), array([-0.01568678]))","(array([0.06978722]), array([-0.01722387]))","(array([0.06649281]), array([-0.01854976]))","(array([0.06313151]), array([-0.01929457]))","(array([0.0597282]), array([-0.01924155]))","(array([0.05634378]), array([-0.01829393]))","(array([0.0530717]), array([-0.01643241]))","(array([0.05002468]), array([-0.0136921]))","(array([0.04731952]), array([-0.01015758]))","(array([0.04507937]), array([-0.0059715]))"
(0.16605221368562936+0j),[0.00059549],[1.],[0.28728717],[1.],"(array([0.1016574]), array([0.03040244]))","(array([0.06979739]), array([-0.01720394]))","(array([0.06650242]), array([-0.01853048]))","(array([0.06314029]), array([-0.01927586]))","(array([0.05973592]), array([-0.01922341]))","(array([0.05635021]), array([-0.01827638]))","(array([0.0530767]), array([-0.01641551]))","(array([0.05002816]), array([-0.01367589]))","(array([0.04732149]), array([-0.01014206]))","(array([0.04507989]), array([-0.00595666]))","(array([0.05417877]), array([-0.0017022]))"
(0.18379425371327388+0j),[0.01154286],[1.],[0.39913042],[1.],"(array([0.10702242]), array([0.0502363]))","(array([0.0665116]), array([-0.01851264]))","(array([0.06314867]), array([-0.01925856]))","(array([0.05974326]), array([-0.01920661]))","(array([0.05635632]), array([-0.01826007]))","(array([0.05308145]), array([-0.01639973]))","(array([0.05003153]), array([-0.01366069]))","(array([0.0473235]), array([-0.01012751]))","(array([0.04508053]), array([-0.00594272]))","(array([0.05417835]), array([-0.00168894]))","(array([0.07699714]), array([0.00148125]))"
(0.22138659294207438+0j),[0.01612482],[1.],[0.51781822],[1.],"(array([0.11524302]), array([0.07234029]))","(array([0.063158]), array([-0.01923995]))","(array([0.05975138]), array([-0.01918872]))","(array([0.05636299]), array([-0.01824261]))","(array([0.05308668]), array([-0.01638282]))","(array([0.05003531]), array([-0.01364452]))","(array([0.04732576]), array([-0.01011205]))","(array([0.04508126]), array([-0.00592793]))","(array([0.05417789]), array([-0.00167495]))","(array([0.07699595]), array([0.00149434]))","(array([0.10302573]), array([0.00322218]))"
(0.27787357660157924+0j),[0.01489806],[1.],[0.62321909],[1.],"(array([0.12418735]), array([0.09364263]))","(array([0.05976017]), array([-0.0191685]))","(array([0.05637032]), array([-0.01822305]))","(array([0.05309242]), array([-0.01636388]))","(array([0.05003937]), array([-0.01362621]))","(array([0.0473281]), array([-0.0100944]))","(array([0.04508194]), array([-0.00591095]))","(array([0.05417731]), array([-0.00165875]))","(array([0.07699457]), array([0.00150975]))","(array([0.10302388]), array([0.00323683]))","(array([0.12825417]), array([0.00358699]))"
(0.34698403405570594+0j),[0.00896188],[1.],[0.69621662],[1.],"(array([0.13148112]), array([0.11058214]))","(array([0.05637906]), array([-0.01820134]))","(array([0.05309937]), array([-0.01634305]))","(array([0.05004454]), array([-0.01360609]))","(array([0.0473314]), array([-0.01007485]))","(array([0.0450833]), array([-0.00589199]))","(array([0.0541772]), array([-0.00164057]))","(array([0.07699383]), array([0.00152703]))","(array([0.10302289]), array([0.00325339]))","(array([0.12825349]), array([0.00360297]))","(array([0.14820952]), array([0.00276155]))"
(0.4181455224772987+0j),[-0.00014554],[1.],[0.72614802],[1.],"(array([0.13524133]), array([0.1204929]))","(array([0.05310788]), array([-0.01632048]))","(array([0.05005084]), array([-0.01358424]))","(array([0.04733547]), array([-0.01005365]))","(array([0.0450852]), array([-0.00587141]))","(array([0.05417732]), array([-0.00162073]))","(array([0.07699301]), array([0.00154592]))","(array([0.10302199]), array([0.00327135]))","(array([0.12825318]), array([0.00362038]))","(array([0.1482106]), array([0.00277852]))","(array([0.15952843]), array([0.0010484]))"
(0.4798826769930729+0j),[-0.01066421],[1.],[0.71486094],[1.],"(array([0.13476341]), array([0.12276524]))","(array([0.05005794]), array([-0.01356045]))","(array([0.04733991]), array([-0.01003037]))","(array([0.04508726]), array([-0.00584892]))","(array([0.05417764]), array([-0.00159915]))","(array([0.07699259]), array([0.00156603]))","(array([0.10302156]), array([0.0032903]))","(array([0.12825305]), array([0.00363879]))","(array([0.14821094]), array([0.00279689]))","(array([0.15952985]), array([0.00106672]))","(array([0.16126543]), array([-0.00117428]))"
(0.5236621775931557+0j),[-0.02101582],[1.],[0.67487217],[1.],"(array([0.13068986]), array([0.11905339]))","(array([0.04734373]), array([-0.01000435]))","(array([0.04508821]), array([-0.00582399]))","(array([0.05417683]), array([-0.0015756]))","(array([0.07699148]), array([0.0015878]))","(array([0.10302088]), array([0.00331072]))","(array([0.12825338]), array([0.00365826]))","(array([0.14821228]), array([0.00281567]))","(array([0.15953151]), array([0.00108505]))","(array([0.16126746]), array([-0.00115648]))","(array([0.15514762]), array([-0.00352764]))"
(0.5459372118197311+0j),[-0.03004735],[1.],[0.6228758],[1.],"(array([0.12455244]), array([0.11234062]))","(array([0.04508904]), array([-0.00579645]))","(array([0.05417578]), array([-0.00154961]))","(array([0.07698984]), array([0.0016122]))","(array([0.10301957]), array([0.00333376]))","(array([0.1282536]), array([0.00368008]))","(array([0.14821505]), array([0.00283632]))","(array([0.15953616]), array([0.00110473]))","(array([0.1612724]), array([-0.00113777]))","(array([0.15515248]), array([-0.00350994]))","(array([0.14454149]), array([-0.00570227]))"
(0.5476637561719347+0j),[-0.03711333],[1.],[0.57282607],[1.],"(array([0.11804687]), array([0.10560106]))","(array([0.05417468]), array([-0.00152107]))","(array([0.076988]), array([0.00163909]))","(array([0.10301798]), array([0.00335914]))","(array([0.12825359]), array([0.00370391]))","(array([0.14821834]), array([0.00285852]))","(array([0.15954315]), array([0.00112558]))","(array([0.161281]), array([-0.00111793]))","(array([0.15516051]), array([-0.00349121]))","(array([0.14454858]), array([-0.00568467]))","(array([0.13293423]), array([-0.00749857]))"
(0.532086396712212+0j),[-0.0428847],[1.],[0.53234375],[1.],"(array([0.12326522]), array([0.10033499]))","(array([0.07698578]), array([0.00166813]))","(array([0.10301589]), array([0.00338653]))","(array([0.12825292]), array([0.00372963]))","(array([0.14822088]), array([0.00288219]))","(array([0.15955045]), array([0.00114736]))","(array([0.16129183]), array([-0.00109738]))","(array([0.15517184]), array([-0.00347157]))","(array([0.14455845]), array([-0.00566609]))","(array([0.13294259]), array([-0.00748107]))","(array([0.12273896]), array([-0.00892539]))"
(0.5030373285173383+0j),[-0.04818335],[1.],[0.50243442],[1.],"(array([0.14324062]), array([0.09614571]))","(array([0.10301235]), array([0.00341734]))","(array([0.12825061]), array([0.00375864]))","(array([0.14822133]), array([0.00290909]))","(array([0.15955571]), array([0.00117195]))","(array([0.16130224]), array([-0.00107445]))","(array([0.15518483]), array([-0.00344964]))","(array([0.14457115]), array([-0.005645]))","(array([0.13295373]), array([-0.00746089]))","(array([0.12274874]), array([-0.00890616]))","(array([0.11492972]), array([-0.01016048]))"
(0.4643544590487004+0j),[-0.05256545],[1.],[0.47938764],[1.],"(array([0.16730876]), array([0.09233705]))","(array([0.12824606]), array([0.00379264]))","(array([0.14821922]), array([0.00294094]))","(array([0.15955786]), array([0.00120131]))","(array([0.16131024]), array([-0.00104723]))","(array([0.15519755]), array([-0.00342374]))","(array([0.14458571]), array([-0.00561996]))","(array([0.13296793]), array([-0.00743659]))","(array([0.1227618]), array([-0.00888262]))","(array([0.11494181]), array([-0.01013782]))","(array([0.1091339]), array([-0.01124593]))"
(0.41972416755720654+0j),[-0.05496508],[1.],[0.45798056],[1.],"(array([0.19077212]), array([0.08812591]))","(array([0.14821535]), array([0.00297787]))","(array([0.15955754]), array([0.00123582]))","(array([0.16131528]), array([-0.00101519]))","(array([0.15520842]), array([-0.00339352]))","(array([0.14460047]), array([-0.00559089]))","(array([0.13298409]), array([-0.00740832]))","(array([0.12277782]), array([-0.00885503]))","(array([0.11495711]), array([-0.01011095]))","(array([0.1091484]), array([-0.01121997]))","(array([0.10427344]), array([-0.01200863]))"
(0.37292463823319355+0j),[-0.0540287],[1.],[0.43453457],[1.],"(array([0.20842459]), array([0.08296556]))","(array([0.15955644]), array([0.00127491]))","(array([0.16131865]), array([-0.00097847]))","(array([0.15521746]), array([-0.00335895]))","(array([0.14461459]), array([-0.00555791]))","(array([0.13300123]), array([-0.00737648]))","(array([0.122796]), array([-0.00882406]))","(array([0.11497516]), array([-0.01008072]))","(array([0.10916573]), array([-0.01119057]))","(array([0.10428974]), array([-0.01198028]))","(array([0.09934833]), array([-0.01217658]))"
(0.3278174941659692+0j),[-0.04869265],[1.],[0.40913969],[1.],"(array([0.21646515]), array([0.07694358]))","(array([0.16132216]), array([-0.00093809]))","(array([0.15522593]), array([-0.0033207]))","(array([0.14462826]), array([-0.00552154]))","(array([0.1330189]), array([-0.00734159]))","(array([0.12281573]), array([-0.00879032]))","(array([0.11499534]), array([-0.0100479]))","(array([0.1091854]), array([-0.01115863]))","(array([0.10430831]), array([-0.01194937]))","(array([0.09936536]), array([-0.01214687]))","(array([0.09395397]), array([-0.0114764]))"
(0.287940723355908+0j),[-0.03874762],[1.],[0.38631286],[1.],"(array([0.21408031]), array([0.07095796]))","(array([0.15523492]), array([-0.00328055]))","(array([0.14464189]), array([-0.00548323]))","(array([0.13303663]), array([-0.00730489]))","(array([0.12283609]), array([-0.00875497]))","(array([0.11501659]), array([-0.01001362]))","(array([0.10920636]), array([-0.01112531]))","(array([0.10432819]), array([-0.01191714]))","(array([0.09938357]), array([-0.0121159]))","(array([0.09397009]), array([-0.01144676]))","(array([0.08860805]), array([-0.00976332]))"
(0.25609894496486685+0j),[-0.0250729],[1.],[0.37379503],[1.],"(array([0.20374555]), array([0.06654976]))","(array([0.14465532]), array([-0.0054452]))","(array([0.13305364]), array([-0.00726841]))","(array([0.12285558]), array([-0.00871983]))","(array([0.11503713]), array([-0.00997963]))","(array([0.10922677]), array([-0.01109233]))","(array([0.10434764]), array([-0.01188525]))","(array([0.0994014]), array([-0.01208525]))","(array([0.09398581]), array([-0.01141747]))","(array([0.08862142]), array([-0.00973535]))","(array([0.08469381]), array([-0.00711118]))"
(0.23444460163232958+0j),[-0.00942798],[1.],[0.37990551],[1.],"(array([0.18998643]), array([0.06545834]))","(array([0.13306929]), array([-0.00723416]))","(array([0.12287338]), array([-0.00868688]))","(array([0.11505591]), array([-0.00994778]))","(array([0.10924551]), array([-0.01106146]))","(array([0.10436557]), array([-0.01185537]))","(array([0.09941787]), array([-0.0120565]))","(array([0.09400036]), array([-0.01138997]))","(array([0.08863378]), array([-0.0097091]))","(array([0.08470395]), array([-0.00708608]))","(array([0.08403472]), array([-0.00381484]))"
(0.22506448025144435+0j),[0.00598859],[1.],[0.41035964],[1.],"(array([0.17747413]), array([0.06905219]))","(array([0.12288902]), array([-0.00865784]))","(array([0.11507243]), array([-0.00991977]))","(array([0.10926204]), array([-0.01103433]))","(array([0.10438141]), array([-0.01182911]))","(array([0.09943247]), array([-0.0120312]))","(array([0.0940133]), array([-0.01136572]))","(array([0.08864485]), array([-0.00968592]))","(array([0.08471309]), array([-0.00706391]))","(array([0.08404203]), array([-0.00379362]))","(array([0.088237]), array([-0.00031663]))"
(0.23044172842205848+0j),[0.01897988],[1.],[0.46535302],[1.],"(array([0.16939322]), array([0.07767369]))","(array([0.11508665]), array([-0.00989657]))","(array([0.10927627]), array([-0.01101196]))","(array([0.104395]), array([-0.01180752]))","(array([0.09944499]), array([-0.01201035]))","(array([0.0940245]), array([-0.01134565]))","(array([0.08865463]), array([-0.00966665]))","(array([0.08472137]), array([-0.00704545]))","(array([0.08404876]), array([-0.003776]))","(array([0.0882423]), array([-0.00029985]))","(array([0.0979916]), array([0.00289068]))"
(0.25299569387243853+0j),[0.02770478],[1.],[0.53766092],[1.],"(array([0.16673068]), array([0.09025576]))","(array([0.10928839]), array([-0.01099287]))","(array([0.10440659]), array([-0.01178928]))","(array([0.09945554]), array([-0.0119928]))","(array([0.0940339]), array([-0.01132863]))","(array([0.08866286]), array([-0.00965017]))","(array([0.08472838]), array([-0.00702959]))","(array([0.08405453]), array([-0.00376082]))","(array([0.08824687]), array([-0.00028536]))","(array([0.09799515]), array([0.00290448]))","(array([0.11253551]), array([0.00535078]))"
(0.293468210951013+0j),[0.03087907],[1.],[0.61287308],[1.],"(array([0.16817903]), array([0.10441096]))","(array([0.10441711]), array([-0.01177211]))","(array([0.09946526]), array([-0.01197637]))","(array([0.09404253]), array([-0.01131277]))","(array([0.08867031]), array([-0.00963482]))","(array([0.08473463]), array([-0.00701478]))","(array([0.08405966]), array([-0.00374655]))","(array([0.088251]), array([-0.00027162]))","(array([0.0979984]), array([0.00291773]))","(array([0.1125381]), array([0.00536357]))","(array([0.1293707]), array([0.00670139]))"
(0.3489102713245588+0j),[0.02806713],[1.],[0.67299623],[1.],"(array([0.17096226]), array([0.11696015]))","(array([0.09947565]), array([-0.01195941]))","(array([0.09405182]), array([-0.01129655]))","(array([0.08867838]), array([-0.00961921]))","(array([0.08474145]), array([-0.00699968]))","(array([0.08406528]), array([-0.00373194]))","(array([0.08825565]), array([-0.00025754]))","(array([0.09800234]), array([0.00293133]))","(array([0.1125415]), array([0.00537678]))","(array([0.12937381]), array([0.00671424]))","(array([0.14474385]), array([0.00673752]))"
(0.41191389355122626+0j),[0.01991243],[1.],[0.70288837],[1.],"(array([0.17216137]), array([0.12489469]))","(array([0.09406308]), array([-0.01127892]))","(array([0.08868816]), array([-0.00960243]))","(array([0.08474982]), array([-0.00698358]))","(array([0.08407229]), array([-0.00371632]))","(array([0.08826142]), array([-0.00024237]))","(array([0.09800725]), array([0.00294601]))","(array([0.11254612]), array([0.00539098]))","(array([0.12937844]), array([0.00672816]))","(array([0.14474877]), array([0.0067513]))","(array([0.15485136]), array([0.00548146]))"
(0.47220509250832454+0j),[0.00809864],[1.],[0.69652094],[1.],"(array([0.16994541]), array([0.12655377]))","(array([0.08869964]), array([-0.00958401]))","(array([0.08475975]), array([-0.00696591]))","(array([0.0840806]), array([-0.00369928]))","(array([0.0882682]), array([-0.00022582]))","(array([0.09801298]), array([0.0029619]))","(array([0.11255158]), array([0.00540619]))","(array([0.12938396]), array([0.00674305]))","(array([0.14475435]), array([0.00676633]))","(array([0.15485715]), array([0.00549676]))","(array([0.15730061]), array([0.00320354]))"
(0.5200108530865893+0j),[-0.00517005],[1.],[0.65923978],[1.],"(array([0.16443782]), array([0.12229992]))","(array([0.0847693]), array([-0.00694607]))","(array([0.08408853]), array([-0.00368015]))","(array([0.08827479]), array([-0.00020752]))","(array([0.09801887]), array([0.00297915]))","(array([0.11255756]), array([0.00542236]))","(array([0.12939049]), array([0.0067585]))","(array([0.14476109]), array([0.00678154]))","(array([0.15486312]), array([0.00551214]))","(array([0.15730562]), array([0.00321905]))","(array([0.15207798]), array([0.00035315]))"
(0.5491756928476477+0j),[-0.0180098],[1.],[0.60450486],[1.],"(array([0.15773345]), array([0.11423284]))","(array([0.0840956]), array([-0.00365955]))","(array([0.08828063]), array([-0.0001879]))","(array([0.09802408]), array([0.00299774]))","(array([0.11256305]), array([0.00543985]))","(array([0.12939717]), array([0.00677503]))","(array([0.14476941]), array([0.00679742]))","(array([0.1548719]), array([0.00552769]))","(array([0.15731299]), array([0.00323438]))","(array([0.15208358]), array([0.00036807]))","(array([0.14142032]), array([-0.00260002]))"
(0.5582222370514269+0j),[-0.02943151],[1.],[0.54735062],[1.],"(array([0.15303014]), array([0.1050816]))","(array([0.08828595]), array([-0.00016735]))","(array([0.098029]), array([0.00301707]))","(array([0.11256819]), array([0.00545808]))","(array([0.12940345]), array([0.00679217]))","(array([0.14477805]), array([0.00681363]))","(array([0.15488294]), array([0.00554322]))","(array([0.15732408]), array([0.00324948]))","(array([0.15209227]), array([0.00038265]))","(array([0.14142634]), array([-0.00258614]))","(array([0.12863385]), array([-0.00533198]))"
(0.5492306409739907+0j),[-0.03930232],[1.],[0.49867728],[1.],"(array([0.15330661]), array([0.0970173]))","(array([0.0980332]), array([0.00303676]))","(array([0.11257281]), array([0.00547653]))","(array([0.12940912]), array([0.00680942]))","(array([0.14478591]), array([0.00682969]))","(array([0.15489421]), array([0.0055583]))","(array([0.15733764]), array([0.00326388]))","(array([0.15210467]), array([0.00039656]))","(array([0.14143517]), array([-0.00257291]))","(array([0.12863936]), array([-0.00531956]))","(array([0.11666858]), array([-0.00772267]))"
(0.5258336333571044+0j),[-0.04786403],[1.],[0.46276186],[1.],"(array([0.1601192]), array([0.09100128]))","(array([0.11257626]), array([0.0054947]))","(array([0.12941369]), array([0.00682637]))","(array([0.14479224]), array([0.00684529]))","(array([0.15490365]), array([0.00557254]))","(array([0.15735075]), array([0.00327715]))","(array([0.15211892]), array([0.00040927]))","(array([0.14144693]), array([-0.00256061]))","(array([0.12864704]), array([-0.00530786]))","(array([0.11667303]), array([-0.00771167]))","(array([0.10721675]), array([-0.00979189]))"
(0.4917354612294483+0j),[-0.05524279],[1.],[0.43796826],[1.],"(array([0.17285295]), array([0.0867469]))","(array([0.12941691]), array([0.0068439]))","(array([0.14479698]), array([0.00686149]))","(array([0.15491055]), array([0.00558714]))","(array([0.15736123]), array([0.00329036]))","(array([0.1521324]), array([0.00042171]))","(array([0.14146018]), array([-0.00254853]))","(array([0.12865724]), array([-0.00529603]))","(array([0.11667961]), array([-0.00770022]))","(array([0.10722083]), array([-0.009781]))","(array([0.10049841]), array([-0.01158144]))"
(0.45024550649587636+0j),[-0.06112633],[1.],[0.41923633],[1.],"(array([0.18859043]), array([0.08321091]))","(array([0.14480056]), array([0.00687949]))","(array([0.15491566]), array([0.00560361]))","(array([0.1573687]), array([0.00330519]))","(array([0.15214325]), array([0.00043541]))","(array([0.14147287]), array([-0.00253535]))","(array([0.12866891]), array([-0.00528304]))","(array([0.11668865]), array([-0.00768737]))","(array([0.10722732]), array([-0.0097684]))","(array([0.10050329]), array([-0.01156931]))","(array([0.09571431]), array([-0.01306968]))"
(0.4045101323374009+0j),[-0.06469158],[1.],[0.40106815],[1.],"(array([0.20287182]), array([0.0792174]))","(array([0.15492014]), array([0.00562212]))","(array([0.15737444]), array([0.00332217]))","(array([0.1521513]), array([0.00045109]))","(array([0.14148352]), array([-0.00252046]))","(array([0.12868041]), array([-0.00526854]))","(array([0.11669909]), array([-0.00767304]))","(array([0.10723598]), array([-0.0097542]))","(array([0.10051041]), array([-0.01155535]))","(array([0.09572046]), array([-0.0130562]))","(array([0.09167178]), array([-0.01413129]))"
(0.35785871471648295+0j),[-0.06485004],[1.],[0.38023593],[1.],"(array([0.21120233]), array([0.07402891]))","(array([0.15738032]), array([0.00334131]))","(array([0.15215817]), array([0.00046896]))","(array([0.14149235]), array([-0.00250358]))","(array([0.12869097]), array([-0.0052523]))","(array([0.11670997]), array([-0.00765718]))","(array([0.1072461]), array([-0.00973856]))","(array([0.10051947]), array([-0.0115399]))","(array([0.09572858]), array([-0.01304106]))","(array([0.09167915]), array([-0.01411665]))","(array([0.08737023]), array([-0.01454865]))"
(0.31373005256687236+0j),[-0.06074112],[1.],[0.35755023],[1.],"(array([0.21085371]), array([0.06778064]))","(array([0.15216581]), array([0.0004888]))","(array([0.1415008]), array([-0.00248477]))","(array([0.12870085]), array([-0.00523432]))","(array([0.11672092]), array([-0.00763979]))","(array([0.10725712]), array([-0.00972157]))","(array([0.10052991]), array([-0.01152319]))","(array([0.09573828]), array([-0.01302464]))","(array([0.09168808]), array([-0.01410065]))","(array([0.08737831]), array([-0.01453318]))","(array([0.08252694]), array([-0.01409922]))"
(0.2752237384924061+0j),[-0.05224223],[1.],[0.33813136],[1.],"(array([0.20204643]), array([0.06155779]))","(array([0.14151015]), array([-0.00246461]))","(array([0.12871082]), array([-0.00521495]))","(array([0.11673177]), array([-0.00762108]))","(array([0.10726841]), array([-0.0097034]))","(array([0.10054095]), array([-0.01150543]))","(array([0.09574874]), array([-0.01300725]))","(array([0.09169781]), array([-0.01408374]))","(array([0.08738714]), array([-0.01451683]))","(array([0.08253469]), array([-0.01408347]))","(array([0.07780898]), array([-0.0126708]))"
(0.2447351409191083+0j),[-0.04020371],[1.],[0.32999363],[1.],"(array([0.18782809]), array([0.057078]))","(array([0.12872101]), array([-0.00519496]))","(array([0.11674238]), array([-0.00760173]))","(array([0.10727926]), array([-0.00968463]))","(array([0.10055162]), array([-0.01148717]))","(array([0.09575895]), array([-0.01298944]))","(array([0.09170737]), array([-0.01406643]))","(array([0.08739583]), array([-0.01450011]))","(array([0.0825423]), array([-0.01406739]))","(array([0.07781535]), array([-0.01265534]))","(array([0.07470437]), array([-0.01034629]))"
(0.2241302099204233+0j),[-0.02628605],[1.],[0.34139467],[1.],"(array([0.17267665]), array([0.05612334]))","(array([0.11675255]), array([-0.00758257]))","(array([0.10728954]), array([-0.0096661]))","(array([0.10056173]), array([-0.01146919]))","(array([0.09576867]), array([-0.01297193]))","(array([0.09171651]), array([-0.0140494]))","(array([0.08740416]), array([-0.01448363]))","(array([0.08254959]), array([-0.0140515]))","(array([0.07782145]), array([-0.01264007]))","(array([0.07470921]), array([-0.0103316]))","(array([0.07506107]), array([-0.00741063]))"
(0.21538915693415223+0j),[-0.01255888],[1.],[0.37779346],[1.],"(array([0.16069425]), array([0.05995937]))","(array([0.10729927]), array([-0.00964846]))","(array([0.10057133]), array([-0.01145214]))","(array([0.09577794]), array([-0.01295535]))","(array([0.09172525]), array([-0.01403326]))","(array([0.08741215]), array([-0.01446797]))","(array([0.08255661]), array([-0.01403638]))","(array([0.07782735]), array([-0.0126255]))","(array([0.07471394]), array([-0.01031759]))","(array([0.07506465]), array([-0.00739717]))","(array([0.08044501]), array([-0.00428538]))"
(0.22106892242607654+0j),[-0.00105926],[1.],[0.43909143],[1.],"(array([0.15429133]), array([0.0688792]))","(array([0.10058076]), array([-0.01143624]))","(array([0.09578707]), array([-0.01294]))","(array([0.09173382]), array([-0.01401835]))","(array([0.08741998]), array([-0.01445343]))","(array([0.08256358]), array([-0.01402224]))","(array([0.07783339]), array([-0.01261182]))","(array([0.07471896]), array([-0.01030443]))","(array([0.07506856]), array([-0.00738459]))","(array([0.08044786]), array([-0.00427342]))","(array([0.09148574]), array([-0.00143341]))"
(0.24380115365827149+0j),[0.00652215],[1.],[0.5177971],[1.],"(array([0.1536045]), array([0.08185517]))","(array([0.09579649]), array([-0.012924]))","(array([0.09174265]), array([-0.01400304]))","(array([0.08742787]), array([-0.0144386]))","(array([0.08257053]), array([-0.01400768]))","(array([0.07783942]), array([-0.01259761]))","(array([0.07472398]), array([-0.0102907]))","(array([0.0750725]), array([-0.00737142]))","(array([0.08045072]), array([-0.00426087]))","(array([0.09148763]), array([-0.00142151]))","(array([0.1072876]), array([0.00072494]))"
(0.28455718644735584+0j),[0.0090273],[1.],[0.59928697],[1.],"(array([0.15684172]), array([0.09653687]))","(array([0.09175225]), array([-0.0139854]))","(array([0.08743662]), array([-0.0144216]))","(array([0.0825782]), array([-0.01399116]))","(array([0.07784592]), array([-0.01258151]))","(array([0.07472924]), array([-0.01027508]))","(array([0.07507656]), array([-0.00735634]))","(array([0.08045367]), array([-0.00424635]))","(array([0.09148958]), array([-0.00140754]))","(array([0.10728876]), array([0.00073836]))","(array([0.12530112]), array([0.00186313]))"
(0.34060488135684786+0j),[0.00609427],[1.],[0.66539173],[1.],"(array([0.16111209]), array([0.10976407]))","(array([0.08744676]), array([-0.01440254]))","(array([0.08258716]), array([-0.01397278]))","(array([0.07785355]), array([-0.01256366]))","(array([0.07473548]), array([-0.01025771]))","(array([0.07508142]), array([-0.00733949]))","(array([0.08045734]), array([-0.00423012]))","(array([0.09149234]), array([-0.0013919]))","(array([0.10729078]), array([0.00075346]))","(array([0.12530268]), array([0.0018777]))","(array([0.14183389]), array([0.00180736]))"
(0.4046947821373917+0j),[-0.00164461],[1.],[0.70068331],[1.],"(array([0.16346926]), array([0.11845313]))","(array([0.08259804]), array([-0.01395258]))","(array([0.07786283]), array([-0.01254428]))","(array([0.07474321]), array([-0.01023896]))","(array([0.07508763]), array([-0.00732122]))","(array([0.0804621]), array([-0.00421235]))","(array([0.09149599]), array([-0.00137478]))","(array([0.10729391]), array([0.00076992]))","(array([0.12530566]), array([0.0018937]))","(array([0.1418371]), array([0.00182302]))","(array([0.15305413]), array([0.00059117]))"
(0.4665816237244815+0j),[-0.01259915],[1.],[0.69873427],[1.],"(array([0.1621836]), array([0.12083532]))","(array([0.07787376]), array([-0.01252307]))","(array([0.07475237]), array([-0.0102185]))","(array([0.07509496]), array([-0.00730138]))","(array([0.08046767]), array([-0.00419305]))","(array([0.09150027]), array([-0.00135624]))","(array([0.10729768]), array([0.00078759]))","(array([0.12530935]), array([0.00191086]))","(array([0.14184085]), array([0.00184011]))","(array([0.15305829]), array([0.00060829]))","(array([0.15651209]), array([-0.00152762]))"
(0.5163588078705164+0j),[-0.02471479],[1.],[0.66452897],[1.],"(array([0.15750501]), array([0.11714061]))","(array([0.07476138]), array([-0.01019523]))","(array([0.07510203]), array([-0.00727892]))","(array([0.0804731]), array([-0.00417155]))","(array([0.0915047]), array([-0.00133595]))","(array([0.10730195]), array([0.0008066]))","(array([0.12531395]), array([0.00192894]))","(array([0.14184559]), array([0.00185775]))","(array([0.15306242]), array([0.00062591]))","(array([0.15651563]), array([-0.00151004]))","(array([0.15209783]), array([-0.00413043]))"
(0.5476254611096645+0j),[-0.03628502],[1.],[0.61140812],[1.],"(array([0.15162489]), array([0.10936704]))","(array([0.07510856]), array([-0.0072536]))","(array([0.08047793]), array([-0.00414742]))","(array([0.09150849]), array([-0.00131309]))","(array([0.1073057]), array([0.00082812]))","(array([0.12531865]), array([0.00194924]))","(array([0.1418518]), array([0.00187712]))","(array([0.15306922]), array([0.00064469]))","(array([0.15652145]), array([-0.00149172]))","(array([0.15210249]), array([-0.00411272]))","(array([0.1419647]), array([-0.00678793]))"
(0.558665349834367+0j),[-0.04646527],[1.],[0.55461499],[1.],"(array([0.14778712]), array([0.10021624]))","(array([0.08048271]), array([-0.00412022]))","(array([0.09151226]), array([-0.00128742]))","(array([0.10730922]), array([0.00085236]))","(array([0.12532297]), array([0.00197208]))","(array([0.14185835]), array([0.00189868]))","(array([0.15307831]), array([0.00066519]))","(array([0.15653112]), array([-0.00147196]))","(array([0.15211054]), array([-0.00409374]))","(array([0.14197093]), array([-0.00676988]))","(array([0.12939788]), array([-0.00921369]))"
(0.5514244088005745+0j),[-0.05520536],[1.],[0.50549159],[1.],"(array([0.14897696]), array([0.09191253]))","(array([0.09151585]), array([-0.00125838]))","(array([0.10731255]), array([0.00087973]))","(array([0.12532693]), array([0.00199785]))","(array([0.14186435]), array([0.00192282]))","(array([0.15308789]), array([0.00068788]))","(array([0.15654357]), array([-0.00145042]))","(array([0.15212279]), array([-0.00407306]))","(array([0.14198069]), array([-0.00675018]))","(array([0.12940524]), array([-0.00919505]))","(array([0.11739851]), array([-0.01131187]))"
(0.529529604620468+0j),[-0.06277623],[1.],[0.46882148],[1.],"(array([0.1567418]), array([0.08551933]))","(array([0.10731523]), array([0.00091094]))","(array([0.12533014]), array([0.00202725]))","(array([0.1418692]), array([0.00195035]))","(array([0.15309615]), array([0.00071345]))","(array([0.15655623]), array([-0.0014264]))","(array([0.15213772]), array([-0.00405013]))","(array([0.14199443]), array([-0.00672811]))","(array([0.12941606]), array([-0.00917396]))","(array([0.1174069]), array([-0.01129181]))","(array([0.10774648]), array([-0.01311158]))"
(0.4966778232493562+0j),[-0.06929098],[1.],[0.4433634],[1.],"(array([0.17044366]), array([0.0809514]))","(array([0.12533236]), array([0.00206305]))","(array([0.14187278]), array([0.00198408]))","(array([0.15310241]), array([0.00074485]))","(array([0.15656713]), array([-0.00139718]))","(array([0.15215306]), array([-0.00402243]))","(array([0.14201116]), array([-0.00670143]))","(array([0.1294312]), array([-0.00914811]))","(array([0.11741947]), array([-0.01126685]))","(array([0.10775713]), array([-0.01308763]))","(array([0.10085803]), array([-0.01466693]))"
(0.456172806662704+0j),[-0.07440361],[1.],[0.42434349],[1.],"(array([0.18714643]), array([0.07726071]))","(array([0.14187536]), array([0.00202624]))","(array([0.15310724]), array([0.00078456]))","(array([0.15657582]), array([-0.0013601]))","(array([0.15216709]), array([-0.00398749]))","(array([0.14202907]), array([-0.00666795]))","(array([0.1294499]), array([-0.00911566]))","(array([0.11743684]), array([-0.01123527]))","(array([0.10777266]), array([-0.01305695]))","(array([0.10087218]), array([-0.01463731]))","(array([0.09600009]), array([-0.01595443]))"
(0.4111859675528633+0j),[-0.07725744],[1.],[0.40639689],[1.],"(array([0.20243384]), array([0.07329758]))","(array([0.15311165]), array([0.00083246]))","(array([0.15658342]), array([-0.00131486]))","(array([0.1521795]), array([-0.00394478]))","(array([0.14204664]), array([-0.00662725]))","(array([0.12947049]), array([-0.00907644]))","(array([0.11745791]), array([-0.01119718]))","(array([0.10779279]), array([-0.01301983]))","(array([0.100891]), array([-0.01460117]))","(array([0.0960177]), array([-0.01591951]))","(array([0.09196533]), array([-0.0168345]))"
(0.3650274689203424+0j),[-0.07673238],[1.],[0.38621857],[1.],"(array([0.21180259]), array([0.0683668]))","(array([0.15659155]), array([-0.001262]))","(array([0.15219167]), array([-0.00389456]))","(array([0.14206387]), array([-0.00657944]))","(array([0.12949204]), array([-0.00903061]))","(array([0.11748159]), array([-0.01115292]))","(array([0.10781666]), array([-0.01297681]))","(array([0.10091405]), array([-0.01455924]))","(array([0.09603949]), array([-0.01587873]))","(array([0.09198561]), array([-0.01679513]))","(array([0.08778831]), array([-0.01708813]))"
(0.3211099883467459+0j),[-0.0719405],[1.],[0.36436335],[1.],"(array([0.21245841]), array([0.06257141]))","(array([0.15220527]), array([-0.00383783]))","(array([0.14208186]), array([-0.00652533]))","(array([0.1295145]), array([-0.00897888]))","(array([0.11750721]), array([-0.01110315]))","(array([0.10784346]), array([-0.01292862]))","(array([0.10094055]), array([-0.01451234]))","(array([0.09606487]), array([-0.01583308]))","(array([0.09200929]), array([-0.0167509]))","(array([0.08780979]), array([-0.01704551]))","(array([0.08316409]), array([-0.01649169]))"
(0.2825448252021119+0j),[-0.06273893],[1.],[0.34560033],[1.],"(array([0.20449139]), array([0.05690553]))","(array([0.14210129]), array([-0.0064674]))","(array([0.1295378]), array([-0.00892339]))","(array([0.11753373]), array([-0.0110498]))","(array([0.1078717]), array([-0.01287709]))","(array([0.1009689]), array([-0.01446228]))","(array([0.09609227]), array([-0.01578439]))","(array([0.09203496]), array([-0.01670373]))","(array([0.08783306]), array([-0.01700006]))","(array([0.08318441]), array([-0.01644802]))","(array([0.07869225]), array([-0.0149308]))"
(0.2517910528453592+0j),[-0.04996805],[1.],[0.337627],[1.],"(array([0.19081467]), array([0.05297141]))","(array([0.12956107]), array([-0.00886763]))","(array([0.1175597]), array([-0.01099615]))","(array([0.10789927]), array([-0.01282528]))","(array([0.10099676]), array([-0.01441205]))","(array([0.09611937]), array([-0.01573557]))","(array([0.09206047]), array([-0.01665643]))","(array([0.08785621]), array([-0.01695447]))","(array([0.08320457]), array([-0.01640425]))","(array([0.07870906]), array([-0.01488881]))","(array([0.07577477]), array([-0.01248254]))"
(0.2307998728943545+0j),[-0.03529207],[1.],[0.34853393],[1.],"(array([0.17583954]), array([0.05246038]))","(array([0.11758382]), array([-0.01094564]))","(array([0.10792474]), array([-0.01277655]))","(array([0.10102254]), array([-0.01436485]))","(array([0.09614455]), array([-0.01568973]))","(array([0.09208424]), array([-0.016612]))","(array([0.08787783]), array([-0.01691158]))","(array([0.08322343]), array([-0.01636305]))","(array([0.07872479]), array([-0.01484928]))","(array([0.07578729]), array([-0.01244459]))","(array([0.07619661]), array([-0.00942332]))"
(0.22161831118506461+0j),[-0.02080332],[1.],[0.3838057],[1.],"(array([0.16369881]), array([0.05660258]))","(array([0.10794698]), array([-0.01273388]))","(array([0.10104507]), array([-0.01432359]))","(array([0.0961666]), array([-0.01564969]))","(array([0.09210511]), array([-0.01657317]))","(array([0.08789686]), array([-0.01687406]))","(array([0.08324009]), array([-0.01632695]))","(array([0.07873877]), array([-0.01481463]))","(array([0.0757985]), array([-0.01241131]))","(array([0.07620515]), array([-0.00939135]))","(array([0.08150882]), array([-0.00616734]))"
(0.26178680294926765+0j),[-0.01120917],[1.],[0.51493102],[1.],"(array([0.16122175]), array([0.07280231]))","(array([0.10106391]), array([-0.01428998]))","(array([0.09618504]), array([-0.0156172]))","(array([0.0921225]), array([-0.01654171]))","(array([0.08791273]), array([-0.01684361]))","(array([0.08325412]), array([-0.01629755]))","(array([0.07875079]), array([-0.01478629]))","(array([0.07580839]), array([-0.01238405]))","(array([0.07621285]), array([-0.00936523]))","(array([0.08151448]), array([-0.0061424]))","(array([0.10067815]), array([-0.00337144]))"
(0.31634664357519876+0j),[-0.00949242],[1.],[0.6122561],[1.],"(array([0.16624102]), array([0.09432332]))","(array([0.09620077]), array([-0.0155898]))","(array([0.09213736]), array([-0.01651551]))","(array([0.08792612]), array([-0.01681836]))","(array([0.08326588]), array([-0.01627297]))","(array([0.0787609]), array([-0.0147624]))","(array([0.07581678]), array([-0.01236097]))","(array([0.07621949]), array([-0.00934302]))","(array([0.08151946]), array([-0.00612111]))","(array([0.10068201]), array([-0.00335114]))","(array([0.12662373]), array([-0.00214001]))"
(0.37806119950077544+0j),[-0.0144913],[1.],[0.66984096],[1.],"(array([0.17051791]), array([0.10804023]))","(array([0.09215118]), array([-0.01649075]))","(array([0.08793876]), array([-0.01679455]))","(array([0.08327701]), array([-0.01624995]))","(array([0.07877034]), array([-0.01474006]))","(array([0.07582448]), array([-0.01233931]))","(array([0.07622558]), array([-0.00932211]))","(array([0.08152418]), array([-0.00610094]))","(array([0.10068593]), array([-0.00333164]))","(array([0.12662736]), array([-0.00212115]))","(array([0.14420535]), array([-0.00254606]))"
(0.4396199005664349+0j),[-0.02449994],[1.],[0.68710417],[1.],"(array([0.17215632]), array([0.11353894]))","(array([0.08795391]), array([-0.01677039]))","(array([0.08329041]), array([-0.01622673]))","(array([0.07878188]), array([-0.01471767]))","(array([0.0758341]), array([-0.01231748]))","(array([0.07623329]), array([-0.00930082]))","(array([0.08153031]), array([-0.0060804]))","(array([0.10069183]), array([-0.0033118]))","(array([0.12663384]), array([-0.00210161]))","(array([0.14421226]), array([-0.00252673]))","(array([0.15259633]), array([-0.00426949]))"
(0.4947230513990021+0j),[-0.03743067],[1.],[0.66827967],[1.],"(array([0.17003686]), array([0.11163584]))","(array([0.08330633]), array([-0.01620194]))","(array([0.07879604]), array([-0.01469393]))","(array([0.07584623]), array([-0.01229469]))","(array([0.07624323]), array([-0.00927854]))","(array([0.08153812]), array([-0.00605856]))","(array([0.10069879]), array([-0.0032907]))","(array([0.12664138]), array([-0.002081]))","(array([0.14422036]), array([-0.00250588]))","(array([0.15260515]), array([-0.00424841]))","(array([0.1522332]), array([-0.0068786]))"
(0.538830685195866+0j),[-0.05105572],[1.],[0.62105125],[1.],"(array([0.16414768]), array([0.10404688]))","(array([0.07880974]), array([-0.01466717]))","(array([0.07585781]), array([-0.01226872]))","(array([0.07625253]), array([-0.00925348]))","(array([0.0815455]), array([-0.00603449]))","(array([0.10070576]), array([-0.00326814]))","(array([0.12664907]), array([-0.00205977]))","(array([0.14422836]), array([-0.00248493]))","(array([0.15261235]), array([-0.00422712]))","(array([0.15223936]), array([-0.00685708]))","(array([0.14454863]), array([-0.00988352]))"
(0.5694372143833483+0j),[-0.06352313],[1.],[0.55489521],[1.],"(array([0.15569906]), array([0.092864]))","(array([0.07586789]), array([-0.01224029]))","(array([0.0762604]), array([-0.00922612]))","(array([0.08155151]), array([-0.00600831]))","(array([0.10071181]), array([-0.00324357]))","(array([0.12665665]), array([-0.00203681]))","(array([0.14423765]), array([-0.00246306]))","(array([0.15262212]), array([-0.00420575]))","(array([0.15224763]), array([-0.00683597]))","(array([0.14455506]), array([-0.00986287]))","(array([0.13155927]), array([-0.01282369]))"
(0.5859329509364184+0j),[-0.07374858],[1.],[0.47944888],[1.],"(array([0.14691489]), array([0.080081]))","(array([0.07626769]), array([-0.00919724]))","(array([0.08155719]), array([-0.00598084]))","(array([0.10071761]), array([-0.00321768]))","(array([0.12666427]), array([-0.00201254]))","(array([0.1442478]), array([-0.00244026]))","(array([0.15263492]), array([-0.00418413]))","(array([0.15226048]), array([-0.00681501]))","(array([0.14456526]), array([-0.00984263]))","(array([0.13156644]), array([-0.01280437]))","(array([0.11546797]), array([-0.01537277]))"
(0.5892015958608622+0j),[-0.08150711],[1.],[0.40340505],[1.],"(array([0.14050026]), array([0.0672903]))","(array([0.08156255]), array([-0.0059527]))","(array([0.10072337]), array([-0.00319125]))","(array([0.12667227]), array([-0.00198785]))","(array([0.14425854]), array([-0.00241744]))","(array([0.15264958]), array([-0.00416313]))","(array([0.15227775]), array([-0.00679526]))","(array([0.14458096]), array([-0.00982362]))","(array([0.13157734]), array([-0.01278633]))","(array([0.11547393]), array([-0.01535587]))","(array([0.09835163]), array([-0.01739159]))"
(0.5811669558095452+0j),[-0.08720202],[1.],[0.33391642],[1.],"(array([0.13891281]), array([0.05559096]))","(array([0.10072845]), array([-0.00316466]))","(array([0.12668021]), array([-0.00196318]))","(array([0.1442696]), array([-0.00239491]))","(array([0.15266474]), array([-0.00414323]))","(array([0.15229764]), array([-0.00677747]))","(array([0.14460206]), array([-0.00980698]))","(array([0.13159425]), array([-0.01277038]))","(array([0.11548343]), array([-0.01534085]))","(array([0.09835425]), array([-0.01737764]))","(array([0.08197293]), array([-0.01890547]))"
(0.5206838677830731+0j),[-0.09287403],[1.],[0.31862715],[1.],"(array([0.15470356]), array([0.04995403]))","(array([0.12668664]), array([-0.00193893]))","(array([0.14427992]), array([-0.00237306]))","(array([0.15267887]), array([-0.00412435]))","(array([0.15231685]), array([-0.00676162]))","(array([0.14462544]), array([-0.00979307]))","(array([0.13161656]), array([-0.01275731]))","(array([0.11549883]), array([-0.01532816]))","(array([0.09836014]), array([-0.01736544]))","(array([0.08197093]), array([-0.01889391]))","(array([0.07297712]), array([-0.02019639]))"
(0.46465174493513905+0j),[-0.09870105],[1.],[0.30374813],[1.],"(array([0.18012561]), array([0.0476337]))","(array([0.14428462]), array([-0.00235225]))","(array([0.15268563]), array([-0.00410563]))","(array([0.15232644]), array([-0.00674507]))","(array([0.144639]), array([-0.00977814]))","(array([0.13163227]), array([-0.01274332]))","(array([0.11551285]), array([-0.01531463]))","(array([0.09836953]), array([-0.01735209]))","(array([0.08197522]), array([-0.01888061]))","(array([0.07297936]), array([-0.02018362]))","(array([0.06964025]), array([-0.02150184]))"
(0.41262528670326953+0j),[-0.10267577],[1.],[0.28898843],[1.],"(array([0.19702348]), array([0.04381315]))","(array([0.15269054]), array([-0.00408614]))","(array([0.15233212]), array([-0.0067269]))","(array([0.14464637]), array([-0.00976118]))","(array([0.13164168]), array([-0.01272731]))","(array([0.1155231]), array([-0.01529934]))","(array([0.09837907]), array([-0.01733723]))","(array([0.08198317]), array([-0.01886584]))","(array([0.07298641]), array([-0.02016903]))","(array([0.06964718]), array([-0.02148792]))","(array([0.06634035]), array([-0.02260248]))"
(0.3644298844043871+0j),[-0.10342013],[1.],[0.27423652],[1.],"(array([0.20423729]), array([0.03896801]))","(array([0.15233865]), array([-0.00670746]))","(array([0.14465334]), array([-0.00974273]))","(array([0.13164988]), array([-0.01270975]))","(array([0.11553284]), array([-0.01528257]))","(array([0.09838958]), array([-0.01732105]))","(array([0.08199294]), array([-0.01884994]))","(array([0.07299522]), array([-0.02015307]))","(array([0.06965572]), array([-0.02147241]))","(array([0.06634855]), array([-0.02258751]))","(array([0.06304749]), array([-0.02312584]))"
(0.32014849434977444+0j),[-0.10023739],[1.],[0.25957299],[1.],"(array([0.20199926]), array([0.03364448]))","(array([0.14466189]), array([-0.00972292]))","(array([0.13165868]), array([-0.0126907]))","(array([0.11554287]), array([-0.01526409]))","(array([0.09840136]), array([-0.01730313]))","(array([0.0820043]), array([-0.01883225]))","(array([0.07300565]), array([-0.02013516]))","(array([0.06966573]), array([-0.02145498]))","(array([0.06635798]), array([-0.02257057]))","(array([0.06305616]), array([-0.02310952]))","(array([0.05976029]), array([-0.02284194]))"
(0.28004536505919503+0j),[-0.09289572],[1.],[0.24526025],[1.],"(array([0.19167322]), array([0.02842085]))","(array([0.13166871]), array([-0.01267004]))","(array([0.11555325]), array([-0.01524401]))","(array([0.09841308]), array([-0.01728341]))","(array([0.08201591]), array([-0.01881269]))","(array([0.07301681]), array([-0.02011572]))","(array([0.06967644]), array([-0.02143613]))","(array([0.06636804]), array([-0.02255235]))","(array([0.06306532]), array([-0.02309194]))","(array([0.05976836]), array([-0.02282505]))","(array([0.05651981]), array([-0.02165022]))"
(0.24444565255302375+0j),[-0.08146278],[1.],[0.23171376],[1.],"(array([0.17529308]), array([0.02383478]))","(array([0.11556375]), array([-0.01522238]))","(array([0.09842408]), array([-0.01726235]))","(array([0.08202685]), array([-0.01879221]))","(array([0.07302762]), array([-0.02009589]))","(array([0.06968698]), array([-0.02141691]))","(array([0.06637804]), array([-0.02253377]))","(array([0.0630745]), array([-0.02307403]))","(array([0.05977647]), array([-0.02280781]))","(array([0.05652666]), array([-0.02163366]))","(array([0.05340485]), array([-0.01953462]))"
(0.21360527002773416+0j),[-0.06623427],[1.],[0.21940686],[1.],"(array([0.15515087]), array([0.02028026]))","(array([0.09843485]), array([-0.01724075]))","(array([0.08203765]), array([-0.01877135]))","(array([0.07303833]), array([-0.02007581]))","(array([0.06969746]), array([-0.02139748]))","(array([0.06638801]), array([-0.02251497]))","(array([0.06308365]), array([-0.02305586]))","(array([0.05978453]), array([-0.02279029]))","(array([0.05653345]), array([-0.0216168]))","(array([0.05341023]), array([-0.01951843]))","(array([0.05051704]), array([-0.01653669]))"
(0.1875987406934287+0j),[-0.04773977],[1.],[0.20881719],[1.],"(array([0.13346714]), array([0.01794359]))","(array([0.08204813]), array([-0.01875099]))","(array([0.07304877]), array([-0.02005622]))","(array([0.06970767]), array([-0.02137858]))","(array([0.06639768]), array([-0.0224967]))","(array([0.06309249]), array([-0.02303819]))","(array([0.05979231]), array([-0.02277321]))","(array([0.05653997]), array([-0.02160034]))","(array([0.05341536]), array([-0.01950263]))","(array([0.05052074]), array([-0.01652155]))","(array([0.04796405]), array([-0.01274921]))"
(0.1662513456375561+0j),[-0.02680744],[1.],[0.20051394],[1.],"(array([0.11219726]), array([0.01682611]))","(array([0.07305852]), array([-0.0200377]))","(array([0.06971718]), array([-0.02136075]))","(array([0.06640666]), array([-0.02247945]))","(array([0.06310069]), array([-0.02302147]))","(array([0.05979952]), array([-0.02275704]))","(array([0.05654601]), array([-0.02158475]))","(array([0.0534201]), array([-0.01948766]))","(array([0.05052412]), array([-0.01650723]))","(array([0.04796608]), array([-0.01273552]))","(array([0.0458641]), array([-0.00832293]))"
(0.1671158238416816+0j),[-0.00855279],[1.],[0.29131088],[1.],"(array([0.10394715]), array([0.02576652]))","(array([0.06972593]), array([-0.02134406]))","(array([0.0664149]), array([-0.02246332]))","(array([0.06310823]), array([-0.02300584]))","(array([0.05980615]), array([-0.02274191]))","(array([0.05655154]), array([-0.02157015]))","(array([0.05342442]), array([-0.01947363]))","(array([0.05052716]), array([-0.0164938]))","(array([0.04796784]), array([-0.0127227]))","(array([0.04586463]), array([-0.0083107]))","(array([0.05509296]), array([-0.00384889]))"
(0.18524627502238475+0j),[0.00311948],[1.],[0.40339063],[1.],"(array([0.10913579]), array([0.04594167]))","(array([0.06642353]), array([-0.02244704]))","(array([0.06311609]), array([-0.02299008]))","(array([0.05981304]), array([-0.02272663]))","(array([0.05655729]), array([-0.02155535]))","(array([0.05342892]), array([-0.01945934]))","(array([0.05053037]), array([-0.01648007]))","(array([0.0479698]), array([-0.01270957]))","(array([0.04586531]), array([-0.00829814]))","(array([0.05509269]), array([-0.00383696]))","(array([0.07795742]), array([-0.00048782]))"
(0.2233589136253712+0j),[0.00833778],[1.],[0.52181096],[1.],"(array([0.11716902]), array([0.0682609]))","(array([0.06312536]), array([-0.02297214]))","(array([0.0598211]), array([-0.02270942]))","(array([0.05656392]), array([-0.02153858]))","(array([0.05343413]), array([-0.01944313]))","(array([0.05053418]), array([-0.01646462]))","(array([0.04797212]), array([-0.01269487]))","(array([0.04586614]), array([-0.00828409]))","(array([0.05509236]), array([-0.00382368]))","(array([0.07795641]), array([-0.00047542]))","(array([0.10390784]), array([0.00140569]))"
(0.28037581558736696+0j),[0.00766553],[1.],[0.62640113],[1.],"(array([0.12596718]), array([0.08968403]))","(array([0.05982979]), array([-0.02269]))","(array([0.05657117]), array([-0.02151983]))","(array([0.05343984]), array([-0.01942502]))","(array([0.05053825]), array([-0.01644717]))","(array([0.04797451]), array([-0.01267806]))","(array([0.04586691]), array([-0.00826796]))","(array([0.05509193]), array([-0.0038083]))","(array([0.07795524]), array([-0.00046078]))","(array([0.10390625]), array([0.00141961]))","(array([0.12896511]), array([0.00190443]))"
(0.3498925844076792+0j),[0.00219733],[1.],[0.6980985],[1.],"(array([0.13312484]), array([0.10665419]))","(array([0.05657974]), array([-0.02149927]))","(array([0.05344669]), array([-0.01940536]))","(array([0.05054339]), array([-0.01642823]))","(array([0.04797785]), array([-0.0126597]))","(array([0.04586837]), array([-0.00825017]))","(array([0.05509199]), array([-0.00379124]))","(array([0.07795476]), array([-0.00044455]))","(array([0.10390559]), array([0.00143518]))","(array([0.12896478]), array([0.00191947]))","(array([0.14864577]), array([0.00119548]))"
(0.42123276856666+0j),[-0.00653214],[1.],[0.72642966],[1.],"(array([0.13675625]), array([0.11653333]))","(array([0.05345501]), array([-0.01938436]))","(array([0.0505496]), array([-0.01640794]))","(array([0.04798194]), array([-0.01264006]))","(array([0.04587038]), array([-0.00823111]))","(array([0.05509232]), array([-0.00377283]))","(array([0.07795427]), array([-0.00042701]))","(array([0.10390511]), array([0.00145186]))","(array([0.12896496]), array([0.00193568]))","(array([0.14864733]), array([0.00121133]))","(array([0.1596141]), array([-0.00042003]))"
(0.48288895789851743+0j),[-0.0167588],[1.],[0.71351958],[1.],"(array([0.13616406]), array([0.11874491]))","(array([0.05055661]), array([-0.01638602]))","(array([0.0479864]), array([-0.01261858]))","(array([0.04587259]), array([-0.00821037]))","(array([0.05509291]), array([-0.00375291]))","(array([0.07795421]), array([-0.00040845]))","(array([0.10390515]), array([0.00146933]))","(array([0.12896537]), array([0.0019527]))","(array([0.14864823]), array([0.0012284]))","(array([0.15961604]), array([-0.0004029]))","(array([0.1609657]), array([-0.00256411]))"
(0.5263835249449427+0j),[-0.02688801],[1.],[0.67215103],[1.],"(array([0.1320018]), array([0.11497979]))","(array([0.0479903]), array([-0.01259421]))","(array([0.04587371]), array([-0.008187]))","(array([0.05509237]), array([-0.00373086]))","(array([0.0779535]), array([-0.00038813]))","(array([0.10390497]), array([0.00148835]))","(array([0.12896626]), array([0.00197084]))","(array([0.14865014]), array([0.00124596]))","(array([0.15961819]), array([-0.00038568]))","(array([0.16096811]), array([-0.00254731]))","(array([0.15447505]), array([-0.00485504]))"
(0.5482864926198192+0j),[-0.03574672],[1.],[0.61916902],[1.],"(array([0.12581887]), array([0.10826898]))","(array([0.04587472]), array([-0.00816061]))","(array([0.05509159]), array([-0.00370599]))","(array([0.07795224]), array([-0.00036482]))","(array([0.10390413]), array([0.00151033]))","(array([0.12896702]), array([0.00199165]))","(array([0.14865347]), array([0.00126568]))","(array([0.15962336]), array([-0.00036684]))","(array([0.16097347]), array([-0.00252935]))","(array([0.1544802]), array([-0.00483803]))","(array([0.14356923]), array([-0.00697917]))"
(0.5496775870491628+0j),[-0.04266542],[1.],[0.56854401],[1.],"(array([0.11930674]), array([0.10159212]))","(array([0.05509075]), array([-0.0036775]))","(array([0.0779507]), array([-0.00033803]))","(array([0.10390291]), array([0.0015356]))","(array([0.12896744]), array([0.00201539]))","(array([0.14865726]), array([0.00128781]))","(array([0.15963089]), array([-0.00034602]))","(array([0.16098261]), array([-0.0025095]))","(array([0.15448872]), array([-0.00481924]))","(array([0.14357674]), array([-0.00696149]))","(array([0.13174689]), array([-0.00873126]))"
(0.5339017098108914+0j),[-0.04829996],[1.],[0.52783533],[1.],"(array([0.1245468]), array([0.09643402]))","(array([0.07794861]), array([-0.00030707]))","(array([0.10390093]), array([0.00156479]))","(array([0.12896695]), array([0.00204283]))","(array([0.14866013]), array([0.00131315]))","(array([0.15963871]), array([-0.00032261]))","(array([0.16099414]), array([-0.00248735]))","(array([0.15450089]), array([-0.00479804]))","(array([0.14358754]), array([-0.00694138]))","(array([0.13175624]), array([-0.00871227]))","(array([0.12140907]), array([-0.01011491]))"
(0.5048191727214534+0j),[-0.05346331],[1.],[0.49795279],[1.],"(array([0.14450628]), array([0.09240241]))","(array([0.10389721]), array([0.00159983]))","(array([0.12896453]), array([0.00207588]))","(array([0.1486607]), array([0.00134394]))","(array([0.15964449]), array([-0.00029426]))","(array([0.1610055]), array([-0.00246078]))","(array([0.15451524]), array([-0.00477259]))","(array([0.14360192]), array([-0.00691689]))","(array([0.13176924]), array([-0.0086888]))","(array([0.12142081]), array([-0.0100925]))","(array([0.11354611]), array([-0.01130894]))"
(0.4662347856257311+0j),[-0.05770681],[1.],[0.47512655],[1.],"(array([0.1684706]), array([0.08878786]))","(array([0.12895961]), array([0.00211633]))","(array([0.14865856]), array([0.00138199]))","(array([0.15964719]), array([-0.00025892]))","(array([0.16101477]), array([-0.00242778]))","(array([0.1545299]), array([-0.00474112]))","(array([0.14361896]), array([-0.00688647]))","(array([0.13178628]), array([-0.00865932]))","(array([0.12143689]), array([-0.01006396]))","(array([0.11356126]), array([-0.01128146]))","(array([0.10776711]), array([-0.01235529]))"
(0.4217849345519955+0j),[-0.05997129],[1.],[0.45411735],[1.],"(array([0.19175971]), array([0.08479199]))","(array([0.14865453]), array([0.00142754]))","(array([0.15964749]), array([-0.00021609]))","(array([0.1610214]), array([-0.0023877]))","(array([0.15454332]), array([-0.00470314]))","(array([0.14363706]), array([-0.00684994]))","(array([0.13180632]), array([-0.00862388]))","(array([0.12145705]), array([-0.01002947]))","(array([0.11358076]), array([-0.01124791]))","(array([0.10778572]), array([-0.01232287]))","(array([0.10296748]), array([-0.01307977]))"
(0.37518563580876507+0j),[-0.05891412],[1.],[0.43122424],[1.],"(array([0.20916121]), array([0.07986707]))","(array([0.15964704]), array([-0.0001662]))","(array([0.16102668]), array([-0.00234056]))","(array([0.15455555]), array([-0.00465853]))","(array([0.14365542]), array([-0.0068073]))","(array([0.13182842]), array([-0.00858275]))","(array([0.12148057]), array([-0.00998956]))","(array([0.11360423]), array([-0.01120904]))","(array([0.10780836]), array([-0.0122851]))","(array([0.10298882]), array([-0.01304333]))","(array([0.09814678]), array([-0.01321416]))"
(0.3302375859900333+0j),[-0.05348103],[1.],[0.40647494],[1.],"(array([0.21690451]), array([0.07409209]))","(array([0.16103237]), array([-0.00228738]))","(array([0.15456778]), array([-0.00460795]))","(array([0.14367419]), array([-0.00675909]))","(array([0.13185212]), array([-0.00853649]))","(array([0.12150682]), array([-0.00994486]))","(array([0.11363106]), array([-0.01116563]))","(array([0.10783454]), array([-0.0122429]))","(array([0.10301356]), array([-0.0130025]))","(array([0.09816948]), array([-0.01317488]))","(array([0.09289512]), array([-0.01248967]))"
(0.2904340445598992+0j),[-0.04346327],[1.],[0.38427622],[1.],"(array([0.21421313]), array([0.06834826]))","(array([0.15458097]), array([-0.0045537]))","(array([0.14369355]), array([-0.00670723]))","(array([0.13187668]), array([-0.00848678]))","(array([0.12153461]), array([-0.00989699]))","(array([0.11365992]), array([-0.01111923]))","(array([0.10786295]), array([-0.01219782]))","(array([0.10304051]), array([-0.01295889]))","(array([0.09819418]), array([-0.01313294]))","(array([0.092917]), array([-0.01244949]))","(array([0.08771394]), array([-0.0107647]))"
(0.25856156783999573+0j),[-0.029731],[1.],[0.37224184],[1.],"(array([0.20359498]), array([0.06415403]))","(array([0.14371295]), array([-0.00665489]))","(array([0.13190082]), array([-0.00843655]))","(array([0.12156191]), array([-0.00984862]))","(array([0.11368849]), array([-0.01107244]))","(array([0.10789127]), array([-0.01215242]))","(array([0.10306747]), array([-0.01291496]))","(array([0.0982189]), array([-0.01309068]))","(array([0.09293884]), array([-0.01240903]))","(array([0.08773254]), array([-0.010726]))","(array([0.08395823]), array([-0.00811199]))"
(0.23677789985765194+0j),[-0.01403014],[1.],[0.37860051],[1.],"(array([0.18961372]), array([0.06322764]))","(array([0.13192335]), array([-0.00838895]))","(array([0.12158724]), array([-0.0098028]))","(array([0.11371504]), array([-0.01102816]))","(array([0.1079177]), array([-0.01210948]))","(array([0.10309271]), array([-0.01287339]))","(array([0.09824211]), array([-0.01305064]))","(array([0.09295936]), array([-0.01237067]))","(array([0.08775002]), array([-0.01068931]))","(array([0.08397261]), array([-0.00807685]))","(array([0.0834204]), array([-0.00482057]))"
(0.22718673933663636+0j),[0.00144917],[1.],[0.40905394],[1.],"(array([0.17693436]), array([0.06693085]))","(array([0.12160961]), array([-0.00976225]))","(array([0.1137385]), array([-0.010989]))","(array([0.10794109]), array([-0.01207154]))","(array([0.1031151]), array([-0.01283666]))","(array([0.09826274]), array([-0.01301522]))","(array([0.09297767]), array([-0.01233668]))","(array([0.0877657]), array([-0.01065678]))","(array([0.08398559]), array([-0.00804567]))","(array([0.0834308]), array([-0.00479066]))","(array([0.08768958]), array([-0.00132548]))"
(0.26865710684595495+0j),[0.01183439],[1.],[0.53334018],[1.],"(array([0.1729484]), array([0.08253542]))","(array([0.11375843]), array([-0.01095662]))","(array([0.10796096]), array([-0.01204028]))","(array([0.10313406]), array([-0.01280645]))","(array([0.0982802]), array([-0.01298606]))","(array([0.0929933]), array([-0.01230861]))","(array([0.08777931]), array([-0.01062978]))","(array([0.08399709]), array([-0.00801974]))","(array([0.08344014]), array([-0.00476584]))","(array([0.08769692]), array([-0.00130177]))","(array([0.10556664]), array([0.00168682]))"
(0.3234027505415169+0j),[0.01393517],[1.],[0.62423854],[1.],"(array([0.17612679]), array([0.10319766]))","(array([0.10797799]), array([-0.0120137]))","(array([0.10315036]), array([-0.01278106]))","(array([0.09829509]), array([-0.01296165]))","(array([0.09300655]), array([-0.01228492]))","(array([0.0877909]), array([-0.0106068]))","(array([0.08400694]), array([-0.00799756]))","(array([0.08344826]), array([-0.0047445]))","(array([0.08770341]), array([-0.00128128]))","(array([0.10557209]), array([0.00170639]))","(array([0.13001829]), array([0.00306421]))"
(0.38449231339146195+0j),[0.00884978],[1.],[0.67633126],[1.],"(array([0.17878035]), array([0.11601674]))","(array([0.10316559]), array([-0.01275705]))","(array([0.09830917]), array([-0.01293861]))","(array([0.09301911]), array([-0.01226272]))","(array([0.08780175]), array([-0.01058531]))","(array([0.08401604]), array([-0.00797674]))","(array([0.08345576]), array([-0.00472439]))","(array([0.08770956]), array([-0.00126186]))","(array([0.1055775]), array([0.00172522]))","(array([0.13002345]), array([0.00308249]))","(array([0.14625904]), array([0.00269944]))"
(0.4448951553973793+0j),[-0.00169308],[1.],[0.68928772],[1.],"(array([0.17916359]), array([0.12068311]))","(array([0.09832604]), array([-0.01291501]))","(array([0.09303421]), array([-0.01224006]))","(array([0.08781492]), array([-0.01056355]))","(array([0.0840272]), array([-0.00795563]))","(array([0.08346496]), array([-0.00470387]))","(array([0.0877172]), array([-0.00124206]))","(array([0.10558502]), array([0.00174441]))","(array([0.13003162]), array([0.00310147]))","(array([0.14626753]), array([0.00271835]))","(array([0.15354658]), array([0.00090764]))"
(0.4985469984819571+0j),[-0.01552077],[1.],[0.66742529],[1.],"(array([0.17612982]), array([0.11810254]))","(array([0.09305207]), array([-0.01221568]))","(array([0.08783108]), array([-0.01054025]))","(array([0.08404129]), array([-0.00793329]))","(array([0.08347678]), array([-0.00468207]))","(array([0.08772681]), array([-0.00122075]))","(array([0.10559379]), array([0.00176494]))","(array([0.13004093]), array([0.00312156]))","(array([0.1462772]), array([0.0027388]))","(array([0.15355659]), array([0.0009285]))","(array([0.1523554]), array([-0.00186524]))"
(0.5411067044502331+0j),[-0.03029061],[1.],[0.61841716],[1.],"(array([0.16954409]), array([0.11005548]))","(array([0.08784665]), array([-0.01051396]))","(array([0.08405475]), array([-0.00790781]))","(array([0.08348794]), array([-0.00465747]))","(array([0.08773606]), array([-0.00119709]))","(array([0.10560266]), array([0.00178717]))","(array([0.13005046]), array([0.00314249]))","(array([0.14628688]), array([0.0027595]))","(array([0.1535652]), array([0.00094961]))","(array([0.15236262]), array([-0.00184385]))","(array([0.14412546]), array([-0.00510394]))"
(0.5702443922128843+0j),[-0.04402098],[1.],[0.55165041],[1.],"(array([0.16048711]), array([0.09866544]))","(array([0.08406689]), array([-0.00787976]))","(array([0.08349792]), array([-0.00463045]))","(array([0.08774419]), array([-0.00117119]))","(array([0.10561084]), array([0.0018116]))","(array([0.13006009]), array([0.00316541]))","(array([0.14629809]), array([0.00278142]))","(array([0.15357668]), array([0.00097114]))","(array([0.15237228]), array([-0.0018225]))","(array([0.14413295]), array([-0.00508302]))","(array([0.13086214]), array([-0.00831788]))"
(0.585497843404659+0j),[-0.05550902],[1.],[0.4765875],[1.],"(array([0.15109687]), array([0.08592186]))","(array([0.08350744]), array([-0.0046015]))","(array([0.08775211]), array([-0.00114357]))","(array([0.10561892]), array([0.00183773]))","(array([0.13006995]), array([0.00318998]))","(array([0.14631034]), array([0.00280463]))","(array([0.15359135]), array([0.00099333]))","(array([0.15238665]), array([-0.00180088]))","(array([0.14414427]), array([-0.00506206]))","(array([0.13087006]), array([-0.00829784]))","(array([0.11474076]), array([-0.01115158]))"
(0.587856918924944+0j),[-0.06444953],[1.],[0.40167068],[1.],"(array([0.14404393]), array([0.07337656]))","(array([0.08775973]), array([-0.00111483]))","(array([0.10562699]), array([0.00186483]))","(array([0.13008025]), array([0.00321542]))","(array([0.14632324]), array([0.00282832]))","(array([0.15360795]), array([0.00101539]))","(array([0.15240552]), array([-0.00177992]))","(array([0.14416115]), array([-0.00504181]))","(array([0.13088176]), array([-0.0082786]))","(array([0.11474721]), array([-0.01113354]))","(array([0.09779303]), array([-0.01344333]))"
(0.5792948857440682+0j),[-0.07120662],[1.],[0.33375248],[1.],"(array([0.14178298]), array([0.06206114]))","(array([0.10563427]), array([0.00189246]))","(array([0.13009044]), array([0.00324122]))","(array([0.14633641]), array([0.00285208]))","(array([0.153625]), array([0.00103673]))","(array([0.152427]), array([-0.00176047]))","(array([0.14418347]), array([-0.00502343]))","(array([0.13089951]), array([-0.00826097]))","(array([0.11475724]), array([-0.01111695]))","(array([0.09779597]), array([-0.01342794]))","(array([0.08172111]), array([-0.01520614]))"
(0.518521915767614+0j),[-0.07779979],[1.],[0.31884845],[1.],"(array([0.1565872]), array([0.05673373]))","(array([0.13009894]), array([0.0032668]))","(array([0.1463487]), array([0.00287537]))","(array([0.15364089]), array([0.0010572]))","(array([0.15244771]), array([-0.00174275]))","(array([0.144208]), array([-0.00500746]))","(array([0.13092261]), array([-0.00824586]))","(array([0.11477315]), array([-0.01110237]))","(array([0.09780219]), array([-0.01341404]))","(array([0.08171936]), array([-0.01519303]))","(array([0.07295517]), array([-0.01671628]))"
(0.46221756938011394+0j),[-0.08443898],[1.],[0.30404949],[1.],"(array([0.18070713]), array([0.05451193]))","(array([0.14635526]), array([0.00289743]))","(array([0.15364935]), array([0.00107726]))","(array([0.15245878]), array([-0.0017247]))","(array([0.14422275]), array([-0.00499084]))","(array([0.13093917]), array([-0.00823011]))","(array([0.11478773]), array([-0.01108717]))","(array([0.09781195]), array([-0.01339916]))","(array([0.08172389]), array([-0.01517836]))","(array([0.07295763]), array([-0.01670223]))","(array([0.06967107]), array([-0.01821294]))"
(0.40997247741163517+0j),[-0.08918073],[1.],[0.28910919],[1.],"(array([0.19640981]), array([0.05063881]))","(array([0.15365605]), array([0.00109806]))","(array([0.15246603]), array([-0.00170516]))","(array([0.14423142]), array([-0.00497243]))","(array([0.13094956]), array([-0.0082126]))","(array([0.11479868]), array([-0.01107041]))","(array([0.09782194]), array([-0.01338292]))","(array([0.08173209]), array([-0.01516229]))","(array([0.07296486]), array([-0.01668643]))","(array([0.06967821]), array([-0.01819785]))","(array([0.06636105]), array([-0.01948882]))"
(0.36164008027668687+0j),[-0.09069254],[1.],[0.27397729],[1.],"(array([0.20263575]), array([0.04558971]))","(array([0.15247429]), array([-0.00168422]))","(array([0.14423982]), array([-0.00495243]))","(array([0.13095888]), array([-0.00819349]))","(array([0.11480922]), array([-0.01105211]))","(array([0.09783299]), array([-0.01336527]))","(array([0.08174212]), array([-0.01514501]))","(array([0.07297386]), array([-0.01666915]))","(array([0.06968697]), array([-0.01818106]))","(array([0.06636946]), array([-0.01947261]))","(array([0.06300672]), array([-0.02018299]))"
(0.3173184187931078+0j),[-0.08829905],[1.],[0.25879816],[1.],"(array([0.19966927]), array([0.03993305]))","(array([0.14424999]), array([-0.00493096]))","(array([0.13096895]), array([-0.00817275]))","(array([0.11482016]), array([-0.01103198]))","(array([0.09784535]), array([-0.01334576]))","(array([0.08175375]), array([-0.01512581]))","(array([0.07298444]), array([-0.0166498]))","(array([0.06969716]), array([-0.01816225]))","(array([0.06637908]), array([-0.01945433]))","(array([0.06301555]), array([-0.02016535]))","(array([0.05962091]), array([-0.02007309]))"
(0.2772743523684623+0j),[-0.08176789],[1.],[0.24389105],[1.],"(array([0.18888962]), array([0.03428259]))","(array([0.13098033]), array([-0.00815034]))","(array([0.11483152]), array([-0.01101017]))","(array([0.09785766]), array([-0.01332436]))","(array([0.08176557]), array([-0.01510466]))","(array([0.07299571]), array([-0.01662886]))","(array([0.06970802]), array([-0.01814196]))","(array([0.0663893]), array([-0.01943471]))","(array([0.06302485]), array([-0.0201464]))","(array([0.05962906]), array([-0.02005486]))","(array([0.05625803]), array([-0.01906072]))"
(0.24182480413596666+0j),[-0.07115267],[1.],[0.22971563],[1.],"(array([0.17232369]), array([0.02921601]))","(array([0.11484303]), array([-0.01098682]))","(array([0.09786927]), array([-0.01330166]))","(array([0.08177675]), array([-0.01508261]))","(array([0.07300663]), array([-0.01660754]))","(array([0.06971871]), array([-0.01812131]))","(array([0.06639945]), array([-0.01941474]))","(array([0.06303416]), array([-0.02012712]))","(array([0.05963726]), array([-0.02003626]))","(array([0.05626491]), array([-0.01904282]))","(array([0.05300822]), array([-0.01712802]))"
(0.21120886630312263+0j),[-0.0567314],[1.],[0.21677636],[1.],"(array([0.15223757]), array([0.02516562]))","(array([0.09788063]), array([-0.01327843]))","(array([0.08178778]), array([-0.01506022]))","(array([0.07301745]), array([-0.01658602]))","(array([0.06972934]), array([-0.01810049]))","(array([0.06640957]), array([-0.01939458]))","(array([0.06304344]), array([-0.02010761]))","(array([0.05964542]), array([-0.02001742]))","(array([0.05627173]), array([-0.01902466]))","(array([0.05301355]), array([-0.01711055]))","(array([0.04998152]), array([-0.01431287]))"
(0.18547866130746235+0j),[-0.03901841],[1.],[0.20557286],[1.],"(array([0.13080616]), array([0.02234739]))","(array([0.08179847]), array([-0.01503841]))","(array([0.07302797]), array([-0.01656505]))","(array([0.06973967]), array([-0.01808026]))","(array([0.06641937]), array([-0.01937501]))","(array([0.0630524]), array([-0.02008867]))","(array([0.05965328]), array([-0.01999909]))","(array([0.05627827]), array([-0.01900697]))","(array([0.05301864]), array([-0.01709355]))","(array([0.04998509]), array([-0.01429657]))","(array([0.04729138]), array([-0.01070422]))"
(0.16443518153518322+0j),[-0.01882807],[1.],[0.19668706],[1.],"(array([0.10992301]), array([0.02078016]))","(array([0.07303781]), array([-0.01654526]))","(array([0.06974928]), array([-0.0180612]))","(array([0.06642847]), array([-0.01935657]))","(array([0.0630607]), array([-0.02007078]))","(array([0.05966055]), array([-0.01998176]))","(array([0.05628432]), array([-0.01899024]))","(array([0.05302332]), array([-0.01707746]))","(array([0.04998835]), array([-0.01428116]))","(array([0.04729322]), array([-0.01068949]))","(array([0.04505966]), array([-0.00644937]))"
(0.18969850628273446+0j),[-0.00353516],[1.],[0.37977783],[1.],"(array([0.10743878]), array([0.03843325]))","(array([0.06975814]), array([-0.01804337]))","(array([0.06643682]), array([-0.01933933]))","(array([0.06306833]), array([-0.02005406]))","(array([0.05966724]), array([-0.01996555]))","(array([0.05628987]), array([-0.01897458]))","(array([0.05302759]), array([-0.0170624]))","(array([0.04999128]), array([-0.01426673]))","(array([0.0472948]), array([-0.01067571]))","(array([0.04505995]), array([-0.00643622]))","(array([0.06479392]), array([-0.00230395]))"
(0.2387891842705295+0j),[0.00186905],[1.],[0.53048992],[1.],"(array([0.12101468]), array([0.07071151]))","(array([0.0664464]), array([-0.0193222]))","(array([0.06307701]), array([-0.02003779]))","(array([0.05967453]), array([-0.01994959]))","(array([0.05629575]), array([-0.0189588]))","(array([0.05303222]), array([-0.01704708]))","(array([0.04999471]), array([-0.01425218]))","(array([0.04729692]), array([-0.01066191]))","(array([0.04506071]), array([-0.00642306]))","(array([0.06479382]), array([-0.0022918]))","(array([0.10247325]), array([-1.43092889e-05]))"
(0.30290713405082587+0j),[-0.00042226],[1.],[0.63821558],[1.],"(array([0.13193782]), array([0.09471184]))","(array([0.06308606]), array([-0.02001852]))","(array([0.0596824]), array([-0.01993099]))","(array([0.05630229]), array([-0.01894077]))","(array([0.05303733]), array([-0.01702964]))","(array([0.0499983]), array([-0.01423536]))","(array([0.04729895]), array([-0.01064571]))","(array([0.04506122]), array([-0.00640752]))","(array([0.06479335]), array([-0.00227702]))","(array([0.10247245]), array([-3.09391555e-07]))","(array([0.13148442]), array([0.00029878]))"
(0.3730665263132536+0j),[-0.00804629],[1.],[0.69901914],[1.],"(array([0.13894682]), array([0.10967776]))","(array([0.05969166]), array([-0.01991019]))","(array([0.05630993]), array([-0.01892068]))","(array([0.05304332]), array([-0.01701019]))","(array([0.0500026]), array([-0.01421647]))","(array([0.04730155]), array([-0.01062743]))","(array([0.04506221]), array([-0.00638994]))","(array([0.0647935]), array([-0.00226026]))","(array([0.10247251]), array([1.5721367e-05]))","(array([0.13148451]), array([0.00031406]))","(array([0.15023572]), array([-0.00084956]))"
(0.44122327630589925+0j),[-0.01871069],[1.],[0.71481284],[1.],"(array([0.14150823]), array([0.11594068]))","(array([0.05631974]), array([-0.01889985]))","(array([0.05305158]), array([-0.01699031]))","(array([0.0500091]), array([-0.01419725]))","(array([0.04730609]), array([-0.01060858]))","(array([0.04506468]), array([-0.00637135]))","(array([0.06479462]), array([-0.00224201]))","(array([0.10247408]), array([3.31155343e-05]))","(array([0.1314874]), array([0.00033093]))","(array([0.15024056]), array([-0.00083307]))","(array([0.15854583]), array([-0.00292931]))"
(0.5010685782770431+0j),[-0.03043476],[1.],[0.69185377],[1.],"(array([0.13975708]), array([0.11470037]))","(array([0.05306104]), array([-0.01696907]))","(array([0.05001633]), array([-0.01417614]))","(array([0.04731094]), array([-0.01058796]))","(array([0.04506743]), array([-0.00635126]))","(array([0.06479583]), array([-0.00222257]))","(array([0.10247564]), array([5.11583122e-05]))","(array([0.13148982]), array([0.00034867]))","(array([0.15024397]), array([-0.00081499]))","(array([0.1585507]), array([-0.00291106]))","(array([0.15741017]), array([-0.00545679]))"
(0.5483704521050677+0j),[-0.04159425],[1.],[0.63914949],[1.],"(array([0.13431677]), array([0.10771729]))","(array([0.05002308]), array([-0.01415226]))","(array([0.04731472]), array([-0.01056457]))","(array([0.04506861]), array([-0.0063288]))","(array([0.06479614]), array([-0.00220163]))","(array([0.1024771]), array([6.99043037e-05]))","(array([0.13149238]), array([0.00036647]))","(array([0.15024723]), array([-0.00079738]))","(array([0.15855369]), array([-0.00289325]))","(array([0.15741292]), array([-0.00543897]))","(array([0.14859984]), array([-0.00802779]))"
(0.5809798305694849+0j),[-0.05102686],[1.],[0.56686911],[1.],"(array([0.12612584]), array([0.09701482]))","(array([0.04731798]), array([-0.01053839]))","(array([0.04506928]), array([-0.00630387]))","(array([0.06479586]), array([-0.00217823]))","(array([0.10247814]), array([9.151817e-05]))","(array([0.13149522]), array([0.00038679]))","(array([0.15025249]), array([-0.00077818]))","(array([0.15856031]), array([-0.00287477]))","(array([0.15741901]), array([-0.00542116]))","(array([0.148605]), array([-0.00801078]))","(array([0.13431456]), array([-0.01033063]))"
(0.5985573590139087+0j),[-0.05794669],[1.],[0.4849419],[1.],"(array([0.11624848]), array([0.08457871]))","(array([0.04507019]), array([-0.00627587]))","(array([0.06479571]), array([-0.00215182]))","(array([0.10247953]), array([0.00011624]))","(array([0.13149888]), array([0.00040996]))","(array([0.15025954]), array([-0.00075669]))","(array([0.1585709]), array([-0.00285466]))","(array([0.15743052]), array([-0.00540201]))","(array([0.14861455]), array([-0.00799274]))","(array([0.13432156]), array([-0.01031377]))","(array([0.11682867]), array([-0.01214925]))"
(0.6021736087988135+0j),[-0.06192543],[1.],[0.4021851],[1.],"(array([0.10574324]), array([0.0721484]))","(array([0.06479574]), array([-0.00212157]))","(array([0.10248131]), array([0.00014471]))","(array([0.13150342]), array([0.00043665]))","(array([0.15026789]), array([-0.00073253]))","(array([0.15858445]), array([-0.00283289]))","(array([0.15744765]), array([-0.00538167]))","(array([0.14863091]), array([-0.00797336]))","(array([0.13433367]), array([-0.01029559]))","(array([0.11683605]), array([-0.01213234]))","(array([0.09824355]), array([-0.01335046]))"
(0.541971247293909+0j),[-0.06584087],[1.],[0.38322064],[1.],"(array([0.1206629]), array([0.06628152]))","(array([0.10248248]), array([0.00017781]))","(array([0.13150795]), array([0.00046778]))","(array([0.15027665]), array([-0.00070421]))","(array([0.15859895]), array([-0.00280823]))","(array([0.15746816]), array([-0.00535962]))","(array([0.14865357]), array([-0.00795254]))","(array([0.13435293]), array([-0.01027554]))","(array([0.11684842]), array([-0.01211327]))","(array([0.09824913]), array([-0.01333244]))","(array([0.08715276]), array([-0.0142072]))"
(0.4859808448172244+0j),[-0.07076703],[1.],[0.36526303],[1.],"(array([0.15714723]), array([0.06451346]))","(array([0.13150694]), array([0.0005031]))","(array([0.15027826]), array([-0.00067112]))","(array([0.15860482]), array([-0.00277804]))","(array([0.15747991]), array([-0.00533214]))","(array([0.14867003]), array([-0.00792675]))","(array([0.13437065]), array([-0.01025065]))","(array([0.11686417]), array([-0.01208904]))","(array([0.0982615]), array([-0.01330878]))","(array([0.08716344]), array([-0.01418435]))","(array([0.08302598]), array([-0.01519604]))"
(0.4335411823681776+0j),[-0.0742839],[1.],[0.34759716],[1.],"(array([0.18501162]), array([0.06095808]))","(array([0.15027722]), array([-0.00063162]))","(array([0.15860662]), array([-0.00274072]))","(array([0.15748617]), array([-0.00529714]))","(array([0.14868133]), array([-0.00789368]))","(array([0.13438582]), array([-0.01021902]))","(array([0.1168814]), array([-0.01205844]))","(array([0.09827922]), array([-0.01327884]))","(array([0.08718088]), array([-0.01415509]))","(array([0.08304301]), array([-0.01516788]))","(array([0.07908127]), array([-0.01613603]))"
(0.38442371396255104+0j),[-0.07466709],[1.],[0.32974675],[1.],"(array([0.20217836]), array([0.05619991]))","(array([0.1586089]), array([-0.00269645]))","(array([0.15749243]), array([-0.00525507]))","(array([0.14869271]), array([-0.00785374]))","(array([0.13440238]), array([-0.01018087]))","(array([0.11690186]), array([-0.01202169]))","(array([0.09830139]), array([-0.01324306]))","(array([0.08720289]), array([-0.01411996]))","(array([0.08306438]), array([-0.01513385]))","(array([0.07910162]), array([-0.01610319]))","(array([0.0751356]), array([-0.01656138]))"
(0.3387150907920143+0j),[-0.07101739],[1.],[0.31154231],[1.],"(array([0.20818863]), array([0.05086178]))","(array([0.15750037]), array([-0.00520674]))","(array([0.14870559]), array([-0.00780744]))","(array([0.13442095]), array([-0.01013642]))","(array([0.11692584]), array([-0.01197887]))","(array([0.09832787]), array([-0.01320135]))","(array([0.08722938]), array([-0.01407883]))","(array([0.08308996]), array([-0.01509399]))","(array([0.07912581]), array([-0.01606462]))","(array([0.0751579]), array([-0.01652424]))","(array([0.0711327]), array([-0.01618657]))"
(0.29674568038638455+0j),[-0.06303856],[1.],[0.29313594],[1.],"(array([0.20393266]), array([0.04549764]))","(array([0.14872022]), array([-0.00775559]))","(array([0.1344411]), array([-0.01008637]))","(array([0.11695177]), array([-0.01193045]))","(array([0.09835714]), array([-0.01315407]))","(array([0.08725932]), array([-0.01403253]))","(array([0.08311885]), array([-0.0150492]))","(array([0.07915302]), array([-0.01602137]))","(array([0.07518283]), array([-0.0164826]))","(array([0.07115489]), array([-0.01614659]))","(array([0.06707998]), array([-0.0148842]))"
(0.2589651498804347+0j),[-0.05082357],[1.],[0.27496842],[1.],"(array([0.1911976]), array([0.0405857]))","(array([0.13446187]), array([-0.0100326]))","(array([0.11697783]), array([-0.01187844]))","(array([0.09838699]), array([-0.0131036]))","(array([0.0872904]), array([-0.01398369]))","(array([0.08314896]), array([-0.015002]))","(array([0.07918147]), array([-0.0159758]))","(array([0.07520894]), array([-0.01643872]))","(array([0.07117811]), array([-0.01610444]))","(array([0.06709993]), array([-0.01484378]))","(array([0.06305055]), array([-0.01263498]))"
(0.225801353037685+0j),[-0.03473944],[1.],[0.25764942],[1.],"(array([0.17227961]), array([0.03651523]))","(array([0.11700349]), array([-0.01182604]))","(array([0.09841654]), array([-0.01305287]))","(array([0.08732124]), array([-0.01393478]))","(array([0.08317888]), array([-0.01495477]))","(array([0.07920978]), array([-0.01593019]))","(array([0.07523497]), array([-0.01639476]))","(array([0.07120128]), array([-0.01606215]))","(array([0.06711982]), array([-0.01480318]))","(array([0.06306687]), array([-0.01259606]))","(array([0.059165]), array([-0.00948873]))"
(0.19752727446324533+0j),[-0.01540378],[1.],[0.24186522],[1.],"(array([0.14961623]), array([0.03357143]))","(array([0.09844433]), array([-0.0130051]))","(array([0.08735025]), array([-0.01388874]))","(array([0.08320702]), array([-0.01491039]))","(array([0.0792364]), array([-0.01588733]))","(array([0.07525944]), array([-0.01635341]))","(array([0.07122309]), array([-0.01602233]))","(array([0.06713854]), array([-0.0147649]))","(array([0.06308223]), array([-0.01255935]))","(array([0.05917684]), array([-0.00945356]))","(array([0.05556771]), array([-0.00554938]))"
(0.1741611437993966+0j),[0.00623055],[1.],[0.22848231],[1.],"(array([0.12553174]), array([0.03194804]))","(array([0.08737571]), array([-0.01384823]))","(array([0.08323165]), array([-0.01487136]))","(array([0.0792597]), array([-0.01584964]))","(array([0.07528087]), array([-0.01631701]))","(array([0.07124219]), array([-0.01598722]))","(array([0.06715495]), array([-0.01473112]))","(array([0.0630957]), array([-0.01252693]))","(array([0.05918723]), array([-0.00942252]))","(array([0.05557497]), array([-0.00551964]))","(array([0.05242598]), array([-0.00098197]))"
(0.1749040190104528+0j),[0.02491954],[1.],[0.31209502],[1.],"(array([0.1144463]), array([0.04024462]))","(array([0.08325187]), array([-0.01483912]))","(array([0.07927879]), array([-0.01581852]))","(array([0.07529843]), array([-0.01628694]))","(array([0.07125786]), array([-0.01595819]))","(array([0.06716842]), array([-0.01470318]))","(array([0.06310674]), array([-0.01250011]))","(array([0.05919571]), array([-0.00939684]))","(array([0.05558086]), array([-0.00549506]))","(array([0.05242931]), array([-0.0009584]))","(array([0.06034205]), array([0.00360413]))"
(0.19274483720741023+0j),[0.03673442],[1.],[0.41728339],[1.],"(array([0.11804205]), array([0.05947957]))","(array([0.07929512]), array([-0.01579257]))","(array([0.07531345]), array([-0.01626186]))","(array([0.07127124]), array([-0.01593396]))","(array([0.06717991]), array([-0.01467978]))","(array([0.06311616]), array([-0.01247759]))","(array([0.05920302]), array([-0.00937524]))","(array([0.05558604]), array([-0.00547436]))","(array([0.05243231]), array([-0.0009385]))","(array([0.06034346]), array([0.00362318]))","(array([0.08172546]), array([0.00703139]))"
(0.2301851423220819+0j),[0.04170677],[1.],[0.52937415],[1.],"(array([0.12476626]), array([0.0808093]))","(array([0.07532773]), array([-0.01623847]))","(array([0.07128393]), array([-0.01591154]))","(array([0.06719074]), array([-0.01465805]))","(array([0.06312509]), array([-0.01245663]))","(array([0.05921]), array([-0.0093552]))","(array([0.05559097]), array([-0.00545518]))","(array([0.05243518]), array([-0.00092008]))","(array([0.06034477]), array([0.00364077]))","(array([0.08172587]), array([0.00704809]))","(array([0.10636743]), array([0.00892233]))"
(0.286028041868175+0j),[0.04032292],[1.],[0.62849266],[1.],"(array([0.13240625]), array([0.1012586]))","(array([0.07129661]), array([-0.01588851]))","(array([0.06720165]), array([-0.01463589]))","(array([0.06313407]), array([-0.01243529]))","(array([0.05921694]), array([-0.00933464]))","(array([0.05559581]), array([-0.00543537]))","(array([0.05243796]), array([-0.000901]))","(array([0.06034604]), array([0.0036591]))","(array([0.08172628]), array([0.00706569]))","(array([0.10636736]), array([0.00893923]))","(array([0.13027057]), array([0.00931785]))"
(0.3538758395910238+0j),[0.03369279],[1.],[0.69594065],[1.],"(array([0.13853643]), array([0.11736137]))","(array([0.06721423]), array([-0.01461193]))","(array([0.06314454]), array([-0.01241246]))","(array([0.05922529]), array([-0.00931268]))","(array([0.05560191]), array([-0.00541405]))","(array([0.05244169]), array([-0.00088027]))","(array([0.06034805]), array([0.00367915]))","(array([0.08172762]), array([0.00708499]))","(array([0.10636853]), array([0.00895787]))","(array([0.13027218]), array([0.00933597]))","(array([0.14899552]), array([0.00839426]))"
(0.42320794401341316+0j),[0.02344961],[1.],[0.72155508],[1.],"(array([0.14125723]), array([0.12656797]))","(array([0.06315684]), array([-0.01238809]))","(array([0.05923497]), array([-0.00928914]))","(array([0.05560893]), array([-0.00539124]))","(array([0.05244609]), array([-0.0008581]))","(array([0.0603504]), array([0.0037007]))","(array([0.08172902]), array([0.00710576]))","(array([0.10636983]), array([0.00897786]))","(array([0.1302741]), array([0.00935553]))","(array([0.14899885]), array([0.00841348]))","(array([0.1592683]), array([0.00646724]))"
(0.4827790225652432+0j),[0.01152267],[1.],[0.70755137],[1.],"(array([0.13987326]), array([0.12838202]))","(array([0.05924549]), array([-0.0092641]))","(array([0.05561643]), array([-0.00536672]))","(array([0.05245084]), array([-0.00083437]))","(array([0.06035321]), array([0.0037236]))","(array([0.08173108]), array([0.0071273]))","(array([0.10637182]), array([0.00899837]))","(array([0.13027632]), array([0.00937563]))","(array([0.1490014]), array([0.00843367]))","(array([0.15927168]), array([0.00648753]))","(array([0.16025247]), array([0.00394772]))"
(0.5243753320914126+0j),[-0.00033139],[1.],[0.66648641],[1.],"(array([0.13502995]), array([0.12451682]))","(array([0.05562302]), array([-0.00534069]))","(array([0.05245447]), array([-0.00080932]))","(array([0.06035502]), array([0.0037474]))","(array([0.08173259]), array([0.00714956]))","(array([0.10637371]), array([0.00901948]))","(array([0.13027921]), array([0.00939595]))","(array([0.14900531]), array([0.00845343]))","(array([0.15927577]), array([0.00650691]))","(array([0.16025663]), array([0.00396662]))","(array([0.15373409]), array([0.00125623]))"
(0.5447188531221246+0j),[-0.01081371],[1.],[0.61470855],[1.],"(array([0.12825584]), array([0.11795494]))","(array([0.05245781]), array([-0.00078369]))","(array([0.06035663]), array([0.00377173]))","(array([0.08173379]), array([0.00717256]))","(array([0.1063753]), array([0.00904136]))","(array([0.13028232]), array([0.00941686]))","(array([0.14901087]), array([0.00847343]))","(array([0.15928291]), array([0.00652615]))","(array([0.16026354]), array([0.00398505]))","(array([0.15374033]), array([0.00127375]))","(array([0.14307827]), array([-0.00126088]))"
(0.5448865293493761+0j),[-0.01919285],[1.],[0.56562699],[1.],"(array([0.12121691]), array([0.11157251]))","(array([0.06035812]), array([0.00379622]))","(array([0.08173488]), array([0.00719573]))","(array([0.10637686]), array([0.00906335]))","(array([0.1302855]), array([0.00943762]))","(array([0.14901718]), array([0.00849292]))","(array([0.15929246]), array([0.00654463]))","(array([0.16027396]), array([0.00400278]))","(array([0.1537493]), array([0.00129055]))","(array([0.1430855]), array([-0.00124508]))","(array([0.13166829]), array([-0.00337867]))"
(0.5280992241205075+0j),[-0.02612567],[1.],[0.52628402],[1.],"(array([0.12566109]), array([0.10673974]))","(array([0.08173562]), array([0.00721838]))","(array([0.10637808]), array([0.00908479]))","(array([0.1302882]), array([0.00945782]))","(array([0.14902284]), array([0.00851152]))","(array([0.15930229]), array([0.0065618]))","(array([0.16028637]), array([0.00401909]))","(array([0.15376109]), array([0.00130621]))","(array([0.14309478]), array([-0.00123028]))","(array([0.13167527]), array([-0.00336479]))","(array([0.12179192]), array([-0.00509588]))"
(0.4981421242744957+0j),[-0.03245443],[1.],[0.49728749],[1.],"(array([0.14454674]), array([0.10286397]))","(array([0.10637828]), array([0.00910627]))","(array([0.13028971]), array([0.00947809]))","(array([0.14902672]), array([0.00853025]))","(array([0.15931016]), array([0.00657883]))","(array([0.16029816]), array([0.00403498]))","(array([0.15377404]), array([0.00132152]))","(array([0.14310609]), array([-0.0012155]))","(array([0.13168396]), array([-0.00335067]))","(array([0.12179859]), array([-0.0050825]))","(array([0.11422648]), array([-0.00658622]))"
(0.45881285102483316+0j),[-0.03776999],[1.],[0.47470821],[1.],"(array([0.16748555]), array([0.09917986]))","(array([0.13028975]), array([0.00949981]))","(array([0.14902864]), array([0.00855057]))","(array([0.15931519]), array([0.00659738]))","(array([0.16030745]), array([0.0040521]))","(array([0.15378623]), array([0.00133789]))","(array([0.14311843]), array([-0.00119951]))","(array([0.13169462]), array([-0.00333504]))","(array([0.12180726]), array([-0.0050673]))","(array([0.11423377]), array([-0.00657163]))","(array([0.10854778]), array([-0.00789669]))"
(0.41374442709263737+0j),[-0.04105169],[1.],[0.45325075],[1.],"(array([0.18982115]), array([0.09490441]))","(array([0.1490295]), array([0.00857304]))","(array([0.15931815]), array([0.00661826]))","(array([0.16031377]), array([0.00407132]))","(array([0.15379619]), array([0.00135603]))","(array([0.14313026]), array([-0.00118191]))","(array([0.1317063]), array([-0.00331772]))","(array([0.1218178]), array([-0.00505024]))","(array([0.11424311]), array([-0.00655492]))","(array([0.10855624]), array([-0.00788055]))","(array([0.10371467]), array([-0.0088673]))"
(0.3667108933020717+0j),[-0.04098798],[1.],[0.42933818],[1.],"(array([0.20637452]), array([0.08946173]))","(array([0.1593208]), array([0.00664151]))","(array([0.16031857]), array([0.00409307]))","(array([0.15380413]), array([0.00137646]))","(array([0.14314096]), array([-0.00116233]))","(array([0.13171821]), array([-0.00329866]))","(array([0.12182961]), array([-0.00503152]))","(array([0.11425425]), array([-0.00653652]))","(array([0.1085666]), array([-0.00786257]))","(array([0.10372429]), array([-0.00884993]))","(array([0.09870852]), array([-0.0092327]))"
(0.3215795018633467+0j),[-0.03654291],[1.],[0.40329014],[1.],"(array([0.21344981]), array([0.08297412]))","(array([0.16032374]), array([0.00411695]))","(array([0.15381143]), array([0.00139908]))","(array([0.14315088]), array([-0.00114077]))","(array([0.13173014]), array([-0.00327788]))","(array([0.12184231]), array([-0.00501131]))","(array([0.1142668]), array([-0.00651674]))","(array([0.10857858]), array([-0.00784323]))","(array([0.10373549]), array([-0.00883115]))","(array([0.09871878]), array([-0.00921458]))","(array([0.09315226]), array([-0.00872491]))"
(0.281862570593345+0j),[-0.02751377],[1.],[0.37990557],[1.],"(array([0.2103724]), array([0.07642242]))","(array([0.15381939]), array([0.00142315]))","(array([0.14316079]), array([-0.00111771]))","(array([0.13174201]), array([-0.00325569]))","(array([0.12185544]), array([-0.00498986]))","(array([0.11428015]), array([-0.00649587]))","(array([0.10859154]), array([-0.00782287]))","(array([0.10374772]), array([-0.00881139]))","(array([0.09872997]), array([-0.00919555]))","(array([0.09316218]), array([-0.00870664]))","(array([0.0876217]), array([-0.00720213]))"
(0.2502984028124448+0j),[-0.01476728],[1.],[0.36716631],[1.],"(array([0.19971051]), array([0.07144669]))","(array([0.14317086]), array([-0.00109405]))","(array([0.13175362]), array([-0.00323287]))","(array([0.12186816]), array([-0.00496781]))","(array([0.11429322]), array([-0.0064745]))","(array([0.10860434]), array([-0.00780209]))","(array([0.10375985]), array([-0.00879127]))","(array([0.09874108]), array([-0.00917616]))","(array([0.09317199]), array([-0.00868806]))","(array([0.08763003]), array([-0.00718434]))","(array([0.08356494]), array([-0.00473921]))"
(0.22895876235564952+0j),[-3.61467394e-05],[1.],[0.37352265],[1.],"(array([0.18601443]), array([0.06986202]))","(array([0.13176473]), array([-0.00321039]))","(array([0.12188018]), array([-0.00494611]))","(array([0.11430557]), array([-0.0064535]))","(array([0.1086165]), array([-0.00778172]))","(array([0.10377142]), array([-0.00877151]))","(array([0.09875171]), array([-0.0091571]))","(array([0.09318137]), array([-0.00866977]))","(array([0.08763797]), array([-0.00716682]))","(array([0.08357141]), array([-0.00472243]))","(array([0.08284852]), array([-0.00163054]))"
(0.21986990078229096+0j),[0.01451467],[1.],[0.40469832],[1.],"(array([0.17386088]), array([0.07307412]))","(array([0.12189158]), array([-0.00492545]))","(array([0.1143173]), array([-0.00643356]))","(array([0.10862808]), array([-0.00776238]))","(array([0.10378247]), array([-0.00875274]))","(array([0.09876188]), array([-0.00913897]))","(array([0.09319038]), array([-0.00865233]))","(array([0.08764566]), array([-0.0071501]))","(array([0.08357772]), array([-0.00470639]))","(array([0.08285347]), array([-0.00161517]))","(array([0.08709025]), array([0.00168338]))"
(0.22548930725457894+0j),[0.02672696],[1.],[0.46081297],[1.],"(array([0.16630504]), array([0.08143134]))","(array([0.11432884]), array([-0.00641481]))","(array([0.10863951]), array([-0.0077443]))","(array([0.10379332]), array([-0.00873525]))","(array([0.09877185]), array([-0.00912201]))","(array([0.09319931]), array([-0.00863594]))","(array([0.08765345]), array([-0.0071343]))","(array([0.08358429]), array([-0.00469123]))","(array([0.08285875]), array([-0.00160069]))","(array([0.0870943]), array([0.00169716]))","(array([0.09697322]), array([0.00471427]))"
(0.24825164145050435+0j),[0.03478365],[1.],[0.53454357],[1.],"(array([0.164115]), array([0.09384171]))","(array([0.10865048]), array([-0.00772674]))","(array([0.10380375]), array([-0.00871847]))","(array([0.09878132]), array([-0.00910581]))","(array([0.09320772]), array([-0.00862014]))","(array([0.08766082]), array([-0.00711895]))","(array([0.08359052]), array([-0.00467642]))","(array([0.08286381]), array([-0.0015865]))","(array([0.0870982]), array([0.00171069]))","(array([0.09697611]), array([0.00472714]))","(array([0.11169866]), array([0.00701176]))"
(0.2889419914214327+0j),[0.03742117],[1.],[0.61141556],[1.],"(array([0.16593213]), array([0.10793481]))","(array([0.10381382]), array([-0.00870152]))","(array([0.09879059]), array([-0.00908955]))","(array([0.09321595]), array([-0.00860439]))","(array([0.08766789]), array([-0.00710366]))","(array([0.0835964]), array([-0.00466163]))","(array([0.08286855]), array([-0.00157223]))","(array([0.0871019]), array([0.00172443]))","(array([0.09697888]), array([0.00474037]))","(array([0.1117007]), array([0.0070245]))","(array([0.12878978]), array([0.00822346]))"
(0.3446885092205234+0j),[0.0342121],[1.],[0.67336995],[1.],"(array([0.16901595]), array([0.12053604]))","(array([0.09880068]), array([-0.00907248]))","(array([0.09322494]), array([-0.00858802]))","(array([0.08767567]), array([-0.00708784]))","(array([0.08360292]), array([-0.00464628]))","(array([0.08287384]), array([-0.00155736]))","(array([0.08710617]), array([0.00173875]))","(array([0.09698237]), array([0.0047542]))","(array([0.11170358]), array([0.0070379]))","(array([0.12879228]), array([0.00823646]))","(array([0.14450996]), array([0.00815299]))"
(0.40815790058842727+0j),[0.02578641],[1.],[0.7051246],[1.],"(array([0.1704049]), array([0.1285895]))","(array([0.09323575]), array([-0.00857043]))","(array([0.08768502]), array([-0.00707104]))","(array([0.08361088]), array([-0.00463012]))","(array([0.08288043]), array([-0.00154165]))","(array([0.08711148]), array([0.00175402]))","(array([0.09698677]), array([0.00476892]))","(array([0.11170762]), array([0.00705211]))","(array([0.12879625]), array([0.00825037]))","(array([0.14451416]), array([0.00816673]))","(array([0.15501043]), array([0.00682172]))"
(0.46910310696849206+0j),[0.01380443],[1.],[0.7004488],[1.],"(array([0.16826575]), array([0.13037021]))","(array([0.08769599]), array([-0.00705262]))","(array([0.0836203]), array([-0.00461243]))","(array([0.08288824]), array([-0.00152456]))","(array([0.08711773]), array([0.00177062]))","(array([0.09699193]), array([0.00478483]))","(array([0.11171244]), array([0.00706729]))","(array([0.12880105]), array([0.00826521]))","(array([0.14451894]), array([0.00818168]))","(array([0.1550154]), array([0.0068369]))","(array([0.15783408]), array([0.00449528]))"
(0.517715986794109+0j),[0.00044363],[1.],[0.66449465],[1.],"(array([0.16275907]), array([0.12619276]))","(array([0.08362951]), array([-0.00459214]))","(array([0.08289576]), array([-0.001505]))","(array([0.08712385]), array([0.00178932]))","(array([0.09699727]), array([0.00480244]))","(array([0.11171778]), array([0.00708378]))","(array([0.12880684]), array([0.00828093]))","(array([0.14452487]), array([0.00819712]))","(array([0.15502056]), array([0.00685247]))","(array([0.15783834]), array([0.00451093]))","(array([0.15291902]), array([0.00161805]))"
(0.5477584279119132+0j),[-0.01244207],[1.],[0.61061301],[1.],"(array([0.15602948]), array([0.11811954]))","(array([0.08290281]), array([-0.00148286]))","(array([0.08712949]), array([0.00181041]))","(array([0.09700213]), array([0.00482243]))","(array([0.11172276]), array([0.00710262]))","(array([0.12881288]), array([0.00829874]))","(array([0.14453245]), array([0.00821421]))","(array([0.1550286]), array([0.00686914]))","(array([0.1578451]), array([0.00452728]))","(array([0.15292421]), array([0.00163391]))","(array([0.14246383]), array([-0.00134578]))"
(0.5576603813344209+0j),[-0.02389306],[1.],[0.55384765],[1.],"(array([0.15131948]), array([0.10887137]))","(array([0.0871351]), array([0.00183419]))","(array([0.09700704]), array([0.00484487]))","(array([0.11172764]), array([0.00712384]))","(array([0.1288187]), array([0.00831877]))","(array([0.14454054]), array([0.00823321]))","(array([0.1550391]), array([0.00688733]))","(array([0.15785586]), array([0.0045449]))","(array([0.15293288]), array([0.00165086]))","(array([0.14247018]), array([-0.00132965]))","(array([0.12976822]), array([-0.00407825]))"
(0.5494286483806519+0j),[-0.03379796],[1.],[0.50519967],[1.],"(array([0.15163552]), array([0.10063724]))","(array([0.09701174]), array([0.00487]))","(array([0.11173238]), array([0.00714753]))","(array([0.12882425]), array([0.00834111]))","(array([0.14454817]), array([0.00825419]))","(array([0.1550502]), array([0.00690716]))","(array([0.1578695]), array([0.00456385]))","(array([0.1529458]), array([0.00166912]))","(array([0.14248002]), array([-0.00131228]))","(array([0.12977516]), array([-0.00406186]))","(array([0.11780418]), array([-0.0064651]))"
(0.5266595447271228+0j),[-0.04240931],[1.],[0.46909523],[1.],"(array([0.15854075]), array([0.09440133]))","(array([0.11173648]), array([0.007174]))","(array([0.12882912]), array([0.00836608]))","(array([0.14455472]), array([0.00827757]))","(array([0.15506]), array([0.00692894]))","(array([0.15788335]), array([0.00458442]))","(array([0.15296136]), array([0.00168884]))","(array([0.14249372]), array([-0.00129327]))","(array([0.12978532]), array([-0.00404372]))","(array([0.11781148]), array([-0.0064479]))","(array([0.10828663]), array([-0.00852954]))"
(0.4930292890752402+0j),[-0.0498601],[1.],[0.44402675],[1.],"(array([0.17142185]), array([0.08993333]))","(array([0.12883297]), array([0.00839412]))","(array([0.14455999]), array([0.00830396]))","(array([0.1550677]), array([0.00695342]))","(array([0.15789512]), array([0.00460719]))","(array([0.15297678]), array([0.00171051]))","(array([0.14250964]), array([-0.00127232]))","(array([0.12979884]), array([-0.00402338]))","(array([0.11782185]), array([-0.00642827]))","(array([0.10829472]), array([-0.00851074]))","(array([0.10149759]), array([-0.01032038]))"
(0.4518314712491551+0j),[-0.05584139],[1.],[0.42502542],[1.],"(array([0.18740084]), array([0.08622161]))","(array([0.14456425]), array([0.00833381]))","(array([0.15507378]), array([0.0069814]))","(array([0.1579042]), array([0.00463316]))","(array([0.15299002]), array([0.00173495]))","(array([0.14252551]), array([-0.00124881]))","(array([0.12981439]), array([-0.00400049]))","(array([0.11783525]), array([-0.0064059]))","(array([0.10830584]), array([-0.00848896]))","(array([0.10150714]), array([-0.01029938]))","(array([0.09666494]), array([-0.01182038]))"
(0.40623360691486754+0j),[-0.05952546],[1.],[0.40663034],[1.],"(array([0.20202766]), array([0.08209079]))","(array([0.15507941]), array([0.00701321]))","(array([0.15791183]), array([0.00466303]))","(array([0.15300092]), array([0.00176305]))","(array([0.14253993]), array([-0.001222]))","(array([0.12983042]), array([-0.00397454]))","(array([0.11785075]), array([-0.00638057]))","(array([0.10831983]), array([-0.00846416]))","(array([0.10151965]), array([-0.01027517]))","(array([0.09667633]), array([-0.01179698]))","(array([0.09258424]), array([-0.01290145]))"
(0.3595996158908039+0j),[-0.05981447],[1.],[0.38558478],[1.],"(array([0.21076252]), array([0.07680286]))","(array([0.15791985]), array([0.00469696]))","(array([0.15301107]), array([0.00179519]))","(array([0.14255315]), array([-0.00119142]))","(array([0.12984625]), array([-0.00394517]))","(array([0.11786749]), array([-0.00635209]))","(array([0.1083361]), array([-0.00843636]))","(array([0.10153488]), array([-0.01024796]))","(array([0.09669045]), array([-0.01177045]))","(array([0.09259726]), array([-0.01287581]))","(array([0.0882542]), array([-0.01334479]))"
(0.3154096671646367+0j),[-0.05583706],[1.],[0.36263311],[1.],"(array([0.2108077]), array([0.07047964]))","(array([0.15302236]), array([0.00183109]))","(array([0.14256653]), array([-0.00115719]))","(array([0.1298621]), array([-0.00391241]))","(array([0.11788509]), array([-0.00632052]))","(array([0.10835409]), array([-0.00840569]))","(array([0.10155232]), array([-0.01021801]))","(array([0.09670693]), array([-0.01174122]))","(array([0.09261255]), array([-0.01284742]))","(array([0.08826806]), array([-0.01331738]))","(array([0.08338179]), array([-0.01292654]))"
(0.27680348204753946+0j),[-0.0474612],[1.],[0.34282601],[1.],"(array([0.20232679]), array([0.06418783]))","(array([0.14258122]), array([-0.00112025]))","(array([0.12987855]), array([-0.00387697]))","(array([0.11790319]), array([-0.00628637]))","(array([0.10837301]), array([-0.00837265]))","(array([0.10157104]), array([-0.01018584]))","(array([0.09672486]), array([-0.01170985]))","(array([0.09262929]), array([-0.01281698]))","(array([0.08828322]), array([-0.013288]))","(array([0.08339503]), array([-0.01289826]))","(array([0.0786189]), array([-0.01153307]))"
(0.24620649221758298+0j),[-0.03553117],[1.],[0.33413142],[1.],"(array([0.18831827]), array([0.05962588]))","(array([0.12989544]), array([-0.00384028]))","(array([0.11792129]), array([-0.00625099]))","(array([0.10839178]), array([-0.00833841]))","(array([0.10158971]), array([-0.01015261]))","(array([0.09674288]), array([-0.01167752]))","(array([0.0926462]), array([-0.0127856]))","(array([0.08829856]), array([-0.01325771]))","(array([0.08340839]), array([-0.01286915]))","(array([0.07863003]), array([-0.0115051]))","(array([0.07543827]), array([-0.00924522]))"
(0.2254952155243206+0j),[-0.02170579],[1.],[0.34479926],[1.],"(array([0.17324298]), array([0.05856122]))","(array([0.11793882]), array([-0.00621601]))","(array([0.10840984]), array([-0.00830463]))","(array([0.10160771]), array([-0.01011987]))","(array([0.09676032]), array([-0.01164568]))","(array([0.09266262]), array([-0.01275469]))","(array([0.08831349]), array([-0.01322783]))","(array([0.08342141]), array([-0.01284039]))","(array([0.07864085]), array([-0.01147748]))","(array([0.07544684]), array([-0.00921868]))","(array([0.0756775]), array([-0.00634482]))"
(0.21663657451778134+0j),[-0.00805663],[1.],[0.38032416],[1.],"(array([0.16121973]), array([0.06225464]))","(array([0.10842694]), array([-0.00827251]))","(array([0.10162479]), array([-0.0100888]))","(array([0.0967769]), array([-0.01161551]))","(array([0.09267827]), array([-0.01272538]))","(array([0.08832775]), array([-0.01319946]))","(array([0.08343388]), array([-0.01281304]))","(array([0.0786513]), array([-0.01145118]))","(array([0.07545517]), array([-0.0091934]))","(array([0.07568376]), array([-0.00632053]))","(array([0.08090237]), array([-0.00325015]))"
(0.2221572373189323+0j),[0.00337281],[1.],[0.44068413],[1.],"(array([0.15468474]), array([0.07100628]))","(array([0.10164125]), array([-0.0100597]))","(array([0.0967929]), array([-0.01158736]))","(array([0.09269332]), array([-0.01269809]))","(array([0.08834147]), array([-0.01317298]))","(array([0.08344601]), array([-0.01278741]))","(array([0.07866167]), array([-0.01142644]))","(array([0.07546366]), array([-0.00916958]))","(array([0.0756903]), array([-0.00629772]))","(array([0.08090707]), array([-0.00322839]))","(array([0.09175378]), array([-0.00042268]))"
(0.24465919920260026+0j),[0.01088562],[1.],[0.51852268],[1.],"(array([0.15387668]), array([0.08384882]))","(array([0.09680824]), array([-0.01156024]))","(array([0.09270773]), array([-0.01267206]))","(array([0.08835445]), array([-0.01314781]))","(array([0.08345742]), array([-0.0127629]))","(array([0.07867146]), array([-0.01140262]))","(array([0.07547172]), array([-0.00914657]))","(array([0.07569657]), array([-0.00627561]))","(array([0.0809116]), array([-0.00320726]))","(array([0.09175681]), array([-0.00040257]))","(array([0.10741476]), array([0.00171578]))"
(0.28513265112779296+0j),[0.01330654],[1.],[0.59936244],[1.],"(array([0.15706757]), array([0.09848753]))","(array([0.09272164]), array([-0.01264612]))","(array([0.08836714]), array([-0.01312283]))","(array([0.08346856]), array([-0.01273869]))","(array([0.07868088]), array([-0.0113791]))","(array([0.07547934]), array([-0.0091238]))","(array([0.07570245]), array([-0.00625363]))","(array([0.08091589]), array([-0.00318611]))","(array([0.09175971]), array([-0.00038223]))","(array([0.1074166]), array([0.00173529]))","(array([0.12540664]), array([0.00283686]))"
(0.34088660312795543+0j),[0.01025699],[1.],[0.66506879],[1.],"(array([0.16133427]), array([0.11171472]))","(array([0.08838062]), array([-0.01309696]))","(array([0.08348045]), array([-0.01271376]))","(array([0.07869099]), array([-0.01135497]))","(array([0.07548757]), array([-0.00910037]))","(array([0.07570884]), array([-0.00623094]))","(array([0.08092072]), array([-0.00316425]))","(array([0.0917633]), array([-0.00036119]))","(array([0.10741925]), array([0.0017556]))","(array([0.12540874]), array([0.00285644]))","(array([0.14198175]), array([0.00275978]))"
(0.4046959944226985+0j),[0.0023666],[1.],[0.7001721],[1.],"(array([0.16371342]), array([0.12040594]))","(array([0.08349416]), array([-0.01268727]))","(array([0.07870264]), array([-0.01132952]))","(array([0.07549721]), array([-0.0090758]))","(array([0.07571652]), array([-0.00620708]))","(array([0.08092655]), array([-0.00314111]))","(array([0.09176774]), array([-0.00033888]))","(array([0.10742298]), array([0.00177707]))","(array([0.12541224]), array([0.00287728]))","(array([0.14198555]), array([0.00278011]))","(array([0.15326255]), array([0.00151156]))"
(0.46631874803644213+0j),[-0.00876026],[1.],[0.69819499],[1.],"(array([0.16244226]), array([0.12275438]))","(array([0.07871597]), array([-0.0113022]))","(array([0.07550829]), array([-0.00904947]))","(array([0.07572532]), array([-0.0061816]))","(array([0.08093322]), array([-0.00311639]))","(array([0.09177282]), array([-0.00031513]))","(array([0.10742736]), array([0.00179978]))","(array([0.12541646]), array([0.00289932]))","(array([0.14198988]), array([0.00280191]))","(array([0.15326745]), array([0.00153323]))","(array([0.15675266]), array([-0.00064942]))"
(0.5158514236236923+0j),[-0.02105074],[1.],[0.66409072],[1.],"(array([0.1577571]), array([0.11900405]))","(array([0.0755191]), array([-0.00902059]))","(array([0.07573378]), array([-0.00615377]))","(array([0.08093967]), array([-0.00308973]))","(array([0.091778]), array([-0.00028987]))","(array([0.1074322]), array([0.0018236]))","(array([0.12542158]), array([0.00292207]))","(array([0.14199521]), array([0.00282407]))","(array([0.15327234]), array([0.0015552]))","(array([0.15675717]), array([-0.00062766]))","(array([0.15235316]), array([-0.00329911]))"
(0.5468974101896981+0j),[-0.03278484],[1.],[0.61116169],[1.],"(array([0.15184488]), array([0.11118113]))","(array([0.07574145]), array([-0.00612409]))","(array([0.08094538]), array([-0.00306143]))","(array([0.09178246]), array([-0.00026299]))","(array([0.10743647]), array([0.00184902]))","(array([0.12542675]), array([0.00294618]))","(array([0.14200198]), array([0.00284714]))","(array([0.15327988]), array([0.00157756]))","(array([0.15676395]), array([-0.00060589]))","(array([0.15235896]), array([-0.00327808]))","(array([0.14224505]), array([-0.00600357]))"
(0.5577317107273876+0j),[-0.04311115],[1.],[0.55459634],[1.],"(array([0.14794543]), array([0.10200329]))","(array([0.08095072]), array([-0.00303179]))","(array([0.09178669]), array([-0.00023497]))","(array([0.10744041]), array([0.00187555]))","(array([0.12543151]), array([0.00297126]))","(array([0.14200903]), array([0.0028709]))","(array([0.15328961]), array([0.00160022]))","(array([0.1567744]), array([-0.00058404]))","(array([0.1523679]), array([-0.00325709]))","(array([0.14225222]), array([-0.00598358]))","(array([0.12972759]), array([-0.00847461]))"
(0.5502715145150315+0j),[-0.05197744],[1.],[0.50568005],[1.],"(array([0.14904721]), array([0.09370102]))","(array([0.09179046]), array([-0.00020588]))","(array([0.10744399]), array([0.00190298]))","(array([0.12543579]), array([0.00299713]))","(array([0.14201544]), array([0.00289518]))","(array([0.15329968]), array([0.00162307]))","(array([0.15678738]), array([-0.00056231]))","(array([0.15238066]), array([-0.00323621]))","(array([0.1422624]), array([-0.00596368]))","(array([0.12973528]), array([-0.00845578]))","(array([0.11780591]), array([-0.01061729]))"
(0.5281050051790348+0j),[-0.05965482],[1.],[0.46915127],[1.],"(array([0.15670732]), array([0.08733239]))","(array([0.10744673]), array([0.00193167]))","(array([0.12543924]), array([0.00302414]))","(array([0.1420206]), array([0.00292045]))","(array([0.15330824]), array([0.0016465]))","(array([0.15680026]), array([-0.00054034]))","(array([0.15239564]), array([-0.00321523]))","(array([0.14227595]), array([-0.00594347]))","(array([0.12974566]), array([-0.00843647]))","(array([0.11781369]), array([-0.01059894]))","(array([0.1082531]), array([-0.01246244]))"
(0.49494648979415135+0j),[-0.06626714],[1.],[0.44375016],[1.],"(array([0.17032434]), array([0.08274819]))","(array([0.12544149]), array([0.00305301]))","(array([0.14202431]), array([0.00294752]))","(array([0.15331449]), array([0.00167151]))","(array([0.1568108]), array([-0.00051726]))","(array([0.15241014]), array([-0.00319343]))","(array([0.1422913]), array([-0.00592244]))","(array([0.12975893]), array([-0.00841603]))","(array([0.11782403]), array([-0.01057919]))","(array([0.10826131]), array([-0.0124435]))","(array([0.10141125]), array([-0.01405829]))"
(0.45413031645892565+0j),[-0.07147974],[1.],[0.4246605],[1.],"(array([0.18703548]), array([0.07900155]))","(array([0.14202681]), array([0.00297713]))","(array([0.15331891]), array([0.00169913]))","(array([0.15681838]), array([-0.00049181]))","(array([0.15242213]), array([-0.00316966]))","(array([0.14230623]), array([-0.00589966]))","(array([0.12977383]), array([-0.00839385]))","(array([0.11783701]), array([-0.01055748]))","(array([0.10827215]), array([-0.01242233]))","(array([0.10142061]), array([-0.01403787]))","(array([0.09655187]), array([-0.01538206]))"
(0.40883735095559126+0j),[-0.0744303],[1.],[0.40647926],[1.],"(array([0.20238665]), array([0.07495949]))","(array([0.15332261]), array([0.00172984]))","(array([0.15682424]), array([-0.00046314]))","(array([0.15243146]), array([-0.00314287]))","(array([0.14231936]), array([-0.00587423]))","(array([0.12978885]), array([-0.00836926]))","(array([0.11785173]), array([-0.01053345]))","(array([0.10828552]), array([-0.01239876]))","(array([0.10143259]), array([-0.01401483]))","(array([0.0965628]), array([-0.0153598]))","(array([0.09249747]), array([-0.01629831]))"
(0.3624155304666076+0j),[-0.07398785],[1.],[0.38591978],[1.],"(array([0.2118069]), array([0.06990048]))","(array([0.15683015]), array([-0.00043117]))","(array([0.15243969]), array([-0.00311275]))","(array([0.1423309]), array([-0.00584569]))","(array([0.12980325]), array([-0.0083419]))","(array([0.11786729]), array([-0.01050692]))","(array([0.10830079]), array([-0.01237283]))","(array([0.10144694]), array([-0.01398943]))","(array([0.09657612]), array([-0.01533502]))","(array([0.09250977]), array([-0.01627438]))","(array([0.08825539]), array([-0.01658111]))"
(0.31832322805164714+0j),[-0.06925949],[1.],[0.36362317],[1.],"(array([0.21244748]), array([0.06393177]))","(array([0.15244864]), array([-0.00307976]))","(array([0.14234215]), array([-0.00581435]))","(array([0.12981723]), array([-0.00831197]))","(array([0.11788324]), array([-0.01047808]))","(array([0.10831733]), array([-0.01234481]))","(array([0.10146308]), array([-0.01396204]))","(array([0.09659142]), array([-0.01530827]))","(array([0.09252397]), array([-0.01624841]))","(array([0.08826827]), array([-0.01655607]))","(array([0.0835207]), array([-0.01600091]))"
(0.2796995140331987+0j),[-0.06010941],[1.],[0.34449786],[1.],"(array([0.20441881]), array([0.05807852]))","(array([0.14235426]), array([-0.00578129]))","(array([0.1298313]), array([-0.00828031]))","(array([0.11789919]), array([-0.0104476]))","(array([0.10833431]), array([-0.01231531]))","(array([0.10148003]), array([-0.01393332]))","(array([0.0966077]), array([-0.01528027]))","(array([0.0925392]), array([-0.01622125]))","(array([0.08828208]), array([-0.01652988]))","(array([0.08353278]), array([-0.01597574]))","(array([0.07891866]), array([-0.01444131]))"
(0.2490026504642713+0j),[-0.04739362],[1.],[0.33638084],[1.],"(array([0.1906857]), array([0.05398243]))","(array([0.12984539]), array([-0.00824838]))","(array([0.11791467]), array([-0.01041682]))","(array([0.10835065]), array([-0.01228553]))","(array([0.10149645]), array([-0.01390442]))","(array([0.09662361]), array([-0.01525215]))","(array([0.09255416]), array([-0.01619398]))","(array([0.08829567]), array([-0.01650359]))","(array([0.08354464]), array([-0.01595051]))","(array([0.07892857]), array([-0.01441711]))","(array([0.07589042]), array([-0.01198338]))"
(0.22816716848690813+0j),[-0.03279124],[1.],[0.34743965],[1.],"(array([0.1756982]), array([0.05335865]))","(array([0.11792922]), array([-0.01038724]))","(array([0.10836589]), array([-0.01225697]))","(array([0.10151178]), array([-0.01387674]))","(array([0.09663853]), array([-0.01522524]))","(array([0.09256824]), array([-0.01616787]))","(array([0.08830849]), array([-0.01647838]))","(array([0.08355584]), array([-0.01592628]))","(array([0.07893792]), array([-0.01439388]))","(array([0.07589786]), array([-0.01196108]))","(array([0.07624851]), array([-0.00891164]))"
(0.21922095408365183+0j),[-0.01839648],[1.],[0.38313247],[1.],"(array([0.16360576]), array([0.05743501]))","(array([0.10837989]), array([-0.01223062]))","(array([0.10152589]), array([-0.01385127]))","(array([0.0966523]), array([-0.01520052]))","(array([0.09258127]), array([-0.01614387]))","(array([0.0883204]), array([-0.01645515]))","(array([0.08356628]), array([-0.01590392]))","(array([0.07894669]), array([-0.01437241]))","(array([0.0759049]), array([-0.01194048]))","(array([0.07625387]), array([-0.00889187]))","(array([0.08154545]), array([-0.00564888]))"
(0.2247322624382325+0j),[-0.00627552],[1.],[0.4434169],[1.],"(array([0.15690479]), array([0.06649605]))","(array([0.10153916]), array([-0.01382818]))","(array([0.09666528]), array([-0.01517821]))","(array([0.0925935]), array([-0.01612226]))","(array([0.08833156]), array([-0.01643419]))","(array([0.08357618]), array([-0.01588365]))","(array([0.07895521]), array([-0.01435285]))","(array([0.07591194]), array([-0.01192169]))","(array([0.07625937]), array([-0.00887391]))","(array([0.0815495]), array([-0.00563177]))","(array([0.09241626]), array([-0.00266192]))"
(0.24730826613447296+0j),[0.00185632],[1.],[0.52087681],[1.],"(array([0.15586376]), array([0.07951419]))","(array([0.09667819]), array([-0.01515584]))","(array([0.09260567]), array([-0.01610083]))","(array([0.08834252]), array([-0.01641349]))","(array([0.08358582]), array([-0.01586348]))","(array([0.07896352]), array([-0.01433327]))","(array([0.07591884]), array([-0.0119028]))","(array([0.0762648]), array([-0.00885578]))","(array([0.08155351]), array([-0.00561448]))","(array([0.09241904]), array([-0.00264547]))","(array([0.10797467]), array([-0.00037638]))"
(0.28787472265553893+0j),[0.00482369],[1.],[0.6009751],[1.],"(array([0.15877901]), array([0.09415702]))","(array([0.09261863]), array([-0.01607708]))","(array([0.08835435]), array([-0.01639066]))","(array([0.08359621]), array([-0.01584138]))","(array([0.07897233]), array([-0.01431182]))","(array([0.075926]), array([-0.01188204]))","(array([0.07627038]), array([-0.00883578]))","(array([0.08155766]), array([-0.00559523]))","(array([0.09242194]), array([-0.00262696]))","(array([0.10797662]), array([-0.00035861]))","(array([0.12569346]), array([0.00087482]))"
(0.34365465666392797+0j),[0.00225356],[1.],[0.66564776],[1.],"(array([0.16279631]), array([0.10729985]))","(array([0.08836762]), array([-0.01636568]))","(array([0.08360793]), array([-0.01581736]))","(array([0.07898232]), array([-0.01428859]))","(array([0.07593418]), array([-0.01185952]))","(array([0.0762768]), array([-0.00881398]))","(array([0.08156257]), array([-0.00557424]))","(array([0.09242569]), array([-0.00260674]))","(array([0.10797949]), array([-0.00033911]))","(array([0.12569584]), array([0.00089363]))","(array([0.14191309]), array([0.00091268]))"
(0.40737327114569805+0j),[-0.00522427],[1.],[0.69958759],[1.],"(array([0.16499611]), array([0.11589448]))","(array([0.08362163]), array([-0.01579152]))","(array([0.07899398]), array([-0.01426382]))","(array([0.07594386]), array([-0.01183564]))","(array([0.07628457]), array([-0.0087908]))","(array([0.08156856]), array([-0.00555176]))","(array([0.09243035]), array([-0.00258506]))","(array([0.1079835]), array([-0.00031824]))","(array([0.12569966]), array([0.00091387]))","(array([0.14191722]), array([0.00093243]))","(array([0.15283473]), array([-0.00023167]))"
(0.46879051249621945+0j),[-0.01601261],[1.],[0.69648639],[1.],"(array([0.16364351]), array([0.11820631]))","(array([0.07900729]), array([-0.01423745]))","(array([0.07595498]), array([-0.01181024]))","(array([0.07629346]), array([-0.00876624]))","(array([0.08157539]), array([-0.00552793]))","(array([0.09243564]), array([-0.00256215]))","(array([0.10798816]), array([-0.00029632]))","(array([0.12570422]), array([0.00093514]))","(array([0.14192193]), array([0.00095348]))","(array([0.15284001]), array([-0.00021071]))","(array([0.15603999]), array([-0.0023009]))"
(0.5180338589246956+0j),[-0.02804251],[1.],[0.66141324],[1.],"(array([0.15895981]), array([0.11449415]))","(array([0.07596582]), array([-0.01178244]))","(array([0.07630204]), array([-0.00873944]))","(array([0.08158204]), array([-0.00550226]))","(array([0.09244108]), array([-0.00253784]))","(array([0.10799332]), array([-0.00027342]))","(array([0.1257097]), array([0.00095699]))","(array([0.14192765]), array([0.00097478]))","(array([0.15284528]), array([-0.00018953]))","(array([0.15604485]), array([-0.00227987]))","(array([0.15144615]), array([-0.0048752]))"
(0.548751132758754+0j),[-0.03958222],[1.],[0.60773974],[1.],"(array([0.15308805]), array([0.10676174]))","(array([0.07630993]), array([-0.00871034]))","(array([0.08158801]), array([-0.0054745]))","(array([0.09244586]), array([-0.00251148]))","(array([0.10799797]), array([-0.00024853]))","(array([0.12571531]), array([0.00098056]))","(array([0.14193486]), array([0.00099733]))","(array([0.15285324]), array([-0.00016765]))","(array([0.15605199]), array([-0.0022585]))","(array([0.15145225]), array([-0.0048545]))","(array([0.14120829]), array([-0.00752159]))"
(0.5592762977097113+0j),[-0.04975691],[1.],[0.55068621],[1.],"(array([0.14922527]), array([0.09770366]))","(array([0.08159384]), array([-0.00544427]))","(array([0.09245057]), array([-0.0024829]))","(array([0.10800238]), array([-0.00022149]))","(array([0.12572056]), array([0.0010061]))","(array([0.14194245]), array([0.00102153]))","(array([0.15286351]), array([-0.00014455]))","(array([0.15606297]), array([-0.00223619]))","(array([0.1514617]), array([-0.00483301]))","(array([0.14121594]), array([-0.00750106]))","(array([0.12859875]), array([-0.00994714]))"
(0.551596712088227+0j),[-0.0584915],[1.],[0.50153005],[1.],"(array([0.15032894]), array([0.08953244]))","(array([0.09245505]), array([-0.00245148]))","(array([0.1080066]), array([-0.00019186]))","(array([0.12572545]), array([0.00103405]))","(array([0.1419495]), array([0.0010478]))","(array([0.1528743]), array([-0.00011976]))","(array([0.15607675]), array([-0.00221255]))","(array([0.15147533]), array([-0.00481025]))","(array([0.14122706]), array([-0.0074793]))","(array([0.12860742]), array([-0.00992648]))","(array([0.11660197]), array([-0.01204878]))"
(0.5293650778689213+0j),[-0.06604191],[1.],[0.46496983],[1.],"(array([0.15793883]), array([0.08329595]))","(array([0.1080102]), array([-0.00015877]))","(array([0.12572967]), array([0.00106524]))","(array([0.14195546]), array([0.00107707]))","(array([0.15288381]), array([-9.24434046e-05]))","(array([0.15609078]), array([-0.00218678]))","(array([0.15149168]), array([-0.00478556]))","(array([0.14124217]), array([-0.00745549]))","(array([0.1286195]), array([-0.00990365]))","(array([0.11661151]), array([-0.01202703]))","(array([0.10698123]), array([-0.01385011]))"
(0.4962878206834272+0j),[-0.07251441],[1.],[0.43968623],[1.],"(array([0.17141448]), array([0.07888882]))","(array([0.12573305]), array([0.0011026]))","(array([0.14196033]), array([0.00111233]))","(array([0.15289148]), array([-5.95191912e-05]))","(array([0.15610319]), array([-0.00215601]))","(array([0.15150856]), array([-0.00475629]))","(array([0.14126039]), array([-0.00742722]))","(array([0.12863599]), array([-0.00987622]))","(array([0.11662527]), array([-0.01200051]))","(array([0.10699292]), array([-0.01382462]))","(array([0.10013437]), array([-0.01540207]))"
(0.45565572384637426+0j),[-0.07756516],[1.],[0.42085111],[1.],"(array([0.18784118]), array([0.07535339]))","(array([0.14196446]), array([0.00115566]))","(array([0.15289798]), array([-1.86167985e-05]))","(array([0.15611363]), array([-0.00211767]))","(array([0.15152433]), array([-0.00472003]))","(array([0.14127994]), array([-0.00739238]))","(array([0.12865615]), array([-0.0098424]))","(array([0.11664388]), array([-0.01196756]))","(array([0.10700951]), array([-0.01379259]))","(array([0.10014941]), array([-0.01537113]))","(array([0.09532555]), array([-0.01668189]))"
(0.41061295608236026+0j),[-0.08034432],[1.],[0.4030795],[1.],"(array([0.20283581]), array([0.07153175]))","(array([0.15290433]), array([2.98074846e-05]))","(array([0.15612316]), array([-0.00207181]))","(array([0.15153858]), array([-0.0046766]))","(array([0.14129917]), array([-0.00735087]))","(array([0.12867816]), array([-0.00980231]))","(array([0.1166661]), array([-0.01192858]))","(array([0.10703055]), array([-0.01375458]))","(array([0.10016898]), array([-0.0153341]))","(array([0.09534379]), array([-0.01664608]))","(array([0.09134528]), array([-0.01755175]))"
(0.36444232545964556+0j),[-0.07973857],[1.],[0.38307393],[1.],"(array([0.21192523]), array([0.06672093]))","(array([0.15613338]), array([-0.00201934]))","(array([0.15155262]), array([-0.00462659]))","(array([0.14131797]), array([-0.00730313]))","(array([0.12870092]), array([-0.00975645]))","(array([0.11669066]), array([-0.01188422]))","(array([0.10705502]), array([-0.01371142]))","(array([0.10019243]), array([-0.01529201]))","(array([0.09536587]), array([-0.01660513]))","(array([0.09136579]), array([-0.01751217]))","(array([0.08722252]), array([-0.01779343]))"
(0.32053307831581407+0j),[-0.07486509],[1.],[0.36141058],[1.],"(array([0.21234458]), array([0.06102234]))","(array([0.15156802]), array([-0.0045714]))","(array([0.14133729]), array([-0.00725033]))","(array([0.12872423]), array([-0.00970586]))","(array([0.1167167]), array([-0.01183547]))","(array([0.10708191]), array([-0.01366417]))","(array([0.10021881]), array([-0.01524599]))","(array([0.09539102]), array([-0.0165603]))","(array([0.09138921]), array([-0.01746871]))","(array([0.08724378]), array([-0.01775149]))","(array([0.08265112]), array([-0.0171831]))"
(0.2819801019816653+0j),[-0.06558453],[1.],[0.3428851],[1.],"(array([0.20420975]), array([0.05543314]))","(array([0.1413577]), array([-0.00719512]))","(array([0.12874791]), array([-0.00965285]))","(array([0.11674306]), array([-0.01178441]))","(array([0.10710962]), array([-0.0136148]))","(array([0.1002464]), array([-0.01519801]))","(array([0.09541757]), array([-0.01651359]))","(array([0.09141405]), array([-0.01742342]))","(array([0.08726629]), array([-0.0177078]))","(array([0.0826708]), array([-0.01714107]))","(array([0.07823204]), array([-0.01560538]))"
(0.2512353700539195+0j),[-0.05274035],[1.],[0.33522012],[1.],"(array([0.19043729]), array([0.05156419]))","(array([0.12877106]), array([-0.00960074]))","(array([0.11676835]), array([-0.01173419]))","(array([0.10713609]), array([-0.01356625]))","(array([0.10027292]), array([-0.0151509]))","(array([0.09544324]), array([-0.01646778]))","(array([0.09143818]), array([-0.017379]))","(array([0.0872882]), array([-0.01766494]))","(array([0.08268991]), array([-0.01709986]))","(array([0.07824799]), array([-0.01556579]))","(array([0.07537256]), array([-0.01313703]))"
(0.23025277939330283+0j),[-0.03800041],[1.],[0.34651976],[1.],"(array([0.17543144]), array([0.05111948]))","(array([0.11679134]), array([-0.01168789]))","(array([0.10716002]), array([-0.01352154]))","(array([0.10029693]), array([-0.01510756]))","(array([0.09546658]), array([-0.01642566]))","(array([0.09146018]), array([-0.01733813]))","(array([0.08730822]), array([-0.01762545]))","(array([0.08270739]), array([-0.01706187]))","(array([0.07826259]), array([-0.0155293]))","(array([0.07538419]), array([-0.01310195]))","(array([0.07586536]), array([-0.01005624]))"
(0.2210917743477656+0j),[-0.02345977],[1.],[0.38225933],[1.],"(array([0.16331362]), array([0.05533792]))","(array([0.10718052]), array([-0.01348314]))","(array([0.10031751]), array([-0.01507041]))","(array([0.09548664]), array([-0.01638959]))","(array([0.09147913]), array([-0.01730311]))","(array([0.08732551]), array([-0.01759157]))","(array([0.08272255]), array([-0.01702923]))","(array([0.07827532]), array([-0.01549792]))","(array([0.0753944]), array([-0.01307178]))","(array([0.07587313]), array([-0.01002724]))","(array([0.08126463]), array([-0.00678025]))"
(0.22635835001584662+0j),[-0.01119883],[1.],[0.44247446],[1.],"(array([0.1565733]), array([0.06452363]))","(array([0.1003345]), array([-0.01504066]))","(array([0.09550319]), array([-0.01636081]))","(array([0.09149472]), array([-0.01727522]))","(array([0.08733974]), array([-0.01756453]))","(array([0.08273516]), array([-0.01700307]))","(array([0.07828615]), array([-0.01547267]))","(array([0.07540332]), array([-0.01304747]))","(array([0.07588007]), array([-0.01000393]))","(array([0.0812697]), array([-0.00675799]))","(array([0.09221892]), array([-0.00377363]))"
(0.24869694722833438+0j),[-0.00293923],[1.],[0.51985733],[1.],"(array([0.15557965]), array([0.07772063]))","(array([0.09551706]), array([-0.01633675]))","(array([0.09150777]), array([-0.01725214]))","(array([0.08735151]), array([-0.01754222]))","(array([0.08274553]), array([-0.01698133]))","(array([0.07829509]), array([-0.01545155]))","(array([0.07541074]), array([-0.01302707]))","(array([0.07588591]), array([-0.00998432]))","(array([0.08127401]), array([-0.00673924]))","(array([0.09222191]), array([-0.00375576]))","(array([0.10792971]), array([-0.00146413]))"
(0.28908958349073455+0j),[0.00012881],[1.],[0.59990235],[1.],"(array([0.15862915]), array([0.0926029]))","(array([0.09151964]), array([-0.01723045]))","(array([0.08736236]), array([-0.01752135]))","(array([0.08275507]), array([-0.01696111]))","(array([0.07830319]), array([-0.01543189]))","(array([0.07541735]), array([-0.01300802]))","(array([0.07589109]), array([-0.00996594]))","(array([0.08127788]), array([-0.00672152]))","(array([0.09222461]), array([-0.0037387]))","(array([0.10793153]), array([-0.00144772]))","(array([0.12587837]), array([-0.00018749]))"
(0.3447695710716086+0j),[-0.00237385],[1.],[0.66443335],[1.],"(array([0.16278846]), array([0.10594854]))","(array([0.0873738]), array([-0.0175]))","(array([0.08276519]), array([-0.01694055]))","(array([0.07831185]), array([-0.01541199]))","(array([0.07542447]), array([-0.01298869]))","(array([0.0758967]), array([-0.00994719]))","(array([0.08128222]), array([-0.00670344]))","(array([0.09222798]), array([-0.00372126]))","(array([0.10793413]), array([-0.00143086]))","(array([0.12588053]), array([-0.0001712]))","(array([0.14229164]), array([-0.00013109]))"
(0.4084016661624915+0j),[-0.00980249],[1.],[0.69802799],[1.],"(array([0.16513787]), array([0.11465452]))","(array([0.08277714]), array([-0.01691848]))","(array([0.07832206]), array([-0.01539081]))","(array([0.07543301]), array([-0.01296825]))","(array([0.07590361]), array([-0.0099273]))","(array([0.08128759]), array([-0.00668412]))","(array([0.09223219]), array([-0.00370259]))","(array([0.10793782]), array([-0.00141287]))","(array([0.12588411]), array([-0.0001537]))","(array([0.14229553]), array([-0.00011397]))","(array([0.15331566]), array([-0.00126772]))"
(0.4696501173852447+0j),[-0.02053489],[1.],[0.69437353],[1.],"(array([0.16392445]), array([0.11695648]))","(array([0.07833388]), array([-0.01536813]))","(array([0.07544295]), array([-0.01294637]))","(array([0.07591163]), array([-0.0099061]))","(array([0.08129379]), array([-0.00666348]))","(array([0.09223704]), array([-0.00368273]))","(array([0.10794217]), array([-0.00139388]))","(array([0.12588842]), array([-0.00013523]))","(array([0.14229995]), array([-9.55963189e-05]))","(array([0.15332057]), array([-0.00124933]))","(array([0.15650084]), array([-0.00333662]))"
(0.5185730040657144+0j),[-0.03248153],[1.],[0.65866952],[1.],"(array([0.15935104]), array([0.11313488]))","(array([0.07545243]), array([-0.01292242]))","(array([0.07591917]), array([-0.00988299]))","(array([0.08129969]), array([-0.00664133]))","(array([0.09224196]), array([-0.00366179]))","(array([0.10794698]), array([-0.0013742]))","(array([0.12589363]), array([-0.00011647]))","(array([0.14230539]), array([-7.72825574e-05]))","(array([0.15332542]), array([-0.00123103]))","(array([0.15650507]), array([-0.00331837]))","(array([0.15178523]), array([-0.00591093]))"
(0.5488145302634685+0j),[-0.04390359],[1.],[0.60446628],[1.],"(array([0.15355704]), array([0.10525899]))","(array([0.0759257]), array([-0.00985869]))","(array([0.08130468]), array([-0.00661816]))","(array([0.09224606]), array([-0.00363983]))","(array([0.10795116]), array([-0.00135353]))","(array([0.1258989]), array([-9.69683923e-05]))","(array([0.14231229]), array([-5.86588574e-05]))","(array([0.15333294]), array([-0.00121295]))","(array([0.15651149]), array([-0.00330068]))","(array([0.15179028]), array([-0.00589379]))","(array([0.14139103]), array([-0.00855274]))"
(0.5587545407193865+0j),[-0.05393083],[1.],[0.54709637],[1.],"(array([0.149756]), array([0.09609276]))","(array([0.08130909]), array([-0.00659451]))","(array([0.0922498]), array([-0.00361756]))","(array([0.10795493]), array([-0.00133255]))","(array([0.12590368]), array([-7.72724715e-05]))","(array([0.14231944]), array([-4.01365572e-05]))","(array([0.15334264]), array([-0.00119536]))","(array([0.15652157]), array([-0.00328369]))","(array([0.15179835]), array([-0.00587745]))","(array([0.14139684]), array([-0.00853719]))","(array([0.1286631]), array([-0.01096899]))"
(0.5504340409074776+0j),[-0.06249777],[1.],[0.49784371],[1.],"(array([0.15092748]), array([0.08788421]))","(array([0.09225287]), array([-0.00359531]))","(array([0.10795823]), array([-0.00131173]))","(array([0.12590792]), array([-5.78114783e-05]))","(array([0.14232584]), array([-2.20943682e-05]))","(array([0.1533526]), array([-0.00117858]))","(array([0.1565341]), array([-0.00326784]))","(array([0.15181011]), array([-0.0058622]))","(array([0.14140541]), array([-0.00852268]))","(array([0.12866868]), array([-0.01095534]))","(array([0.11662221]), array([-0.01305968]))"
(0.52753393313434+0j),[-0.06986918],[1.],[0.46132477],[1.],"(array([0.15863408]), array([0.08168949]))","(array([0.10796047]), array([-0.00129143]))","(array([0.12591117]), array([-3.89349248e-05]))","(array([0.14233084]), array([-4.74865744e-06]))","(array([0.1533608]), array([-0.00116287]))","(array([0.15654625]), array([-0.00325336]))","(array([0.15182378]), array([-0.00584844]))","(array([0.14141695]), array([-0.0085094]))","(array([0.12867642]), array([-0.01094267]))","(array([0.11662692]), array([-0.01304774]))","(array([0.10704243]), array([-0.01485371]))"
(0.4938334300592929+0j),[-0.07616066],[1.],[0.43613328],[1.],"(array([0.17225782]), array([0.07730917]))","(array([0.12591312]), array([-1.93937775e-05]))","(array([0.1423343]), array([1.32614253e-05]))","(array([0.15336653]), array([-0.00114668]))","(array([0.1565558]), array([-0.00323886]))","(array([0.1518367]), array([-0.00583493]))","(array([0.14143003]), array([-0.00849633]))","(array([0.12868675]), array([-0.01092988]))","(array([0.11663383]), array([-0.01303534]))","(array([0.10704695]), array([-0.01484187]))","(array([0.10021137]), array([-0.01639141]))"
(0.45269119993478024+0j),[-0.08102981],[1.],[0.41733372],[1.],"(array([0.18887766]), array([0.07376597]))","(array([0.14233652]), array([3.34143122e-05]))","(array([0.15337038]), array([-0.00112826]))","(array([0.15656225]), array([-0.00322234]))","(array([0.15184694]), array([-0.00581982]))","(array([0.14144255]), array([-0.0084819]))","(array([0.12869864]), array([-0.01091569]))","(array([0.11664331]), array([-0.0130213]))","(array([0.107054]), array([-0.0148281]))","(array([0.10021686]), array([-0.01637815]))","(array([0.0953729]), array([-0.01764594]))"
(0.4072570905209059+0j),[-0.08361454],[1.],[0.39946765],[1.],"(array([0.20401785]), array([0.06992107]))","(array([0.15337348]), array([-0.00110744]))","(array([0.15656688]), array([-0.00320326]))","(array([0.15185427]), array([-0.00580231]))","(array([0.14145299]), array([-0.00846539]))","(array([0.12871036]), array([-0.01089967]))","(array([0.11665428]), array([-0.0130055]))","(array([0.10706335]), array([-0.01481245]))","(array([0.10022474]), array([-0.01636277]))","(array([0.09537981]), array([-0.0176311]))","(array([0.0913535]), array([-0.0184853]))"
(0.36082873765180995+0j),[-0.08279013],[1.],[0.37926778],[1.],"(array([0.21312629]), array([0.06504642]))","(array([0.1565715]), array([-0.00318169]))","(array([0.15186032]), array([-0.00578221]))","(array([0.14146152]), array([-0.00844649]))","(array([0.12872111]), array([-0.01088156]))","(array([0.11666574]), array([-0.01298786]))","(array([0.10707427]), array([-0.01479509]))","(array([0.10023468]), array([-0.01634565]))","(array([0.09538882]), array([-0.01761434]))","(array([0.09136172]), array([-0.01846912]))","(array([0.08715294]), array([-0.01868339]))"
(0.3168085446975334+0j),[-0.07767453],[1.],[0.35743272],[1.],"(array([0.21340377]), array([0.05925674]))","(array([0.151867]), array([-0.00575988]))","(array([0.14146957]), array([-0.00842539]))","(array([0.12873114]), array([-0.01086144]))","(array([0.11667726]), array([-0.01296845]))","(array([0.10708615]), array([-0.01477617]))","(array([0.10024612]), array([-0.01632708]))","(array([0.09539954]), array([-0.01759613]))","(array([0.0913716]), array([-0.01845141]))","(array([0.08716188]), array([-0.01866631]))","(array([0.08247192]), array([-0.01801119]))"
(0.2782884078641862+0j),[-0.06814504],[1.],[0.33892888],[1.],"(array([0.20500552]), array([0.05359024]))","(array([0.14147844]), array([-0.00840275]))","(array([0.1287412]), array([-0.01083978]))","(array([0.11668868]), array([-0.01294757]))","(array([0.10709833]), array([-0.01475593]))","(array([0.10025821]), array([-0.01630733]))","(array([0.09541109]), array([-0.01757683]))","(array([0.09138238]), array([-0.01843268]))","(array([0.08717166]), array([-0.01864825]))","(array([0.08248049]), array([-0.01799384]))","(array([0.0779476]), array([-0.01635398]))"
(0.2476991621740606+0j),[-0.05507132],[1.],[0.33162458],[1.],"(array([0.19094906]), array([0.04970297]))","(array([0.12875148]), array([-0.01081739]))","(array([0.11669984]), array([-0.01292595]))","(array([0.10711008]), array([-0.014735]))","(array([0.10026997]), array([-0.016287]))","(array([0.09542244]), array([-0.01755704]))","(array([0.09139304]), array([-0.01841349]))","(array([0.08718135]), array([-0.01862975]))","(array([0.08248895]), array([-0.0179761]))","(array([0.07795468]), array([-0.01633697]))","(array([0.07503438]), array([-0.01379679]))"
(0.22697339298498398+0j),[-0.04014332],[1.],[0.34367621],[1.],"(array([0.17574168]), array([0.04931982]))","(array([0.1167106]), array([-0.01290447]))","(array([0.10712128]), array([-0.01471425]))","(array([0.10028118]), array([-0.01626689]))","(array([0.09543332]), array([-0.01753749]))","(array([0.0914033]), array([-0.01839451]))","(array([0.08719069]), array([-0.01861143]))","(array([0.08249712]), array([-0.0179585]))","(array([0.0779615]), array([-0.01632011]))","(array([0.07503981]), array([-0.01378062]))","(array([0.07555335]), array([-0.01063036]))"
(0.21816326802229644+0j),[-0.02546041],[1.],[0.38048367],[1.],"(array([0.16355344]), array([0.05366771]))","(array([0.10713195]), array([-0.01469433]))","(array([0.1002919]), array([-0.01624766]))","(array([0.09544376]), array([-0.01751882]))","(array([0.09141317]), array([-0.01837637]))","(array([0.08719972]), array([-0.01859387]))","(array([0.08250504]), array([-0.0179416]))","(array([0.07796816]), array([-0.01630388]))","(array([0.07504515]), array([-0.01376505]))","(array([0.07555741]), array([-0.01061544]))","(array([0.08105341]), array([-0.00728339]))"
(0.22387621810438316+0j),[-0.01308483],[1.],[0.44190203],[1.],"(array([0.15687632]), array([0.06301731]))","(array([0.10030251]), array([-0.01622946]))","(array([0.09545412]), array([-0.01750127]))","(array([0.09142292]), array([-0.01835936]))","(array([0.08720862]), array([-0.01857736]))","(array([0.08251295]), array([-0.0179256]))","(array([0.07797499]), array([-0.01628845]))","(array([0.07505081]), array([-0.01375024]))","(array([0.07556184]), array([-0.0106013]))","(array([0.08105667]), array([-0.00726996]))","(array([0.09215268]), array([-0.00422531]))"
(0.24675338611601097+0j),[-0.00472442],[1.],[0.52038095],[1.],"(array([0.15591234]), array([0.0763326]))","(array([0.09546509]), array([-0.01748248]))","(array([0.09143325]), array([-0.0183414]))","(array([0.08721788]), array([-0.01855999]))","(array([0.08252108]), array([-0.01790865]))","(array([0.07798202]), array([-0.01627197]))","(array([0.07505666]), array([-0.01373436]))","(array([0.07556644]), array([-0.01058609]))","(array([0.08106004]), array([-0.00725548]))","(array([0.09215499]), array([-0.00421158]))","(array([0.1079458]), array([-0.00187952]))"
(0.28772535176825625+0j),[-0.0015455],[1.],[0.60122874],[1.],"(array([0.15890798]), array([0.091255]))","(array([0.09144482]), array([-0.01832016]))","(array([0.08722843]), array([-0.01853959]))","(array([0.08253034]), array([-0.01788888]))","(array([0.07798984]), array([-0.01625278]))","(array([0.075063]), array([-0.0137158]))","(array([0.07557136]), array([-0.01056822]))","(array([0.08106367]), array([-0.00723828]))","(array([0.09215747]), array([-0.00419505]))","(array([0.10794742]), array([-0.00186367]))","(array([0.12586926]), array([-0.00057512]))"
(0.34396978695429736+0j),[-0.00391154],[1.],[0.66624043],[1.],"(array([0.16298581]), array([0.10461479]))","(array([0.08724073]), array([-0.01851641]))","(array([0.08254118]), array([-0.0178666]))","(array([0.07799907]), array([-0.01623124]))","(array([0.07507053]), array([-0.0136949]))","(array([0.07557723]), array([-0.010548]))","(array([0.08106814]), array([-0.00721883]))","(array([0.09216087]), array([-0.00417633]))","(array([0.10794998]), array([-0.0018456]))","(array([0.12587135]), array([-0.00055771]))","(array([0.14221425]), array([-0.00048896]))"
(0.408122017636796+0j),[-0.01118334],[1.],[0.70005357],[1.],"(array([0.16519973]), array([0.11333719]))","(array([0.08255414]), array([-0.01784218]))","(array([0.07801009]), array([-0.01620783]))","(array([0.07507967]), array([-0.01367235]))","(array([0.07558455]), array([-0.0105261]))","(array([0.08107376]), array([-0.0071976]))","(array([0.09216521]), array([-0.00415586]))","(array([0.10795372]), array([-0.00182592]))","(array([0.12587493]), array([-0.00053861]))","(array([0.14221814]), array([-0.00047031]))","(array([0.15314968]), array([-0.00158714]))"
(0.46984667696233173+0j),[-0.02175795],[1.],[0.69643849],[1.],"(array([0.16381627]), array([0.11568548]))","(array([0.07802276]), array([-0.01618282]))","(array([0.07509024]), array([-0.01364827]))","(array([0.07559299]), array([-0.01050282]))","(array([0.0810802]), array([-0.00717501]))","(array([0.09217019]), array([-0.00413415]))","(array([0.10795812]), array([-0.00180516]))","(array([0.12587926]), array([-0.00051848]))","(array([0.14222263]), array([-0.00045036]))","(array([0.15315475]), array([-0.00156724]))","(array([0.15625466]), array([-0.00360996]))"
(0.5192212873044894+0j),[-0.03356369],[1.],[0.66065882],[1.],"(array([0.15907674]), array([0.11193652]))","(array([0.07510052]), array([-0.01362192]))","(array([0.07560109]), array([-0.01047743]))","(array([0.08108646]), array([-0.00715071]))","(array([0.09217531]), array([-0.00411117]))","(array([0.10796301]), array([-0.00178357]))","(array([0.12588453]), array([-0.0004979]))","(array([0.14222815]), array([-0.00043029]))","(array([0.15315981]), array([-0.00154722]))","(array([0.15625927]), array([-0.00359002]))","(array([0.15146846]), array([-0.00613495]))"
(0.5499174349313725+0j),[-0.04487507],[1.],[0.60630039],[1.],"(array([0.15316658]), array([0.10414286]))","(array([0.07560842]), array([-0.01045]))","(array([0.08109197]), array([-0.00712457]))","(array([0.0921797]), array([-0.0040864]))","(array([0.10796736]), array([-0.00176025]))","(array([0.12588989]), array([-0.00047588]))","(array([0.14223515]), array([-0.00040924]))","(array([0.15316752]), array([-0.00152679]))","(array([0.15626609]), array([-0.00357004]))","(array([0.15147416]), array([-0.00611558]))","(array([0.1410072]), array([-0.0087283]))"
(0.560343087386997+0j),[-0.05482938],[1.],[0.54871897],[1.],"(array([0.14932175]), array([0.09504104]))","(array([0.08109719]), array([-0.00709654]))","(array([0.09218392]), array([-0.00405997]))","(array([0.10797138]), array([-0.00173531]))","(array([0.12589483]), array([-0.00045239]))","(array([0.14224245]), array([-0.00038706]))","(array([0.15317749]), array([-0.00150565]))","(array([0.15627669]), array([-0.00354962]))","(array([0.1514831]), array([-0.00609591]))","(array([0.14101424]), array([-0.00870953]))","(array([0.12820087]), array([-0.01109914]))"
(0.5525633032976855+0j),[-0.06336241],[1.],[0.49922542],[1.],"(array([0.15051288]), array([0.08685904]))","(array([0.09218779]), array([-0.00403161]))","(array([0.10797512]), array([-0.00170865]))","(array([0.12589933]), array([-0.00042733]))","(array([0.14224913]), array([-0.00036359]))","(array([0.15318786]), array([-0.00148361]))","(array([0.15628994]), array([-0.00352866]))","(array([0.15149604]), array([-0.00607573]))","(array([0.1410245]), array([-0.00869026]))","(array([0.12820855]), array([-0.01108089]))","(array([0.11606115]), array([-0.01314783]))"
(0.5302810720940508+0j),[-0.07073484],[1.],[0.46249364],[1.],"(array([0.15826601]), array([0.08064132]))","(array([0.10797811]), array([-0.00167974]))","(array([0.12590304]), array([-0.00040018]))","(array([0.14225459]), array([-0.00033826]))","(array([0.15319678]), array([-0.00146012]))","(array([0.15630322]), array([-0.00350662]))","(array([0.15151142]), array([-0.00605466]))","(array([0.14103841]), array([-0.00866994]))","(array([0.12821924]), array([-0.01106143]))","(array([0.11606919]), array([-0.01312933]))","(array([0.10635212]), array([-0.01490067]))"
(0.4972132488087976+0j),[-0.07704888],[1.],[0.43717142],[1.],"(array([0.17192215]), array([0.07628254]))","(array([0.12590583]), array([-0.00036724]))","(array([0.14225889]), array([-0.00030731]))","(array([0.15320378]), array([-0.00143139]))","(array([0.15631477]), array([-0.00347993]))","(array([0.15152722]), array([-0.00602935]))","(array([0.1410553]), array([-0.0086455]))","(array([0.1282342]), array([-0.01103769]))","(array([0.1160813]), array([-0.01310637]))","(array([0.10636212]), array([-0.01487864]))","(array([0.09946873]), array([-0.01641048]))"
(0.4566413492831931+0j),[-0.08195233],[1.],[0.41841762],[1.],"(array([0.18851962]), array([0.07281631]))","(array([0.14226243]), array([-0.00026759]))","(array([0.15320962]), array([-0.00139401]))","(array([0.15632441]), array([-0.00344503]))","(array([0.15154203]), array([-0.00599644]))","(array([0.14107373]), array([-0.0086139]))","(array([0.12825311]), array([-0.011007]))","(array([0.11609856]), array([-0.01307645]))","(array([0.10637732]), array([-0.01484953]))","(array([0.0994824]), array([-0.01638237]))","(array([0.09465772]), array([-0.01765208]))"
(0.4116959129005859+0j),[-0.08459021],[1.],[0.40084475],[1.],"(array([0.2036154]), array([0.06907608]))","(array([0.15321534]), array([-0.00134826]))","(array([0.15633324]), array([-0.00340178]))","(array([0.15155549]), array([-0.00595555]))","(array([0.1410921]), array([-0.00857486]))","(array([0.12827418]), array([-0.01096931]))","(array([0.1161198]), array([-0.01303979]))","(array([0.10639736]), array([-0.01481377]))","(array([0.09950097]), array([-0.01634752]))","(array([0.094675]), array([-0.01761838]))","(array([0.0906947]), array([-0.01848423]))"
(0.3656364451521388+0j),[-0.0838476],[1.],[0.38114564],[1.],"(array([0.21270426]), array([0.06436278]))","(array([0.1563429]), array([-0.00335082]))","(array([0.15156898]), array([-0.00590703]))","(array([0.14111035]), array([-0.00852859]))","(array([0.12829642]), array([-0.01092489]))","(array([0.11614385]), array([-0.01299682]))","(array([0.10642133]), array([-0.01477197]))","(array([0.09952394]), array([-0.01630675]))","(array([0.09469662]), array([-0.01757869]))","(array([0.09071478]), array([-0.01844589]))","(array([0.08660941]), array([-0.01868856]))"
(0.32182390315920373+0j),[-0.07884333],[1.],[0.35986434],[1.],"(array([0.21302173]), array([0.05878091]))","(array([0.15158414]), array([-0.00585201]))","(array([0.14112957]), array([-0.00847598]))","(array([0.12831974]), array([-0.0108745]))","(array([0.11616997]), array([-0.01294829]))","(array([0.10644834]), array([-0.01472494]))","(array([0.09955045]), array([-0.01626095]))","(array([0.0947219]), array([-0.01753408]))","(array([0.09073834]), array([-0.01840263]))","(array([0.0866308]), array([-0.01864683]))","(array([0.08209723]), array([-0.01804333]))"
(0.28332945296804374+0j),[-0.06944011],[1.],[0.34173531],[1.],"(array([0.20470673]), array([0.05332459]))","(array([0.14115034]), array([-0.00841963]))","(array([0.12834396]), array([-0.01082042]))","(array([0.11619702]), array([-0.01289624]))","(array([0.1064768]), array([-0.01467461]))","(array([0.09957882]), array([-0.01621203]))","(array([0.09474921]), array([-0.01748647]))","(array([0.0907639]), array([-0.01835648]))","(array([0.08665397]), array([-0.01860231]))","(array([0.0821175]), array([-0.01800051]))","(array([0.07775438]), array([-0.01643631]))"
(0.2525924484189396+0j),[-0.056481],[1.],[0.33440326],[1.],"(array([0.19073221]), array([0.04959245]))","(array([0.12836811]), array([-0.01076622]))","(array([0.11622347]), array([-0.01284402]))","(array([0.10650453]), array([-0.01462415]))","(array([0.09960662]), array([-0.01616307]))","(array([0.09477614]), array([-0.01743886]))","(array([0.09078921]), array([-0.01831032]))","(array([0.08667696]), array([-0.01855777]))","(array([0.08213757]), array([-0.0179577]))","(array([0.07777116]), array([-0.01639519]))","(array([0.07497432]), array([-0.01394611]))"
(0.23156668179099005+0j),[-0.04162999],[1.],[0.34590799],[1.],"(array([0.17554928]), array([0.04927023]))","(array([0.11624794]), array([-0.01279506]))","(array([0.10653004]), array([-0.01457688]))","(array([0.09963223]), array([-0.01611727]))","(array([0.09480105]), array([-0.01739434]))","(array([0.09081269]), array([-0.01826712]))","(array([0.08669833]), array([-0.01851605]))","(array([0.08215625]), array([-0.01791756]))","(array([0.07778678]), array([-0.01635664]))","(array([0.07498679]), array([-0.01390904]))","(array([0.07553056]), array([-0.01084942]))"
(0.22231819560006488+0j),[-0.02697748],[1.],[0.38170149],[1.],"(array([0.16329671]), array([0.05358407]))","(array([0.10655226]), array([-0.01453561]))","(array([0.09965456]), array([-0.01607733]))","(array([0.09482281]), array([-0.01735556]))","(array([0.09083325]), array([-0.01822948]))","(array([0.08671709]), array([-0.01847964]))","(array([0.0821727]), array([-0.01788249]))","(array([0.07780062]), array([-0.01632292]))","(array([0.07499792]), array([-0.01387662]))","(array([0.07553906]), array([-0.01081823]))","(array([0.08096444]), array([-0.00755963]))"
(0.22746120968200942+0j),[-0.01460182],[1.],[0.44184427],[1.],"(array([0.15646091]), array([0.0628372]))","(array([0.09967329]), array([-0.01604469]))","(array([0.09484107]), array([-0.01732398]))","(array([0.09085046]), array([-0.01819888]))","(array([0.0867328]), array([-0.01844999]))","(array([0.08218661]), array([-0.01785381]))","(array([0.07781256]), array([-0.01629525]))","(array([0.07500777]), array([-0.01384997]))","(array([0.07554674]), array([-0.01079266]))","(array([0.08097008]), array([-0.00753519]))","(array([0.09192437]), array([-0.00453735]))"
(0.24964760539274797+0j),[-0.00622282],[1.],[0.51906053],[1.],"(array([0.15538323]), array([0.07603834]))","(array([0.09485766]), array([-0.01729527]))","(array([0.09086607]), array([-0.01817131]))","(array([0.08674691]), array([-0.01842335]))","(array([0.08219905]), array([-0.0178279]))","(array([0.07782327]), array([-0.01627009]))","(array([0.07501664]), array([-0.01382566]))","(array([0.07555373]), array([-0.01076928]))","(array([0.08097526]), array([-0.00751279]))","(array([0.09192798]), array([-0.00451597]))","(array([0.10756912]), array([-0.00220575]))"
(0.2898440086316161+0j),[-0.00302435],[1.],[0.59888254],[1.],"(array([0.15832613]), array([0.09083339]))","(array([0.09088215]), array([-0.01814207]))","(array([0.08676161]), array([-0.0183952]))","(array([0.082212]), array([-0.01780065]))","(array([0.07783426]), array([-0.01624364]))","(array([0.07502561]), array([-0.01380003]))","(array([0.07556076]), array([-0.01074452]))","(array([0.08098051]), array([-0.00748892]))","(array([0.09193169]), array([-0.00449298]))","(array([0.10757165]), array([-0.00218365]))","(array([0.12534513]), array([-0.00090166]))"
(0.34527813933749174+0j),[-0.00537723],[1.],[0.66325052],[1.],"(array([0.16237892]), array([0.10407]))","(array([0.08677803]), array([-0.01836437]))","(array([0.08222652]), array([-0.01777096]))","(array([0.07784666]), array([-0.0162149]))","(array([0.07503578]), array([-0.01377215]))","(array([0.07556875]), array([-0.01071751]))","(array([0.08098664]), array([-0.00746285]))","(array([0.09193635]), array([-0.00446783]))","(array([0.10757517]), array([-0.00215936]))","(array([0.125348]), array([-0.00087824]))","(array([0.14155686]), array([-0.00081217]))"
(0.4086624359896941+0j),[-0.01263843],[1.],[0.69687187],[1.],"(array([0.16466727]), array([0.1127283]))","(array([0.08224333]), array([-0.0177388]))","(array([0.07786099]), array([-0.01618398]))","(array([0.07504765]), array([-0.01374229]))","(array([0.07557825]), array([-0.01068852]))","(array([0.08099394]), array([-0.00743473]))","(array([0.09194196]), array([-0.00444065]))","(array([0.10757987]), array([-0.00213316]))","(array([0.12535236]), array([-0.00085286]))","(array([0.14156149]), array([-0.00078748]))","(array([0.15244662]), array([-0.00190752]))"
(0.46974229193098194+0j),[-0.0232006],[1.],[0.6934635],[1.],"(array([0.16346573]), array([0.11508355]))","(array([0.07787709]), array([-0.01615123]))","(array([0.07506107]), array([-0.0137107]))","(array([0.07558896]), array([-0.01065793]))","(array([0.08100213]), array([-0.00740502]))","(array([0.09194824]), array([-0.00441201]))","(array([0.10758524]), array([-0.00210567]))","(array([0.12535746]), array([-0.0008262]))","(array([0.1415667]), array([-0.00076126]))","(array([0.15245251]), array([-0.0018816]))","(array([0.15561493]), array([-0.00392884]))"
(0.5186357372192225+0j),[-0.03499488],[1.],[0.65812981],[1.],"(array([0.15897121]), array([0.11139848]))","(array([0.07507409]), array([-0.01367693]))","(array([0.07559927]), array([-0.01062535]))","(array([0.0810101]), array([-0.00737372]))","(array([0.09195464]), array([-0.0043822]))","(array([0.10759108]), array([-0.00207742]))","(array([0.12536346]), array([-0.00079917]))","(array([0.14157291]), array([-0.00073497]))","(array([0.15245835]), array([-0.00185563]))","(array([0.15562053]), array([-0.00390321]))","(array([0.1509868]), array([-0.0064556]))"
(0.5489890888127258+0j),[-0.04629729],[1.],[0.60426944],[1.],"(array([0.15329518]), array([0.10370126]))","(array([0.07560862]), array([-0.01059139]))","(array([0.0810172]), array([-0.00734125]))","(array([0.09196024]), array([-0.00435126]))","(array([0.10759631]), array([-0.00204806]))","(array([0.1253695]), array([-0.00077127]))","(array([0.14158055]), array([-0.00070825]))","(array([0.15246681]), array([-0.00182974]))","(array([0.15562832]), array([-0.003878]))","(array([0.15099372]), array([-0.00643121]))","(array([0.14074287]), array([-0.00905713]))"
(0.5591410588745754+0j),[-0.05623729],[1.],[0.54712296],[1.],"(array([0.14959312]), array([0.09468693]))","(array([0.08102384]), array([-0.00730776]))","(array([0.09196555]), array([-0.00431951]))","(array([0.10760116]), array([-0.00201793]))","(array([0.12537508]), array([-0.00074274]))","(array([0.14158845]), array([-0.00068119]))","(array([0.15247746]), array([-0.00180391]))","(array([0.15563976]), array([-0.00385306]))","(array([0.15100372]), array([-0.00640719]))","(array([0.14075116]), array([-0.00903418]))","(array([0.12814669]), array([-0.01144162]))"
(0.5510884741557831+0j),[-0.06474271],[1.],[0.49796646],[1.],"(array([0.1508148]), array([0.08658135]))","(array([0.0919703]), array([-0.00428715]))","(array([0.10760559]), array([-0.00198737]))","(array([0.12538014]), array([-0.00071389]))","(array([0.14159563]), array([-0.00065408]))","(array([0.1524884]), array([-0.00177836]))","(array([0.1556537]), array([-0.00382872]))","(array([0.15101747]), array([-0.00638375]))","(array([0.14076235]), array([-0.00901176]))","(array([0.12815538]), array([-0.01142033]))","(array([0.11618741]), array([-0.01350712]))"
(0.5284924343616068+0j),[-0.07207135],[1.],[0.46147198],[1.],"(array([0.1585148]), array([0.0804395]))","(array([0.10760908]), array([-0.0019565]))","(array([0.12538428]), array([-0.00068484]))","(array([0.14160147]), array([-0.0006269]))","(array([0.15249768]), array([-0.00175312]))","(array([0.15566737]), array([-0.00380502]))","(array([0.15103328]), array([-0.00636108]))","(array([0.14077669]), array([-0.00898989]))","(array([0.12816648]), array([-0.01139937]))","(array([0.11619585]), array([-0.01348717]))","(array([0.10663013]), array([-0.0152781]))"
(0.4950897792724444+0j),[-0.07832637],[1.],[0.43629056],[1.],"(array([0.17207184]), array([0.07612564]))","(array([0.12538736]), array([-0.00065258]))","(array([0.14160598]), array([-0.00059661]))","(array([0.15250478]), array([-0.00172505]))","(array([0.15567889]), array([-0.003779]))","(array([0.15104891]), array([-0.00633645]))","(array([0.14079328]), array([-0.00896609]))","(array([0.128181]), array([-0.01137624]))","(array([0.11620741]), array([-0.01346479]))","(array([0.1066395]), array([-0.01525662]))","(array([0.09983271]), array([-0.01679916]))"
(0.4542041320821737+0j),[-0.08315451],[1.],[0.41755364],[1.],"(array([0.18853571]), array([0.07267145]))","(array([0.14160958]), array([-0.00056069]))","(array([0.15251042]), array([-0.00169136]))","(array([0.15568795]), array([-0.0037477]))","(array([0.15106274]), array([-0.00630705]))","(array([0.14081038]), array([-0.00893788]))","(array([0.12819829]), array([-0.01134879]))","(array([0.11622284]), array([-0.01343797]))","(array([0.10665277]), array([-0.01523049]))","(array([0.09984444]), array([-0.01677394]))","(array([0.09505027]), array([-0.01804271]))"
(0.4089881107026649+0j),[-0.08569625],[1.],[0.39985014],[1.],"(array([0.20349137]), array([0.06891992]))","(array([0.15251563]), array([-0.00165251]))","(array([0.15569567]), array([-0.00371116]))","(array([0.1510744]), array([-0.00627266]))","(array([0.14082631]), array([-0.00890511]))","(array([0.12821646]), array([-0.01131712]))","(array([0.11624089]), array([-0.01340709]))","(array([0.10666948]), array([-0.01520028]))","(array([0.09985968]), array([-0.01674446]))","(array([0.09506431]), array([-0.01801422]))","(array([0.09108413]), array([-0.01887029]))"
(0.36272225704980965+0j),[-0.08483428],[1.],[0.37990005],[1.],"(array([0.21250116]), array([0.06416503]))","(array([0.15570367]), array([-0.00367029]))","(array([0.15108522]), array([-0.00623391]))","(array([0.14084096]), array([-0.00886824]))","(array([0.12823441]), array([-0.01128172]))","(array([0.11626022]), array([-0.01337279]))","(array([0.10668857]), array([-0.01516683]))","(array([0.09987777]), array([-0.01671176]))","(array([0.09508121]), array([-0.01798237]))","(array([0.09109976]), array([-0.01883953]))","(array([0.08695949]), array([-0.01906093]))"
(0.31878838642181745+0j),[-0.07968841],[1.],[0.35833719],[1.],"(array([0.212818]), array([0.05851604]))","(array([0.15109689]), array([-0.0061919]))","(array([0.14085546]), array([-0.00882817]))","(array([0.12825204]), array([-0.01124337]))","(array([0.1162801]), array([-0.01333582]))","(array([0.10670912]), array([-0.01513095]))","(array([0.09989786]), array([-0.01667676]))","(array([0.09510028]), array([-0.01794823]))","(array([0.09111748]), array([-0.01880642]))","(array([0.08697554]), array([-0.019029]))","(array([0.08237511]), array([-0.01838844]))"
(0.280270237127583+0j),[-0.07013052],[1.],[0.34003397],[1.],"(array([0.204573]), array([0.05298615]))","(array([0.14087068]), array([-0.00878675]))","(array([0.1282696]), array([-0.01120363]))","(array([0.11629978]), array([-0.01329754]))","(array([0.10672992]), array([-0.01509391]))","(array([0.09991859]), array([-0.01664072]))","(array([0.0951202]), array([-0.01791312]))","(array([0.0911361]), array([-0.01877239]))","(array([0.0869924]), array([-0.01899619]))","(array([0.08238983]), array([-0.01835691]))","(array([0.07794795]), array([-0.01673768]))"
(0.24960686997812082+0j),[-0.05701991],[1.],[0.33277525],[1.],"(array([0.19072414]), array([0.04920267]))","(array([0.12828672]), array([-0.01116468]))","(array([0.11631847]), array([-0.01325998]))","(array([0.10674955]), array([-0.01505759]))","(array([0.09993827]), array([-0.01660547]))","(array([0.09513925]), array([-0.01787884]))","(array([0.09115399]), array([-0.01873916]))","(array([0.08700863]), array([-0.01896414]))","(array([0.08240396]), array([-0.01832614]))","(array([0.07795972]), array([-0.01670817]))","(array([0.07510724]), array([-0.01418993]))"
(0.22874778037337332+0j),[-0.04203806],[1.],[0.34468195],[1.],"(array([0.17568398]), array([0.04888005]))","(array([0.11633552]), array([-0.01322509]))","(array([0.10676732]), array([-0.01502389]))","(array([0.09995612]), array([-0.01657282]))","(array([0.0951566]), array([-0.0178471]))","(array([0.09117034]), array([-0.01870836]))","(array([0.0870235]), array([-0.01893441]))","(array([0.08241693]), array([-0.01829757]))","(array([0.07797052]), array([-0.01668076]))","(array([0.07511579]), array([-0.01416362]))","(array([0.07566185]), array([-0.01103103]))"
(0.21976124012694565+0j),[-0.02728459],[1.],[0.38118369],[1.],"(array([0.16358786]), array([0.05325376]))","(array([0.1067828]), array([-0.01499445]))","(array([0.09997168]), array([-0.01654436]))","(array([0.09517176]), array([-0.01781948]))","(array([0.09118468]), array([-0.01868155]))","(array([0.08703658]), array([-0.01890847]))","(array([0.08242837]), array([-0.01827259]))","(array([0.0779801]), array([-0.01665678]))","(array([0.07512345]), array([-0.0141406]))","(array([0.07566764]), array([-0.01100894]))","(array([0.08116648]), array([-0.0076856]))"
(0.22527094375200837+0j),[-0.01483428],[1.],[0.44221452],[1.],"(array([0.15692359]), array([0.06261218]))","(array([0.09998497]), array([-0.01652094]))","(array([0.09518475]), array([-0.01779686]))","(array([0.0911969]), array([-0.01865963]))","(array([0.08704773]), array([-0.01888721]))","(array([0.08243826]), array([-0.01825202]))","(array([0.0779886]), array([-0.01663693]))","(array([0.07513045]), array([-0.01412154]))","(array([0.07567307]), array([-0.01099071]))","(array([0.08117044]), array([-0.00766824]))","(array([0.09225394]), array([-0.00462147]))"
(0.24793556166831685+0j),[-0.00640454],[1.],[0.52033927],[1.],"(array([0.15601182]), array([0.07599039]))","(array([0.09519582]), array([-0.01777761]))","(array([0.09120733]), array([-0.01864121]))","(array([0.08705709]), array([-0.01886941]))","(array([0.08244649]), array([-0.01823465]))","(array([0.0779957]), array([-0.01662005]))","(array([0.07513636]), array([-0.01410526]))","(array([0.07567772]), array([-0.01097511]))","(array([0.08117386]), array([-0.00765337]))","(array([0.09225628]), array([-0.00460735]))","(array([0.10810992]), array([-0.00226615]))"
(0.28873289495513266+0j),[-0.00318297],[1.],[0.60092235],[1.],"(array([0.15912538]), array([0.09104963]))","(array([0.09121669]), array([-0.01862395]))","(array([0.08706564]), array([-0.01885282]))","(array([0.08245397]), array([-0.01821856]))","(array([0.07800204]), array([-0.01660441]))","(array([0.07514151]), array([-0.01409012]))","(array([0.07568174]), array([-0.01096053]))","(array([0.08117684]), array([-0.00763933]))","(array([0.09225834]), array([-0.00459384]))","(array([0.10811127]), array([-0.00225317]))","(array([0.12619513]), array([-0.00095169]))"
(0.3448581156526775+0j),[-0.00554712],[1.],[0.66567215],[1.],"(array([0.16331989]), array([0.10453753]))","(array([0.08707476]), array([-0.01883576]))","(array([0.08246203]), array([-0.01820216]))","(array([0.07800893]), array([-0.01658854]))","(array([0.07514718]), array([-0.0140747]))","(array([0.0756862]), array([-0.01094558]))","(array([0.0811803]), array([-0.00762495]))","(array([0.09226105]), array([-0.00457998]))","(array([0.1081134]), array([-0.00223976]))","(array([0.12619692]), array([-0.00093872]))","(array([0.14269888]), array([-0.00086242]))"
(0.40890426024277315+0j),[-0.0128509],[1.],[0.69911375],[1.],"(array([0.1656575]), array([0.11333097]))","(array([0.08247182]), array([-0.01818444]))","(array([0.0780173]), array([-0.01657159]))","(array([0.0751542]), array([-0.01405836]))","(array([0.07569192]), array([-0.01092967]))","(array([0.08118477]), array([-0.00760948]))","(array([0.09226461]), array([-0.00456505]))","(array([0.10811661]), array([-0.00222539]))","(array([0.12620013]), array([-0.0009247]))","(array([0.14270241]), array([-0.00084864]))","(array([0.1537408]), array([-0.00197043]))"
(0.47045410717267055+0j),[-0.02346757],[1.],[0.69498573],[1.],"(array([0.16438023]), array([0.11565353]))","(array([0.07802726]), array([-0.0165531]))","(array([0.07516261]), array([-0.01404056]))","(array([0.07569873]), array([-0.01091243]))","(array([0.08119006]), array([-0.00759268]))","(array([0.0922688]), array([-0.00454891]))","(array([0.10812049]), array([-0.00221001]))","(array([0.12620408]), array([-0.00090973]))","(array([0.14270653]), array([-0.00083363]))","(array([0.15374535]), array([-0.00195526]))","(array([0.15685436]), array([-0.00401391]))"
(0.5195173978934811+0j),[-0.03529914],[1.],[0.65864119],[1.],"(array([0.15970955]), array([0.11179611]))","(array([0.07517076]), array([-0.0140202]))","(array([0.07570521]), array([-0.01089279]))","(array([0.08119515]), array([-0.0075739]))","(array([0.09227313]), array([-0.00453125]))","(array([0.10812488]), array([-0.00219353]))","(array([0.126209]), array([-0.00089408]))","(array([0.1427117]), array([-0.00081831]))","(array([0.15374988]), array([-0.00193982]))","(array([0.15685816]), array([-0.00399837]))","(array([0.15198882]), array([-0.00656333]))"
(0.5497514493371148+0j),[-0.04660203],[1.],[0.6038142],[1.],"(array([0.15382488]), array([0.1038616]))","(array([0.07571093]), array([-0.01087092]))","(array([0.0811995]), array([-0.0075531]))","(array([0.09227674]), array([-0.00451161]))","(array([0.10812872]), array([-0.00217513]))","(array([0.12621403]), array([-0.0008768]))","(array([0.14271842]), array([-0.00080184]))","(array([0.1537572]), array([-0.0019238]))","(array([0.15686429]), array([-0.00398266]))","(array([0.15199347]), array([-0.00654807]))","(array([0.14140912]), array([-0.00917798]))"
(0.559598918270664+0j),[-0.05650769],[1.],[0.54596573],[1.],"(array([0.14997705]), array([0.09464566]))","(array([0.08120355]), array([-0.0075304]))","(array([0.09228018]), array([-0.0044903]))","(array([0.10813226]), array([-0.00215512]))","(array([0.12621866]), array([-0.00085805]))","(array([0.14272547]), array([-0.00078426]))","(array([0.15376685]), array([-0.00190713]))","(array([0.15687432]), array([-0.00396655]))","(array([0.15200144]), array([-0.00653256]))","(array([0.14141477]), array([-0.00916323]))","(array([0.12850554]), array([-0.01156372]))"
(0.5511721285676986+0j),[-0.06495579],[1.],[0.49641378],[1.],"(array([0.15116386]), array([0.08641624]))","(array([0.09228316]), array([-0.00446757]))","(array([0.10813546]), array([-0.00213387]))","(array([0.12622282]), array([-0.00083821]))","(array([0.14273187]), array([-0.00076586]))","(array([0.15377688]), array([-0.00189002]))","(array([0.15688703]), array([-0.00395038]))","(array([0.15201343]), array([-0.006517]))","(array([0.1414236]), array([-0.00914842]))","(array([0.12851138]), array([-0.01154978]))","(array([0.11633201]), array([-0.01362214]))"
(0.5281986834186112+0j),[-0.07221426],[1.],[0.45974735],[1.],"(array([0.15893752]), array([0.0802303]))","(array([0.10813772]), array([-0.00211191]))","(array([0.12622608]), array([-0.00081776]))","(array([0.14273693]), array([-0.00074702]))","(array([0.15378527]), array([-0.00187287]))","(array([0.15689953]), array([-0.00393451]))","(array([0.15202761]), array([-0.00650191]))","(array([0.14143576]), array([-0.00913385]))","(array([0.12851981]), array([-0.01153587]))","(array([0.11633743]), array([-0.013609]))","(array([0.10666918]), array([-0.0153845]))"
(0.4944721802652301+0j),[-0.07839949],[1.],[0.43452037],[1.],"(array([0.17266228]), array([0.07588211]))","(array([0.12622809]), array([-0.00079569]))","(array([0.14274049]), array([-0.00072659]))","(array([0.15379124]), array([-0.00185436]))","(array([0.15690954]), array([-0.00391777]))","(array([0.15204124]), array([-0.00648625]))","(array([0.14144975]), array([-0.00911871]))","(array([0.12853116]), array([-0.01152108]))","(array([0.11634542]), array([-0.01359467]))","(array([0.1066748]), array([-0.01537079]))","(array([0.09979735]), array([-0.01689266]))"
(0.4533411046823366+0j),[-0.08316839],[1.],[0.41576975],[1.],"(array([0.18939291]), array([0.07239041]))","(array([0.14274285]), array([-0.00070328]))","(array([0.1537954]), array([-0.0018329]))","(array([0.15691656]), array([-0.00389833]))","(array([0.15205234]), array([-0.00646831]))","(array([0.1414634]), array([-0.00910156]))","(array([0.12854435]), array([-0.01150427]))","(array([0.11635629]), array([-0.01357811]))","(array([0.10668327]), array([-0.01535458]))","(array([0.09980425]), array([-0.01687704]))","(array([0.09495122]), array([-0.01812055]))"
(0.4079351797380173+0j),[-0.0856574],[1.],[0.39802133],[1.],"(array([0.20461223]), array([0.06861217]))","(array([0.15379885]), array([-0.00180841]))","(array([0.15692183]), array([-0.00387571]))","(array([0.15206068]), array([-0.00644738]))","(array([0.14147517]), array([-0.00908176]))","(array([0.12855764]), array([-0.01148509]))","(array([0.11636895]), array([-0.01355926]))","(array([0.10669435]), array([-0.01533599]))","(array([0.09981383]), array([-0.01685881]))","(array([0.09495977]), array([-0.01810294]))","(array([0.09094865]), array([-0.01893602]))"
(0.3615321559841645+0j),[-0.08474106],[1.],[0.37799259],[1.],"(array([0.21373785]), array([0.06381403]))","(array([0.15692718]), array([-0.00384995]))","(array([0.15206787]), array([-0.00642325]))","(array([0.14148523]), array([-0.00905897]))","(array([0.12857023]), array([-0.01146324]))","(array([0.1163824]), array([-0.01353802]))","(array([0.10670731]), array([-0.01531515]))","(array([0.09982579]), array([-0.01683832]))","(array([0.09497072]), array([-0.01808293]))","(array([0.09095869]), array([-0.01891669]))","(array([0.0867819]), array([-0.01911219]))"
(0.31752054090367854+0j),[-0.07953716],[1.],[0.35635928],[1.],"(array([0.2139507]), array([0.05810617]))","(array([0.15207587]), array([-0.00639617]))","(array([0.14149504]), array([-0.0090333]))","(array([0.12858237]), array([-0.01143874]))","(array([0.11639626]), array([-0.01351439]))","(array([0.10672159]), array([-0.01529215]))","(array([0.0998396]), array([-0.0168158]))","(array([0.09498372]), array([-0.01806089]))","(array([0.09097072]), array([-0.01889528]))","(array([0.0867928]), array([-0.01909154]))","(array([0.08214521]), array([-0.0184197]))"
(0.27898718667940353+0j),[-0.06992356],[1.],[0.33805797],[1.],"(array([0.20541401]), array([0.05252276]))","(array([0.14150593]), array([-0.0090054]))","(array([0.12859483]), array([-0.01141201]))","(array([0.11641033]), array([-0.01348864]))","(array([0.10673653]), array([-0.01526721]))","(array([0.09985444]), array([-0.01679149]))","(array([0.09499792]), array([-0.01803717]))","(array([0.09098397]), array([-0.01887226]))","(array([0.08680482]), array([-0.01906935]))","(array([0.08215575]), array([-0.01839838]))","(array([0.07766852]), array([-0.01674388]))"
(0.24836482905139795+0j),[-0.05677151],[1.],[0.33092625],[1.],"(array([0.19118443]), array([0.0487155]))","(array([0.12860777]), array([-0.01138397]))","(array([0.11642442]), array([-0.01346158]))","(array([0.10675134]), array([-0.01524103]))","(array([0.09986926]), array([-0.01676606]))","(array([0.09501222]), array([-0.01801243]))","(array([0.0909974]), array([-0.01884827]))","(array([0.08681703]), array([-0.01904623]))","(array([0.08216641]), array([-0.01837619]))","(array([0.07767744]), array([-0.01672259]))","(array([0.07479885]), array([-0.01417023]))"
(0.2275909085388187+0j),[-0.04177339],[1.],[0.3430972],[1.],"(array([0.1758109]), array([0.04840398]))","(array([0.11643826]), array([-0.01343433]))","(array([0.10676574]), array([-0.0152147]))","(array([0.09988368]), array([-0.01674055]))","(array([0.09502622]), array([-0.01798763]))","(array([0.0910106]), array([-0.01882421]))","(array([0.08682904]), array([-0.01902299]))","(array([0.08217691]), array([-0.01835386]))","(array([0.07768622]), array([-0.01670118]))","(array([0.07480584]), array([-0.01414968]))","(array([0.07535076]), array([-0.01098995]))"
(0.21872123694427212+0j),[-0.02702974],[1.],[0.3799615],[1.],"(array([0.16349372]), array([0.05281006]))","(array([0.10677964]), array([-0.01518913]))","(array([0.09989764]), array([-0.01671584]))","(array([0.0950398]), array([-0.01796365]))","(array([0.09102343]), array([-0.01880092]))","(array([0.08684076]), array([-0.01900046]))","(array([0.08218719]), array([-0.01833217]))","(array([0.07769486]), array([-0.01668036]))","(array([0.07481278]), array([-0.01412969]))","(array([0.07535604]), array([-0.01097076]))","(array([0.08086923]), array([-0.00763165]))"
(0.22436474547086235+0j),[-0.01460165],[1.],[0.44138159],[1.],"(array([0.15673032]), array([0.06220261]))","(array([0.09991142]), array([-0.01669226]))","(array([0.09505324]), array([-0.01794087]))","(array([0.09103608]), array([-0.01877886]))","(array([0.08685231]), array([-0.01897906]))","(array([0.08219743]), array([-0.01831145]))","(array([0.07770367]), array([-0.01666038]))","(array([0.07482005]), array([-0.01411049]))","(array([0.0753617]), array([-0.01095241]))","(array([0.08087338]), array([-0.00761417]))","(array([0.09197238]), array([-0.00456394]))"
(0.24716551577175164+0j),[-0.00619572],[1.],[0.51985252],[1.],"(array([0.15574507]), array([0.0755937]))","(array([0.09506639]), array([-0.0179185]))","(array([0.09104845]), array([-0.01875743]))","(array([0.08686344]), array([-0.01895835]))","(array([0.08220722]), array([-0.01829128]))","(array([0.07771211]), array([-0.01664077]))","(array([0.07482705]), array([-0.01409158]))","(array([0.07536721]), array([-0.01093428]))","(array([0.08087743]), array([-0.00759687]))","(array([0.09197517]), array([-0.00454751]))","(array([0.10781424]), array([-0.0022113]))"
(0.2880844405038173+0j),[-0.0029858],[1.],[0.60072527],[1.],"(array([0.15879691]), array([0.09066452]))","(array([0.09106051]), array([-0.01873567]))","(array([0.08687444]), array([-0.01893744]))","(array([0.08221688]), array([-0.01827102]))","(array([0.07772029]), array([-0.0166211]))","(array([0.0748337]), array([-0.01407254]))","(array([0.07537239]), array([-0.01091592]))","(array([0.08088127]), array([-0.00757921]))","(array([0.09197783]), array([-0.00453053]))","(array([0.107816]), array([-0.00219498]))","(array([0.1258786]), array([-0.00090127]))"
(0.34431891219213606+0j),[-0.00534202],[1.],[0.66573709],[1.],"(array([0.16296499]), array([0.10418209]))","(array([0.08688631]), array([-0.0189155]))","(array([0.08222736]), array([-0.01824993]))","(array([0.07772923]), array([-0.0166007]))","(array([0.07484102]), array([-0.01405274]))","(array([0.07537813]), array([-0.01089675]))","(array([0.08088568]), array([-0.00756075]))","(array([0.09198121]), array([-0.00451275]))","(array([0.10781859]), array([-0.00217781]))","(array([0.12588072]), array([-0.00088468]))","(array([0.14238253]), array([-0.00081213]))"
(0.4084762160898983+0j),[-0.01262083],[1.],[0.69943729],[1.],"(array([0.16526754]), array([0.1130159]))","(array([0.08223967]), array([-0.01822732]))","(array([0.07773973]), array([-0.01657904]))","(array([0.07484978]), array([-0.01403186]))","(array([0.07538519]), array([-0.01087646]))","(array([0.08089114]), array([-0.00754106]))","(array([0.09198548]), array([-0.00449374]))","(array([0.1078223]), array([-0.00215951]))","(array([0.1258843]), array([-0.00086689]))","(array([0.1423864]), array([-0.00079471]))","(array([0.15343032]), array([-0.00191361]))"
(0.47015947816042986+0j),[-0.02320183],[1.],[0.69557906],[1.],"(array([0.16393518]), array([0.1153823]))","(array([0.077752]), array([-0.0165555]))","(array([0.07486006]), array([-0.01400919]))","(array([0.07539344]), array([-0.01085452]))","(array([0.08089749]), array([-0.00751974]))","(array([0.09199043]), array([-0.00447324]))","(array([0.10782671]), array([-0.0021399]))","(array([0.12588866]), array([-0.00084783]))","(array([0.1423909]), array([-0.00077576]))","(array([0.15343535]), array([-0.00189466]))","(array([0.15654408]), array([-0.00394394]))"
(0.5194062065932936+0j),[-0.03499549],[1.],[0.65950671],[1.],"(array([0.15921068]), array([0.11158373]))","(array([0.07487029]), array([-0.01398351]))","(array([0.07540154]), array([-0.01082976]))","(array([0.08090378]), array([-0.00749603]))","(array([0.09199561]), array([-0.00445082]))","(array([0.10783169]), array([-0.00211883]))","(array([0.12589401]), array([-0.00082773]))","(array([0.14239648]), array([-0.00075612]))","(array([0.15344042]), array([-0.00187504]))","(array([0.15654864]), array([-0.00392438]))","(array([0.15168889]), array([-0.00647519]))"
(0.5498931043244365+0j),[-0.04626847],[1.],[0.6049124],[1.],"(array([0.15329465]), array([0.1037194]))","(array([0.07540909]), array([-0.01080211]))","(array([0.08090948]), array([-0.00746967]))","(array([0.09200018]), array([-0.00442584]))","(array([0.10783618]), array([-0.00209528]))","(array([0.12589951]), array([-0.00080546]))","(array([0.14240362]), array([-0.00073482]))","(array([0.15344827]), array([-0.00185434]))","(array([0.15655557]), array([-0.00390414]))","(array([0.15169465]), array([-0.00645558]))","(array([0.14113267]), array([-0.00906941]))"
(0.5600600706804632+0j),[-0.05616022],[1.],[0.54720728],[1.],"(array([0.14944246]), array([0.0945702]))","(array([0.08091506]), array([-0.00744064]))","(array([0.09200468]), array([-0.00439842]))","(array([0.10784044]), array([-0.00206938]))","(array([0.12590464]), array([-0.00078102]))","(array([0.14241113]), array([-0.0007117]))","(array([0.15345848]), array([-0.0018323]))","(array([0.15656644]), array([-0.00388285]))","(array([0.15170385]), array([-0.00643507]))","(array([0.14113995]), array([-0.00904985]))","(array([0.12825717]), array([-0.0114358]))"
(0.5519946818343774+0j),[-0.0646125],[1.],[0.49768921],[1.],"(array([0.15063915]), array([0.08638858]))","(array([0.09200892]), array([-0.00436846]))","(array([0.10784446]), array([-0.00204115]))","(array([0.12590938]), array([-0.00075442]))","(array([0.14241804]), array([-0.00068675]))","(array([0.15346916]), array([-0.00180883]))","(array([0.15658009]), array([-0.00386051]))","(array([0.15171725]), array([-0.00641358]))","(array([0.14115066]), array([-0.00902932]))","(array([0.12826529]), array([-0.01141635]))","(array([0.11610445]), array([-0.01347849]))"
(0.5293984962640339+0j),[-0.07188987],[1.],[0.46098454],[1.],"(array([0.15841393]), array([0.0802178]))","(array([0.10784777]), array([-0.00201016]))","(array([0.12591336]), array([-0.00072525]))","(array([0.14242377]), array([-0.00065944]))","(array([0.15347841]), array([-0.00178345]))","(array([0.15659385]), array([-0.00383668]))","(array([0.15173323]), array([-0.00639079]))","(array([0.14116522]), array([-0.00900736]))","(array([0.12827663]), array([-0.01139531]))","(array([0.11611313]), array([-0.01345847]))","(array([0.10643862]), array([-0.01522768]))"
(0.49602561281248103+0j),[-0.07810799],[1.],[0.43570626],[1.],"(array([0.172121]), array([0.07588158]))","(array([0.12591624]), array([-0.0006928]))","(array([0.14242815]), array([-0.00062895]))","(array([0.15348546]), array([-0.00175517]))","(array([0.15660543]), array([-0.00381045]))","(array([0.15174904]), array([-0.00636596]))","(array([0.14118206]), array([-0.00898339]))","(array([0.12829142]), array([-0.01137203]))","(array([0.11612497]), array([-0.01343595]))","(array([0.10644828]), array([-0.01520607]))","(array([0.09957288]), array([-0.01673044]))"
(0.4551880006183851+0j),[-0.08292616],[1.],[0.41695841],[1.],"(array([0.18884688]), array([0.07241335]))","(array([0.14243143]), array([-0.00059452]))","(array([0.15349084]), array([-0.00172291]))","(array([0.15661426]), array([-0.00378053]))","(array([0.15176265]), array([-0.00633789]))","(array([0.14119891]), array([-0.00895647]))","(array([0.12830841]), array([-0.01134585]))","(array([0.11614007]), array([-0.01341036]))","(array([0.10646119]), array([-0.01518114]))","(array([0.09958424]), array([-0.01670637]))","(array([0.0947542]), array([-0.0179626]))"
(0.41000627185048116+0j),[-0.08548027],[1.],[0.39930987],[1.],"(array([0.20409417]), array([0.06867064]))","(array([0.15349569]), array([-0.00168609]))","(array([0.15662161]), array([-0.00374596]))","(array([0.15177393]), array([-0.0063054]))","(array([0.14121442]), array([-0.00892554]))","(array([0.1283261]), array([-0.01131597]))","(array([0.11615757]), array([-0.01338123]))","(array([0.10647733]), array([-0.01515262]))","(array([0.0995989]), array([-0.01667853]))","(array([0.09476768]), array([-0.01793569]))","(array([0.09079004]), array([-0.01878761]))"
(0.3637524536845145+0j),[-0.08464217],[1.],[0.37946227],[1.],"(array([0.21327063]), array([0.06392918]))","(array([0.15662933]), array([-0.00370649]))","(array([0.1517845]), array([-0.00626802]))","(array([0.14122884]), array([-0.00889]))","(array([0.1283438]), array([-0.01128187]))","(array([0.11617663]), array([-0.0133482]))","(array([0.10649613]), array([-0.01512041]))","(array([0.0996167]), array([-0.01664704]))","(array([0.09478428]), array([-0.01790501]))","(array([0.09080541]), array([-0.01875797]))","(array([0.08668049]), array([-0.0189793]))"
(0.31981252379196146+0j),[-0.07952494],[1.],[0.35802194],[1.],"(array([0.21354497]), array([0.05829378]))","(array([0.15179625]), array([-0.00622612]))","(array([0.14124354]), array([-0.00885006]))","(array([0.12836171]), array([-0.01124367]))","(array([0.11619681]), array([-0.0133114]))","(array([0.10651699]), array([-0.01508469]))","(array([0.09963709]), array([-0.01661219]))","(array([0.09480364]), array([-0.01787103]))","(array([0.0908234]), array([-0.018725]))","(array([0.08669681]), array([-0.0189475]))","(array([0.08211479]), array([-0.01830946]))"
(0.28127491097353197+0j),[-0.06999895],[1.],[0.33982385],[1.],"(array([0.2050883]), array([0.05278151]))","(array([0.14125962]), array([-0.00880686]))","(array([0.12838034]), array([-0.01120225]))","(array([0.11621769]), array([-0.01327152]))","(array([0.10653902]), array([-0.01504612]))","(array([0.09965903]), array([-0.01657467]))","(array([0.09482473]), array([-0.01783448]))","(array([0.09084312]), array([-0.01868956]))","(array([0.08671468]), array([-0.01891332]))","(array([0.08213041]), array([-0.01827661]))","(array([0.07770643]), array([-0.01666394]))"
(0.2505795725092085+0j),[-0.056925],[1.],[0.33260882],[1.],"(array([0.19094477]), array([0.04902004]))","(array([0.12839947]), array([-0.01115939]))","(array([0.1162386]), array([-0.01323022]))","(array([0.10656097]), array([-0.01500618]))","(array([0.09968103]), array([-0.01653592]))","(array([0.09484603]), array([-0.01779679]))","(array([0.09086313]), array([-0.01865302]))","(array([0.08673285]), array([-0.01887808]))","(array([0.08214625]), array([-0.01824275]))","(array([0.07771965]), array([-0.01663145]))","(array([0.07487795]), array([-0.01412601]))"
(0.2296722969574397+0j),[-0.04198529],[1.],[0.34445891],[1.],"(array([0.17563626]), array([0.04870792]))","(array([0.11625883]), array([-0.01318956]))","(array([0.10658206]), array([-0.01496691]))","(array([0.0997022]), array([-0.01649787]))","(array([0.09486661]), array([-0.01775982]))","(array([0.09088253]), array([-0.01861714]))","(array([0.0867505]), array([-0.01884343]))","(array([0.08216166]), array([-0.01820944]))","(array([0.0777325]), array([-0.01659948]))","(array([0.07488818]), array([-0.01409531]))","(array([0.0754213]), array([-0.01098124]))"
(0.2206101240664924+0j),[-0.02727457],[1.],[0.38078363],[1.],"(array([0.16333942]), array([0.05306026]))","(array([0.1066019]), array([-0.01492984]))","(array([0.09972214]), array([-0.016462]))","(array([0.09488604]), array([-0.01772501]))","(array([0.09090089]), array([-0.01858335]))","(array([0.08676724]), array([-0.01881075]))","(array([0.08217633]), array([-0.01817797]))","(array([0.07774481]), array([-0.01656925]))","(array([0.07489803]), array([-0.01406627]))","(array([0.07542878]), array([-0.01095335]))","(array([0.08087329]), array([-0.00765167]))"
(0.26083301379904444+0j),[-0.017495],[1.],[0.51326922],[1.],"(array([0.16088203]), array([0.06949402]))","(array([0.09974111]), array([-0.01642871]))","(array([0.09490453]), array([-0.01769281]))","(array([0.09091831]), array([-0.01855215]))","(array([0.08678314]), array([-0.01878052]))","(array([0.08219038]), array([-0.01814875]))","(array([0.07775683]), array([-0.01654108]))","(array([0.0749079]), array([-0.01403917]))","(array([0.07543642]), array([-0.01092739]))","(array([0.08087885]), array([-0.00762689]))","(array([0.10021774]), array([-0.0047979]))"
(0.3156338946527134+0j),[-0.01560408],[1.],[0.61157986],[1.],"(array([0.16594839]), array([0.09120382]))","(array([0.09492227]), array([-0.01766216]))","(array([0.09093502]), array([-0.01852283]))","(array([0.0867982]), array([-0.01875223]))","(array([0.08220361]), array([-0.01812121]))","(array([0.07776819]), array([-0.0165143]))","(array([0.07491728]), array([-0.01401329]))","(array([0.0754438]), array([-0.01090249]))","(array([0.08088433]), array([-0.00760303]))","(array([0.1002219]), array([-0.00477517]))","(array([0.12628553]), array([-0.00352243]))"
(0.377690415191925+0j),[-0.02041161],[1.],[0.66980413],[1.],"(array([0.17027015]), array([0.10507321]))","(array([0.09095123]), array([-0.01849384]))","(array([0.08681301]), array([-0.01872434]))","(array([0.08221664]), array([-0.01809424]))","(array([0.07777922]), array([-0.01648812]))","(array([0.07492624]), array([-0.01398791]))","(array([0.07545083]), array([-0.01087797]))","(array([0.08088969]), array([-0.00757941]))","(array([0.10022624]), array([-0.00475237]))","(array([0.12628946]), array([-0.00350043]))","(array([0.14394091]), array([-0.00388602]))"
(0.4396305315347041+0j),[-0.03021162],[1.],[0.68737772],[1.],"(array([0.171979]), array([0.11072286]))","(array([0.08683034]), array([-0.01869597]))","(array([0.08223196]), array([-0.01806694]))","(array([0.07779237]), array([-0.01646177]))","(array([0.07493713]), array([-0.01396223]))","(array([0.07545949]), array([-0.01085298]))","(array([0.0808965]), array([-0.0075553]))","(array([0.10023261]), array([-0.00472909]))","(array([0.12629624]), array([-0.00347759]))","(array([0.14394799]), array([-0.00386354]))","(array([0.15239861]), array([-0.00556165]))"
(0.49509402834710015+0j),[-0.04292649],[1.],[0.66856045],[1.],"(array([0.16990431]), array([0.10894702]))","(array([0.08224964]), array([-0.01803842]))","(array([0.07780799]), array([-0.01643444]))","(array([0.07495042]), array([-0.01393598]))","(array([0.07547032]), array([-0.01082735]))","(array([0.08090493]), array([-0.00753023]))","(array([0.10024002]), array([-0.00470485]))","(array([0.12630412]), array([-0.00345395]))","(array([0.14395638]), array([-0.00383979]))","(array([0.15240772]), array([-0.00553779]))","(array([0.15206333]), array([-0.0081185]))"
(0.5394928861002434+0j),[-0.05633528],[1.],[0.62110388],[1.],"(array([0.16401506]), array([0.10144316]))","(array([0.0778233]), array([-0.01640404]))","(array([0.0749633]), array([-0.01390651]))","(array([0.07548058]), array([-0.01079892]))","(array([0.08091299]), array([-0.00750292]))","(array([0.10024744]), array([-0.00467917]))","(array([0.12631215]), array([-0.0034297]))","(array([0.14396467]), array([-0.00381592]))","(array([0.15241526]), array([-0.00551366]))","(array([0.15206995]), array([-0.00809422]))","(array([0.14434204]), array([-0.01106754]))"
(0.5703026077124784+0j),[-0.06859043],[1.],[0.55457917],[1.],"(array([0.15554468]), array([0.09031794]))","(array([0.07497488]), array([-0.01387397]))","(array([0.07548958]), array([-0.01076761]))","(array([0.08091977]), array([-0.00747296]))","(array([0.10025401]), array([-0.004651]))","(array([0.12632011]), array([-0.00340327]))","(array([0.14397428]), array([-0.0037907]))","(array([0.15242536]), array([-0.00548905]))","(array([0.15207865]), array([-0.00806997]))","(array([0.14434906]), array([-0.01104385]))","(array([0.13126989]), array([-0.01394931]))"
(0.5869215440200098+0j),[-0.07861511],[1.],[0.47871143],[1.],"(array([0.14675213]), array([0.07758167]))","(array([0.07549834]), array([-0.01073349]))","(array([0.08092646]), array([-0.00744048]))","(array([0.1002605]), array([-0.0046203]))","(array([0.12632825]), array([-0.00337438]))","(array([0.14398489]), array([-0.00376344]))","(array([0.15243867]), array([-0.00546311]))","(array([0.15209216]), array([-0.00804485]))","(array([0.14436015]), array([-0.01101959]))","(array([0.13127822]), array([-0.01392613]))","(array([0.11507764]), array([-0.01643902]))"
(0.5902593487951887+0j),[-0.08619241],[1.],[0.40225222],[1.],"(array([0.14035976]), array([0.06483166]))","(array([0.08093325]), array([-0.0074054]))","(array([0.10026727]), array([-0.00458722]))","(array([0.12633704]), array([-0.0033433]))","(array([0.14399633]), array([-0.00373442]))","(array([0.1524541]), array([-0.00543612]))","(array([0.15211042]), array([-0.0080193]))","(array([0.14437717]), array([-0.01099499]))","(array([0.13129083]), array([-0.0139027]))","(array([0.11508566]), array([-0.01641695]))","(array([0.09785982]), array([-0.01839924]))"
(0.5822655689179201+0j),[-0.0917309],[1.],[0.3323708],[1.],"(array([0.13882149]), array([0.05317069]))","(array([0.10027381]), array([-0.00455145]))","(array([0.12634615]), array([-0.00330979]))","(array([0.14400845]), array([-0.00370335]))","(array([0.15247042]), array([-0.00540795]))","(array([0.15213176]), array([-0.00799352]))","(array([0.14440017]), array([-0.01097063]))","(array([0.13131015]), array([-0.0138793]))","(array([0.11509805]), array([-0.01639474]))","(array([0.09786568]), array([-0.01837836]))","(array([0.08139449]), array([-0.01985817]))"
(0.5222329122780845+0j),[-0.09726137],[1.],[0.31722704],[1.],"(array([0.15471874]), array([0.04758976]))","(array([0.1263543]), array([-0.00327331]))","(array([0.14402035]), array([-0.00366967]))","(array([0.15248628]), array([-0.00537761]))","(array([0.1521531]), array([-0.00796657]))","(array([0.14442626]), array([-0.010946]))","(array([0.13133585]), array([-0.0138559]))","(array([0.11511748]), array([-0.01637209]))","(array([0.09787606]), array([-0.01835655]))","(array([0.08139717]), array([-0.01983732]))","(array([0.07235349]), array([-0.02109648]))"
(0.46660334657910746+0j),[-0.10295114],[1.],[0.30258703],[1.],"(array([0.18024102]), array([0.04537692]))","(array([0.14402714]), array([-0.00363421]))","(array([0.15249534]), array([-0.00534467]))","(array([0.1521655]), array([-0.00793625]))","(array([0.14444337]), array([-0.01091776]))","(array([0.1313559]), array([-0.01382907]))","(array([0.11513655]), array([-0.01634621]))","(array([0.09789101]), array([-0.01833132]))","(array([0.08140716]), array([-0.01981255]))","(array([0.07236138]), array([-0.02107261]))","(array([0.06905103]), array([-0.0223564]))"
(0.4148885424025707+0j),[-0.10680111],[1.],[0.28813773],[1.],"(array([0.19722222]), array([0.04169423]))","(array([0.15250287]), array([-0.00530912]))","(array([0.15217442]), array([-0.00790251]))","(array([0.14445483]), array([-0.01088574]))","(array([0.13137029]), array([-0.01379854]))","(array([0.11515258]), array([-0.01631695]))","(array([0.09790683]), array([-0.01830302]))","(array([0.08142151]), array([-0.01978481]))","(array([0.07237474]), array([-0.02104549]))","(array([0.06906412]), array([-0.02233037]))","(array([0.06582796]), array([-0.02342221]))"
(0.3669063875083821+0j),[-0.10743514],[1.],[0.27374715],[1.],"(array([0.20452904]), array([0.03700474]))","(array([0.15218458]), array([-0.00786548]))","(array([0.14446639]), array([-0.01085028]))","(array([0.13138415]), array([-0.01376459]))","(array([0.11516888]), array([-0.01628441]))","(array([0.09792447]), array([-0.01827167]))","(array([0.08143851]), array([-0.01975424]))","(array([0.07239071]), array([-0.02101536]))","(array([0.06907965]), array([-0.02230119]))","(array([0.06584275]), array([-0.02339404]))","(array([0.06262879]), array([-0.02391762]))"
(0.3227393228207094+0j),[-0.1041505],[1.],[0.25947128],[1.],"(array([0.20235961]), array([0.03184815]))","(array([0.14448007]), array([-0.0108114]))","(array([0.13139927]), array([-0.01372715]))","(array([0.11518626]), array([-0.01624826]))","(array([0.09794425]), array([-0.01823673]))","(array([0.08145804]), array([-0.01972009]))","(array([0.07240927]), array([-0.02098155]))","(array([0.06909756]), array([-0.02226841]))","(array([0.06585963]), array([-0.02336229]))","(array([0.06264423]), array([-0.02388701]))","(array([0.05944553]), array([-0.02361284]))"
(0.28265722723609527+0j),[-0.09670693],[1.],[0.24554731],[1.],"(array([0.19204879]), array([0.0267965]))","(array([0.13141618]), array([-0.01368631]))","(array([0.11520465]), array([-0.01620873]))","(array([0.09796474]), array([-0.01819829]))","(array([0.08147869]), array([-0.01968243]))","(array([0.07242948]), array([-0.02094462]))","(array([0.06911709]), array([-0.02223269]))","(array([0.06587797]), array([-0.02332778]))","(array([0.0626609]), array([-0.02385373]))","(array([0.05946014]), array([-0.02358083]))","(array([0.05631347]), array([-0.0224063]))"
(0.24699302513507632+0j),[-0.08516527],[1.],[0.23236676],[1.],"(array([0.1756455]), array([0.02238228]))","(array([0.1152236]), array([-0.0161665]))","(array([0.09798496]), array([-0.01815737]))","(array([0.08149922]), array([-0.01964276]))","(array([0.07244995]), array([-0.02090627]))","(array([0.06913703]), array([-0.0221956]))","(array([0.06589681]), array([-0.02329195]))","(array([0.0626781]), array([-0.02381917]))","(array([0.05947524]), array([-0.02354754]))","(array([0.05632613]), array([-0.02237429]))","(array([0.05330738]), array([-0.02028083]))"
(0.2160128141154774+0j),[-0.06981653],[1.],[0.22038174],[1.],"(array([0.15546358]), array([0.01899375]))","(array([0.09800499]), array([-0.01811572]))","(array([0.08151968]), array([-0.01960254]))","(array([0.0724704]), array([-0.02086753]))","(array([0.06915699]), array([-0.02215817]))","(array([0.0659157]), array([-0.02325577]))","(array([0.06269536]), array([-0.02378422]))","(array([0.0594904]), array([-0.02351383]))","(array([0.05633883]), array([-0.02234184]))","(array([0.05331738]), array([-0.02024965]))","(array([0.05052473]), array([-0.0172762]))"
(0.18980590612043194+0j),[-0.05118905],[1.],[0.2100539],[1.],"(array([0.1337325]), array([0.01681101]))","(array([0.08153938]), array([-0.01956367]))","(array([0.07249014]), array([-0.02083011]))","(array([0.06917624]), array([-0.02212209]))","(array([0.0659339]), array([-0.0232209]))","(array([0.06271197]), array([-0.02375052]))","(array([0.05950498]), array([-0.02348128]))","(array([0.05635102]), array([-0.02231047]))","(array([0.05332695]), array([-0.02021952]))","(array([0.05053157]), array([-0.01724731]))","(array([0.04806756]), array([-0.01348197]))"
(0.1682159627390822+0j),[-0.03011154],[1.],[0.2019438],[1.],"(array([0.11241452]), array([0.01582888]))","(array([0.07250843]), array([-0.02079527]))","(array([0.06919402]), array([-0.02208853]))","(array([0.06595069]), array([-0.02318845]))","(array([0.0627273]), array([-0.0237191]))","(array([0.05951843]), array([-0.0234509]))","(array([0.05636228]), array([-0.02228118]))","(array([0.05333579]), array([-0.02019138]))","(array([0.05053788]), array([-0.01722036]))","(array([0.04807133]), array([-0.01345618]))","(array([0.04604832]), array([-0.00904506]))"
(0.16887374408803685+0j),[-0.0117029],[1.],[0.29216505],[1.],"(array([0.10408642]), array([0.02479606]))","(array([0.06921031]), array([-0.02205755]))","(array([0.06596603]), array([-0.02315852]))","(array([0.0627413]), array([-0.02369012]))","(array([0.05953074]), array([-0.02342287]))","(array([0.05637256]), array([-0.02225413]))","(array([0.05334383]), array([-0.02016537]))","(array([0.05054358]), array([-0.01719544]))","(array([0.04807467]), array([-0.01343236]))","(array([0.04604939]), array([-0.00902231]))","(array([0.05523652]), array([-0.00455305]))"
(0.1867703610234088+0j),[0.00012682],[1.],[0.40366779],[1.],"(array([0.10923189]), array([0.04493107]))","(array([0.06598062]), array([-0.02313064]))","(array([0.06275462]), array([-0.02366314]))","(array([0.05954241]), array([-0.02339673]))","(array([0.05638231]), array([-0.02222885]))","(array([0.05335146]), array([-0.020141]))","(array([0.05054903]), array([-0.01717205]))","(array([0.04807798]), array([-0.01340997]))","(array([0.04605053]), array([-0.00900086]))","(array([0.05523605]), array([-0.00453263]))","(array([0.0779924]), array([-0.00116666]))"
(0.22465124782880086+0j),[0.00549031],[1.],[0.52163553],[1.],"(array([0.11730253]), array([0.06728135]))","(array([0.06276797]), array([-0.02363678]))","(array([0.05955406]), array([-0.02337142]))","(array([0.05639196]), array([-0.02220427]))","(array([0.05335906]), array([-0.02011726]))","(array([0.05055455]), array([-0.01714934]))","(array([0.04808132]), array([-0.01338827]))","(array([0.04605172]), array([-0.00898008]))","(array([0.05523558]), array([-0.00451294]))","(array([0.07799096]), array([-0.00114813]))","(array([0.10392992]), array([0.00075803]))"
(0.281473072704768+0j),[0.00493394],[1.],[0.6258823],[1.],"(array([0.12618313]), array([0.08877853]))","(array([0.05956572]), array([-0.02334532]))","(array([0.0564017]), array([-0.02217909]))","(array([0.05336674]), array([-0.02009295]))","(array([0.05056004]), array([-0.01712591]))","(array([0.04808458]), array([-0.01336571]))","(array([0.04605282]), array([-0.00895842]))","(array([0.05523505]), array([-0.00449227]))","(array([0.07798945]), array([-0.00112845]))","(array([0.10392787]), array([0.00077679]))","(array([0.12903552]), array([0.00128691]))"
(0.35082902619032375+0j),[-0.00044968],[1.],[0.69726363],[1.],"(array([0.13344239]), array([0.10581696]))","(array([0.0564126]), array([-0.0221526]))","(array([0.05337543]), array([-0.02006758]))","(array([0.05056652]), array([-0.01710147]))","(array([0.04808875]), array([-0.01334204]))","(array([0.04605461]), array([-0.00893553]))","(array([0.05523506]), array([-0.00447031]))","(array([0.07798867]), array([-0.00110754]))","(array([0.10392682]), array([0.00079683]))","(array([0.12903489]), array([0.00130624]))","(array([0.14877233]), array([0.0006001]))"
(0.4220027918966117+0j),[-0.00911662],[1.],[0.7252489],[1.],"(array([0.13716085]), array([0.11570804]))","(array([0.05338556]), array([-0.02004101]))","(array([0.05057403]), array([-0.0170758]))","(array([0.04809362]), array([-0.01331722]))","(array([0.04605692]), array([-0.0089115]))","(array([0.0552353]), array([-0.00444714]))","(array([0.07798786]), array([-0.00108543]))","(array([0.10392589]), array([0.00081791]))","(array([0.12903465]), array([0.00132666]))","(array([0.1487737]), array([0.00061997]))","(array([0.15974496]), array([-0.00100216]))"
(0.48344921202816366+0j),[-0.01928574],[1.],[0.71198365],[1.],"(array([0.13663825]), array([0.11788407]))","(array([0.05058226]), array([-0.01704881]))","(array([0.04809885]), array([-0.01329088]))","(array([0.04605944]), array([-0.0088861]))","(array([0.05523585]), array([-0.00442276]))","(array([0.07798754]), array([-0.00106259]))","(array([0.10392553]), array([0.00083949]))","(array([0.12903467]), array([0.00134763]))","(array([0.14877438]), array([0.00064083]))","(array([0.15974698]), array([-0.0009814]))","(array([0.16105542]), array([-0.00313824]))"
(0.5266780778399909+0j),[-0.02935363],[1.],[0.67030884],[1.],"(array([0.13253801]), array([0.11406809]))","(array([0.04810336]), array([-0.01326237]))","(array([0.04606083]), array([-0.00885879]))","(array([0.0552353]), array([-0.00439695]))","(array([0.07798662]), array([-0.00103865]))","(array([0.10392504]), array([0.00086201]))","(array([0.12903527]), array([0.00136913]))","(array([0.14877616]), array([0.0006616]))","(array([0.15974926]), array([-0.00096113]))","(array([0.16105826]), array([-0.00311853]))","(array([0.15451071]), array([-0.00542303]))"
(0.5482665579158066+0j),[-0.03814188],[1.],[0.61711213],[1.],"(array([0.12641867]), array([0.10732166]))","(array([0.04606205]), array([-0.00882968]))","(array([0.05523456]), array([-0.00436948]))","(array([0.07798528]), array([-0.00101284]))","(array([0.10392404]), array([0.00088639]))","(array([0.1290359]), array([0.00139226]))","(array([0.14877949]), array([0.00068354]))","(array([0.15975462]), array([-0.00094016]))","(array([0.16106399]), array([-0.00309855]))","(array([0.1545164]), array([-0.00540407]))","(array([0.1435684]), array([-0.00754133]))"
(0.5493028276917112+0j),[-0.04497806],[1.],[0.56636761],[1.],"(array([0.11997805]), array([0.10064887]))","(array([0.05523381]), array([-0.00434]))","(array([0.07798381]), array([-0.0009851]))","(array([0.10392288]), array([0.0009126]))","(array([0.12903641]), array([0.0014169]))","(array([0.14878345]), array([0.00070653]))","(array([0.15976242]), array([-0.00091853]))","(array([0.16107345]), array([-0.00307791]))","(array([0.15452525]), array([-0.00538453]))","(array([0.14357621]), array([-0.00752292]))","(array([0.13175071]), array([-0.00928787]))"
(0.5331342188042221+0j),[-0.05051919],[1.],[0.52560689],[1.],"(array([0.12519584]), array([0.09554207]))","(array([0.07798196]), array([-0.00095501]))","(array([0.10392122]), array([0.00094098]))","(array([0.12903627]), array([0.00144357]))","(array([0.14878666]), array([0.00073112]))","(array([0.15977056]), array([-0.00089585]))","(array([0.16108522]), array([-0.00305647]))","(array([0.15453749]), array([-0.00536401]))","(array([0.1435869]), array([-0.00750346]))","(array([0.13175978]), array([-0.0092695]))","(array([0.12146435]), array([-0.01066725]))"
(0.5036709355762857+0j),[-0.05558674],[1.],[0.4957189],[1.],"(array([0.14504523]), array([0.09153534]))","(array([0.10391833]), array([0.00097164]))","(array([0.12903469]), array([0.00147245]))","(array([0.14878792]), array([0.00075791]))","(array([0.15977671]), array([-0.00087135]))","(array([0.16109654]), array([-0.0030336]))","(array([0.1545513]), array([-0.0053421]))","(array([0.14360024]), array([-0.00748234]))","(array([0.13177135]), array([-0.00924927]))","(array([0.12147439]), array([-0.01064796]))","(array([0.11361308]), array([-0.01185353]))"
(0.4647603861738837+0j),[-0.05973639],[1.],[0.47287753],[1.],"(array([0.16897916]), array([0.08792507]))","(array([0.12903132]), array([0.00150403]))","(array([0.14878697]), array([0.00078749]))","(array([0.15977988]), array([-0.00084414]))","(array([0.16110535]), array([-0.00300841]))","(array([0.15456452]), array([-0.0053181]))","(array([0.14361492]), array([-0.00745908]))","(array([0.13178531]), array([-0.00922663]))","(array([0.12148694]), array([-0.010626]))","(array([0.11362449]), array([-0.01183239]))","(array([0.10781517]), array([-0.01288876]))"
(0.4200319494164676+0j),[-0.06189943],[1.],[0.45178721],[1.],"(array([0.19230657]), array([0.08394186]))","(array([0.14878459]), array([0.00082057]))","(array([0.15978077]), array([-0.00081326]))","(array([0.16111115]), array([-0.00297979]))","(array([0.15457565]), array([-0.0052911]))","(array([0.14362942]), array([-0.00743305]))","(array([0.13180077]), array([-0.00920125]))","(array([0.12150192]), array([-0.01060116]))","(array([0.11363854]), array([-0.01180815]))","(array([0.10782834]), array([-0.01286535]))","(array([0.10300945]), array([-0.01360178]))"
(0.37320938112558927+0j),[-0.06071989],[1.],[0.42874729],[1.],"(array([0.2097374]), array([0.07900637]))","(array([0.15978106]), array([-0.00077866]))","(array([0.16111534]), array([-0.00294729]))","(array([0.15458487]), array([-0.00526051]))","(array([0.1436431]), array([-0.00740382]))","(array([0.13181693]), array([-0.00917296]))","(array([0.12151875]), array([-0.01057357]))","(array([0.11365502]), array([-0.01178119]))","(array([0.10784404]), array([-0.0128391]))","(array([0.10302417]), array([-0.01357644]))","(array([0.09816302]), array([-0.01371767]))"
(0.3281104118693185+0j),[-0.05513808],[1.],[0.40384434],[1.],"(array([0.21742957]), array([0.07319333]))","(array([0.16111976]), array([-0.00291153]))","(array([0.15459352]), array([-0.00522661]))","(array([0.14365625]), array([-0.00737155]))","(array([0.13183352]), array([-0.00914195]))","(array([0.12153699]), array([-0.01054354]))","(array([0.11367349]), array([-0.01175194]))","(array([0.10786193]), array([-0.0128106]))","(array([0.10304101]), array([-0.01354884]))","(array([0.09817846]), array([-0.01369111]))","(array([0.09285809]), array([-0.01296177]))"
(0.28824008034203075+0j),[-0.04495439],[1.],[0.38158961],[1.],"(array([0.21461646]), array([0.06740334]))","(array([0.15460283]), array([-0.0051905]))","(array([0.14366952]), array([-0.00733704]))","(array([0.13185031]), array([-0.00910885]))","(array([0.12155601]), array([-0.01051162]))","(array([0.11369318]), array([-0.01172097]))","(array([0.10788124]), array([-0.01278047]))","(array([0.1030593]), array([-0.01351968]))","(array([0.09819522]), array([-0.01366306]))","(array([0.09287294]), array([-0.01293491]))","(array([0.08761129]), array([-0.01119058]))"
(0.2563844609531108+0j),[-0.03105988],[1.],[0.36970569],[1.],"(array([0.20385726]), array([0.06318357]))","(array([0.14368295]), array([-0.00730179]))","(array([0.13186685]), array([-0.00907497]))","(array([0.12157469]), array([-0.01047896]))","(array([0.11371269]), array([-0.01168936]))","(array([0.10790053]), array([-0.0127498]))","(array([0.10307765]), array([-0.01348999]))","(array([0.09821205]), array([-0.01363451]))","(array([0.09288781]), array([-0.01290759]))","(array([0.08762394]), array([-0.01116448]))","(array([0.08380691]), array([-0.00848156]))"
(0.23469605803214486+0j),[-0.01522306],[1.],[0.37648084],[1.],"(array([0.18976947]), array([0.06227043]))","(array([0.13188265]), array([-0.0090419]))","(array([0.12159239]), array([-0.0104471]))","(array([0.11373121]), array([-0.01165856]))","(array([0.10791892]), array([-0.01271993]))","(array([0.10309521]), array([-0.01346108]))","(array([0.09822819]), array([-0.01360666]))","(array([0.09290207]), array([-0.01288093]))","(array([0.08763607]), array([-0.011139]))","(array([0.08381687]), array([-0.00845717]))","(array([0.08326036]), array([-0.0051337]))"
(0.2252755714723777+0j),[0.00035641],[1.],[0.40758596],[1.],"(array([0.17705638]), array([0.06602345]))","(array([0.12160897]), array([-0.01041714]))","(array([0.11374856]), array([-0.01162965]))","(array([0.10793621]), array([-0.01269192]))","(array([0.10311175]), array([-0.01343395]))","(array([0.09824343]), array([-0.0135805]))","(array([0.09291559]), array([-0.01285582]))","(array([0.08764764]), array([-0.01111498]))","(array([0.08382643]), array([-0.00843418]))","(array([0.08326798]), array([-0.00511167]))","(array([0.08756272]), array([-0.00159259]))"
(0.23061955915130436+0j),[0.01349177],[1.],[0.46316225],[1.],"(array([0.16889186]), array([0.07477819]))","(array([0.11376517]), array([-0.01160283]))","(array([0.10795276]), array([-0.01266605]))","(array([0.10312753]), array([-0.01340894]))","(array([0.09825796]), array([-0.01355635]))","(array([0.09292859]), array([-0.01283256]))","(array([0.08765897]), array([-0.01109262]))","(array([0.08383599]), array([-0.00841273]))","(array([0.08327573]), array([-0.00509118]))","(array([0.08756878]), array([-0.00157306]))","(array([0.09739254]), array([0.00164842]))"
(0.2531542004879304+0j),[0.0223517],[1.],[0.5359362],[1.],"(array([0.16617762]), array([0.08744763]))","(array([0.10796845]), array([-0.01264135]))","(array([0.10314251]), array([-0.0133853]))","(array([0.09827163]), array([-0.01353359]))","(array([0.09294077]), array([-0.0128105]))","(array([0.0876696]), array([-0.01107127]))","(array([0.083845]), array([-0.00839216]))","(array([0.08328309]), array([-0.00507145]))","(array([0.08757457]), array([-0.00155422]))","(array([0.097397]), array([0.00166639]))","(array([0.11195859]), array([0.00413462]))"
(0.2936164344720288+0j),[0.02566907],[1.],[0.61149576],[1.],"(array([0.16760707]), array([0.10167658]))","(array([0.10315693]), array([-0.01336184]))","(array([0.09828493]), array([-0.01351109]))","(array([0.0929526]), array([-0.01278881]))","(array([0.08767981]), array([-0.01105028]))","(array([0.08385354]), array([-0.00837189]))","(array([0.08329006]), array([-0.00505192]))","(array([0.08758012]), array([-0.0015354]))","(array([0.09740131]), array([0.00168452]))","(array([0.11196198]), array([0.00415209]))","(array([0.12879654]), array([0.00551093]))"
(0.3490620261718808+0j),[0.02301957],[1.],[0.6718768],[1.],"(array([0.1704297]), array([0.11431549]))","(array([0.09829907]), array([-0.01348781]))","(array([0.09296523]), array([-0.01276649]))","(array([0.08769076]), array([-0.01102878]))","(array([0.08386273]), array([-0.0083511]))","(array([0.08329757]), array([-0.00503182]))","(array([0.08758625]), array([-0.00151602]))","(array([0.09740638]), array([0.00170324]))","(array([0.11196623]), array([0.00417022]))","(array([0.12880033]), array([0.00552852]))","(array([0.14418631]), array([0.00558012]))"
(0.41208992463905786+0j),[0.01504581],[1.],[0.70195586],[1.],"(array([0.17168563]), array([0.12234711]))","(array([0.09297982]), array([-0.01274279]))","(array([0.0877034]), array([-0.01100613]))","(array([0.08387347]), array([-0.00832935]))","(array([0.08330647]), array([-0.00501074]))","(array([0.08759347]), array([-0.00149558]))","(array([0.0974124]), array([0.001723]))","(array([0.11197171]), array([0.00418933]))","(array([0.12880565]), array([0.00554717]))","(array([0.14419187]), array([0.00559847]))","(array([0.15431173]), array([0.00436502]))"
(0.4724289829123198+0j),[0.00342609],[1.],[0.69571841],[1.],"(array([0.16952533]), array([0.12410029]))","(array([0.08771783]), array([-0.01098176]))","(array([0.08388583]), array([-0.00830594]))","(array([0.08331672]), array([-0.00498815]))","(array([0.08760175]), array([-0.00147368]))","(array([0.09741926]), array([0.00174407]))","(array([0.11197802]), array([0.00420956]))","(array([0.12881187]), array([0.00556692]))","(array([0.14419811]), array([0.00561819]))","(array([0.15431828]), array([0.00438483]))","(array([0.15676797]), array([0.00213429]))"
(0.5203121571812546+0j),[-0.00964367],[1.],[0.65852254],[1.],"(array([0.16407651]), array([0.11994236]))","(array([0.08389802]), array([-0.00827997]))","(array([0.08332676]), array([-0.00496312]))","(array([0.08760997]), array([-0.00144968]))","(array([0.09742638]), array([0.00176682]))","(array([0.11198492]), array([0.00423105]))","(array([0.12881913]), array([0.00558752]))","(array([0.14420555]), array([0.00563839]))","(array([0.15432506]), array([0.00440505]))","(array([0.156774]), array([0.00215448]))","(array([0.15154982]), array([-0.00066455]))"
(0.5495918078015204+0j),[-0.02228958],[1.],[0.6038323],[1.],"(array([0.1574388]), array([0.11197063]))","(array([0.08333623]), array([-0.00493579]))","(array([0.08761766]), array([-0.00142359]))","(array([0.09743299]), array([0.00179164]))","(array([0.11199146]), array([0.00425456]))","(array([0.12882666]), array([0.00560987]))","(array([0.14421466]), array([0.00565991]))","(array([0.15433474]), array([0.00442608]))","(array([0.15678251]), array([0.0021751]))","(array([0.15155686]), array([-0.00064451]))","(array([0.14089703]), array([-0.00356446]))"
(0.5587979956599266+0j),[-0.03352946],[1.],[0.54668416],[1.],"(array([0.15280135]), array([0.10290365]))","(array([0.08762519]), array([-0.00139535]))","(array([0.09743956]), array([0.00181838]))","(array([0.11199784]), array([0.00427992]))","(array([0.12883392]), array([0.00563391]))","(array([0.14422424]), array([0.00568281]))","(array([0.15434685]), array([0.00444809]))","(array([0.15679497]), array([0.00219649]))","(array([0.15156729]), array([-0.00062384]))","(array([0.14090517]), array([-0.00354471]))","(array([0.12810977]), array([-0.00624388]))"
(0.550014670107146+0j),[-0.04323271],[1.],[0.49798559],[1.],"(array([0.15312851]), array([0.09490742]))","(array([0.09744583]), array([0.00184717]))","(array([0.11200402]), array([0.00430713]))","(array([0.12884085]), array([0.00565965]))","(array([0.14423329]), array([0.0057071]))","(array([0.15435948]), array([0.00447116]))","(array([0.15681024]), array([0.00221863]))","(array([0.15158187]), array([-0.00060245]))","(array([0.14091663]), array([-0.00352424]))","(array([0.12811828]), array([-0.00622447]))","(array([0.11613651]), array([-0.00858399]))"
(0.5268787801172925+0j),[-0.05163916],[1.],[0.46204368],[1.],"(array([0.1599605]), array([0.08893734]))","(array([0.11200952]), array([0.0043366]))","(array([0.12884709]), array([0.00568749]))","(array([0.14424122]), array([0.00573327]))","(array([0.15437074]), array([0.00449567]))","(array([0.15682564]), array([0.00224187]))","(array([0.151599]), array([-0.00058008]))","(array([0.14093185]), array([-0.00350263]))","(array([0.12812987]), array([-0.00620376]))","(array([0.11614514]), array([-0.00856429]))","(array([0.10666228]), array([-0.01060384]))"
(0.4930707242093527+0j),[-0.05887572],[1.],[0.43725732],[1.],"(array([0.17267683]), array([0.08473866]))","(array([0.12885234]), array([0.00571805]))","(array([0.14424791]), array([0.0057621]))","(array([0.15437989]), array([0.00452254]))","(array([0.15683892]), array([0.002267]))","(array([0.15161596]), array([-0.0005561]))","(array([0.14094927]), array([-0.00347939]))","(array([0.12814477]), array([-0.00618117]))","(array([0.11615674]), array([-0.00854245]))","(array([0.10667149]), array([-0.01058289]))","(array([0.09994447]), array([-0.01234937]))"
(0.45185956277187495+0j),[-0.0646338],[1.],[0.41861559],[1.],"(array([0.18840397]), array([0.08128563]))","(array([0.14425369]), array([0.00579418]))","(array([0.15438752]), array([0.0045527]))","(array([0.15684956]), array([0.00229513]))","(array([0.15163076]), array([-0.00052951]))","(array([0.14096663]), array([-0.00345376]))","(array([0.1281617]), array([-0.00615619]))","(array([0.11617138]), array([-0.00851803]))","(array([0.1066837]), array([-0.0105591]))","(array([0.09995501]), array([-0.01232641]))","(array([0.09519723]), array([-0.0138021]))"
(0.40636722459131364+0j),[-0.06808957],[1.],[0.40066045],[1.],"(array([0.20270758]), array([0.0774005]))","(array([0.15439484]), array([0.0045866]))","(array([0.15685887]), array([0.00232708]))","(array([0.15164327]), array([-0.00049934]))","(array([0.14098259]), array([-0.00342489]))","(array([0.12817914]), array([-0.00612821]))","(array([0.11618814]), array([-0.0084907]))","(array([0.1066988]), array([-0.01053234]))","(array([0.0999685]), array([-0.01230029]))","(array([0.09520951]), array([-0.01377683]))","(array([0.09121448]), array([-0.01483416]))"
(0.35989850545297775+0j),[-0.0681505],[1.],[0.38015369],[1.],"(array([0.21108365]), array([0.07235069]))","(array([0.15686872]), array([0.00236298]))","(array([0.15165515]), array([-0.00046521]))","(array([0.1409974]), array([-0.00339232]))","(array([0.12819641]), array([-0.00609686]))","(array([0.11620615]), array([-0.00846028]))","(array([0.10671618]), array([-0.01050263]))","(array([0.09998471]), array([-0.01227121]))","(array([0.09522451]), array([-0.01374848]))","(array([0.09122831]), array([-0.01480674]))","(array([0.08700036]), array([-0.01522794]))"
(0.3158723214432527+0j),[-0.06394989],[1.],[0.35784079],[1.],"(array([0.2107891]), array([0.06626387]))","(array([0.15166823]), array([-0.00042752]))","(array([0.14101239]), array([-0.00335628]))","(array([0.12821367]), array([-0.00606231]))","(array([0.11622496]), array([-0.00842692]))","(array([0.10673521]), array([-0.01047021]))","(array([0.10000307]), array([-0.01223955]))","(array([0.09524181]), array([-0.01371756]))","(array([0.09124434]), array([-0.0147767]))","(array([0.08701487]), array([-0.01519891]))","(array([0.08226595]), array([-0.01476091]))"
(0.2773807915845692+0j),[-0.05535792],[1.],[0.33874125],[1.],"(array([0.20204261]), array([0.06020672]))","(array([0.14102863]), array([-0.00331787]))","(array([0.1282314]), array([-0.00602538]))","(array([0.11624412]), array([-0.0083913]))","(array([0.10675502]), array([-0.01043571]))","(array([0.10002254]), array([-0.01220595]))","(array([0.0952604]), array([-0.0136848]))","(array([0.09126167]), array([-0.01474489]))","(array([0.08703056]), array([-0.01516817]))","(array([0.08227965]), array([-0.0147313]))","(array([0.07766006]), array([-0.01332014]))"
(0.24682820536269878+0j),[-0.043218],[1.],[0.33077142],[1.],"(array([0.18787835]), array([0.05587211]))","(array([0.1282494]), array([-0.00598766]))","(array([0.11626307]), array([-0.00835487]))","(array([0.10677444]), array([-0.01040044]))","(array([0.10004174]), array([-0.0121717]))","(array([0.09527885]), array([-0.01365145]))","(array([0.09127896]), array([-0.01471251]))","(array([0.08704625]), array([-0.0151369]))","(array([0.08229332]), array([-0.0147012]))","(array([0.07767144]), array([-0.01329119]))","(array([0.07464542]), array([-0.01098621]))"
(0.22609955972955104+0j),[-0.02918712],[1.],[0.34213372],[1.],"(array([0.1727515]), array([0.0550216]))","(array([0.11628119]), array([-0.00831938]))","(array([0.10679288]), array([-0.01036613]))","(array([0.10005999]), array([-0.01213843]))","(array([0.09529648]), array([-0.01361909]))","(array([0.09129553]), array([-0.01468107]))","(array([0.08706131]), array([-0.01510648]))","(array([0.08230645]), array([-0.01467189]))","(array([0.07768236]), array([-0.01326301]))","(array([0.07465404]), array([-0.0109591]))","(array([0.07504823]), array([-0.00804034]))"
(0.21719145387295946+0j),[-0.01533602],[1.],[0.37829259],[1.],"(array([0.16075371]), array([0.05891374]))","(array([0.10681009]), array([-0.010334]))","(array([0.10007705]), array([-0.01210733]))","(array([0.09531298]), array([-0.01358888]))","(array([0.09131109]), array([-0.0146517]))","(array([0.08707549]), array([-0.01507802]))","(array([0.08231885]), array([-0.01464443]))","(array([0.07769273]), array([-0.01323658]))","(array([0.0746623]), array([-0.01093367]))","(array([0.07505441]), array([-0.00801589]))","(array([0.08042631]), array([-0.00490063]))"
(0.25741156511773394+0j),[-0.0063136],[1.],[0.51205024],[1.],"(array([0.15869999]), array([0.07510061]))","(array([0.10009325]), array([-0.01207866]))","(array([0.09532867]), array([-0.01356113]))","(array([0.09132582]), array([-0.01462478]))","(array([0.08708892]), array([-0.01505188]))","(array([0.08233072]), array([-0.01461909]))","(array([0.07770288]), array([-0.01321209]))","(array([0.0746706]), array([-0.01091008]))","(array([0.07506077]), array([-0.00799328]))","(array([0.08043085]), array([-0.00487905]))","(array([0.09990332]), array([-0.00222233]))"
(0.3122969993556911+0j),[-0.00504682],[1.],[0.61159748],[1.],"(array([0.16418638]), array([0.09674267]))","(array([0.09534369]), array([-0.01353478]))","(array([0.09133993]), array([-0.01459957]))","(array([0.08710159]), array([-0.01502751]))","(array([0.08234184]), array([-0.01459528]))","(array([0.07771242]), array([-0.01318887]))","(array([0.07467846]), array([-0.01088761]))","(array([0.0750669]), array([-0.00797165]))","(array([0.0804353]), array([-0.00485833]))","(array([0.09990653]), array([-0.00220262]))","(array([0.12626315]), array([-0.00109719]))"
(0.37451839600004955+0j),[-0.01036081],[1.],[0.67103762],[1.],"(array([0.16882542]), array([0.11056902]))","(array([0.09135355]), array([-0.0145747]))","(array([0.08711402]), array([-0.01500354]))","(array([0.08235277]), array([-0.01457204]))","(array([0.07772165]), array([-0.01316625]))","(array([0.07468591]), array([-0.01086564]))","(array([0.07507269]), array([-0.00795041]))","(array([0.08043964]), array([-0.00483785]))","(array([0.09990993]), array([-0.00218285]))","(array([0.1262661]), array([-0.00107812]))","(array([0.14419793]), array([-0.00158582]))"
(0.4367171865310702+0j),[-0.02057041],[1.],[0.68980815],[1.],"(array([0.17074209]), array([0.11619652]))","(array([0.08712887]), array([-0.01497919]))","(array([0.08236588]), array([-0.01454856]))","(array([0.07773291]), array([-0.01314354]))","(array([0.07469524]), array([-0.01084344]))","(array([0.07508007]), array([-0.00792875]))","(array([0.08044541]), array([-0.00481697]))","(array([0.09991532]), array([-0.00216269]))","(array([0.12627185]), array([-0.0010583]))","(array([0.14420394]), array([-0.00156627]))","(array([0.15293014]), array([-0.00336492]))"
(0.4925538510761736+0j),[-0.03361988],[1.],[0.67212948],[1.],"(array([0.16877197]), array([0.11440618]))","(array([0.08238117]), array([-0.01452402]))","(array([0.07774647]), array([-0.01312002]))","(array([0.07470681]), array([-0.01082083]))","(array([0.07508951]), array([-0.00790662]))","(array([0.08045272]), array([-0.0047953]))","(array([0.09992169]), array([-0.00214179]))","(array([0.12627864]), array([-0.00103789]))","(array([0.14421119]), array([-0.00154565]))","(array([0.15293805]), array([-0.0033441]))","(array([0.15286171]), array([-0.00600829]))"
(0.5374492548971506+0j),[-0.04730818],[1.],[0.62566899],[1.],"(array([0.16290104]), array([0.10687334]))","(array([0.07775957]), array([-0.01309376]))","(array([0.07471783]), array([-0.01079534]))","(array([0.07509824]), array([-0.00788202]))","(array([0.08045953]), array([-0.00477169]))","(array([0.09992797]), array([-0.0021197]))","(array([0.12628551]), array([-0.00101712]))","(array([0.14421826]), array([-0.00152517]))","(array([0.1529443]), array([-0.0033233]))","(array([0.15286697]), array([-0.00598728]))","(array([0.14538328]), array([-0.00903103]))"
(0.5688639626326212+0j),[-0.05980133],[1.],[0.55989665],[1.],"(array([0.15438629]), array([0.09567839]))","(array([0.07472746]), array([-0.0107671]))","(array([0.07510563]), array([-0.00785485]))","(array([0.08046499]), array([-0.00474571]))","(array([0.09993333]), array([-0.00209536]))","(array([0.12629224]), array([-0.00099439]))","(array([0.14422658]), array([-0.00150354]))","(array([0.15295304]), array([-0.00330221]))","(array([0.15287424]), array([-0.00596649]))","(array([0.14538882]), array([-0.00901073]))","(array([0.1325029]), array([-0.01197605]))"
(0.5861579415697925+0j),[-0.07003428],[1.],[0.48445377],[1.],"(array([0.14551559]), array([0.08281307]))","(array([0.07511274]), array([-0.00782496]))","(array([0.08047032]), array([-0.00471729]))","(array([0.09993859]), array([-0.00206854]))","(array([0.12629912]), array([-0.00096922]))","(array([0.14423587]), array([-0.00147988]))","(array([0.15296493]), array([-0.00327979]))","(array([0.15288627]), array([-0.00594484]))","(array([0.14539839]), array([-0.00898988]))","(array([0.13250968]), array([-0.01195619]))","(array([0.1164275]), array([-0.0145198]))"
(0.5901866854950346+0j),[-0.07780284],[1.],[0.40804742],[1.],"(array([0.13904163]), array([0.06986901]))","(array([0.08047576]), array([-0.00468619]))","(array([0.09994412]), array([-0.00203925]))","(array([0.12630666]), array([-0.00094173]))","(array([0.14424602]), array([-0.00145434]))","(array([0.15297897]), array([-0.00325618]))","(array([0.15290305]), array([-0.0059226]))","(array([0.14541389]), array([-0.00896854]))","(array([0.13252076]), array([-0.01193597]))","(array([0.11643403]), array([-0.01450084]))","(array([0.09924122]), array([-0.01652678]))"
(0.5828401733283342+0j),[-0.08352811],[1.],[0.33784951],[1.],"(array([0.13744227]), array([0.05795254]))","(array([0.09994943]), array([-0.00200712]))","(array([0.12631453]), array([-0.00091167]))","(array([0.14425688]), array([-0.00142657]))","(array([0.15299395]), array([-0.00323121]))","(array([0.15292294]), array([-0.00589992]))","(array([0.14543539]), array([-0.00894721]))","(array([0.1325386]), array([-0.01191555]))","(array([0.11644498]), array([-0.01448156]))","(array([0.09924573]), array([-0.01650875]))","(array([0.08272346]), array([-0.01802811]))"
(0.5225612213204401+0j),[-0.08925929],[1.],[0.32255405],[1.],"(array([0.15347327]), array([0.05211388]))","(array([0.12632141]), array([-0.00087856]))","(array([0.1442675]), array([-0.0013961]))","(array([0.15300851]), array([-0.00320397]))","(array([0.1529429]), array([-0.00587598]))","(array([0.14546001]), array([-0.00892551]))","(array([0.13256281]), array([-0.01189499]))","(array([0.11646298]), array([-0.0144617]))","(array([0.09925479]), array([-0.01648967]))","(array([0.08272497]), array([-0.01800991]))","(array([0.07361085]), array([-0.01930842]))"
(0.46669391405399424+0j),[-0.09515864],[1.],[0.30766275],[1.],"(array([0.17929923]), array([0.04968209]))","(array([0.14427289]), array([-0.00136403]))","(array([0.15301612]), array([-0.00317433]))","(array([0.1529538]), array([-0.00584889]))","(array([0.14547552]), array([-0.00890042]))","(array([0.13258121]), array([-0.01187123]))","(array([0.11648044]), array([-0.0144388]))","(array([0.09926822]), array([-0.01646733]))","(array([0.08273363]), array([-0.01798796]))","(array([0.07361751]), array([-0.01928727]))","(array([0.07025452]), array([-0.02061355]))"
(0.41475570662733496+0j),[-0.09922158],[1.],[0.29285589],[1.],"(array([0.19656131]), array([0.04578607]))","(array([0.15302205]), array([-0.00314231]))","(array([0.15296104]), array([-0.00581863]))","(array([0.14548524]), array([-0.00887183]))","(array([0.13259381]), array([-0.01184406]))","(array([0.11649468]), array([-0.0144128]))","(array([0.09928237]), array([-0.0164422]))","(array([0.0827465]), array([-0.01796328]))","(array([0.07362951]), array([-0.01926312]))","(array([0.07026627]), array([-0.02059039]))","(array([0.06695603]), array([-0.02172565]))"
(0.36657282850119455+0j),[-0.10006897],[1.],[0.27800739],[1.],"(array([0.20413305]), array([0.0408857]))","(array([0.15296937]), array([-0.00578535]))","(array([0.1454949]), array([-0.00884007]))","(array([0.13260572]), array([-0.01181374]))","(array([0.11650905]), array([-0.01438379]))","(array([0.09929819]), array([-0.01641426]))","(array([0.0827619]), array([-0.01793602]))","(array([0.07364401]), array([-0.01923619]))","(array([0.07028035]), array([-0.0205643]))","(array([0.06696943]), array([-0.02170048]))","(array([0.06365982]), array([-0.02226753]))"
(0.3222359188596822+0j),[-0.09699625],[1.],[0.26318806],[1.],"(array([0.20221057]), array([0.0355182]))","(array([0.1455065]), array([-0.00880516]))","(array([0.13261872]), array([-0.0117802]))","(array([0.11652435]), array([-0.01435144]))","(array([0.09931602]), array([-0.01638302]))","(array([0.08277971]), array([-0.01790545]))","(array([0.07366096]), array([-0.01920584]))","(array([0.07029669]), array([-0.02053487]))","(array([0.06698483]), array([-0.02167198]))","(array([0.0636739]), array([-0.02224007]))","(array([0.06035999]), array([-0.02200884]))"
(0.28202277794693276+0j),[-0.08976194],[1.],[0.2486557],[1.],"(array([0.19211332]), array([0.03025464]))","(array([0.13263338]), array([-0.01174347]))","(array([0.11654054]), array([-0.01431593]))","(array([0.09933446]), array([-0.01634848]))","(array([0.08279853]), array([-0.01787157]))","(array([0.07367948]), array([-0.01917257]))","(array([0.07031454]), array([-0.02050268]))","(array([0.06700157]), array([-0.02164089]))","(array([0.06368911]), array([-0.02221011]))","(array([0.06037334]), array([-0.02198004]))","(array([0.05709462]), array([-0.02084713]))"
(0.24627280386696812+0j),[-0.07842672],[1.],[0.2348267],[1.],"(array([0.17586529]), array([0.02562939]))","(array([0.11655724]), array([-0.01427774]))","(array([0.0993526]), array([-0.01631149]))","(array([0.08281723]), array([-0.0178357]))","(array([0.07369823]), array([-0.01913788]))","(array([0.07033278]), array([-0.02046915]))","(array([0.0670188]), array([-0.02160851]))","(array([0.06370484]), array([-0.02217889]))","(array([0.06038715]), array([-0.02195]))","(array([0.05710622]), array([-0.02081827]))","(array([0.05394293]), array([-0.01876485]))"
(0.21525567417028937+0j),[-0.06328376],[1.],[0.22218024],[1.],"(array([0.15576051]), array([0.02203461]))","(array([0.09937067]), array([-0.01627351]))","(array([0.08283598]), array([-0.01779903]))","(array([0.07371708]), array([-0.01910258]))","(array([0.07035116]), array([-0.02043504]))","(array([0.06703619]), array([-0.02157555]))","(array([0.06372073]), array([-0.02214707]))","(array([0.06040111]), array([-0.02191933]))","(array([0.05711792]), array([-0.02078878]))","(array([0.05395216]), array([-0.01873654]))","(array([0.05100846]), array([-0.0158023]))"
(0.18906016511274282+0j),[-0.04486567],[1.],[0.21120549],[1.],"(array([0.13402311]), array([0.01965377]))","(array([0.0828542]), array([-0.01776325]))","(array([0.07373546]), array([-0.01906814]))","(array([0.07036907]), array([-0.02040184]))","(array([0.0670531]), array([-0.02154348]))","(array([0.06373616]), array([-0.02211609]))","(array([0.06041465]), array([-0.02188944]))","(array([0.05712926]), array([-0.02075999]))","(array([0.05396108]), array([-0.01870891]))","(array([0.05101486]), array([-0.01577583]))","(array([0.04840014]), array([-0.01205053]))"
(0.16752505848647553+0j),[-0.02400737],[1.],[0.20249082],[1.],"(array([0.11262162]), array([0.01848365]))","(array([0.07375267]), array([-0.01903573]))","(array([0.07038578]), array([-0.02037063]))","(array([0.06706886]), array([-0.02151331]))","(array([0.06375054]), array([-0.0220869]))","(array([0.06042727]), array([-0.02186123]))","(array([0.05713982]), array([-0.02073282]))","(array([0.05396939]), array([-0.01868283]))","(array([0.05102081]), array([-0.01575087]))","(array([0.04840372]), array([-0.01202667]))","(array([0.04623714]), array([-0.00765833]))"
(0.1682644313927394+0j),[-0.0058241],[1.],[0.29234733],[1.],"(array([0.10420912]), array([0.02729028]))","(array([0.07040122]), array([-0.02034153]))","(array([0.0670834]), array([-0.02148521]))","(array([0.0637638]), array([-0.02205971]))","(array([0.06043892]), array([-0.02183494]))","(array([0.05714957]), array([-0.02070748]))","(array([0.05397702]), array([-0.01865849]))","(array([0.05102623]), array([-0.01572758]))","(array([0.04840692]), array([-0.01200441]))","(array([0.04623819]), array([-0.00763708]))","(array([0.05531412]), array([-0.00321418]))"
(0.18617944402608416+0j),[0.00578552],[1.],[0.40357266],[1.],"(array([0.10930494]), array([0.04729101]))","(array([0.06709735]), array([-0.02145882]))","(array([0.06377652]), array([-0.02203419]))","(array([0.06045008]), array([-0.02181024]))","(array([0.05715889]), array([-0.0206836]))","(array([0.05398432]), array([-0.01863549]))","(array([0.05103147]), array([-0.01570551]))","(array([0.04841012]), array([-0.01198331]))","(array([0.04623933]), array([-0.00761687]))","(array([0.05531373]), array([-0.00319495]))","(array([0.07799277]), array([0.00012359]))"
(0.2240126962508164+0j),[0.01093243],[1.],[0.5213788],[1.],"(array([0.11731507]), array([0.06952421]))","(array([0.06378938]), array([-0.02200906]))","(array([0.0604613]), array([-0.02178614]))","(array([0.05716818]), array([-0.0206602]))","(array([0.05399166]), array([-0.01861291]))","(array([0.05103681]), array([-0.01568394]))","(array([0.04841339]), array([-0.01196271]))","(array([0.04624053]), array([-0.00759716]))","(array([0.05531335]), array([-0.00317627]))","(array([0.07799149]), array([0.00014116]))","(array([0.10387372]), array([0.00200001]))"
(0.28073773892400794+0j),[0.0101608],[1.],[0.62561968],[1.],"(array([0.12612811]), array([0.09092868]))","(array([0.06047258]), array([-0.02176113]))","(array([0.05717762]), array([-0.02063611]))","(array([0.0539991]), array([-0.01858967]))","(array([0.05104215]), array([-0.01566155]))","(array([0.04841658]), array([-0.01194116]))","(array([0.04624164]), array([-0.00757648]))","(array([0.0553129]), array([-0.00315653]))","(array([0.07799012]), array([0.00015996]))","(array([0.10387187]), array([0.00201793]))","(array([0.12895092]), array([0.00248054]))"
(0.3499836598075092+0j),[0.00456312],[1.],[0.69717542],[1.],"(array([0.13331872]), array([0.10790604]))","(array([0.05718823]), array([-0.02061062]))","(array([0.05400759]), array([-0.01856529]))","(array([0.0510485]), array([-0.01563809]))","(array([0.04842069]), array([-0.01191845]))","(array([0.04624344]), array([-0.00755452]))","(array([0.05531299]), array([-0.00313546]))","(array([0.07798948]), array([0.00018004]))","(array([0.103871]), array([0.00203719]))","(array([0.12895048]), array([0.00249913]))","(array([0.14869536]), array([0.00174524]))"
(0.42107786234015454+0j),[-0.00431356],[1.],[0.72549972],[1.],"(array([0.13697012]), array([0.11777009]))","(array([0.05401753]), array([-0.01853966]))","(array([0.05105589]), array([-0.01561335]))","(array([0.04842552]), array([-0.01189454]))","(array([0.04624577]), array([-0.00753137]))","(array([0.05531333]), array([-0.00311314]))","(array([0.07798882]), array([0.00020135]))","(array([0.10387028]), array([0.00205751]))","(array([0.12895047]), array([0.00251885]))","(array([0.14869693]), array([0.00176445]))","(array([0.15971312]), array([9.50547941e-05]))"
(0.4825096297193247+0j),[-0.0146848],[1.],[0.71267606],[1.],"(array([0.13638179]), array([0.1199479]))","(array([0.05106403]), array([-0.01558724]))","(array([0.04843071]), array([-0.01186906]))","(array([0.04624832]), array([-0.0075068]))","(array([0.05531396]), array([-0.00308956]))","(array([0.07798866]), array([0.00022342]))","(array([0.10387013]), array([0.00207837]))","(array([0.12895072]), array([0.00253914]))","(array([0.14869783]), array([0.00178468]))","(array([0.15971531]), array([0.00011522]))","(array([0.16109915]), array([-0.00208728]))"
(0.5257994902278845+0j),[-0.02494352],[1.],[0.67145705],[1.],"(array([0.13221492]), array([0.11614966]))","(array([0.0484352]), array([-0.01184143]))","(array([0.04624974]), array([-0.00748032]))","(array([0.05531352]), array([-0.00306454]))","(array([0.07798791]), array([0.00024662]))","(array([0.10386984]), array([0.00210019]))","(array([0.12895155]), array([0.00255999]))","(array([0.14869983]), array([0.00180484]))","(array([0.15971779]), array([0.00013492]))","(array([0.16110213]), array([-0.00206811]))","(array([0.15464599]), array([-0.00441565]))"
(0.5475087522432821+0j),[-0.03391025],[1.],[0.61864905],[1.],"(array([0.12602595]), array([0.10942062]))","(array([0.04625102]), array([-0.00745207]))","(array([0.05531288]), array([-0.00303788]))","(array([0.07798675]), array([0.00027167]))","(array([0.10386907]), array([0.00212387]))","(array([0.12895241]), array([0.00258246]))","(array([0.14870339]), array([0.00182617]))","(array([0.15972333]), array([0.00015532]))","(array([0.161108]), array([-0.00204866]))","(array([0.15465175]), array([-0.00439719]))","(array([0.14379399]), array([-0.00657442]))"
(0.5486927681190344+0j),[-0.04091527],[1.],[0.56817965],[1.],"(array([0.11951276]), array([0.10275032]))","(array([0.05531224]), array([-0.00300927]))","(array([0.07798545]), array([0.0002986]))","(array([0.10386814]), array([0.00214931]))","(array([0.12895318]), array([0.00260639]))","(array([0.14870758]), array([0.00184852]))","(array([0.15973131]), array([0.00017636]))","(array([0.16111757]), array([-0.00202857]))","(array([0.15466065]), array([-0.00437817]))","(array([0.14380179]), array([-0.00655651]))","(array([0.13205113]), array([-0.00835888]))"
(0.5326604689401818+0j),[-0.0466169],[1.],[0.52756902],[1.],"(array([0.12467658]), array([0.09762244]))","(array([0.07798381]), array([0.00032776]))","(array([0.10386674]), array([0.00217682]))","(array([0.12895331]), array([0.00263226]))","(array([0.14871104]), array([0.00187238]))","(array([0.15973963]), array([0.00019838]))","(array([0.16112944]), array([-0.00200774]))","(array([0.15467291]), array([-0.00435821]))","(array([0.14381243]), array([-0.00653759]))","(array([0.1320601]), array([-0.00834102]))","(array([0.12181538]), array([-0.00977423]))"
(0.5032947228938836+0j),[-0.05183749],[1.],[0.49772284],[1.],"(array([0.14449171]), array([0.09357236]))","(array([0.10386412]), array([0.00220651]))","(array([0.12895205]), array([0.00266025]))","(array([0.1487126]), array([0.00189835]))","(array([0.15974602]), array([0.00022214]))","(array([0.16114088]), array([-0.00198555]))","(array([0.15468673]), array([-0.00433694]))","(array([0.14382569]), array([-0.00651708]))","(array([0.13207152]), array([-0.00832137]))","(array([0.12182525]), array([-0.00975549]))","(array([0.11398926]), array([-0.01099477]))"
(0.4644365200907731+0j),[-0.05613753],[1.],[0.47484059],[1.],"(array([0.16840054]), array([0.08990106]))","(array([0.12894903]), array([0.00269084]))","(array([0.14871199]), array([0.00192701]))","(array([0.15974946]), array([0.00024851]))","(array([0.16114984]), array([-0.00196111]))","(array([0.15469996]), array([-0.00431365]))","(array([0.14384027]), array([-0.00649448]))","(array([0.1320853]), array([-0.00829937]))","(array([0.12183757]), array([-0.00973414]))","(array([0.11400043]), array([-0.01097422]))","(array([0.10819545]), array([-0.01206329]))"
(0.4197233875909436+0j),[-0.05845258],[1.],[0.45364441],[1.],"(array([0.19172285]), array([0.0858425]))","(array([0.14870999]), array([0.00195909]))","(array([0.15975066]), array([0.00027846]))","(array([0.16115585]), array([-0.00193334]))","(array([0.15471114]), array([-0.00428744]))","(array([0.14385469]), array([-0.00646919]))","(array([0.13210056]), array([-0.00827469]))","(array([0.12185228]), array([-0.00970998]))","(array([0.11401419]), array([-0.01095064]))","(array([0.10820833]), array([-0.0120405]))","(array([0.10337762]), array([-0.01280975]))"
(0.37289563148818305+0j),[-0.05742874],[1.],[0.43044499],[1.],"(array([0.2091787]), array([0.08081978]))","(array([0.15975131]), array([0.00031206]))","(array([0.16116028]), array([-0.00190179]))","(array([0.15472045]), array([-0.00425772]))","(array([0.14386829]), array([-0.00644078]))","(array([0.13211653]), array([-0.00824718]))","(array([0.12186884]), array([-0.00968314]))","(array([0.11403035]), array([-0.01092439]))","(array([0.1082237]), array([-0.01201493]))","(array([0.10339202]), array([-0.01278506]))","(array([0.09850612]), array([-0.01296005]))"
(0.3277885458211415+0j),[-0.05200537],[1.],[0.40534025],[1.],"(array([0.21692904]), array([0.07491073]))","(array([0.16116498]), array([-0.00186704]))","(array([0.15472921]), array([-0.00422475]))","(array([0.14388138]), array([-0.00640939]))","(array([0.13213291]), array([-0.008217]))","(array([0.12188677]), array([-0.0096539]))","(array([0.11404847]), array([-0.0108959]))","(array([0.10824123]), array([-0.01198716]))","(array([0.10340852]), array([-0.01275816]))","(array([0.09852125]), array([-0.01293415]))","(array([0.09316612]), array([-0.0122398]))"
(0.2879193446767859+0j),[-0.04197939],[1.],[0.38285633],[1.],"(array([0.21420139]), array([0.06902003]))","(array([0.15473865]), array([-0.00418967]))","(array([0.1438946]), array([-0.00637584]))","(array([0.1321495]), array([-0.0081848]))","(array([0.12190548]), array([-0.00962284]))","(array([0.11406779]), array([-0.01086574]))","(array([0.10826015]), array([-0.01195782]))","(array([0.10342644]), array([-0.01272975]))","(array([0.09853768]), array([-0.01290682]))","(array([0.09318069]), array([-0.01221361]))","(array([0.08787744]), array([-0.01050503]))"
(0.2560776159005835+0j),[-0.02823701],[1.],[0.37073283],[1.],"(array([0.20354106]), array([0.06469915]))","(array([0.14390797]), array([-0.00634162]))","(array([0.13216581]), array([-0.0081519]))","(array([0.12192382]), array([-0.00959111]))","(array([0.11408689]), array([-0.01083503]))","(array([0.10827902]), array([-0.011928]))","(array([0.10344437]), array([-0.01270087]))","(array([0.09855413]), array([-0.01287904]))","(array([0.09319524]), array([-0.01218702]))","(array([0.08788984]), array([-0.01047961]))","(array([0.08402755]), array([-0.00783205]))"
(0.23441123622941462+0j),[-0.01254183],[1.],[0.37727371],[1.],"(array([0.18954856]), array([0.063688]))","(array([0.13218135]), array([-0.00811988]))","(array([0.12194113]), array([-0.00956025]))","(array([0.11410495]), array([-0.01080519]))","(array([0.10829694]), array([-0.01189906]))","(array([0.10346148]), array([-0.01267284]))","(array([0.09856986]), array([-0.01285203]))","(array([0.09320914]), array([-0.01216114]))","(array([0.08790168]), array([-0.01045487]))","(array([0.08403728]), array([-0.00780836]))","(array([0.08343452]), array([-0.00451834]))"
(0.2250110622210157+0j),[0.00291012],[1.],[0.40816328],[1.],"(array([0.1769133]), array([0.06734861]))","(array([0.12195729]), array([-0.00953136]))","(array([0.11412181]), array([-0.01077731]))","(array([0.10831371]), array([-0.01187204]))","(array([0.10347752]), array([-0.01264666]))","(array([0.09858464]), array([-0.01282677]))","(array([0.09322227]), array([-0.01213689]))","(array([0.08791292]), array([-0.01043166]))","(array([0.08404658]), array([-0.00778612]))","(array([0.08344194]), array([-0.00449702]))","(array([0.08769208]), array([-0.00100812]))"
(0.266789846353002+0j),[0.01325383],[1.],[0.53372336],[1.],"(array([0.17307182]), array([0.08301778]))","(array([0.11413788]), array([-0.01075158]))","(array([0.1083297]), array([-0.01184722]))","(array([0.10349276]), array([-0.01262267]))","(array([0.09859868]), array([-0.01280358]))","(array([0.09323484]), array([-0.01211454]))","(array([0.08792389]), array([-0.01041016]))","(array([0.08405585]), array([-0.0077655]))","(array([0.08344946]), array([-0.0044773]))","(array([0.08769796]), array([-0.00098932]))","(array([0.10568013]), array([0.00200705]))"
(0.32193885178811765+0j),[0.01531123],[1.],[0.62547527],[1.],"(array([0.17634596]), array([0.10374797]))","(array([0.10834495]), array([-0.01182366]))","(array([0.10350734]), array([-0.0126002]))","(array([0.09861197]), array([-0.01278197]))","(array([0.09324667]), array([-0.01209353]))","(array([0.08793424]), array([-0.01038975]))","(array([0.08406464]), array([-0.0077458]))","(array([0.08345669]), array([-0.00445837]))","(array([0.08770371]), array([-0.00097118]))","(array([0.10568489]), array([0.00202435]))","(array([0.13024084]), array([0.00337567]))"
(0.38346043899388516+0j),[0.01019661],[1.],[0.67810062],[1.],"(array([0.17902027]), array([0.11659104]))","(array([0.10352149]), array([-0.01257799]))","(array([0.09862505]), array([-0.01276065]))","(array([0.09325832]), array([-0.01207298]))","(array([0.08794429]), array([-0.01036984]))","(array([0.08407306]), array([-0.00772652]))","(array([0.08346361]), array([-0.00443975]))","(array([0.08770935]), array([-0.00095322]))","(array([0.10568982]), array([0.00204176]))","(array([0.13024549]), array([0.00339254]))","(array([0.14653054]), array([0.00300155]))"
(0.4442923682523111+0j),[-0.0003667],[1.],[0.69133351],[1.],"(array([0.17942322]), array([0.12129017]))","(array([0.09864088]), array([-0.0127388]))","(array([0.09327249]), array([-0.012052]))","(array([0.08795665]), array([-0.01034969]))","(array([0.08408353]), array([-0.00770694]))","(array([0.08347222]), array([-0.00442072]))","(array([0.0877165]), array([-0.00093489]))","(array([0.10569686]), array([0.00205951]))","(array([0.13025313]), array([0.00341013]))","(array([0.14653846]), array([0.0030191]))","(array([0.1538713]), array([0.00120502]))"
(0.49834302802158703+0j),[-0.01421892],[1.],[0.66952634],[1.],"(array([0.17636865]), array([0.11873453]))","(array([0.09328902]), array([-0.01202996]))","(array([0.08797164]), array([-0.01032866]))","(array([0.08409664]), array([-0.00768681]))","(array([0.08348324]), array([-0.00440107]))","(array([0.08772546]), array([-0.00091568]))","(array([0.10570504]), array([0.00207797]))","(array([0.13026184]), array([0.00342821]))","(array([0.14654749]), array([0.00303759]))","(array([0.15388064]), array([0.00122399]))","(array([0.15271505]), array([-0.00157145]))"
(0.5412488387827573+0j),[-0.02902164],[1.],[0.62039603],[1.],"(array([0.16970294]), array([0.11068437]))","(array([0.08798587]), array([-0.01030521]))","(array([0.08410896]), array([-0.00766407]))","(array([0.08349344]), array([-0.00437911]))","(array([0.08773391]), array([-0.0008946]))","(array([0.10571318]), array([0.00209767]))","(array([0.13027063]), array([0.00344665]))","(array([0.14655642]), array([0.00305587]))","(array([0.15388847]), array([0.00124276]))","(array([0.15272147]), array([-0.00155232]))","(array([0.14447363]), array([-0.00481452]))"
(0.5706723968337446+0j),[-0.04278969],[1.],[0.55338336],[1.],"(array([0.16052538]), array([0.09926906]))","(array([0.08411994]), array([-0.00763879]))","(array([0.08350245]), array([-0.00435479]))","(array([0.08774123]), array([-0.00087131]))","(array([0.1057206]), array([0.00211954]))","(array([0.1302795]), array([0.00346704]))","(array([0.14656684]), array([0.00307531]))","(array([0.15389912]), array([0.00126188]))","(array([0.15273026]), array([-0.00153331]))","(array([0.14448021]), array([-0.00479585]))","(array([0.13115683]), array([-0.00803272]))"
(0.586159555977011+0j),[-0.05431699],[1.],[0.47800116],[1.],"(array([0.15100987]), array([0.08648598]))","(array([0.0835113]), array([-0.00432766]))","(array([0.08774856]), array([-0.00084548]))","(array([0.10572811]), array([0.00214392]))","(array([0.13028878]), array([0.00348989]))","(array([0.14657849]), array([0.00309684]))","(array([0.15391314]), array([0.00128243]))","(array([0.15274396]), array([-0.00151328]))","(array([0.14449086]), array([-0.00477645]))","(array([0.13116409]), array([-0.00801419]))","(array([0.11495253]), array([-0.01086846]))"
(0.588719792271912+0j),[-0.06329956],[1.],[0.40272505],[1.],"(array([0.1438567]), array([0.07388879]))","(array([0.0877561]), array([-0.00081678]))","(array([0.10573606]), array([0.00217096]))","(array([0.1302989]), array([0.00351525]))","(array([0.14659117]), array([0.00312045]))","(array([0.15392951]), array([0.00130442]))","(array([0.1527626]), array([-0.00149239]))","(array([0.14450758]), array([-0.00475627]))","(array([0.1311757]), array([-0.00799502]))","(array([0.11495896]), array([-0.0108505]))","(array([0.09790378]), array([-0.01315871]))"
(0.5803429755419982+0j),[-0.07010558],[1.],[0.33441031],[1.],"(array([0.14153372]), array([0.06251222]))","(array([0.10574389]), array([0.00220105]))","(array([0.13030952]), array([0.00354344]))","(array([0.14660473]), array([0.00314652]))","(array([0.15394696]), array([0.00132802]))","(array([0.15278454]), array([-0.00147071]))","(array([0.14453046]), array([-0.00473571]))","(array([0.13119417]), array([-0.00797529]))","(array([0.11496987]), array([-0.0108319]))","(array([0.09790771]), array([-0.01314137]))","(array([0.0817279]), array([-0.01491761]))"
(0.5197966492730475+0j),[-0.07674943],[1.],[0.31960546],[1.],"(array([0.15641221]), array([0.05714347]))","(array([0.13031935]), array([0.00357484]))","(array([0.14661826]), array([0.00317549]))","(array([0.15396412]), array([0.00135405]))","(array([0.15280667]), array([-0.00144755]))","(array([0.14455662]), array([-0.00471444]))","(array([0.13121915]), array([-0.00795503]))","(array([0.1149879]), array([-0.01081236]))","(array([0.09791623]), array([-0.01312271]))","(array([0.08172848]), array([-0.01489991]))","(array([0.07289435]), array([-0.01642097]))"
(0.4637000210914324+0j),[-0.08343086],[1.],[0.30491993],[1.],"(array([0.18064156]), array([0.05492892]))","(array([0.14662676]), array([0.00320594]))","(array([0.1539746]), array([0.0013823]))","(array([0.15281997]), array([-0.00142149]))","(array([0.14457389]), array([-0.00469001]))","(array([0.13123856]), array([-0.00793172]))","(array([0.11500563]), array([-0.01078986]))","(array([0.09792929]), array([-0.01310082]))","(array([0.0817363]), array([-0.01487848]))","(array([0.07290002]), array([-0.0164004]))","(array([0.06961379]), array([-0.01791335]))"
(0.4116022994204681+0j),[-0.08821954],[1.],[0.29008787],[1.],"(array([0.19641383]), array([0.05108315]))","(array([0.15398369]), array([0.00141287]))","(array([0.1528299]), array([-0.00139243]))","(array([0.14458564]), array([-0.00466234]))","(array([0.13125243]), array([-0.00790525]))","(array([0.11502036]), array([-0.01076446]))","(array([0.09794322]), array([-0.01307625]))","(array([0.08174836]), array([-0.0148544]))","(array([0.07291101]), array([-0.01637687]))","(array([0.06962462]), array([-0.01789079]))","(array([0.06633498]), array([-0.01919221]))"
(0.3633521879275736+0j),[-0.08979084],[1.],[0.27504897],[1.],"(array([0.20272113]), array([0.04606748]))","(array([0.15284128]), array([-0.00136034]))","(array([0.14459763]), array([-0.00463152]))","(array([0.13126582]), array([-0.00787566]))","(array([0.11503535]), array([-0.01073606]))","(array([0.09795887]), array([-0.01304889]))","(array([0.08176291]), array([-0.01482773]))","(array([0.07292441]), array([-0.01635054]))","(array([0.06963768]), array([-0.01786528]))","(array([0.06634746]), array([-0.01916757]))","(array([0.0630153]), array([-0.01989492]))"
(0.3190511623913369+0j),[-0.08746788],[1.],[0.25993875],[1.],"(array([0.19982413]), array([0.04044216]))","(array([0.14461192]), array([-0.00459756]))","(array([0.13128058]), array([-0.00784285]))","(array([0.11505142]), array([-0.0107043]))","(array([0.09797656]), array([-0.01301818]))","(array([0.08177976]), array([-0.01479772]))","(array([0.07294014]), array([-0.01632077]))","(array([0.06965289]), array([-0.01783641]))","(array([0.06636182]), array([-0.01913958]))","(array([0.06302844]), array([-0.0198679]))","(array([0.05966229]), array([-0.01979999]))"
(0.2789746312604146+0j),[-0.08101151],[1.],[0.24506927],[1.],"(array([0.18907235]), array([0.03481628]))","(array([0.1312972]), array([-0.00780689]))","(array([0.11506851]), array([-0.01066941]))","(array([0.09799485]), array([-0.0129842]))","(array([0.08179751]), array([-0.01476441]))","(array([0.07295726]), array([-0.01628811]))","(array([0.06966947]), array([-0.01780482]))","(array([0.06637741]), array([-0.01910903]))","(array([0.06304261]), array([-0.0198384]))","(array([0.05967468]), array([-0.01977157]))","(array([0.05632743]), array([-0.01880824]))"
(0.2434487167252269+0j),[-0.07046783],[1.],[0.23089507],[1.],"(array([0.17249544]), array([0.02976753]))","(array([0.1150862]), array([-0.0106319]))","(array([0.09801288]), array([-0.01294783]))","(array([0.08181511]), array([-0.01472919]))","(array([0.07297455]), array([-0.01625409]))","(array([0.06968638]), array([-0.01777193]))","(array([0.06639343]), array([-0.01907723]))","(array([0.06305724]), array([-0.01980769]))","(array([0.05968751]), array([-0.01974193]))","(array([0.05633813]), array([-0.01877969]))","(array([0.05310031]), array([-0.0169006]))"
(0.2127216930717102+0j),[-0.05610925],[1.],[0.2179174],[1.],"(array([0.15236914]), array([0.02572976]))","(array([0.09803085]), array([-0.01291052]))","(array([0.08183276]), array([-0.01469322]))","(array([0.07299193]), array([-0.01621949]))","(array([0.06970341]), array([-0.01773849]))","(array([0.0664096]), array([-0.01904489]))","(array([0.06307203]), array([-0.0197764]))","(array([0.05970047]), array([-0.0197117]))","(array([0.05634893]), array([-0.01875054]))","(array([0.05310872]), array([-0.01687255]))","(array([0.05009109]), array([-0.01411332]))"
(0.18685594299447125+0j),[-0.03844877],[1.],[0.20663579],[1.],"(array([0.13087492]), array([0.02291933]))","(array([0.08184991]), array([-0.01465814]))","(array([0.07300887]), array([-0.01618576]))","(array([0.06972]), array([-0.01770597]))","(array([0.06642531]), array([-0.01901344]))","(array([0.06308637]), array([-0.01974596]))","(array([0.05971303]), array([-0.01968225]))","(array([0.05635937]), array([-0.01872212]))","(array([0.05311684]), array([-0.01684521]))","(array([0.05009678]), array([-0.01408709]))","(array([0.04741221]), array([-0.01053291]))"
(0.16566307547418516+0j),[-0.01830252],[1.],[0.1976371],[1.],"(array([0.10991658]), array([0.021353]))","(array([0.07302472]), array([-0.01615402]))","(array([0.06973546]), array([-0.0176754]))","(array([0.06643993]), array([-0.01898387]))","(array([0.06309971]), array([-0.01971729]))","(array([0.05972472]), array([-0.01965449]))","(array([0.0563691]), array([-0.0186953]))","(array([0.05312438]), array([-0.01681941]))","(array([0.05010205]), array([-0.01406235]))","(array([0.04741519]), array([-0.01050924]))","(array([0.04518367]), array([-0.00630389]))"
(0.16635468850383908+0j),[-0.00075842],[1.],[0.28777093],[1.],"(array([0.10191099]), array([0.02986127]))","(array([0.06974976]), array([-0.01764689]))","(array([0.06645342]), array([-0.0189563]))","(array([0.06311202]), array([-0.01969057]))","(array([0.05973551]), array([-0.0196286]))","(array([0.05637806]), array([-0.01867027]))","(array([0.05313131]), array([-0.01679532]))","(array([0.05010683]), array([-0.01403925]))","(array([0.04741784]), array([-0.01048715]))","(array([0.04518427]), array([-0.00628279]))","(array([0.0542611]), array([-0.0020105]))"
(0.18408605711366474+0j),[0.01029899],[1.],[0.39948678],[1.],"(array([0.10724125]), array([0.04968338]))","(array([0.06646642]), array([-0.01893033]))","(array([0.06312388]), array([-0.01966541]))","(array([0.05974588]), array([-0.01960419]))","(array([0.05638666]), array([-0.01864663]))","(array([0.05313796]), array([-0.01677249]))","(array([0.05011149]), array([-0.01401731]))","(array([0.04742052]), array([-0.01046613]))","(array([0.04518497]), array([-0.00626266]))","(array([0.05426031]), array([-0.00199136]))","(array([0.0770258]), array([0.00119481]))"
(0.22166726260026826+0j),[0.01498468],[1.],[0.51807134],[1.],"(array([0.11544191]), array([0.07181866]))","(array([0.06313591]), array([-0.01964057]))","(array([0.05975635]), array([-0.01958031]))","(array([0.05639527]), array([-0.01862339]))","(array([0.05314467]), array([-0.01675001]))","(array([0.05011626]), array([-0.01399579]))","(array([0.04742328]), array([-0.01044555]))","(array([0.04518572]), array([-0.00624296]))","(array([0.05425951]), array([-0.00197271]))","(array([0.07702408]), array([0.00121231]))","(array([0.10305063]), array([0.00295816]))"
(0.27816650651965125+0j),[0.01384676],[1.],[0.62340811],[1.],"(array([0.12441956]), array([0.09320167]))","(array([0.05976688]), array([-0.01955547]))","(array([0.05640404]), array([-0.0185994]))","(array([0.0531515]), array([-0.0167268]))","(array([0.05012104]), array([-0.01397338]))","(array([0.04742596]), array([-0.01042396]))","(array([0.04518639]), array([-0.00622223]))","(array([0.05425865]), array([-0.00195295]))","(array([0.07702226]), array([0.00123109]))","(array([0.10304827]), array([0.00297603]))","(array([0.12834121]), array([0.00334593]))"
(0.3473113935930782+0j),[0.00797776],[1.],[0.69631311],[1.],"(array([0.13175898]), array([0.1102207]))","(array([0.05641397]), array([-0.01857386]))","(array([0.05315935]), array([-0.0167023]))","(array([0.05012679]), array([-0.01394974]))","(array([0.04742953]), array([-0.01040104]))","(array([0.04518771]), array([-0.00620006]))","(array([0.05425826]), array([-0.00193173]))","(array([0.07702111]), array([0.00125126]))","(array([0.10304683]), array([0.00299533]))","(array([0.12834013]), array([0.00336453]))","(array([0.14836305]), array([0.00253876]))"
(0.4184955203480279+0j),[-0.00108201],[1.],[0.72607722],[1.],"(array([0.13554413]), array([0.12016328]))","(array([0.05316862]), array([-0.01667646]))","(array([0.05013356]), array([-0.01392475]))","(array([0.0474338]), array([-0.01037686]))","(array([0.04518954]), array([-0.00617664]))","(array([0.05425811]), array([-0.00190919]))","(array([0.07701991]), array([0.00127269]))","(array([0.1030455]), array([0.00301573]))","(array([0.12833945]), array([0.00338427]))","(array([0.1483639]), array([0.00255795]))","(array([0.15969609]), array([0.00083701]))"
(0.4802127489039306+0j),[-0.01156513],[1.],[0.71457343],[1.],"(array([0.13506585]), array([0.12242001]))","(array([0.050141]), array([-0.01389845]))","(array([0.04743835]), array([-0.01035118]))","(array([0.04519151]), array([-0.0061519]))","(array([0.05425819]), array([-0.00188548]))","(array([0.07701916]), array([0.00129482]))","(array([0.10304471]), array([0.0030366]))","(array([0.128339]), array([0.00340453]))","(array([0.14836406]), array([0.00257808]))","(array([0.15969752]), array([0.00085702]))","(array([0.1613931]), array([-0.00137908]))"
(0.5239256795984099+0j),[-0.02188658],[1.],[0.67438129],[1.],"(array([0.13097427]), array([0.11866528]))","(array([0.04744217]), array([-0.01032373]))","(array([0.04519233]), array([-0.00612561]))","(array([0.05425717]), array([-0.00186068]))","(array([0.07701781]), array([0.00131777]))","(array([0.10304379]), array([0.00305815]))","(array([0.12833915]), array([0.00342508]))","(array([0.14836532]), array([0.0025979]))","(array([0.15969924]), array([0.00087634]))","(array([0.16139533]), array([-0.00136034]))","(array([0.15520359]), array([-0.00372774]))"
(0.5461042534208466+0j),[-0.03089008],[1.],[0.62223337],[1.],"(array([0.12482007]), array([0.11192225]))","(array([0.04519299]), array([-0.00609809]))","(array([0.05425596]), array([-0.00183474]))","(array([0.07701607]), array([0.00134211]))","(array([0.10304241]), array([0.00308111]))","(array([0.12833935]), array([0.00344684]))","(array([0.14836813]), array([0.0026185]))","(array([0.15970399]), array([0.00089597]))","(array([0.1614004]), array([-0.00134167]))","(array([0.15520859]), array([-0.00371009]))","(array([0.14454052]), array([-0.00589846]))"
(0.5477189551577478+0j),[-0.0379269],[1.],[0.57208773],[1.],"(array([0.11830372]), array([0.1051777]))","(array([0.05425478]), array([-0.00180749]))","(array([0.07701424]), array([0.00136774]))","(array([0.10304093]), array([0.0031053]))","(array([0.1283395]), array([0.00346953]))","(array([0.14837161]), array([0.00263962]))","(array([0.15971114]), array([0.00091578]))","(array([0.16140909]), array([-0.00132282]))","(array([0.15521659]), array([-0.00369229]))","(array([0.14454746]), array([-0.00588176]))","(array([0.13290661]), array([-0.00769137]))"
(0.5320200631435068+0j),[-0.0436653],[1.],[0.53155227],[1.],"(array([0.12349675]), array([0.09992974]))","(array([0.07701211]), array([0.00139496]))","(array([0.10303904]), array([0.00313095]))","(array([0.1283391]), array([0.00349359]))","(array([0.1483744]), array([0.0026617]))","(array([0.15971863]), array([0.00093606]))","(array([0.16141998]), array([-0.0013037]))","(array([0.15522781]), array([-0.00367403]))","(array([0.14455705]), array([-0.0058645]))","(array([0.13291456]), array([-0.00767513]))","(array([0.12271349]), array([-0.00911506]))"
(0.5028693037387711+0j),[-0.04893056],[1.],[0.50162783],[1.],"(array([0.14340475]), array([0.09573743]))","(array([0.10303598]), array([0.00315818]))","(array([0.12833733]), array([0.0035192]))","(array([0.14837532]), array([0.00268536]))","(array([0.15972415]), array([0.00095754]))","(array([0.16143035]), array([-0.00128374]))","(array([0.15524043]), array([-0.00365493]))","(array([0.14456905]), array([-0.00584611]))","(array([0.13292471]), array([-0.00765754]))","(array([0.12272211]), array([-0.00909832]))","(array([0.11488475]), array([-0.01034523]))"
(0.464120285595928+0j),[-0.05328655],[1.],[0.47858182],[1.],"(array([0.16745298]), array([0.09191935]))","(array([0.12833381]), array([0.00354685]))","(array([0.14837404]), array([0.00271116]))","(array([0.1597267]), array([0.00098113]))","(array([0.16143816]), array([-0.00126203]))","(array([0.15525228]), array([-0.00363431]))","(array([0.14458213]), array([-0.0058261]))","(array([0.13293695]), array([-0.00763806]))","(array([0.12273291]), array([-0.00907941]))","(array([0.11489444]), array([-0.01032705]))","(array([0.10906222]), array([-0.01142548]))"
(0.41943859300113473+0j),[-0.05566657],[1.],[0.45716864],[1.],"(array([0.19097801]), array([0.08771932]))","(array([0.14837133]), array([0.00273984]))","(array([0.15972692]), array([0.00100776]))","(array([0.16144288]), array([-0.00123751]))","(array([0.15526191]), array([-0.00361126]))","(array([0.1445948]), array([-0.00580389]))","(array([0.13295039]), array([-0.00761635]))","(array([0.1227458]), array([-0.00905813]))","(array([0.11490642]), array([-0.01030627]))","(array([0.1090734]), array([-0.01140541]))","(array([0.10420007]), array([-0.01218582]))"
(0.37259818674287126+0j),[-0.05470992],[1.],[0.43370931],[1.],"(array([0.20869525]), array([0.08256518]))","(array([0.15972647]), array([0.00103753]))","(array([0.16144588]), array([-0.00120971]))","(array([0.15526946]), array([-0.0035852]))","(array([0.14460642]), array([-0.00577903]))","(array([0.13296425]), array([-0.00759228]))","(array([0.12276022]), array([-0.00903462]))","(array([0.11492051]), array([-0.01028325]))","(array([0.10908678]), array([-0.01138298]))","(array([0.1042126]), array([-0.01216418]))","(array([0.09927287]), array([-0.01235104]))"
(0.327465897455301+0j),[-0.04934828],[1.],[0.40830749],[1.],"(array([0.21673908]), array([0.07653717]))","(array([0.16144898]), array([-0.00117922]))","(array([0.15527628]), array([-0.0035564]))","(array([0.1446173]), array([-0.00575168]))","(array([0.13297826]), array([-0.00756602]))","(array([0.12277575]), array([-0.00900917]))","(array([0.11493625]), array([-0.01025843]))","(array([0.10910204]), array([-0.01135878]))","(array([0.10422698]), array([-0.01214074]))","(array([0.09928605]), array([-0.01232849]))","(array([0.09386817]), array([-0.01164514]))"
(0.2875832278562999+0j),[-0.03937352],[1.],[0.38550195],[1.],"(array([0.21429486]), array([0.0705406]))","(array([0.15528361]), array([-0.00352595]))","(array([0.1446281]), array([-0.00572263]))","(array([0.13299225]), array([-0.00753817]))","(array([0.12279179]), array([-0.00898232]))","(array([0.11495294]), array([-0.01023236]))","(array([0.10911843]), array([-0.01133341]))","(array([0.10424251]), array([-0.01211618]))","(array([0.0993003]), array([-0.01230489]))","(array([0.09388081]), array([-0.01162255]))","(array([0.08850831]), array([-0.00992274]))"
(0.2557533812315161+0j),[-0.02567058],[1.],[0.37305186],[1.],"(array([0.20386645]), array([0.06612666]))","(array([0.14463892]), array([-0.00569325]))","(array([0.13300581]), array([-0.00750995]))","(array([0.12280729]), array([-0.00895512]))","(array([0.11496922]), array([-0.01020605]))","(array([0.10913457]), array([-0.01130786]))","(array([0.10425788]), array([-0.01209147]))","(array([0.0993144]), array([-0.01228114]))","(array([0.09389327]), array([-0.01159985]))","(array([0.08851893]), array([-0.00990108]))","(array([0.08458465]), array([-0.00725942]))"
(0.23412655294657808+0j),[-0.01000428],[1.],[0.37927982],[1.],"(array([0.19002957]), array([0.06503434]))","(array([0.13301855]), array([-0.00748277]))","(array([0.12282172]), array([-0.00892894]))","(array([0.11498439]), array([-0.01018074]))","(array([0.10914968]), array([-0.01128333]))","(array([0.10427233]), array([-0.01206772]))","(array([0.09932769]), array([-0.01225828]))","(array([0.09390501]), array([-0.01157798]))","(array([0.08852893]), array([-0.0098802]))","(array([0.08459288]), array([-0.00723946]))","(array([0.08391962]), array([-0.00395264]))"
(0.2247871790321594+0j),[0.00542674],[1.],[0.40988067],[1.],"(array([0.17747078]), array([0.06862323]))","(array([0.12283504]), array([-0.00890468]))","(array([0.11499842]), array([-0.01015734]))","(array([0.10916369]), array([-0.01126067]))","(array([0.10428575]), array([-0.01204577]))","(array([0.09934007]), array([-0.01223711]))","(array([0.09391601]), array([-0.01155769]))","(array([0.08853835]), array([-0.0098608]))","(array([0.08460067]), array([-0.00722091]))","(array([0.08392586]), array([-0.00393488]))","(array([0.0881098]), array([-0.00044711]))"
(0.23020962410324278+0j),[0.01843305],[1.],[0.46501073],[1.],"(array([0.16937144]), array([0.07722791]))","(array([0.11501174]), array([-0.01013598]))","(array([0.10917701]), array([-0.01124008]))","(array([0.10429846]), array([-0.01202588]))","(array([0.09935178]), array([-0.01221791]))","(array([0.0939265]), array([-0.01153919]))","(array([0.08854752]), array([-0.00984303]))","(array([0.08460845]), array([-0.00720389]))","(array([0.0839322]), array([-0.00391864]))","(array([0.0881148]), array([-0.00043165]))","(array([0.09783749]), array([0.00276355]))"
(0.2527983337711298+0j),[0.02717815],[1.],[0.53738614],[1.],"(array([0.16662613]), array([0.08970584]))","(array([0.10919033]), array([-0.01121925]))","(array([0.10431119]), array([-0.01200597]))","(array([0.09936339]), array([-0.01219875]))","(array([0.09393684]), array([-0.01152061]))","(array([0.08855657]), array([-0.00982504]))","(array([0.08461615]), array([-0.00718658]))","(array([0.08393853]), array([-0.00390205]))","(array([0.08811982]), array([-0.00041583]))","(array([0.09784137]), array([0.00277863]))","(array([0.11224958]), array([0.00522135]))"
(0.29325049098044453+0j),[0.03039884],[1.],[0.6125992],[1.],"(array([0.16793871]), array([0.10367093]))","(array([0.10432487]), array([-0.01198377]))","(array([0.09937601]), array([-0.01217748]))","(array([0.09394806]), array([-0.01150011]))","(array([0.08856626]), array([-0.00980522]))","(array([0.08462427]), array([-0.00716745]))","(array([0.08394516]), array([-0.00388363]))","(array([0.08812513]), array([-0.00039808]))","(array([0.09784554]), array([0.00279572]))","(array([0.11225289]), array([0.00523782]))","(array([0.12884849]), array([0.006568]))"
(0.348612298931168+0j),[0.02767345],[1.],[0.67279006],[1.],"(array([0.1706171]), array([0.11606]))","(array([0.09939025]), array([-0.0121541]))","(array([0.09396079]), array([-0.01147772]))","(array([0.08857729]), array([-0.00978367]))","(array([0.08463354]), array([-0.00714662]))","(array([0.08395276]), array([-0.0038635]))","(array([0.08813135]), array([-0.00037869]))","(array([0.09785071]), array([0.00281445]))","(array([0.11225727]), array([0.00525596]))","(array([0.12885242]), array([0.00658558]))","(array([0.14401311]), array([0.00661256]))"
(0.41153870949079957+0j),[0.01963486],[1.],[0.70294545],[1.],"(array([0.17174109]), array([0.12392014]))","(array([0.09397567]), array([-0.01145357]))","(array([0.08859019]), array([-0.00976062]))","(array([0.0846445]), array([-0.00712449]))","(array([0.08396185]), array([-0.00384208]))","(array([0.08813875]), array([-0.00035792]))","(array([0.09785691]), array([0.00283453]))","(array([0.11226293]), array([0.00527536]))","(array([0.12885794]), array([0.0066045]))","(array([0.14401888]), array([0.00663116]))","(array([0.15400036]), array([0.00538167]))"
(0.4718520105990372+0j),[0.00793932],[1.],[0.69704831],[1.],"(array([0.16949549]), array([0.12562695]))","(array([0.08860477]), array([-0.00973608]))","(array([0.084657]), array([-0.00710095]))","(array([0.08397223]), array([-0.00381938]))","(array([0.08814716]), array([-0.00033592]))","(array([0.09786391]), array([0.0028557]))","(array([0.11226939]), array([0.00529567]))","(array([0.12886432]), array([0.00662432]))","(array([0.1440253]), array([0.00665093]))","(array([0.15400709]), array([0.00540153]))","(array([0.15646026]), array([0.00314131]))"
(0.5198451925086998+0j),[-0.00523758],[1.],[0.66031639],[1.],"(array([0.16400652]), array([0.12152161]))","(array([0.08466913]), array([-0.00707534]))","(array([0.08398225]), array([-0.00379471]))","(array([0.0881554]), array([-0.00031228]))","(array([0.09787108]), array([0.00287811]))","(array([0.11227638]), array([0.00531684]))","(array([0.12887167]), array([0.00664459]))","(array([0.14403284]), array([0.00667081]))","(array([0.15401399]), array([0.00542143]))","(array([0.15646641]), array([0.0031612]))","(array([0.15136029]), array([0.00033104]))"
(0.5493613075046637+0j),[-0.01802673],[1.],[0.60603805],[1.],"(array([0.15734827]), array([0.11363543]))","(array([0.08399159]), array([-0.00376813]))","(array([0.08816303]), array([-0.0002869]))","(array([0.09787769]), array([0.00290224]))","(array([0.11228295]), array([0.00533969]))","(array([0.12887925]), array([0.0066663]))","(array([0.14404199]), array([0.00669172]))","(array([0.15402368]), array([0.00544187]))","(array([0.15647494]), array([0.00318126]))","(array([0.15136736]), array([0.00035055]))","(array([0.14086519]), array([-0.00258798]))"
(0.5588759706251509+0j),[-0.02943713],[1.],[0.54914706],[1.],"(array([0.15268246]), array([0.10462864]))","(array([0.08817048]), array([-0.00025949]))","(array([0.09788425]), array([0.00292819]))","(array([0.11228937]), array([0.0053643]))","(array([0.12888658]), array([0.0066896]))","(array([0.1440516]), array([0.00671392]))","(array([0.15403575]), array([0.00546323]))","(array([0.15648734]), array([0.00320204]))","(array([0.15137773]), array([0.00037064]))","(array([0.14087328]), array([-0.00256876]))","(array([0.12820582]), array([-0.00529442]))"
(0.5504230057821071+0j),[-0.03932512],[1.],[0.50054917],[1.],"(array([0.15295579]), array([0.09663664]))","(array([0.09789057]), array([0.00295642]))","(array([0.11229565]), array([0.00539097]))","(array([0.12889362]), array([0.00671482]))","(array([0.14406075]), array([0.00673772]))","(array([0.15404842]), array([0.00548587]))","(array([0.15650256]), array([0.00322379]))","(array([0.15139226]), array([0.00039169]))","(array([0.14088474]), array([-0.00254861]))","(array([0.12821435]), array([-0.00527529]))","(array([0.11629158]), array([-0.00766521]))"
(0.5276204040323034+0j),[-0.04792151],[1.],[0.4646073],[1.],"(array([0.15970643]), array([0.09061504]))","(array([0.11230136]), array([0.00542038]))","(array([0.12890008]), array([0.00674261]))","(array([0.14406891]), array([0.00676387]))","(array([0.15405987]), array([0.00551039]))","(array([0.15651807]), array([0.00324712]))","(array([0.15140945]), array([0.00041418]))","(array([0.14090006]), array([-0.00252686]))","(array([0.12822611]), array([-0.00525444]))","(array([0.11630042]), array([-0.00764535]))","(array([0.10680481]), array([-0.00971425]))"
(0.49411129788108066+0j),[-0.05534057],[1.],[0.43976962],[1.],"(array([0.17229094]), array([0.08637178]))","(array([0.12890606]), array([0.00677584]))","(array([0.14407634]), array([0.00679531]))","(array([0.15406983]), array([0.00553986]))","(array([0.15653222]), array([0.00327483]))","(array([0.15142735]), array([0.00044073]))","(array([0.14091852]), array([-0.0025011]))","(array([0.12824219]), array([-0.0052294]))","(array([0.11631331]), array([-0.00762115]))","(array([0.10681534]), array([-0.00969101]))","(array([0.10007826]), array([-0.01148852]))"
(0.4531412228813345+0j),[-0.06126607],[1.],[0.42108293],[1.],"(array([0.18780685]), array([0.08288577]))","(array([0.14408366]), array([0.00683424]))","(array([0.15407919]), array([0.00557673]))","(array([0.1565449]), array([0.00330956]))","(array([0.15144449]), array([0.00047379]))","(array([0.14093851]), array([-0.00246917]))","(array([0.12826199]), array([-0.00519831]))","(array([0.11633097]), array([-0.00759083]))","(array([0.10683062]), array([-0.00966152]))","(array([0.10009182]), array([-0.01146004]))","(array([0.09533437]), array([-0.01296951]))"
(0.4078437257339312+0j),[-0.06488537],[1.],[0.40312843],[1.],"(array([0.20190825]), array([0.07896837]))","(array([0.15408898]), array([0.00562061]))","(array([0.15655718]), array([0.0033513]))","(array([0.15146052]), array([0.00051353]))","(array([0.14095844]), array([-0.00243099]))","(array([0.12828372]), array([-0.00516132]))","(array([0.11635218]), array([-0.0075548]))","(array([0.10685021]), array([-0.00962635]))","(array([0.10010973]), array([-0.01142576]))","(array([0.09535089]), array([-0.01293634]))","(array([0.09134675]), array([-0.01402847]))"
(0.3615171307734885+0j),[-0.06512048],[1.],[0.38265588],[1.],"(array([0.2101851]), array([0.07391124]))","(array([0.15657063]), array([0.0033993]))","(array([0.15147672]), array([0.00055948]))","(array([0.14097819]), array([-0.00238693]))","(array([0.12830633]), array([-0.00511887]))","(array([0.11637574]), array([-0.00751364]))","(array([0.10687315]), array([-0.00958627]))","(array([0.10013138]), array([-0.01138664]))","(array([0.09537111]), array([-0.01289823]))","(array([0.09136547]), array([-0.01399159]))","(array([0.0871476]), array([-0.01445486]))"
(0.3175663971057072+0j),[-0.06111065],[1.],[0.3603528],[1.],"(array([0.20995546]), array([0.06783802]))","(array([0.15149465]), array([0.00061048]))","(array([0.14099876]), array([-0.00233797]))","(array([0.12832966]), array([-0.00507181]))","(array([0.11640085]), array([-0.0074682]))","(array([0.10689848]), array([-0.00954218]))","(array([0.10015589]), array([-0.01134365]))","(array([0.0953943]), array([-0.01285631]))","(array([0.09138701]), array([-0.01395088]))","(array([0.08716712]), array([-0.01441551]))","(array([0.08244998]), array([-0.01403135]))"
(0.27907736691707047+0j),[-0.05271815],[1.],[0.341155],[1.],"(array([0.20140184]), array([0.06178938]))","(array([0.14102063]), array([-0.00228649]))","(array([0.12835355]), array([-0.00502224]))","(array([0.11642641]), array([-0.00742037]))","(array([0.10692471]), array([-0.00949587]))","(array([0.10018163]), array([-0.01129859]))","(array([0.0954189]), array([-0.01281241]))","(array([0.09140995]), array([-0.01390826]))","(array([0.0871879]), array([-0.0143743]))","(array([0.08246813]), array([-0.01399161]))","(array([0.07788396]), array([-0.01264552]))"
(0.24846083346455103+0j),[-0.04076892],[1.],[0.33290958],[1.],"(array([0.18746444]), array([0.05743026]))","(array([0.12837702]), array([-0.0049733]))","(array([0.11645105]), array([-0.0073731]))","(array([0.10694984]), array([-0.00945012]))","(array([0.10020644]), array([-0.01125416]))","(array([0.09544274]), array([-0.01276916]))","(array([0.0914323]), array([-0.01386626]))","(array([0.08720818]), array([-0.01433371]))","(array([0.0824858]), array([-0.0139525]))","(array([0.07789868]), array([-0.01260784]))","(array([0.07488604]), array([-0.01037258]))"
(0.22761013925313808+0j),[-0.02690304],[1.],[0.34380195],[1.],"(array([0.17251413]), array([0.05651443]))","(array([0.11647355]), array([-0.00732934]))","(array([0.10697267]), array([-0.00940781]))","(array([0.100229]), array([-0.01121312]))","(array([0.09546451]), array([-0.01272922]))","(array([0.09145276]), array([-0.01382746]))","(array([0.08722677]), array([-0.01429615]))","(array([0.08250203]), array([-0.01391628]))","(array([0.0779122]), array([-0.01257297]))","(array([0.07489675]), array([-0.01033898]))","(array([0.07527053]), array([-0.00748554]))"
(0.21852638783801123+0j),[-0.01318776],[1.],[0.3793521],[1.],"(array([0.16060021]), array([0.06031546]))","(array([0.10699232]), array([-0.0093713]))","(array([0.10024844]), array([-0.01117777]))","(array([0.0954833]), array([-0.01269487]))","(array([0.09147046]), array([-0.01379406]))","(array([0.08724291]), array([-0.01426377]))","(array([0.08251616]), array([-0.01388501]))","(array([0.07792405]), array([-0.01254284]))","(array([0.0749062]), array([-0.01030995]))","(array([0.07527763]), array([-0.00745759]))","(array([0.08060473]), array([-0.00439536]))"
(0.2585276993258389+0j),[-0.00427974],[1.],[0.51209688],[1.],"(array([0.15851837]), array([0.07636874]))","(array([0.10026459]), array([-0.01114931]))","(array([0.09549893]), array([-0.01266731]))","(array([0.09148513]), array([-0.01376731]))","(array([0.08725629]), array([-0.01423778]))","(array([0.08252801]), array([-0.01385981]))","(array([0.0779342]), array([-0.01251846]))","(array([0.07491453]), array([-0.01028643]))","(array([0.07528406]), array([-0.00743501]))","(array([0.08060933]), array([-0.00437378]))","(array([0.09998607]), array([-0.0017544]))"
(0.31310022466890997+0j),[-0.00312074],[1.],[0.61097975],[1.],"(array([0.16398587]), array([0.09790849]))","(array([0.09551221]), array([-0.01264421]))","(array([0.0914976]), array([-0.01374522]))","(array([0.08726749]), array([-0.01421642]))","(array([0.08253785]), array([-0.01383889]))","(array([0.07794269]), array([-0.01249802]))","(array([0.07492156]), array([-0.01026664]))","(array([0.07528958]), array([-0.00741593]))","(array([0.08061337]), array([-0.00435547]))","(array([0.09998899]), array([-0.00173696]))","(array([0.1262858]), array([-0.00065675]))"
(0.37497266459298306+0j),[-0.00854918],[1.],[0.67002871],[1.],"(array([0.16863408]), array([0.11166403]))","(array([0.09150907]), array([-0.01372453]))","(array([0.08727797]), array([-0.01419646]))","(array([0.08254709]), array([-0.01381952]))","(array([0.07795051]), array([-0.01247914]))","(array([0.07492792]), array([-0.01024826]))","(array([0.07529456]), array([-0.00739814]))","(array([0.08061716]), array([-0.0043383]))","(array([0.09999198]), array([-0.00172034]))","(array([0.12628839]), array([-0.00064068]))","(array([0.14419996]), array([-0.00117176]))"
(0.43681879713067184+0j),[-0.01887351],[1.],[0.68863833],[1.],"(array([0.17054976]), array([0.11721437]))","(array([0.0872908]), array([-0.01417637]))","(array([0.08255844]), array([-0.01380013]))","(array([0.07796032]), array([-0.01246037]))","(array([0.07493611]), array([-0.01022987]))","(array([0.0753011]), array([-0.00738013]))","(array([0.08062234]), array([-0.00432091]))","(array([0.09999693]), array([-0.00170355]))","(array([0.12629377]), array([-0.00062409]))","(array([0.14420565]), array([-0.0011553]))","(array([0.15290639]), array([-0.0029796]))"
(0.4923306325291646+0j),[-0.03202817],[1.],[0.67099861],[1.],"(array([0.16860934]), array([0.11535888]))","(array([0.08257203]), array([-0.01377956]))","(array([0.07797249]), array([-0.01244064]))","(array([0.07494659]), array([-0.01021089]))","(array([0.07530973]), array([-0.00736149]))","(array([0.08062907]), array([-0.00430258]))","(array([0.10000283]), array([-0.00168586]))","(array([0.12630012]), array([-0.00060678]))","(array([0.14421243]), array([-0.00113765]))","(array([0.15291379]), array([-0.00296165]))","(array([0.15283382]), array([-0.00565203]))"
(0.5369524000334922+0j),[-0.04580771],[1.],[0.62472711],[1.],"(array([0.16281284]), array([0.10778888]))","(array([0.07798403]), array([-0.01241831]))","(array([0.07495638]), array([-0.01018915]))","(array([0.07531754]), array([-0.00734047]))","(array([0.08063524]), array([-0.0042824]))","(array([0.10000863]), array([-0.00166707]))","(array([0.12630652]), array([-0.0005892]))","(array([0.14421902]), array([-0.00112027]))","(array([0.15291945]), array([-0.00294386]))","(array([0.15283834]), array([-0.00563394]))","(array([0.14539639]), array([-0.00870346]))"
(0.5681481526950214+0j),[-0.0583778],[1.],[0.55923426],[1.],"(array([0.1543921]), array([0.09657269]))","(array([0.07496464]), array([-0.01016506]))","(array([0.07532391]), array([-0.00731729]))","(array([0.08064]), array([-0.00426022]))","(array([0.10001348]), array([-0.00164635]))","(array([0.12631276]), array([-0.00056994]))","(array([0.14422684]), array([-0.001102]))","(array([0.15292762]), array([-0.00292603]))","(array([0.1528449]), array([-0.00561633]))","(array([0.14540104]), array([-0.00868625]))","(array([0.13258779]), array([-0.01167664]))"
(0.5852661436485285+0j),[-0.0686704],[1.],[0.4841158],[1.],"(array([0.14559869]), array([0.08369081]))","(array([0.07532983]), array([-0.00729207]))","(array([0.08064452]), array([-0.00423627]))","(array([0.10001814]), array([-0.00162381]))","(array([0.12631912]), array([-0.00054888]))","(array([0.14423558]), array([-0.00108232]))","(array([0.15293888]), array([-0.00290749]))","(array([0.15285612]), array([-0.00559842]))","(array([0.14540956]), array([-0.00866902]))","(array([0.13259329]), array([-0.01166029]))","(array([0.11659446]), array([-0.01424748]))"
(0.589143592823846+0j),[-0.07647734],[1.],[0.40805788],[1.],"(array([0.13916785]), array([0.07073577]))","(array([0.08064893]), array([-0.00421068]))","(array([0.10002293]), array([-0.00159979]))","(array([0.12632602]), array([-0.00052647]))","(array([0.14424511]), array([-0.00106171]))","(array([0.1529522]), array([-0.00288867]))","(array([0.15287198]), array([-0.00558084]))","(array([0.14542385]), array([-0.00865218]))","(array([0.13260283]), array([-0.0116444]))","(array([0.11659915]), array([-0.0142327]))","(array([0.09949094]), array([-0.01627955]))"
(0.5816603366570867+0j),[-0.0822174],[1.],[0.3382406],[1.],"(array([0.13758032]), array([0.05881523]))","(array([0.10002727]), array([-0.00157441]))","(array([0.12633309]), array([-0.00050291]))","(array([0.1442552]), array([-0.00104024]))","(array([0.1529663]), array([-0.00286982]))","(array([0.15289076]), array([-0.00556412]))","(array([0.14544389]), array([-0.00863662]))","(array([0.13261879]), array([-0.01162954]))","(array([0.11660783]), array([-0.01421878]))","(array([0.0994929]), array([-0.01626669]))","(array([0.08304835]), array([-0.0178018]))"
(0.5210119375520402+0j),[-0.08795455],[1.],[0.32279392],[1.],"(array([0.15355236]), array([0.0529569]))","(array([0.12633887]), array([-0.00047859]))","(array([0.1442648]), array([-0.00101828]))","(array([0.15297969]), array([-0.00285086]))","(array([0.15290924]), array([-0.00554822]))","(array([0.1454666]), array([-0.00862272]))","(array([0.13264057]), array([-0.01161652]))","(array([0.11662289]), array([-0.01420616]))","(array([0.09949861]), array([-0.0162546]))","(array([0.08304633]), array([-0.01779035]))","(array([0.07397552]), array([-0.01910104]))"
(0.4648300848236502+0j),[-0.0938633],[1.],[0.30770891],[1.],"(array([0.17931319]), array([0.05045493]))","(array([0.14426888]), array([-0.00099648]))","(array([0.15298581]), array([-0.00283118]))","(array([0.15291825]), array([-0.0055308]))","(array([0.14547968]), array([-0.008607]))","(array([0.13265596]), array([-0.0116018]))","(array([0.11663679]), array([-0.01419196]))","(array([0.0995081]), array([-0.01624063]))","(array([0.0830509]), array([-0.01777646]))","(array([0.07397812]), array([-0.01908769]))","(array([0.07058572]), array([-0.02042001]))"
(0.4126651620767755+0j),[-0.09792681],[1.],[0.29268517],[1.],"(array([0.19652679]), array([0.04646837]))","(array([0.15299011]), array([-0.00281008]))","(array([0.15292339]), array([-0.00551112]))","(array([0.14548667]), array([-0.00858864]))","(array([0.13266517]), array([-0.0115845]))","(array([0.11664707]), array([-0.01417546]))","(array([0.09951791]), array([-0.01622462]))","(array([0.08305933]), array([-0.01776059]))","(array([0.07398574]), array([-0.01907205]))","(array([0.0705932]), array([-0.02040507]))","(array([0.06722398]), array([-0.02153755]))"
(0.3643424915659652+0j),[-0.09876138],[1.],[0.27760996],[1.],"(array([0.20403548]), array([0.04147226]))","(array([0.15292939]), array([-0.00548961]))","(array([0.14549329]), array([-0.00856826]))","(array([0.13267329]), array([-0.01156514]))","(array([0.11665701]), array([-0.014157]))","(array([0.0995289]), array([-0.01620684]))","(array([0.08306981]), array([-0.01774314]))","(array([0.07399535]), array([-0.01905459]))","(array([0.07060251]), array([-0.02038812]))","(array([0.06723289]), array([-0.02152121]))","(array([0.06385881]), array([-0.02207912]))"
(0.31994726957051467+0j),[-0.09566655],[1.],[0.26256897],[1.],"(array([0.20206312]), array([0.03600984]))","(array([0.14550155]), array([-0.00854602]))","(array([0.1326821]), array([-0.0115438]))","(array([0.11666738]), array([-0.01413638]))","(array([0.09954134]), array([-0.01618688]))","(array([0.0830821]), array([-0.01772349]))","(array([0.07400681]), array([-0.01903478]))","(array([0.0706135]), array([-0.02036886]))","(array([0.06724325]), array([-0.02150252]))","(array([0.06386831]), array([-0.02206113]))","(array([0.06048861]), array([-0.0218136]))"
(0.2797480670156577+0j),[-0.08840851],[1.],[0.24783425],[1.],"(array([0.1919549]), array([0.03065613]))","(array([0.1326922]), array([-0.01152036]))","(array([0.11667823]), array([-0.01411366]))","(array([0.0995539]), array([-0.01616465]))","(array([0.08309485]), array([-0.01770151]))","(array([0.07401923]), array([-0.019013]))","(array([0.07062543]), array([-0.02034777]))","(array([0.06725443]), array([-0.02148215]))","(array([0.06387848]), array([-0.0220415]))","(array([0.06049754]), array([-0.02179476]))","(array([0.05715496]), array([-0.02063948]))"
(0.24407549874606882+0j),[-0.07705487],[1.],[0.23383508],[1.],"(array([0.17572252]), array([0.02594711]))","(array([0.11668933]), array([-0.01408891]))","(array([0.09956591]), array([-0.01614062]))","(array([0.08310715]), array([-0.01767816]))","(array([0.07403154]), array([-0.0189904]))","(array([0.0706374]), array([-0.02032589]))","(array([0.06726576]), array([-0.02146103]))","(array([0.06388885]), array([-0.02202115]))","(array([0.06050668]), array([-0.02177521]))","(array([0.05716265]), array([-0.02062072]))","(array([0.05393855]), array([-0.01854028]))"
(0.2131907275543092+0j),[-0.06190392],[1.],[0.22106182],[1.],"(array([0.15564325]), array([0.0222767]))","(array([0.09957788]), array([-0.01611554]))","(array([0.08311952]), array([-0.01765395]))","(array([0.07404398]), array([-0.01896712]))","(array([0.07064955]), array([-0.02030338]))","(array([0.06727727]), array([-0.02143926]))","(array([0.06389938]), array([-0.02200015]))","(array([0.06051595]), array([-0.02175497]))","(array([0.05717043]), array([-0.02060128]))","(array([0.0539447]), array([-0.01852165]))","(array([0.05094427]), array([-0.01555795]))"
(0.18717142459872987+0j),[-0.04349023],[1.],[0.21001105],[1.],"(array([0.13393783]), array([0.0198312]))","(array([0.08313179]), array([-0.01762981]))","(array([0.07405635]), array([-0.01894389]))","(array([0.07066163]), array([-0.02028099]))","(array([0.06728869]), array([-0.02141765]))","(array([0.0639098]), array([-0.02197927]))","(array([0.06052509]), array([-0.02173483]))","(array([0.05717808]), array([-0.0205819]))","(array([0.05395071]), array([-0.01850307]))","(array([0.05094857]), array([-0.01554018]))","(array([0.04828404]), array([-0.01178646]))"
(0.16584240112994458+0j),[-0.02264931],[1.],[0.20127266],[1.],"(array([0.11257317]), array([0.01861152]))","(array([0.07406823]), array([-0.01892139]))","(array([0.07067317]), array([-0.02025933]))","(array([0.06729957]), array([-0.02139672]))","(array([0.06391973]), array([-0.02195902]))","(array([0.0605338]), array([-0.02171528]))","(array([0.05718536]), array([-0.02056307]))","(array([0.05395641]), array([-0.01848502]))","(array([0.05095263]), array([-0.01552293]))","(array([0.04828645]), array([-0.01176999]))","(array([0.04608088]), array([-0.00737824]))"
(0.19149853447008053+0j),[-0.00680855],[1.],[0.38360764],[1.],"(array([0.10963465]), array([0.03649142]))","(array([0.07068413]), array([-0.02023849]))","(array([0.06730989]), array([-0.0213766]))","(array([0.06392913]), array([-0.02193956]))","(array([0.06054205]), array([-0.02169646]))","(array([0.05719225]), array([-0.02054495]))","(array([0.05396178]), array([-0.01846763]))","(array([0.05095641]), array([-0.01550631]))","(array([0.04828863]), array([-0.01175414]))","(array([0.04608152]), array([-0.00736312]))","(array([0.06574892]), array([-0.00309576]))"
(0.24092555381812192+0j),[-0.00098798],[1.],[0.53341949],[1.],"(array([0.12294395]), array([0.06888477]))","(array([0.06732098]), array([-0.02135753]))","(array([0.06393919]), array([-0.02192145]))","(array([0.06055056]), array([-0.02167878]))","(array([0.05719918]), array([-0.02052754]))","(array([0.05396729]), array([-0.0184508]))","(array([0.05096055]), array([-0.01549034]))","(array([0.04829129]), array([-0.01173901]))","(array([0.04608263]), array([-0.00734868]))","(array([0.06574911]), array([-0.00308238]))","(array([0.10329135]), array([-0.00069859]))"
(0.30531563017724617+0j),[-0.00299599],[1.],[0.6400905],[1.],"(array([0.13371112]), array([0.09301819]))","(array([0.06394862]), array([-0.02190245]))","(array([0.06055878]), array([-0.02166048]))","(array([0.05720605]), array([-0.02050987]))","(array([0.05397271]), array([-0.01843376]))","(array([0.05096445]), array([-0.01547395]))","(array([0.04829362]), array([-0.01172326]))","(array([0.04608342]), array([-0.00733358]))","(array([0.06574898]), array([-0.003068]))","(array([0.10329098]), array([-0.00068492]))","(array([0.13222978]), array([-0.0003082]))"
(0.37562300779428887+0j),[-0.01045723],[1.],[0.69961115],[1.],"(array([0.14061558]), array([0.10806796]))","(array([0.06056789]), array([-0.02164123]))","(array([0.05721362]), array([-0.02049133]))","(array([0.05397872]), array([-0.01841587]))","(array([0.05096886]), array([-0.01545663]))","(array([0.04829641]), array([-0.01170651]))","(array([0.0460847]), array([-0.00731748]))","(array([0.06574953]), array([-0.00305264]))","(array([0.10329157]), array([-0.00067018]))","(array([0.13223047]), array([-0.0002941]))","(array([0.15087787]), array([-0.00141008]))"
(0.44372061731115614+0j),[-0.02105037],[1.],[0.71392923],[1.],"(array([0.1430762]), array([0.11432312]))","(array([0.05722326]), array([-0.02047263]))","(array([0.05398694]), array([-0.01839811]))","(array([0.05097544]), array([-0.01543949]))","(array([0.04830116]), array([-0.01168968]))","(array([0.04608747]), array([-0.00730084]))","(array([0.0657511]), array([-0.00303619]))","(array([0.10329376]), array([-0.00065445]))","(array([0.1322341]), array([-0.00027878]))","(array([0.15088346]), array([-0.00139501]))","(array([0.15899218]), array([-0.00347084]))"
(0.5032434001834188+0j),[-0.03275817],[1.],[0.6894638],[1.],"(array([0.14119975]), array([0.11297801]))","(array([0.05399637]), array([-0.01837915]))","(array([0.05098279]), array([-0.0154206]))","(array([0.04830625]), array([-0.01167121]))","(array([0.04609058]), array([-0.0072828]))","(array([0.06575282]), array([-0.00301866]))","(array([0.10329598]), array([-0.00063819]))","(array([0.13223727]), array([-0.00026272]))","(array([0.15088763]), array([-0.00137845]))","(array([0.15899771]), array([-0.00345395]))","(array([0.15755263]), array([-0.00599748]))"
