Es,Sx,Sxx,Sy,Syy,PQ-10,PQ-9,PQ-8,PQ-7,PQ-6,PQ-5,PQ-4,PQ-3,PQ-2,PQ-1,PQ0
(0.005429857831468681+0j),[4.50467596e-18],[1.],[0.14696999],[1.],"(array([0.00830026]), array([0.01437648]))","(array([0.]), array([0.]))","(array([0.]), array([0.]))","(array([0.]), array([0.]))","(array([0.]), array([0.]))","(array([0.]), array([0.]))","(array([0.]), array([0.]))","(array([0.]), array([0.]))","(array([0.]), array([0.]))","(array([0.]), array([0.]))","(array([0.01660052]), array([9.75781955e-17]))"
(0.04657130992385156+0j),[9.83247504e-15],[1.],[0.42119281],[1.],"(array([0.0322562]), array([0.05586938]))","(array([-2.70298358e-28]), array([9.54379302e-29]))","(array([-1.5944318e-29]), array([7.92230274e-30]))","(array([-1.63771442e-26]), array([-1.13496845e-26]))","(array([2.14917467e-26]), array([2.95601822e-26]))","(array([-6.29989647e-26]), array([-1.30979738e-25]))","(array([-3.53044834e-27]), array([-2.96776337e-27]))","(array([2.09004238e-27]), array([-8.76988444e-28]))","(array([8.03348001e-27]), array([1.99727433e-26]))","(array([0.01660052]), array([9.7838404e-16]))","(array([0.0645124]), array([1.66359981e-15]))"
(0.07642206064042989+0j),[-1.45944532e-14],[1.],[0.52980416],[1.],"(array([0.05368578]), array([0.09298649]))","(array([-9.0434986e-23]), array([2.58123501e-23]))","(array([6.50955797e-22]), array([-3.41258905e-22]))","(array([-1.24461205e-21]), array([7.79774515e-22]))","(array([1.36364453e-21]), array([-5.73699734e-22]))","(array([4.23669366e-23]), array([1.32289172e-22]))","(array([2.51136876e-21]), array([-1.52015744e-21]))","(array([7.41235693e-23]), array([-3.17007523e-23]))","(array([0.01660052]), array([1.23121999e-15]))","(array([0.0645124]), array([1.25247035e-15]))","(array([0.10737155]), array([-2.76167977e-15]))"
(0.06903122239589682+0j),[-1.34598381e-14],[1.],[0.50353397],[1.],"(array([0.0582516]), array([0.10089473]))","(array([1.385006e-20]), array([1.31918208e-20]))","(array([-8.37655623e-21]), array([-2.90536216e-19]))","(array([1.37825987e-19]), array([-4.46862489e-21]))","(array([8.70082613e-20]), array([-4.33922876e-20]))","(array([-3.26304102e-20]), array([-8.98245041e-20]))","(array([8.72131863e-20]), array([8.17236613e-20]))","(array([0.01660052]), array([1.22471477e-15]))","(array([0.0645124]), array([1.2854301e-15]))","(array([0.10737155]), array([-2.7859659e-15]))","(array([0.1165032]), array([-3.76434994e-15]))"
(0.10222429308107375+0j),[-1.75503038e-14],[1.],[0.60091407],[1.],"(array([0.06234219]), array([0.10797984]))","(array([1.92809317e-21]), array([-2.90850105e-19]))","(array([2.36808313e-19]), array([-7.28967121e-20]))","(array([6.5197075e-20]), array([-2.67300612e-20]))","(array([-7.38703858e-23]), array([1.30292876e-19]))","(array([6.63724667e-20]), array([9.2047047e-20]))","(array([0.01660052]), array([1.26201133e-15]))","(array([0.0645124]), array([1.46063717e-15]))","(array([0.10737155]), array([-2.92127433e-15]))","(array([0.1165032]), array([-4.77048956e-15]))","(array([0.12468437]), array([-3.91700561e-15]))"
(0.1926473370077272+0j),[-1.65418736e-14],[1.],[0.78002436],[1.],"(array([0.07831838]), array([0.13565142]))","(array([4.29332503e-19]), array([-2.10829245e-19]))","(array([4.98080627e-20]), array([-2.25352449e-20]))","(array([-4.39334157e-20]), array([1.50584213e-19]))","(array([-1.55752689e-20]), array([1.47527582e-19]))","(array([0.01660052]), array([1.21127067e-15]))","(array([0.0645124]), array([1.17267307e-15]))","(array([0.10737155]), array([-3.15719673e-15]))","(array([0.1165032]), array([-4.63171168e-15]))","(array([0.12468437]), array([-3.70883879e-15]))","(array([0.15663677]), array([-3.60822483e-15]))"
(0.23189604198949482+0j),[-1.70915559e-14],[1.],[0.82622186],[1.],"(array([0.09062885]), array([0.15697377]))","(array([-5.25950633e-19]), array([-4.69267072e-20]))","(array([-2.57079845e-19]), array([-4.62380751e-19]))","(array([-1.41957574e-19]), array([3.05894373e-19]))","(array([0.01660052]), array([1.20086233e-15]))","(array([0.0645124]), array([1.19348975e-15]))","(array([0.10737156]), array([-3.1329106e-15]))","(array([0.1165032]), array([-4.57966998e-15]))","(array([0.12468438]), array([-3.36536354e-15]))","(array([0.15663677]), array([-3.78863607e-15]))","(array([0.1812577]), array([-3.08086889e-15]))"
(0.20946919963501404+0j),[-1.63871843e-14],[1.],[0.78525391],[1.],"(array([0.09084252]), array([0.15734386]))","(array([-2.02519448e-19]), array([1.02795202e-18]))","(array([-4.61027811e-19]), array([8.16397484e-19]))","(array([0.01660053]), array([1.19522447e-15]))","(array([0.06451241]), array([1.20216337e-15]))","(array([0.10737156]), array([-3.18148285e-15]))","(array([0.11650321]), array([-4.56579219e-15]))","(array([0.12468438]), array([-3.40699691e-15]))","(array([0.15663677]), array([-3.65679709e-15]))","(array([0.1812577]), array([-3.22658567e-15]))","(array([0.18168504]), array([-3.42087469e-15]))"
(0.24727964938069882+0j),[-2.10275386e-14],[1.],[0.82643576],[1.],"(array([0.09092936]), array([0.15749428]))","(array([9.66914396e-19]), array([4.15248124e-20]))","(array([0.01660053]), array([1.20693386e-15]))","(array([0.06451241]), array([1.40165657e-15]))","(array([0.10737158]), array([-3.37924133e-15]))","(array([0.11650323]), array([-4.69069228e-15]))","(array([0.1246844]), array([-3.30638295e-15]))","(array([0.15663679]), array([-3.35842465e-15]))","(array([0.18125772]), array([-3.73312492e-15]))","(array([0.18168506]), array([-4.74620343e-15]))","(array([0.18185873]), array([-4.99600361e-15]))"
(0.3487587271768238+0j),[-2.42367043e-14],[1.],[0.90470947],[1.],"(array([0.09807983]), array([0.16987925]))","(array([0.01660053]), array([1.21604116e-15]))","(array([0.06451243]), array([1.618497e-15]))","(array([0.1073716]), array([-3.66026653e-15]))","(array([0.11650326]), array([-5.01335085e-15]))","(array([0.12468443]), array([-4.08700851e-15]))","(array([0.15663682]), array([-4.28129754e-15]))","(array([0.18125775]), array([-3.25434124e-15]))","(array([0.18168509]), array([-4.25354196e-15]))","(array([0.18185875]), array([-5.87724314e-15]))","(array([0.19615966]), array([-3.59434704e-15]))"
(0.37913187322595504+0j),[0.00092579],[1.],[0.89936659],[1.],"(array([0.11824239]), array([0.17626141]))","(array([0.06451244]), array([1.72778458e-15]))","(array([0.10737164]), array([-3.25087179e-15]))","(array([0.1165033]), array([-4.74273398e-15]))","(array([0.12468447]), array([-3.65332764e-15]))","(array([0.15663688]), array([-4.33680869e-15]))","(array([0.18125782]), array([-3.21270788e-15]))","(array([0.18168516]), array([-3.78169718e-15]))","(array([0.18185882]), array([-6.07153217e-15]))","(array([0.19615972]), array([-4.2119086e-15]))","(array([0.20346783]), array([0.00010626]))"
(0.33911494819391547+0j),[0.00518139],[1.],[0.85226142],[1.],"(array([0.16268697]), array([0.17137356]))","(array([0.10737178]), array([3.13137936e-10]))","(array([0.11650346]), array([2.71708205e-10]))","(array([0.12468467]), array([1.27006804e-10]))","(array([0.15663709]), array([3.82254541e-10]))","(array([0.18125804]), array([5.19074644e-11]))","(array([0.18168538]), array([1.65718134e-12]))","(array([0.18185904]), array([5.80698198e-11]))","(array([0.19615992]), array([1.82107905e-10]))","(array([0.20346799]), array([0.00010626]))","(array([0.19750129]), array([0.0006649]))"
(0.4253240623910449+0j),[0.01166299],[1.],[0.87517218],[1.],"(array([0.20340987]), array([0.17027773]))","(array([0.11650353]), array([3.55017952e-09]))","(array([0.12468473]), array([3.01749548e-09]))","(array([0.15663719]), array([3.40352827e-09]))","(array([0.18125816]), array([-1.40754033e-09]))","(array([0.18168551]), array([-1.24578238e-09]))","(array([0.18185917]), array([-1.57589643e-09]))","(array([0.19616006]), array([-2.59312448e-09]))","(array([0.20346816]), array([0.00010625]))","(array([0.19750145]), array([0.0006649]))","(array([0.19548631]), array([0.00196687]))"
(0.5021909617310492+0j),[0.01433704],[1.],[0.85025947],[1.],"(array([0.2114615]), array([0.17046677]))","(array([0.12468502]), array([7.86975183e-09]))","(array([0.15663764]), array([3.38373024e-09]))","(array([0.18125876]), array([-9.15290024e-10]))","(array([0.18168619]), array([-1.29485939e-09]))","(array([0.18185989]), array([2.3851162e-10]))","(array([0.19616076]), array([-1.07282755e-08]))","(array([0.20346872]), array([0.00010624]))","(array([0.19750196]), array([0.00066489]))","(array([0.19548679]), array([0.00196686]))","(array([0.19511065]), array([0.00299764]))"
(0.44665564472575925+0j),[0.01640041],[1.],[0.80580058],[1.],"(array([0.21511233]), array([0.16343415]))","(array([0.15663818]), array([-1.29065474e-09]))","(array([0.18125944]), array([-9.10716023e-09]))","(array([0.18168687]), array([-1.17384814e-08]))","(array([0.18186056]), array([-2.07271307e-08]))","(array([0.19616151]), array([-3.6126703e-08]))","(array([0.20346952]), array([0.00010624]))","(array([0.19750273]), array([0.0006649]))","(array([0.19548758]), array([0.00196686]))","(array([0.19511149]), array([0.00299765]))","(array([0.18675216]), array([0.00340401]))"
(0.3945910353930092+0j),[0.02320183],[1.],[0.76065681],[1.],"(array([0.24115372]), array([0.15518758]))","(array([0.18126044]), array([4.26605153e-09]))","(array([0.18168777]), array([4.25482441e-10]))","(array([0.18186136]), array([-2.17801121e-08]))","(array([0.19616238]), array([-5.03549871e-08]))","(array([0.20347052]), array([0.00010623]))","(array([0.19750369]), array([0.00066487]))","(array([0.19548851]), array([0.00196683]))","(array([0.19511255]), array([0.00299762]))","(array([0.18675331]), array([0.00340398]))","(array([0.17665553]), array([0.00439915]))"
(0.4556529493375627+0j),[0.03049832],[1.],[0.76086824],[1.],"(array([0.26189002]), array([0.15199238]))","(array([0.18168835]), array([3.0142291e-09]))","(array([0.18186181]), array([-3.32452943e-08]))","(array([0.19616275]), array([-8.02609674e-08]))","(array([0.20347088]), array([0.00010623]))","(array([0.19750405]), array([0.00066487]))","(array([0.1954889]), array([0.00196684]))","(array([0.19511304]), array([0.0029976]))","(array([0.18675385]), array([0.00340394]))","(array([0.17665605]), array([0.00439913]))","(array([0.17195183]), array([0.00616723]))"
(0.5084612373397799+0j),[0.03116162],[1.],[0.72998873],[1.],"(array([0.25976709]), array([0.14933657]))","(array([0.1818628]), array([-8.61500062e-08]))","(array([0.19616363]), array([-9.18764797e-08]))","(array([0.20347175]), array([0.00010625]))","(array([0.19750492]), array([0.00066488]))","(array([0.19548979]), array([0.00196687]))","(array([0.19511393]), array([0.00299769]))","(array([0.18675478]), array([0.00340403]))","(array([0.17665693]), array([0.00439921]))","(array([0.17195275]), array([0.0061673]))","(array([0.16837749]), array([0.00705074]))"
(0.4489697540855915+0j),[0.03088043],[1.],[0.69043372],[1.],"(array([0.25599321]), array([0.14219714]))","(array([0.19616553]), array([-2.10108518e-07]))","(array([0.20347332]), array([0.00010619]))","(array([0.19750624]), array([0.00066486]))","(array([0.19549094]), array([0.00196688]))","(array([0.19511525]), array([0.00299768]))","(array([0.1867563]), array([0.00340407]))","(array([0.17665839]), array([0.00439925]))","(array([0.17195433]), array([0.00616735]))","(array([0.16837926]), array([0.0070508]))","(array([0.16021278]), array([0.00689788]))"
(0.3946133602121354+0j),[0.03595939],[1.],[0.64994426],[1.],"(array([0.26530568]), array([0.13465439]))","(array([0.20347577]), array([0.00010616]))","(array([0.19750819]), array([0.00066489]))","(array([0.19549247]), array([0.00196693]))","(array([0.19511672]), array([0.00299771]))","(array([0.18675782]), array([0.00340416]))","(array([0.17665991]), array([0.00439932]))","(array([0.17195602]), array([0.00616741]))","(array([0.16838112]), array([0.0070509]))","(array([0.16021464]), array([0.00689794]))","(array([0.15118726]), array([0.00744623]))"
(0.3918175439919463+0j),[0.0432788],[1.],[0.64148534],[1.],"(array([0.26845648]), array([0.13058308]))","(array([0.19750962]), array([0.00066486]))","(array([0.19549366]), array([0.00196682]))","(array([0.1951176]), array([0.00299769]))","(array([0.18675867]), array([0.00340429]))","(array([0.17666076]), array([0.00439942]))","(array([0.17195692]), array([0.00616755]))","(array([0.16838212]), array([0.00705103]))","(array([0.16021562]), array([0.00689802]))","(array([0.1511882]), array([0.00744628]))","(array([0.14549281]), array([0.00896201]))"
(0.43692267747592184+0j),[0.04509704],[1.],[0.65353679],[1.],"(array([0.2618956]), array([0.13236297]))","(array([0.19549459]), array([0.00196661]))","(array([0.19511828]), array([0.00299768]))","(array([0.18675929]), array([0.00340435]))","(array([0.17666135]), array([0.00439947]))","(array([0.17195752]), array([0.00616764]))","(array([0.16838293]), array([0.00705114]))","(array([0.16021658]), array([0.00689809]))","(array([0.15118913]), array([0.00744634]))","(array([0.14549369]), array([0.00896201]))","(array([0.14625817]), array([0.01009004]))"
(0.43052483554378+0j),[0.04307646],[1.],[0.63525918],[1.],"(array([0.25945614]), array([0.13265767]))","(array([0.19511988]), array([0.00299751]))","(array([0.18676058]), array([0.0034043]))","(array([0.17666248]), array([0.00439945]))","(array([0.17195852]), array([0.00616768]))","(array([0.16838412]), array([0.00705122]))","(array([0.16021784]), array([0.00689826]))","(array([0.15119035]), array([0.00744649]))","(array([0.14549486]), array([0.00896214]))","(array([0.14625938]), array([0.01009017]))","(array([0.14517414]), array([0.00994721]))"
(0.3786880869801325+0j),[0.04407388],[1.],[0.59733311],[1.],"(array([0.25620957]), array([0.12828019]))","(array([0.18676383]), array([0.00340422]))","(array([0.17666502]), array([0.00439946]))","(array([0.17196045]), array([0.00616775]))","(array([0.16838591]), array([0.00705142]))","(array([0.16021954]), array([0.00689854]))","(array([0.15119204]), array([0.00744672]))","(array([0.14549667]), array([0.00896235]))","(array([0.14626144]), array([0.01009049]))","(array([0.14517637]), array([0.0099476]))","(array([0.13904711]), array([0.00973135]))"
(0.42073791325504034+0j),[0.04296567],[1.],[0.62011522],[1.],"(array([0.24688967]), array([0.12745217]))","(array([0.17666722]), array([0.00439907]))","(array([0.17196224]), array([0.00616756]))","(array([0.16838718]), array([0.00705143]))","(array([0.16022085]), array([0.00689874]))","(array([0.15119354]), array([0.00744687]))","(array([0.14549835]), array([0.00896264]))","(array([0.14626334]), array([0.01009083]))","(array([0.14517845]), array([0.00994782]))","(array([0.13904917]), array([0.00973147]))","(array([0.13750375]), array([0.00995589]))"
(0.4606323433321658+0j),[0.03438411],[1.],[0.61885828],[1.],"(array([0.23896998]), array([0.12993508]))","(array([0.17196502]), array([0.00616708]))","(array([0.16838898]), array([0.00705156]))","(array([0.16022251]), array([0.00689905]))","(array([0.15119517]), array([0.00744711]))","(array([0.14549989]), array([0.00896291]))","(array([0.14626516]), array([0.01009123]))","(array([0.14518095]), array([0.00994813]))","(array([0.13905168]), array([0.00973174]))","(array([0.13750621]), array([0.00995604]))","(array([0.13988502]), array([0.0088152]))"
(0.40753803419818924+0j),[0.02598567],[1.],[0.58260917],[1.],"(array([0.23392765]), array([0.12689259]))","(array([0.16839442]), array([0.00705075]))","(array([0.16022671]), array([0.00689879]))","(array([0.15119871]), array([0.00744697]))","(array([0.14550273]), array([0.00896297]))","(array([0.14626792]), array([0.01009155]))","(array([0.14518435]), array([0.00994863]))","(array([0.13905517]), array([0.00973219]))","(array([0.13750998]), array([0.00995645]))","(array([0.13988951]), array([0.00881556]))","(array([0.13553712]), array([0.00669651]))"
(0.3605803114488564+0j),[0.02357092],[1.],[0.54669218],[1.],"(array([0.22732611]), array([0.12012554]))","(array([0.16023326]), array([0.00689835]))","(array([0.15120368]), array([0.00744676]))","(array([0.14550626]), array([0.00896298]))","(array([0.14627049]), array([0.01009177]))","(array([0.1451868]), array([0.00994918]))","(array([0.13905789]), array([0.00973273]))","(array([0.13751301]), array([0.00995696]))","(array([0.13989335]), array([0.00881602]))","(array([0.13554134]), array([0.00669678]))","(array([0.12739501]), array([0.00549793]))"
(0.4006039306536479+0j),[0.01985656],[1.],[0.58279021],[1.],"(array([0.21967435]), array([0.1198905]))","(array([0.15120442]), array([0.00744672]))","(array([0.1455071]), array([0.00896288]))","(array([0.14627102]), array([0.01009172]))","(array([0.14518727]), array([0.00994938]))","(array([0.1390586]), array([0.00973302]))","(array([0.13751391]), array([0.0099573]))","(array([0.13989447]), array([0.00881626]))","(array([0.13554245]), array([0.00669696]))","(array([0.12739606]), array([0.0054981]))","(array([0.12758747]), array([0.0050202]))"
(0.4399695410044433+0j),[0.01007307],[1.],[0.59443367],[1.],"(array([0.21468063]), array([0.12428284]))","(array([0.14551095]), array([0.00896193]))","(array([0.14627363]), array([0.01009169]))","(array([0.14518931]), array([0.00994969]))","(array([0.13906063]), array([0.00973345]))","(array([0.13751624]), array([0.00995777]))","(array([0.139898]), array([0.00881657]))","(array([0.13554641]), array([0.00669731]))","(array([0.12739989]), array([0.00549828]))","(array([0.12759122]), array([0.00502013]))","(array([0.1329372]), array([0.00344981]))"
(0.3905129528071304+0j),[0.00080087],[1.],[0.55834378],[1.],"(array([0.20955518]), array([0.12213877]))","(array([0.14628089]), array([0.01009021]))","(array([0.14519402]), array([0.00994936]))","(array([0.13906436]), array([0.00973347]))","(array([0.13751958]), array([0.00995821]))","(array([0.13990259]), array([0.00881721]))","(array([0.1355515]), array([0.00669803]))","(array([0.12740489]), array([0.00549874]))","(array([0.12759671]), array([0.00502053]))","(array([0.13294391]), array([0.00345017]))","(array([0.13003739]), array([0.00112595]))"
(0.3463731206758033+0j),[-0.0031315],[1.],[0.52284885],[1.],"(array([0.20755893]), array([0.11553488]))","(array([0.14520053]), array([0.00994873]))","(array([0.13906897]), array([0.00973331]))","(array([0.13752273]), array([0.00995843]))","(array([0.13990538]), array([0.00881777]))","(array([0.13555464]), array([0.00669863]))","(array([0.12740822]), array([0.00549916]))","(array([0.12760052]), array([0.00502097]))","(array([0.132949]), array([0.00345073]))","(array([0.130043]), array([0.00112628]))","(array([0.12196064]), array([-0.00034839]))"
(0.385634501266982+0j),[-0.00678766],[1.],[0.56870146],[1.],"(array([0.20772679]), array([0.11621949]))","(array([0.13907085]), array([0.00973358]))","(array([0.13752432]), array([0.00995863]))","(array([0.13990627]), array([0.00881825]))","(array([0.13555571]), array([0.006699]))","(array([0.12740948]), array([0.00549957]))","(array([0.1276019]), array([0.00502144]))","(array([0.13295055]), array([0.00345112]))","(array([0.13004463]), array([0.00112664]))","(array([0.12196223]), array([-0.00034806]))","(array([0.12331008]), array([-0.0010152]))"
(0.4255351729197603+0j),[-0.01544361],[1.],[0.59008293],[1.],"(array([0.20661455]), array([0.121842]))","(array([0.13752747]), array([0.00995826]))","(array([0.13990754]), array([0.00881837]))","(array([0.13555748]), array([0.0066992]))","(array([0.12741167]), array([0.00549983]))","(array([0.12760438]), array([0.0050216]))","(array([0.13295399]), array([0.00345093]))","(array([0.13004841]), array([0.00112653]))","(array([0.12196592]), array([-0.00034838]))","(array([0.12331343]), array([-0.00101574]))","(array([0.13087542]), array([-0.00243666]))"
(0.37783074127814814+0j),[-0.02325512],[1.],[0.55505564],[1.],"(array([0.20596832]), array([0.11959552]))","(array([0.13991231]), array([0.00881752]))","(array([0.13556103]), array([0.00669891]))","(array([0.12741462]), array([0.00549969]))","(array([0.12760679]), array([0.00502186]))","(array([0.13295708]), array([0.00345134]))","(array([0.13005169]), array([0.00112717]))","(array([0.12196928]), array([-0.00034801]))","(array([0.12331694]), array([-0.00101542]))","(array([0.13087951]), array([-0.00243629]))","(array([0.12917414]), array([-0.00445735]))"
(0.3354084217192993+0j),[-0.02525153],[1.],[0.52107161],[1.],"(array([0.20540771]), array([0.11116957]))","(array([0.13556685]), array([0.0066983]))","(array([0.12741881]), array([0.00549949]))","(array([0.12760928]), array([0.00502195]))","(array([0.13295889]), array([0.00345182]))","(array([0.13005411]), array([0.00112764]))","(array([0.12197225]), array([-0.00034763]))","(array([0.12332023]), array([-0.00101525]))","(array([0.13088368]), array([-0.00243641]))","(array([0.1291788]), array([-0.00445771]))","(array([0.12139011]), array([-0.00554755]))"
(0.37671971850531905+0j),[-0.02800939],[1.],[0.57383091],[1.],"(array([0.20253331]), array([0.11088758]))","(array([0.12742109]), array([0.00549966]))","(array([0.1276107]), array([0.00502207]))","(array([0.13295943]), array([0.0034518]))","(array([0.13005494]), array([0.00112748]))","(array([0.12197344]), array([-0.00034765]))","(array([0.12332171]), array([-0.00101536]))","(array([0.13088575]), array([-0.00243688]))","(array([0.12918102]), array([-0.00445838]))","(array([0.12139236]), array([-0.00554815]))","(array([0.12372538]), array([-0.00589771]))"
(0.4194094736938974+0j),[-0.03587261],[1.],[0.59990487],[1.],"(array([0.19989928]), array([0.11675096]))","(array([0.12761337]), array([0.00502149]))","(array([0.13296124]), array([0.00345194]))","(array([0.13005717]), array([0.00112769]))","(array([0.12197559]), array([-0.00034734]))","(array([0.12332405]), array([-0.00101504]))","(array([0.130889]), array([-0.00243696]))","(array([0.12918455]), array([-0.00445841]))","(array([0.12139575]), array([-0.00554823]))","(array([0.12372855]), array([-0.00589795]))","(array([0.13260089]), array([-0.00713938]))"
(0.3730292402120628+0j),[-0.04279977],[1.],[0.56480714],[1.],"(array([0.2010554]), array([0.11431325]))","(array([0.13296599]), array([0.0034509]))","(array([0.13006085]), array([0.00112724]))","(array([0.12197868]), array([-0.00034772]))","(array([0.12332664]), array([-0.00101499]))","(array([0.13089238]), array([-0.00243679]))","(array([0.12918823]), array([-0.00445796]))","(array([0.12139943]), array([-0.00554799]))","(array([0.12373249]), array([-0.0058977]))","(array([0.13260557]), array([-0.00713906]))","(array([0.1313751]), array([-0.008961]))"
(0.33160777307569633+0j),[-0.04385376],[1.],[0.53110777],[1.],"(array([0.20329865]), array([0.10558181]))","(array([0.13006666]), array([0.00112624]))","(array([0.12198285]), array([-0.00034831]))","(array([0.12332912]), array([-0.00101526]))","(array([0.13089422]), array([-0.00243653]))","(array([0.12919077]), array([-0.00445774]))","(array([0.12140249]), array([-0.00554787]))","(array([0.12373602]), array([-0.00589768]))","(array([0.13261031]), array([-0.00713913]))","(array([0.13138049]), array([-0.00896128]))","(array([0.12361719]), array([-0.00984676]))"
(0.33372672077875587+0j),[-0.04316076],[1.],[0.54793821],[1.],"(array([0.19934842]), array([0.10154191]))","(array([0.12198491]), array([-0.00034873]))","(array([0.1233305]), array([-0.00101536]))","(array([0.13089449]), array([-0.00243654]))","(array([0.12919155]), array([-0.00445787]))","(array([0.12140369]), array([-0.00554782]))","(array([0.12373749]), array([-0.00589764]))","(array([0.13261229]), array([-0.00713944]))","(array([0.13138259]), array([-0.00896181]))","(array([0.12361938]), array([-0.00984724]))","(array([0.12160898]), array([-0.00978957]))"
(0.3798700186475164+0j),[-0.04624127],[1.],[0.59931788],[1.],"(array([0.19547897]), array([0.1069455]))","(array([0.12333152]), array([-0.00101565]))","(array([0.13089527]), array([-0.00243644]))","(array([0.12919252]), array([-0.00445775]))","(array([0.12140461]), array([-0.00554767]))","(array([0.1237386]), array([-0.00589748]))","(array([0.1326139]), array([-0.00713954]))","(array([0.13138427]), array([-0.00896181]))","(array([0.12362093]), array([-0.00984727]))","(array([0.12161033]), array([-0.00978965]))","(array([0.12967887]), array([-0.00999896]))"
(0.3813855016381398+0j),[-0.05075053],[1.],[0.59955876],[1.],"(array([0.20034734]), array([0.11050492]))","(array([0.1308974]), array([-0.0024369]))","(array([0.1291944]), array([-0.004458]))","(array([0.12140632]), array([-0.00554791]))","(array([0.12374032]), array([-0.00589756]))","(array([0.13261615]), array([-0.00713955]))","(array([0.13138655]), array([-0.00896155]))","(array([0.12362324]), array([-0.00984709]))","(array([0.12161257]), array([-0.00978952]))","(array([0.12968111]), array([-0.00999882]))","(array([0.13509843]), array([-0.01094175]))"
(0.33980215245845874+0j),[-0.05139187],[1.],[0.56492354],[1.],"(array([0.20660538]), array([0.10551334]))","(array([0.12919839]), array([-0.00445869]))","(array([0.1214093]), array([-0.00554833]))","(array([0.12374238]), array([-0.00589778]))","(array([0.132618]), array([-0.00713961]))","(array([0.13138875]), array([-0.00896161]))","(array([0.12362577]), array([-0.00984717]))","(array([0.1216154]), array([-0.00978954]))","(array([0.12968452]), array([-0.00999867]))","(array([0.13510237]), array([-0.01094145]))","(array([0.13134501]), array([-0.0115936]))"
(0.38772562251437054+0j),[-0.05256206],[1.],[0.61243078],[1.],"(array([0.20580106]), array([0.10498885]))","(array([0.12141183]), array([-0.00554922]))","(array([0.12374393]), array([-0.00589812]))","(array([0.13261895]), array([-0.0071398]))","(array([0.13138983]), array([-0.0089618]))","(array([0.12362729]), array([-0.00984707]))","(array([0.12161727]), array([-0.00978932]))","(array([0.12968701]), array([-0.00999853]))","(array([0.13510544]), array([-0.01094141]))","(array([0.13134815]), array([-0.01159356]))","(array([0.13309615]), array([-0.01161384]))"
(0.4354982888597613+0j),[-0.05887236],[1.],[0.6296898],[1.],"(array([0.20241585]), array([0.1097472]))","(array([0.12374694]), array([-0.00589906]))","(array([0.13262042]), array([-0.00714044]))","(array([0.13139221]), array([-0.00896189]))","(array([0.12363006]), array([-0.00984677]))","(array([0.12162004]), array([-0.009789]))","(array([0.12969027]), array([-0.00999833]))","(array([0.13510935]), array([-0.01094152]))","(array([0.13135191]), array([-0.01159374]))","(array([0.13309957]), array([-0.0116141]))","(array([0.14036536]), array([-0.01250025]))"
(0.3886673035270767+0j),[-0.06427024],[1.],[0.59425016],[1.],"(array([0.20486828]), array([0.10666351]))","(array([0.13262546]), array([-0.00714193]))","(array([0.13139643]), array([-0.00896269]))","(array([0.12363382]), array([-0.00984737]))","(array([0.1216232]), array([-0.00978938]))","(array([0.12969352]), array([-0.00999847]))","(array([0.13511312]), array([-0.01094159]))","(array([0.13135568]), array([-0.01159388]))","(array([0.13310347]), array([-0.01161422]))","(array([0.14036981]), array([-0.01250022]))","(array([0.13804676]), array([-0.01397531]))"
(0.3465341508065207+0j),[-0.0636968],[1.],[0.56038548],[1.],"(array([0.21030138]), array([0.09838932]))","(array([0.13140252]), array([-0.00896434]))","(array([0.12363848]), array([-0.00984847]))","(array([0.12162631]), array([-0.00979002]))","(array([0.12969576]), array([-0.00999894]))","(array([0.13511529]), array([-0.01094142]))","(array([0.13135837]), array([-0.01159373]))","(array([0.13310652]), array([-0.0116143]))","(array([0.14037371]), array([-0.01250074]))","(array([0.13805114]), array([-0.01397616]))","(array([0.13023362]), array([-0.01450682]))"
(0.3497708823826333+0j),[-0.06131879],[1.],[0.57242817],[1.],"(array([0.2074262]), array([0.09456058]))","(array([0.12364023]), array([-0.00984874]))","(array([0.12162788]), array([-0.00979018]))","(array([0.12969632]), array([-0.00999924]))","(array([0.13511567]), array([-0.01094169]))","(array([0.13135909]), array([-0.01159387]))","(array([0.13310754]), array([-0.0116144]))","(array([0.14037515]), array([-0.01250099]))","(array([0.13805267]), array([-0.01397653]))","(array([0.13023524]), array([-0.01450717]))","(array([0.12767298]), array([-0.0140744]))"
(0.3977830621362543+0j),[-0.06285943],[1.],[0.61355031],[1.],"(array([0.20271821]), array([0.09928061]))","(array([0.12162897]), array([-0.00979052]))","(array([0.12969722]), array([-0.00999942]))","(array([0.13511661]), array([-0.01094171]))","(array([0.13136008]), array([-0.01159383]))","(array([0.13310871]), array([-0.01161431]))","(array([0.14037691]), array([-0.01250106]))","(array([0.13805446]), array([-0.01397643]))","(array([0.13023692]), array([-0.01450711]))","(array([0.12767447]), array([-0.0140744]))","(array([0.1340598]), array([-0.01391719]))"
(0.39900942555125235+0j),[-0.06644972],[1.],[0.60843153],[1.],"(array([0.20310813]), array([0.10215493]))","(array([0.12970046]), array([-0.01000036]))","(array([0.13511892]), array([-0.01094214]))","(array([0.13136218]), array([-0.01159414]))","(array([0.13311097]), array([-0.01161447]))","(array([0.14038002]), array([-0.01250114]))","(array([0.13805784]), array([-0.01397628]))","(array([0.13024025]), array([-0.01450709]))","(array([0.12767778]), array([-0.01407441]))","(array([0.13406328]), array([-0.01391713]))","(array([0.13769575]), array([-0.01459061]))"
(0.3559487392270047+0j),[-0.06679417],[1.],[0.57372696],[1.],"(array([0.20944296]), array([0.09791462]))","(array([0.13512335]), array([-0.01094318]))","(array([0.13136547]), array([-0.01159482]))","(array([0.13311343]), array([-0.01161477]))","(array([0.1403824]), array([-0.01250127]))","(array([0.13806055]), array([-0.01397631]))","(array([0.13024314]), array([-0.01450718]))","(array([0.12768091]), array([-0.01407447]))","(array([0.13406696]), array([-0.01391689]))","(array([0.13769983]), array([-0.01459022]))","(array([0.13333263]), array([-0.01510499]))"
(0.40266740342464435+0j),[-0.06659708],[1.],[0.61238531],[1.],"(array([0.21508136]), array([0.09767662]))","(array([0.13136781]), array([-0.01159477]))","(array([0.13311535]), array([-0.01161451]))","(array([0.14038362]), array([-0.01250113]))","(array([0.1380621]), array([-0.01397622]))","(array([0.13024514]), array([-0.01450706]))","(array([0.1276832]), array([-0.01407421]))","(array([0.13406938]), array([-0.01391649]))","(array([0.13770234]), array([-0.01458969]))","(array([0.13333516]), array([-0.01510447]))","(array([0.13405885]), array([-0.01493645]))"
(0.4481716925921713+0j),[-0.07147107],[1.],[0.62240066],[1.],"(array([0.21453639]), array([0.10146151]))","(array([0.13311924]), array([-0.01161544]))","(array([0.14038494]), array([-0.01250173]))","(array([0.13806427]), array([-0.01397654]))","(array([0.13024804]), array([-0.014507]))","(array([0.12768627]), array([-0.01407414]))","(array([0.13407305]), array([-0.01391671]))","(array([0.13770666]), array([-0.0145903]))","(array([0.1333393]), array([-0.01510525]))","(array([0.13406256]), array([-0.01493745]))","(array([0.13950786]), array([-0.01549434]))"
(0.39988989037216544+0j),[-0.07570409],[1.],[0.58826641],[1.],"(array([0.21584385]), array([0.0982957]))","(array([0.14038943]), array([-0.01250319]))","(array([0.13806777]), array([-0.01397744]))","(array([0.13025108]), array([-0.01450762]))","(array([0.12768879]), array([-0.0140745]))","(array([0.13407563]), array([-0.01391684]))","(array([0.13770988]), array([-0.01459033]))","(array([0.13334263]), array([-0.01510536]))","(array([0.13406602]), array([-0.01493768]))","(array([0.13951184]), array([-0.01549467]))","(array([0.13655315]), array([-0.01669031]))"
(0.35635446843384216+0j),[-0.0739851],[1.],[0.55561662],[1.],"(array([0.21958458]), array([0.09075388]))","(array([0.13807287]), array([-0.013979]))","(array([0.13025515]), array([-0.01450856]))","(array([0.12769149]), array([-0.01407498]))","(array([0.13407736]), array([-0.01391726]))","(array([0.13771162]), array([-0.01459014]))","(array([0.133345]), array([-0.01510517]))","(array([0.13406875]), array([-0.01493783]))","(array([0.13951522]), array([-0.01549548]))","(array([0.13655685]), array([-0.01669149]))","(array([0.1290241]), array([-0.01696016]))"
(0.3579659070405464+0j),[-0.07065269],[1.],[0.56607247],[1.],"(array([0.21537942]), array([0.08734663]))","(array([0.13025693]), array([-0.01450886]))","(array([0.12769297]), array([-0.01407515]))","(array([0.13407813]), array([-0.01391748]))","(array([0.13771215]), array([-0.01459031]))","(array([0.13334573]), array([-0.01510526]))","(array([0.13406973]), array([-0.01493795]))","(array([0.13951662]), array([-0.01549577]))","(array([0.13655835]), array([-0.01669187]))","(array([0.12902568]), array([-0.01696047]))","(array([0.12641004]), array([-0.01628506]))"
(0.4038625916190076+0j),[-0.07157311],[1.],[0.6039061],[1.],"(array([0.21017766]), array([0.09202243]))","(array([0.12769438]), array([-0.0140755]))","(array([0.13407935]), array([-0.01391776]))","(array([0.13771326]), array([-0.01459042]))","(array([0.13334688]), array([-0.01510531]))","(array([0.13407102]), array([-0.01493794]))","(array([0.13951849]), array([-0.01549588]))","(array([0.13656028]), array([-0.01669177]))","(array([0.1290275]), array([-0.01696037]))","(array([0.12641169]), array([-0.016285]))","(array([0.13223168]), array([-0.01594602]))"
(0.4036891259585285+0j),[-0.07479157],[1.],[0.59811136],[1.],"(array([0.20970994]), array([0.09495335]))","(array([0.13408291]), array([-0.01391877]))","(array([0.1377158]), array([-0.01459089]))","(array([0.13334919]), array([-0.01510568]))","(array([0.13407348]), array([-0.01493816]))","(array([0.13952176]), array([-0.01549602]))","(array([0.13656387]), array([-0.01669164]))","(array([0.12903103]), array([-0.01696033]))","(array([0.12641521]), array([-0.01628496]))","(array([0.13223538]), array([-0.01594589]))","(array([0.1354384]), array([-0.01651353]))"
(0.3601205919780962+0j),[-0.07485967],[1.],[0.5643866],[1.],"(array([0.21432311]), array([0.09115118]))","(array([0.13772031]), array([-0.01459208]))","(array([0.13335252]), array([-0.01510649]))","(array([0.13407597]), array([-0.01493858]))","(array([0.13952414]), array([-0.01549619]))","(array([0.13656658]), array([-0.0166917]))","(array([0.12903393]), array([-0.01696046]))","(array([0.12641835]), array([-0.01628505]))","(array([0.13223906]), array([-0.01594568]))","(array([0.13544247]), array([-0.01651316]))","(array([0.13111789]), array([-0.01695874]))"
(0.4050742033029246+0j),[-0.07455513],[1.],[0.60209517],[1.],"(array([0.21812429]), array([0.09119339]))","(array([0.13335506]), array([-0.01510647]))","(array([0.13407807]), array([-0.01493835]))","(array([0.13952537]), array([-0.01549605]))","(array([0.13656824]), array([-0.01669163]))","(array([0.12903614]), array([-0.0169604]))","(array([0.12642084]), array([-0.01628488]))","(array([0.1322416]), array([-0.01594539]))","(array([0.13544504]), array([-0.01651277]))","(array([0.13112047]), array([-0.01695835]))","(array([0.13182786]), array([-0.01673962]))"
(0.44904156570173775+0j),[-0.07949832],[1.],[0.61195935],[1.],"(array([0.2169062]), array([0.09501244]))","(array([0.13408191]), array([-0.01493939]))","(array([0.13952668]), array([-0.01549665]))","(array([0.13657025]), array([-0.016692]))","(array([0.12903876]), array([-0.01696045]))","(array([0.12642361]), array([-0.0162849]))","(array([0.13224496]), array([-0.01594565]))","(array([0.13544905]), array([-0.0165134]))","(array([0.13112434]), array([-0.01695913]))","(array([0.13183135]), array([-0.01674061]))","(array([0.13715623]), array([-0.01729438]))"
(0.40097823843928904+0j),[-0.0838141],[1.],[0.57858283],[1.],"(array([0.21724993]), array([0.09209586]))","(array([0.13953119]), array([-0.01549822]))","(array([0.13657375]), array([-0.01669297]))","(array([0.12904179]), array([-0.01696113]))","(array([0.12642614]), array([-0.01628532]))","(array([0.13224752]), array([-0.01594583]))","(array([0.13545224]), array([-0.01651348]))","(array([0.13112765]), array([-0.01695927]))","(array([0.1318348]), array([-0.01674087]))","(array([0.1371602]), array([-0.01729473]))","(array([0.13428456]), array([-0.0185125]))"
(0.3577573683713161+0j),[-0.08217082],[1.],[0.54686613],[1.],"(array([0.21927962]), array([0.0850396]))","(array([0.13657885]), array([-0.01669455]))","(array([0.12904588]), array([-0.01696211]))","(array([0.12642884]), array([-0.01628584]))","(array([0.13224923]), array([-0.01594633]))","(array([0.13545395]), array([-0.01651339]))","(array([0.13112999]), array([-0.01695917]))","(array([0.13183753]), array([-0.01674109]))","(array([0.13716364]), array([-0.01729559]))","(array([0.13428835]), array([-0.01851371]))","(array([0.12694608]), array([-0.01879897]))"
(0.35906110588765267+0j),[-0.07892832],[1.],[0.55784963],[1.],"(array([0.21453571]), array([0.08204594]))","(array([0.12904756]), array([-0.01696249]))","(array([0.12643027]), array([-0.01628609]))","(array([0.13225]), array([-0.01594659]))","(array([0.13545446]), array([-0.01651355]))","(array([0.13113068]), array([-0.01695925]))","(array([0.13183844]), array([-0.01674119]))","(array([0.13716494]), array([-0.01729586]))","(array([0.13428974]), array([-0.01851404]))","(array([0.12694757]), array([-0.01879924]))","(array([0.12449664]), array([-0.01814077]))"
(0.40407759582572533+0j),[-0.07992705],[1.],[0.59594569],[1.],"(array([0.20967582]), array([0.08704567]))","(array([0.12643168]), array([-0.01628644]))","(array([0.13225121]), array([-0.01594693]))","(array([0.13545555]), array([-0.01651371]))","(array([0.13113178]), array([-0.01695935]))","(array([0.13183969]), array([-0.01674122]))","(array([0.13716676]), array([-0.017296]))","(array([0.13429163]), array([-0.01851395]))","(array([0.12694934]), array([-0.01879915]))","(array([0.12449825]), array([-0.01814071]))","(array([0.13040068]), array([-0.01782026]))"
(0.4036910842474778+0j),[-0.08320369],[1.],[0.59063641],[1.],"(array([0.20921477]), array([0.09028973]))","(array([0.13225485]), array([-0.01594804]))","(array([0.13545812]), array([-0.01651425]))","(array([0.13113411]), array([-0.01695978]))","(array([0.13184217]), array([-0.01674151]))","(array([0.13717005]), array([-0.01729619]))","(array([0.13429527]), array([-0.01851388]))","(array([0.12695294]), array([-0.01879917]))","(array([0.12450183]), array([-0.01814073]))","(array([0.13040445]), array([-0.01782016]))","(array([0.13369834]), array([-0.01840451]))"
(0.3605017932430439+0j),[-0.08332571],[1.],[0.55750411],[1.],"(array([0.21333393]), array([0.08676757]))","(array([0.13546265]), array([-0.01651552]))","(array([0.13113746]), array([-0.01696065]))","(array([0.13184464]), array([-0.01674198]))","(array([0.13717239]), array([-0.01729642]))","(array([0.13429794]), array([-0.01851401]))","(array([0.12695581]), array([-0.01879936]))","(array([0.12450495]), array([-0.01814087]))","(array([0.13040813]), array([-0.01782]))","(array([0.1337024]), array([-0.01840419]))","(array([0.1294986]), array([-0.01886249]))"
(0.36212798546453046+0j),[-0.08066742],[1.],[0.56700492],[1.],"(array([0.21482009]), array([0.08399121]))","(array([0.13113988]), array([-0.01696067]))","(array([0.13184664]), array([-0.01674174]))","(array([0.13717358]), array([-0.01729632]))","(array([0.13429955]), array([-0.01851396]))","(array([0.12695794]), array([-0.01879932]))","(array([0.12450739]), array([-0.01814071]))","(array([0.13041062]), array([-0.0178197]))","(array([0.13370493]), array([-0.01840377]))","(array([0.12950115]), array([-0.01886208]))","(array([0.12672667]), array([-0.0184724]))"
(0.4078139973058744+0j),[-0.08157653],[1.],[0.60294651],[1.],"(array([0.21300973]), array([0.08844082]))","(array([0.13184795]), array([-0.01674196]))","(array([0.13717396]), array([-0.01729669]))","(array([0.1343009]), array([-0.01851407]))","(array([0.12696003]), array([-0.01879903]))","(array([0.1245097]), array([-0.01814036]))","(array([0.13041326]), array([-0.01781955]))","(array([0.13370754]), array([-0.01840389]))","(array([0.12950347]), array([-0.01886229]))","(array([0.12672865]), array([-0.01847273]))","(array([0.13222768]), array([-0.01819822]))"
(0.407439354824202+0j),[-0.08453951],[1.],[0.59706998],[1.],"(array([0.21567067]), array([0.09098226]))","(array([0.13717604]), array([-0.01729746]))","(array([0.13430278]), array([-0.01851463]))","(array([0.12696185]), array([-0.01879939]))","(array([0.12451136]), array([-0.0181407]))","(array([0.130415]), array([-0.0178199]))","(array([0.13370974]), array([-0.01840423]))","(array([0.12950574]), array([-0.01886261]))","(array([0.12673088]), array([-0.01847313]))","(array([0.1322299]), array([-0.01819863]))","(array([0.1352153]), array([-0.01873495]))"
(0.36404865849600987+0j),[-0.0838339],[1.],[0.56483729],[1.],"(array([0.21921364]), array([0.08666465]))","(array([0.13430673]), array([-0.01851596]))","(array([0.12696495]), array([-0.0188003]))","(array([0.12451348]), array([-0.01814136]))","(array([0.13041656]), array([-0.01782045]))","(array([0.13371153]), array([-0.01840456]))","(array([0.1295082]), array([-0.0188627]))","(array([0.12673369]), array([-0.01847321]))","(array([0.13223324]), array([-0.01819887]))","(array([0.1352191]), array([-0.01873533]))","(array([0.1310567]), array([-0.01906969]))"
(0.36636452459476415+0j),[-0.08144158],[1.],[0.57334424],[1.],"(array([0.21456133]), array([0.08326127]))","(array([0.12696681]), array([-0.0188009]))","(array([0.12451504]), array([-0.01814175]))","(array([0.13041758]), array([-0.017821]))","(array([0.13371213]), array([-0.01840491]))","(array([0.12950912]), array([-0.01886277]))","(array([0.12673489]), array([-0.01847314]))","(array([0.13223484]), array([-0.01819886]))","(array([0.13522103]), array([-0.01873545]))","(array([0.13105868]), array([-0.01906982]))","(array([0.12827507]), array([-0.01861203]))"
(0.4129070094635739+0j),[-0.08319076],[1.],[0.60620064],[1.],"(array([0.20961839]), array([0.08740815]))","(array([0.12451601]), array([-0.01814224]))","(array([0.13041847]), array([-0.01782144]))","(array([0.13371283]), array([-0.01840499]))","(array([0.12951001]), array([-0.01886274]))","(array([0.12673587]), array([-0.01847305]))","(array([0.13223625]), array([-0.01819876]))","(array([0.13522277]), array([-0.01873543]))","(array([0.1310603]), array([-0.01906981]))","(array([0.12827653]), array([-0.01861208]))","(array([0.13331864]), array([-0.01847197]))"
(0.41265579052103274+0j),[-0.08712997],[1.],[0.59804542],[1.],"(array([0.20899804]), array([0.0897516]))","(array([0.13042248]), array([-0.01782285]))","(array([0.13371563]), array([-0.01840564]))","(array([0.12951268]), array([-0.01886319]))","(array([0.12673838]), array([-0.01847344]))","(array([0.13223912]), array([-0.01819899]))","(array([0.1352263]), array([-0.01873555]))","(array([0.13106393]), array([-0.01906995]))","(array([0.12828019]), array([-0.01861223]))","(array([0.13332261]), array([-0.01847197]))","(array([0.13568907]), array([-0.01921673]))"
(0.3689487610758163+0j),[-0.08789299],[1.],[0.56485702],[1.],"(array([0.21316443]), array([0.08585395]))","(array([0.13372056]), array([-0.01840717]))","(array([0.12951643]), array([-0.01886422]))","(array([0.12674116]), array([-0.01847419]))","(array([0.13224156]), array([-0.0181994]))","(array([0.13522884]), array([-0.01873586]))","(array([0.13106675]), array([-0.01907022]))","(array([0.12828326]), array([-0.01861243]))","(array([0.1333263]), array([-0.01847191]))","(array([0.13569325]), array([-0.01921655]))","(array([0.13116254]), array([-0.01982202]))"
(0.4135456746271672+0j),[-0.08816594],[1.],[0.59798995],[1.],"(array([0.21652024]), array([0.08551716]))","(array([0.1295186]), array([-0.01886472]))","(array([0.12674336]), array([-0.01847446]))","(array([0.13224285]), array([-0.01819969]))","(array([0.1352297]), array([-0.01873551]))","(array([0.1310682]), array([-0.01906976]))","(array([0.12828502]), array([-0.01861196]))","(array([0.13332802]), array([-0.01847151]))","(array([0.13569481]), array([-0.01921622]))","(array([0.13116406]), array([-0.01982179]))","(array([0.13141473]), array([-0.01974601]))"
(0.4565097523743719+0j),[-0.09345633],[1.],[0.60361322],[1.],"(array([0.21505683]), array([0.08847273]))","(array([0.1267468]), array([-0.01847587]))","(array([0.132245]), array([-0.01820049]))","(array([0.13523134]), array([-0.01873602]))","(array([0.13106998]), array([-0.01907011]))","(array([0.12828707]), array([-0.01861222]))","(array([0.13333093]), array([-0.01847182]))","(array([0.13569858]), array([-0.01921671]))","(array([0.13116777]), array([-0.01982243]))","(array([0.13141824]), array([-0.01974688]))","(array([0.1357419]), array([-0.02040612]))"
(0.4084375323341149+0j),[-0.09820388],[1.],[0.57050266],[1.],"(array([0.21176135]), array([0.08535349]))","(array([0.13225167]), array([-0.0182031]))","(array([0.13523594]), array([-0.01873758]))","(array([0.13107384]), array([-0.01907125]))","(array([0.1282905]), array([-0.01861307]))","(array([0.13333489]), array([-0.01847242]))","(array([0.13570333]), array([-0.01921717]))","(array([0.13117255]), array([-0.01982303]))","(array([0.13142321]), array([-0.0197475]))","(array([0.13574755]), array([-0.02040661]))","(array([0.13242866]), array([-0.02170884]))"
(0.36498882093763496+0j),[-0.09768392],[1.],[0.53889559],[1.],"(array([0.2140157]), array([0.07907419]))","(array([0.13524289]), array([-0.01873967]))","(array([0.13107901]), array([-0.01907265]))","(array([0.12829418]), array([-0.01861395]))","(array([0.13333774]), array([-0.0184729]))","(array([0.1357064]), array([-0.01921723]))","(array([0.13117596]), array([-0.01982312]))","(array([0.1314269]), array([-0.01974763]))","(array([0.135752]), array([-0.02040672]))","(array([0.13243345]), array([-0.02170913]))","(array([0.125131]), array([-0.02217352]))"
(0.365017582510105+0j),[-0.09444827],[1.],[0.54869365],[1.],"(array([0.2152618]), array([0.07656778]))","(array([0.13108135]), array([-0.01907305]))","(array([0.1282964]), array([-0.01861432]))","(array([0.13333826]), array([-0.01847298]))","(array([0.13570684]), array([-0.01921718]))","(array([0.13117688]), array([-0.01982309]))","(array([0.13142803]), array([-0.01974774]))","(array([0.13575338]), array([-0.02040721]))","(array([0.13243474]), array([-0.02170973]))","(array([0.12513235]), array([-0.0221742]))","(array([0.1225555]), array([-0.02164648]))"
(0.4079053423805314+0j),[-0.09479803],[1.],[0.58497063],[1.],"(array([0.21352757]), array([0.08123699]))","(array([0.12829728]), array([-0.01861455]))","(array([0.13333906]), array([-0.0184732]))","(array([0.1357076]), array([-0.01921725]))","(array([0.13117781]), array([-0.01982305]))","(array([0.13142918]), array([-0.01974766]))","(array([0.135755]), array([-0.02040731]))","(array([0.1324365]), array([-0.02170972]))","(array([0.12513402]), array([-0.02217426]))","(array([0.12255697]), array([-0.0216466]))","(array([0.12810738]), array([-0.0212438]))"
(0.40636328847167297+0j),[-0.09749356],[1.],[0.57989893],[1.],"(array([0.21270009]), array([0.08419314]))","(array([0.13334202]), array([-0.01847423]))","(array([0.13570976]), array([-0.01921778]))","(array([0.13117972]), array([-0.01982349]))","(array([0.13143116]), array([-0.01974798]))","(array([0.13575773]), array([-0.02040754]))","(array([0.13243931]), array([-0.02170963]))","(array([0.12513687]), array([-0.02217431]))","(array([0.12255978]), array([-0.02164673]))","(array([0.12811031]), array([-0.02124391]))","(array([0.13124557]), array([-0.02169207]))"
(0.36292411321542173+0j),[-0.09703771],[1.],[0.54800913],[1.],"(array([0.21601645]), array([0.08068802]))","(array([0.13571432]), array([-0.01921916]))","(array([0.13118308]), array([-0.01982448]))","(array([0.13143362]), array([-0.01974855]))","(array([0.13576007]), array([-0.0204079]))","(array([0.13244191]), array([-0.02170978]))","(array([0.12513975]), array([-0.0221745]))","(array([0.12256293]), array([-0.02164691]))","(array([0.12811398]), array([-0.02124379]))","(array([0.13124963]), array([-0.02169176]))","(array([0.12721904]), array([-0.02202095]))"
(0.4057154128884194+0j),[-0.09637517],[1.],[0.58643811],[1.],"(array([0.21859815]), array([0.08094348]))","(array([0.13118603]), array([-0.01982468]))","(array([0.13143592]), array([-0.01974846]))","(array([0.13576143]), array([-0.02040784]))","(array([0.13244369]), array([-0.02170981]))","(array([0.12514229]), array([-0.0221745]))","(array([0.12256576]), array([-0.02164675]))","(array([0.12811698]), array([-0.02124345]))","(array([0.13125283]), array([-0.0216913]))","(array([0.12722227]), array([-0.0220205]))","(array([0.12819862]), array([-0.02169857]))"
(0.44795391274128205+0j),[-0.10101039],[1.],[0.5978147],[1.],"(array([0.21728169]), array([0.08493072]))","(array([0.13143979]), array([-0.01974965]))","(array([0.13576258]), array([-0.02040874]))","(array([0.13244576]), array([-0.02171021]))","(array([0.12514497]), array([-0.02217452]))","(array([0.12256856]), array([-0.02164678]))","(array([0.12812036]), array([-0.02124373]))","(array([0.13125691]), array([-0.02169197]))","(array([0.12722622]), array([-0.02202131]))","(array([0.12820218]), array([-0.02169961]))","(array([0.13378421]), array([-0.02217982]))"
(0.40048433517597865+0j),[-0.10501261],[1.],[0.56570816],[1.],"(array([0.21725573]), array([0.08223768]))","(array([0.13576705]), array([-0.02041048]))","(array([0.13244917]), array([-0.02171132]))","(array([0.1251479]), array([-0.02217539]))","(array([0.12257095]), array([-0.02164739]))","(array([0.12812282]), array([-0.02124407]))","(array([0.13126005]), array([-0.02169217]))","(array([0.12722949]), array([-0.02202158]))","(array([0.12820559]), array([-0.02169999]))","(array([0.13378812]), array([-0.0221803]))","(array([0.13123729]), array([-0.02332986]))"
(0.35780404872120375+0j),[-0.10309707],[1.],[0.53560051],[1.],"(array([0.21826838]), array([0.07539436]))","(array([0.13245426]), array([-0.02171313]))","(array([0.12515192]), array([-0.02217659]))","(array([0.12257355]), array([-0.02164812]))","(array([0.1281244]), array([-0.02124471]))","(array([0.13126167]), array([-0.02169221]))","(array([0.12723176]), array([-0.02202161]))","(array([0.12820825]), array([-0.02170036]))","(array([0.13379147]), array([-0.02218132]))","(array([0.13124098]), array([-0.02333124]))","(array([0.12422393]), array([-0.02354978]))"
(0.40027146524948504+0j),[-0.10199516],[1.],[0.57816748],[1.],"(array([0.21531177]), array([0.07577944]))","(array([0.1251537]), array([-0.02217705]))","(array([0.12257503]), array([-0.02164842]))","(array([0.12812515]), array([-0.02124502]))","(array([0.13126218]), array([-0.02169245]))","(array([0.1272325]), array([-0.02202177]))","(array([0.12820926]), array([-0.02170056]))","(array([0.13379289]), array([-0.02218172]))","(array([0.1312425]), array([-0.02333171]))","(array([0.12422554]), array([-0.02355019]))","(array([0.12587285]), array([-0.02300887]))"
(0.44281805550453834+0j),[-0.10645755],[1.],[0.59278964],[1.],"(array([0.21158818]), array([0.08066154]))","(array([0.12257846]), array([-0.02165003]))","(array([0.12812772]), array([-0.02124603]))","(array([0.13126433]), array([-0.02169306]))","(array([0.12723458]), array([-0.02202226]))","(array([0.12821147]), array([-0.02170093]))","(array([0.13379612]), array([-0.02218215]))","(array([0.13124614]), array([-0.02333184]))","(array([0.12422905]), array([-0.02355032]))","(array([0.12587641]), array([-0.0230091]))","(array([0.13229388]), array([-0.02343252]))"
(0.39650481580320107+0j),[-0.11038636],[1.],[0.56004491],[1.],"(array([0.20884883]), array([0.07868004]))","(array([0.1281341]), array([-0.02124872]))","(array([0.13126844]), array([-0.02169451]))","(array([0.12723786]), array([-0.02202337]))","(array([0.12821461]), array([-0.02170157]))","(array([0.13380052]), array([-0.02218271]))","(array([0.13125121]), array([-0.02333224]))","(array([0.12423402]), array([-0.02355091]))","(array([0.12588193]), array([-0.02300958]))","(array([0.13230065]), array([-0.02343277]))","(array([0.1300265]), array([-0.02454643]))"
(0.3546226218338694+0j),[-0.10909976],[1.],[0.52904434],[1.],"(array([0.21105482]), array([0.07271381]))","(array([0.13127454]), array([-0.0216963]))","(array([0.12724218]), array([-0.0220246]))","(array([0.12821754]), array([-0.0217023]))","(array([0.133803]), array([-0.02218315]))","(array([0.13125422]), array([-0.02333258]))","(array([0.12423732]), array([-0.02355137]))","(array([0.12588591]), array([-0.02300991]))","(array([0.13230614]), array([-0.02343282]))","(array([0.13003258]), array([-0.02454661]))","(array([0.12283912]), array([-0.02483244]))"
(0.35550532290320536+0j),[-0.10505149],[1.],[0.54258168],[1.],"(array([0.21254725]), array([0.07081814]))","(array([0.12724399]), array([-0.0220252]))","(array([0.12821907]), array([-0.02170256]))","(array([0.13380381]), array([-0.02218301]))","(array([0.13125528]), array([-0.02333251]))","(array([0.12423864]), array([-0.02355128]))","(array([0.12588736]), array([-0.02300972]))","(array([0.13230775]), array([-0.02343271]))","(array([0.13003431]), array([-0.02454654]))","(array([0.12284086]), array([-0.0248324]))","(array([0.12076364]), array([-0.02412787]))"
(0.39935944814281915+0j),[-0.10455687],[1.],[0.58478626],[1.],"(array([0.21133263]), array([0.07653934]))","(array([0.12822012]), array([-0.02170292]))","(array([0.13380417]), array([-0.02218323]))","(array([0.13125619]), array([-0.02333276]))","(array([0.12423991]), array([-0.02355134]))","(array([0.12588881]), array([-0.02300979]))","(array([0.13230963]), array([-0.02343301]))","(array([0.13003634]), array([-0.02454673]))","(array([0.12284277]), array([-0.02483265]))","(array([0.1207653]), array([-0.02412817]))","(array([0.12741604]), array([-0.02353874]))"
(0.39921472710320394+0j),[-0.10609105],[1.],[0.58272886],[1.],"(array([0.21456049]), array([0.08034222]))","(array([0.1338062]), array([-0.02218403]))","(array([0.13125807]), array([-0.02333344]))","(array([0.12424174]), array([-0.02355192]))","(array([0.12589061]), array([-0.0230103]))","(array([0.13231183]), array([-0.02343348]))","(array([0.13003847]), array([-0.02454694]))","(array([0.12284504]), array([-0.02483298]))","(array([0.12076748]), array([-0.02412853]))","(array([0.12741811]), array([-0.023539]))","(array([0.13155576]), array([-0.02375478]))"
(0.35712073728327265+0j),[-0.10400719],[1.],[0.55191245],[1.],"(array([0.21837861]), array([0.0767623]))","(array([0.13126172]), array([-0.02333461]))","(array([0.1242445]), array([-0.02355272]))","(array([0.12589239]), array([-0.02301092]))","(array([0.13231353]), array([-0.02343404]))","(array([0.13004046]), array([-0.02454749]))","(array([0.12284726]), array([-0.02483351]))","(array([0.12077006]), array([-0.02412898]))","(array([0.12742124]), array([-0.02353945]))","(array([0.13155942]), array([-0.02375525]))","(array([0.12798051]), array([-0.0237727]))"
(0.35973917450109916+0j),[-0.1003451],[1.],[0.56384342],[1.],"(array([0.21406976]), array([0.07405572]))","(array([0.12424679]), array([-0.02355347]))","(array([0.12589374]), array([-0.02301131]))","(array([0.13231452]), array([-0.02343447]))","(array([0.13004156]), array([-0.02454798]))","(array([0.12284851]), array([-0.02483373]))","(array([0.12077163]), array([-0.02412912]))","(array([0.12742341]), array([-0.02353967]))","(array([0.1315621]), array([-0.02375555]))","(array([0.12798326]), array([-0.02377295]))","(array([0.12575208]), array([-0.02301675]))"
(0.4063789066899725+0j),[-0.10090442],[1.],[0.60167151],[1.],"(array([0.20968681]), array([0.0792314]))","(array([0.1258951]), array([-0.02301175]))","(array([0.13231545]), array([-0.02343473]))","(array([0.13004299]), array([-0.02454823]))","(array([0.12285042]), array([-0.02483361]))","(array([0.1207736]), array([-0.02412897]))","(array([0.12742581]), array([-0.02353957]))","(array([0.131565]), array([-0.02375561]))","(array([0.12798611]), array([-0.02377301]))","(array([0.12575478]), array([-0.02301683]))","(array([0.13174666]), array([-0.02259871]))"
(0.4069447113904335+0j),[-0.10335931],[1.],[0.59648896],[1.],"(array([0.2133437]), array([0.08238636]))","(array([0.13231802]), array([-0.02343603]))","(array([0.13004644]), array([-0.02454885]))","(array([0.12285433]), array([-0.02483376]))","(array([0.12077721]), array([-0.02412912]))","(array([0.12742944]), array([-0.02353966]))","(array([0.13156877]), array([-0.02375567]))","(array([0.12798979]), array([-0.02377305]))","(array([0.12575829]), array([-0.02301685]))","(array([0.13175004]), array([-0.02259863]))","(array([0.13501228]), array([-0.02303732]))"
(0.36435653721579525+0j),[-0.10214771],[1.],[0.56498439],[1.],"(array([0.21795541]), array([0.07838728]))","(array([0.13005061]), array([-0.02455015]))","(array([0.1228576]), array([-0.02483475]))","(array([0.12077955]), array([-0.02412992]))","(array([0.12743141]), array([-0.02354017]))","(array([0.13157064]), array([-0.0237561]))","(array([0.12799208]), array([-0.02377335]))","(array([0.12576094]), array([-0.02301705]))","(array([0.13175335]), array([-0.02259865]))","(array([0.13501611]), array([-0.02303721]))","(array([0.13100467]), array([-0.02325667]))"
(0.3673855162268933+0j),[-0.0990568],[1.],[0.57407673],[1.],"(array([0.2138658]), array([0.07529143]))","(array([0.1228594]), array([-0.02483561]))","(array([0.12078127]), array([-0.02413057]))","(array([0.12743226]), array([-0.0235409]))","(array([0.13157109]), array([-0.02375658]))","(array([0.12799308]), array([-0.02377346]))","(array([0.12576235]), array([-0.02301698]))","(array([0.13175508]), array([-0.0225986]))","(array([0.13501799]), array([-0.02303722]))","(array([0.13100653]), array([-0.02325673]))","(array([0.12837901]), array([-0.02266374]))"
(0.41468888376430185+0j),[-0.09997243],[1.],[0.60662309],[1.],"(array([0.20894072]), array([0.07955743]))","(array([0.12078198]), array([-0.02413105]))","(array([0.12743294]), array([-0.02354149]))","(array([0.13157176]), array([-0.02375672]))","(array([0.12799389]), array([-0.02377349]))","(array([0.12576329]), array([-0.02301697]))","(array([0.13175645]), array([-0.02259864]))","(array([0.1350196]), array([-0.02303738]))","(array([0.13100797]), array([-0.0232569]))","(array([0.12838023]), array([-0.02266399]))","(array([0.13346086]), array([-0.02235035]))"
(0.4150861234824464+0j),[-0.10308304],[1.],[0.59823577],[1.],"(array([0.2084964]), array([0.08197969]))","(array([0.12743673]), array([-0.02354313]))","(array([0.13157436]), array([-0.0237576]))","(array([0.12799634]), array([-0.02377416]))","(array([0.12576564]), array([-0.02301758]))","(array([0.13175915]), array([-0.02259914]))","(array([0.13502296]), array([-0.02303782]))","(array([0.13101136]), array([-0.02325738]))","(array([0.1283836]), array([-0.02266448]))","(array([0.13346438]), array([-0.02235066]))","(array([0.1357612]), array([-0.02290742]))"
(0.3718970707601467+0j),[-0.10301822],[1.],[0.56560035],[1.],"(array([0.21326427]), array([0.07846995]))","(array([0.131579]), array([-0.0237592]))","(array([0.1279999]), array([-0.02377526]))","(array([0.1257683]), array([-0.02301838]))","(array([0.13176149]), array([-0.02259965]))","(array([0.13502536]), array([-0.02303827]))","(array([0.13101402]), array([-0.02325776]))","(array([0.1283865]), array([-0.02266479]))","(array([0.13346783]), array([-0.0223507]))","(array([0.13576508]), array([-0.02290733]))","(array([0.13126476]), array([-0.02332606]))"
(0.373900850177514+0j),[-0.10009185],[1.],[0.5722961],[1.],"(array([0.21551116]), array([0.07584946]))","(array([0.12800202]), array([-0.02377581]))","(array([0.12577026]), array([-0.02301868]))","(array([0.13176262]), array([-0.02259988]))","(array([0.13502628]), array([-0.02303821]))","(array([0.13101552]), array([-0.02325745]))","(array([0.12838837]), array([-0.02266434]))","(array([0.13346989]), array([-0.02235018]))","(array([0.13576722]), array([-0.02290677]))","(array([0.13126693]), array([-0.02332557]))","(array([0.12823684]), array([-0.02288406]))"
(0.41961608626551783+0j),[-0.10066201],[1.],[0.60176125],[1.],"(array([0.21386351]), array([0.07985438]))","(array([0.12577113]), array([-0.02301912]))","(array([0.13176334]), array([-0.02260047]))","(array([0.13502685]), array([-0.0230384]))","(array([0.13101634]), array([-0.02325745]))","(array([0.12838942]), array([-0.02266427]))","(array([0.13347138]), array([-0.02235018]))","(array([0.13576895]), array([-0.02290693]))","(array([0.1312685]), array([-0.02332579]))","(array([0.12823818]), array([-0.02288439]))","(array([0.13269028]), array([-0.02254129]))"
(0.4187060348680193+0j),[-0.10358071],[1.],[0.59268363],[1.],"(array([0.2130106]), array([0.08200217]))","(array([0.13176702]), array([-0.02260188]))","(array([0.13502946]), array([-0.02303924]))","(array([0.13101878]), array([-0.02325814]))","(array([0.12839175]), array([-0.0226649]))","(array([0.13347403]), array([-0.02235076]))","(array([0.13577229]), array([-0.02290743]))","(array([0.13127189]), array([-0.02332633]))","(array([0.12824155]), array([-0.022885]))","(array([0.13269375]), array([-0.02254178]))","(array([0.13458035]), array([-0.02304071]))"
(0.3747058357683507+0j),[-0.10336613],[1.],[0.56058901],[1.],"(array([0.21708431]), array([0.0783341]))","(array([0.13503417]), array([-0.02304087]))","(array([0.13102237]), array([-0.02325928]))","(array([0.12839442]), array([-0.0226657]))","(array([0.13347637]), array([-0.02235125]))","(array([0.13577466]), array([-0.02290779]))","(array([0.13127456]), array([-0.0233266]))","(array([0.12824447]), array([-0.02288523]))","(array([0.13269722]), array([-0.02254181]))","(array([0.13458426]), array([-0.02304066]))","(array([0.13007685]), array([-0.02342286]))"
(0.37561573516689384+0j),[-0.10037613],[1.],[0.56700243],[1.],"(array([0.21844454]), array([0.07552119]))","(array([0.1310252]), array([-0.02326032]))","(array([0.12839683]), array([-0.02266636]))","(array([0.13347747]), array([-0.02235202]))","(array([0.13577539]), array([-0.02290763]))","(array([0.13127614]), array([-0.02332624]))","(array([0.12824649]), array([-0.02288486]))","(array([0.13269952]), array([-0.02254167]))","(array([0.13458673]), array([-0.02304082]))","(array([0.1300794]), array([-0.02342323]))","(array([0.12706961]), array([-0.0229554]))"
(0.4199927568077615+0j),[-0.10099369],[1.],[0.59624453],[1.],"(array([0.21632813]), array([0.07926647]))","(array([0.12839767]), array([-0.02266691]))","(array([0.13347824]), array([-0.02235242]))","(array([0.13577608]), array([-0.02290776]))","(array([0.1312769]), array([-0.02332623]))","(array([0.12824738]), array([-0.02288476]))","(array([0.13270077]), array([-0.02254162]))","(array([0.13458828]), array([-0.02304095]))","(array([0.13008082]), array([-0.02342337]))","(array([0.12707085]), array([-0.02295562]))","(array([0.13145593]), array([-0.02260936]))"
(0.4183329856210736+0j),[-0.10401829],[1.],[0.58753917],[1.],"(array([0.21510905]), array([0.08126726]))","(array([0.13348162]), array([-0.0223537]))","(array([0.13577854]), array([-0.02290846]))","(array([0.13127912]), array([-0.0233268]))","(array([0.12824944]), array([-0.02288526]))","(array([0.13270319]), array([-0.02254198]))","(array([0.13459132]), array([-0.02304117]))","(array([0.13008392]), array([-0.02342356]))","(array([0.12707397]), array([-0.02295586]))","(array([0.13145928]), array([-0.02260955]))","(array([0.13337526]), array([-0.02312766]))"
(0.37408209497050227+0j),[-0.10392989],[1.],[0.55577883],[1.],"(array([0.21833728]), array([0.07755473]))","(array([0.13578319]), array([-0.02291016]))","(array([0.13128266]), array([-0.023328]))","(array([0.12825207]), array([-0.02288613]))","(array([0.1327055]), array([-0.02254249]))","(array([0.13459369]), array([-0.02304149]))","(array([0.13008661]), array([-0.02342383]))","(array([0.12707694]), array([-0.02295612]))","(array([0.13146282]), array([-0.02260964]))","(array([0.13337924]), array([-0.02312769]))","(array([0.12895612]), array([-0.02353704]))"
(0.37453254777836426+0j),[-0.10107641],[1.],[0.56279355],[1.],"(array([0.21880782]), array([0.07469862]))","(array([0.13128558]), array([-0.02332909]))","(array([0.12825443]), array([-0.02288682]))","(array([0.13270653]), array([-0.02254325]))","(array([0.13459438]), array([-0.02304141]))","(array([0.13008815]), array([-0.02342362]))","(array([0.12707894]), array([-0.02295594]))","(array([0.13146514]), array([-0.02260971]))","(array([0.13338176]), array([-0.02312807]))","(array([0.12895871]), array([-0.02353759]))","(array([0.12605131]), array([-0.02309804]))"
(0.418424542143995+0j),[-0.10183684],[1.],[0.59312052],[1.],"(array([0.21632323]), array([0.07839158]))","(array([0.12825537]), array([-0.02288746]))","(array([0.13270738]), array([-0.02254376]))","(array([0.13459511]), array([-0.02304152]))","(array([0.13008892]), array([-0.02342361]))","(array([0.12707983]), array([-0.02295584]))","(array([0.13146638]), array([-0.02260965]))","(array([0.1333833]), array([-0.02312819]))","(array([0.12896013]), array([-0.02353772]))","(array([0.12605256]), array([-0.02309823]))","(array([0.13062537]), array([-0.02278278]))"
(0.4167518576008828+0j),[-0.10501295],[1.],[0.58504405],[1.],"(array([0.21482982]), array([0.0803952]))","(array([0.13271072]), array([-0.02254506]))","(array([0.13459749]), array([-0.02304221]))","(array([0.13009109]), array([-0.02342415]))","(array([0.12708185]), array([-0.0229563]))","(array([0.13146876]), array([-0.02261]))","(array([0.13338628]), array([-0.02312841]))","(array([0.12896316]), array([-0.0235379]))","(array([0.1260556]), array([-0.02309847]))","(array([0.13062861]), array([-0.02278296]))","(array([0.13274274]), array([-0.02333492]))"
(0.37276499018178727+0j),[-0.10507455],[1.],[0.55342582],[1.],"(array([0.21750202]), array([0.07676938]))","(array([0.13460212]), array([-0.0230439]))","(array([0.13009463]), array([-0.02342534]))","(array([0.12708447]), array([-0.02295716]))","(array([0.13147105]), array([-0.02261049]))","(array([0.13338863]), array([-0.02312873]))","(array([0.12896581]), array([-0.02353817]))","(array([0.12605852]), array([-0.02309873]))","(array([0.13063211]), array([-0.02278305]))","(array([0.13274669]), array([-0.02333495]))","(array([0.12840961]), array([-0.02377835]))"
(0.37334965833638806+0j),[-0.10237098],[1.],[0.56098593],[1.],"(array([0.21763087]), array([0.07402265]))","(array([0.13009729]), array([-0.02342639]))","(array([0.12708665]), array([-0.02295781]))","(array([0.13147196]), array([-0.02261118]))","(array([0.13338924]), array([-0.02312868]))","(array([0.12896725]), array([-0.02353796]))","(array([0.12606043]), array([-0.02309849]))","(array([0.13063435]), array([-0.02278302]))","(array([0.13274915]), array([-0.02333517]))","(array([0.12841213]), array([-0.02377872]))","(array([0.12558394]), array([-0.02337279]))"
(0.4173029758417288+0j),[-0.1032596],[1.],[0.59209559],[1.],"(array([0.21524202]), array([0.07786656]))","(array([0.12708755]), array([-0.02295845]))","(array([0.13147278]), array([-0.02261173]))","(array([0.13338994]), array([-0.0231288]))","(array([0.128968]), array([-0.02353795]))","(array([0.1260613]), array([-0.02309841]))","(array([0.13063558]), array([-0.02278299]))","(array([0.13275067]), array([-0.0233353]))","(array([0.12841353]), array([-0.02377885]))","(array([0.12558517]), array([-0.02337299]))","(array([0.13030849]), array([-0.02308935]))"
(0.4158131964889718+0j),[-0.1065227],[1.],[0.58435451],[1.],"(array([0.21385281]), array([0.07999281]))","(array([0.13147628]), array([-0.02261311]))","(array([0.13339242]), array([-0.02312953]))","(array([0.12897026]), array([-0.02353854]))","(array([0.12606342]), array([-0.02309893]))","(array([0.13063806]), array([-0.02278339]))","(array([0.13275376]), array([-0.02333556]))","(array([0.12841667]), array([-0.02377909]))","(array([0.12558831]), array([-0.02337327]))","(array([0.13031182]), array([-0.02308956]))","(array([0.13255109]), array([-0.02366566]))"
(0.3720585271871026+0j),[-0.10666275],[1.],[0.55276985],[1.],"(array([0.21649376]), array([0.07639512]))","(array([0.13339712]), array([-0.02313126]))","(array([0.12897385]), array([-0.02353974]))","(array([0.12606608]), array([-0.02309979]))","(array([0.13064037]), array([-0.02278389]))","(array([0.13275611]), array([-0.0233359]))","(array([0.12841932]), array([-0.02377936]))","(array([0.12559123]), array([-0.02337352]))","(array([0.13031533]), array([-0.02308962]))","(array([0.13255507]), array([-0.02366565]))","(array([0.12825755]), array([-0.02412731]))"
(0.3728119492685569+0j),[-0.1040215],[1.],[0.56056018],[1.],"(array([0.21668183]), array([0.07364817]))","(array([0.12897643]), array([-0.02354078]))","(array([0.12606821]), array([-0.02310044]))","(array([0.13064124]), array([-0.02278455]))","(array([0.13275671]), array([-0.02333584]))","(array([0.12842075]), array([-0.02377911]))","(array([0.12559313]), array([-0.02337324]))","(array([0.13031755]), array([-0.02308952]))","(array([0.1325575]), array([-0.02366579]))","(array([0.12826004]), array([-0.0241276]))","(array([0.12546326]), array([-0.02373804]))"
(0.4168987693061489+0j),[-0.10492904],[1.],[0.59196914],[1.],"(array([0.21441589]), array([0.07751282]))","(array([0.12606907]), array([-0.02310105]))","(array([0.13064201]), array([-0.0227851]))","(array([0.13275738]), array([-0.02333597]))","(array([0.12842149]), array([-0.02377912]))","(array([0.125594]), array([-0.02337317]))","(array([0.13031879]), array([-0.02308951]))","(array([0.13255903]), array([-0.02366594]))","(array([0.12826144]), array([-0.02412775]))","(array([0.12546448]), array([-0.02373825]))","(array([0.13024855]), array([-0.02346424]))"
(0.41554499511677667+0j),[-0.10817016],[1.],[0.58433355],[1.],"(array([0.21315049]), array([0.07964948]))","(array([0.13064556]), array([-0.02278651]))","(array([0.1327599]), array([-0.02333674]))","(array([0.12842379]), array([-0.02377973]))","(array([0.12559616]), array([-0.02337372]))","(array([0.13032131]), array([-0.02308994]))","(array([0.13256216]), array([-0.02366622]))","(array([0.12826462]), array([-0.02412802]))","(array([0.12546766]), array([-0.02373857]))","(array([0.13025192]), array([-0.02346447]))","(array([0.13253531]), array([-0.02403972]))"
(0.3719025485466405+0j),[-0.1082795],[1.],[0.55277039],[1.],"(array([0.21598018]), array([0.07603547]))","(array([0.13276461]), array([-0.02333847]))","(array([0.12842739]), array([-0.02378095]))","(array([0.12559882]), array([-0.02337459]))","(array([0.13032363]), array([-0.02309045]))","(array([0.1325645]), array([-0.02366658]))","(array([0.12826727]), array([-0.0241283]))","(array([0.12547058]), array([-0.02373883]))","(array([0.13025543]), array([-0.02346453]))","(array([0.13253929]), array([-0.0240397]))","(array([0.12825483]), array([-0.02449506]))"
(0.372740074225649+0j),[-0.10559679],[1.],[0.56062232],[1.],"(array([0.21636489]), array([0.0732675]))","(array([0.12842995]), array([-0.02378198]))","(array([0.12560095]), array([-0.02337523]))","(array([0.1303245]), array([-0.02309111]))","(array([0.13256511]), array([-0.02366652]))","(array([0.12826872]), array([-0.02412804]))","(array([0.1254725]), array([-0.02373853]))","(array([0.13025766]), array([-0.02346441]))","(array([0.13254172]), array([-0.02403981]))","(array([0.12825733]), array([-0.02449531]))","(array([0.12547079]), array([-0.02409805]))"
(0.41690200573703806+0j),[-0.10644483],[1.],[0.59207759],[1.],"(array([0.21418168]), array([0.07711484]))","(array([0.1256018]), array([-0.02337584]))","(array([0.13032525]), array([-0.02309165]))","(array([0.13256578]), array([-0.02366666]))","(array([0.12826945]), array([-0.02412805]))","(array([0.12547337]), array([-0.02373846]))","(array([0.1302589]), array([-0.0234644]))","(array([0.13254325]), array([-0.02403997]))","(array([0.12825873]), array([-0.02449547]))","(array([0.12547201]), array([-0.02409827]))","(array([0.13026889]), array([-0.02381306]))"
(0.415604716768956+0j),[-0.10961462],[1.],[0.5844599],[1.],"(array([0.2129857]), array([0.07923096]))","(array([0.13032879]), array([-0.02309307]))","(array([0.1325683]), array([-0.02366744]))","(array([0.12827176]), array([-0.02412868]))","(array([0.12547553]), array([-0.02373903]))","(array([0.13026142]), array([-0.02346485]))","(array([0.13254639]), array([-0.02404027]))","(array([0.12826192]), array([-0.02449577]))","(array([0.1254752]), array([-0.02409861]))","(array([0.13027225]), array([-0.02381331]))","(array([0.13256205]), array([-0.02437352]))"
(0.37199166594457567+0j),[-0.10965042],[1.],[0.55293563],[1.],"(array([0.21595457]), array([0.07559849]))","(array([0.132573]), array([-0.02366917]))","(array([0.12827534]), array([-0.0241299]))","(array([0.12547818]), array([-0.02373991]))","(array([0.13026374]), array([-0.02346538]))","(array([0.13254872]), array([-0.02404064]))","(array([0.12826456]), array([-0.02449606]))","(array([0.12547812]), array([-0.02409888]))","(array([0.13027577]), array([-0.02381337]))","(array([0.13256603]), array([-0.0243735]))","(array([0.12828748]), array([-0.0248124]))"
(0.4150077563361272+0j),[-0.10934277],[1.],[0.58631241],[1.],"(array([0.21822646]), array([0.07552141]))","(array([0.12827791]), array([-0.02413094]))","(array([0.12548032]), array([-0.02374056]))","(array([0.13026461]), array([-0.02346604]))","(array([0.13254934]), array([-0.02404059]))","(array([0.12826602]), array([-0.0244958]))","(array([0.12548004]), array([-0.02409858]))","(array([0.130278]), array([-0.02381325]))","(array([0.13256847]), array([-0.02437361]))","(array([0.12828998]), array([-0.02481266]))","(array([0.12874276]), array([-0.0245842]))"
(0.4566885387255555+0j),[-0.11416695],[1.],[0.59269628],[1.],"(array([0.21662652]), array([0.07863255]))","(array([0.1254835]), array([-0.02374235]))","(array([0.13026674]), array([-0.02346717]))","(array([0.13255095]), array([-0.02404108]))","(array([0.1282676]), array([-0.02449617]))","(array([0.12548168]), array([-0.02409888]))","(array([0.13028021]), array([-0.02381355]))","(array([0.13257149]), array([-0.02437404]))","(array([0.128293]), array([-0.02481313]))","(array([0.12874569]), array([-0.02458479]))","(array([0.13318652]), array([-0.02512756]))"
(0.4090691253344729+0j),[-0.11844436],[1.],[0.56061975],[1.],"(array([0.21332495]), array([0.07574544]))","(array([0.13027337]), array([-0.02346998]))","(array([0.13255542]), array([-0.02404277]))","(array([0.1282713]), array([-0.02449747]))","(array([0.12548492]), array([-0.02409991]))","(array([0.13028396]), array([-0.0238143]))","(array([0.13257608]), array([-0.02437462]))","(array([0.12829763]), array([-0.0248138]))","(array([0.12875058]), array([-0.02458545]))","(array([0.13319221]), array([-0.02512804]))","(array([0.13008261]), array([-0.02632814]))"
(0.3660020285754446+0j),[-0.11744426],[1.],[0.53025306],[1.],"(array([0.21489968]), array([0.06974193]))","(array([0.13256234]), array([-0.02404515]))","(array([0.12827642]), array([-0.02449913]))","(array([0.12548853]), array([-0.02410105]))","(array([0.13028668]), array([-0.02381498]))","(array([0.13257902]), array([-0.02437492]))","(array([0.12830093]), array([-0.02481414]))","(array([0.12875424]), array([-0.0245858]))","(array([0.13319676]), array([-0.02512831]))","(array([0.13008755]), array([-0.02632856]))","(array([0.12304177]), array([-0.0266853]))"
(0.36582756349275036+0j),[-0.11369655],[1.],[0.54113912],[1.],"(array([0.21547741]), array([0.0674826]))","(array([0.12827868]), array([-0.02449994]))","(array([0.1254908]), array([-0.0241016]))","(array([0.13028719]), array([-0.02381529]))","(array([0.13257933]), array([-0.02437482]))","(array([0.12830174]), array([-0.02481405]))","(array([0.12875524]), array([-0.02458581]))","(array([0.13319794]), array([-0.02512862]))","(array([0.13008862]), array([-0.02632913]))","(array([0.12304294]), array([-0.02668598]))","(array([0.12073072]), array([-0.02604481]))"
(0.4081897138429754+0j),[-0.11352838],[1.],[0.5781692],[1.],"(array([0.21362293]), array([0.07226737]))","(array([0.12549167]), array([-0.02410189]))","(array([0.13028801]), array([-0.02381552]))","(array([0.13258005]), array([-0.02437496]))","(array([0.12830258]), array([-0.02481408]))","(array([0.12875628]), array([-0.02458581]))","(array([0.13319942]), array([-0.02512881]))","(array([0.1300903]), array([-0.02632917]))","(array([0.12304456]), array([-0.02668606]))","(array([0.12073214]), array([-0.02604493]))","(array([0.12648874]), array([-0.02552504]))"
(0.4068153958529627+0j),[-0.11569114],[1.],[0.57382413],[1.],"(array([0.21277614]), array([0.07536878]))","(array([0.13029101]), array([-0.02381675]))","(array([0.13258225]), array([-0.02437569]))","(array([0.12830454]), array([-0.0248147]))","(array([0.12875832]), array([-0.02458628]))","(array([0.13320223]), array([-0.02512914]))","(array([0.1300932]), array([-0.02632917]))","(array([0.1230475]), array([-0.0266862]))","(array([0.12073505]), array([-0.02604514]))","(array([0.12649175]), array([-0.02552523]))","(array([0.1297966]), array([-0.025856]))"
(0.36399840608288675+0j),[-0.1147191],[1.],[0.54289123],[1.],"(array([0.21583746]), array([0.07222781]))","(array([0.13258663]), array([-0.0243772]))","(array([0.12830777]), array([-0.0248158]))","(array([0.1287607]), array([-0.02458697]))","(array([0.13320447]), array([-0.02512962]))","(array([0.13009566]), array([-0.02632947]))","(array([0.12305025]), array([-0.02668653]))","(array([0.12073809]), array([-0.02604544]))","(array([0.1264953]), array([-0.02552525]))","(array([0.12980053]), array([-0.02585584]))","(array([0.12595535]), array([-0.02606714]))"
(0.3649279314557866+0j),[-0.11108843],[1.],[0.55367158],[1.],"(array([0.21640386]), array([0.0699163]))","(array([0.12831021]), array([-0.02481639]))","(array([0.12876254]), array([-0.02458703]))","(array([0.13320579]), array([-0.02512962]))","(array([0.13009718]), array([-0.02632963]))","(array([0.12305239]), array([-0.02668655]))","(array([0.12074061]), array([-0.02604526]))","(array([0.12649818]), array([-0.02552485]))","(array([0.12980371]), array([-0.02585529]))","(array([0.1259586]), array([-0.0260666]))","(array([0.12357612]), array([-0.02544138]))"
(0.40917499517809447+0j),[-0.11112015],[1.],[0.59022762],[1.],"(array([0.21456043]), array([0.07465515]))","(array([0.1287637]), array([-0.02458768]))","(array([0.13320605]), array([-0.02513039]))","(array([0.1300985]), array([-0.02632988]))","(array([0.12305436]), array([-0.02668631]))","(array([0.12074272]), array([-0.02604499]))","(array([0.12650064]), array([-0.02552472]))","(array([0.12980636]), array([-0.02585535]))","(array([0.12596104]), array([-0.02606669]))","(array([0.12357824]), array([-0.02544156]))","(array([0.1292827]), array([-0.02495704]))"
(0.40854535349806204+0j),[-0.11328735],[1.],[0.58558576],[1.],"(array([0.21691546]), array([0.07748842]))","(array([0.1332082]), array([-0.02513151]))","(array([0.13010076]), array([-0.02633058]))","(array([0.12305665]), array([-0.02668681]))","(array([0.12074481]), array([-0.02604549]))","(array([0.12650273]), array([-0.02552524]))","(array([0.12980875]), array([-0.02585579]))","(array([0.12596342]), array([-0.02606713]))","(array([0.12358054]), array([-0.02544205]))","(array([0.12928491]), array([-0.02495747]))","(array([0.13248842]), array([-0.0253079]))"
(0.3657795421279313+0j),[-0.11185173],[1.],[0.55525698],[1.],"(array([0.21960166]), array([0.07357177]))","(array([0.13010478]), array([-0.02633215]))","(array([0.12305977]), array([-0.02668797]))","(array([0.12074693]), array([-0.0260464]))","(array([0.12650434]), array([-0.02552597]))","(array([0.12981052]), array([-0.02585631]))","(array([0.12596583]), array([-0.02606739]))","(array([0.12358331]), array([-0.02544227]))","(array([0.12928821]), array([-0.02495777]))","(array([0.13249218]), array([-0.02530828]))","(array([0.12868068]), array([-0.02547165]))"
(0.41055830640310964+0j),[-0.11119223],[1.],[0.59212441],[1.],"(array([0.21662193]), array([0.07345338]))","(array([0.12306174]), array([-0.02668879]))","(array([0.12074856]), array([-0.02604695]))","(array([0.12650532]), array([-0.02552667]))","(array([0.12981111]), array([-0.02585681]))","(array([0.12596683]), array([-0.02606755]))","(array([0.12358465]), array([-0.02544229]))","(array([0.12928998]), array([-0.02495785]))","(array([0.13249427]), array([-0.0253085]))","(array([0.12868282]), array([-0.02547188]))","(array([0.12968835]), array([-0.0250314]))"
(0.4542702916219994+0j),[-0.11605279],[1.],[0.60004775],[1.],"(array([0.21253275]), array([0.07717064]))","(array([0.12075183]), array([-0.02604884]))","(array([0.12650763]), array([-0.02552797]))","(array([0.12981285]), array([-0.02585746]))","(array([0.12596872]), array([-0.02606795]))","(array([0.12358654]), array([-0.02544259]))","(array([0.12929251]), array([-0.02495811]))","(array([0.13249765]), array([-0.02530885]))","(array([0.1286862]), array([-0.02547224]))","(array([0.12969171]), array([-0.02503185]))","(array([0.13469666]), array([-0.02555159]))"
(0.40742607953097226+0j),[-0.12030011],[1.],[0.56735105],[1.],"(array([0.20974832]), array([0.07459924]))","(array([0.12651456]), array([-0.02553103]))","(array([0.12981745]), array([-0.02585923]))","(array([0.12597257]), array([-0.02606933]))","(array([0.12358992]), array([-0.02544372]))","(array([0.12929646]), array([-0.02495893]))","(array([0.13250256]), array([-0.02530964]))","(array([0.12869122]), array([-0.02547311]))","(array([0.12969707]), array([-0.0250326]))","(array([0.13470295]), array([-0.02555202]))","(array([0.13166493]), array([-0.02674816]))"
(0.36501858883910915+0j),[-0.11928333],[1.],[0.53652731],[1.],"(array([0.21222426]), array([0.06873113]))","(array([0.12982457]), array([-0.02586138]))","(array([0.12597785]), array([-0.02607081]))","(array([0.12359367]), array([-0.02544476]))","(array([0.12929927]), array([-0.02495957]))","(array([0.13250566]), array([-0.02531008]))","(array([0.12869461]), array([-0.02547356]))","(array([0.12970083]), array([-0.02503295]))","(array([0.13470761]), array([-0.0255521]))","(array([0.13166998]), array([-0.02674833]))","(array([0.12449297]), array([-0.02709817]))"
(0.3658358022994315+0j),[-0.11542851],[1.],[0.54723972],[1.],"(array([0.21377735]), array([0.06666446]))","(array([0.12597998]), array([-0.02607129]))","(array([0.12359574]), array([-0.02544516]))","(array([0.12930036]), array([-0.02495974]))","(array([0.13250655]), array([-0.02530979]))","(array([0.12869577]), array([-0.02547321]))","(array([0.1297021]), array([-0.02503256]))","(array([0.13470898]), array([-0.02555187]))","(array([0.13167145]), array([-0.02674815]))","(array([0.12449441]), array([-0.02709806]))","(array([0.12211356]), array([-0.02644384]))"
(0.40942140146722544+0j),[-0.11503815],[1.],[0.58359135],[1.],"(array([0.21228158]), array([0.07163126]))","(array([0.12359679]), array([-0.02544517]))","(array([0.12930095]), array([-0.02495981]))","(array([0.13250712]), array([-0.02530991]))","(array([0.12869664]), array([-0.0254732]))","(array([0.12970324]), array([-0.02503249]))","(array([0.1347107]), array([-0.02555191]))","(array([0.13167337]), array([-0.02674809]))","(array([0.12449625]), array([-0.0270981]))","(array([0.12211519]), array([-0.02644397]))","(array([0.12777639]), array([-0.02588635]))"
(0.4086466259315399+0j),[-0.11695347],[1.],[0.57854179],[1.],"(array([0.21167558]), array([0.0748057]))","(array([0.12930418]), array([-0.02496059]))","(array([0.13250952]), array([-0.02531023]))","(array([0.12869889]), array([-0.0254734]))","(array([0.12970561]), array([-0.0250326]))","(array([0.13471389]), array([-0.02555194]))","(array([0.13167667]), array([-0.02674789]))","(array([0.12449962]), array([-0.02709812]))","(array([0.1221185]), array([-0.02644407]))","(array([0.12777974]), array([-0.02588636]))","(array([0.13086847]), array([-0.02615325]))"
(0.36602330204126843+0j),[-0.11571284],[1.],[0.54747337],[1.],"(array([0.21549007]), array([0.07174953]))","(array([0.13251419]), array([-0.02531072]))","(array([0.12870239]), array([-0.02547353]))","(array([0.12970825]), array([-0.02503235]))","(array([0.13471644]), array([-0.02555156]))","(array([0.13167943]), array([-0.0267474]))","(array([0.12450265]), array([-0.02709765]))","(array([0.12212176]), array([-0.02644359]))","(array([0.1277835]), array([-0.02588563]))","(array([0.13087262]), array([-0.02615238]))","(array([0.12685041]), array([-0.02628826]))"
(0.40920040210520015+0j),[-0.11428641],[1.],[0.58468252],[1.],"(array([0.21872914]), array([0.07244438]))","(array([0.12870524]), array([-0.02547302]))","(array([0.12971039]), array([-0.02503143]))","(array([0.13471819]), array([-0.02555059]))","(array([0.13168129]), array([-0.02674666]))","(array([0.12450485]), array([-0.02709685]))","(array([0.12212434]), array([-0.0264426]))","(array([0.12778655]), array([-0.02588445]))","(array([0.1308761]), array([-0.02615107]))","(array([0.12685396]), array([-0.02628699]))","(array([0.12777847]), array([-0.02578776]))"
(0.45147328907294304+0j),[-0.11816702],[1.],[0.59455671],[1.],"(array([0.21781378]), array([0.07667236]))","(array([0.12971482]), array([-0.02503189]))","(array([0.13471975]), array([-0.02555093]))","(array([0.13168417]), array([-0.02674631]))","(array([0.12450857]), array([-0.02709592]))","(array([0.12212804]), array([-0.02644173]))","(array([0.12779073]), array([-0.02588385]))","(array([0.13088097]), array([-0.02615081]))","(array([0.12685863]), array([-0.02628688]))","(array([0.12778266]), array([-0.02578784]))","(array([0.13302855]), array([-0.02609423]))"
(0.4044502922063195+0j),[-0.12145007],[1.],[0.56323553],[1.],"(array([0.21826882]), array([0.07425762]))","(array([0.13472473]), array([-0.0255514]))","(array([0.1316882]), array([-0.0267462]))","(array([0.12451206]), array([-0.02709562]))","(array([0.12213096]), array([-0.02644124]))","(array([0.12779371]), array([-0.02588313]))","(array([0.13088453]), array([-0.02614998]))","(array([0.12686222]), array([-0.02628616]))","(array([0.12778632]), array([-0.02578722]))","(array([0.13303268]), array([-0.02609365]))","(array([0.13026842]), array([-0.02705005]))"
(0.36209197456583625+0j),[-0.11884584],[1.],[0.53419587],[1.],"(array([0.21983128]), array([0.06771271]))","(array([0.13169398]), array([-0.02674668]))","(array([0.12451661]), array([-0.02709556]))","(array([0.12213402]), array([-0.02644073]))","(array([0.12779581]), array([-0.02588249]))","(array([0.1308867]), array([-0.02614879]))","(array([0.126865]), array([-0.02628497]))","(array([0.12778947]), array([-0.02578637]))","(array([0.13303653]), array([-0.02609344]))","(array([0.13027259]), array([-0.02705022]))","(array([0.12332451]), array([-0.02707653]))"
(0.36311344884748237+0j),[-0.11454995],[1.],[0.54644094],[1.],"(array([0.2150276]), array([0.06521254]))","(array([0.12451915]), array([-0.0270938]))","(array([0.12213617]), array([-0.0264389]))","(array([0.12779722]), array([-0.02588079]))","(array([0.1308879]), array([-0.02614707]))","(array([0.12686641]), array([-0.02628322]))","(array([0.12779114]), array([-0.02578471]))","(array([0.13303867]), array([-0.02609202]))","(array([0.13027479]), array([-0.02704893]))","(array([0.12332669]), array([-0.02707524]))","(array([0.12130994]), array([-0.02618833]))"
(0.40704978273107184+0j),[-0.11443119],[1.],[0.58433979],[1.],"(array([0.21027764]), array([0.07024393]))","(array([0.12213855]), array([-0.02643624]))","(array([0.12779942]), array([-0.02587816]))","(array([0.13089001]), array([-0.02614432]))","(array([0.12686848]), array([-0.02628049]))","(array([0.12779331]), array([-0.02578201]))","(array([0.13304148]), array([-0.02608952]))","(array([0.13027766]), array([-0.0270463]))","(array([0.12332928]), array([-0.02707268]))","(array([0.12131226]), array([-0.02618588]))","(array([0.12718587]), array([-0.02559927]))"
(0.40692052099821124+0j),[-0.11659158],[1.],[0.5799365],[1.],"(array([0.20966096]), array([0.07342101]))","(array([0.12780377]), array([-0.02587632]))","(array([0.13089342]), array([-0.02614201]))","(array([0.12687158]), array([-0.02627815]))","(array([0.12779653]), array([-0.02577959]))","(array([0.13304556]), array([-0.02608712]))","(array([0.13028202]), array([-0.02704372]))","(array([0.12333342]), array([-0.02707028]))","(array([0.12131625]), array([-0.02618356]))","(array([0.12719002]), array([-0.02559691]))","(array([0.13024629]), array([-0.02586926]))"
(0.36504786560031643+0j),[-0.11566724],[1.],[0.54909494],[1.],"(array([0.21353243]), array([0.07049711]))","(array([0.13089895]), array([-0.02613972]))","(array([0.12687589]), array([-0.0262756]))","(array([0.12779998]), array([-0.02577677]))","(array([0.13304899]), array([-0.02608418]))","(array([0.13028568]), array([-0.02704081]))","(array([0.12333707]), array([-0.02706751]))","(array([0.12132002]), array([-0.02618084]))","(array([0.12719431]), array([-0.025594]))","(array([0.13025095]), array([-0.02586627]))","(array([0.12632729]), array([-0.02606122]))"
(0.36684930985223047+0j),[-0.11199565],[1.],[0.55933773],[1.],"(array([0.21493625]), array([0.0685113]))","(array([0.12688009]), array([-0.02626963]))","(array([0.12780367]), array([-0.02577067]))","(array([0.13305228]), array([-0.02607838]))","(array([0.13028919]), array([-0.02703526]))","(array([0.12334066]), array([-0.0270621]))","(array([0.12132372]), array([-0.02617544]))","(array([0.12719823]), array([-0.02558859]))","(array([0.13025506]), array([-0.0258609]))","(array([0.12633129]), array([-0.02605602]))","(array([0.12398893]), array([-0.02545463]))"
(0.41181117524912914+0j),[-0.111884],[1.],[0.59429598],[1.],"(array([0.21308969]), array([0.07320575]))","(array([0.12780761]), array([-0.02576264]))","(array([0.13305563]), array([-0.02607072]))","(array([0.13029343]), array([-0.02702754]))","(array([0.12334516]), array([-0.02705417]))","(array([0.1213281]), array([-0.02616773]))","(array([0.127203]), array([-0.02558132]))","(array([0.13025997]), array([-0.02585407]))","(array([0.12633574]), array([-0.02604947]))","(array([0.12399278]), array([-0.0254484]))","(array([0.12925603]), array([-0.02492168]))"
(0.4118446470513984+0j),[-0.11387196],[1.],[0.58906545],[1.],"(array([0.21553901]), array([0.07586176]))","(array([0.13306078]), array([-0.02606314]))","(array([0.13029849]), array([-0.02701998]))","(array([0.12334975]), array([-0.0270467]))","(array([0.1213322]), array([-0.02616052]))","(array([0.12720718]), array([-0.02557441]))","(array([0.13026458]), array([-0.02584738]))","(array([0.12634016]), array([-0.02604303]))","(array([0.12399689]), array([-0.02544225]))","(array([0.12926009]), array([-0.02491572]))","(array([0.13187755]), array([-0.02517152]))"
(0.3697917717475576+0j),[-0.11226219],[1.],[0.55933506],[1.],"(array([0.21896987]), array([0.07218999]))","(array([0.13030565]), array([-0.02701224]))","(array([0.12335555]), array([-0.02703888]))","(array([0.12133673]), array([-0.02615277]))","(array([0.12721129]), array([-0.02556679]))","(array([0.13026898]), array([-0.02583989]))","(array([0.12634497]), array([-0.02603557]))","(array([0.12400177]), array([-0.025435]))","(array([0.12926555]), array([-0.02490883]))","(array([0.1318835]), array([-0.02516495]))","(array([0.12803848]), array([-0.02527869]))"
(0.4145610277460148+0j),[-0.11143776],[1.],[0.59368145],[1.],"(array([0.21624347]), array([0.07219834]))","(array([0.12336132]), array([-0.02702709]))","(array([0.12134173]), array([-0.02614117]))","(array([0.12721589]), array([-0.02555572]))","(array([0.13027333]), array([-0.02582901]))","(array([0.12634933]), array([-0.02602479]))","(array([0.12400603]), array([-0.02542447]))","(array([0.12927027]), array([-0.02489873]))","(array([0.13188858]), array([-0.0251553]))","(array([0.12804323]), array([-0.02526935]))","(array([0.12888636]), array([-0.02481961]))"
(0.4579219251992328+0j),[-0.11611602],[1.],[0.59970615],[1.],"(array([0.21190475]), array([0.07577078]))","(array([0.12134936]), array([-0.02612749]))","(array([0.12722277]), array([-0.02554199]))","(array([0.13027985]), array([-0.02581518]))","(array([0.12635555]), array([-0.02601126]))","(array([0.12401176]), array([-0.02541135]))","(array([0.1292767]), array([-0.02488607]))","(array([0.13189594]), array([-0.02514317]))","(array([0.12805014]), array([-0.02525764]))","(array([0.12889301]), array([-0.02480834]))","(array([0.1332961]), array([-0.02528268]))"
(0.4116614263513831+0j),[-0.12025844],[1.],[0.56798823],[1.],"(array([0.20926151]), array([0.07333448]))","(array([0.127234]), array([-0.02552935]))","(array([0.13028914]), array([-0.02580194]))","(array([0.12636372]), array([-0.02599819]))","(array([0.12401898]), array([-0.02539855]))","(array([0.12928455]), array([-0.02487348]))","(array([0.13190481]), array([-0.025131]))","(array([0.12805866]), array([-0.02524598]))","(array([0.12890163]), array([-0.02479695]))","(array([0.13330589]), array([-0.02527134]))","(array([0.13007933]), array([-0.02640625]))"
(0.3697207553197651+0j),[-0.1192211],[1.],[0.53813952],[1.],"(array([0.21185852]), array([0.06767081]))","(array([0.13030134]), array([-0.02578711]))","(array([0.12637375]), array([-0.02598334]))","(array([0.12402705]), array([-0.02538385]))","(array([0.12929188]), array([-0.0248589]))","(array([0.1319126]), array([-0.02511676]))","(array([0.12806621]), array([-0.02523225]))","(array([0.12890925]), array([-0.02478359]))","(array([0.13331475]), array([-0.02525816]))","(array([0.13008844]), array([-0.02639356]))","(array([0.12301249]), array([-0.02669343]))"
(0.4110720364181653+0j),[-0.1177038],[1.],[0.57414733],[1.],"(array([0.21489219]), array([0.06835132]))","(array([0.12638281]), array([-0.025962]))","(array([0.12403523]), array([-0.02536314]))","(array([0.12929937]), array([-0.02483866]))","(array([0.13192014]), array([-0.02509682]))","(array([0.12807332]), array([-0.02521291]))","(array([0.12891611]), array([-0.02476483]))","(array([0.13332222]), array([-0.02524012]))","(array([0.13009586]), array([-0.02637611]))","(array([0.123019]), array([-0.02667665]))","(array([0.12381129]), array([-0.02619496]))"
(0.4517553283910892+0j),[-0.12119563],[1.],[0.58420935],[1.],"(array([0.21370394]), array([0.07242096]))","(array([0.12404514]), array([-0.02534092]))","(array([0.12930802]), array([-0.02481674]))","(array([0.13192883]), array([-0.02507566]))","(array([0.12808149]), array([-0.02519236]))","(array([0.1289243]), array([-0.02474493]))","(array([0.13333207]), array([-0.02522085]))","(array([0.13010615]), array([-0.02635732]))","(array([0.12302831]), array([-0.02665868]))","(array([0.12382023]), array([-0.0261778]))","(array([0.12885241]), array([-0.02643316]))"
(0.40608691771886624+0j),[-0.12427768],[1.],[0.55376472],[1.],"(array([0.21079779]), array([0.07034212]))","(array([0.12932002]), array([-0.02479784]))","(array([0.13193937]), array([-0.02505649]))","(array([0.12809063]), array([-0.02517352]))","(array([0.12893288]), array([-0.02472623]))","(array([0.13334227]), array([-0.02520248]))","(array([0.13011663]), array([-0.02633938]))","(array([0.12303786]), array([-0.02664164]))","(array([0.12382986]), array([-0.02616134]))","(array([0.12886329]), array([-0.02641708]))","(array([0.12622098]), array([-0.02729332]))"
(0.36460454360869166+0j),[-0.12221474],[1.],[0.52503469],[1.],"(array([0.21281288]), array([0.06508786]))","(array([0.13195277]), array([-0.02503465]))","(array([0.12810167]), array([-0.02515197]))","(array([0.12894233]), array([-0.02470488]))","(array([0.13335193]), array([-0.0251814]))","(array([0.13012676]), array([-0.02631888]))","(array([0.12304726]), array([-0.02662197]))","(array([0.12383946]), array([-0.0261423]))","(array([0.12887455]), array([-0.02639841]))","(array([0.12623254]), array([-0.02727535]))","(array([0.11956929]), array([-0.027372]))"
(0.40449619373329637+0j),[-0.11993991],[1.],[0.56522968],[1.],"(array([0.21562456]), array([0.06648968]))","(array([0.1281127]), array([-0.0251237]))","(array([0.12895253]), array([-0.02467706]))","(array([0.13336229]), array([-0.02515393]))","(array([0.13013738]), array([-0.02629247]))","(array([0.12305681]), array([-0.02659643]))","(array([0.12384883]), array([-0.02611754]))","(array([0.12888493]), array([-0.02637449]))","(array([0.12624285]), array([-0.02725222]))","(array([0.11957843]), array([-0.02734967]))","(array([0.12108005]), array([-0.02670657]))"
(0.4444829078712951+0j),[-0.12291348],[1.],[0.58002223],[1.],"(array([0.21489497]), array([0.07158441]))","(array([0.12896488]), array([-0.02464705]))","(array([0.13337387]), array([-0.0251243]))","(array([0.13014935]), array([-0.02626379]))","(array([0.12306753]), array([-0.02656864]))","(array([0.12385934]), array([-0.02609084]))","(array([0.12889691]), array([-0.02634886]))","(array([0.12625504]), array([-0.02722727]))","(array([0.11958929]), array([-0.02732573]))","(array([0.12109025]), array([-0.02668354]))","(array([0.12712404]), array([-0.02680593]))"
(0.3991971432973639+0j),[-0.12536581],[1.],[0.55063533],[1.],"(array([0.21539361]), array([0.06999454]))","(array([0.13338805]), array([-0.02509628]))","(array([0.13016259]), array([-0.0262362]))","(array([0.12307877]), array([-0.02654195]))","(array([0.12386981]), array([-0.02606469]))","(array([0.12890869]), array([-0.02632328]))","(array([0.12626685]), array([-0.02720234]))","(array([0.1195999]), array([-0.02730185]))","(array([0.1211006]), array([-0.02666045]))","(array([0.12713533]), array([-0.02678345]))","(array([0.12515094]), array([-0.02754018]))"
(0.35811587757940233+0j),[-0.12207004],[1.],[0.52330369],[1.],"(array([0.21657635]), array([0.06415281]))","(array([0.13017784]), array([-0.02620761]))","(array([0.12309131]), array([-0.026514]))","(array([0.12388053]), array([-0.02603735]))","(array([0.12891961]), array([-0.02629643]))","(array([0.1262784]), array([-0.02717637]))","(array([0.11961076]), array([-0.02727675]))","(array([0.12111139]), array([-0.02663638]))","(array([0.12714731]), array([-0.02676048]))","(array([0.12516292]), array([-0.02751815]))","(array([0.11885726]), array([-0.02742768]))"
(0.35889184704359467+0j),[-0.11726733],[1.],[0.53777712],[1.],"(array([0.21180755]), array([0.06229395]))","(array([0.12310378]), array([-0.02648091]))","(array([0.123892]), array([-0.02600509]))","(array([0.12893152]), array([-0.02626494]))","(array([0.12629033]), array([-0.027146]))","(array([0.11962136]), array([-0.02724729]))","(array([0.12112177]), array([-0.02660798]))","(array([0.12715878]), array([-0.02673317]))","(array([0.12517414]), array([-0.02749173]))","(array([0.11886698]), array([-0.02740208]))","(array([0.11742846]), array([-0.02644772]))"
(0.40180820553748336+0j),[-0.11668571],[1.],[0.57909739],[1.],"(array([0.20733524]), array([0.06791244]))","(array([0.12390557]), array([-0.02596717]))","(array([0.12894591]), array([-0.0262278]))","(array([0.12630493]), array([-0.0271101]))","(array([0.11963406]), array([-0.02721255]))","(array([0.12113406]), array([-0.02657439]))","(array([0.12717233]), array([-0.0267008]))","(array([0.12518745]), array([-0.02746029]))","(array([0.11887835]), array([-0.02737163]))","(array([0.11743833]), array([-0.02641823]))","(array([0.12383365]), array([-0.02575718]))"
(0.40208200160262236+0j),[-0.11804636],[1.],[0.57778531],[1.],"(array([0.21016509]), array([0.07168541]))","(array([0.12896214]), array([-0.02618889]))","(array([0.12632101]), array([-0.02707232]))","(array([0.11964803]), array([-0.02717605]))","(array([0.12114749]), array([-0.02653899]))","(array([0.12718698]), array([-0.02666644]))","(array([0.12520174]), array([-0.02742684]))","(array([0.1188907]), array([-0.02733932]))","(array([0.11744921]), array([-0.02638698]))","(array([0.12384455]), array([-0.02572686]))","(array([0.12766801]), array([-0.02588992]))"
(0.3615099063478583+0j),[-0.11585178],[1.],[0.54926705],[1.],"(array([0.21357485]), array([0.06867878]))","(array([0.12634018]), array([-0.02703018]))","(array([0.11966417]), array([-0.02713519]))","(array([0.12116228]), array([-0.02649928]))","(array([0.12720258]), array([-0.02662763]))","(array([0.12521712]), array([-0.0273894]))","(array([0.11890417]), array([-0.02730317]))","(array([0.11746141]), array([-0.02635196]))","(array([0.12385734]), array([-0.02569285]))","(array([0.12768139]), array([-0.02585689]))","(array([0.1244211]), array([-0.02585497]))"
(0.40580256913716994+0j),[-0.11438373],[1.],[0.58920079],[1.],"(array([0.21123663]), array([0.06949464]))","(array([0.11968216]), array([-0.02708724]))","(array([0.12117887]), array([-0.0264524]))","(array([0.12721996]), array([-0.02658171]))","(array([0.12523409]), array([-0.02734507]))","(array([0.1189189]), array([-0.02726022]))","(array([0.11747468]), array([-0.02631032]))","(array([0.12387128]), array([-0.0256527]))","(array([0.12769599]), array([-0.02581808]))","(array([0.12443428]), array([-0.02581741]))","(array([0.12599824]), array([-0.02526735]))"
(0.44968364730068033+0j),[-0.11837195],[1.],[0.60082355],[1.],"(array([0.20768354]), array([0.07418327]))","(array([0.12119864]), array([-0.0264011]))","(array([0.12723959]), array([-0.02653163]))","(array([0.12525399]), array([-0.02729617]))","(array([0.11893642]), array([-0.02721262]))","(array([0.11749022]), array([-0.02626433]))","(array([0.12388734]), array([-0.02560849]))","(array([0.12771288]), array([-0.02577563]))","(array([0.12444954]), array([-0.02577645]))","(array([0.12601234]), array([-0.02522766]))","(array([0.13166123]), array([-0.02558518]))"
(0.4049927993097161+0j),[-0.12165678],[1.],[0.57036818],[1.],"(array([0.2087878]), array([0.07229454]))","(array([0.1272626]), array([-0.02648078]))","(array([0.12527583]), array([-0.02724646]))","(array([0.11895503]), array([-0.02716446]))","(array([0.11750634]), array([-0.0262176]))","(array([0.12390368]), array([-0.02556315]))","(array([0.12772997]), array([-0.02573179]))","(array([0.12446508]), array([-0.02573421]))","(array([0.12602714]), array([-0.02518676]))","(array([0.13167748]), array([-0.02554534]))","(array([0.1292164]), array([-0.02652206]))"
(0.36448394075402646+0j),[-0.11914763],[1.],[0.54214509],[1.],"(array([0.21163928]), array([0.06653768]))","(array([0.12530127]), array([-0.02719107]))","(array([0.11897611]), array([-0.02711064]))","(array([0.11752393]), array([-0.02616529]))","(array([0.12392065]), array([-0.02551248]))","(array([0.12774745]), array([-0.0256826]))","(array([0.12448136]), array([-0.0256866]))","(array([0.12604302]), array([-0.02514079]))","(array([0.1316956]), array([-0.02550101]))","(array([0.12923459]), array([-0.02647936]))","(array([0.12268649]), array([-0.02657744]))"
(0.36673155788610196+0j),[-0.11490573],[1.],[0.5536023],[1.],"(array([0.20803134]), array([0.06463199]))","(array([0.11899738]), array([-0.02704804]))","(array([0.11754254]), array([-0.02610469]))","(array([0.1239389]), array([-0.02545383]))","(array([0.12776598]), array([-0.02562576]))","(array([0.12449817]), array([-0.02563156]))","(array([0.12605908]), array([-0.0250875]))","(array([0.13171339]), array([-0.02544941]))","(array([0.12925199]), array([-0.02642935]))","(array([0.12270122]), array([-0.02652915]))","(array([0.12082331]), array([-0.0257458]))"
(0.4112293671759017+0j),[-0.11465269],[1.],[0.58899524],[1.],"(array([0.20409292]), array([0.06994231]))","(array([0.11756197]), array([-0.02604025]))","(array([0.1239585]), array([-0.02539141]))","(array([0.12778611]), array([-0.02556532]))","(array([0.12451621]), array([-0.02557315]))","(array([0.12607623]), array([-0.02503098]))","(array([0.13173256]), array([-0.02539474]))","(array([0.1292709]), array([-0.02637624]))","(array([0.1227171]), array([-0.02647786]))","(array([0.12083692]), array([-0.02569623]))","(array([0.12648661]), array([-0.02521352]))"
(0.4115727904199532+0j),[-0.11658173],[1.],[0.58385248],[1.],"(array([0.2044083]), array([0.0734078]))","(array([0.12398018]), array([-0.02532909]))","(array([0.12780758]), array([-0.02550479]))","(array([0.12453537]), array([-0.02551456]))","(array([0.12609449]), array([-0.02497415]))","(array([0.13175312]), array([-0.02533954]))","(array([0.12929138]), array([-0.02632275]))","(array([0.12273457]), array([-0.02642632]))","(array([0.12085233]), array([-0.02564643]))","(array([0.1265026]), array([-0.02516517]))","(array([0.12949004]), array([-0.02550406]))"
(0.37023899394699983+0j),[-0.1154311],[1.],[0.55388733],[1.],"(array([0.20898245]), array([0.07068576]))","(array([0.12783289]), array([-0.025438]))","(array([0.12455735]), array([-0.02544972]))","(array([0.12611466]), array([-0.02491103]))","(array([0.13177507]), array([-0.025278]))","(array([0.12931324]), array([-0.02626332]))","(array([0.12275326]), array([-0.02636898]))","(array([0.12086894]), array([-0.02559102]))","(array([0.12652023]), array([-0.02511131]))","(array([0.12950887]), array([-0.02545179]))","(array([0.12558521]), array([-0.0256272]))"
(0.41357274277162204+0j),[-0.11384588],[1.],[0.58841931],[1.],"(array([0.21279359]), array([0.07147665]))","(array([0.12458149]), array([-0.02537459]))","(array([0.12613702]), array([-0.02483799]))","(array([0.13179922]), array([-0.02520703]))","(array([0.12933724]), array([-0.02619489]))","(array([0.12277376]), array([-0.02630282]))","(array([0.1208872]), array([-0.02552695]))","(array([0.12653946]), array([-0.0250492]))","(array([0.12952922]), array([-0.02539156]))","(array([0.12560388]), array([-0.02556912]))","(array([0.12634245]), array([-0.02513873]))"
(0.4557618555421697+0j),[-0.117286],[1.],[0.59639046],[1.],"(array([0.21210344]), array([0.07549213]))","(array([0.12616263]), array([-0.02476084]))","(array([0.13182503]), array([-0.02513182]))","(array([0.12936345]), array([-0.02612195]))","(array([0.12279655]), array([-0.02623206]))","(array([0.12090741]), array([-0.02545861]))","(array([0.12656094]), array([-0.02498334]))","(array([0.12955243]), array([-0.0253282]))","(array([0.12562524]), array([-0.02550822]))","(array([0.12636271]), array([-0.02508009]))","(array([0.13104567]), array([-0.02537976]))"
(0.40987439852304014+0j),[-0.12015635],[1.],[0.56653109],[1.],"(array([0.21305725]), array([0.07334928]))","(array([0.13185439]), array([-0.02505417]))","(array([0.12939166]), array([-0.02604642]))","(array([0.12282018]), array([-0.02615899]))","(array([0.12092784]), array([-0.02538784]))","(array([0.12658221]), array([-0.02491461]))","(array([0.12957544]), array([-0.02526162]))","(array([0.12564661]), array([-0.02544419]))","(array([0.12638348]), array([-0.02501841]))","(array([0.13106879]), array([-0.02532004]))","(array([0.12833601]), array([-0.02622274]))"
(0.3681333137410271+0j),[-0.11726761],[1.],[0.53857298],[1.],"(array([0.21556074]), array([0.06756014]))","(array([0.12942352]), array([-0.02596454]))","(array([0.12284652]), array([-0.02607959]))","(array([0.12095003]), array([-0.02531079]))","(array([0.12660449]), array([-0.02483986]))","(array([0.12959928]), array([-0.02518889]))","(array([0.12566917]), array([-0.02537408]))","(array([0.12640567]), array([-0.02495099]))","(array([0.13109372]), array([-0.02525527]))","(array([0.12836066]), array([-0.02616029]))","(array([0.12197435]), array([-0.02620722]))"
(0.3690297431219439+0j),[-0.11276573],[1.],[0.5493667],[1.],"(array([0.21146399]), array([0.0655155]))","(array([0.12287246]), array([-0.02599393]))","(array([0.12097267]), array([-0.02522792]))","(array([0.12662756]), array([-0.02475945]))","(array([0.12962373]), array([-0.02511107]))","(array([0.12569186]), array([-0.02529899]))","(array([0.12642785]), array([-0.02487857]))","(array([0.13111853]), array([-0.0251852]))","(array([0.12838501]), array([-0.02609243]))","(array([0.121995]), array([-0.02614163]))","(array([0.12015795]), array([-0.02532712]))"
(0.4121113044306811+0j),[-0.11239897],[1.],[0.58420138],[1.],"(array([0.20720911]), array([0.07059504]))","(array([0.1209956]), array([-0.02514383]))","(array([0.12665146]), array([-0.02467769]))","(array([0.12964915]), array([-0.02503186]))","(array([0.12571524]), array([-0.02522261]))","(array([0.12645061]), array([-0.02480486]))","(array([0.13114418]), array([-0.02511398]))","(array([0.1284104]), array([-0.02602329]))","(array([0.1220164]), array([-0.0260748]))","(array([0.12017648]), array([-0.02526247]))","(array([0.12574028]), array([-0.02476387]))"
(0.4114677186580405+0j),[-0.11431818],[1.],[0.57923807],[1.],"(array([0.20708794]), array([0.07391561]))","(array([0.12667703]), array([-0.02459718]))","(array([0.12967551]), array([-0.02495364]))","(array([0.12573931]), array([-0.02514712]))","(array([0.12647409]), array([-0.02473188]))","(array([0.13117075]), array([-0.02504317]))","(array([0.12843694]), array([-0.02595474]))","(array([0.12203906]), array([-0.02600868]))","(array([0.12019651]), array([-0.02519855]))","(array([0.12576111]), array([-0.02470184]))","(array([0.12875914]), array([-0.02505218]))"
(0.3694397623978081+0j),[-0.11322636],[1.],[0.54935048],[1.],"(array([0.21105023]), array([0.07115598]))","(array([0.12970413]), array([-0.02487415]))","(array([0.1257648]), array([-0.02507018]))","(array([0.12649814]), array([-0.02465724]))","(array([0.13119728]), array([-0.02497046]))","(array([0.12846348]), array([-0.02588455]))","(array([0.12206179]), array([-0.02594095]))","(array([0.12021677]), array([-0.02513309]))","(array([0.12578257]), array([-0.02463824]))","(array([0.12878194]), array([-0.02499045]))","(array([0.12503163]), array([-0.02521791]))"
(0.3705942609429258+0j),[-0.10944783],[1.],[0.55879789],[1.],"(array([0.21244119]), array([0.06925409]))","(array([0.12579039]), array([-0.02499027]))","(array([0.12652249]), array([-0.02457979]))","(array([0.13122373]), array([-0.0248953]))","(array([0.12849]), array([-0.02581211]))","(array([0.12208468]), array([-0.02587088]))","(array([0.12023726]), array([-0.02506524]))","(array([0.12580401]), array([-0.02457251]))","(array([0.12880445]), array([-0.02492677]))","(array([0.12505228]), array([-0.02515643]))","(array([0.12280698]), array([-0.02460764]))"
(0.4144758213890513+0j),[-0.10917974],[1.],[0.59219087],[1.],"(array([0.21065801]), array([0.07385513]))","(array([0.1265474]), array([-0.02449897]))","(array([0.13125071]), array([-0.02481694]))","(array([0.12851746]), array([-0.02573624]))","(array([0.12210851]), array([-0.02579718]))","(array([0.12025858]), array([-0.024994]))","(array([0.12582666]), array([-0.02450387]))","(array([0.12882824]), array([-0.02486058]))","(array([0.12507392]), array([-0.0250926]))","(array([0.12282598]), array([-0.02454614]))","(array([0.12796301]), array([-0.02409346]))"
(0.4138939780838003+0j),[-0.11097318],[1.],[0.58689567],[1.],"(array([0.21297519]), array([0.07655068]))","(array([0.13127992]), array([-0.02473616]))","(array([0.12854623]), array([-0.02565802]))","(array([0.12213285]), array([-0.02572152]))","(array([0.12027996]), array([-0.02492086]))","(array([0.1258491]), array([-0.02443309]))","(array([0.12885228]), array([-0.02479207]))","(array([0.12509616]), array([-0.02502658]))","(array([0.1228459]), array([-0.02448251]))","(array([0.12798352]), array([-0.02403197]))","(array([0.13065155]), array([-0.024349]))"
(0.3715246033439533+0j),[-0.10923026],[1.],[0.55767296],[1.],"(array([0.2160124]), array([0.07315836]))","(array([0.12857716]), array([-0.02557944]))","(array([0.12215863]), array([-0.02564537]))","(array([0.12030208]), array([-0.0248471]))","(array([0.12587178]), array([-0.02436151]))","(array([0.12887642]), array([-0.02472263]))","(array([0.12511904]), array([-0.0249595]))","(array([0.12286683]), array([-0.02441776]))","(array([0.12800554]), array([-0.02396961]))","(array([0.13067459]), array([-0.02428875]))","(array([0.1270637]), array([-0.02445443]))"
(0.4153934946525721+0j),[-0.10830691],[1.],[0.5914997],[1.],"(array([0.213433]), array([0.0733945]))","(array([0.12218275]), array([-0.02557081]))","(array([0.12032329]), array([-0.02477485]))","(array([0.12589359]), array([-0.02429149]))","(array([0.12889913]), array([-0.02465466]))","(array([0.12514028]), array([-0.02489378]))","(array([0.12288614]), array([-0.02435424]))","(array([0.1280259]), array([-0.0239084]))","(array([0.13069583]), array([-0.02422958]))","(array([0.12708279]), array([-0.0243971]))","(array([0.12807237]), array([-0.02401451]))"
(0.45800643508525246+0j),[-0.11287881],[1.],[0.59765137],[1.],"(array([0.20977131]), array([0.07714903]))","(array([0.12034511]), array([-0.02470747]))","(array([0.12591555]), array([-0.02422548]))","(array([0.12892181]), array([-0.02459037]))","(array([0.12516131]), array([-0.02483163]))","(array([0.12290509]), array([-0.02429424]))","(array([0.12804606]), array([-0.0238506]))","(array([0.13071745]), array([-0.02417383]))","(array([0.1271025]), array([-0.02434317]))","(array([0.12809107]), array([-0.02396223]))","(array([0.13269447]), array([-0.02450848]))"
(0.4113731684748279+0j),[-0.11696958],[1.],[0.56621352],[1.],"(array([0.20746702]), array([0.07490018]))","(array([0.1259402]), array([-0.02416528]))","(array([0.1289456]), array([-0.02453122]))","(array([0.12518279]), array([-0.0247743]))","(array([0.12292418]), array([-0.02423873]))","(array([0.12806623]), array([-0.02379681]))","(array([0.13073922]), array([-0.02412188]))","(array([0.1271226]), array([-0.02429307]))","(array([0.12811061]), array([-0.02391359]))","(array([0.1327163]), array([-0.02446092]))","(array([0.12976152]), array([-0.02566223]))"
(0.3689701251742869+0j),[-0.11594411],[1.],[0.53636701],[1.],"(array([0.20996283]), array([0.06938957]))","(array([0.12897085]), array([-0.02447474]))","(array([0.12520484]), array([-0.02471929]))","(array([0.12294299]), array([-0.02418527]))","(array([0.12808479]), array([-0.02374476]))","(array([0.13075887]), array([-0.02407149]))","(array([0.12714082]), array([-0.02424441]))","(array([0.12812831]), array([-0.0238664]))","(array([0.13273622]), array([-0.02441483]))","(array([0.12978151]), array([-0.0256176]))","(array([0.12297497]), array([-0.02600549]))"
(0.40995744600967615+0j),[-0.11449071],[1.],[0.57305554],[1.],"(array([0.2131786]), array([0.0702559]))","(array([0.12522349]), array([-0.02466546]))","(array([0.12295968]), array([-0.02413318]))","(array([0.12810126]), array([-0.0236942]))","(array([0.130776]), array([-0.02402238]))","(array([0.12715652]), array([-0.02419685]))","(array([0.12814332]), array([-0.02382028]))","(array([0.13275268]), array([-0.02437023]))","(array([0.1297977]), array([-0.02557436]))","(array([0.12298896]), array([-0.02596377]))","(array([0.12409806]), array([-0.02557464]))"
(0.4504216278866178+0j),[-0.1180319],[1.],[0.58382527],[1.],"(array([0.21232881]), array([0.07452769]))","(array([0.12297739]), array([-0.02408176]))","(array([0.12811833]), array([-0.02364404]))","(array([0.13079366]), array([-0.0239739]))","(array([0.12717277]), array([-0.02414987]))","(array([0.1281592]), array([-0.02377477]))","(array([0.13277102]), array([-0.02432602]))","(array([0.12981639]), array([-0.02553142]))","(array([0.12300548]), array([-0.02592247]))","(array([0.1241139]), array([-0.02553489]))","(array([0.12941572]), array([-0.0258486]))"
(0.4041607791354439+0j),[-0.12112032],[1.],[0.55304132],[1.],"(array([0.20961534]), array([0.07251845]))","(array([0.12813928]), array([-0.02359516]))","(array([0.13081375]), array([-0.02392579]))","(array([0.12719051]), array([-0.02410301]))","(array([0.12817596]), array([-0.02372888]))","(array([0.13279025]), array([-0.02428113]))","(array([0.12983594]), array([-0.02548786]))","(array([0.12302281]), array([-0.02588069]))","(array([0.124131]), array([-0.02549451]))","(array([0.1294348]), array([-0.02580932]))","(array([0.12692675]), array([-0.02674357]))"
(0.36213272000485464+0j),[-0.11907619],[1.],[0.52382913],[1.],"(array([0.21156416]), array([0.0671992]))","(array([0.1308355]), array([-0.02387881]))","(array([0.12720904]), array([-0.02405712]))","(array([0.12819251]), array([-0.0236839]))","(array([0.13280779]), array([-0.02423693]))","(array([0.12985398]), array([-0.02544503]))","(array([0.123039]), array([-0.02583945]))","(array([0.12414715]), array([-0.02545461]))","(array([0.12945328]), array([-0.02577043]))","(array([0.12694538]), array([-0.02670603]))","(array([0.1202957]), array([-0.02686507]))"
(0.36193872836421553+0j),[-0.11449221],[1.],[0.53647333],[1.],"(array([0.21265322]), array([0.06573744]))","(array([0.1272249]), array([-0.0240125]))","(array([0.12820736]), array([-0.02364029]))","(array([0.13282337]), array([-0.024194]))","(array([0.1298698]), array([-0.02540366]))","(array([0.12305297]), array([-0.02579942]))","(array([0.12416076]), array([-0.02541584]))","(array([0.12946828]), array([-0.02573296]))","(array([0.12696017]), array([-0.02666977]))","(array([0.12030862]), array([-0.02683006]))","(array([0.11847732]), array([-0.02605844]))"
(0.4038381820540777+0j),[-0.11356278],[1.],[0.57639431],[1.],"(array([0.21163736]), array([0.07142121]))","(array([0.12822068]), array([-0.02359977]))","(array([0.13283748]), array([-0.02415441]))","(array([0.12988439]), array([-0.02536534]))","(array([0.12306587]), array([-0.02576224]))","(array([0.1241734]), array([-0.02537997]))","(array([0.12948243]), array([-0.02569847]))","(array([0.12697422]), array([-0.02663628]))","(array([0.12032082]), array([-0.02679779]))","(array([0.118488]), array([-0.02602733]))","(array([0.12482331]), array([-0.02539459]))"
(0.4026869741333718+0j),[-0.11475393],[1.],[0.57448029],[1.],"(array([0.2147109]), array([0.07516609]))","(array([0.1328521]), array([-0.02411821]))","(array([0.12989876]), array([-0.02533014]))","(array([0.1230783]), array([-0.02572823]))","(array([0.12418538]), array([-0.02534703]))","(array([0.12949579]), array([-0.02566645]))","(array([0.12698735]), array([-0.02660517]))","(array([0.12033245]), array([-0.02676788]))","(array([0.11849843]), array([-0.0259985]))","(array([0.12483382]), array([-0.02536663]))","(array([0.12875195]), array([-0.02553336]))"
(0.36049930848060785+0j),[-0.11244599],[1.],[0.54518245],[1.],"(array([0.21762411]), array([0.07175875]))","(array([0.12991469]), array([-0.0252963]))","(array([0.12309154]), array([-0.0256953]))","(array([0.12419725]), array([-0.02531501]))","(array([0.12950855]), array([-0.02563521]))","(array([0.12700022]), array([-0.02657504]))","(array([0.12034412]), array([-0.0267388]))","(array([0.11850931]), array([-0.02597041]))","(array([0.12484531]), array([-0.02533949]))","(array([0.12876399]), array([-0.02550709]))","(array([0.1253844]), array([-0.02548753]))"
(0.4040355452272154+0j),[-0.11107287],[1.],[0.58610362],[1.],"(array([0.2149813]), array([0.07227163]))","(array([0.12310426]), array([-0.02566281]))","(array([0.12420866]), array([-0.02528321]))","(array([0.12952058]), array([-0.02560426]))","(array([0.12701222]), array([-0.0265453]))","(array([0.12035483]), array([-0.02670994]))","(array([0.11851927]), array([-0.02594247]))","(array([0.12485597]), array([-0.0253126]))","(array([0.12877531]), array([-0.02548114]))","(array([0.12539475]), array([-0.0254624]))","(array([0.12700523]), array([-0.02489074]))"
(0.44738130710523927+0j),[-0.11530092],[1.],[0.59867354],[1.],"(array([0.21150172]), array([0.07692258]))","(array([0.12422156]), array([-0.0252525]))","(array([0.12953344]), array([-0.02557397]))","(array([0.12702571]), array([-0.02651592]))","(array([0.12036736]), array([-0.02668115]))","(array([0.11853069]), array([-0.02591464]))","(array([0.12486798]), array([-0.02528575]))","(array([0.12878818]), array([-0.02545536]))","(array([0.12540658]), array([-0.02543751]))","(array([0.12701629]), array([-0.02486666]))","(array([0.13302144]), array([-0.02526625]))"
(0.40131937713294136+0j),[-0.11881516],[1.],[0.56720573],[1.],"(array([0.21231679]), array([0.07476383]))","(array([0.12954916]), array([-0.02554486]))","(array([0.12704076]), array([-0.02648705]))","(array([0.12038062]), array([-0.02665313]))","(array([0.11854229]), array([-0.02588742]))","(array([0.12487978]), array([-0.02525918]))","(array([0.12880067]), array([-0.02542956]))","(array([0.12541816]), array([-0.02541267]))","(array([0.12702751]), array([-0.02484261]))","(array([0.13303378]), array([-0.02524277]))","(array([0.13063619]), array([-0.02629569]))"
(0.3597922542280751+0j),[-0.11650128],[1.],[0.53804109],[1.],"(array([0.2143076]), array([0.06848106]))","(array([0.12705801]), array([-0.02645667]))","(array([0.12039495]), array([-0.02662343]))","(array([0.11855405]), array([-0.02585844]))","(array([0.12489074]), array([-0.02523093]))","(array([0.12881195]), array([-0.02540179]))","(array([0.12542898]), array([-0.02538587]))","(array([0.12703827]), array([-0.02481683]))","(array([0.13304626]), array([-0.02521807]))","(array([0.13064892]), array([-0.02627204]))","(array([0.12377694]), array([-0.02639972]))"
(0.40293150372077186+0j),[-0.11485139],[1.],[0.57964846],[1.],"(array([0.21209417]), array([0.06931458]))","(array([0.1204074]), array([-0.02659072]))","(array([0.1185652]), array([-0.02582672]))","(array([0.12490123]), array([-0.02520023]))","(array([0.12882242]), array([-0.02537193]))","(array([0.12543873]), array([-0.0253569]))","(array([0.12704776]), array([-0.0247888]))","(array([0.1330568]), array([-0.02519102]))","(array([0.13065926]), array([-0.02624587]))","(array([0.12378586]), array([-0.02637446]))","(array([0.12543445]), array([-0.02576291]))"
(0.44591822522048885+0j),[-0.11858645],[1.],[0.5929972],[1.],"(array([0.20879581]), array([0.07439895]))","(array([0.11857754]), array([-0.02579727]))","(array([0.12491283]), array([-0.02517108]))","(array([0.12883395]), array([-0.02534336]))","(array([0.12544918]), array([-0.02532922]))","(array([0.12705785]), array([-0.02476198]))","(array([0.1330685]), array([-0.02516517]))","(array([0.13067118]), array([-0.02622069]))","(array([0.12379624]), array([-0.02635021]))","(array([0.12544432]), array([-0.02573957]))","(array([0.13163579]), array([-0.02605625]))"
(0.4003815519498607+0j),[-0.12183601],[1.],[0.56105116],[1.],"(array([0.2066231]), array([0.07271268]))","(array([0.12492768]), array([-0.02514483]))","(array([0.12884706]), array([-0.02531696]))","(array([0.12546054]), array([-0.02530339]))","(array([0.12706856]), array([-0.02473652]))","(array([0.13308114]), array([-0.0251404]))","(array([0.13068419]), array([-0.02619666]))","(array([0.12380777]), array([-0.02632723]))","(array([0.12545585]), array([-0.02571731]))","(array([0.13164902]), array([-0.0260345]))","(array([0.12930759]), array([-0.02700102]))"
(0.3590946616494731+0j),[-0.11994241],[1.],[0.53095774],[1.],"(array([0.20958078]), array([0.06723714]))","(array([0.12886227]), array([-0.02528993]))","(array([0.12547313]), array([-0.02527678]))","(array([0.1270794]), array([-0.02471033]))","(array([0.13309228]), array([-0.02511472]))","(array([0.13069568]), array([-0.02617177]))","(array([0.12381807]), array([-0.02630333]))","(array([0.12546627]), array([-0.02569411]))","(array([0.13166141]), array([-0.02601175]))","(array([0.12932036]), array([-0.02697912]))","(array([0.12230587]), array([-0.0271298]))"
(0.40100054322436174+0j),[-0.11766106],[1.],[0.57328556],[1.],"(array([0.21377389]), array([0.06883245]))","(array([0.12548376]), array([-0.02524858]))","(array([0.1270892]), array([-0.0246827]))","(array([0.13310227]), array([-0.0250875]))","(array([0.13070572]), array([-0.02614554]))","(array([0.12382682]), array([-0.02627793]))","(array([0.12547472]), array([-0.02566946]))","(array([0.13167081]), array([-0.02598791]))","(array([0.12932972]), array([-0.02695606]))","(array([0.12231407]), array([-0.02710758]))","(array([0.12395051]), array([-0.02648174]))"
(0.44288333834932075+0j),[-0.12051531],[1.],[0.5886773],[1.],"(array([0.21365651]), array([0.0743565]))","(array([0.1271016]), array([-0.02465257]))","(array([0.13311369]), array([-0.0250578]))","(array([0.13071746]), array([-0.02611687]))","(array([0.12383725]), array([-0.0262501]))","(array([0.12548486]), array([-0.02564269]))","(array([0.13168256]), array([-0.02596227]))","(array([0.12934181]), array([-0.02693114]))","(array([0.12232484]), array([-0.02708372]))","(array([0.12396064]), array([-0.02645882]))","(array([0.1303281]), array([-0.02656151]))"
(0.3972265819782955+0j),[-0.12276917],[1.],[0.55795569],[1.],"(array([0.21482866]), array([0.07279399]))","(array([0.13312933]), array([-0.02502532]))","(array([0.13073199]), array([-0.02608493]))","(array([0.12384935]), array([-0.02621916]))","(array([0.12549598]), array([-0.0256124]))","(array([0.13169519]), array([-0.02593269]))","(array([0.12935454]), array([-0.02690237]))","(array([0.1223362]), array([-0.02705618]))","(array([0.12397175]), array([-0.02643224]))","(array([0.13034042]), array([-0.02653566]))","(array([0.1282246]), array([-0.02726342]))"
(0.3558498025518719+0j),[-0.11921327],[1.],[0.52932735],[1.],"(array([0.21741952]), array([0.06677177]))","(array([0.13074832]), array([-0.02605318]))","(array([0.12386252]), array([-0.02618811]))","(array([0.12550707]), array([-0.02558205]))","(array([0.1317066]), array([-0.02590291]))","(array([0.12936672]), array([-0.02687359]))","(array([0.12234762]), array([-0.02702842]))","(array([0.12398316]), array([-0.02640563]))","(array([0.13035337]), array([-0.02651026]))","(array([0.12823766]), array([-0.02723908]))","(array([0.12161154]), array([-0.02710885]))"
(0.35714882086190186+0j),[-0.11415789],[1.],[0.54357535],[1.],"(array([0.21334207]), array([0.06487728]))","(array([0.12387373]), array([-0.02615725]))","(array([0.12551713]), array([-0.02555193]))","(array([0.13171702]), array([-0.02587354]))","(array([0.12937726]), array([-0.02684527]))","(array([0.12235696]), array([-0.02700094]))","(array([0.12399241]), array([-0.02637918]))","(array([0.13036386]), array([-0.02648493]))","(array([0.12824803]), array([-0.02721463]))","(array([0.12162053]), array([-0.02708517]))","(array([0.12001687]), array([-0.02606802]))"
(0.4012553335730555+0j),[-0.11337999],[1.],[0.58509031],[1.],"(array([0.20915405]), array([0.07086251]))","(array([0.12552786]), array([-0.02552027]))","(array([0.13172839]), array([-0.0258425]))","(array([0.12938898]), array([-0.02681525]))","(array([0.1223671]), array([-0.02697194]))","(array([0.12400231]), array([-0.02635119]))","(array([0.13037507]), array([-0.02645806]))","(array([0.12825919]), array([-0.02718855]))","(array([0.12163005]), array([-0.02705995]))","(array([0.12002513]), array([-0.02604363]))","(array([0.12664016]), array([-0.02535143]))"
(0.40147512427890214+0j),[-0.11456667],[1.],[0.58295929],[1.],"(array([0.21288872]), array([0.07486176]))","(array([0.1317414]), array([-0.02581028]))","(array([0.12940192]), array([-0.02678395]))","(array([0.12237827]), array([-0.02694176]))","(array([0.1240131]), array([-0.02632195]))","(array([0.13038715]), array([-0.02642974]))","(array([0.12827107]), array([-0.02716097]))","(array([0.12164033]), array([-0.02703335]))","(array([0.12003423]), array([-0.02601793]))","(array([0.12664943]), array([-0.0253265]))","(array([0.13059058]), array([-0.02547856]))"
(0.359922846570174+0j),[-0.11213619],[1.],[0.55311677],[1.],"(array([0.2172774]), array([0.07156234]))","(array([0.12941706]), array([-0.02675147]))","(array([0.1223908]), array([-0.02691024]))","(array([0.12402441]), array([-0.02629132]))","(array([0.13039921]), array([-0.02639979]))","(array([0.12828315]), array([-0.02713212]))","(array([0.12165102]), array([-0.02700552]))","(array([0.12004407]), array([-0.02599102]))","(array([0.12666]), array([-0.02530032]))","(array([0.13060187]), array([-0.0254531]))","(array([0.12706311]), array([-0.02540132]))"
(0.40496279876219154+0j),[-0.11049083],[1.],[0.59336022],[1.],"(array([0.21513023]), array([0.072209]))","(array([0.12240339]), array([-0.02687744]))","(array([0.12403572]), array([-0.02625911]))","(array([0.13041099]), array([-0.02636827]))","(array([0.12829481]), array([-0.02710174]))","(array([0.12166131]), array([-0.02697606]))","(array([0.12005355]), array([-0.02596245]))","(array([0.12667029]), array([-0.02527283]))","(array([0.13061296]), array([-0.02542657]))","(array([0.12707328]), array([-0.02537567]))","(array([0.12853348]), array([-0.02475466]))"
(0.4494429342561208+0j),[-0.11444733],[1.],[0.60457555],[1.],"(array([0.21118743]), array([0.07683083]))","(array([0.12404965]), array([-0.02622364]))","(array([0.13042455]), array([-0.02633353]))","(array([0.12830898]), array([-0.02706777]))","(array([0.12167398]), array([-0.02694294]))","(array([0.12006487]), array([-0.02593047]))","(array([0.12668227]), array([-0.02524211]))","(array([0.1306259]), array([-0.02539717]))","(array([0.12708508]), array([-0.02534734]))","(array([0.12854446]), array([-0.02472726]))","(array([0.13418187]), array([-0.02504125]))"
(0.40372449428520407+0j),[-0.11769421],[1.],[0.5729643],[1.],"(array([0.21227596]), array([0.0746755]))","(array([0.13044279]), array([-0.02629514]))","(array([0.12832628]), array([-0.02703009]))","(array([0.12168872]), array([-0.02690642]))","(array([0.1200776]), array([-0.02589502]))","(array([0.12669537]), array([-0.02520766]))","(array([0.13063992]), array([-0.02536384]))","(array([0.12709796]), array([-0.02531528]))","(array([0.12855691]), array([-0.02469626]))","(array([0.13419577]), array([-0.02501105]))","(array([0.13145691]), array([-0.0259704]))"
(0.36239397527706096+0j),[-0.11506301],[1.],[0.54363819],[1.],"(array([0.21530527]), array([0.06867647]))","(array([0.12834607]), array([-0.02699009]))","(array([0.12170493]), array([-0.02686746]))","(array([0.12009087]), array([-0.0258571]))","(array([0.12670809]), array([-0.02517089]))","(array([0.13065322]), array([-0.02532801]))","(array([0.12711063]), array([-0.02528066]))","(array([0.12856954]), array([-0.02466292]))","(array([0.13421058]), array([-0.02497907]))","(array([0.13147201]), array([-0.02593972]))","(array([0.12463792]), array([-0.02601941]))"
(0.40601583770461575+0j),[-0.11313716],[1.],[0.58319717],[1.],"(array([0.21336729]), array([0.06961136]))","(array([0.12171914]), array([-0.02682595]))","(array([0.12010331]), array([-0.02581689]))","(array([0.12672021]), array([-0.02513202]))","(array([0.13066564]), array([-0.02529027]))","(array([0.12712205]), array([-0.02524411]))","(array([0.12858066]), array([-0.02462757]))","(array([0.13422319]), array([-0.02494494]))","(array([0.13148446]), array([-0.02590669]))","(array([0.12464856]), array([-0.02598751]))","(array([0.12613651]), array([-0.02533717]))"
(0.44906198712955375+0j),[-0.11670011],[1.],[0.59459921],[1.],"(array([0.20975804]), array([0.07455621]))","(array([0.12011802]), array([-0.02577554]))","(array([0.12673436]), array([-0.02509155]))","(array([0.13068005]), array([-0.02525089]))","(array([0.12713509]), array([-0.02520605]))","(array([0.12859328]), array([-0.02459074]))","(array([0.13423793]), array([-0.02490942]))","(array([0.13149946]), array([-0.02587218]))","(array([0.12466152]), array([-0.02595423]))","(array([0.12614888]), array([-0.02530506]))","(array([0.1317885]), array([-0.0255609]))"
(0.4034736706518488+0j),[-0.11983202],[1.],[0.56286876],[1.],"(array([0.20760876]), array([0.07289809]))","(array([0.12675266]), array([-0.0250505]))","(array([0.13069705]), array([-0.02521033]))","(array([0.12714996]), array([-0.02516659]))","(array([0.12860741]), array([-0.02455218]))","(array([0.13425452]), array([-0.02487196]))","(array([0.13151645]), array([-0.02583595]))","(array([0.12467634]), array([-0.02591945]))","(array([0.12616357]), array([-0.02527136]))","(array([0.13180532]), array([-0.02552804]))","(array([0.129157]), array([-0.02644354]))"
(0.3619902372127545+0j),[-0.11783506],[1.],[0.53289817],[1.],"(array([0.21091469]), array([0.06761984]))","(array([0.13071593]), array([-0.02516958]))","(array([0.12716585]), array([-0.02512679]))","(array([0.1286215]), array([-0.02451323]))","(array([0.13426956]), array([-0.02483391]))","(array([0.13153189]), array([-0.02579919]))","(array([0.12468992]), array([-0.02588406]))","(array([0.12617713]), array([-0.02523703]))","(array([0.13182128]), array([-0.02549451]))","(array([0.12917329]), array([-0.02641123]))","(array([0.12229594]), array([-0.02656459]))"
(0.3628268488456752+0j),[-0.11309974],[1.],[0.54482572],[1.],"(array([0.2131795]), array([0.06619304]))","(array([0.12717945]), array([-0.0250868]))","(array([0.12863419]), array([-0.02447424]))","(array([0.13428308]), array([-0.02479566]))","(array([0.13154552]), array([-0.02576237]))","(array([0.12470167]), array([-0.02584842]))","(array([0.1261885]), array([-0.02520247]))","(array([0.13183404]), array([-0.0254611]))","(array([0.129186]), array([-0.02637891]))","(array([0.12230703]), array([-0.02653342]))","(array([0.12031794]), array([-0.02574445]))"
(0.40601877427712946+0j),[-0.11195626],[1.],[0.58327286],[1.],"(array([0.21202365]), array([0.07184637]))","(array([0.12864694]), array([-0.0244336]))","(array([0.13429669]), array([-0.02475609]))","(array([0.13155957]), array([-0.0257242]))","(array([0.12471387]), array([-0.02581135]))","(array([0.12620036]), array([-0.02516668]))","(array([0.13184758]), array([-0.02542669]))","(array([0.12919959]), array([-0.02634554]))","(array([0.12231882]), array([-0.02650129]))","(array([0.12032828]), array([-0.02571348]))","(array([0.12633748]), array([-0.0250193]))"
(0.4054190814424946+0j),[-0.11289917],[1.],[0.58025817],[1.],"(array([0.21529779]), array([0.0755191]))","(array([0.13431244]), array([-0.02471513]))","(array([0.13157507]), array([-0.02568452]))","(array([0.12472702]), array([-0.02577298]))","(array([0.12621293]), array([-0.02512952]))","(array([0.13186183]), array([-0.0253906]))","(array([0.12921374]), array([-0.02631055]))","(array([0.12233129]), array([-0.02646767]))","(array([0.12033947]), array([-0.02568109]))","(array([0.12634889]), array([-0.02498791]))","(array([0.12985493]), array([-0.0250807]))"
(0.3633543369692333+0j),[-0.11028378],[1.],[0.55073968],[1.],"(array([0.21904799]), array([0.07218261]))","(array([0.13159372]), array([-0.02564097]))","(array([0.12474229]), array([-0.02573067]))","(array([0.12622672]), array([-0.02508841]))","(array([0.13187705]), array([-0.02535055]))","(array([0.12922916]), array([-0.02627199]))","(array([0.12234503]), array([-0.02643052]))","(array([0.12035224]), array([-0.02564519]))","(array([0.12636251]), array([-0.02495327]))","(array([0.12986935]), array([-0.0250472]))","(array([0.12623999]), array([-0.02494805]))"
(0.4072766009384081+0j),[-0.10862935],[1.],[0.58944994],[1.],"(array([0.21639155]), array([0.07270353]))","(array([0.12475837]), array([-0.02568424]))","(array([0.12624129]), array([-0.02504311]))","(array([0.13189296]), array([-0.02530648]))","(array([0.12924511]), array([-0.02622964]))","(array([0.12235907]), array([-0.02638953]))","(array([0.12036516]), array([-0.02560557]))","(array([0.12637643]), array([-0.02491512]))","(array([0.12988418]), array([-0.02501036]))","(array([0.12625349]), array([-0.02491239]))","(array([0.12752837]), array([-0.0242731]))"
(0.4505823710416398+0j),[-0.11266326],[1.],[0.60000783],[1.],"(array([0.21262292]), array([0.07731201]))","(array([0.1262573]), array([-0.02499916]))","(array([0.13190961]), array([-0.0252634]))","(array([0.12926255]), array([-0.02618798]))","(array([0.12237504]), array([-0.02634886]))","(array([0.12037969]), array([-0.02556633]))","(array([0.12639181]), array([-0.02487734]))","(array([0.12990068]), array([-0.02497405]))","(array([0.1262686]), array([-0.02487735]))","(array([0.12754256]), array([-0.02423919]))","(array([0.13309695]), array([-0.02460322]))"
(0.40432346060243785+0j),[-0.1160418],[1.],[0.56868151],[1.],"(array([0.21370169]), array([0.0752919]))","(array([0.13192873]), array([-0.02522222]))","(array([0.12928119]), array([-0.02614754]))","(array([0.12239138]), array([-0.02630972]))","(array([0.12039407]), array([-0.02552841]))","(array([0.12640664]), array([-0.02484049]))","(array([0.12991641]), array([-0.02493834]))","(array([0.12628312]), array([-0.02484297]))","(array([0.1275566]), array([-0.02420592]))","(array([0.13311246]), array([-0.02457077]))","(array([0.1305365]), array([-0.02559833]))"
(0.36253790980827366+0j),[-0.11358425],[1.],[0.53960114],[1.],"(array([0.21600803]), array([0.06910906]))","(array([0.12930258]), array([-0.02610349]))","(array([0.12240926]), array([-0.0262669]))","(array([0.12040907]), array([-0.02548679]))","(array([0.12642115]), array([-0.02480006]))","(array([0.12993154]), array([-0.02489883]))","(array([0.12629742]), array([-0.02480486]))","(array([0.12757071]), array([-0.0241692]))","(array([0.13312868]), array([-0.02453542]))","(array([0.13055288]), array([-0.02556433]))","(array([0.12368742]), array([-0.02566239]))"
(0.3641020079592523+0j),[-0.10938701],[1.],[0.55135655],[1.],"(array([0.21164704]), array([0.06690202]))","(array([0.12242581]), array([-0.02621966]))","(array([0.12042391]), array([-0.02544104]))","(array([0.12643567]), array([-0.02475584]))","(array([0.12994637]), array([-0.02485596]))","(array([0.12631115]), array([-0.02476334]))","(array([0.12758405]), array([-0.02412905]))","(array([0.13314357]), array([-0.02449658]))","(array([0.13056752]), array([-0.02552671]))","(array([0.12369998]), array([-0.02562607]))","(array([0.12167179]), array([-0.02481816]))"
(0.40850056114772115+0j),[-0.10925659],[1.],[0.58818734],[1.],"(array([0.20724343]), array([0.07213113]))","(array([0.1204381]), array([-0.02539596]))","(array([0.12645027]), array([-0.02471209]))","(array([0.12996153]), array([-0.02481349]))","(array([0.12632485]), array([-0.0247223]))","(array([0.12759723]), array([-0.02408934]))","(array([0.13315848]), array([-0.02445822]))","(array([0.13058231]), array([-0.02548936]))","(array([0.12371251]), array([-0.02559002]))","(array([0.1216826]), array([-0.02478334]))","(array([0.1275472]), array([-0.02428822]))"
(0.4085383728436833+0j),[-0.11139024],[1.],[0.58324705],[1.],"(array([0.20710821]), array([0.07552598]))","(array([0.12646679]), array([-0.02466955]))","(array([0.12997776]), array([-0.02477196]))","(array([0.12633943]), array([-0.02468206]))","(array([0.12761131]), array([-0.02405026]))","(array([0.13317456]), array([-0.02442024]))","(array([0.13059845]), array([-0.02545245]))","(array([0.12372648]), array([-0.02555451]))","(array([0.12169506]), array([-0.02474907]))","(array([0.12756007]), array([-0.02425492]))","(array([0.13069943]), array([-0.02460923]))"
(0.36663334387716756+0j),[-0.11043589],[1.],[0.55232879],[1.],"(array([0.21132868]), array([0.07274383]))","(array([0.12999647]), array([-0.02472914]))","(array([0.1263556]), array([-0.02464036]))","(array([0.12762607]), array([-0.02400957]))","(array([0.13319057]), array([-0.02438049]))","(array([0.13061452]), array([-0.02541401]))","(array([0.12374047]), array([-0.02551746]))","(array([0.12170773]), array([-0.02471327]))","(array([0.12757356]), array([-0.02422003]))","(array([0.13071376]), array([-0.0245753]))","(array([0.12675145]), array([-0.02480018]))"
(0.3684566705519703+0j),[-0.10675428],[1.],[0.56186565],[1.],"(array([0.21311954]), array([0.07088116]))","(array([0.12637142]), array([-0.02459636]))","(array([0.12764075]), array([-0.02396663]))","(array([0.13320631]), array([-0.02433875]))","(array([0.13063028]), array([-0.02537377]))","(array([0.12375422]), array([-0.02547852]))","(array([0.12172026]), array([-0.02467548]))","(array([0.12758677]), array([-0.02418331]))","(array([0.13072768]), array([-0.02453963]))","(array([0.12676433]), array([-0.02476574]))","(array([0.1243214]), array([-0.02419151]))"
(0.41332720229649067+0j),[-0.10662651],[1.],[0.59572173],[1.],"(array([0.21169771]), array([0.07580944]))","(array([0.12765541]), array([-0.02392277]))","(array([0.13322176]), array([-0.02429617]))","(array([0.13064643]), array([-0.0253323]))","(array([0.12376861]), array([-0.02543802]))","(array([0.12173323]), array([-0.02463637]))","(array([0.12760056]), array([-0.02414572]))","(array([0.13074217]), array([-0.02450344]))","(array([0.12677751]), array([-0.02473084]))","(array([0.12433292]), array([-0.02415789]))","(array([0.12958201]), array([-0.02370027]))"
(0.41296296599993576+0j),[-0.10857567],[1.],[0.58997392],[1.],"(array([0.21457329]), array([0.0786706]))","(array([0.13323931]), array([-0.02425243]))","(array([0.13066377]), array([-0.02528979]))","(array([0.12378348]), array([-0.02539684]))","(array([0.12174631]), array([-0.02459661]))","(array([0.12761413]), array([-0.02410732]))","(array([0.13075666]), array([-0.02446629]))","(array([0.12679095]), array([-0.02469505]))","(array([0.12434499]), array([-0.02412342]))","(array([0.12959431]), array([-0.02366688]))","(array([0.13227186]), array([-0.02399133]))"
(0.3703658679091544+0j),[-0.10694375],[1.],[0.55997834],[1.],"(array([0.21829106]), array([0.07490123]))","(array([0.13068349]), array([-0.02524626]))","(array([0.1237998]), array([-0.02535453]))","(array([0.12176005]), array([-0.02455556]))","(array([0.12762794]), array([-0.02406743]))","(array([0.13077127]), array([-0.02442754]))","(array([0.12680502]), array([-0.02465753]))","(array([0.12435808]), array([-0.02408719]))","(array([0.12960823]), array([-0.02363195]))","(array([0.13228656]), array([-0.02395758]))","(array([0.12835113]), array([-0.02409347]))"
(0.41478517527827646+0j),[-0.10610199],[1.],[0.59390947],[1.],"(array([0.21571455]), array([0.07478436]))","(array([0.12381552]), array([-0.02531039]))","(array([0.12177378]), array([-0.0245127]))","(array([0.12764165]), array([-0.02402599]))","(array([0.1307853]), array([-0.02438726]))","(array([0.12681831]), array([-0.02461843]))","(array([0.12437032]), array([-0.02404933]))","(array([0.12962127]), array([-0.02359545]))","(array([0.13230027]), array([-0.02392233]))","(array([0.12836357]), array([-0.02405937]))","(array([0.12910788]), array([-0.02363097]))"
(0.45782332222243644+0j),[-0.11076897],[1.],[0.59983741],[1.],"(array([0.21148783]), array([0.07833624]))","(array([0.12178942]), array([-0.0244695]))","(array([0.12765699]), array([-0.02398346]))","(array([0.13080088]), array([-0.02434564]))","(array([0.12683284]), array([-0.02457813]))","(array([0.12438344]), array([-0.02401039]))","(array([0.12963536]), array([-0.02355787]))","(array([0.13231559]), array([-0.0238861]))","(array([0.12837761]), array([-0.02402437]))","(array([0.12912122]), array([-0.02359711]))","(array([0.13356445]), array([-0.02411118]))"
(0.41109182759663954+0j),[-0.11492015],[1.],[0.56797926],[1.],"(array([0.20886774]), array([0.07587405]))","(array([0.12767689]), array([-0.02394121]))","(array([0.13081947]), array([-0.02430382]))","(array([0.12684951]), array([-0.02453751]))","(array([0.12439822]), array([-0.02397099]))","(array([0.12965106]), array([-0.02351955]))","(array([0.13233273]), array([-0.02384906]))","(array([0.12839354]), array([-0.0239887]))","(array([0.12913681]), array([-0.02356252]))","(array([0.13358193]), array([-0.02407731]))","(array([0.13039526]), array([-0.0252513]))"
(0.3686668331015525+0j),[-0.11391752],[1.],[0.53781351],[1.],"(array([0.21154763]), array([0.07019459]))","(array([0.13084075]), array([-0.02426097]))","(array([0.12686785]), array([-0.02449564]))","(array([0.12441368]), array([-0.02393021]))","(array([0.12966612]), array([-0.0234797]))","(array([0.13234868]), array([-0.02381038]))","(array([0.12840842]), array([-0.02395141]))","(array([0.12915135]), array([-0.02352636]))","(array([0.13359838]), array([-0.024042]))","(array([0.13041185]), array([-0.02521717]))","(array([0.12341635]), array([-0.02557987]))"
(0.40987206053905584+0j),[-0.11248035],[1.],[0.57437558],[1.],"(array([0.21482161]), array([0.07095598]))","(array([0.12688397]), array([-0.02445132]))","(array([0.12442811]), array([-0.02388733]))","(array([0.12968015]), array([-0.02343798]))","(array([0.13236317]), array([-0.02376972]))","(array([0.12842175]), array([-0.02391205]))","(array([0.1291641]), array([-0.02348824]))","(array([0.13361234]), array([-0.02400518]))","(array([0.1304256]), array([-0.02518151]))","(array([0.12342827]), array([-0.0255455]))","(array([0.12441594]), array([-0.02513263]))"
(0.4504967668917102+0j),[-0.11608021],[1.],[0.58494893],[1.],"(array([0.21375386]), array([0.07519813]))","(array([0.12444388]), array([-0.02384378]))","(array([0.12969509]), array([-0.02339538]))","(array([0.13237854]), array([-0.02372853]))","(array([0.12843595]), array([-0.02387215]))","(array([0.12917802]), array([-0.02344962]))","(array([0.13362852]), array([-0.02396772]))","(array([0.13044216]), array([-0.02514512]))","(array([0.12344297]), array([-0.02551054]))","(array([0.12443002]), array([-0.02509903]))","(array([0.12970151]), array([-0.02541439]))"
(0.40418650156931824+0j),[-0.11924],[1.],[0.5539851],[1.],"(array([0.21084553]), array([0.07317685]))","(array([0.1297142]), array([-0.02335338]))","(array([0.13239663]), array([-0.02368702]))","(array([0.12845186]), array([-0.02383172]))","(array([0.12919302]), array([-0.02341]))","(array([0.13364581]), array([-0.02392897]))","(array([0.13045975]), array([-0.02510752]))","(array([0.12345863]), array([-0.02547453]))","(array([0.12444551]), array([-0.02506424]))","(array([0.12971883]), array([-0.02538051]))","(array([0.12717988]), array([-0.02632673]))"
(0.36219129217852863+0j),[-0.11724331],[1.],[0.52466232],[1.],"(array([0.21281418]), array([0.06774036]))","(array([0.13241721]), array([-0.02364427]))","(array([0.1284693]), array([-0.02378996]))","(array([0.1292085]), array([-0.02336905]))","(array([0.13366213]), array([-0.02388874]))","(array([0.13047657]), array([-0.02506855]))","(array([0.12347377]), array([-0.02543704]))","(array([0.12446065]), array([-0.02502795]))","(array([0.1297362]), array([-0.02534511]))","(array([0.12719742]), array([-0.02629256]))","(array([0.12039704]), array([-0.0264329]))"
(0.4022325064734449+0j),[-0.1150677],[1.],[0.56610356],[1.],"(array([0.21577346]), array([0.0691717]))","(array([0.12848515]), array([-0.02374613]))","(array([0.12922329]), array([-0.02332621]))","(array([0.13367761]), array([-0.02384657]))","(array([0.13049228]), array([-0.02502796]))","(array([0.12348765]), array([-0.02539777]))","(array([0.12447419]), array([-0.02498993]))","(array([0.12975113]), array([-0.02530835]))","(array([0.12721217]), array([-0.02625697]))","(array([0.12040993]), array([-0.02639856]))","(array([0.12202462]), array([-0.02579096]))"
(0.442486433524866+0j),[-0.11816933],[1.],[0.58179578],[1.],"(array([0.21517402]), array([0.07454671]))","(array([0.12923966]), array([-0.02328282]))","(array([0.13369373]), array([-0.02380392]))","(array([0.1305088]), array([-0.02498668]))","(array([0.12350231]), array([-0.02535781]))","(array([0.12448853]), array([-0.02495145]))","(array([0.12976734]), array([-0.0252713]))","(array([0.12722853]), array([-0.02622099]))","(array([0.12042439]), array([-0.02636399]))","(array([0.12203821]), array([-0.02575767]))","(array([0.12843626]), array([-0.02593582]))"
(0.3965523359774536+0j),[-0.12070833],[1.],[0.55161068],[1.],"(array([0.21568242]), array([0.07301648]))","(array([0.1337132]), array([-0.02376122]))","(array([0.13052727]), array([-0.02494485]))","(array([0.12351802]), array([-0.02531737]))","(array([0.12450329]), array([-0.02491195]))","(array([0.12978385]), array([-0.02523273]))","(array([0.12724504]), array([-0.02618352]))","(array([0.12043905]), array([-0.02632804]))","(array([0.12205242]), array([-0.02572292]))","(array([0.12845174]), array([-0.02590202]))","(array([0.12657831]), array([-0.02672724]))"
(0.35502704349664727+0j),[-0.11747148],[1.],[0.5234802],[1.],"(array([0.21679078]), array([0.06691088]))","(array([0.13054791]), array([-0.02490194]))","(array([0.12353513]), array([-0.02527557]))","(array([0.12451834]), array([-0.02487119]))","(array([0.12979949]), array([-0.02519279]))","(array([0.12726133]), array([-0.02614493]))","(array([0.12045402]), array([-0.02629077]))","(array([0.12206713]), array([-0.02568712]))","(array([0.12846799]), array([-0.02586771]))","(array([0.12659443]), array([-0.02669423]))","(array([0.12001889]), array([-0.02662334]))"
(0.35583220690141487+0j),[-0.11273502],[1.],[0.53842384],[1.],"(array([0.21201839]), array([0.06494034]))","(array([0.12355095]), array([-0.02523207]))","(array([0.12453303]), array([-0.02482881]))","(array([0.12981491]), array([-0.02515146]))","(array([0.12727678]), array([-0.02610507]))","(array([0.12046766]), array([-0.02625215]))","(array([0.12208044]), array([-0.02564989]))","(array([0.12848261]), array([-0.02583185]))","(array([0.1266087]), array([-0.02665953]))","(array([0.12003117]), array([-0.02658977]))","(array([0.11849889]), array([-0.02564147]))"
(0.3992599768142482+0j),[-0.11223996],[1.],[0.58118544],[1.],"(array([0.20788604]), array([0.07085639]))","(array([0.12454837]), array([-0.02478532]))","(array([0.12983126]), array([-0.02510888]))","(array([0.12729335]), array([-0.02606391]))","(array([0.12048204]), array([-0.02621235]))","(array([0.12209434]), array([-0.02561144]))","(array([0.12849792]), array([-0.02579479]))","(array([0.12662373]), array([-0.02662354]))","(array([0.12004397]), array([-0.02655495]))","(array([0.11850996]), array([-0.0256078]))","(array([0.1253482]), array([-0.02500064]))"
(0.39947196096990345+0j),[-0.11369959],[1.],[0.57990714],[1.],"(array([0.21115267]), array([0.07485644]))","(array([0.12984909]), array([-0.02506565]))","(array([0.127311]), array([-0.02602192]))","(array([0.12049734]), array([-0.02617182]))","(array([0.12210903]), array([-0.02557215]))","(array([0.12851398]), array([-0.02575665]))","(array([0.12663942]), array([-0.02658642]))","(array([0.12005747]), array([-0.02651914]))","(array([0.11852182]), array([-0.0255732]))","(array([0.12536013]), array([-0.02496707]))","(array([0.1295591]), array([-0.02519522]))"
(0.3583115327973512+0j),[-0.11157403],[1.],[0.55033022],[1.],"(array([0.21476477]), array([0.07166366]))","(array([0.12733073]), array([-0.02597895]))","(array([0.1205139]), array([-0.02613017]))","(array([0.12212415]), array([-0.02553167]))","(array([0.12852993]), array([-0.02571708]))","(array([0.1266552]), array([-0.02654824]))","(array([0.12007128]), array([-0.02648231]))","(array([0.11853433]), array([-0.02553756]))","(array([0.12537331]), array([-0.02493243]))","(array([0.12957297]), array([-0.02516154]))","(array([0.12618402]), array([-0.02518689]))"
(0.3612209547970137+0j),[-0.10774873],[1.],[0.56265895],[1.],"(array([0.21061631]), array([0.06942815]))","(array([0.12053026]), array([-0.02608754]))","(array([0.12213914]), array([-0.02548992]))","(array([0.12854555]), array([-0.02567615]))","(array([0.12667049]), array([-0.02650872]))","(array([0.12008462]), array([-0.02644401]))","(array([0.11854641]), array([-0.02550045]))","(array([0.12538611]), array([-0.02489662]))","(array([0.12958646]), array([-0.02512691]))","(array([0.12619624]), array([-0.0251534]))","(array([0.12422518]), array([-0.02443005]))"
(0.40771228310733837+0j),[-0.10804478],[1.],[0.60008442],[1.],"(array([0.2064111]), array([0.07471992]))","(array([0.12215416]), array([-0.02544683]))","(array([0.12856139]), array([-0.02563402]))","(array([0.1266865]), array([-0.02646776]))","(array([0.12009855]), array([-0.02640427]))","(array([0.11855874]), array([-0.02546206]))","(array([0.12539897]), array([-0.02485967]))","(array([0.12959993]), array([-0.0250913]))","(array([0.1262083]), array([-0.02511896]))","(array([0.12423553]), array([-0.02439675]))","(array([0.13020772]), array([-0.02397928]))"
(0.4087779505344784+0j),[-0.11018374],[1.],[0.59525421],[1.],"(array([0.20993573]), array([0.07794595]))","(array([0.12857924]), array([-0.02559161]))","(array([0.12670428]), array([-0.02642626]))","(array([0.12011402]), array([-0.02636399]))","(array([0.11857229]), array([-0.02542315]))","(array([0.12541273]), array([-0.02482206]))","(array([0.12961416]), array([-0.02505493]))","(array([0.12622115]), array([-0.02508389]))","(array([0.12424681]), array([-0.02436289]))","(array([0.13021918]), array([-0.02394638]))","(array([0.13339588]), array([-0.02433825]))"
(0.36715468427955833+0j),[-0.10866732],[1.],[0.56484975],[1.],"(array([0.21454833]), array([0.07438859]))","(array([0.12672376]), array([-0.02638395]))","(array([0.12013015]), array([-0.02632294]))","(array([0.11858586]), array([-0.02538334]))","(array([0.12542624]), array([-0.02478332]))","(array([0.12962793]), array([-0.02501754]))","(array([0.12623395]), array([-0.02504767]))","(array([0.12425845]), array([-0.02432779]))","(array([0.13023178]), array([-0.0239123]))","(array([0.13340944]), array([-0.02430516]))","(array([0.12952686]), array([-0.02447372]))"
(0.3704717797357797+0j),[-0.10532472],[1.],[0.57373],[1.],"(array([0.21092882]), array([0.07180011]))","(array([0.12014515]), array([-0.02628032]))","(array([0.11859905]), array([-0.02534207]))","(array([0.12543906]), array([-0.02474338]))","(array([0.12964087]), array([-0.02497875]))","(array([0.12624589]), array([-0.02500989]))","(array([0.12426917]), array([-0.02429113]))","(array([0.13024314]), array([-0.02387689]))","(array([0.13342137]), array([-0.02427094]))","(array([0.12953758]), array([-0.02444068]))","(array([0.12709107]), array([-0.02383869]))"
(0.4174136339034989+0j),[-0.10597837],[1.],[0.60497644],[1.],"(array([0.20642198]), array([0.07625014]))","(array([0.11861259]), array([-0.02529676]))","(array([0.12545296]), array([-0.0246996]))","(array([0.12965519]), array([-0.02493607]))","(array([0.12625881]), array([-0.02496862]))","(array([0.12428056]), array([-0.02425127]))","(array([0.13025536]), array([-0.02383856]))","(array([0.13343434]), array([-0.024234]))","(array([0.12954911]), array([-0.02440496]))","(array([0.12710091]), array([-0.02380424]))","(array([0.13189636]), array([-0.02346177]))"
(0.4179618919983416+0j),[-0.10878743],[1.],[0.5966651],[1.],"(array([0.20627433]), array([0.07873048]))","(array([0.12547087]), array([-0.02465275]))","(array([0.12967252]), array([-0.02489025]))","(array([0.12627436]), array([-0.02492422]))","(array([0.12429421]), array([-0.02420837]))","(array([0.1302698]), array([-0.02379708]))","(array([0.13345003]), array([-0.02419392]))","(array([0.12956349]), array([-0.02436637]))","(array([0.12711371]), array([-0.02376699]))","(array([0.13190972]), array([-0.02342557]))","(array([0.13387965]), array([-0.02391627]))"
(0.37535785729853616+0j),[-0.108481],[1.],[0.56516973],[1.],"(array([0.21131309]), array([0.07550337]))","(array([0.12969163]), array([-0.02484531]))","(array([0.12629081]), array([-0.02488045]))","(array([0.12430805]), array([-0.02416584]))","(array([0.13028382]), array([-0.0237557]))","(array([0.13346479]), array([-0.02415389]))","(array([0.12957714]), array([-0.02432772]))","(array([0.12712604]), array([-0.02372963]))","(array([0.13192303]), array([-0.02338923]))","(array([0.13389405]), array([-0.02388102]))","(array([0.12961472]), array([-0.02427872]))"
(0.3772521679335882+0j),[-0.10533956],[1.],[0.57150514],[1.],"(array([0.21377068]), array([0.07315431]))","(array([0.12630575]), array([-0.02483712]))","(array([0.12432111]), array([-0.02412379]))","(array([0.13029668]), array([-0.0237149]))","(array([0.13347808]), array([-0.02411415]))","(array([0.12958965]), array([-0.02428914]))","(array([0.1271374]), array([-0.02369223]))","(array([0.131935]), array([-0.02335306]))","(array([0.13390664]), array([-0.02384602]))","(array([0.12962633]), array([-0.02424495]))","(array([0.12686972]), array([-0.02382577]))"
(0.4223295115059317+0j),[-0.10562315],[1.],[0.59964158],[1.],"(array([0.21218273]), array([0.07704291]))","(array([0.12433338]), array([-0.02408043]))","(array([0.13030933]), array([-0.02367294]))","(array([0.13349133]), array([-0.02407339]))","(array([0.12960181]), array([-0.02424962]))","(array([0.12714832]), array([-0.023654]))","(array([0.13194696]), array([-0.02331629]))","(array([0.13391951]), array([-0.02381066]))","(array([0.12963807]), array([-0.02421084]))","(array([0.12688002]), array([-0.02379294]))","(array([0.13113584]), array([-0.02344095]))"
(0.42137717128660546+0j),[-0.1082331],[1.],[0.59064852],[1.],"(array([0.21141793]), array([0.07906258]))","(array([0.13032499]), array([-0.02363041]))","(array([0.13350686]), array([-0.02403188]))","(array([0.12961578]), array([-0.02420946]))","(array([0.12716065]), array([-0.02361519]))","(array([0.13196019]), array([-0.02327878]))","(array([0.13393418]), array([-0.0237744]))","(array([0.12965184]), array([-0.02417595]))","(array([0.12689259]), array([-0.02375933]))","(array([0.13114898]), array([-0.02340835]))","(array([0.13283074]), array([-0.02385812]))"
(0.3778519233312366+0j),[-0.10776462],[1.],[0.5596555],[1.],"(array([0.21548134]), array([0.07557028]))","(array([0.13352471]), array([-0.02398974]))","(array([0.12963119]), array([-0.02416838]))","(array([0.12717363]), array([-0.02357524]))","(array([0.13197349]), array([-0.02323987]))","(array([0.13394836]), array([-0.02373672]))","(array([0.12966532]), array([-0.02413957]))","(array([0.12690507]), array([-0.02372421]))","(array([0.13116247]), array([-0.02337423]))","(array([0.13284526]), array([-0.02382502]))","(array([0.12844769]), array([-0.02416255]))"
(0.42068089333692166+0j),[-0.10698097],[1.],[0.58945508],[1.],"(array([0.21848713]), array([0.0755067]))","(array([0.12964633]), array([-0.02412598]))","(array([0.12718674]), array([-0.02353392]))","(array([0.13198607]), array([-0.02319997]))","(array([0.13396153]), array([-0.02369748]))","(array([0.12967828]), array([-0.02410152]))","(array([0.12691722]), array([-0.02368744]))","(array([0.13117544]), array([-0.02333899]))","(array([0.132859]), array([-0.02379121]))","(array([0.12846047]), array([-0.02413005]))","(array([0.12861514]), array([-0.02384308]))"
(0.46173619566060126+0j),[-0.11137088],[1.],[0.59306227],[1.],"(array([0.21686589]), array([0.07838477]))","(array([0.12720053]), array([-0.02349225]))","(array([0.13199978]), array([-0.02315895]))","(array([0.13397583]), array([-0.02365757]))","(array([0.12969148]), array([-0.02406291]))","(array([0.12692918]), array([-0.02365012]))","(array([0.13118844]), array([-0.02330298]))","(array([0.13287341]), array([-0.02375653]))","(array([0.12847392]), array([-0.0240966]))","(array([0.12862811]), array([-0.0238108]))","(array([0.13235707]), array([-0.02428767]))"
(0.4140802798658152+0j),[-0.11534675],[1.],[0.56187885],[1.],"(array([0.21370893]), array([0.07560145]))","(array([0.13201785]), array([-0.02311851]))","(array([0.13399299]), array([-0.02361769]))","(array([0.12970688]), array([-0.02402414]))","(array([0.12694285]), array([-0.02361249]))","(array([0.13120316]), array([-0.02326638]))","(array([0.13288968]), array([-0.02372105]))","(array([0.12848927]), array([-0.02406246]))","(array([0.12864334]), array([-0.02377782]))","(array([0.13237415]), array([-0.02425552]))","(array([0.12903053]), array([-0.02538339]))"
(0.37087494288453954+0j),[-0.1141398],[1.],[0.53226707],[1.],"(array([0.21532305]), array([0.06988034]))","(array([0.13401347]), array([-0.02357484]))","(array([0.1297246]), array([-0.0239822]))","(array([0.12695782]), array([-0.02357159]))","(array([0.13121795]), array([-0.0232264]))","(array([0.13290562]), array([-0.02368209]))","(array([0.12850449]), array([-0.02402497]))","(array([0.12865847]), array([-0.02374162]))","(array([0.13239131]), array([-0.02422034]))","(array([0.12904778]), array([-0.02534943]))","(array([0.12214922]), array([-0.0256597]))"
(0.37019924424545125+0j),[-0.11025167],[1.],[0.54203698],[1.],"(array([0.21558767]), array([0.06775731]))","(array([0.12974106]), array([-0.02393595]))","(array([0.12697253]), array([-0.02352666]))","(array([0.13123197]), array([-0.02318298]))","(array([0.1329204]), array([-0.02363986]))","(array([0.12851857]), array([-0.02398423]))","(array([0.12867232]), array([-0.02370238]))","(array([0.13240666]), array([-0.02418266]))","(array([0.1290628]), array([-0.02531303]))","(array([0.12216239]), array([-0.02562464]))","(array([0.11984051]), array([-0.02499191]))"
(0.41163168449896237+0j),[-0.10995114],[1.],[0.57690909],[1.],"(array([0.21350696]), array([0.07227506]))","(array([0.12698637]), array([-0.02348005]))","(array([0.13124659]), array([-0.02313782]))","(array([0.13293608]), array([-0.02359623]))","(array([0.12853316]), array([-0.02394198]))","(array([0.12868665]), array([-0.02366149]))","(array([0.13242268]), array([-0.02414311]))","(array([0.12907875]), array([-0.02527465]))","(array([0.12217625]), array([-0.02558761]))","(array([0.11985275]), array([-0.02495616]))","(array([0.12516769]), array([-0.0244481]))"
(0.4098770501439574+0j),[-0.1120665],[1.],[0.57227726],[1.],"(array([0.21244825]), array([0.07510737]))","(array([0.13126355]), array([-0.02309179]))","(array([0.13295348]), array([-0.02355143]))","(array([0.12854909]), array([-0.02389863]))","(array([0.12870216]), array([-0.02361943]))","(array([0.13244025]), array([-0.02410213]))","(array([0.12909624]), array([-0.02523477]))","(array([0.12219161]), array([-0.02554925]))","(array([0.11986661]), array([-0.0249192]))","(array([0.12518189]), array([-0.02441229]))","(array([0.128071]), array([-0.02473218]))"
(0.36720478150123115+0j),[-0.11113441],[1.],[0.54221421],[1.],"(array([0.21506918]), array([0.07219453]))","(array([0.13297295]), array([-0.02350768]))","(array([0.12856624]), array([-0.02385605]))","(array([0.12871806]), array([-0.02357784]))","(array([0.13245746]), array([-0.02406137]))","(array([0.12911353]), array([-0.02519527]))","(array([0.12220699]), array([-0.02551117]))","(array([0.11988077]), array([-0.02488244]))","(array([0.12519678]), array([-0.02437648]))","(array([0.12808658]), array([-0.02469735]))","(array([0.1243802]), array([-0.02494956]))"
(0.3677096487812257+0j),[-0.10761182],[1.],[0.55245643],[1.],"(array([0.21520751]), array([0.07018177]))","(array([0.12858246]), array([-0.02381413]))","(array([0.1287333]), array([-0.02353671]))","(array([0.13247356]), array([-0.02402112]))","(array([0.12912978]), array([-0.02515654]))","(array([0.12222187]), array([-0.0254736]))","(array([0.11989461]), array([-0.02484597]))","(array([0.12521123]), array([-0.02434106]))","(array([0.12810157]), array([-0.02466295]))","(array([0.1243941]), array([-0.02491629]))","(array([0.12221524]), array([-0.02438143]))"
(0.4110483594806002+0j),[-0.10774913],[1.],[0.58782356],[1.],"(array([0.21317959]), array([0.07485517]))","(array([0.12874811]), array([-0.02349496]))","(array([0.13248916]), array([-0.02398044]))","(array([0.12914607]), array([-0.02511676]))","(array([0.12223647]), array([-0.02543482]))","(array([0.11990799]), array([-0.02480853]))","(array([0.12522537]), array([-0.0243051]))","(array([0.12811624]), array([-0.02462834]))","(array([0.12440743]), array([-0.02488283]))","(array([0.1222269]), array([-0.02434916]))","(array([0.12771614]), array([-0.02393625]))"
(0.4101557244546395+0j),[-0.11002165],[1.],[0.58329368],[1.],"(array([0.2151586]), array([0.07760868]))","(array([0.13250688]), array([-0.02393881]))","(array([0.12916365]), array([-0.02507622]))","(array([0.12225182]), array([-0.02539558]))","(array([0.11992174]), array([-0.02477066]))","(array([0.1252395]), array([-0.02426852]))","(array([0.12813108]), array([-0.02459292]))","(array([0.12442118]), array([-0.02484863]))","(array([0.12223926]), array([-0.02431616]))","(array([0.12772856]), array([-0.02390426]))","(array([0.13073027]), array([-0.02429568]))"
(0.36771610908250474+0j),[-0.10875465],[1.],[0.55374962],[1.],"(array([0.21721583]), array([0.07385239]))","(array([0.12918338]), array([-0.02503534]))","(array([0.12226848]), array([-0.02535582]))","(array([0.11993602]), array([-0.02473208]))","(array([0.12525367]), array([-0.02423106]))","(array([0.12814584]), array([-0.0245565]))","(array([0.12443542]), array([-0.02481326]))","(array([0.12225251]), array([-0.02428193]))","(array([0.12774241]), array([-0.02387125]))","(array([0.13074467]), array([-0.02426378]))","(array([0.12700228]), array([-0.02447663]))"
(0.41170932446163244+0j),[-0.10825139],[1.],[0.58983479],[1.],"(array([0.21408442]), array([0.07384447]))","(array([0.12228436]), array([-0.02531465]))","(array([0.11995017]), array([-0.02469212]))","(array([0.12526767]), array([-0.02419245]))","(array([0.12815993]), array([-0.02451899]))","(array([0.12444873]), array([-0.02477679]))","(array([0.12226477]), array([-0.02424655]))","(array([0.12775522]), array([-0.02383711]))","(array([0.1307579]), array([-0.02423079]))","(array([0.12701422]), array([-0.02444469]))","(array([0.12804931]), array([-0.02409236]))"
(0.4547389610572879+0j),[-0.11318876],[1.],[0.59780142],[1.],"(array([0.21005767]), array([0.07748374]))","(array([0.11996699]), array([-0.02464986]))","(array([0.12528407]), array([-0.02415089]))","(array([0.12817633]), array([-0.02447831]))","(array([0.12446399]), array([-0.02473731]))","(array([0.12227855]), array([-0.02420833]))","(array([0.12776979]), array([-0.02380019]))","(array([0.13077347]), array([-0.02419514]))","(array([0.12702843]), array([-0.02441022]))","(array([0.12806268]), array([-0.02405898]))","(array([0.13288091]), array([-0.02462144]))"
(0.4085704136807672+0j),[-0.11754594],[1.],[0.56606329],[1.],"(array([0.20723298]), array([0.07494125]))","(array([0.12530597]), array([-0.02410726]))","(array([0.12819665]), array([-0.0244351]))","(array([0.12448223]), array([-0.02469525]))","(array([0.12229474]), array([-0.02416748]))","(array([0.1277867]), array([-0.02376042]))","(array([0.13079158]), array([-0.02415667]))","(array([0.12704518]), array([-0.02437315]))","(array([0.1280789]), array([-0.02402297]))","(array([0.13289877]), array([-0.02458616]))","(array([0.12983517]), array([-0.02578901]))"
(0.3666681598839646+0j),[-0.11674532],[1.],[0.53603421],[1.],"(array([0.20946077]), array([0.06932948]))","(array([0.12821999]), array([-0.02439023]))","(array([0.1245024]), array([-0.02465135]))","(array([0.1223118]), array([-0.02412465]))","(array([0.12780308]), array([-0.02371855]))","(array([0.13080865]), array([-0.02411605]))","(array([0.12706099]), array([-0.02433392]))","(array([0.12809417]), array([-0.02398489]))","(array([0.13291574]), array([-0.02454892]))","(array([0.12985214]), array([-0.02575301]))","(array([0.1229502]), array([-0.0261745]))"
(0.40817314757397327+0j),[-0.11547455],[1.],[0.57379713],[1.],"(array([0.21263926]), array([0.07028391]))","(array([0.12451997]), array([-0.02460559]))","(array([0.12232748]), array([-0.02408027]))","(array([0.12781818]), array([-0.02367531]))","(array([0.13082404]), array([-0.02407389]))","(array([0.12707505]), array([-0.02429307]))","(array([0.12810748]), array([-0.02394524]))","(array([0.13293008]), array([-0.02451058]))","(array([0.12986618]), array([-0.02571591]))","(array([0.12296236]), array([-0.0261387]))","(array([0.12416308]), array([-0.02578286]))"
(0.44918015694692365+0j),[-0.1191506],[1.],[0.58523256],[1.],"(array([0.21200652]), array([0.07472691]))","(array([0.12234407]), array([-0.02403767]))","(array([0.12783357]), array([-0.0236336]))","(array([0.13083962]), array([-0.02403355]))","(array([0.12708938]), array([-0.02425395]))","(array([0.12812143]), array([-0.02390737]))","(array([0.13294606]), array([-0.02447387]))","(array([0.12988245]), array([-0.02568026]))","(array([0.12297682]), array([-0.02610444]))","(array([0.12417687]), array([-0.0257499]))","(array([0.12973577]), array([-0.02610559]))"
(0.4031290401683537+0j),[-0.12234186],[1.],[0.55416805],[1.],"(array([0.20944344]), array([0.07276032]))","(array([0.12785244]), array([-0.0235948]))","(array([0.13085715]), array([-0.02399504]))","(array([0.12710472]), array([-0.02421639]))","(array([0.12813576]), array([-0.0238705]))","(array([0.13296239]), array([-0.02443781]))","(array([0.12989898]), array([-0.02564528]))","(array([0.12299157]), array([-0.02607093]))","(array([0.12419146]), array([-0.02571749]))","(array([0.12975208]), array([-0.026074]))","(array([0.12733879]), array([-0.02704056]))"
(0.3613638319215519+0j),[-0.12035561],[1.],[0.52480862],[1.],"(array([0.21164447]), array([0.06725688]))","(array([0.13087707]), array([-0.02395558]))","(array([0.1271215]), array([-0.02417777]))","(array([0.12815047]), array([-0.02383257]))","(array([0.13297761]), array([-0.02440057]))","(array([0.12991458]), array([-0.02560921]))","(array([0.12300567]), array([-0.02603621]))","(array([0.12420556]), array([-0.02568384]))","(array([0.12976828]), array([-0.02604114]))","(array([0.12735518]), array([-0.02700884]))","(array([0.1205366]), array([-0.02715183]))"
(0.3614872083635929+0j),[-0.11577919],[1.],[0.53753312],[1.],"(array([0.21300107]), array([0.06564582]))","(array([0.12713655]), array([-0.02413738]))","(array([0.12816437]), array([-0.02379303]))","(array([0.13299184]), array([-0.02436165]))","(array([0.12992894]), array([-0.02557176]))","(array([0.12301838]), array([-0.02599995]))","(array([0.1242179]), array([-0.02564869]))","(array([0.12978184]), array([-0.02600713]))","(array([0.12736856]), array([-0.02697591]))","(array([0.12054829]), array([-0.02712007]))","(array([0.11862186]), array([-0.0263297]))"
(0.4036970911000105+0j),[-0.11481982],[1.],[0.57750675],[1.],"(array([0.21180809]), array([0.071242]))","(array([0.12817796]), array([-0.02375262]))","(array([0.13300594]), array([-0.0243222]))","(array([0.12994338]), array([-0.02553361]))","(array([0.12303111]), array([-0.02596293]))","(array([0.1242303]), array([-0.02561295]))","(array([0.12979565]), array([-0.02597272]))","(array([0.12738227]), array([-0.02694248]))","(array([0.12056015]), array([-0.02708787]))","(array([0.11863219]), array([-0.02629867]))","(array([0.12490564]), array([-0.02564571]))"
(0.4028034208255322+0j),[-0.11593812],[1.],[0.57557299],[1.],"(array([0.21484944]), array([0.07489464]))","(array([0.13302194]), array([-0.02428212]))","(array([0.12995901]), array([-0.02549472]))","(array([0.12304459]), array([-0.02592536]))","(array([0.12424321]), array([-0.02557654]))","(array([0.12980994]), array([-0.02593729]))","(array([0.12739628]), array([-0.02690804]))","(array([0.12057249]), array([-0.02705478]))","(array([0.1186432]), array([-0.02626679]))","(array([0.12491674]), array([-0.02561481]))","(array([0.12873558]), array([-0.02575031]))"
(0.3608667062445034+0j),[-0.11351358],[1.],[0.54638194],[1.],"(array([0.21790406]), array([0.07143986]))","(array([0.12997763]), array([-0.02545284]))","(array([0.12306011]), array([-0.02588467]))","(array([0.12425721]), array([-0.02553699]))","(array([0.12982498]), array([-0.02589867]))","(array([0.12741135]), array([-0.02687078]))","(array([0.12058599]), array([-0.02701886]))","(array([0.11865567]), array([-0.02623211]))","(array([0.12492983]), array([-0.02558132]))","(array([0.12874928]), array([-0.02571793]))","(array([0.12529653]), array([-0.02566204]))"
(0.36282343361221436+0j),[-0.10951241],[1.],[0.55845655],[1.],"(array([0.21315584]), array([0.06894929]))","(array([0.1230763]), array([-0.02584059]))","(array([0.12427188]), array([-0.02549395]))","(array([0.12984056]), array([-0.02585673]))","(array([0.1274268]), array([-0.02683041]))","(array([0.12059961]), array([-0.02697981]))","(array([0.11866814]), array([-0.02619435]))","(array([0.12494306]), array([-0.02554495]))","(array([0.12876322]), array([-0.02568281]))","(array([0.12530918]), array([-0.02562806]))","(array([0.12330062]), array([-0.02484069]))"
(0.40820521508498403+0j),[-0.10969853],[1.],[0.5956733],[1.],"(array([0.20875803]), array([0.07388766]))","(array([0.12428715]), array([-0.0254493]))","(array([0.12985681]), array([-0.02581285]))","(array([0.12744325]), array([-0.02678813]))","(array([0.12061432]), array([-0.02693888]))","(array([0.1186814]), array([-0.02615485]))","(array([0.12495696]), array([-0.02550684]))","(array([0.12877786]), array([-0.02564607]))","(array([0.1253224]), array([-0.02559256]))","(array([0.12331216]), array([-0.0248064]))","(array([0.12917251]), array([-0.02434724]))"
(0.4086671138610471+0j),[-0.11180813],[1.],[0.59120316],[1.],"(array([0.21182527]), array([0.07684313]))","(array([0.12987503]), array([-0.02576838]))","(array([0.12746195]), array([-0.02674466]))","(array([0.12063115]), array([-0.02689669]))","(array([0.1186964]), array([-0.02611413]))","(array([0.12497222]), array([-0.02546741]))","(array([0.12879352]), array([-0.02560787]))","(array([0.12533661]), array([-0.02555571]))","(array([0.1233247]), array([-0.02477082]))","(array([0.12918521]), array([-0.02431276]))","(array([0.1323193]), array([-0.02467856]))"
(0.36679597701090183+0j),[-0.11035942],[1.],[0.56118681],[1.],"(array([0.21571548]), array([0.07325955]))","(array([0.12748133]), array([-0.026702]))","(array([0.1206475]), array([-0.0268554]))","(array([0.11871036]), array([-0.02607416]))","(array([0.12498611]), array([-0.02542851]))","(array([0.12880763]), array([-0.02557015]))","(array([0.1253497]), array([-0.02551923]))","(array([0.12333659]), array([-0.02473553]))","(array([0.12919799]), array([-0.02427853]))","(array([0.13233297]), array([-0.02464538]))","(array([0.12863773]), array([-0.02483899]))"
(0.36969766108058444+0j),[-0.10707584],[1.],[0.57057951],[1.],"(array([0.21168219]), array([0.07067708]))","(array([0.12066215]), array([-0.02681491]))","(array([0.11872345]), array([-0.02603495]))","(array([0.12499878]), array([-0.02539056]))","(array([0.12882027]), array([-0.02553323]))","(array([0.12536143]), array([-0.02548331]))","(array([0.12334721]), array([-0.0247007]))","(array([0.12920923]), array([-0.02424495]))","(array([0.13234471]), array([-0.02461297]))","(array([0.12864829]), array([-0.02480767]))","(array([0.12639419]), array([-0.02423736]))"
(0.4162685514618551+0j),[-0.10775704],[1.],[0.60266431],[1.],"(array([0.20702245]), array([0.07504259]))","(array([0.11873671]), array([-0.02599193]))","(array([0.12501242]), array([-0.02534891]))","(array([0.12883423]), array([-0.02549254]))","(array([0.12537402]), array([-0.02544397]))","(array([0.12335834]), array([-0.02466272]))","(array([0.12922114]), array([-0.02420845]))","(array([0.1323573]), array([-0.02457781]))","(array([0.1286595]), array([-0.02477366]))","(array([0.12640375]), array([-0.02420453]))","(array([0.13135782]), array([-0.02387]))"
(0.4168006803307562+0j),[-0.11060816],[1.],[0.59484024],[1.],"(array([0.20656188]), array([0.07748581]))","(array([0.12503007]), array([-0.02530425]))","(array([0.1288512]), array([-0.02544875]))","(array([0.12538927]), array([-0.02540154]))","(array([0.12337175]), array([-0.02462173]))","(array([0.12923528]), array([-0.02416883]))","(array([0.13237258]), array([-0.02453957]))","(array([0.12867351]), array([-0.02473681]))","(array([0.12641624]), array([-0.02416895]))","(array([0.13137076]), array([-0.02383541]))","(array([0.13348775]), array([-0.02433171]))"
(0.3743774280056972+0j),[-0.11034382],[1.],[0.56347512],[1.],"(array([0.21107346]), array([0.07434988]))","(array([0.12886993]), array([-0.02540594]))","(array([0.1254054]), array([-0.02535982]))","(array([0.12338533]), array([-0.02458119]))","(array([0.12924898]), array([-0.02412941]))","(array([0.13238691]), array([-0.02450149]))","(array([0.12868676]), array([-0.02470002]))","(array([0.12642822]), array([-0.02413337]))","(array([0.13138365]), array([-0.0238008]))","(array([0.13350163]), array([-0.02429812]))","(array([0.12928274]), array([-0.02470311]))"
(0.4188271161278277+0j),[-0.10962612],[1.],[0.59456039],[1.],"(array([0.21487177]), array([0.07470326]))","(array([0.12541993]), array([-0.02531856]))","(array([0.123398]), array([-0.02454114]))","(array([0.12926133]), array([-0.02409058]))","(array([0.1323997]), array([-0.02446373]))","(array([0.12869882]), array([-0.02466331]))","(array([0.1264392]), array([-0.02409774]))","(array([0.13139526]), array([-0.02376636]))","(array([0.13351386]), array([-0.02426482]))","(array([0.12929403]), array([-0.024671]))","(array([0.12966658]), array([-0.02443588]))"
(0.4613714936613133+0j),[-0.11389392],[1.],[0.59841491],[1.],"(array([0.21369009]), array([0.07787914]))","(array([0.12341338]), array([-0.02449846]))","(array([0.12927578]), array([-0.02404885]))","(array([0.13241423]), array([-0.02442304]))","(array([0.12871215]), array([-0.02462386]))","(array([0.1264512]), array([-0.02405958]))","(array([0.13140848]), array([-0.02372969]))","(array([0.13352861]), array([-0.02422963]))","(array([0.12930778]), array([-0.02463715]))","(array([0.12967972]), array([-0.02440332]))","(array([0.13347513]), array([-0.0248533]))"
(0.4143510786814954+0j),[-0.1176895],[1.],[0.5669626],[1.],"(array([0.21085566]), array([0.07520514]))","(array([0.12929524]), array([-0.02400455]))","(array([0.13243257]), array([-0.02437945]))","(array([0.12872831]), array([-0.02458144]))","(array([0.1264653]), array([-0.02401836]))","(array([0.13142355]), array([-0.02368968]))","(array([0.13354525]), array([-0.02419095]))","(array([0.12932342]), array([-0.02459997]))","(array([0.12969513]), array([-0.0243674]))","(array([0.13349239]), array([-0.02481832]))","(array([0.13002129]), array([-0.02588739]))"
(0.37159839392371596+0j),[-0.11632512],[1.],[0.53712023],[1.],"(array([0.21354232]), array([0.06965107]))","(array([0.13245371]), array([-0.02433426]))","(array([0.12874627]), array([-0.02453721]))","(array([0.12648016]), array([-0.0239752]))","(array([0.13143817]), array([-0.02364756]))","(array([0.13356099]), array([-0.02415006]))","(array([0.12933839]), array([-0.02456056]))","(array([0.12970998]), array([-0.02432929]))","(array([0.13350927]), array([-0.02478127]))","(array([0.13003828]), array([-0.02585164]))","(array([0.12318655]), array([-0.02614715]))"
(0.37150434482734274+0j),[-0.11226137],[1.],[0.54632804],[1.],"(array([0.21495347]), array([0.06765899]))","(array([0.12876205]), array([-0.02449076]))","(array([0.126494]), array([-0.02393021]))","(array([0.13145139]), array([-0.02360399]))","(array([0.13357504]), array([-0.02410783]))","(array([0.12935171]), array([-0.02451974]))","(array([0.12972304]), array([-0.0242899]))","(array([0.1335238]), array([-0.02474343]))","(array([0.13005257]), array([-0.02581503]))","(array([0.12319896]), array([-0.02611184]))","(array([0.12087572]), array([-0.02546285]))"
(0.41353064835950715+0j),[-0.11176281],[1.],[0.5800248],[1.],"(array([0.21338898]), array([0.07230852]))","(array([0.12650623]), array([-0.02388596]))","(array([0.13146418]), array([-0.0235613]))","(array([0.13358884]), array([-0.02406664]))","(array([0.12936463]), array([-0.02447985]))","(array([0.12973581]), array([-0.0242513]))","(array([0.13353832]), array([-0.02470613]))","(array([0.13006711]), array([-0.02577889]))","(array([0.12321158]), array([-0.026077]))","(array([0.12088686]), array([-0.02542925]))","(array([0.12611028]), array([-0.02489927]))"
(0.411796906110581+0j),[-0.11365622],[1.],[0.57466767],[1.],"(array([0.21275995]), array([0.07521269]))","(array([0.13147868]), array([-0.02352059]))","(array([0.13360362]), array([-0.02402697]))","(array([0.12937812]), array([-0.02444148]))","(array([0.12974901]), array([-0.02421408]))","(array([0.13355348]), array([-0.0246699]))","(array([0.13008227]), array([-0.02574368]))","(array([0.12322495]), array([-0.02604318]))","(array([0.12089898]), array([-0.02539666]))","(array([0.12612285]), array([-0.02486767]))","(array([0.1289155]), array([-0.02516141]))"
(0.3688753517092692+0j),[-0.1124685],[1.],[0.54448702],[1.],"(array([0.21588784]), array([0.07212009]))","(array([0.13362167]), array([-0.02398468]))","(array([0.1293939]), array([-0.02440033]))","(array([0.12976358]), array([-0.02417387]))","(array([0.13356941]), array([-0.02463053]))","(array([0.13009837]), array([-0.02570559]))","(array([0.1232393]), array([-0.02600645]))","(array([0.12091224]), array([-0.02536121]))","(array([0.12613698]), array([-0.02483313]))","(array([0.12893047]), array([-0.02512778]))","(array([0.12499079]), array([-0.02529549]))"
(0.41062393738584757+0j),[-0.1111094],[1.],[0.58072891],[1.],"(array([0.21808686]), array([0.07269162]))","(array([0.12941074]), array([-0.02435532]))","(array([0.12977907]), array([-0.02413014]))","(array([0.13358554]), array([-0.02458792]))","(array([0.13011491]), array([-0.02566465]))","(array([0.12325447]), array([-0.0259669]))","(array([0.12092633]), array([-0.02532289]))","(array([0.12615176]), array([-0.02479597]))","(array([0.12894596]), array([-0.02509177]))","(array([0.1250052]), array([-0.02526072]))","(array([0.12592117]), array([-0.02482163]))"
(0.45176294960125196+0j),[-0.11505567],[1.],[0.5907523],[1.],"(array([0.21671921]), array([0.07660161]))","(array([0.129796]), array([-0.02408569]))","(array([0.13360199]), array([-0.02454444]))","(array([0.13013213]), array([-0.02562231]))","(array([0.12326996]), array([-0.02592571]))","(array([0.12094048]), array([-0.02528311]))","(array([0.12616686]), array([-0.02475771]))","(array([0.12896231]), array([-0.02505511]))","(array([0.12502036]), array([-0.0252255]))","(array([0.1259355]), array([-0.02478781]))","(array([0.13105293]), array([-0.02514115]))"
(0.40509337676186175+0j),[-0.11845227],[1.],[0.56031603],[1.],"(array([0.21664836]), array([0.07415629]))","(array([0.13362204]), array([-0.02450008]))","(array([0.13015122]), array([-0.02557893]))","(array([0.12328636]), array([-0.02588367]))","(array([0.12095492]), array([-0.02524232]))","(array([0.12618184]), array([-0.02471798]))","(array([0.12897854]), array([-0.02501656]))","(array([0.12503559]), array([-0.0251884]))","(array([0.12595031]), array([-0.0247521]))","(array([0.13106911]), array([-0.02510664]))","(array([0.12846364]), array([-0.02611145]))"
(0.3629536318048407+0j),[-0.1160242],[1.],[0.53194035],[1.],"(array([0.21727779]), array([0.06801579]))","(array([0.13017267]), array([-0.02553395]))","(array([0.12330441]), array([-0.02583981]))","(array([0.12097017]), array([-0.02519958]))","(array([0.12619668]), array([-0.02467651]))","(array([0.12899417]), array([-0.02497594]))","(array([0.12505067]), array([-0.02514919]))","(array([0.12596522]), array([-0.02471453]))","(array([0.13108565]), array([-0.02507083]))","(array([0.12848]), array([-0.02607708]))","(array([0.12190264]), array([-0.02620359]))"
(0.40438491471796295+0j),[-0.11440793],[1.],[0.57268779],[1.],"(array([0.21415232]), array([0.06877764]))","(array([0.12332061]), array([-0.02579462]))","(array([0.12098462]), array([-0.02515581]))","(array([0.12621101]), array([-0.02463404]))","(array([0.129009]), array([-0.02493477]))","(array([0.12506457]), array([-0.0251094]))","(array([0.12597882]), array([-0.02467614]))","(array([0.13110059]), array([-0.02503379]))","(array([0.12849456]), array([-0.02604122]))","(array([0.12191518]), array([-0.02616889]))","(array([0.12362892]), array([-0.02558036]))"
(0.4458880306816659+0j),[-0.11834147],[1.],[0.58625294],[1.],"(array([0.21064457]), array([0.07366327]))","(array([0.12100063]), array([-0.02511406]))","(array([0.12622681]), array([-0.02459303]))","(array([0.12902507]), array([-0.02489476]))","(array([0.12507938]), array([-0.02507069]))","(array([0.12599321]), array([-0.02463867]))","(array([0.13111686]), array([-0.02499758]))","(array([0.12851086]), array([-0.02600595]))","(array([0.12192932]), array([-0.02613479]))","(array([0.12364233]), array([-0.0255474]))","(array([0.12976426]), array([-0.02590336]))"
(0.40025526394605354+0j),[-0.12180116],[1.],[0.55494763],[1.],"(array([0.20808219]), array([0.07194644]))","(array([0.1262458]), array([-0.02455435]))","(array([0.1290427]), array([-0.02485631]))","(array([0.12509507]), array([-0.02503329]))","(array([0.12600825]), array([-0.02460211]))","(array([0.13113401]), array([-0.02496205]))","(array([0.12852834]), array([-0.02597152]))","(array([0.12194467]), array([-0.0261017]))","(array([0.12365747]), array([-0.02551528]))","(array([0.12978127]), array([-0.02587197]))","(array([0.12755743]), array([-0.02689421]))"
(0.3588936991672064+0j),[-0.12013697],[1.],[0.52541225],[1.],"(array([0.21005013]), array([0.06648174]))","(array([0.1290626]), array([-0.02481688]))","(array([0.12511212]), array([-0.02499475]))","(array([0.12602349]), array([-0.0245644]))","(array([0.13114986]), array([-0.02492514]))","(array([0.12854443]), array([-0.02593582]))","(array([0.1219589]), array([-0.02606731]))","(array([0.12367158]), array([-0.02548188]))","(array([0.12979758]), array([-0.0258393]))","(array([0.12757397]), array([-0.02686268]))","(array([0.12070273]), array([-0.02707049]))"
(0.359532437972744+0j),[-0.11575948],[1.],[0.53877161],[1.],"(array([0.21127619]), array([0.06498687]))","(array([0.12512726]), array([-0.0249546]))","(array([0.12603777]), array([-0.02452522]))","(array([0.13116467]), array([-0.02488666]))","(array([0.12855915]), array([-0.02589874]))","(array([0.12197166]), array([-0.02603138]))","(array([0.12368376]), array([-0.025447]))","(array([0.12981084]), array([-0.02580554]))","(array([0.12758701]), array([-0.02683]))","(array([0.1207141]), array([-0.02703898]))","(array([0.11884222]), array([-0.02630628]))"
(0.4024514187191767+0j),[-0.11490246],[1.],[0.57959879],[1.],"(array([0.20994289]), array([0.07069409]))","(array([0.12605265]), array([-0.02448291]))","(array([0.13118022]), array([-0.02484542]))","(array([0.12857486]), array([-0.0258589]))","(array([0.1219853]), array([-0.02599266]))","(array([0.12369684]), array([-0.02540957]))","(array([0.12982533]), array([-0.02576947]))","(array([0.12760137]), array([-0.02679494]))","(array([0.12072654]), array([-0.0270052]))","(array([0.11885307]), array([-0.02627372]))","(array([0.12520841]), array([-0.02563585]))"
(0.40223000581389806+0j),[-0.11606311],[1.],[0.57780718],[1.],"(array([0.21285928]), array([0.07443643]))","(array([0.13119875]), array([-0.02480079]))","(array([0.12859288]), array([-0.02581561]))","(array([0.12200068]), array([-0.02595074]))","(array([0.12371138]), array([-0.02536891]))","(array([0.12984132]), array([-0.02572992]))","(array([0.12761705]), array([-0.02675652]))","(array([0.12074035]), array([-0.02696827]))","(array([0.11886537]), array([-0.02623812]))","(array([0.12522075]), array([-0.02560136]))","(array([0.12903314]), array([-0.02573158]))"
(0.36078716142430933+0j),[-0.11367035],[1.],[0.54849809],[1.],"(array([0.21628546]), array([0.07125782]))","(array([0.12861337]), array([-0.02577047]))","(array([0.12201761]), array([-0.02590684]))","(array([0.12372658]), array([-0.02532621]))","(array([0.12985764]), array([-0.02568827]))","(array([0.12763337]), array([-0.02671637]))","(array([0.12075481]), array([-0.0269296]))","(array([0.11887871]), array([-0.02620073]))","(array([0.12523481]), array([-0.02556525]))","(array([0.12904789]), array([-0.02569667]))","(array([0.12568643]), array([-0.02567059]))"
(0.3632103442826623+0j),[-0.109716],[1.],[0.56037392],[1.],"(array([0.2120501]), array([0.06900177]))","(array([0.12203445]), array([-0.02586177]))","(array([0.12374173]), array([-0.02528218]))","(array([0.12987372]), array([-0.02564533]))","(array([0.12764929]), array([-0.02667503]))","(array([0.12076877]), array([-0.02688956]))","(array([0.11889149]), array([-0.02616202]))","(array([0.12524837]), array([-0.02552797]))","(array([0.12906216]), array([-0.02566065]))","(array([0.12569938]), array([-0.02563569]))","(array([0.12374895]), array([-0.02487898]))"
(0.40897584971344586+0j),[-0.10993102],[1.],[0.59709095],[1.],"(array([0.2080117]), array([0.07424002]))","(array([0.1237566]), array([-0.02523911]))","(array([0.12988951]), array([-0.02560307]))","(array([0.1276653]), array([-0.02663425]))","(array([0.12078313]), array([-0.02685001]))","(array([0.11890444]), array([-0.02612385]))","(array([0.12526196]), array([-0.0254912]))","(array([0.12907647]), array([-0.02562522]))","(array([0.12571233]), array([-0.0256014]))","(array([0.12376026]), array([-0.02484581]))","(array([0.12964514]), array([-0.02441563]))"
(0.40945668412981656+0j),[-0.11203863],[1.],[0.59221162],[1.],"(array([0.21161385]), array([0.07741644]))","(array([0.12990656]), array([-0.02556253]))","(array([0.12768293]), array([-0.02659454]))","(array([0.12079912]), array([-0.02681137]))","(array([0.11891872]), array([-0.02608657]))","(array([0.12527645]), array([-0.02545517]))","(array([0.12909133]), array([-0.02559037]))","(array([0.12572583]), array([-0.02556773]))","(array([0.1237722]), array([-0.02481325]))","(array([0.12965719]), array([-0.02438399]))","(array([0.1327972]), array([-0.02477222]))"
(0.36745524377417044+0j),[-0.11053922],[1.],[0.56204267],[1.],"(array([0.21595845]), array([0.07369701]))","(array([0.12770175]), array([-0.02655404]))","(array([0.12081498]), array([-0.02677216]))","(array([0.11893223]), array([-0.02604859]))","(array([0.12528987]), array([-0.0254182]))","(array([0.12910493]), array([-0.02555453]))","(array([0.1257385]), array([-0.02553302]))","(array([0.12378374]), array([-0.02477961]))","(array([0.12966961]), array([-0.02435131]))","(array([0.1328105]), array([-0.02474049]))","(array([0.12894622]), array([-0.02490579]))"
(0.41289684258673237+0j),[-0.10964283],[1.],[0.59730579],[1.],"(array([0.21381067]), array([0.07369795]))","(array([0.12082983]), array([-0.02673168]))","(array([0.11894551]), array([-0.02600936]))","(array([0.12530269]), array([-0.02538027]))","(array([0.12911767]), array([-0.02551762]))","(array([0.12575037]), array([-0.02549704]))","(array([0.12379452]), array([-0.02474467]))","(array([0.12968103]), array([-0.02431759]))","(array([0.13282244]), array([-0.02470792]))","(array([0.12895697]), array([-0.02487434]))","(array([0.1298422]), array([-0.02445322]))"
(0.4570155202356695+0j),[-0.11409107],[1.],[0.60377051],[1.],"(array([0.20966127]), array([0.07733535]))","(array([0.11896063]), array([-0.02597026]))","(array([0.12531705]), array([-0.02534191]))","(array([0.12913184]), array([-0.02547994]))","(array([0.1257633]), array([-0.02546047]))","(array([0.12380607]), array([-0.02470929]))","(array([0.12969358]), array([-0.02428354]))","(array([0.1328362]), array([-0.02467523]))","(array([0.12896954]), array([-0.02484287]))","(array([0.12985403]), array([-0.02442287]))","(array([0.13451215]), array([-0.02490336]))"
(0.41068649761849507+0j),[-0.11801801],[1.],[0.57163018],[1.],"(array([0.20715449]), array([0.07482182]))","(array([0.12533572]), array([-0.02530385]))","(array([0.12914885]), array([-0.02544222]))","(array([0.12577821]), array([-0.0254237]))","(array([0.12381907]), array([-0.02467352]))","(array([0.12970747]), array([-0.02424875]))","(array([0.13285147]), array([-0.02464162]))","(array([0.1289837]), array([-0.02481056]))","(array([0.12986783]), array([-0.02439159]))","(array([0.13452761]), array([-0.02487276]))","(array([0.13134548]), array([-0.02599134]))"
(0.36865954921257277+0j),[-0.11677843],[1.],[0.54129747],[1.],"(array([0.21022132]), array([0.0692311]))","(array([0.12916915]), array([-0.02540128]))","(array([0.12579537]), array([-0.02538358]))","(array([0.12383326]), array([-0.02463436]))","(array([0.12972125]), array([-0.02421052]))","(array([0.13286613]), array([-0.02460457]))","(array([0.12899737]), array([-0.02477484]))","(array([0.12988118]), array([-0.02435697]))","(array([0.13454279]), array([-0.02483893]))","(array([0.13136082]), array([-0.02595866]))","(array([0.12427154]), array([-0.02625833]))"
(0.36959755687407075+0j),[-0.11275331],[1.],[0.55092945],[1.],"(array([0.21226123]), array([0.06739681]))","(array([0.12581089]), array([-0.02533927]))","(array([0.12384681]), array([-0.0245914]))","(array([0.12973446]), array([-0.02416876]))","(array([0.13287988]), array([-0.02456386]))","(array([0.12901]), array([-0.02473541]))","(array([0.12989329]), array([-0.02431874]))","(array([0.13455626]), array([-0.02480196]))","(array([0.1313742]), array([-0.02592288]))","(array([0.12428311]), array([-0.02622387]))","(array([0.1218706]), array([-0.02557203]))"
(0.4128876297135791+0j),[-0.11219551],[1.],[0.5850667],[1.],"(array([0.21101312]), array([0.07228369]))","(array([0.12385982]), array([-0.02454656]))","(array([0.12974761]), array([-0.02412538]))","(array([0.1328938]), array([-0.02452204]))","(array([0.12902275]), array([-0.02469491]))","(array([0.12990566]), array([-0.02427953]))","(array([0.13457044]), array([-0.02476405]))","(array([0.13138846]), array([-0.02588608]))","(array([0.12429545]), array([-0.02618847]))","(array([0.12188143]), array([-0.02553796]))","(array([0.12710976]), array([-0.02498525]))"
(0.41197830481136083+0j),[-0.11397901],[1.],[0.57952709],[1.],"(array([0.21059649]), array([0.07530946]))","(array([0.1297635]), array([-0.02408144]))","(array([0.13290979]), array([-0.02447922]))","(array([0.12903714]), array([-0.02465347]))","(array([0.12991949]), array([-0.02423935]))","(array([0.13458629]), array([-0.02472488]))","(array([0.13140435]), array([-0.02584809]))","(array([0.12430947]), array([-0.02615207]))","(array([0.12189412]), array([-0.02550292]))","(array([0.12712288]), array([-0.02495128]))","(array([0.12980872]), array([-0.02520081]))"
(0.36939448837315336+0j),[-0.11268063],[1.],[0.54910015],[1.],"(array([0.21469782]), array([0.07238225]))","(array([0.13292769]), array([-0.02443716]))","(array([0.12905251]), array([-0.02461254]))","(array([0.12993342]), array([-0.02419936]))","(array([0.13460149]), array([-0.02468576]))","(array([0.13141973]), array([-0.02581027]))","(array([0.12432316]), array([-0.02611564]))","(array([0.12190674]), array([-0.0254678]))","(array([0.12713637]), array([-0.0249171]))","(array([0.12982309]), array([-0.0251676]))","(array([0.12596639]), array([-0.02533837]))"
(0.3702924853362436+0j),[-0.10877908],[1.],[0.55825902],[1.],"(array([0.2161358]), array([0.07032895]))","(array([0.12906733]), array([-0.02457166]))","(array([0.12994688]), array([-0.02415951]))","(array([0.13461576]), array([-0.02464692]))","(array([0.13143417]), array([-0.025773]))","(array([0.12433612]), array([-0.02607969]))","(array([0.1219188]), array([-0.02543295]))","(array([0.12714921]), array([-0.02488328]))","(array([0.12983671]), array([-0.02513476]))","(array([0.1259791]), array([-0.02530663]))","(array([0.12363656]), array([-0.02468711]))"
(0.4140983110510191+0j),[-0.10852683],[1.],[0.59168874],[1.],"(array([0.21433173]), array([0.0748561]))","(array([0.12996096]), array([-0.02411644]))","(array([0.1346302]), array([-0.02460506]))","(array([0.13144991]), array([-0.02573222]))","(array([0.12435062]), array([-0.02603984]))","(array([0.12193212]), array([-0.02539453]))","(array([0.12716342]), array([-0.02484641]))","(array([0.12985163]), array([-0.02509939]))","(array([0.12599271]), array([-0.02527253]))","(array([0.12364853]), array([-0.02465428]))","(array([0.12870544]), array([-0.02413593]))"
(0.4131218748975548+0j),[-0.11044006],[1.],[0.58619648],[1.],"(array([0.21672265]), array([0.07741695]))","(array([0.13464742]), array([-0.02455941]))","(array([0.13146702]), array([-0.02568791]))","(array([0.12436543]), array([-0.02599703]))","(array([0.12194533]), array([-0.02535327]))","(array([0.12717724]), array([-0.0248066]))","(array([0.12986644]), array([-0.02506089]))","(array([0.12600646]), array([-0.0252354]))","(array([0.12366089]), array([-0.02461851]))","(array([0.12871805]), array([-0.02410137]))","(array([0.13127488]), array([-0.02438764]))"
(0.37024297867091155+0j),[-0.108808],[1.],[0.55658133],[1.],"(array([0.21965223]), array([0.07368411]))","(array([0.1314859]), array([-0.02564473]))","(array([0.12438125]), array([-0.02595515]))","(array([0.12195883]), array([-0.0253127]))","(array([0.12719085]), array([-0.02476723]))","(array([0.12988088]), array([-0.02502262]))","(array([0.12602037]), array([-0.02519837]))","(array([0.12367382]), array([-0.02458276]))","(array([0.12873173]), array([-0.02406698]))","(array([0.13128924]), array([-0.02435448]))","(array([0.1275403]), array([-0.02450872]))"
(0.3719235387846572+0j),[-0.10547279],[1.],[0.56545627],[1.],"(array([0.214815]), array([0.07094308]))","(array([0.12439586]), array([-0.02591396]))","(array([0.12197174]), array([-0.02527275]))","(array([0.12720377]), array([-0.02472866]))","(array([0.12989412]), array([-0.02498522]))","(array([0.12603297]), array([-0.02516208]))","(array([0.12368549]), array([-0.02454761]))","(array([0.12874415]), array([-0.02403313]))","(array([0.1313023]), array([-0.02432183]))","(array([0.12755216]), array([-0.02447711]))","(array([0.12527269]), array([-0.02387843]))"
(0.4170521885194523+0j),[-0.10626486],[1.],[0.59703585],[1.],"(array([0.20988792]), array([0.07510953]))","(array([0.12198443]), array([-0.02523165]))","(array([0.12721703]), array([-0.02468865]))","(array([0.12990788]), array([-0.02494626]))","(array([0.12604588]), array([-0.02512445]))","(array([0.12369719]), array([-0.02451123]))","(array([0.12875664]), array([-0.0239981]))","(array([0.1313155]), array([-0.02428803]))","(array([0.12756403]), array([-0.02444436]))","(array([0.125283]), array([-0.02384675]))","(array([0.13020373]), array([-0.02353514]))"
(0.4166753691682428+0j),[-0.10929888],[1.],[0.58943718],[1.],"(array([0.20904264]), array([0.07746813]))","(array([0.12723327]), array([-0.02464842]))","(array([0.12992383]), array([-0.02490683]))","(array([0.12606063]), array([-0.02508619]))","(array([0.12371048]), array([-0.02447425]))","(array([0.12877066]), array([-0.02396228]))","(array([0.13133052]), array([-0.02425335]))","(array([0.12757792]), array([-0.02441088]))","(array([0.12529552]), array([-0.02381437]))","(array([0.13021676]), array([-0.02350363]))","(array([0.13243556]), array([-0.02405596]))"
(0.3739005289304314+0j),[-0.10924173],[1.],[0.55836951],[1.],"(array([0.21248545]), array([0.07415508]))","(array([0.12994283]), array([-0.02486477]))","(array([0.12607738]), array([-0.02504522]))","(array([0.12372492]), array([-0.02443447]))","(array([0.12878524]), array([-0.02392356]))","(array([0.13134567]), array([-0.02421587]))","(array([0.127592]), array([-0.02437465]))","(array([0.12530831]), array([-0.0237793]))","(array([0.13023046]), array([-0.02346946]))","(array([0.1324502]), array([-0.02402276]))","(array([0.12815118]), array([-0.02444317]))"
(0.3753924294494497+0j),[-0.10638626],[1.],[0.56569052],[1.],"(array([0.21346093]), array([0.07177989]))","(array([0.12609386]), array([-0.02500042]))","(array([0.1237397]), array([-0.02439098]))","(array([0.12879976]), array([-0.02388138]))","(array([0.13136052]), array([-0.02417482]))","(array([0.12760594]), array([-0.02433479]))","(array([0.12532099]), array([-0.02374064]))","(array([0.13024366]), array([-0.02343208]))","(array([0.13246388]), array([-0.02398658]))","(array([0.12816373]), array([-0.0244083]))","(array([0.12541403]), array([-0.02401719]))"
(0.419949557161821+0j),[-0.10693804],[1.],[0.59543938],[1.],"(array([0.21157547]), array([0.07570478]))","(array([0.12375376]), array([-0.02434608]))","(array([0.1288143]), array([-0.02383794]))","(array([0.13137555]), array([-0.02413261]))","(array([0.12761969]), array([-0.02429381]))","(array([0.12533336]), array([-0.02370093]))","(array([0.13025695]), array([-0.02339384]))","(array([0.13247794]), array([-0.02394975]))","(array([0.12817651]), array([-0.02437274]))","(array([0.1254252]), array([-0.02398295]))","(array([0.12991879]), array([-0.02368536]))"
(0.4191119145078082+0j),[-0.10979611],[1.],[0.58735823],[1.],"(array([0.21059619]), array([0.07779387]))","(array([0.12883194]), array([-0.023794]))","(array([0.1313929]), array([-0.02408971]))","(array([0.12763537]), array([-0.02425222]))","(array([0.12534727]), array([-0.02366067]))","(array([0.1302717]), array([-0.02335488]))","(array([0.13249397]), array([-0.02391201]))","(array([0.12819147]), array([-0.02433644]))","(array([0.12543879]), array([-0.02394798]))","(array([0.12993272]), array([-0.0236514]))","(array([0.13183881]), array([-0.02414908]))"
(0.3760583703365329+0j),[-0.10957264],[1.],[0.55658498],[1.],"(array([0.21389277]), array([0.07453022]))","(array([0.13141287]), array([-0.02404538]))","(array([0.12765274]), array([-0.02420892]))","(array([0.12536205]), array([-0.02361849]))","(array([0.13028669]), array([-0.02331376]))","(array([0.13250971]), array([-0.02387215]))","(array([0.12820631]), array([-0.02429795]))","(array([0.12545244]), array([-0.02391083]))","(array([0.12994722]), array([-0.02361528]))","(array([0.13185417]), array([-0.02411402]))","(array([0.12763782]), array([-0.02451734]))"
(0.41895997396807644+0j),[-0.10901803],[1.],[0.58760365],[1.],"(array([0.21645066]), array([0.07473773]))","(array([0.1276694]), array([-0.02416478]))","(array([0.12537661]), array([-0.02357545]))","(array([0.13030069]), array([-0.02327206]))","(array([0.13252425]), array([-0.02383119]))","(array([0.12822046]), array([-0.0242582]))","(array([0.12546562]), array([-0.02387238]))","(array([0.12996108]), array([-0.02357831]))","(array([0.13186864]), array([-0.02407845]))","(array([0.12765122]), array([-0.02448306]))","(array([0.12803274]), array([-0.02426418]))"
(0.4602170955995909+0j),[-0.11356133],[1.],[0.59222506],[1.],"(array([0.21509504]), array([0.07779104]))","(array([0.12539242]), array([-0.02353164]))","(array([0.13031619]), array([-0.02322896]))","(array([0.13254019]), array([-0.02378912]))","(array([0.12823514]), array([-0.02421751]))","(array([0.12547889]), array([-0.02383306]))","(array([0.12997526]), array([-0.02354039]))","(array([0.1318841]), array([-0.02404191]))","(array([0.12766558]), array([-0.02444777]))","(array([0.12804644]), array([-0.02423008]))","(array([0.13197644]), array([-0.02474282]))"
(0.41299703384917524+0j),[-0.11764305],[1.],[0.56110433],[1.],"(array([0.21214709]), array([0.07504933]))","(array([0.13033634]), array([-0.02318591]))","(array([0.13255928]), array([-0.02374663]))","(array([0.12825225]), array([-0.02417623]))","(array([0.12549406]), array([-0.023793]))","(array([0.12999132]), array([-0.02350143]))","(array([0.13190153]), array([-0.02400411]))","(array([0.12768193]), array([-0.02441136]))","(array([0.12806252]), array([-0.02419483]))","(array([0.13199422]), array([-0.02470842]))","(array([0.12870625]), array([-0.02585241]))"
(0.37009150731541696+0j),[-0.11655157],[1.],[0.53153399],[1.],"(array([0.21400763]), array([0.06939616]))","(array([0.13258046]), array([-0.02370508]))","(array([0.12827051]), array([-0.02413553]))","(array([0.12550946]), array([-0.0237533]))","(array([0.1300063]), array([-0.02346257]))","(array([0.1319174]), array([-0.02396626]))","(array([0.12769702]), array([-0.02437486]))","(array([0.12807743]), array([-0.02415951]))","(array([0.13201092]), array([-0.02467402]))","(array([0.12872297]), array([-0.02581919]))","(array([0.12197222]), array([-0.02618371]))"
(0.3695903566122099+0j),[-0.11275125],[1.],[0.54153889],[1.],"(array([0.21464276]), array([0.0673145]))","(array([0.12828592]), array([-0.02409485]))","(array([0.12552334]), array([-0.0237138]))","(array([0.13001911]), array([-0.02342425]))","(array([0.13193072]), array([-0.02392897]))","(array([0.12770968]), array([-0.02433882]))","(array([0.12808977]), array([-0.02412474]))","(array([0.13202434]), array([-0.02464064]))","(array([0.12873596]), array([-0.02578695]))","(array([0.12198358]), array([-0.02615263]))","(array([0.11981935]), array([-0.02556902]))"
(0.4111882179083265+0j),[-0.11248336],[1.],[0.57673959],[1.],"(array([0.21255568]), array([0.07182556]))","(array([0.1255368]), array([-0.02367067]))","(array([0.13003315]), array([-0.02338253]))","(array([0.1319455]), array([-0.02388862]))","(array([0.12772342]), array([-0.02429969]))","(array([0.12810319]), array([-0.02408683]))","(array([0.13203919]), array([-0.02460398]))","(array([0.12875069]), array([-0.02575134]))","(array([0.12199639]), array([-0.02611824]))","(array([0.11983061]), array([-0.02553577]))","(array([0.12517127]), array([-0.02502806]))"
(0.40958996182431406+0j),[-0.114557],[1.],[0.572234],[1.],"(array([0.21149837]), array([0.07464295]))","(array([0.13005026]), array([-0.02333794]))","(array([0.1319628]), array([-0.02384516]))","(array([0.12773919]), array([-0.0242576]))","(array([0.12811846]), array([-0.02404593]))","(array([0.13205628]), array([-0.02456409]))","(array([0.12876762]), array([-0.02571253]))","(array([0.12201129]), array([-0.02608088]))","(array([0.11984406]), array([-0.02549972]))","(array([0.12518498]), array([-0.02499313]))","(array([0.1280848]), array([-0.02530064]))"
(0.3670580703196385+0j),[-0.11356165],[1.],[0.54221394],[1.],"(array([0.21432561]), array([0.071668]))","(array([0.13198285]), array([-0.02380059]))","(array([0.1277568]), array([-0.02421418]))","(array([0.12813469]), array([-0.02400347]))","(array([0.13207366]), array([-0.02452247]))","(array([0.12878498]), array([-0.0256722]))","(array([0.12202675]), array([-0.02604194]))","(array([0.11985826]), array([-0.02546209]))","(array([0.12519987]), array([-0.02495649]))","(array([0.12810036]), array([-0.02526501]))","(array([0.12437111]), array([-0.0254962]))"
(0.4088981175105656+0j),[-0.11237701],[1.],[0.5796223],[1.],"(array([0.21648436]), array([0.0724133]))","(array([0.12777417]), array([-0.02416933]))","(array([0.12815088]), array([-0.0239595]))","(array([0.13209067]), array([-0.02447944]))","(array([0.12880197]), array([-0.02563081]))","(array([0.12204216]), array([-0.02600178]))","(array([0.11987255]), array([-0.02542306]))","(array([0.12521475]), array([-0.02491858]))","(array([0.12811579]), array([-0.0252282]))","(array([0.12438539]), array([-0.02546061]))","(array([0.12553831]), array([-0.02508318]))"
(0.45025504338002154+0j),[-0.1164406],[1.],[0.59059347],[1.],"(array([0.21534065]), array([0.07659476]))","(array([0.12816865]), array([-0.02391778]))","(array([0.13210713]), array([-0.0244386]))","(array([0.12881919]), array([-0.02559068]))","(array([0.12205782]), array([-0.02596263]))","(array([0.11988686]), array([-0.02538526]))","(array([0.12522984]), array([-0.02488232]))","(array([0.12813187]), array([-0.02519345]))","(array([0.12440021]), array([-0.02542718]))","(array([0.12555208]), array([-0.02505098]))","(array([0.13101644]), array([-0.02545913]))"
(0.40373238463600986+0j),[-0.1199136],[1.],[0.56004243],[1.],"(array([0.21541872]), array([0.07427821]))","(array([0.13212626]), array([-0.02439939]))","(array([0.12883719]), array([-0.02555224]))","(array([0.1220733]), array([-0.02592533]))","(array([0.11990047]), array([-0.025349]))","(array([0.12524375]), array([-0.02484699]))","(array([0.12814669]), array([-0.02515918]))","(array([0.12441406]), array([-0.02539419]))","(array([0.12556547]), array([-0.02501916]))","(array([0.13103096]), array([-0.02542826]))","(array([0.12862755]), array([-0.0264764]))"
(0.36180224503657077+0j),[-0.1175547],[1.],[0.53161271],[1.],"(array([0.21611684]), array([0.06797182]))","(array([0.12885802]), array([-0.02551089]))","(array([0.12209084]), array([-0.02588493]))","(array([0.11991519]), array([-0.02530953]))","(array([0.12525781]), array([-0.02480872]))","(array([0.12816128]), array([-0.02512168]))","(array([0.12442816]), array([-0.0253579]))","(array([0.12557935]), array([-0.02498434]))","(array([0.13104623]), array([-0.02539507]))","(array([0.12864264]), array([-0.02644456]))","(array([0.12194817]), array([-0.02656444]))"
(0.40347484051407556+0j),[-0.11597322],[1.],[0.57296243],[1.],"(array([0.21315336]), array([0.06864182]))","(array([0.12210716]), array([-0.02584076]))","(array([0.11992973]), array([-0.02526672]))","(array([0.125272]), array([-0.02476722]))","(array([0.12817579]), array([-0.02508151]))","(array([0.12444167]), array([-0.025319]))","(array([0.12559248]), array([-0.02494675]))","(array([0.13106053]), array([-0.02535874]))","(array([0.12865651]), array([-0.02640935]))","(array([0.12196008]), array([-0.0265304]))","(array([0.12365002]), array([-0.02593242]))"
(0.4452447167680841+0j),[-0.11988066],[1.],[0.58695338],[1.],"(array([0.20973597]), array([0.07348343]))","(array([0.11994658]), array([-0.02522349]))","(array([0.12528836]), array([-0.02472481]))","(array([0.12819233]), array([-0.02504022]))","(array([0.12445685]), array([-0.02527901]))","(array([0.12560714]), array([-0.02490798]))","(array([0.13107698]), array([-0.02532119]))","(array([0.12867293]), array([-0.02637274]))","(array([0.12197427]), array([-0.02649503]))","(array([0.12366342]), array([-0.02589825]))","(array([0.12979901]), array([-0.026234]))"
(0.3998745075708485+0j),[-0.12329666],[1.],[0.55568698],[1.],"(array([0.20728007]), array([0.07167861]))","(array([0.12530872]), array([-0.02468251]))","(array([0.12821119]), array([-0.02499829]))","(array([0.12447361]), array([-0.02523822]))","(array([0.1256231]), array([-0.02486809]))","(array([0.13109499]), array([-0.02528234]))","(array([0.12869119]), array([-0.02633506]))","(array([0.12199021]), array([-0.02645884]))","(array([0.12367904]), array([-0.02586316]))","(array([0.12981655]), array([-0.02619974]))","(array([0.12754216]), array([-0.02719211]))"
(0.35868745395918156+0j),[-0.12158486],[1.],[0.52619105],[1.],"(array([0.2094039]), array([0.06625937]))","(array([0.12823256]), array([-0.02495457]))","(array([0.12449193]), array([-0.0251955]))","(array([0.12563945]), array([-0.02482627]))","(array([0.13111192]), array([-0.02524137]))","(array([0.12870828]), array([-0.0262954]))","(array([0.12200522]), array([-0.02642066]))","(array([0.12369382]), array([-0.02582611]))","(array([0.12983357]), array([-0.02616355]))","(array([0.12755938]), array([-0.02715721]))","(array([0.12076184]), array([-0.02737025]))"
(0.3594654202098597+0j),[-0.11714464],[1.],[0.53958167],[1.],"(array([0.2107748]), array([0.0648143]))","(array([0.12450821]), array([-0.02515148]))","(array([0.12565472]), array([-0.0247833]))","(array([0.13112769]), array([-0.02519912]))","(array([0.12872386]), array([-0.02625462]))","(array([0.12201862]), array([-0.0263812]))","(array([0.12370655]), array([-0.02578785]))","(array([0.12984742]), array([-0.02612655]))","(array([0.12757298]), array([-0.02712142]))","(array([0.12077364]), array([-0.02733574]))","(array([0.11897219]), array([-0.02660915]))"
(0.4025455014837481+0j),[-0.11620375],[1.],[0.58039413],[1.],"(array([0.20966831]), array([0.07050086]))","(array([0.12567012]), array([-0.02473869]))","(array([0.13114366]), array([-0.02515557]))","(array([0.12873992]), array([-0.02621251]))","(array([0.12203252]), array([-0.02634033]))","(array([0.12371982]), array([-0.02574837]))","(array([0.1298621]), array([-0.02608854]))","(array([0.12758753]), array([-0.02708453]))","(array([0.1207862]), array([-0.0273002]))","(array([0.11898311]), array([-0.02657489]))","(array([0.12538142]), array([-0.02593292]))"
(0.4023879053654172+0j),[-0.11727991],[1.],[0.5785519],[1.],"(array([0.21283605]), array([0.07422303]))","(array([0.13116173]), array([-0.02511093]))","(array([0.12875746]), array([-0.02616917]))","(array([0.12204742]), array([-0.02629841]))","(array([0.12373385]), array([-0.02570776]))","(array([0.12987755]), array([-0.02604908]))","(array([0.12760266]), array([-0.02704626]))","(array([0.12079951]), array([-0.02726342]))","(array([0.11899495]), array([-0.02653943]))","(array([0.12539334]), array([-0.02589858]))","(array([0.12924968]), array([-0.02602171]))"
(0.36089152777819467+0j),[-0.1148008],[1.],[0.5492033],[1.],"(array([0.21661307]), array([0.0710163]))","(array([0.1287765]), array([-0.02612656]))","(array([0.12206306]), array([-0.026257]))","(array([0.12374777]), array([-0.02566751]))","(array([0.12989248]), array([-0.02600988]))","(array([0.12761761]), array([-0.0270085]))","(array([0.12081276]), array([-0.02722705]))","(array([0.1190072]), array([-0.02650427]))","(array([0.12540633]), array([-0.02586464]))","(array([0.1292634]), array([-0.02598891]))","(array([0.12593119]), array([-0.02595197]))"
(0.40525584155754474+0j),[-0.11323969],[1.],[0.58941214],[1.],"(array([0.21450799]), array([0.07170529]))","(array([0.12207791]), array([-0.02621667]))","(array([0.12376098]), array([-0.02562812]))","(array([0.12990644]), array([-0.02597152]))","(array([0.12763144]), array([-0.02697162]))","(array([0.1208249]), array([-0.0271913]))","(array([0.11901835]), array([-0.02646971]))","(array([0.12541826]), array([-0.02583137]))","(array([0.12927607]), array([-0.02595679]))","(array([0.12594272]), array([-0.02592084]))","(array([0.12755745]), array([-0.02533604]))"
(0.44909819519230953+0j),[-0.11725219],[1.],[0.60097924],[1.],"(array([0.21098925]), array([0.07646973]))","(array([0.12377622]), array([-0.02558831]))","(array([0.1299217]), array([-0.02593255]))","(array([0.12764736]), array([-0.02693384]))","(array([0.12083957]), array([-0.0271543]))","(array([0.11903162]), array([-0.02643401]))","(array([0.12543221]), array([-0.02579702]))","(array([0.12929098]), array([-0.02592382]))","(array([0.12595634]), array([-0.02588901]))","(array([0.12757019]), array([-0.02530521]))","(array([0.13335596]), array([-0.02566306]))"
(0.4031636472950755+0j),[-0.1205402],[1.],[0.56957202],[1.],"(array([0.21227419]), array([0.07445135]))","(array([0.12994009]), array([-0.02589365]))","(array([0.12766509]), array([-0.02689557]))","(array([0.12085507]), array([-0.02711725]))","(array([0.11904516]), array([-0.02639812]))","(array([0.12544601]), array([-0.02576213]))","(array([0.12930552]), array([-0.02589003]))","(array([0.12596971]), array([-0.02585645]))","(array([0.12758309]), array([-0.02527367]))","(array([0.13337025]), array([-0.02563229]))","(array([0.13084773]), array([-0.02663545]))"
(0.36164527232096066+0j),[-0.11797421],[1.],[0.54048211],[1.],"(array([0.21505511]), array([0.06819375]))","(array([0.12768524]), array([-0.02685469]))","(array([0.1208718]), array([-0.02707751]))","(array([0.11905899]), array([-0.02635947]))","(array([0.12545915]), array([-0.02572455]))","(array([0.1293191]), array([-0.02585329]))","(array([0.12598256]), array([-0.02582098]))","(array([0.12759578]), array([-0.02523947]))","(array([0.13338496]), array([-0.02559942]))","(array([0.13086266]), array([-0.02660388]))","(array([0.12399742]), array([-0.02668057]))"
(0.3635299724097808+0j),[-0.11363745],[1.],[0.55249951],[1.],"(array([0.21105002]), array([0.06593911]))","(array([0.12088701]), array([-0.02703371]))","(array([0.11907253]), array([-0.02631704]))","(array([0.12547211]), array([-0.02568354]))","(array([0.12933218]), array([-0.02581352]))","(array([0.12599464]), array([-0.02578242]))","(array([0.12760749]), array([-0.02520214]))","(array([0.1333981]), array([-0.02556337]))","(array([0.13087561]), array([-0.02656902]))","(array([0.12400849]), array([-0.02664695]))","(array([0.12200243]), array([-0.02580718]))"
(0.4083406000485354+0j),[-0.11331906],[1.],[0.58957734],[1.],"(array([0.20666371]), array([0.07111191]))","(array([0.11908596]), array([-0.0262733]))","(array([0.12548572]), array([-0.02564108]))","(array([0.12934619]), array([-0.02577231]))","(array([0.12600722]), array([-0.02574255]))","(array([0.12761956]), array([-0.02516355]))","(array([0.13341182]), array([-0.02552613]))","(array([0.13088925]), array([-0.02653281]))","(array([0.12401997]), array([-0.02661204]))","(array([0.12201227]), array([-0.0257735]))","(array([0.12785053]), array([-0.02522133]))"
(0.40867417825919905+0j),[-0.11522974],[1.],[0.58467419],[1.],"(array([0.20662615]), array([0.07442251]))","(array([0.12550175]), array([-0.02559812]))","(array([0.1293618]), array([-0.02573038]))","(array([0.12602117]), array([-0.0257019]))","(array([0.12763296]), array([-0.02512406]))","(array([0.13342721]), array([-0.02548779]))","(array([0.1309047]), array([-0.0264956]))","(array([0.12403326]), array([-0.02657628]))","(array([0.12202409]), array([-0.02573903]))","(array([0.12786282]), array([-0.0251879]))","(array([0.13093832]), array([-0.02547622]))"
(0.3668887516610639+0j),[-0.11404502],[1.],[0.55380563],[1.],"(array([0.21123742]), array([0.0716731]))","(array([0.12937994]), array([-0.02568685]))","(array([0.12603674]), array([-0.0256595]))","(array([0.1276471]), array([-0.02508266]))","(array([0.13344258]), array([-0.02544742]))","(array([0.13092014]), array([-0.02645661]))","(array([0.12404664]), array([-0.02653873]))","(array([0.12203617]), array([-0.02570278]))","(array([0.12787578]), array([-0.02515264]))","(array([0.13095221]), array([-0.025442]))","(array([0.12706476]), array([-0.02562865]))"
(0.4108746485074074+0j),[-0.11250032],[1.],[0.5899542],[1.],"(array([0.21519336]), array([0.07264922]))","(array([0.12605167]), array([-0.02561571]))","(array([0.12766087]), array([-0.02503991]))","(array([0.13345736]), array([-0.02540593]))","(array([0.13093496]), array([-0.02641666]))","(array([0.1240595]), array([-0.0265001]))","(array([0.12204785]), array([-0.02566535]))","(array([0.12788822]), array([-0.02511633]))","(array([0.13096545]), array([-0.02540678]))","(array([0.12707703]), array([-0.02559466]))","(array([0.12803403]), array([-0.02515951]))"
(0.453740870813369+0j),[-0.11612368],[1.],[0.59867638],[1.],"(array([0.21464881]), array([0.07696654]))","(array([0.12767657]), array([-0.02499938]))","(array([0.13347191]), array([-0.02536634]))","(array([0.13095024]), array([-0.02637804]))","(array([0.12407328]), array([-0.02646243]))","(array([0.12206028]), array([-0.02562903]))","(array([0.12790161]), array([-0.02508156]))","(array([0.13098011]), array([-0.02537355]))","(array([0.12709061]), array([-0.02556277]))","(array([0.12804678]), array([-0.02512887]))","(array([0.13310776]), array([-0.02544362]))"
(0.4071031624695361+0j),[-0.11916494],[1.],[0.56766422],[1.],"(array([0.21570048]), array([0.07477566]))","(array([0.13348913]), array([-0.025328]))","(array([0.13096644]), array([-0.02634049]))","(array([0.12408687]), array([-0.02642604]))","(array([0.12207197]), array([-0.02559372]))","(array([0.1279138]), array([-0.02504724]))","(array([0.13099346]), array([-0.02534033]))","(array([0.12710317]), array([-0.02553085]))","(array([0.12805909]), array([-0.02509813]))","(array([0.13312153]), array([-0.02541385]))","(array([0.13038346]), array([-0.02635822]))"
(0.36490376105395+0j),[-0.11634383],[1.],[0.53873381],[1.],"(array([0.2181354]), array([0.06859812]))","(array([0.13098473]), array([-0.0263021]))","(array([0.12410184]), array([-0.02638857]))","(array([0.12208418]), array([-0.02555718]))","(array([0.12792558]), array([-0.02501183]))","(array([0.13100605]), array([-0.02530566]))","(array([0.12711547]), array([-0.02549736]))","(array([0.12807143]), array([-0.02506606]))","(array([0.1331356]), array([-0.02538335]))","(array([0.13039759]), array([-0.026329]))","(array([0.12362646]), array([-0.02635548]))"
(0.40709606444760865+0j),[-0.11434866],[1.],[0.5776452],[1.],"(array([0.21570777]), array([0.06919326]))","(array([0.12411495]), array([-0.02634903]))","(array([0.12209559]), array([-0.02551892]))","(array([0.12793684]), array([-0.02497484]))","(array([0.13101786]), array([-0.02526987]))","(array([0.12712657]), array([-0.02546276]))","(array([0.12808243]), array([-0.02503267]))","(array([0.13314806]), array([-0.02535113]))","(array([0.13040988]), array([-0.02629782]))","(array([0.12363703]), array([-0.02632534]))","(array([0.12503226]), array([-0.025632]))"
(0.4489134580282441+0j),[-0.11794438],[1.],[0.58923653],[1.],"(array([0.211867]), array([0.07393018]))","(array([0.12210903]), array([-0.02548078]))","(array([0.12795002]), array([-0.02493739]))","(array([0.13103145]), array([-0.02523345]))","(array([0.12713912]), array([-0.02542753]))","(array([0.12809475]), array([-0.02499857]))","(array([0.13316242]), array([-0.02531816]))","(array([0.13042445]), array([-0.02626571]))","(array([0.12364964]), array([-0.02629433]))","(array([0.12504434]), array([-0.02560208]))","(array([0.13069382]), array([-0.02586367]))"
(0.40292289354015853+0j),[-0.12110042],[1.],[0.55782517],[1.],"(array([0.20940621]), array([0.07220012]))","(array([0.12796701]), array([-0.02490036]))","(array([0.13104725]), array([-0.02519673]))","(array([0.12715315]), array([-0.02539184]))","(array([0.12810828]), array([-0.02496368]))","(array([0.13317825]), array([-0.02528423]))","(array([0.13044076]), array([-0.02623281]))","(array([0.12366393]), array([-0.02626278]))","(array([0.12505854]), array([-0.0255715]))","(array([0.13071005]), array([-0.0258338]))","(array([0.1282049]), array([-0.02677165]))"
(0.36118371672109373+0j),[-0.11912596],[1.],[0.52819064],[1.],"(array([0.21188984]), array([0.06674602]))","(array([0.131066]), array([-0.02515669]))","(array([0.12716915]), array([-0.02535273]))","(array([0.12812266]), array([-0.02492543]))","(array([0.13319356]), array([-0.02524675]))","(array([0.13045649]), array([-0.02619657]))","(array([0.1236778]), array([-0.02622791]))","(array([0.1250724]), array([-0.0255377]))","(array([0.13072632]), array([-0.02580078]))","(array([0.1282215]), array([-0.02673981]))","(array([0.1212904]), array([-0.02686943]))"
(0.4020388857702283+0j),[-0.11680555],[1.],[0.56984162],[1.],"(array([0.21520226]), array([0.06818742]))","(array([0.127184]), array([-0.02530951]))","(array([0.1281368]), array([-0.02488332]))","(array([0.13320861]), array([-0.02520537]))","(array([0.13047163]), array([-0.02615672]))","(array([0.12369087]), array([-0.02618937]))","(array([0.12508499]), array([-0.02550036]))","(array([0.1307403]), array([-0.0257647]))","(array([0.12823536]), array([-0.02670491]))","(array([0.12130247]), array([-0.02683581]))","(array([0.12287311]), array([-0.02620333]))"
(0.443077066472622+0j),[-0.11968343],[1.],[0.58524757],[1.],"(array([0.21457472]), array([0.07348329]))","(array([0.12815294]), array([-0.02484008]))","(array([0.13322452]), array([-0.02516292]))","(array([0.13048787]), array([-0.02611571]))","(array([0.12370507]), array([-0.02614964]))","(array([0.12509881]), array([-0.02546208]))","(array([0.13075619]), array([-0.02572788]))","(array([0.12825152]), array([-0.02666919]))","(array([0.12131677]), array([-0.02680154]))","(array([0.12288661]), array([-0.02617036]))","(array([0.12922023]), array([-0.02629412]))"
(0.3974424489862191+0j),[-0.12200903],[1.],[0.55494091],[1.],"(array([0.21517851]), array([0.07188401]))","(array([0.13324393]), array([-0.02511972]))","(array([0.13050625]), array([-0.02607339]))","(array([0.12372046]), array([-0.02610866]))","(array([0.12511316]), array([-0.02542208]))","(array([0.13077243]), array([-0.02568886]))","(array([0.12826788]), array([-0.02663132]))","(array([0.12133127]), array([-0.02676523]))","(array([0.12290073]), array([-0.02613532]))","(array([0.12923574]), array([-0.02626007]))","(array([0.12723699]), array([-0.02701998]))"
(0.3561314364250431+0j),[-0.11855719],[1.],[0.52668187],[1.],"(array([0.21691368]), array([0.06604559]))","(array([0.1305263]), array([-0.02603139]))","(array([0.12373684]), array([-0.02606772]))","(array([0.12512741]), array([-0.02538214]))","(array([0.13078742]), array([-0.02564982]))","(array([0.12828367]), array([-0.02659361]))","(array([0.12134581]), array([-0.0267288]))","(array([0.12291515]), array([-0.02610035]))","(array([0.12925192]), array([-0.02622659]))","(array([0.12725315]), array([-0.02698778]))","(array([0.12074318]), array([-0.02688942]))"
(0.3572489448972414+0j),[-0.11364502],[1.],[0.54112372],[1.],"(array([0.21257613]), array([0.06432824]))","(array([0.12375113]), array([-0.02602723]))","(array([0.12514059]), array([-0.02534268]))","(array([0.13080141]), array([-0.02561135]))","(array([0.12829781]), array([-0.02655649]))","(array([0.12135825]), array([-0.02669284]))","(array([0.12292737]), array([-0.02606571]))","(array([0.12926554]), array([-0.02619328]))","(array([0.1272665]), array([-0.02695556]))","(array([0.12075469]), array([-0.02685822]))","(array([0.11924]), array([-0.02588415]))"
(0.4009706477047036+0j),[-0.11301141],[1.],[0.58284519],[1.],"(array([0.20848439]), array([0.07038117]))","(array([0.12515514]), array([-0.02529944]))","(array([0.13081715]), array([-0.02556908]))","(array([0.12831387]), array([-0.02651562]))","(array([0.12137213]), array([-0.02665337]))","(array([0.12294088]), array([-0.02602763]))","(array([0.12928063]), array([-0.02615662]))","(array([0.12728141]), array([-0.02691995]))","(array([0.12076738]), array([-0.02682375]))","(array([0.11925099]), array([-0.02585079]))","(array([0.12582478]), array([-0.0251859]))"
(0.40117769860368385+0j),[-0.11434649],[1.],[0.58104592],[1.],"(array([0.21195807]), array([0.0744308]))","(array([0.13083552]), array([-0.02552301]))","(array([0.12833217]), array([-0.02647094]))","(array([0.12138795]), array([-0.02661027]))","(array([0.12295615]), array([-0.02598593]))","(array([0.12929752]), array([-0.0261162]))","(array([0.12729798]), array([-0.02688066]))","(array([0.12078164]), array([-0.02678582]))","(array([0.11926357]), array([-0.0258141]))","(array([0.12583751]), array([-0.02515033]))","(array([0.12973231]), array([-0.02532426]))"
(0.3598378679633784+0j),[-0.11207866],[1.],[0.55146033],[1.],"(array([0.21596187]), array([0.07133244]))","(array([0.12835197]), array([-0.02642695]))","(array([0.12140451]), array([-0.02656765]))","(array([0.12297137]), array([-0.02594456]))","(array([0.12931377]), array([-0.0260758]))","(array([0.12731415]), array([-0.02684172]))","(array([0.12079582]), array([-0.02674822]))","(array([0.11927644]), array([-0.0257777]))","(array([0.12585112]), array([-0.02511498]))","(array([0.12974665]), array([-0.02528992]))","(array([0.12639766]), array([-0.02530698]))"
(0.4046890890357972+0j),[-0.11057657],[1.],[0.5919093],[1.],"(array([0.21379158]), array([0.07212671]))","(array([0.12142024]), array([-0.02652635]))","(array([0.12298579]), array([-0.02590412]))","(array([0.12932894]), array([-0.02603621]))","(array([0.12732909]), array([-0.02680352]))","(array([0.12080892]), array([-0.02671117]))","(array([0.11928837]), array([-0.02574176]))","(array([0.12586383]), array([-0.02508035]))","(array([0.12976012]), array([-0.02525648]))","(array([0.12640993]), array([-0.0252746]))","(array([0.12803478]), array([-0.0247223]))"
(0.44902964629284764+0j),[-0.11462199],[1.],[0.60343003],[1.],"(array([0.20999147]), array([0.07682174]))","(array([0.12300296]), array([-0.02586034]))","(array([0.12934596]), array([-0.02599341]))","(array([0.12734662]), array([-0.02676169]))","(array([0.12082443]), array([-0.02667043]))","(array([0.1193022]), array([-0.0257024]))","(array([0.12587828]), array([-0.02504253]))","(array([0.1297755]), array([-0.02522022]))","(array([0.12642389]), array([-0.02523959]))","(array([0.12804773]), array([-0.02468837]))","(array([0.13375432]), array([-0.02503844]))"
(0.4034364481072176+0j),[-0.11793334],[1.],[0.57193095],[1.],"(array([0.21108087]), array([0.07474307]))","(array([0.12936753]), array([-0.0259475]))","(array([0.12736713]), array([-0.02671672]))","(array([0.12084191]), array([-0.02662683]))","(array([0.11931734]), array([-0.02566007]))","(array([0.12589376]), array([-0.02500143]))","(array([0.12979185]), array([-0.02518048]))","(array([0.12643886]), array([-0.02520129]))","(array([0.1280621]), array([-0.02465127]))","(array([0.13377018]), array([-0.02500229]))","(array([0.13111832]), array([-0.02599082]))"
(0.36220104170213346+0j),[-0.11537935],[1.],[0.54268714],[1.],"(array([0.21412539]), array([0.06876009]))","(array([0.1273899]), array([-0.02667023]))","(array([0.12086069]), array([-0.02658156]))","(array([0.11933289]), array([-0.025616]))","(array([0.12590872]), array([-0.02495871]))","(array([0.12980736]), array([-0.02513889]))","(array([0.1264535]), array([-0.02516103]))","(array([0.12807652]), array([-0.02461242]))","(array([0.13378678]), array([-0.02496495]))","(array([0.13113508]), array([-0.02595494]))","(array([0.12434953]), array([-0.02606147]))"
(0.36435323559424104+0j),[-0.11109556],[1.],[0.55428336],[1.],"(array([0.2104418]), array([0.06675815]))","(array([0.12087723]), array([-0.02653453]))","(array([0.11934741]), array([-0.02557042]))","(array([0.12592284]), array([-0.02491462]))","(array([0.12982177]), array([-0.02509614]))","(array([0.1264667]), array([-0.02511958]))","(array([0.12808929]), array([-0.02457227]))","(array([0.13380104]), array([-0.02492612]))","(array([0.13114909]), array([-0.02591734]))","(array([0.1243615]), array([-0.02602514]))","(array([0.1223917]), array([-0.02521869]))"
(0.4093336651789014+0j),[-0.11089213],[1.],[0.59064277],[1.],"(array([0.20636298]), array([0.07220038]))","(array([0.11936135]), array([-0.02552584]))","(array([0.12593696]), array([-0.02487143]))","(array([0.12983636]), array([-0.02505427]))","(array([0.12647987]), array([-0.02507907]))","(array([0.12810193]), array([-0.02453304]))","(array([0.13381537]), array([-0.02488824]))","(array([0.1311633]), array([-0.02588048]))","(array([0.12437351]), array([-0.02598954]))","(array([0.12240204]), array([-0.02518429]))","(array([0.12821426]), array([-0.0246744]))"
(0.4095351112836059+0j),[-0.11292015],[1.],[0.58529917],[1.],"(array([0.20664667]), array([0.07571963]))","(array([0.12595283]), array([-0.02483003]))","(array([0.12985188]), array([-0.02501389]))","(array([0.12649378]), array([-0.02503992]))","(array([0.12811533]), array([-0.02449499]))","(array([0.13383068]), array([-0.0248513]))","(array([0.13117868]), array([-0.02584461]))","(array([0.1243868]), array([-0.02595501]))","(array([0.12241391]), array([-0.02515093]))","(array([0.12822657]), array([-0.02464198]))","(array([0.13128837]), array([-0.02498004]))"
(0.36754108845625755+0j),[-0.11183113],[1.],[0.55427774],[1.],"(array([0.21135709]), array([0.07285025]))","(array([0.12987044]), array([-0.02497042]))","(array([0.12650977]), array([-0.02499756]))","(array([0.12812987]), array([-0.0244536]))","(array([0.13384646]), array([-0.02481091]))","(array([0.13119451]), array([-0.0258056]))","(array([0.12440056]), array([-0.02591738]))","(array([0.12242635]), array([-0.02511454]))","(array([0.12823989]), array([-0.02460651]))","(array([0.13130261]), array([-0.02494557]))","(array([0.12725315]), array([-0.02513685]))"
(0.36939124552366664+0j),[-0.10798114],[1.],[0.56346093],[1.],"(array([0.21346033]), array([0.07085719]))","(array([0.1265259]), array([-0.02495141]))","(array([0.12814478]), array([-0.0244086]))","(array([0.13386233]), array([-0.02476726]))","(array([0.13121043]), array([-0.02576356]))","(array([0.12441445]), array([-0.0258767]))","(array([0.12243896]), array([-0.02507507]))","(array([0.12825318]), array([-0.02456819]))","(array([0.13131664]), array([-0.02490836]))","(array([0.12726614]), array([-0.02510096]))","(array([0.124741]), array([-0.02448788]))"
(0.4143404003495323+0j),[-0.10768071],[1.],[0.59670065],[1.],"(array([0.21226049]), array([0.07562643]))","(array([0.12815896]), array([-0.02436507]))","(array([0.13387709]), array([-0.02472509]))","(array([0.13122599]), array([-0.02572255]))","(array([0.1244284]), array([-0.02583661]))","(array([0.12245158]), array([-0.02503633]))","(array([0.12826666]), array([-0.02453097]))","(array([0.1313308]), array([-0.0248726]))","(array([0.12727899]), array([-0.02506652]))","(array([0.12475224]), array([-0.02445476]))","(array([0.12993586]), array([-0.02396798]))"
(0.4138688071929801+0j),[-0.10947142],[1.],[0.59063662],[1.],"(array([0.21543413]), array([0.07836377]))","(array([0.13389301]), array([-0.02468418]))","(array([0.13124162]), array([-0.02568284]))","(array([0.12444175]), array([-0.02579813]))","(array([0.1224633]), array([-0.02499915]))","(array([0.12827891]), array([-0.02449505]))","(array([0.13134406]), array([-0.02483786]))","(array([0.12729133]), array([-0.02503307]))","(array([0.12476335]), array([-0.02442259]))","(array([0.12994728]), array([-0.02393686]))","(array([0.1325713]), array([-0.02423295]))"
(0.37107326682044217+0j),[-0.10765955],[1.],[0.56061],[1.],"(array([0.21922611]), array([0.07456506]))","(array([0.13126035]), array([-0.02564026]))","(array([0.12445721]), array([-0.0257567]))","(array([0.12247626]), array([-0.02495893]))","(array([0.12829196]), array([-0.02445598]))","(array([0.131358]), array([-0.02479989]))","(array([0.12730481]), array([-0.02499635]))","(array([0.1247759]), array([-0.02438717]))","(array([0.1299607]), array([-0.02390277]))","(array([0.13258554]), array([-0.02420004]))","(array([0.12857589]), array([-0.02428967]))"
(0.41542664253016426+0j),[-0.10665588],[1.],[0.59417172],[1.],"(array([0.21649455]), array([0.07444312]))","(array([0.12447252]), array([-0.02571203]))","(array([0.12248959]), array([-0.02491554]))","(array([0.12830537]), array([-0.02441403]))","(array([0.13137181]), array([-0.02475914]))","(array([0.1273179]), array([-0.02495686]))","(array([0.12478796]), array([-0.02434897]))","(array([0.12997364]), array([-0.02386596]))","(array([0.13259923]), array([-0.0241645]))","(array([0.12858831]), array([-0.0242553]))","(array([0.12925491]), array([-0.02378119]))"
(0.45837385645087747+0j),[-0.11121969],[1.],[0.59977947],[1.],"(array([0.21231569]), array([0.07796884]))","(array([0.12250425]), array([-0.02487432]))","(array([0.12831975]), array([-0.02437342]))","(array([0.13138644]), array([-0.0247194]))","(array([0.12733158]), array([-0.02491839]))","(array([0.12480033]), array([-0.02431183]))","(array([0.12998702]), array([-0.02383011]))","(array([0.13261391]), array([-0.02412996]))","(array([0.12860179]), array([-0.02422195]))","(array([0.12926777]), array([-0.02374896]))","(array([0.13368192]), array([-0.02424205]))"
(0.41147118348121875+0j),[-0.11530279],[1.],[0.56790956],[1.],"(array([0.20974539]), array([0.07550494]))","(array([0.128338]), array([-0.02433531]))","(array([0.13140336]), array([-0.02468155]))","(array([0.12734674]), array([-0.02488162]))","(array([0.12481376]), array([-0.02427619]))","(array([0.13000142]), array([-0.02379546]))","(array([0.13262975]), array([-0.02409645]))","(array([0.12861658]), array([-0.02418972]))","(array([0.12928234]), array([-0.02371772]))","(array([0.13369836]), array([-0.02421144]))","(array([0.13051214]), array([-0.02537382]))"
(0.3689031371670414+0j),[-0.11422452],[1.],[0.53772902],[1.],"(array([0.21235254]), array([0.06983495]))","(array([0.13142288]), array([-0.02464296]))","(array([0.12736349]), array([-0.02484388]))","(array([0.12482782]), array([-0.02423943]))","(array([0.13001508]), array([-0.02375951]))","(array([0.13264432]), array([-0.02406155]))","(array([0.12863024]), array([-0.0241561]))","(array([0.12929577]), array([-0.02368515]))","(array([0.13371369]), array([-0.02417963]))","(array([0.13052766]), array([-0.02534308]))","(array([0.1235228]), array([-0.02568655]))"
(0.36918632332017304+0j),[-0.11037307],[1.],[0.54752796],[1.],"(array([0.21371451]), array([0.06782187]))","(array([0.12737796]), array([-0.02480386]))","(array([0.1248408]), array([-0.02420073]))","(array([0.13002768]), array([-0.02372186]))","(array([0.13265736]), array([-0.02402481]))","(array([0.12864228]), array([-0.02412057]))","(array([0.12930733]), array([-0.02365076]))","(array([0.13372642]), array([-0.02414645]))","(array([0.13054023]), array([-0.02531095]))","(array([0.1235337]), array([-0.02565559]))","(array([0.12118639]), array([-0.02504488]))"
(0.4118531962686458+0j),[-0.10999957],[1.],[0.58224247],[1.],"(array([0.21188489]), array([0.07257244]))","(array([0.12485293]), array([-0.02416045]))","(array([0.13004005]), array([-0.02368294]))","(array([0.13267045]), array([-0.0239873]))","(array([0.12865437]), array([-0.02408421]))","(array([0.12931914]), array([-0.02361553]))","(array([0.13373992]), array([-0.02411236]))","(array([0.13055377]), array([-0.02527782]))","(array([0.12354548]), array([-0.02562371]))","(array([0.12119677]), array([-0.0250142]))","(array([0.12655354]), array([-0.02450523]))"
(0.410675748478736+0j),[-0.11197646],[1.],[0.57707854],[1.],"(array([0.21102955]), array([0.07557185]))","(array([0.13005501]), array([-0.02364387]))","(array([0.13268546]), array([-0.02394917]))","(array([0.12866791]), array([-0.02404729]))","(array([0.12933223]), array([-0.02357971]))","(array([0.13375494]), array([-0.02407741]))","(array([0.13056882]), array([-0.02524388]))","(array([0.12355884]), array([-0.02559118]))","(array([0.12120888]), array([-0.02498288]))","(array([0.12656597]), array([-0.02447485]))","(array([0.1294266]), array([-0.02477608]))"
(0.36811685227984603+0j),[-0.1108767],[1.],[0.54666577],[1.],"(array([0.21442134]), array([0.07263585]))","(array([0.13270292]), array([-0.02391036]))","(array([0.12868295]), array([-0.02400947]))","(array([0.12934589]), array([-0.02354272]))","(array([0.13376979]), array([-0.02404118]))","(array([0.13058382]), array([-0.0252088]))","(array([0.12357227]), array([-0.02555737]))","(array([0.1212213]), array([-0.02495026]))","(array([0.12657917]), array([-0.02444307]))","(array([0.12944056]), array([-0.02474517]))","(array([0.12552623]), array([-0.02493719]))"
(0.41049746394357056+0j),[-0.10961275],[1.],[0.5829377],[1.],"(array([0.21715499]), array([0.07340217]))","(array([0.12869787]), array([-0.02396976]))","(array([0.12935957]), array([-0.02350383]))","(array([0.13378445]), array([-0.0240031]))","(array([0.13059853]), array([-0.02517225]))","(array([0.12358549]), array([-0.025522]))","(array([0.12123365]), array([-0.02491592]))","(array([0.12659233]), array([-0.02440971]))","(array([0.12945447]), array([-0.02471273]))","(array([0.12553919]), array([-0.02490585]))","(array([0.12647102]), array([-0.02449072]))"
(0.45206561793543404+0j),[-0.11361195],[1.],[0.59267193],[1.],"(array([0.21595834]), array([0.07755223]))","(array([0.12937642]), array([-0.02346237]))","(array([0.13380017]), array([-0.02396256]))","(array([0.13061537]), array([-0.02513249]))","(array([0.12360097]), array([-0.02548316]))","(array([0.12124781]), array([-0.02487849]))","(array([0.12660735]), array([-0.02437381]))","(array([0.12947065]), array([-0.02467834]))","(array([0.12555414]), array([-0.02487279]))","(array([0.126485]), array([-0.0244589]))","(array([0.13152016]), array([-0.0248157]))"
(0.4054296660707503+0j),[-0.11703546],[1.],[0.56208165],[1.],"(array([0.21612342]), array([0.07525549]))","(array([0.13382036]), array([-0.02391848]))","(array([0.13063462]), array([-0.02508934]))","(array([0.1236175]), array([-0.0254414]))","(array([0.12126237]), array([-0.02483802]))","(array([0.12662239]), array([-0.02433444]))","(array([0.12948678]), array([-0.02464016]))","(array([0.12556922]), array([-0.02483606]))","(array([0.12649961]), array([-0.02442348]))","(array([0.13153607]), array([-0.02478136]))","(array([0.12882322]), array([-0.02578165]))"
(0.3632361672671939+0j),[-0.11465772],[1.],[0.53349638],[1.],"(array([0.21738907]), array([0.06906512]))","(array([0.13065539]), array([-0.02504695]))","(array([0.12363491]), array([-0.02540007]))","(array([0.12127699]), array([-0.02479772]))","(array([0.12663653]), array([-0.02429532]))","(array([0.12950162]), array([-0.02460185]))","(array([0.12558357]), array([-0.02479906]))","(array([0.12651377]), array([-0.02438799]))","(array([0.13155174]), array([-0.02474755]))","(array([0.12883873]), array([-0.02574923]))","(array([0.12226667]), array([-0.0258937]))"
(0.40478334488066037+0j),[-0.11307687],[1.],[0.57383351],[1.],"(array([0.21454694]), array([0.06969366]))","(array([0.1236499]), array([-0.02535866]))","(array([0.12129034]), array([-0.02475763]))","(array([0.12664962]), array([-0.02425655]))","(array([0.12951513]), array([-0.02456434]))","(array([0.12559626]), array([-0.02476276]))","(array([0.12652623]), array([-0.02435295]))","(array([0.13156544]), array([-0.02471372]))","(array([0.12885207]), array([-0.0257165]))","(array([0.1222782]), array([-0.02586202]))","(array([0.12396051]), array([-0.02528875]))"
(0.4463286180604348+0j),[-0.11701507],[1.],[0.58702919],[1.],"(array([0.21081292]), array([0.0744177]))","(array([0.12130582]), array([-0.02471732]))","(array([0.12666483]), array([-0.02421693]))","(array([0.12953063]), array([-0.02452575]))","(array([0.12561053]), array([-0.0247254]))","(array([0.12654009]), array([-0.02431674]))","(array([0.13158112]), array([-0.02467869]))","(array([0.12886777]), array([-0.02568239]))","(array([0.12229181]), array([-0.02582902]))","(array([0.12397344]), array([-0.02525686]))","(array([0.12996108]), array([-0.02560441]))"
(0.4006314443127977+0j),[-0.12046907],[1.],[0.55567369],[1.],"(array([0.20817358]), array([0.07259353]))","(array([0.12668401]), array([-0.02417746]))","(array([0.12954845]), array([-0.02448659]))","(array([0.12562639]), array([-0.02468732]))","(array([0.12655526]), array([-0.02427949]))","(array([0.13159842]), array([-0.02464244]))","(array([0.12888538]), array([-0.02564726]))","(array([0.12230726]), array([-0.02579526]))","(array([0.12398865]), array([-0.02522407]))","(array([0.12997817]), array([-0.02557239]))","(array([0.12766645]), array([-0.02658407]))"
(0.3591956699964223+0j),[-0.11879662],[1.],[0.52607662],[1.],"(array([0.21027024]), array([0.06710374]))","(array([0.12956862]), array([-0.02444618]))","(array([0.12564366]), array([-0.02464783]))","(array([0.12657071]), array([-0.02424083]))","(array([0.13161449]), array([-0.02460458]))","(array([0.12890167]), array([-0.02561064]))","(array([0.12232166]), array([-0.02575996]))","(array([0.12400292]), array([-0.02518979]))","(array([0.12999466]), array([-0.02553886]))","(array([0.12768318]), array([-0.02655173]))","(array([0.12080486]), array([-0.0267593]))"
(0.3597786143939319+0j),[-0.11441392],[1.],[0.53926183],[1.],"(array([0.21155094]), array([0.06558221]))","(array([0.12565916]), array([-0.02460634]))","(array([0.12658531]), array([-0.02420035]))","(array([0.13162965]), array([-0.02456478]))","(array([0.12891671]), array([-0.02557229]))","(array([0.12233467]), array([-0.0257228]))","(array([0.12401535]), array([-0.02515371]))","(array([0.13000821]), array([-0.02550395]))","(array([0.12769652]), array([-0.02651794]))","(array([0.12081648]), array([-0.02672672]))","(array([0.1189197]), array([-0.02599401]))"
(0.4026518055089318+0j),[-0.11356099],[1.],[0.57989804],[1.],"(array([0.21028159]), array([0.07129326]))","(array([0.1265999]), array([-0.02415859]))","(array([0.13164486]), array([-0.02452405]))","(array([0.12893209]), array([-0.02553296]))","(array([0.12234805]), array([-0.02568455]))","(array([0.1240282]), array([-0.02511672]))","(array([0.13002248]), array([-0.02546833]))","(array([0.12771066]), array([-0.02648333]))","(array([0.12082873]), array([-0.0266934]))","(array([0.11893039]), array([-0.02596189]))","(array([0.12532977]), array([-0.02534303]))"
(0.40230995303396105+0j),[-0.1147493],[1.],[0.57798944],[1.],"(array([0.21327441]), array([0.0750609]))","(array([0.13166207]), array([-0.02448254]))","(array([0.12894884]), array([-0.02549269]))","(array([0.12236236]), array([-0.02564554]))","(array([0.12404174]), array([-0.02507888]))","(array([0.13003741]), array([-0.02543154]))","(array([0.12772531]), array([-0.02644761]))","(array([0.12084166]), array([-0.02665907]))","(array([0.11894192]), array([-0.02592881]))","(array([0.12534135]), array([-0.02531095]))","(array([0.12923047]), array([-0.0254665]))"
(0.3607604667917808+0j),[-0.11238321],[1.],[0.54860985],[1.],"(array([0.21654695]), array([0.07178436]))","(array([0.12896862]), array([-0.02544901]))","(array([0.1223787]), array([-0.02560304]))","(array([0.12405639]), array([-0.02503752]))","(array([0.13005315]), array([-0.02539123]))","(array([0.12774107]), array([-0.02640876]))","(array([0.12085565]), array([-0.02662165]))","(array([0.11895484]), array([-0.02589263]))","(array([0.12535499]), array([-0.02527602]))","(array([0.12924481]), array([-0.0254327]))","(array([0.12576757]), array([-0.02539155]))"
(0.40497999009245184+0j),[-0.11093248],[1.],[0.58888349],[1.],"(array([0.21406898]), array([0.07241918]))","(array([0.12239566]), array([-0.02555713]))","(array([0.12407166]), array([-0.02499266]))","(array([0.13006939]), array([-0.02534751]))","(array([0.12775715]), array([-0.02636669]))","(array([0.12086975]), array([-0.02658091]))","(array([0.11896775]), array([-0.02585326]))","(array([0.1253687]), array([-0.02523807]))","(array([0.12925926]), array([-0.02539602]))","(array([0.12578066]), array([-0.02535603]))","(array([0.12726711]), array([-0.02477206]))"
(0.44871206580722617+0j),[-0.11504935],[1.],[0.6006568],[1.],"(array([0.21067885]), array([0.07714225]))","(array([0.12408921]), array([-0.02494663]))","(array([0.1300872]), array([-0.02530245]))","(array([0.12777559]), array([-0.026323]))","(array([0.1208866]), array([-0.02653823]))","(array([0.11898296]), array([-0.02581209]))","(array([0.1253846]), array([-0.02519842]))","(array([0.12927612]), array([-0.02535789]))","(array([0.12579601]), array([-0.02531924]))","(array([0.12728142]), array([-0.02473643]))","(array([0.13304636]), array([-0.02511371]))"
(0.4029200120652698+0j),[-0.11845934],[1.],[0.56934134],[1.],"(array([0.21195767]), array([0.07508231]))","(array([0.13010839]), array([-0.02525681]))","(array([0.12779609]), array([-0.0262782]))","(array([0.12090452]), array([-0.02649489]))","(array([0.11899865]), array([-0.02577014]))","(array([0.12540055]), array([-0.02515764]))","(array([0.12929284]), array([-0.02531837]))","(array([0.12581131]), array([-0.02528117]))","(array([0.12729609]), array([-0.02469957]))","(array([0.13306249]), array([-0.02507777]))","(array([0.13051643]), array([-0.02609689]))"
(0.36144849878915203+0j),[-0.11603823],[1.],[0.54024518],[1.],"(array([0.21472595]), array([0.0689228]))","(array([0.12781777]), array([-0.0262343]))","(array([0.1209226]), array([-0.02645224]))","(array([0.11901371]), array([-0.02572868]))","(array([0.12541492]), array([-0.02511732]))","(array([0.12930763]), array([-0.02527896]))","(array([0.12582523]), array([-0.02524313]))","(array([0.12730976]), array([-0.0246629]))","(array([0.13307815]), array([-0.02504249]))","(array([0.13053225]), array([-0.02606298]))","(array([0.12382511]), array([-0.02620388]))"
(0.3632899924480162+0j),[-0.1118493],[1.],[0.55225422],[1.],"(array([0.21080993]), array([0.06673425]))","(array([0.12093787]), array([-0.02640974]))","(array([0.11902734]), array([-0.02568752]))","(array([0.12542793]), array([-0.02507751]))","(array([0.12932071]), array([-0.02524031]))","(array([0.12583731]), array([-0.02520567]))","(array([0.12732144]), array([-0.02462665]))","(array([0.13309115]), array([-0.02500747]))","(array([0.13054502]), array([-0.02602911]))","(array([0.12383605]), array([-0.02617116]))","(array([0.12196864]), array([-0.02539638]))"
(0.4080503244100385+0j),[-0.11166374],[1.],[0.58943189],[1.],"(array([0.206342]), array([0.07187139]))","(array([0.11904157]), array([-0.02564256]))","(array([0.12544233]), array([-0.02503383]))","(array([0.12933549]), array([-0.02519789]))","(array([0.12585058]), array([-0.02516466]))","(array([0.12733412]), array([-0.02458698]))","(array([0.13310544]), array([-0.02496917]))","(array([0.13055916]), array([-0.02599187]))","(array([0.12384798]), array([-0.02613519]))","(array([0.12197888]), array([-0.02536162]))","(array([0.12778009]), array([-0.02483076]))"
(0.4083820039569067+0j),[-0.1136836],[1.],[0.58459372],[1.],"(array([0.20620275]), array([0.07515134]))","(array([0.12546005]), array([-0.02498679]))","(array([0.12935279]), array([-0.02515198]))","(array([0.12586602]), array([-0.0251202]))","(array([0.1273489]), array([-0.0245438]))","(array([0.13312223]), array([-0.02492723]))","(array([0.13057594]), array([-0.02595119]))","(array([0.12386244]), array([-0.02609603]))","(array([0.12199171]), array([-0.0253238]))","(array([0.12779336]), array([-0.02479409]))","(array([0.13082929]), array([-0.02509955]))"
(0.3666023484940359+0j),[-0.1126095],[1.],[0.55368246],[1.],"(array([0.21087381]), array([0.07240812]))","(array([0.12937182]), array([-0.02510697]))","(array([0.12588238]), array([-0.02507638]))","(array([0.12736374]), array([-0.02450106]))","(array([0.13313826]), array([-0.02488554]))","(array([0.13059199]), array([-0.02591092]))","(array([0.12387635]), array([-0.02605717]))","(array([0.12200426]), array([-0.02528624]))","(array([0.12780675]), array([-0.02475755]))","(array([0.13084358]), array([-0.02506411]))","(array([0.12700917]), array([-0.02528798]))"
(0.3685649084437907+0j),[-0.10879404],[1.],[0.56319058],[1.],"(array([0.21309022]), array([0.07057004]))","(array([0.12589753]), array([-0.02503306]))","(array([0.12737769]), array([-0.02445878]))","(array([0.13315311]), array([-0.02484449]))","(array([0.13060683]), array([-0.02587138]))","(array([0.12388927]), array([-0.02601889]))","(array([0.122016]), array([-0.02524907]))","(array([0.12781918]), array([-0.0247215]))","(array([0.13085674]), array([-0.02502914]))","(array([0.12702136]), array([-0.02525421]))","(array([0.12467774]), array([-0.02467394]))"
(0.4136573691906588+0j),[-0.10852018],[1.],[0.59691418],[1.],"(array([0.2117827]), array([0.07544012]))","(array([0.12739158]), array([-0.0244157]))","(array([0.13316763]), array([-0.02480272]))","(array([0.13062202]), array([-0.02583074]))","(array([0.12390282]), array([-0.02597917]))","(array([0.1220282]), array([-0.02521068]))","(array([0.12783219]), array([-0.02468467]))","(array([0.13087046]), array([-0.02499375]))","(array([0.12703384]), array([-0.02522007]))","(array([0.12468864]), array([-0.02464106]))","(array([0.12992078]), array([-0.02415079]))"
(0.41336141888175953+0j),[-0.11032012],[1.],[0.5910403],[1.],"(array([0.21483137]), array([0.07824321]))","(array([0.13318411]), array([-0.02476002]))","(array([0.13063829]), array([-0.02578928]))","(array([0.12391673]), array([-0.02593897]))","(array([0.12204039]), array([-0.02517187]))","(array([0.12784486]), array([-0.02464725]))","(array([0.13088407]), array([-0.02495762]))","(array([0.12704647]), array([-0.02518525]))","(array([0.12469998]), array([-0.02460753]))","(array([0.12993242]), array([-0.02411834]))","(array([0.13259086]), array([-0.02441077]))"
(0.37071974971797056+0j),[-0.10852235],[1.],[0.56104055],[1.],"(array([0.21869797]), array([0.07444155]))","(array([0.13065749]), array([-0.02574503]))","(array([0.12393254]), array([-0.02589594]))","(array([0.12205363]), array([-0.02513011]))","(array([0.12785819]), array([-0.02460674]))","(array([0.13089824]), array([-0.02491834]))","(array([0.12706014]), array([-0.02514722]))","(array([0.1247127]), array([-0.02457081]))","(array([0.12994604]), array([-0.02408297]))","(array([0.13260536]), array([-0.02437661]))","(array([0.12862319]), array([-0.0244705]))"
